v -0.008362 -0.024666 0.198620
v -0.006803 -0.024858 0.198307
v -0.004538 -0.024904 0.197940
v 0.003651 -0.030073 0.202924
v 0.003942 -0.027491 0.202845
v 0.003867 -0.028779 0.202856
v -0.041071 -0.001210 0.098438
v -0.041057 0.004831 0.096431
v -0.041134 0.004877 0.083660
v -0.041165 -0.002738 0.085488
v -0.041149 -0.007276 0.094248
v -0.041245 -0.007300 0.084592
v -0.041138 -0.007156 0.099264
v -0.041035 -0.007128 0.112302
v -0.040984 0.000394 0.111781
v -0.040900 -0.002327 0.125074
v -0.040998 -0.007131 0.121945
v -0.040848 -0.003541 0.130126
v -0.040882 0.004988 0.126528
v -0.040788 -0.003502 0.139598
v -0.041153 -0.004246 0.073821
v -0.041049 0.004629 0.067491
v -0.041053 -0.006412 0.054727
v -0.041191 -0.007154 0.072723
v -0.040905 0.005236 0.045658
v -0.040967 -0.002211 0.048986
v -0.040952 -0.007231 0.043847
v -0.040882 -0.002001 0.041229
v -0.040746 -0.005480 0.030418
v -0.040564 -0.007352 0.014378
v -0.040608 0.004468 0.023312
v -0.040573 -0.005009 0.020353
v -0.040529 0.007826 0.011614
v -0.040501 -0.004316 0.012298
v -0.040667 -0.003610 0.161216
v -0.040702 0.007767 0.161966
v -0.040739 0.007651 0.154696
v -0.040746 0.004956 0.146756
v -0.040612 0.000124 0.167932
v -0.040536 -0.007145 0.187683
v -0.040514 -0.003325 0.186905
v -0.040602 -0.007171 0.171903
v -0.040627 0.007641 0.171958
v -0.040534 0.006762 0.187199
v -0.040738 -0.007258 0.157002
v -0.040913 -0.007148 0.133261
v -0.040882 0.007696 0.134088
v -0.041009 0.007706 0.114141
v -0.041085 0.007741 0.094542
v -0.041160 0.007766 0.083584
v -0.040872 0.007840 0.037179
v -0.041076 0.007743 0.061578
v -0.040661 0.007870 0.023842
v -0.040588 0.007984 0.015974
v -0.041128 -0.007230 0.065908
v -0.040437 -0.004172 0.190084
v -0.040462 0.007708 0.189815
v -0.040430 -0.007258 0.190657
v -0.040471 -0.007262 0.010842
v -0.040407 0.000252 0.010570
v -0.040719 0.008195 0.033050
v -0.040801 0.007922 0.134265
v -0.040411 0.007794 0.010113
v -0.040260 -0.007467 0.009339
v -0.040147 0.007622 0.192329
v -0.040132 0.000945 0.192476
v -0.040121 -0.007199 0.192624
v -0.040867 -0.007362 0.124511
v -0.040037 0.005299 0.008342
v -0.039960 0.008020 0.007931
v -0.040483 -0.007621 0.014270
v -0.040751 -0.007508 0.037857
v -0.039985 -0.007215 0.008145
v -0.040904 0.007953 0.112322
v -0.040376 0.008284 0.012115
v -0.040874 0.008135 0.058927
v -0.039578 0.006952 0.194306
v -0.039595 -0.007270 0.194443
v -0.040957 0.008078 0.084054
v -0.040897 0.008032 0.070126
v -0.040533 -0.007293 0.172278
v -0.039239 0.007703 0.194766
v -0.040556 0.007825 0.165728
v -0.040991 -0.007434 0.094990
v -0.040920 -0.007453 0.065292
v -0.039083 0.004613 0.195369
v -0.039091 -0.007298 0.195394
v -0.038380 0.007113 0.196331
v -0.040514 -0.007456 0.159776
v 0.000067 0.016083 0.179557
v -0.000769 0.015798 0.175121
v -0.000128 0.015756 0.175378
v 0.000774 0.015914 0.178226
v 0.001040 0.016127 0.180461
v -0.000098 0.015670 0.173416
v -0.001746 0.015674 0.175368
v -0.001442 0.016006 0.172830
v -0.003149 0.016229 0.170024
v -0.002061 0.016241 0.170558
v -0.001396 0.016177 0.169824
v -0.002818 0.016518 0.166987
v -0.003858 0.016408 0.167647
v -0.003641 0.016528 0.163649
v -0.001488 0.016234 0.167594
v -0.002279 0.016283 0.164123
v -0.000597 0.015828 0.170445
v -0.003237 0.016252 0.161636
v -0.004711 0.016180 0.159819
v -0.003651 0.015972 0.159016
v -0.005333 0.016102 0.155857
v -0.003925 0.015739 0.154802
v -0.000590 0.015297 0.158106
v 0.000446 0.015128 0.155256
v -0.001911 0.015656 0.160707
v -0.000329 0.015264 0.161544
v 0.002711 0.014683 0.160860
v 0.000797 0.015085 0.164909
v 0.002258 0.014752 0.157217
v 0.003100 0.014548 0.165801
v 0.000969 0.015011 0.167365
v 0.002037 0.014535 0.152552
v -0.000026 0.015007 0.152447
v -0.001732 0.015306 0.152389
v -0.001350 0.015688 0.162914
v 0.000595 0.015113 0.169069
v 0.001676 0.015674 0.178291
v -0.000528 0.015644 0.166465
v 0.002450 0.015820 0.181506
v 0.001704 0.015999 0.182135
v 0.002393 0.015995 0.183946
v 0.003645 0.015748 0.184098
v -0.005384 0.015665 0.152621
v 0.000970 0.015259 0.174661
v 0.005072 0.013790 0.168368
v 0.004072 0.013833 0.171675
v 0.005012 0.013859 0.165196
v 0.006747 0.013405 0.167993
v 0.005993 0.013728 0.170616
v 0.002377 0.014354 0.172871
v 0.004606 0.013984 0.175745
v 0.003020 0.014449 0.175543
v 0.005354 0.013847 0.175916
v 0.005247 0.014928 0.182777
v 0.006439 0.014263 0.180755
v 0.004012 0.014709 0.178618
v 0.008173 0.013360 0.170728
v 0.003851 0.014070 0.158605
v 0.007524 0.013764 0.173519
v 0.007175 0.012971 0.165724
v 0.008692 0.012859 0.169216
v 0.005476 0.013432 0.162289
v 0.006542 0.014659 0.182976
v 0.001380 0.016345 0.184625
v 0.009783 0.013472 0.173714
v 0.008772 0.013688 0.173919
v 0.009842 0.013848 0.177285
v 0.011132 0.013462 0.177718
v 0.009852 0.014229 0.179552
v 0.006277 0.013929 0.177675
v -0.003073 0.014782 0.148225
v -0.004236 0.015342 0.150099
v 0.004619 0.016047 0.186697
v 0.002411 0.016588 0.186140
v -0.004155 0.015005 0.148444
v 0.011474 0.014124 0.180836
v 0.012118 0.014234 0.182011
v 0.010170 0.014634 0.181684
v 0.008351 0.014024 0.177568
v 0.000656 0.014634 0.151679
v 0.007101 0.015472 0.186851
v 0.007794 0.015743 0.188549
v 0.009368 0.015361 0.188204
v 0.009324 0.015777 0.191344
v 0.010521 0.015422 0.191439
v 0.011376 0.015476 0.193889
v 0.011814 0.015137 0.191923
v 0.011937 0.015039 0.188522
v 0.012932 0.014692 0.188392
v 0.012041 0.014839 0.185533
v 0.009788 0.015007 0.183835
v 0.011487 0.014519 0.182116
v 0.007744 0.015188 0.185396
v 0.012934 0.014740 0.194614
v -0.006027 0.015517 0.150735
v -0.007805 0.015803 0.153275
v 0.012987 0.014052 0.183631
v 0.013745 0.013937 0.185922
v 0.008088 0.014361 0.180264
v -0.007327 0.015016 0.147618
v -0.007979 0.015374 0.149456
v -0.009429 0.015211 0.147296
v -0.012339 0.015805 0.149202
v -0.011798 0.015979 0.151324
v -0.012791 0.016077 0.151330
v -0.009133 0.015570 0.151457
v -0.010680 0.015781 0.153224
v -0.009521 0.015556 0.153645
v -0.012150 0.016273 0.153640
v -0.013943 0.016400 0.152482
v -0.014155 0.016851 0.154554
v -0.013282 0.016715 0.155330
v -0.013991 0.017197 0.157904
v -0.014933 0.017352 0.157366
v -0.010721 0.015638 0.154982
v -0.006536 0.014518 0.145933
v -0.015417 0.017981 0.159585
v -0.014461 0.018163 0.161650
v -0.016184 0.018662 0.162071
v -0.015453 0.018811 0.164297
v -0.009476 0.015346 0.155220
v -0.010372 0.015245 0.147188
v -0.015031 0.016793 0.154121
v -0.012359 0.016345 0.155976
v -0.014081 0.018291 0.164838
v -0.014943 0.018771 0.172293
v -0.016126 0.019144 0.172477
v -0.017017 0.019269 0.163084
v -0.016822 0.019301 0.174205
v -0.015772 0.018663 0.177524
v -0.017486 0.019045 0.178300
v -0.016619 0.018784 0.180100
v -0.017754 0.018948 0.180778
v -0.016202 0.018368 0.184034
v -0.017784 0.019288 0.175894
v -0.019123 0.019197 0.178039
v -0.017251 0.018319 0.185406
v -0.020129 0.019316 0.176463
v -0.015786 0.018125 0.187203
v -0.014558 0.018084 0.186402
v -0.015403 0.018205 0.183499
v -0.013614 0.017802 0.185169
v -0.015286 0.018229 0.181432
v -0.013867 0.018144 0.187395
v -0.012372 0.017102 0.182513
v -0.012487 0.017407 0.183934
v -0.011355 0.017197 0.184094
v -0.013832 0.017549 0.180978
v -0.014612 0.018109 0.177572
v -0.017821 0.019281 0.166950
v -0.017659 0.019273 0.163157
v -0.018702 0.019309 0.167385
v -0.019993 0.019302 0.167503
v -0.014663 0.018189 0.188840
v -0.018352 0.018687 0.183141
v -0.011481 0.017970 0.186260
v -0.006052 0.016082 0.156588
v -0.008061 0.015684 0.155081
v 0.000825 0.015950 0.183124
v -0.007772 0.014336 0.144867
v -0.010749 0.017595 0.185421
v -0.016249 0.017542 0.157927
v -0.015943 0.016872 0.155255
v 0.006994 0.016375 0.189842
v -0.005302 0.016176 0.160650
v -0.000931 0.015771 0.182660
v -0.000616 0.015657 0.181789
v -0.019019 0.018639 0.182856
v -0.009750 0.014498 0.145158
v -0.004883 0.014111 0.145616
v -0.017294 0.018104 0.160140
v -0.017653 0.018692 0.162171
v 0.011466 0.012702 0.173836
v -0.011935 0.015358 0.147667
v 0.010189 0.012899 0.172074
v 0.002856 0.014180 0.153459
v -0.016902 0.017882 0.188425
v 0.005200 0.017426 0.191098
v -0.010720 0.015220 0.156473
v -0.014006 0.015823 0.150633
v 0.009269 0.016326 0.193242
v 0.011606 0.015544 0.194962
v 0.006867 0.017340 0.192283
v -0.001819 0.014084 0.147573
v -0.012984 0.017001 0.180261
v -0.015368 0.016403 0.152859
v -0.018109 0.018070 0.186410
v -0.006058 0.015944 0.160941
v -0.009313 0.016726 0.184346
v -0.015547 0.017975 0.190422
v -0.013162 0.018389 0.188458
v -0.013193 0.018784 0.191677
v -0.012231 0.018229 0.187202
v -0.010055 0.018637 0.188045
v -0.009832 0.019166 0.189626
v -0.006825 0.018872 0.188502
v -0.008507 0.018229 0.187171
v -0.006221 0.019713 0.190812
v -0.007264 0.020389 0.193688
v -0.010076 0.019669 0.191955
v 0.011907 0.015564 0.195943
v -0.004521 0.016364 0.164521
v -0.013511 0.017100 0.158725
v -0.009361 0.020214 0.195005
v -0.003760 0.020659 0.193056
v -0.004691 0.021373 0.196771
v -0.002034 0.020853 0.193229
v -0.001693 0.020134 0.190106
v 0.000068 0.020611 0.192166
v -0.001858 0.021601 0.196464
v 0.000161 0.021378 0.195535
v 0.001842 0.020913 0.194249
v 0.001427 0.020328 0.191943
v 0.000793 0.020336 0.190825
v 0.000186 0.020228 0.189972
v 0.000713 0.020062 0.189776
v 0.000222 0.020305 0.188957
v -0.002191 0.019821 0.188012
v 0.002012 0.021428 0.195933
v -0.001004 0.022040 0.197695
v 0.000627 0.020116 0.189103
v 0.002543 0.014198 0.152168
v 0.001122 0.014073 0.150747
v 0.002231 0.021965 0.197301
v -0.004064 0.019563 0.189086
v -0.007322 0.020967 0.196765
v 0.004919 0.018818 0.193986
v -0.004996 0.022017 0.198704
v -0.003909 0.019448 0.187061
v -0.012760 0.016502 0.158754
v 0.007958 0.018841 0.196103
v 0.006145 0.019663 0.196618
v -0.006784 0.018391 0.187061
v 0.003922 0.017506 0.189927
v 0.012004 0.012941 0.177609
v -0.008091 0.021429 0.198753
v -0.019918 0.018948 0.166799
v -0.004330 0.013159 0.144137
v -0.002170 0.013018 0.145308
v 0.005344 0.013134 0.159957
v 0.003598 0.018365 0.191480
v 0.008280 0.020545 0.199433
v -0.011284 0.019434 0.192076
v -0.010323 0.014490 0.158382
v -0.011096 0.014654 0.158469
v -0.010427 0.013764 0.161676
v -0.011148 0.014232 0.160044
v -0.011001 0.013635 0.163581
v -0.010607 0.013304 0.164851
v -0.009379 0.013793 0.143763
v -0.016852 0.016985 0.156525
v -0.008683 0.016978 0.184844
v 0.008421 0.012286 0.166000
v 0.010359 0.012107 0.170017
v 0.007267 0.012315 0.162580
v -0.007102 0.013148 0.143102
v -0.014844 0.015876 0.151450
v -0.009845 0.014999 0.180981
v -0.010450 0.015517 0.181538
v -0.009179 0.015262 0.181502
v 0.002446 0.022595 0.198562
v -0.000942 0.022675 0.199056
v -0.010498 0.013869 0.178522
v -0.011507 0.014501 0.145773
v 0.004510 0.020372 0.196663
v 0.013954 0.014074 0.189759
v -0.009234 0.020562 0.196979
v -0.000075 0.013123 0.147400
v -0.009522 0.013680 0.178837
v -0.009630 0.013118 0.177154
v -0.007033 0.013622 0.178370
v -0.008179 0.013178 0.177015
v -0.009479 0.012900 0.174769
v -0.010409 0.013048 0.172968
v -0.010722 0.013291 0.175727
v -0.009756 0.012950 0.171283
v -0.010076 0.013155 0.166051
v -0.011008 0.013399 0.168715
v -0.005121 0.013907 0.178734
v -0.009030 0.012993 0.173039
v -0.005900 0.014039 0.179449
v -0.003836 0.014422 0.180093
v -0.008219 0.013938 0.179118
v -0.007551 0.013228 0.176098
v -0.009911 0.013846 0.161766
v -0.009360 0.013167 0.168702
v -0.012986 0.015274 0.148035
v -0.009634 0.014587 0.158432
v -0.008551 0.016216 0.183117
v -0.009065 0.014289 0.179848
v -0.019177 0.018169 0.184965
v -0.002527 0.015040 0.181239
v -0.020309 0.018731 0.179573
v -0.010770 0.019895 0.196132
v -0.011079 0.020009 0.197566
v -0.010869 0.013761 0.143956
v -0.013445 0.017787 0.164036
v 0.003353 0.020139 0.195059
v 0.002308 0.017670 0.188290
v 0.010493 0.016596 0.196056
v -0.020733 0.018827 0.177516
v -0.018061 0.018947 0.162630
v -0.013726 0.017494 0.177320
v -0.013782 0.018014 0.172364
v 0.008629 0.017145 0.194291
v 0.010251 0.017589 0.197290
v -0.007047 0.015781 0.156902
v -0.003653 0.014418 0.179305
v -0.011344 0.013703 0.167300
v -0.005381 0.013900 0.175863
v 0.012515 0.015272 0.197344
v -0.011628 0.016174 0.181282
v -0.001676 0.015314 0.180664
v -0.001950 0.015510 0.177985
v 0.013752 0.012535 0.180052
v 0.008831 0.019514 0.198108
v 0.013870 0.014101 0.193647
v 0.005195 0.021727 0.199092
v 0.002630 0.019780 0.193146
v 0.002339 0.023277 0.199571
v -0.003198 0.022920 0.199791
v -0.007228 0.022157 0.199681
v -0.002744 0.012100 0.143520
v -0.009449 0.013354 0.166011
v 0.009893 0.019480 0.199173
v -0.011212 0.014355 0.178450
v -0.011434 0.014208 0.161531
v -0.011972 0.015766 0.157741
v 0.011574 0.016330 0.197710
v 0.005555 0.012526 0.157865
v -0.004741 0.011950 0.142334
v -0.018937 0.017675 0.187173
v -0.017080 0.017583 0.189866
v -0.016170 0.017602 0.191920
v -0.010598 0.020714 0.199002
v -0.003524 0.015803 0.171743
v -0.016730 0.016396 0.154651
v -0.014570 0.018249 0.192622
v -0.006890 0.013882 0.171686
v 0.008728 0.011477 0.164089
v -0.008324 0.012732 0.142438
v -0.012495 0.014345 0.146042
v -0.013138 0.018799 0.194714
v 0.013058 0.011825 0.176634
v -0.009947 0.021434 0.199745
v -0.020628 0.018977 0.167219
v -0.001479 0.011877 0.144160
v -0.012344 0.019272 0.196613
v -0.012752 0.019589 0.198563
v -0.010785 0.012837 0.142650
v -0.020350 0.018038 0.183604
v 0.002117 0.012415 0.148922
v 0.002124 0.013481 0.150879
v -0.018449 0.018452 0.162374
v 0.005170 0.023112 0.200856
v 0.008136 0.021943 0.201227
v 0.006529 0.022577 0.201210
v 0.007986 0.022078 0.201881
v 0.005168 0.023160 0.201305
v 0.003624 0.024045 0.200970
v 0.008706 0.021586 0.201876
v 0.008943 0.021518 0.201438
v 0.005765 0.022415 0.201700
v -0.014853 0.015218 0.149983
v -0.015678 0.015798 0.151968
v -0.008673 0.014736 0.160396
v -0.005847 0.015793 0.163978
v -0.007582 0.014074 0.166830
v 0.002020 0.024006 0.200318
v -0.002879 0.015165 0.175772
v -0.011373 0.013821 0.175632
v -0.004643 0.015817 0.168774
v -0.017979 0.016942 0.191066
v -0.014809 0.017875 0.194517
v -0.018370 0.018942 0.163203
v -0.018943 0.018825 0.165996
v -0.019799 0.018648 0.166431
v -0.006841 0.011191 0.140971
v -0.004305 0.014524 0.174767
v 0.000868 0.012013 0.146682
v 0.014777 0.013377 0.190998
v -0.004883 0.023237 0.200439
v 0.014087 0.013718 0.195431
v -0.018371 0.017381 0.159553
v 0.014618 0.013258 0.186781
v -0.009100 0.022341 0.200445
v -0.020829 0.018967 0.176202
v -0.012678 0.020300 0.199774
v -0.004240 0.010860 0.141388
v -0.002804 0.019887 0.187054
v -0.012445 0.016220 0.160231
v -0.018082 0.016382 0.156660
v -0.012160 0.016210 0.180190
v -0.012899 0.016631 0.178563
v -0.012020 0.013174 0.143804
v 0.011200 0.017181 0.198853
v -0.014190 0.018256 0.197112
v -0.005535 0.014737 0.170777
v -0.006392 0.015367 0.164492
v -0.008781 0.014267 0.163486
v 0.001374 0.024861 0.200904
v 0.002749 0.024402 0.201254
v 0.001602 0.024767 0.201315
v -0.011867 0.015176 0.159414
v 0.004051 0.023502 0.201477
v -0.019864 0.018077 0.165513
v -0.006741 0.014484 0.167403
v -0.014105 0.014549 0.147812
v -0.021009 0.018220 0.180358
v -0.001130 0.020351 0.187862
v -0.002137 0.009797 0.141655
v -0.016686 0.015779 0.153229
v -0.011543 0.021442 0.200449
v -0.014981 0.018207 0.198705
v -0.003791 0.019917 0.186157
v -0.011924 0.015059 0.178089
v -0.019153 0.016700 0.189823
v -0.016843 0.016524 0.194761
v -0.015636 0.017156 0.195893
v -0.016615 0.016329 0.197162
v -0.014828 0.018974 0.199756
v -0.012987 0.017270 0.164327
v -0.013498 0.020495 0.200444
v -0.012865 0.016419 0.176050
v -0.020746 0.016396 0.187784
v -0.012949 0.016976 0.172676
v -0.021150 0.017204 0.184506
v -0.017910 0.015691 0.194917
v -0.020109 0.015696 0.190594
v -0.011918 0.014547 0.175750
v -0.011923 0.014795 0.162138
v -0.015613 0.019053 0.200420
v 0.001215 0.025201 0.201131
v -0.012481 0.016383 0.165227
v -0.012326 0.015510 0.173869
v 0.004232 0.015552 0.176541
v 0.005492 0.015541 0.178678
v 0.004153 0.015370 0.174296
v 0.006831 0.015181 0.174018
v 0.005526 0.015189 0.171383
v 0.007981 0.015430 0.177467
v 0.006855 0.015785 0.181876
v 0.008388 0.015813 0.181760
v 0.007350 0.014788 0.169978
v 0.009690 0.015364 0.177684
v 0.010046 0.016112 0.184503
v 0.007858 0.016299 0.185086
v 0.009186 0.014765 0.171743
v 0.006979 0.016591 0.186359
v 0.008327 0.016646 0.187983
v 0.011039 0.016369 0.188729
v 0.010646 0.016773 0.191346
v 0.002632 0.015516 0.170067
v 0.004972 0.015270 0.168060
v 0.002979 0.015538 0.173401
v 0.012053 0.015914 0.186067
v 0.012005 0.016514 0.191872
v 0.008571 0.014146 0.167236
v 0.005971 0.016019 0.182383
v 0.006003 0.016491 0.184616
v 0.010918 0.015353 0.180081
v 0.007223 0.017051 0.188856
v 0.008825 0.017125 0.190912
v 0.001638 0.015898 0.165801
v 0.002878 0.015771 0.162434
v 0.001376 0.016002 0.162326
v 0.002211 0.015773 0.156644
v 0.000174 0.016223 0.155538
v -0.001277 0.016400 0.158307
v 0.000419 0.016192 0.163331
v -0.000953 0.016322 0.152959
v -0.003667 0.016750 0.153619
v -0.004449 0.016752 0.152026
v -0.002613 0.016353 0.150518
v 0.002116 0.015651 0.154409
v 0.000501 0.015941 0.152725
v -0.004343 0.016349 0.148747
v 0.004413 0.015385 0.163899
v -0.001602 0.016025 0.149884
v 0.006627 0.014725 0.167202
v 0.003732 0.015379 0.158750
v 0.005312 0.014925 0.161591
v 0.010303 0.014778 0.174596
v 0.000915 0.016128 0.166257
v 0.001382 0.015940 0.168275
v -0.005718 0.016676 0.150311
v 0.004201 0.015903 0.178485
v 0.012555 0.015498 0.184445
v 0.010293 0.017182 0.192685
v 0.012165 0.016936 0.194288
v -0.001125 0.016543 0.160716
v -0.001814 0.016628 0.159172
v -0.002564 0.016690 0.156695
v 0.001103 0.015509 0.151541
v -0.002202 0.015618 0.147817
v 0.013163 0.016051 0.191688
v 0.008778 0.013791 0.166002
v 0.007902 0.013816 0.164204
v 0.010194 0.014300 0.171248
v -0.000491 0.016512 0.162899
v -0.000042 0.016556 0.165294
v 0.011931 0.014904 0.179740
v -0.004906 0.016002 0.147075
v 0.003053 0.015899 0.175642
v 0.013771 0.015407 0.188302
v -0.007571 0.016277 0.148211
v 0.005866 0.016935 0.185691
v 0.004335 0.014726 0.155675
v 0.006667 0.014253 0.162485
v 0.002112 0.015949 0.173102
v -0.004428 0.015218 0.145297
v 0.010656 0.017635 0.194597
v 0.012191 0.017712 0.197231
v 0.007262 0.017670 0.190758
v 0.007865 0.017671 0.191609
v 0.009213 0.017914 0.193315
v 0.011494 0.014478 0.176471
v 0.013619 0.014764 0.183381
v -0.004926 0.017076 0.152419
v 0.009382 0.013575 0.166514
v 0.003586 0.014611 0.153128
v 0.013289 0.016362 0.194505
v -0.006076 0.017032 0.150866
v -0.007318 0.017434 0.150553
v 0.000508 0.016481 0.167289
v 0.004781 0.016520 0.181678
v 0.007778 0.013442 0.162388
v 0.001332 0.014471 0.149028
v -0.003884 0.017142 0.154566
v -0.007553 0.015532 0.145334
v -0.009548 0.016606 0.146727
v -0.009276 0.017142 0.149109
v -0.010626 0.017246 0.148199
v -0.011952 0.017899 0.151655
v -0.009291 0.017232 0.150892
v -0.014017 0.018109 0.151917
v -0.009893 0.016232 0.145140
v -0.014035 0.018535 0.154066
v -0.011735 0.017947 0.153035
v -0.013062 0.018439 0.155442
v -0.014794 0.019223 0.158747
v -0.009466 0.017177 0.151695
v -0.012759 0.018527 0.159337
v -0.016166 0.019242 0.157802
v -0.016478 0.019790 0.161067
v -0.016563 0.020434 0.166046
v -0.014537 0.019562 0.162573
v -0.015479 0.020328 0.168423
v -0.016912 0.020807 0.170382
v -0.016731 0.020788 0.174389
v -0.015219 0.020293 0.172449
v -0.018306 0.020988 0.171521
v -0.018069 0.020944 0.175296
v -0.013785 0.019559 0.166433
v -0.018211 0.020730 0.178441
v -0.017107 0.020561 0.178406
v -0.015832 0.020303 0.177018
v -0.018131 0.020563 0.166643
v -0.018065 0.020282 0.164433
v -0.011876 0.017947 0.156059
v -0.015629 0.018797 0.155286
v -0.017193 0.020083 0.182283
v -0.016446 0.019920 0.181800
v -0.015286 0.019300 0.185210
v -0.016829 0.019540 0.186345
v -0.014588 0.019095 0.187474
v -0.015704 0.019338 0.188022
v -0.014518 0.019363 0.189448
v -0.013315 0.018751 0.186755
v -0.013891 0.018761 0.186119
v -0.012513 0.017970 0.183449
v -0.013208 0.018053 0.182538
v -0.012433 0.017907 0.181589
v -0.013162 0.018132 0.180803
v -0.015465 0.019445 0.190648
v -0.018246 0.020090 0.182886
v -0.012693 0.018999 0.187993
v -0.019107 0.020833 0.176995
v -0.012259 0.018256 0.179529
v -0.012234 0.018437 0.177501
v -0.015599 0.019556 0.181985
v -0.016685 0.019159 0.189297
v -0.011595 0.017150 0.147712
v -0.012946 0.017329 0.148797
v -0.013136 0.019332 0.171738
v -0.013152 0.018907 0.176718
v -0.017783 0.019624 0.160679
v -0.007297 0.014922 0.143786
v -0.014628 0.019767 0.176703
v -0.010199 0.017239 0.153492
v -0.010926 0.017367 0.155628
v -0.012037 0.018012 0.158459
v -0.012771 0.019052 0.166430
v -0.009258 0.016784 0.153767
v -0.019181 0.020783 0.170469
v -0.012116 0.018389 0.176617
v -0.010994 0.017943 0.176722
v -0.011835 0.018205 0.175650
v -0.011087 0.016288 0.145264
v -0.010799 0.018574 0.178335
v -0.009364 0.018625 0.179358
v -0.020288 0.020673 0.174540
v -0.009860 0.015458 0.143422
v -0.019936 0.020212 0.180662
v -0.016653 0.018860 0.156389
v -0.009287 0.016294 0.155553
v -0.015450 0.018058 0.152430
v -0.017656 0.019483 0.186225
v -0.017620 0.018949 0.188745
v -0.008118 0.017336 0.150072
v -0.008797 0.017342 0.150282
v -0.007220 0.018170 0.152264
v -0.006345 0.017992 0.152359
v -0.005829 0.018656 0.154816
v -0.006498 0.018592 0.154504
v -0.005710 0.018844 0.156858
v -0.004269 0.018759 0.157496
v -0.004742 0.019167 0.159069
v -0.003858 0.019184 0.160144
v -0.004112 0.019292 0.162990
v -0.003063 0.019334 0.162655
v -0.002491 0.019440 0.165784
v -0.002007 0.019383 0.165633
v -0.001672 0.019294 0.169927
v -0.001232 0.019326 0.169444
v -0.001749 0.019039 0.172451
v -0.002476 0.018852 0.161654
v -0.000616 0.018838 0.167653
v -0.000745 0.019158 0.169918
v -0.000224 0.019145 0.174464
v -0.000860 0.019166 0.175072
v 0.000414 0.019326 0.178541
v 0.000929 0.019123 0.177921
v 0.001653 0.019347 0.180770
v 0.001261 0.019771 0.182434
v 0.000526 0.019664 0.181528
v 0.000808 0.019932 0.183575
v 0.001790 0.020380 0.186246
v 0.002476 0.020156 0.185736
v 0.001947 0.020697 0.189045
v 0.002691 0.020925 0.191060
v 0.001343 0.020891 0.189940
v 0.004419 0.020271 0.190265
v 0.002450 0.019087 0.181507
v 0.003213 0.019931 0.186130
v 0.002461 0.021296 0.191971
v 0.003742 0.020632 0.190863
v 0.003694 0.021422 0.193439
v 0.000750 0.018761 0.174886
v 0.000151 0.018793 0.172037
v 0.001357 0.020423 0.187171
v 0.000986 0.020582 0.189198
v -0.004893 0.018212 0.154734
v 0.003211 0.019213 0.183682
v -0.000779 0.019101 0.178304
v 0.001652 0.023335 0.196290
v 0.001651 0.018727 0.177912
v -0.005261 0.014102 0.142780
v 0.003581 0.023481 0.197546
v -0.003279 0.014602 0.144844
v -0.001361 0.018835 0.164729
v -0.014064 0.017460 0.149859
v -0.007114 0.014054 0.142193
v 0.007939 0.018757 0.194013
v -0.020337 0.020532 0.177636
v 0.005129 0.019725 0.189714
v 0.005705 0.020775 0.193861
v 0.006013 0.021933 0.196652
v -0.019515 0.020340 0.167414
v -0.008278 0.014190 0.141861
v -0.001414 0.014298 0.145781
v 0.009765 0.018544 0.194983
v 0.002570 0.014372 0.150586
v 0.006915 0.020107 0.193909
v 0.000556 0.020622 0.189047
v 0.014671 0.015068 0.191437
v 0.014676 0.014585 0.186627
v -0.012064 0.018544 0.166441
v -0.009903 0.016468 0.156330
v -0.009533 0.015886 0.158536
v -0.011118 0.015459 0.143620
v -0.020195 0.020530 0.170889
v 0.000435 0.013276 0.145611
v -0.012984 0.016516 0.146753
v 0.007919 0.021525 0.197696
v -0.018009 0.018888 0.157950
v -0.020052 0.019491 0.184034
v 0.014147 0.015846 0.195158
v -0.001449 0.013073 0.143606
v -0.003658 0.013093 0.142157
v 0.001863 0.022057 0.193037
v -0.009832 0.014562 0.142052
v -0.011741 0.018353 0.171271
v 0.001694 0.013504 0.147505
v 0.006140 0.023576 0.199355
v 0.001948 0.024620 0.198419
v -0.001144 0.024035 0.196370
v -0.000741 0.024725 0.197740
v 0.006847 0.013588 0.160142
v -0.019616 0.019828 0.164639
v -0.019169 0.019093 0.160588
v 0.013913 0.016495 0.198020
v 0.014850 0.013715 0.182784
v 0.007346 0.022953 0.199271
v -0.005535 0.012942 0.141053
v -0.010305 0.016275 0.159490
v -0.011241 0.017292 0.160379
v -0.009412 0.015420 0.162591
v -0.009742 0.015497 0.163949
v -0.009247 0.015019 0.169501
v -0.009676 0.015274 0.168598
v -0.010111 0.015853 0.165526
v -0.009666 0.015189 0.174335
v -0.009237 0.014967 0.174727
v -0.009129 0.015371 0.177444
v -0.008580 0.014957 0.176734
v 0.002888 0.024964 0.199338
v 0.004581 0.024480 0.199437
v -0.008372 0.014830 0.179140
v -0.007347 0.012974 0.140687
v -0.011116 0.017487 0.175100
v 0.011111 0.018534 0.197352
v 0.012418 0.018406 0.199271
v 0.008597 0.019764 0.195895
v 0.009960 0.019552 0.196723
v -0.009271 0.013619 0.140943
v 0.012446 0.013706 0.176434
v 0.010899 0.013785 0.171420
v 0.014912 0.012273 0.178471
v 0.008580 0.022828 0.199771
v 0.001044 0.016534 0.170072
v 0.005553 0.013589 0.155319
v 0.013628 0.017067 0.199214
v 0.014056 0.016893 0.198927
v -0.003379 0.018067 0.157602
v -0.003663 0.011980 0.140809
v 0.000432 0.011865 0.143597
v -0.002094 0.011956 0.141749
v -0.010077 0.015605 0.169654
v 0.006082 0.017669 0.187794
v 0.005263 0.019000 0.188023
v 0.006518 0.019076 0.191000
v 0.010046 0.021382 0.199429
v -0.002960 0.017150 0.157032
v 0.007285 0.019845 0.194024
v 0.001616 0.016352 0.172305
v 0.002580 0.025509 0.199793
v 0.000584 0.025840 0.199319
v -0.000602 0.025598 0.198865
v -0.004610 0.025779 0.198837
v -0.002503 0.026075 0.199097
v 0.003846 0.018364 0.183013
v 0.003176 0.017786 0.179757
v 0.002114 0.017995 0.177095
v -0.006374 0.011568 0.139423
v -0.010312 0.017170 0.176414
v -0.009624 0.017307 0.177617
v -0.011499 0.017921 0.165498
v 0.003542 0.016479 0.178282
v 0.001100 0.017898 0.173042
v -0.001821 0.018077 0.161492
v -0.001013 0.017242 0.162556
v 0.010932 0.020567 0.199494
v 0.000636 0.018211 0.171800
v 0.000223 0.018005 0.168908
v -0.004210 0.010923 0.139669
v -0.010060 0.015647 0.173673
v -0.010880 0.017221 0.167666
v 0.003435 0.025429 0.199725
v 0.011576 0.019405 0.199310
v 0.002428 0.016519 0.175236
v -0.000891 0.018162 0.164574
v -0.000371 0.018121 0.166465
v 0.002119 0.017283 0.175497
v -0.010821 0.017111 0.174082
v -0.010267 0.016359 0.175352
v -0.005050 0.009317 0.138229
v -0.006720 0.010709 0.138698
v 0.010127 0.021785 0.199767
v 0.011295 0.020746 0.199627
v 0.008065 0.023248 0.199665
v -0.008872 0.015614 0.178999
v -0.008540 0.015235 0.180182
v -0.009382 0.016144 0.177501
v -0.008829 0.023219 0.195527
v -0.008735 0.022036 0.192508
v -0.011400 0.022081 0.194951
v -0.010062 0.021379 0.192141
v -0.012590 0.020831 0.192889
v -0.013548 0.022347 0.197429
v -0.013833 0.020966 0.194250
v -0.010638 0.023435 0.197301
v -0.007297 0.024613 0.197561
v -0.010658 0.019511 0.188303
v -0.012666 0.019584 0.189931
v -0.014955 0.019938 0.192308
v -0.013854 0.019882 0.191289
v -0.006926 0.023289 0.194603
v -0.006868 0.022232 0.191817
v -0.008582 0.021142 0.189820
v -0.006485 0.021984 0.190681
v -0.015185 0.020520 0.194826
v -0.014388 0.022058 0.197621
v -0.011358 0.018795 0.186637
v -0.010051 0.019500 0.187328
v -0.010900 0.018756 0.185622
v -0.016140 0.019418 0.192591
v -0.011819 0.018232 0.184311
v -0.003674 0.023215 0.193967
v -0.003014 0.022672 0.191878
v -0.004671 0.024850 0.197608
v -0.007355 0.021462 0.189067
v -0.005030 0.022131 0.189822
v -0.008487 0.020675 0.187511
v -0.016524 0.019124 0.190995
v -0.004015 0.024024 0.195937
v -0.011673 0.018135 0.182892
v -0.003159 0.022317 0.188738
v -0.013285 0.023520 0.198960
v -0.014384 0.023002 0.198951
v -0.009882 0.024089 0.197899
v -0.012015 0.023987 0.198731
v -0.001465 0.023261 0.194218
v -0.001401 0.022721 0.191828
v -0.006256 0.021786 0.186620
v -0.003363 0.022058 0.187482
v -0.006373 0.021501 0.185520
v -0.007747 0.021098 0.184604
v -0.007154 0.021498 0.186652
v -0.008279 0.020927 0.185368
v -0.009225 0.020322 0.183146
v -0.010733 0.018844 0.184789
v -0.006907 0.021047 0.184517
v -0.008329 0.020424 0.182897
v -0.009964 0.019625 0.181191
v -0.009029 0.019901 0.181683
v -0.009828 0.019376 0.180266
v -0.011728 0.018486 0.178710
v -0.011048 0.018991 0.180885
v -0.018020 0.018245 0.191435
v -0.017290 0.018751 0.193478
v -0.016832 0.019391 0.195007
v -0.015530 0.021148 0.197279
v -0.009298 0.020265 0.184455
v -0.010561 0.019324 0.182421
v -0.001224 0.022216 0.189291
v -0.018774 0.018130 0.189892
v -0.008230 0.025293 0.198749
v -0.016744 0.020117 0.197295
v -0.015998 0.021591 0.198763
v -0.019657 0.016900 0.193548
v -0.019725 0.016896 0.195524
v -0.020059 0.016994 0.190922
v -0.019423 0.017528 0.197584
v -0.021244 0.015423 0.194616
v -0.019797 0.018146 0.188225
v -0.017529 0.020317 0.199096
v -0.021297 0.016040 0.191041
v -0.018294 0.019273 0.198795
v -0.020101 0.017525 0.198796
v -0.019019 0.019059 0.186486
v -0.021572 0.015271 0.197425
v -0.021849 0.015755 0.198815
v -0.021552 0.017989 0.185988
v -0.021559 0.019248 0.181980
v -0.020959 0.019860 0.180562
v -0.021643 0.019971 0.176884
v -0.021591 0.019982 0.173732
v -0.021574 0.019707 0.170865
v -0.020790 0.019756 0.167879
v -0.020276 0.019152 0.163506
v -0.022424 0.019352 0.177445
v 0.000302 0.022572 0.192772
v -0.020226 0.018283 0.160507
v 0.000394 0.023098 0.194822
v -0.019223 0.018193 0.157944
v -0.017600 0.017991 0.154696
v -0.015947 0.017417 0.151341
v -0.014802 0.016741 0.148838
v -0.018136 0.016938 0.153286
v -0.016610 0.016667 0.150724
v -0.014359 0.015775 0.146798
v -0.015432 0.015910 0.148197
v -0.012753 0.015386 0.144520
v -0.021495 0.018817 0.166405
v -0.022539 0.019068 0.172776
v -0.022537 0.018535 0.181491
v -0.022396 0.017627 0.185130
v -0.011296 0.014348 0.142163
v -0.021129 0.018093 0.162945
v -0.022405 0.015132 0.191013
v -0.022723 0.014265 0.192770
v -0.022445 0.014155 0.195055
v -0.019421 0.016980 0.155861
v -0.010264 0.024767 0.198773
v -0.022296 0.018294 0.168248
v -0.023088 0.018542 0.176442
v -0.023025 0.016634 0.185778
v -0.023468 0.013807 0.191066
v -0.023181 0.017685 0.181489
v -0.023343 0.012811 0.196810
v -0.023641 0.012472 0.194071
v -0.023452 0.012889 0.198049
v -0.023140 0.018121 0.172703
v -0.023088 0.013951 0.198735
v -0.023898 0.012765 0.198693
v -0.023706 0.015304 0.186496
v -0.023648 0.017194 0.179409
v -0.024708 -0.009133 0.171549
v -0.023957 -0.011623 0.170702
v -0.024409 -0.009200 0.169722
v -0.024405 -0.010648 0.172890
v -0.023828 -0.013111 0.172825
v -0.023468 -0.013657 0.171374
v -0.023821 -0.014232 0.176656
v -0.023399 -0.014629 0.174188
v -0.023416 -0.015609 0.176794
v -0.024349 -0.012198 0.178594
v -0.024686 -0.010521 0.177670
v -0.024867 -0.009106 0.175493
v -0.024888 -0.008432 0.173190
v -0.025219 -0.009184 0.180164
v -0.024267 -0.012670 0.180629
v -0.023431 -0.015883 0.178777
v -0.025383 -0.010199 0.184422
v -0.024065 -0.013097 0.182692
v -0.024654 -0.011791 0.183429
v -0.024822 -0.011352 0.186250
v -0.025569 -0.008721 0.181313
v -0.025635 -0.008971 0.182831
v -0.023397 -0.012138 0.168986
v -0.025860 -0.009454 0.185405
v -0.023227 -0.010113 0.166523
v -0.022441 -0.011750 0.165404
v -0.024013 -0.009086 0.168285
v -0.022872 -0.013099 0.168692
v -0.022112 -0.010376 0.163170
v -0.021896 -0.011864 0.163737
v -0.021551 -0.011395 0.161019
v -0.021570 -0.010610 0.160241
v -0.021103 -0.010657 0.158343
v -0.021128 -0.011860 0.160131
v -0.021990 -0.009102 0.162322
v -0.024314 -0.008082 0.169082
v -0.021176 -0.009423 0.158454
v -0.024562 -0.008142 0.170748
v -0.025321 -0.008550 0.176850
v -0.020600 -0.011143 0.157501
v -0.020192 -0.010135 0.155786
v -0.020024 -0.009391 0.154993
v -0.022893 -0.008316 0.165310
v -0.023994 -0.008033 0.168123
v -0.024685 -0.007751 0.171724
v -0.025128 -0.007982 0.173411
v -0.024751 -0.007205 0.171560
v -0.025488 -0.008096 0.174911
v -0.023479 -0.014416 0.183299
v -0.024004 -0.012885 0.184132
v -0.026181 -0.009046 0.186827
v -0.021417 -0.012957 0.164704
v -0.019114 -0.010401 0.153906
v -0.019871 -0.010895 0.155866
v -0.019338 -0.009332 0.153131
v -0.018513 -0.009911 0.151737
v -0.018764 -0.009156 0.151445
v -0.018142 -0.009165 0.149553
v -0.018642 -0.007961 0.150462
v -0.018060 -0.008087 0.148644
v -0.019265 -0.007693 0.152959
v -0.020057 -0.008538 0.155110
v -0.017272 -0.008763 0.147204
v -0.017316 -0.009553 0.148093
v -0.016651 -0.007374 0.145715
v -0.016327 -0.008475 0.145519
v -0.017106 -0.006838 0.146638
v -0.021692 -0.007904 0.161717
v -0.018252 -0.006670 0.149617
v -0.018699 -0.006788 0.151159
v -0.016215 -0.009369 0.145894
v -0.024211 -0.006518 0.170422
v -0.023971 -0.007040 0.169994
v -0.022297 -0.013088 0.167229
v -0.020407 -0.011929 0.158331
v -0.021002 -0.007793 0.158924
v -0.020004 -0.007247 0.155801
v -0.023682 -0.006406 0.169561
v -0.022908 -0.016526 0.177743
v -0.022430 -0.007309 0.164460
v -0.023258 -0.007371 0.166671
v -0.022680 -0.016247 0.182476
v -0.022914 -0.016555 0.179841
v -0.026426 -0.008644 0.185057
v -0.023217 -0.013868 0.185417
v -0.023948 -0.012419 0.186487
v -0.023210 -0.006301 0.168254
v -0.023431 -0.005856 0.168240
v -0.022621 -0.005887 0.166853
v -0.022805 -0.005391 0.166478
v -0.019046 -0.006206 0.153883
v -0.024625 -0.010937 0.188314
v -0.021152 -0.006427 0.161211
v -0.021914 -0.006651 0.163525
v -0.025813 -0.008958 0.188354
v -0.027277 -0.007404 0.186538
v -0.027331 -0.007702 0.185163
v -0.014365 -0.008095 0.143389
v -0.014459 -0.006714 0.143117
v -0.013411 -0.006852 0.141647
v -0.012682 -0.007459 0.140953
v -0.014263 -0.005241 0.142730
v -0.013268 -0.004644 0.140840
v -0.013942 -0.002966 0.141449
v -0.013151 -0.002522 0.139964
v -0.014650 -0.002287 0.143218
v -0.014626 -0.000851 0.142098
v -0.015211 -0.001283 0.146132
v -0.014288 0.000199 0.140803
v -0.014628 0.001164 0.141271
v -0.015171 0.001021 0.142939
v -0.015210 0.003013 0.142409
v -0.014964 -0.002761 0.144421
v -0.014734 -0.004109 0.143531
v -0.015425 -0.002574 0.146253
v -0.015246 -0.000153 0.144599
v -0.015664 -0.000124 0.146858
v -0.016027 0.003617 0.144076
v -0.015888 0.002446 0.144121
v -0.014783 0.003973 0.141709
v -0.015393 -0.001562 0.149085
v -0.015464 -0.002118 0.148802
v -0.015951 -0.001962 0.151521
v -0.015998 -0.002727 0.151115
v -0.016515 -0.002968 0.152668
v -0.016523 -0.002122 0.152873
v -0.017134 -0.002978 0.154139
v -0.016333 -0.004462 0.147605
v -0.015757 -0.004785 0.145387
v -0.015399 -0.005574 0.144428
v -0.016068 0.004795 0.144171
v -0.016395 -0.005516 0.146396
v -0.015474 -0.000950 0.148718
v -0.015283 0.005960 0.143197
v -0.015717 0.001275 0.144468
v -0.015837 0.000786 0.145489
v -0.014230 0.004960 0.141114
v -0.016387 0.005869 0.144937
v -0.020488 -0.006033 0.159363
v -0.017835 -0.005582 0.149716
v -0.013647 0.002725 0.139899
v -0.017080 -0.003535 0.153480
v -0.017848 -0.004073 0.155247
v -0.018171 -0.003432 0.156036
v -0.018983 -0.004058 0.158100
v -0.018484 -0.004626 0.156462
v -0.019577 -0.004759 0.159330
v -0.019916 -0.004396 0.160278
v -0.020255 -0.005044 0.160844
v -0.020718 -0.004617 0.162662
v -0.020803 -0.005207 0.162681
v -0.021394 -0.004611 0.163985
v -0.021358 -0.005399 0.164164
v -0.022020 -0.005397 0.165522
v -0.022073 -0.005865 0.165551
v -0.019654 -0.006142 0.156272
v -0.015477 0.007301 0.144199
v -0.013609 0.007271 0.141205
v -0.016430 0.007214 0.145867
v -0.013775 0.009912 0.142745
v -0.015115 0.008832 0.144573
v -0.014049 0.011981 0.144959
v -0.015532 0.010012 0.146719
v -0.014969 0.012123 0.146884
v -0.015581 0.011162 0.147679
v -0.016521 0.010531 0.150468
v -0.016351 0.013620 0.150675
v -0.016720 0.012458 0.151358
v -0.016833 0.010316 0.151855
v -0.017002 0.011843 0.152254
v -0.017398 0.014048 0.153038
v -0.018155 0.014090 0.154888
v -0.017617 0.014958 0.153966
v -0.018670 0.015250 0.156748
v -0.018650 0.013970 0.157060
v -0.019116 0.015170 0.159079
v -0.019182 0.016033 0.159709
v -0.019613 0.015247 0.161576
v -0.019871 0.016014 0.162342
v -0.020471 0.014836 0.164796
v -0.020915 0.015762 0.166451
v -0.020514 0.016971 0.165390
v -0.019847 0.016748 0.162537
v -0.021021 0.016981 0.167087
v -0.021582 0.016345 0.169538
v -0.019299 0.016854 0.160802
v -0.018139 0.013149 0.155195
v -0.021061 0.013913 0.168080
v -0.021688 0.014458 0.170290
v -0.022425 0.014797 0.173859
v -0.022165 0.014464 0.172619
v -0.021681 0.016946 0.170534
v -0.022238 0.016470 0.173542
v -0.022754 0.014544 0.177454
v -0.016993 0.010684 0.153010
v -0.017132 0.009853 0.154964
v -0.017237 0.009415 0.156251
v -0.022251 0.013457 0.173904
v -0.022753 0.012927 0.178238
v -0.023035 0.013389 0.180783
v -0.022810 0.014947 0.179323
v -0.022852 0.012690 0.179524
v -0.022198 0.016956 0.175813
v -0.015719 0.013600 0.149212
v -0.016543 0.014376 0.151504
v -0.021119 0.018089 0.169657
v -0.021021 0.018375 0.167430
v -0.022880 0.014534 0.182219
v -0.020552 0.017903 0.166478
v -0.021109 0.018508 0.172951
v -0.022940 0.013048 0.185351
v -0.017250 0.010635 0.154779
v -0.022918 0.012342 0.184583
v -0.022970 0.011447 0.186113
v -0.022891 0.012707 0.187875
v -0.023127 0.011016 0.188065
v -0.023170 0.010305 0.186607
v -0.022612 0.010269 0.184058
v -0.022610 0.011090 0.184131
v -0.022186 0.010235 0.181939
v -0.021912 0.010631 0.181152
v -0.021760 0.009978 0.179966
v -0.023380 0.009864 0.189159
v -0.021202 0.010690 0.178696
v -0.020745 0.010408 0.176728
v -0.020714 0.010980 0.177201
v -0.019813 0.010914 0.173992
v -0.020148 0.011631 0.174817
v -0.019456 0.011737 0.172494
v -0.020059 0.010292 0.174159
v -0.019368 0.010269 0.172299
v -0.018783 0.011067 0.170834
v -0.018700 0.010325 0.170329
v -0.018278 0.010633 0.168899
v -0.017152 0.009812 0.158846
v -0.017130 0.010483 0.158440
v -0.017149 0.010351 0.161854
v -0.017266 0.009725 0.161477
v -0.017630 0.010167 0.165354
v -0.017739 0.010852 0.165665
v -0.018235 0.011148 0.168224
v -0.018736 0.016933 0.159366
v -0.022758 0.013655 0.186690
v -0.018028 0.015737 0.155613
v -0.018082 0.016382 0.156660
v -0.020682 0.011813 0.176531
v -0.021669 0.017636 0.172597
v -0.018469 0.009649 0.167925
v -0.016856 0.009902 0.150971
v -0.022291 0.016544 0.180470
v -0.017249 0.011065 0.161469
v -0.020360 0.013416 0.165683
v -0.019807 0.013795 0.163544
v -0.016927 0.009369 0.149928
v -0.021487 0.013233 0.171149
v -0.022714 0.011683 0.183888
v -0.016326 0.008861 0.147523
v -0.019305 0.014175 0.161447
v -0.018763 0.013752 0.159106
v -0.019679 0.017485 0.163183
v -0.021881 0.011183 0.180556
v -0.017278 0.009313 0.151651
v -0.022590 0.011364 0.190928
v -0.017821 -0.004531 0.152063
v -0.022336 0.015671 0.183927
v -0.017846 0.009405 0.164307
v -0.021219 0.011833 0.177841
v -0.017648 0.011460 0.155323
v -0.022692 0.012008 0.181264
v -0.016345 -0.003541 0.149262
v -0.018714 -0.005501 0.154074
v -0.024107 0.008260 0.187486
v -0.023195 0.009805 0.185518
v -0.023703 0.008347 0.190843
v -0.017555 0.004554 0.146136
v -0.017955 0.005396 0.147070
v -0.018742 0.002968 0.147873
v -0.019021 0.004784 0.148880
v -0.020071 0.002823 0.150223
v -0.019957 0.004854 0.150733
v -0.018473 0.007066 0.149776
v -0.019203 0.007138 0.151775
v -0.021080 0.002946 0.151854
v -0.021534 0.004411 0.153580
v -0.023233 0.003100 0.155931
v -0.021856 0.002307 0.153134
v -0.023719 0.002398 0.156738
v -0.023029 0.004980 0.156795
v -0.021682 0.004859 0.154237
v -0.023661 0.001305 0.156478
v -0.024783 0.002768 0.159492
v -0.024987 0.001203 0.159622
v -0.025883 0.002947 0.163151
v -0.027406 0.001221 0.166776
v -0.026836 -0.000116 0.164843
v -0.027874 -0.000177 0.168057
v -0.028868 0.000150 0.171989
v -0.028235 0.002705 0.171368
v -0.027267 0.003117 0.167539
v -0.028693 0.002184 0.173072
v -0.029566 -0.000136 0.177696
v -0.029344 -0.002111 0.175259
v -0.029644 -0.002266 0.177832
v -0.028764 -0.002218 0.171995
v -0.027881 -0.002168 0.168526
v -0.025043 0.000219 0.159816
v -0.024237 0.000212 0.157948
v -0.029361 0.001200 0.178321
v -0.024344 0.004931 0.159718
v -0.024961 0.005611 0.162321
v -0.029646 -0.000064 0.179754
v -0.025932 0.004866 0.165332
v -0.025912 -0.001029 0.162396
v -0.029700 -0.002191 0.180581
v -0.028483 0.003227 0.173840
v -0.029274 -0.004020 0.176476
v -0.027098 0.004990 0.169639
v -0.025118 -0.000848 0.160433
v -0.026654 -0.002293 0.165280
v -0.026776 0.004907 0.168106
v -0.029269 0.001492 0.182157
v -0.029471 0.000112 0.183134
v -0.022498 0.001398 0.154338
v -0.028721 -0.004537 0.174060
v -0.028031 -0.003759 0.170642
v -0.029417 -0.004485 0.179791
v -0.029517 -0.002184 0.183044
v -0.028810 0.002924 0.179188
v -0.023124 0.000147 0.155726
v -0.025441 0.006444 0.166163
v -0.023675 0.007495 0.161063
v -0.029347 -0.004543 0.181577
v -0.020874 0.001479 0.151646
v -0.027535 0.005188 0.173320
v -0.025570 -0.002140 0.162239
v -0.024218 0.007523 0.163025
v -0.028784 -0.005596 0.176045
v -0.023050 0.006934 0.158844
v -0.028116 0.004251 0.175406
v -0.017948 0.003149 0.146717
v -0.027490 -0.003964 0.168932
v -0.028741 0.002781 0.182851
v -0.024359 -0.000940 0.158928
v -0.016785 0.002556 0.145444
v -0.020942 0.013265 0.168655
v -0.016006 -0.000861 0.150293
v -0.019573 0.001553 0.149890
v -0.028264 -0.005789 0.173936
v -0.013498 0.000311 0.139775
v -0.019146 -0.004982 0.157769
v -0.014847 0.013831 0.147979
v -0.020628 0.018977 0.167219
v -0.028287 0.002862 0.185260
v -0.027553 -0.006119 0.172050
v -0.028179 0.004176 0.179242
v -0.014105 0.014549 0.147812
v -0.017616 0.009137 0.161051
v -0.012782 0.004871 0.139387
v -0.028709 -0.006321 0.178368
v -0.018695 0.001429 0.148515
v -0.026306 0.006325 0.169860
v -0.022338 0.014199 0.187984
v -0.017752 0.011681 0.163512
v -0.019864 0.018077 0.165513
v -0.013182 0.011220 0.142929
v -0.028128 0.003905 0.183137
v -0.017943 0.002135 0.147033
v -0.028922 -0.004417 0.184290
v -0.021633 0.017965 0.175831
v -0.024959 0.007580 0.167402
v -0.023473 0.007089 0.194427
v -0.015664 0.014811 0.150423
v -0.018873 0.011802 0.169247
v -0.024864 0.006282 0.189208
v -0.028942 0.000164 0.185101
v -0.021152 0.006283 0.155195
v -0.022628 0.007650 0.159072
v -0.012886 0.002946 0.139111
v -0.027550 0.005257 0.177514
v -0.016686 0.015779 0.153229
v -0.018432 0.013095 0.159280
v -0.026032 -0.003356 0.164816
v -0.024477 0.005002 0.193601
v -0.022998 0.009559 0.183630
v -0.024219 0.008131 0.185398
v -0.024843 0.007036 0.187007
v -0.018215 -0.004790 0.154747
v -0.028715 -0.002419 0.185821
v -0.022443 0.009332 0.180322
v -0.020324 -0.003911 0.160812
v -0.021729 0.000019 0.153908
v -0.019081 -0.003241 0.157612
v -0.018124 -0.002752 0.155545
v -0.017199 -0.002138 0.153776
v -0.022190 0.012344 0.191038
v -0.013091 0.012417 0.143929
v -0.028598 -0.006602 0.181915
v -0.028123 -0.006843 0.175489
v -0.023139 0.008653 0.162062
v -0.028591 -0.005675 0.184333
v -0.023729 0.004766 0.196836
v -0.023385 0.005307 0.198006
v -0.023886 0.003329 0.197642
v -0.023755 0.003353 0.198810
v -0.023228 0.006003 0.198883
v -0.023805 0.004041 0.199536
v -0.024320 0.000272 0.199697
v -0.024167 0.000262 0.198944
v -0.023459 0.006299 0.199735
v -0.024046 -0.002054 0.199325
v -0.022597 0.007853 0.198805
v -0.024449 -0.002846 0.200275
v -0.022746 0.007491 0.197236
v -0.022619 0.008550 0.199681
v -0.024106 -0.002062 0.198450
v -0.024240 0.001602 0.197708
v -0.021155 0.010901 0.198681
v -0.024409 -0.000237 0.197684
v -0.021477 0.011039 0.199755
v -0.023798 -0.003948 0.199548
v -0.023882 -0.004074 0.197865
v -0.024457 0.001644 0.200120
v -0.024229 0.005401 0.200399
v -0.024878 -0.000137 0.200447
v -0.021916 0.009356 0.197346
v -0.023948 -0.005902 0.200420
v -0.020538 0.011836 0.197212
v -0.023313 0.008439 0.200416
v -0.020229 0.012398 0.198639
v -0.019800 0.013841 0.199852
v -0.021919 0.010359 0.194794
v -0.021289 0.010903 0.196198
v -0.025494 0.001280 0.193901
v -0.025350 0.003111 0.192872
v -0.026106 0.000654 0.191880
v -0.025491 -0.000280 0.194519
v -0.026207 -0.002102 0.191809
v -0.025640 -0.002069 0.193889
v -0.024629 -0.001813 0.196857
v -0.025115 0.005080 0.190776
v -0.026554 0.002024 0.189838
v -0.026681 -0.000213 0.190402
v -0.026087 0.003625 0.189711
v -0.028133 0.001234 0.186808
v -0.023035 -0.006495 0.198822
v -0.023239 -0.006462 0.199672
v -0.025439 -0.004635 0.193195
v -0.023117 -0.006770 0.197494
v -0.021795 0.017236 0.181307
v -0.021992 -0.009489 0.199695
v -0.020829 0.018967 0.176202
v -0.026388 0.006849 0.173292
v -0.021635 -0.009876 0.198956
v -0.028258 -0.000002 0.186904
v -0.019111 0.013942 0.196997
v -0.019000 0.014225 0.198714
v -0.028010 -0.004411 0.187120
v -0.025766 0.005118 0.188437
v -0.026926 -0.002041 0.189972
v -0.027526 0.004210 0.185339
v -0.021704 0.016008 0.186151
v -0.021014 0.012087 0.194644
v -0.027394 0.005222 0.180343
v -0.026365 -0.004513 0.190680
v -0.023715 0.008911 0.166004
v -0.025968 -0.004398 0.166168
v -0.021785 0.011894 0.178831
v -0.019888 -0.003496 0.159077
v -0.028319 -0.007036 0.177788
v -0.027302 0.004870 0.184319
v -0.027450 0.003178 0.187022
v -0.022088 0.011103 0.200427
v -0.020398 0.013815 0.200451
v -0.012720 0.009829 0.141517
v -0.018422 0.015558 0.199833
v -0.019568 0.009557 0.171077
v -0.013272 0.013567 0.145620
v -0.022861 -0.008716 0.200338
v -0.022144 -0.008880 0.198128
v -0.028113 -0.006975 0.184111
v -0.017929 0.012247 0.158765
v -0.017670 0.011934 0.161241
v -0.021716 0.014825 0.188722
v -0.024369 0.008524 0.169451
v -0.019062 0.018274 0.163384
v -0.024339 -0.002017 0.159994
v -0.020733 0.018827 0.177516
v -0.021009 0.018220 0.180358
v -0.018851 0.012990 0.162529
v -0.019472 0.007553 0.153726
v -0.020560 0.007563 0.156335
v -0.019192 0.014390 0.195269
v -0.027422 -0.005353 0.188065
v -0.027013 -0.006888 0.187942
v -0.022975 -0.001246 0.156660
v -0.018371 0.017381 0.159553
v -0.026984 -0.004767 0.168708
v -0.022729 -0.008968 0.195400
v -0.026072 0.007049 0.177048
v -0.025708 0.007611 0.174105
v -0.025808 0.006034 0.186051
v -0.021150 0.017204 0.184506
v -0.025897 -0.005299 0.191328
v -0.011809 -0.004732 0.139255
v -0.024178 0.008197 0.182823
v -0.018117 0.011558 0.165612
v -0.018571 0.012442 0.163703
v -0.021684 0.009632 0.177922
v -0.020906 0.009635 0.174450
v -0.025652 0.006559 0.184407
v -0.024419 -0.004476 0.195921
v -0.024066 -0.007022 0.194387
v -0.028102 -0.007545 0.181551
v -0.023470 0.008885 0.182061
v -0.017029 0.016364 0.198673
v -0.017987 0.015102 0.197223
v -0.016943 0.017126 0.199797
v -0.020407 0.014620 0.192089
v -0.021886 0.008640 0.159523
v -0.025009 -0.003433 0.162618
v -0.019955 0.013007 0.165223
v -0.019799 0.018648 0.166431
v -0.027607 -0.007098 0.174368
v -0.025136 -0.007195 0.191513
v -0.024589 -0.009053 0.190745
v -0.020119 0.000673 0.151167
v -0.018449 0.018452 0.162374
v -0.018370 0.018942 0.163203
v -0.018943 0.018825 0.165996
v -0.022196 0.012833 0.175635
v -0.018321 0.016469 0.200445
v -0.016730 0.016396 0.154651
v -0.019498 0.012117 0.171038
v -0.016615 0.016329 0.197162
v -0.014981 0.018207 0.198705
v -0.020746 0.016396 0.187784
v -0.020109 0.015696 0.190594
v -0.014828 0.018974 0.199756
v -0.017910 0.015691 0.194917
v -0.016402 -0.001161 0.151351
v -0.019918 0.018948 0.166799
v -0.014853 0.015218 0.149983
v -0.015678 0.015798 0.151968
v -0.015613 0.019053 0.200420
v -0.019085 0.000776 0.149995
v -0.021795 0.012896 0.173741
v -0.018619 0.011994 0.166219
v -0.020234 0.012692 0.168442
v -0.020626 0.012183 0.174822
v -0.020523 0.012421 0.172994
v -0.019812 0.012052 0.172664
v -0.021159 0.012746 0.171812
v -0.022228 0.012578 0.177605
v -0.040555 -0.007547 0.134079
v -0.040626 -0.007485 0.120761
v -0.039263 -0.007497 0.121617
v -0.039171 -0.007492 0.144345
v -0.039362 -0.007587 0.111563
v -0.040055 -0.007506 0.145816
v -0.039852 -0.007543 0.161459
v -0.040514 -0.007456 0.159776
v -0.038769 -0.007450 0.160207
v -0.040569 -0.007592 0.095561
v -0.039818 -0.007599 0.091569
v -0.040542 -0.007654 0.084810
v -0.039989 -0.007602 0.075714
v -0.039975 -0.007598 0.061328
v -0.040460 -0.007629 0.062694
v -0.040434 -0.007650 0.034758
v -0.040016 -0.007634 0.040469
v -0.039949 -0.007705 0.025765
v -0.038853 -0.007350 0.171026
v -0.040118 -0.007385 0.169948
v -0.040119 -0.007415 0.185812
v -0.038826 -0.007407 0.188849
v -0.039595 -0.007270 0.194443
v -0.038516 -0.007307 0.191499
v -0.039091 -0.007298 0.195394
v -0.037744 -0.007288 0.193845
v -0.035714 -0.007318 0.196977
v -0.036387 -0.007266 0.194022
v -0.038771 -0.007422 0.140808
v -0.038838 -0.007374 0.121097
v -0.040430 -0.007258 0.190657
v -0.035738 -0.007349 0.194278
v -0.040483 -0.007621 0.014270
v -0.040533 -0.007293 0.172278
v -0.039242 -0.007504 0.097745
v -0.039458 -0.007475 0.087081
v -0.039897 -0.007800 0.010285
v -0.039146 -0.007542 0.012774
v -0.039280 -0.007770 0.007991
v -0.039017 -0.007637 0.009497
v -0.037676 -0.007147 0.196791
v -0.039245 -0.007418 0.028382
v -0.039501 -0.007467 0.038347
v -0.039555 -0.007428 0.056462
v -0.038563 -0.007203 0.175488
v -0.038522 -0.007329 0.154653
v -0.039262 -0.007230 0.074595
v -0.040991 -0.007434 0.094990
v -0.040999 -0.007508 0.082943
v -0.040920 -0.007453 0.065292
v -0.040867 -0.007362 0.124511
v -0.040751 -0.007508 0.037857
v -0.035252 -0.007548 0.196590
v -0.037584 -0.007058 0.193310
v -0.040121 -0.007199 0.192624
v -0.039217 -0.007185 0.042354
v -0.035398 -0.007577 0.194598
v -0.039188 -0.007220 0.085319
v -0.040738 -0.007258 0.157002
v -0.041245 -0.007300 0.084592
v -0.038180 -0.007067 0.191628
v -0.035149 -0.007158 0.194130
v -0.040589 0.008114 0.104625
v -0.040035 0.008125 0.109445
v -0.040018 0.008207 0.083508
v -0.040552 0.008032 0.123038
v -0.040525 0.008179 0.070060
v -0.040047 0.008252 0.060818
v -0.040546 0.008256 0.058896
v -0.040957 0.008078 0.084054
v -0.040510 0.008248 0.042601
v -0.039960 0.008295 0.039614
v -0.040421 0.008346 0.037327
v -0.039388 0.008056 0.111151
v -0.039352 0.008037 0.135686
v -0.040058 0.008081 0.135444
v -0.040602 0.007993 0.141243
v -0.039344 0.007920 0.157066
v -0.040145 0.007920 0.161838
v -0.038993 0.007798 0.169667
v -0.040235 0.007823 0.171917
v -0.038988 0.007786 0.188271
v -0.039919 0.007750 0.191514
v -0.039239 0.007703 0.194766
v -0.040105 0.008395 0.027425
v -0.038654 0.007846 0.156885
v -0.040462 0.007708 0.189815
v -0.040556 0.007825 0.165728
v -0.038551 0.007686 0.190105
v -0.037491 0.007730 0.194010
v -0.037854 0.007710 0.196394
v -0.035452 0.007876 0.194386
v -0.035305 0.007782 0.196568
v -0.039477 0.008093 0.084495
v -0.039509 0.008040 0.070181
v -0.039231 0.008156 0.035427
v -0.039426 0.008248 0.024905
v -0.039940 0.008406 0.010740
v -0.039370 0.008337 0.008325
v -0.038627 0.007657 0.172978
v -0.039459 0.008126 0.043718
v -0.039483 0.008127 0.056848
v -0.038938 0.007928 0.134650
v -0.038984 0.007924 0.115702
v -0.039117 0.007954 0.093773
v -0.040475 0.008293 0.027024
v -0.040376 0.008284 0.012115
v -0.039075 0.008171 0.011653
v -0.038611 0.008182 0.008270
v -0.037932 0.008505 0.005197
v -0.037067 0.007606 0.197013
v -0.040147 0.007622 0.192329
v -0.038442 0.008331 0.005118
v -0.037241 0.008853 0.003735
v -0.036943 0.008859 0.004312
v -0.040874 0.008135 0.058927
v -0.040897 0.008032 0.070126
v -0.040719 0.008195 0.033050
v -0.040904 0.007953 0.112322
v -0.040801 0.007922 0.134265
v -0.039960 0.008020 0.007931
v -0.039197 0.007852 0.068271
v -0.037659 0.008227 0.005870
v -0.036782 0.007621 0.193754
v -0.037511 0.007553 0.193280
v -0.040702 0.007767 0.161966
v -0.038670 0.007757 0.134268
v -0.039162 0.007924 0.043835
v -0.035367 0.007726 0.194106
v -0.035865 0.009866 0.003155
v -0.036229 0.009760 0.002841
v -0.036472 0.008739 0.004310
v -0.038668 0.007696 0.120531
v -0.020305 -0.015182 0.171492
v -0.019804 -0.014571 0.169602
v -0.021180 -0.014478 0.169428
v -0.021710 -0.015280 0.172219
v -0.020528 -0.015933 0.174377
v -0.021719 -0.016295 0.175681
v -0.020751 -0.016615 0.176482
v -0.022164 -0.016534 0.176532
v -0.020918 -0.013733 0.166565
v -0.020579 -0.017846 0.179306
v -0.022147 -0.015831 0.174386
v -0.019788 -0.014034 0.167022
v -0.022763 -0.015435 0.174064
v -0.021899 -0.017407 0.179125
v -0.020488 -0.018218 0.180702
v -0.019306 -0.018075 0.179855
v -0.019115 -0.018652 0.181890
v -0.022281 -0.014220 0.169732
v -0.021614 -0.013556 0.167124
v -0.019941 -0.013533 0.163098
v -0.017821 -0.013667 0.162564
v -0.018126 -0.013351 0.160197
v -0.015933 -0.013504 0.159954
v -0.019978 -0.012980 0.160765
v -0.017141 -0.013016 0.157211
v -0.016484 -0.013349 0.158063
v -0.018042 -0.012411 0.156425
v -0.015730 -0.012379 0.152641
v -0.015837 -0.013094 0.155643
v -0.014051 -0.012958 0.152904
v -0.022908 -0.016526 0.177743
v -0.013294 -0.012361 0.148383
v -0.015529 -0.011734 0.149661
v -0.013487 -0.011673 0.146506
v -0.021417 -0.012957 0.164704
v -0.020407 -0.011929 0.158331
v -0.017968 -0.011718 0.154547
v -0.020893 -0.012961 0.162724
v -0.022951 -0.014191 0.171015
v -0.012871 -0.011678 0.145392
v -0.015311 -0.010969 0.147474
v -0.020570 -0.018253 0.181851
v -0.013054 -0.012644 0.149778
v -0.011553 -0.012904 0.147910
v -0.011223 -0.012459 0.144333
v -0.016740 -0.010864 0.149511
v -0.010824 -0.013361 0.147761
v -0.011607 -0.011824 0.143313
v -0.009374 -0.014013 0.144965
v -0.008587 -0.014361 0.144343
v -0.022297 -0.013088 0.167229
v -0.008660 -0.013522 0.142661
v -0.006743 -0.014683 0.143332
v -0.011755 -0.013301 0.153054
v -0.012049 -0.012969 0.151341
v -0.012519 -0.012881 0.152682
v -0.013151 -0.013156 0.156008
v -0.013382 -0.013465 0.159681
v -0.012323 -0.013912 0.158478
v -0.013035 -0.013938 0.162259
v -0.014634 -0.013524 0.163698
v -0.014643 -0.013899 0.166012
v -0.015884 -0.013625 0.166272
v -0.016305 -0.014043 0.168742
v -0.015804 -0.014469 0.169893
v -0.014471 -0.013330 0.160886
v -0.014456 -0.013269 0.155413
v -0.014544 -0.014712 0.168701
v -0.013699 -0.013274 0.157695
v -0.014762 -0.013400 0.157141
v -0.016828 -0.014969 0.171927
v -0.016215 -0.015319 0.172906
v -0.016888 -0.015625 0.174337
v -0.016212 -0.016648 0.176957
v -0.015524 -0.013457 0.164021
v -0.015088 -0.016246 0.174580
v -0.017765 -0.013794 0.165295
v -0.017554 -0.016456 0.176668
v -0.014905 -0.015577 0.171945
v -0.016550 -0.017994 0.179990
v -0.017898 -0.018024 0.180194
v -0.016782 -0.018472 0.181302
v -0.017837 -0.018461 0.182109
v -0.017073 -0.018779 0.182656
v -0.017943 -0.018547 0.183369
v -0.017802 -0.018512 0.184105
v -0.014875 -0.017289 0.177055
v -0.019286 -0.018498 0.183153
v -0.015075 -0.018384 0.179345
v -0.012639 -0.014655 0.164286
v -0.014231 -0.017027 0.175380
v -0.021594 -0.017676 0.181527
v -0.015374 -0.019287 0.181199
v -0.022199 -0.017296 0.180733
v -0.012586 -0.015611 0.167375
v -0.006119 -0.016098 0.145125
v -0.015957 -0.019634 0.182917
v -0.016668 -0.019351 0.184712
v -0.006592 -0.016521 0.146103
v -0.004788 -0.016502 0.145446
v -0.007889 -0.015865 0.146346
v -0.005628 -0.017791 0.147337
v -0.012128 -0.017159 0.170419
v -0.010619 -0.011840 0.142115
v -0.006611 -0.017793 0.148097
v -0.005847 -0.018757 0.148923
v -0.007122 -0.018825 0.150282
v -0.005695 -0.019744 0.150842
v -0.006707 -0.019896 0.151938
v -0.005998 -0.020666 0.152822
v -0.007261 -0.020509 0.154025
v -0.006783 -0.021074 0.154719
v -0.005891 -0.021187 0.154163
v -0.006032 -0.021601 0.155822
v -0.007416 -0.021236 0.156352
v -0.006289 -0.022325 0.157902
v -0.006914 -0.022267 0.158505
v -0.006534 -0.023328 0.160684
v -0.007081 -0.022877 0.160248
v -0.007901 -0.022731 0.161795
v -0.007426 -0.023731 0.164106
v -0.006709 -0.023922 0.163371
v -0.006903 -0.024750 0.166170
v -0.008120 -0.023887 0.166343
v -0.008521 -0.024542 0.168672
v -0.018777 -0.010996 0.154374
v -0.011870 -0.014624 0.160633
v -0.008095 -0.025272 0.169551
v -0.006875 -0.025366 0.168035
v -0.008203 -0.021343 0.159235
v -0.011604 -0.016220 0.166491
v -0.011984 -0.018382 0.173522
v -0.010030 -0.014270 0.148632
v -0.008186 -0.020123 0.155244
v -0.009015 -0.014848 0.146415
v -0.012791 -0.018485 0.175717
v -0.019871 -0.010895 0.155866
v -0.008036 -0.016530 0.148015
v -0.021128 -0.011860 0.160131
v -0.011390 -0.013988 0.154717
v -0.007592 -0.025878 0.170987
v -0.008756 -0.025881 0.173293
v -0.009593 -0.025186 0.173078
v -0.009358 -0.026148 0.174787
v -0.010504 -0.025372 0.174857
v -0.008070 -0.023137 0.164152
v -0.010545 -0.018530 0.170019
v -0.010605 -0.017780 0.167627
v -0.011016 -0.016132 0.162487
v -0.013665 -0.018705 0.177781
v -0.016215 -0.009369 0.145894
v -0.009160 -0.024666 0.170981
v -0.017316 -0.009553 0.148093
v -0.008510 -0.018028 0.151509
v -0.011648 -0.014597 0.158397
v -0.022872 -0.013099 0.168692
v -0.013720 -0.010453 0.144714
v -0.019114 -0.010401 0.153906
v -0.010354 -0.026897 0.177145
v -0.011691 -0.027539 0.179755
v -0.008929 -0.015930 0.149061
v -0.010330 -0.027619 0.178521
v -0.018513 -0.009911 0.151737
v -0.023416 -0.015609 0.176794
v -0.010059 -0.028228 0.179804
v -0.010983 -0.028204 0.180886
v -0.011783 -0.027782 0.182129
v -0.012465 -0.027091 0.180744
v -0.010016 -0.019580 0.170992
v -0.008643 -0.022936 0.166036
v -0.011984 -0.010967 0.142648
v -0.022914 -0.016555 0.179841
v -0.023468 -0.013657 0.171374
v -0.006172 -0.024782 0.165407
v -0.015664 -0.020478 0.184281
v -0.012792 -0.025839 0.179307
v -0.009637 -0.019682 0.169857
v -0.023399 -0.014629 0.174188
v -0.011930 -0.025550 0.177424
v -0.013287 -0.026181 0.183092
v -0.010834 -0.011019 0.141386
v -0.015277 -0.020588 0.182916
v -0.009952 -0.015075 0.151018
v -0.014711 -0.020577 0.181584
v -0.015558 -0.020533 0.185536
v -0.008914 -0.012447 0.141489
v -0.013879 -0.009411 0.143698
v -0.015069 -0.009301 0.144789
v -0.008717 -0.020666 0.159487
v -0.008680 -0.019473 0.155420
v -0.008652 -0.021660 0.162562
v -0.013805 -0.025376 0.181509
v -0.014061 -0.025118 0.182740
v -0.010023 -0.024415 0.172854
v -0.023431 -0.015883 0.178777
v -0.009644 -0.017167 0.154143
v -0.010959 -0.015620 0.158071
v -0.008050 -0.026228 0.174150
v -0.009151 -0.027103 0.176786
v -0.011241 -0.024322 0.175004
v -0.011287 -0.019711 0.173714
v -0.012135 -0.027081 0.183931
v -0.009416 -0.018946 0.157749
v -0.009715 -0.019147 0.166860
v -0.010335 -0.017827 0.164942
v -0.006211 -0.025893 0.169557
v -0.005614 -0.023996 0.162793
v -0.010408 -0.015609 0.154314
v -0.010390 -0.016930 0.158167
v -0.012093 -0.009396 0.141402
v -0.009374 -0.020709 0.170861
v -0.012409 -0.020025 0.176674
v -0.013889 -0.020343 0.179779
v -0.005851 -0.023481 0.160666
v -0.004862 -0.022975 0.158942
v -0.009210 -0.023962 0.170224
v -0.022680 -0.016247 0.182476
v -0.008088 -0.026893 0.176418
v -0.009211 -0.020006 0.160808
v -0.009506 -0.019615 0.163155
v -0.020772 -0.017648 0.183545
v -0.021858 -0.016552 0.184067
v -0.009045 -0.020732 0.169298
v -0.010283 -0.010699 0.140741
v -0.017320 -0.018519 0.185351
v -0.018099 -0.018178 0.184834
v -0.018639 -0.017685 0.185309
v -0.014835 -0.023573 0.183060
v -0.010352 -0.028236 0.182125
v -0.009538 -0.028440 0.180750
v -0.013226 -0.024656 0.179171
v -0.014365 -0.008095 0.143389
v -0.007017 -0.013282 0.141706
v -0.014741 -0.023271 0.181893
v -0.013787 -0.024895 0.184658
v -0.010086 -0.023299 0.172219
v -0.004450 -0.018911 0.148824
v -0.012682 -0.007459 0.140953
v -0.010657 -0.027644 0.184287
v -0.011245 -0.008393 0.140111
v -0.014658 -0.023476 0.184294
v -0.012572 -0.025779 0.185620
v -0.009122 -0.020748 0.165030
v -0.015665 -0.019197 0.187958
v -0.014830 -0.020913 0.186892
v -0.017539 -0.016759 0.188195
v -0.015564 -0.018540 0.189897
v -0.016170 -0.017723 0.190977
v -0.014512 -0.019279 0.191112
v -0.015512 -0.018024 0.195786
v -0.013362 -0.019885 0.194458
v -0.012643 -0.020686 0.192566
v -0.017235 -0.016273 0.195566
v -0.016334 -0.017194 0.198721
v -0.014835 -0.018590 0.197946
v -0.014531 -0.019016 0.199634
v -0.015928 -0.017863 0.199790
v -0.011978 -0.020782 0.196215
v -0.012287 -0.020613 0.199583
v -0.013548 -0.020137 0.200359
v -0.011701 -0.021192 0.200294
v -0.016249 -0.018128 0.200426
v -0.017706 -0.015877 0.199722
v -0.010182 -0.021943 0.200292
v -0.010593 -0.021574 0.199650
v -0.010025 -0.021856 0.197010
v -0.018793 -0.014263 0.198775
v -0.018358 -0.014893 0.196426
v -0.019476 -0.013571 0.195907
v -0.010833 -0.021871 0.193529
v -0.008321 -0.022562 0.199962
v -0.009787 -0.022155 0.195280
v -0.019578 -0.013484 0.199740
v -0.007818 -0.022659 0.197457
v -0.018315 -0.015318 0.191315
v -0.020205 -0.013199 0.193162
v -0.018423 -0.015485 0.189456
v -0.011259 -0.022098 0.191715
v -0.021064 -0.013012 0.190814
v -0.009452 -0.022868 0.192980
v -0.020100 -0.012419 0.198750
v -0.006559 -0.023103 0.200065
v -0.007866 -0.022857 0.195212
v -0.022260 -0.011779 0.191375
v -0.009871 -0.023090 0.191713
v -0.020884 -0.011526 0.199831
v -0.020843 -0.011668 0.196474
v -0.021634 -0.011539 0.193689
v -0.013618 -0.020670 0.189654
v -0.008394 -0.023210 0.200960
v -0.012663 -0.021340 0.190509
v -0.018338 -0.016241 0.187548
v -0.019265 -0.016302 0.186651
v -0.005396 -0.023169 0.198113
v -0.006639 -0.022997 0.195986
v -0.021635 -0.009876 0.198956
v -0.008364 -0.023409 0.192537
v -0.021992 -0.009489 0.199695
v -0.011101 -0.027050 0.185315
v -0.019534 -0.014180 0.200377
v -0.017554 -0.016824 0.200452
v -0.023134 -0.010642 0.191592
v -0.021603 -0.010215 0.197269
v -0.023718 -0.011743 0.188968
v -0.022945 -0.009776 0.193463
v -0.021314 -0.011637 0.200447
v -0.022729 -0.008968 0.195400
v -0.011170 -0.022945 0.190300
v -0.006833 -0.023535 0.193105
v -0.022638 -0.013852 0.186794
v -0.021936 -0.013932 0.187761
v -0.023948 -0.012419 0.186487
v -0.024822 -0.011352 0.186250
v -0.024625 -0.010937 0.188314
v -0.020722 -0.014480 0.188302
v -0.023217 -0.013868 0.185417
v -0.011819 -0.021804 0.200940
v -0.020834 -0.016477 0.185539
v -0.006325 -0.023874 0.201091
v -0.008529 -0.024234 0.190579
v -0.009857 -0.023928 0.190271
v -0.022144 -0.008880 0.198128
v -0.024589 -0.009053 0.190745
v -0.022861 -0.008716 0.200338
v -0.024066 -0.007022 0.194387
v -0.014224 -0.023453 0.185532
v -0.007521 -0.024115 0.191272
v -0.013190 -0.023800 0.187015
v -0.023117 -0.006770 0.197494
v -0.013086 -0.022583 0.188330
v -0.012033 -0.023157 0.189106
v -0.011172 -0.025347 0.187583
v -0.025813 -0.008958 0.188354
v -0.009666 -0.027189 0.185833
v -0.005438 -0.014722 0.143109
v -0.015082 -0.022247 0.184185
v -0.015076 -0.021750 0.182874
v -0.010495 -0.026101 0.187102
v -0.003861 -0.023663 0.200393
v -0.002849 -0.024246 0.201058
v -0.007318 -0.024798 0.190013
v -0.008966 -0.021797 0.166450
v -0.009486 -0.025309 0.188720
v -0.009035 -0.026262 0.187488
v -0.009082 -0.022435 0.168250
v -0.007850 -0.012028 0.140819
v -0.011530 -0.022786 0.174807
v -0.012336 -0.023377 0.176837
v -0.013946 -0.023234 0.180097
v -0.011170 -0.020531 0.173868
v -0.009193 -0.023020 0.169166
v -0.012895 -0.021011 0.178082
v -0.009461 -0.022889 0.170671
v -0.014066 -0.021524 0.180380
v -0.021625 0.009949 0.166713
v -0.022318 0.009929 0.166780
v -0.021430 0.010008 0.163818
v -0.021047 0.009945 0.165321
v -0.022212 0.009841 0.168424
v -0.020309 0.009908 0.162885
v -0.020751 0.009846 0.161728
v -0.020347 0.009142 0.168481
v -0.021248 0.009235 0.170536
v -0.021922 0.009182 0.172803
v -0.019719 0.009038 0.166451
v -0.019716 0.009022 0.167862
v -0.019277 0.009010 0.163954
v -0.019959 0.009514 0.161550
v -0.019850 0.009443 0.159753
v -0.019243 0.009012 0.159352
v -0.018414 0.008848 0.162559
v -0.018733 0.008731 0.158477
v -0.019901 0.009102 0.158788
v -0.019775 0.009072 0.169124
v -0.018707 0.009041 0.165550
v -0.020550 0.009222 0.171534
v -0.019573 0.008526 0.157441
v -0.021670 0.009182 0.173907
v -0.023149 0.009513 0.170285
v -0.023157 0.009424 0.171830
v -0.023313 0.009093 0.173841
v -0.022407 0.009037 0.176066
v -0.017821 0.008868 0.158500
v -0.018642 0.008534 0.156083
v -0.020679 0.009264 0.159324
v -0.019135 0.009152 0.167677
v -0.023964 0.008783 0.174688
v -0.023746 0.008600 0.177709
v -0.021410 0.009374 0.160534
v -0.023179 0.009524 0.167297
v -0.020041 0.008138 0.156805
v -0.022451 0.009125 0.178124
v -0.018091 0.008746 0.153841
v -0.019142 0.008158 0.155043
v -0.023765 0.008579 0.180019
v -0.022431 0.009343 0.162601
v -0.019568 0.009557 0.171077
v -0.020906 0.009635 0.174450
v -0.017616 0.009137 0.161051
v -0.021684 0.009632 0.177922
v -0.022443 0.009332 0.180322
v -0.023470 0.008885 0.182061
v -0.024981 0.008166 0.175066
v -0.024743 0.007877 0.179166
v -0.024810 0.008325 0.172792
v -0.017846 0.009405 0.164307
v -0.018469 0.009649 0.167925
v -0.021886 0.008640 0.159523
v -0.024178 0.008197 0.182823
v -0.023715 0.008911 0.166004
v -0.025708 0.007611 0.174105
v -0.023139 0.008653 0.162062
v -0.024369 0.008524 0.169451
v -0.020560 0.007563 0.156335
v -0.019472 0.007553 0.153726
v -0.026072 0.007049 0.177048
v -0.025652 0.006559 0.184407
v -0.017237 0.009415 0.156251
v -0.017278 0.009313 0.151651
v -0.026388 0.006849 0.173292
v -0.004025 -0.024764 0.192535
v -0.004991 -0.025007 0.191881
v -0.002898 -0.025607 0.188942
v -0.001801 -0.025614 0.188731
v -0.002097 -0.024600 0.193470
v -0.002349 -0.026217 0.185191
v -0.001125 -0.026062 0.185535
v 0.000071 -0.026019 0.185998
v -0.005527 -0.024601 0.194300
v -0.007204 -0.024555 0.193490
v -0.007543 -0.024264 0.195747
v -0.000570 -0.025329 0.190809
v 0.000206 -0.025824 0.188410
v 0.001831 -0.026167 0.186594
v 0.000017 -0.026287 0.181347
v -0.005111 -0.024527 0.195959
v -0.001825 -0.024671 0.196700
v -0.001306 -0.026602 0.178308
v 0.000227 -0.024951 0.195662
v 0.000173 -0.024971 0.194423
v 0.003118 -0.026345 0.190226
v 0.001243 -0.025704 0.191493
v 0.003764 -0.026399 0.189526
v 0.004790 -0.026575 0.193175
v 0.003763 -0.026386 0.193581
v 0.003722 -0.026112 0.197963
v 0.004794 -0.026324 0.197617
v 0.004511 -0.026132 0.198685
v 0.002887 -0.026027 0.198609
v -0.001172 -0.024864 0.197621
v -0.005391 -0.024580 0.197117
v -0.007598 -0.024405 0.197733
v 0.001923 -0.025560 0.197699
v -0.010049 -0.023416 0.194929
v -0.009072 -0.024181 0.192808
v -0.009828 -0.023581 0.197464
v 0.002637 -0.026099 0.185650
v 0.000946 -0.025424 0.198150
v 0.001635 -0.026095 0.183812
v 0.005591 -0.026254 0.197628
v -0.004538 -0.024904 0.197940
v -0.002667 -0.026643 0.180352
v -0.002178 -0.026783 0.176529
v -0.001555 -0.026874 0.173266
v -0.008418 -0.024932 0.191464
v -0.006590 -0.025183 0.191627
v -0.003560 -0.027194 0.172692
v 0.000829 -0.026141 0.180414
v -0.010452 -0.023437 0.193020
v -0.010405 -0.024021 0.191610
v -0.004760 -0.027303 0.175150
v -0.006342 -0.027488 0.172235
v -0.004283 -0.027139 0.170416
v -0.006483 -0.027258 0.170302
v -0.007674 -0.027154 0.170627
v -0.006314 -0.026278 0.166148
v -0.008085 -0.027971 0.174440
v -0.009089 -0.027823 0.174481
v -0.007214 -0.027821 0.174065
v -0.004370 -0.027199 0.176848
v -0.000032 -0.026391 0.176636
v -0.004119 -0.026731 0.168392
v 0.005648 -0.026382 0.193704
v -0.006917 -0.025951 0.190036
v -0.001774 -0.026725 0.170858
v 0.004938 -0.026205 0.189592
v -0.004689 -0.025773 0.189587
v -0.004361 -0.026663 0.185863
v -0.003778 -0.026636 0.184708
v -0.006831 -0.028322 0.176345
v -0.004379 -0.025609 0.163876
v -0.007273 -0.025597 0.164652
v -0.006224 -0.024380 0.159702
v -0.004740 -0.024430 0.159821
v -0.008567 -0.026763 0.170220
v -0.008459 -0.025984 0.167670
v -0.007465 -0.023951 0.159568
v -0.003857 -0.026969 0.180221
v -0.004064 -0.026920 0.183128
v -0.013401 -0.021655 0.197577
v -0.012368 -0.022110 0.194996
v -0.006427 -0.022967 0.155905
v -0.009228 -0.023981 0.198038
v 0.000007 -0.026394 0.173628
v -0.004356 -0.023356 0.157090
v -0.004335 -0.021471 0.151751
v -0.006157 -0.021772 0.152716
v -0.006001 -0.020476 0.149651
v -0.004127 -0.020496 0.149442
v -0.008040 -0.023009 0.157639
v -0.008052 -0.021893 0.154774
v -0.007110 -0.021004 0.151607
v -0.008626 -0.028716 0.176223
v -0.002148 -0.026067 0.167371
v -0.003249 -0.024282 0.160186
v -0.002257 -0.021398 0.152370
v -0.010092 -0.028113 0.175899
v -0.002092 -0.022176 0.154797
v -0.009881 -0.024121 0.198607
v -0.001161 -0.024453 0.162690
v -0.001861 -0.025349 0.165186
v -0.000641 -0.023450 0.159590
v -0.010080 -0.026603 0.172508
v 0.006128 -0.025726 0.198785
v -0.002276 -0.023543 0.158860
v -0.000259 -0.022507 0.157436
v -0.002155 -0.020562 0.150476
v 0.002535 -0.025690 0.183372
v 0.004992 -0.025687 0.187668
v -0.006037 -0.018568 0.146119
v 0.000402 -0.023286 0.160289
v 0.000090 -0.025995 0.170753
v -0.000625 -0.025381 0.198439
v -0.004200 -0.018653 0.146109
v -0.007864 -0.029496 0.178467
v -0.009062 -0.029637 0.178121
v -0.009206 -0.030267 0.179642
v -0.010692 -0.030586 0.180720
v -0.010430 -0.029727 0.178660
v -0.009161 -0.030502 0.180739
v -0.009332 -0.030266 0.182020
v -0.010845 -0.030153 0.182543
v -0.011206 -0.030434 0.180916
v 0.001919 -0.025591 0.179714
v -0.000022 -0.024313 0.164049
v -0.009412 -0.029438 0.184201
v 0.000010 -0.024989 0.166671
v -0.005341 -0.027680 0.176835
v -0.000826 -0.021797 0.154979
v -0.007615 -0.029767 0.180436
v 0.001405 -0.025663 0.174466
v -0.005108 -0.027778 0.179671
v -0.007728 -0.029611 0.181960
v -0.002215 -0.019371 0.148125
v -0.006659 -0.028832 0.178598
v 0.006566 -0.025768 0.196071
v -0.000568 -0.020502 0.152086
v -0.008133 -0.028918 0.184491
v -0.006445 -0.027660 0.185744
v -0.006986 -0.027243 0.187429
v -0.005590 -0.027741 0.183694
v -0.005239 -0.027786 0.181775
v -0.000948 -0.019811 0.150156
v -0.002673 -0.018099 0.145820
v -0.007729 -0.027213 0.187805
v -0.010847 -0.029407 0.184147
v -0.004524 -0.017193 0.143955
v -0.006803 -0.024858 0.198307
v -0.008362 -0.024666 0.198620
v -0.006189 -0.016633 0.143231
v -0.011714 -0.029718 0.179600
v -0.009642 -0.028318 0.186211
v -0.003259 -0.016536 0.143656
v -0.008036 -0.016396 0.143432
v -0.008375 -0.015129 0.141662
v -0.008071 -0.016971 0.144527
v -0.007361 -0.018577 0.147064
v -0.006507 -0.015059 0.141251
v -0.004765 -0.014882 0.141336
v -0.002156 -0.016230 0.143951
v -0.012406 -0.029698 0.181942
v -0.008219 -0.024665 0.163175
v -0.008765 -0.026470 0.188989
v -0.010275 -0.024952 0.190303
v -0.007655 -0.020156 0.150433
v -0.008208 -0.014226 0.140637
v -0.011480 -0.022988 0.198231
v -0.012659 -0.022533 0.198625
v -0.011012 -0.028327 0.185882
v -0.012343 -0.028998 0.183805
v -0.014159 -0.021516 0.198382
v -0.006698 -0.013469 0.139787
v -0.014024 -0.020974 0.194577
v -0.012486 -0.022110 0.193172
v -0.012787 -0.022056 0.192018
v -0.008398 -0.013135 0.139678
v -0.011204 -0.023497 0.198603
v -0.010992 -0.026663 0.187914
v -0.012563 -0.027428 0.185920
v -0.007098 -0.011933 0.138751
v -0.012099 -0.023067 0.191139
v -0.011993 -0.024164 0.189857
v -0.007668 -0.005431 0.136142
v -0.007200 -0.006340 0.136712
v -0.008686 -0.007134 0.137079
v -0.005848 -0.005884 0.136565
v -0.005934 -0.004005 0.135537
v -0.005038 -0.005335 0.136578
v -0.004861 -0.003502 0.135692
v -0.005355 -0.007693 0.137186
v -0.006797 -0.008451 0.137151
v -0.006817 -0.003599 0.135490
v -0.008123 -0.003553 0.135477
v -0.005855 -0.009854 0.138009
v -0.006897 -0.009968 0.137899
v -0.007098 -0.011933 0.138751
v -0.005266 -0.012350 0.139259
v -0.008053 -0.009699 0.137882
v -0.006698 -0.013469 0.139787
v -0.008518 -0.012128 0.139056
v -0.003232 -0.010287 0.139034
v -0.005771 -0.002456 0.135180
v -0.004773 -0.002364 0.135401
v -0.002773 -0.007486 0.138270
v -0.005073 -0.008847 0.137915
v -0.004312 -0.006910 0.137655
v -0.003468 -0.012216 0.139924
v -0.004073 -0.005424 0.137420
v -0.001398 -0.007698 0.138970
v -0.002036 -0.005404 0.138148
v -0.001632 -0.011978 0.140840
v -0.001386 -0.010397 0.140154
v -0.003505 -0.014607 0.141626
v -0.004765 -0.014882 0.141336
v 0.000523 -0.009389 0.140938
v -0.002066 -0.014178 0.142141
v 0.000464 -0.007451 0.140081
v -0.004032 -0.003900 0.137233
v -0.004260 -0.002582 0.136045
v -0.000084 -0.005183 0.139197
v -0.000077 -0.011743 0.141901
v -0.005045 -0.000959 0.135137
v -0.003170 -0.000789 0.137223
v -0.001163 -0.003248 0.138327
v 0.002755 -0.007608 0.141989
v 0.002056 -0.005375 0.140794
v -0.004137 0.000323 0.135510
v -0.004138 -0.001106 0.135641
v -0.001111 -0.014670 0.143287
v 0.002340 -0.009484 0.142614
v -0.003689 -0.001201 0.136880
v -0.000598 -0.001467 0.138526
v 0.000764 -0.003484 0.139619
v 0.004016 -0.005704 0.142612
v 0.000542 -0.012134 0.142767
v 0.001959 -0.011455 0.143704
v -0.003590 0.001168 0.136792
v -0.002735 0.001037 0.137405
v -0.000549 0.000350 0.138571
v 0.005415 -0.005673 0.144083
v 0.005117 -0.007543 0.144456
v 0.004545 -0.009011 0.144861
v 0.003765 -0.003576 0.142186
v 0.001843 -0.001368 0.140441
v 0.001750 0.000550 0.140376
v 0.005368 -0.003711 0.143816
v -0.003737 0.003028 0.136803
v -0.001586 0.003567 0.138243
v -0.003347 0.004606 0.137370
v -0.004851 0.001768 0.135288
v -0.000224 0.003751 0.139172
v 0.001410 0.003480 0.140413
v 0.003038 0.000580 0.141703
v 0.003845 -0.000438 0.142636
v 0.003707 -0.001864 0.142233
v 0.000530 0.005567 0.140022
v 0.002492 0.003505 0.141415
v -0.001479 0.005656 0.138677
v -0.004237 0.004640 0.136713
v 0.006641 -0.003506 0.145415
v -0.004140 0.002155 0.135867
v 0.007802 -0.005531 0.147319
v 0.006918 -0.007419 0.146894
v 0.005088 -0.001753 0.143722
v 0.002498 0.005541 0.141755
v -0.004882 0.003563 0.135692
v 0.008262 -0.003561 0.147833
v 0.000133 -0.014607 0.144501
v 0.003542 0.002881 0.142654
v 0.006801 -0.001754 0.145879
v 0.008218 -0.001759 0.148006
v 0.003874 0.005935 0.143582
v 0.001127 0.007606 0.141149
v 0.004926 -0.000151 0.144256
v -0.000972 0.007645 0.139646
v -0.003668 0.006991 0.137872
v -0.004335 0.007030 0.137377
v -0.004981 0.005325 0.136440
v 0.003455 0.007822 0.143655
v -0.002156 -0.016230 0.143951
v -0.003266 0.009329 0.139115
v -0.000847 0.009904 0.140917
v -0.005050 0.009317 0.138229
v 0.000790 0.009585 0.141994
v -0.004930 0.008013 0.137528
v -0.002192 0.010435 0.140409
v -0.003259 -0.016536 0.143656
v -0.004210 0.010923 0.139669
v -0.008398 -0.013135 0.139678
v -0.009989 -0.007290 0.137423
v -0.008964 -0.006074 0.136702
v -0.008976 -0.010297 0.138422
v -0.009948 -0.009960 0.138517
v 0.009886 0.002958 0.156818
v 0.011577 0.001972 0.156922
v 0.007899 0.002345 0.152984
v 0.009078 0.001250 0.152066
v 0.007207 0.001960 0.151358
v 0.008901 0.000554 0.150630
v 0.006698 0.001718 0.150015
v 0.006598 0.001119 0.148611
v 0.013173 0.003008 0.160684
v 0.011835 0.004132 0.160777
v 0.013139 0.005138 0.163859
v 0.014668 0.003962 0.164205
v 0.014172 0.005426 0.165807
v 0.008732 0.000027 0.149724
v 0.007276 -0.000063 0.147592
v 0.005596 0.000601 0.146005
v 0.008082 0.002881 0.154069
v 0.012535 0.002074 0.158422
v 0.011165 0.001378 0.155400
v 0.010105 0.000339 0.152267
v 0.013665 0.002399 0.160529
v 0.010026 0.003846 0.158082
v 0.009009 0.003391 0.156036
v 0.015187 0.005313 0.167591
v 0.016051 0.005378 0.169486
v 0.016240 0.004544 0.168238
v 0.006102 0.001678 0.148552
v 0.017218 0.005285 0.172235
v 0.012312 0.005234 0.162723
v 0.016075 0.003769 0.166769
v 0.014521 0.002511 0.162159
v 0.015280 0.002686 0.163897
v 0.006509 -0.000457 0.146199
v 0.007319 0.003014 0.152764
v 0.011294 0.004971 0.160828
v 0.012364 0.000798 0.157043
v 0.017925 0.004491 0.172741
v 0.018049 0.005365 0.174857
v 0.011162 0.000317 0.154372
v 0.017335 0.003795 0.170118
v 0.006728 0.002675 0.151057
v 0.012521 0.006001 0.163502
v 0.018844 0.004367 0.175932
v 0.013661 0.000908 0.159579
v 0.018924 0.005443 0.177901
v 0.005463 0.001479 0.146598
v 0.004771 0.001291 0.144570
v 0.016471 0.002786 0.166827
v 0.014127 0.007696 0.167353
v 0.013564 0.007811 0.166249
v 0.012757 0.009954 0.166463
v 0.012692 0.008342 0.164548
v 0.016315 0.006790 0.170884
v 0.015227 0.007314 0.169227
v 0.016540 0.007624 0.172243
v 0.014467 0.008712 0.169659
v 0.013720 0.010165 0.170169
v 0.014769 0.009662 0.172317
v 0.017471 0.007365 0.174366
v 0.016999 0.008819 0.175772
v 0.018412 0.007534 0.177583
v 0.017127 0.006409 0.172556
v 0.008315 0.003580 0.154884
v 0.010671 0.005191 0.159849
v 0.009290 0.004369 0.157015
v 0.011783 0.011213 0.166180
v 0.011520 0.010789 0.164390
v 0.011131 0.009891 0.161613
v 0.009390 0.010669 0.158272
v 0.009363 -0.001693 0.150060
v 0.018317 0.003097 0.172484
v 0.006116 0.002385 0.148888
v 0.017694 0.002880 0.170373
v 0.011775 0.008334 0.162222
v 0.010508 0.008325 0.158880
v 0.018706 0.006643 0.177709
v 0.009316 0.009936 0.156589
v 0.008951 0.008364 0.154721
v 0.008262 0.009842 0.153673
v 0.015306 0.000770 0.163252
v 0.007778 0.008448 0.151781
v 0.007340 0.009185 0.151028
v 0.007013 0.009807 0.150855
v 0.006080 0.009332 0.148717
v 0.006108 0.008157 0.148025
v 0.004941 0.007953 0.145841
v 0.016539 0.000987 0.166394
v 0.011802 0.007173 0.162225
v 0.012210 -0.001185 0.156319
v 0.003750 0.009779 0.145443
v 0.018978 0.007154 0.179474
v 0.004644 0.006281 0.144965
v 0.019702 0.005379 0.181190
v 0.005572 0.006215 0.146863
v 0.004593 0.003594 0.144508
v 0.018958 0.002922 0.175173
v 0.019676 0.003437 0.179132
v 0.017944 0.000817 0.170698
v 0.014747 -0.001390 0.161820
v 0.009787 -0.003534 0.150842
v 0.019284 0.007509 0.181965
v 0.010352 0.007359 0.158716
v 0.010411 0.005783 0.159313
v 0.016534 -0.001419 0.166424
v 0.002391 0.009733 0.143691
v 0.008423 0.004981 0.155088
v 0.007516 0.004923 0.152911
v 0.006128 0.005275 0.148441
v 0.012229 -0.003468 0.156476
v 0.014219 -0.003337 0.160826
v 0.018271 0.008939 0.180558
v 0.007186 0.010624 0.152466
v 0.006646 0.006906 0.149417
v 0.020020 0.005328 0.184186
v 0.018958 0.000667 0.174948
v 0.020122 0.003185 0.182335
v 0.015439 -0.003614 0.163850
v 0.017611 -0.001302 0.169830
v 0.018295 -0.001406 0.172622
v 0.019455 0.007659 0.184735
v 0.018504 0.009268 0.183117
v 0.016616 -0.003290 0.167088
v 0.019749 0.000851 0.179497
v 0.020361 0.003297 0.185853
v 0.007704 0.010954 0.154338
v 0.020037 0.005334 0.189827
v 0.019461 0.007672 0.188449
v 0.020424 0.003191 0.188441
v 0.018232 0.010282 0.186864
v 0.018238 0.010476 0.189929
v 0.020279 0.001407 0.183867
v 0.002859 0.012389 0.147442
v 0.018284 0.010176 0.193021
v 0.013172 0.011113 0.170846
v 0.014028 0.011669 0.174568
v 0.016717 0.010089 0.178486
v 0.001783 0.012181 0.145548
v 0.003568 0.013289 0.150037
v 0.014912 0.012273 0.178471
v 0.016674 0.012303 0.185042
v 0.017105 0.012294 0.188810
v 0.016054 0.012457 0.182632
v 0.017192 0.012304 0.192371
v 0.019211 0.007794 0.192203
v 0.005666 0.011800 0.151783
v 0.004561 0.013633 0.152760
v 0.005553 0.013589 0.155319
v 0.006909 0.012229 0.156006
v 0.008605 0.011159 0.157548
v 0.017228 0.011712 0.197885
v 0.000432 0.011865 0.143597
v 0.006847 0.013588 0.160142
v 0.010234 0.011273 0.162105
v 0.018120 0.009586 0.197596
v 0.018012 0.010386 0.198560
v 0.017436 0.011708 0.198569
v 0.018555 0.008809 0.198331
v 0.018905 0.007423 0.197617
v 0.019333 0.006927 0.198724
v 0.019398 0.005329 0.197974
v 0.016840 0.012803 0.198571
v 0.016226 0.013489 0.197145
v 0.019679 0.005381 0.199589
v 0.018979 0.008673 0.198774
v 0.018646 0.008459 0.195789
v 0.019584 0.005564 0.194377
v 0.015974 0.013938 0.198141
v 0.016118 0.014148 0.198744
v 0.015532 0.014806 0.198629
v 0.014935 0.015443 0.198097
v 0.015470 0.015486 0.198872
v 0.015123 0.014876 0.194806
v 0.015985 0.013842 0.191917
v 0.015822 0.013676 0.187502
v 0.020136 0.003306 0.193979
v 0.008308 0.012019 0.159882
v 0.007778 0.013442 0.162388
v 0.014850 0.013715 0.182784
v 0.019887 0.002757 0.198278
v 0.019686 0.003862 0.199654
v 0.019768 0.003286 0.199506
v 0.020267 0.001916 0.194369
v 0.020394 0.000538 0.193340
v 0.020487 0.000844 0.188577
v 0.020060 0.000141 0.199100
v 0.020163 -0.001191 0.199877
v 0.020092 0.003232 0.200079
v 0.019953 0.003630 0.199822
v 0.019624 0.008266 0.199147
v 0.019838 -0.002960 0.199344
v 0.020073 -0.003061 0.199816
v 0.020077 -0.005109 0.199491
v 0.019609 -0.004149 0.198799
v 0.020013 -0.001375 0.198024
v 0.020211 -0.001300 0.193605
v 0.020339 -0.001297 0.200067
v 0.013913 0.016495 0.198020
v 0.014505 0.016250 0.198763
v 0.014056 0.016893 0.198927
v 0.009499 0.012483 0.164031
v 0.009382 0.013575 0.166514
v 0.010701 0.012233 0.166383
v 0.011791 0.012219 0.170379
v 0.010899 0.013785 0.171420
v 0.012614 0.012704 0.174066
v 0.012446 0.013706 0.176434
v 0.001694 0.013504 0.147505
v 0.014676 0.014585 0.186627
v 0.014147 0.015846 0.195158
v 0.014671 0.015068 0.191437
v 0.004335 0.014726 0.155675
v 0.003586 0.014611 0.153128
v 0.002570 0.014372 0.150586
v 0.000435 0.013276 0.145611
v -0.002094 0.011956 0.141749
v -0.003663 0.011980 0.140809
v 0.009421 -0.010807 0.168924
v 0.008900 -0.011395 0.167585
v 0.008902 -0.010784 0.166366
v 0.008177 -0.011633 0.164666
v 0.009160 -0.011897 0.169315
v 0.009605 -0.011724 0.172537
v 0.009647 -0.010892 0.171385
v 0.010109 -0.010853 0.174286
v 0.008366 -0.011049 0.164916
v 0.007989 -0.010762 0.162816
v 0.007227 -0.011413 0.160461
v 0.007347 -0.010760 0.159465
v 0.006917 -0.012643 0.159825
v 0.010513 -0.011568 0.176497
v 0.010790 -0.010657 0.176454
v 0.011322 -0.011145 0.178429
v 0.011525 -0.011878 0.179450
v 0.011897 -0.010955 0.180197
v 0.012365 -0.011776 0.182557
v 0.012547 -0.010909 0.182554
v 0.012924 -0.011577 0.185052
v 0.013048 -0.011005 0.184854
v 0.013546 -0.011746 0.187715
v 0.006599 -0.011410 0.158003
v 0.005885 -0.012588 0.156106
v 0.005593 -0.012213 0.154505
v 0.006025 -0.014896 0.158087
v 0.004596 -0.013554 0.153045
v 0.004771 -0.016508 0.155950
v 0.005987 -0.016878 0.159842
v 0.007085 -0.016583 0.162697
v 0.007225 -0.014634 0.161588
v 0.008115 -0.014904 0.164870
v 0.008205 -0.017173 0.166927
v 0.008716 -0.015105 0.167664
v 0.008947 -0.017314 0.170263
v 0.009636 -0.015788 0.172415
v 0.009945 -0.017554 0.174357
v 0.013276 -0.012500 0.186827
v 0.010750 -0.015844 0.176599
v 0.010785 -0.017519 0.177661
v 0.011420 -0.017219 0.180149
v 0.014186 -0.013138 0.190256
v 0.014612 -0.012213 0.191773
v 0.015210 -0.014387 0.195156
v 0.015687 -0.012772 0.195974
v 0.009291 -0.012623 0.170463
v 0.014011 -0.015173 0.189566
v 0.013427 -0.014696 0.186983
v 0.012480 -0.013688 0.182694
v 0.012555 -0.015222 0.183060
v 0.012816 -0.017126 0.185497
v 0.011458 -0.013858 0.178988
v 0.009834 -0.013077 0.173516
v 0.010679 -0.014577 0.176389
v 0.013394 -0.017060 0.188232
v 0.014727 -0.015833 0.194113
v 0.015617 -0.014785 0.197502
v 0.016113 -0.012827 0.197729
v 0.015400 -0.011358 0.193817
v 0.014884 -0.011434 0.192088
v 0.016066 -0.014712 0.198720
v 0.014364 -0.011437 0.190159
v 0.016577 -0.012314 0.198646
v 0.016054 -0.011674 0.196121
v 0.008742 -0.019152 0.172177
v 0.009760 -0.018823 0.175485
v 0.003893 -0.017135 0.154299
v 0.003594 -0.013749 0.150267
v 0.015130 -0.016364 0.197933
v 0.013911 -0.017016 0.191569
v 0.011922 -0.018489 0.184072
v 0.010990 -0.018615 0.180676
v 0.015887 -0.015993 0.199155
v 0.012900 -0.018275 0.188249
v 0.007178 -0.018223 0.165112
v 0.014365 -0.017259 0.195758
v 0.013967 -0.010795 0.187649
v 0.007764 -0.019111 0.168485
v 0.002695 -0.016739 0.151179
v 0.002356 -0.013913 0.147376
v 0.004691 -0.012683 0.151701
v 0.003895 -0.018392 0.156103
v 0.012204 -0.010113 0.179344
v 0.017650 -0.009662 0.197752
v 0.017345 -0.010796 0.198583
v 0.006404 -0.011084 0.155884
v 0.012614 -0.018898 0.188969
v 0.018524 -0.008730 0.198779
v 0.018411 -0.008221 0.198234
v 0.019005 -0.006634 0.198615
v 0.019052 -0.005749 0.197323
v 0.019636 -0.003439 0.198177
v 0.018410 -0.007536 0.196635
v 0.017805 -0.008604 0.194699
v 0.019558 -0.005640 0.199263
v 0.019319 -0.004668 0.193318
v 0.018432 -0.006846 0.190186
v 0.019256 -0.004483 0.187944
v 0.019964 -0.002473 0.190246
v 0.019651 -0.002491 0.183956
v 0.020209 -0.001138 0.187490
v 0.018963 -0.003038 0.177969
v 0.018671 -0.005250 0.184478
v 0.017948 -0.007389 0.187068
v 0.018063 -0.004875 0.176376
v 0.018314 -0.003178 0.173949
v 0.017271 -0.005142 0.171536
v 0.017581 -0.003215 0.170542
v 0.016520 -0.005075 0.168183
v 0.016067 -0.006516 0.169060
v 0.015601 -0.005482 0.165517
v 0.014723 -0.007268 0.165489
v 0.014231 -0.006333 0.162563
v 0.011896 -0.019223 0.185913
v 0.010725 -0.019198 0.180965
v 0.016834 -0.006347 0.172767
v 0.017580 -0.006845 0.182665
v 0.005665 -0.017682 0.160245
v 0.013145 -0.007431 0.161190
v 0.009601 -0.019391 0.176351
v 0.011953 -0.007157 0.157834
v 0.016800 -0.010374 0.195761
v 0.015153 -0.010818 0.191425
v 0.005913 -0.011314 0.152829
v 0.017764 -0.008344 0.190924
v 0.015622 -0.007291 0.169343
v 0.016188 -0.007152 0.172310
v 0.017285 -0.008565 0.187603
v 0.003881 -0.019752 0.158863
v 0.005449 -0.019199 0.162531
v 0.006637 -0.020060 0.167191
v 0.005802 -0.020619 0.165556
v 0.004376 -0.020581 0.161595
v 0.010029 -0.010408 0.171823
v 0.017110 -0.009535 0.194014
v 0.004288 -0.012088 0.148497
v 0.002833 -0.018310 0.153462
v 0.014921 -0.017423 0.198743
v 0.014226 -0.005204 0.161497
v 0.017087 -0.006671 0.178678
v 0.013926 -0.018261 0.198318
v 0.010741 -0.010119 0.174636
v 0.007565 -0.020297 0.170990
v 0.013286 -0.010080 0.182941
v 0.016542 -0.008008 0.181946
v 0.001469 -0.016585 0.148523
v 0.012527 -0.005376 0.157672
v 0.010502 -0.007475 0.154621
v 0.009589 -0.007444 0.152312
v 0.008844 -0.008405 0.152148
v 0.011143 -0.008447 0.158237
v 0.009789 -0.008593 0.155028
v 0.007257 -0.008373 0.148505
v 0.007935 -0.007499 0.148741
v 0.012976 -0.018839 0.192996
v 0.006222 -0.010547 0.150690
v 0.006458 -0.009673 0.149127
v 0.010005 -0.010161 0.168455
v 0.005691 -0.021275 0.167494
v 0.009520 -0.005587 0.150676
v 0.011340 -0.010012 0.176479
v 0.005012 -0.010353 0.147130
v 0.012984 -0.008519 0.163467
v 0.002964 -0.012155 0.145895
v 0.007430 -0.010507 0.158261
v 0.016342 -0.010145 0.192995
v 0.001261 -0.013582 0.145081
v 0.002841 -0.019046 0.154914
v 0.013320 -0.018663 0.197011
v 0.016725 -0.009127 0.187303
v 0.009421 -0.020022 0.178169
v 0.011777 -0.019857 0.188888
v 0.014413 -0.008361 0.168278
v 0.003115 -0.020073 0.157952
v 0.004363 -0.010022 0.145573
v 0.007556 -0.009606 0.151923
v 0.019815 -0.000672 0.181301
v 0.011084 -0.020174 0.186418
v 0.009707 -0.020240 0.180863
v 0.019109 -0.001377 0.176734
v 0.016069 -0.007729 0.177787
v 0.015941 -0.008700 0.182670
v 0.000423 -0.016815 0.147143
v 0.000743 -0.017678 0.148901
v 0.007013 -0.010371 0.153617
v 0.014939 -0.008350 0.172139
v 0.014359 -0.010157 0.186652
v 0.004428 -0.021500 0.164460
v 0.011902 -0.019924 0.193361
v 0.020328 0.000374 0.185673
v 0.007937 -0.020707 0.175030
v 0.013628 -0.019393 0.199086
v 0.003641 -0.021267 0.161737
v 0.009504 -0.010114 0.165532
v 0.015377 -0.010179 0.189406
v 0.015987 -0.009420 0.186352
v 0.011569 -0.020273 0.197488
v 0.012409 -0.019805 0.198470
v 0.011021 -0.021227 0.198553
v 0.009696 -0.022006 0.197538
v 0.009655 -0.022463 0.198530
v 0.008266 -0.024057 0.198533
v 0.008048 -0.024034 0.197676
v 0.008672 -0.023008 0.194815
v 0.007203 -0.025063 0.194497
v 0.008224 -0.023230 0.192737
v 0.006674 -0.025594 0.193219
v 0.007592 -0.022884 0.188027
v 0.006278 -0.024917 0.188980
v 0.005820 -0.025280 0.188391
v 0.007406 -0.022679 0.186170
v 0.006086 -0.023236 0.183579
v 0.009646 -0.021736 0.193124
v 0.006566 -0.025768 0.196071
v 0.007102 -0.025062 0.198479
v 0.004644 -0.024304 0.182917
v 0.008754 -0.021716 0.187038
v 0.010715 -0.020856 0.193127
v 0.007528 -0.021776 0.182565
v 0.005135 -0.022962 0.178996
v 0.006775 -0.025398 0.199009
v 0.015227 -0.008398 0.177699
v 0.004992 -0.025687 0.187668
v 0.001766 -0.021649 0.159371
v 0.004938 -0.026205 0.189592
v 0.007944 -0.009837 0.154261
v 0.010381 -0.009057 0.158334
v 0.008799 -0.010203 0.163124
v 0.000832 -0.019280 0.152275
v -0.000568 -0.020502 0.152086
v 0.001242 -0.020577 0.156246
v 0.000752 -0.020720 0.155811
v -0.000826 -0.021797 0.154979
v -0.000259 -0.022507 0.157436
v 0.000402 -0.023286 0.160289
v 0.002178 -0.022099 0.161469
v 0.000851 -0.023423 0.162352
v 0.002003 -0.023059 0.164966
v -0.000948 -0.019811 0.150156
v -0.001005 -0.018534 0.147921
v 0.006847 -0.021836 0.179888
v -0.000815 -0.016775 0.145692
v 0.006809 -0.021303 0.173410
v 0.008155 -0.010309 0.160072
v 0.016700 -0.014268 0.199339
v 0.005648 -0.026382 0.193704
v -0.000022 -0.024313 0.164049
v 0.000010 -0.024989 0.166671
v 0.001223 -0.025224 0.170681
v 0.002267 -0.024292 0.170402
v 0.002413 -0.024857 0.174092
v 0.004377 -0.022662 0.171322
v 0.004711 -0.022875 0.174626
v 0.003338 -0.022904 0.168348
v 0.002801 -0.024894 0.178965
v 0.009940 -0.020772 0.185282
v 0.003491 -0.024674 0.181232
v 0.001405 -0.025663 0.174466
v 0.001919 -0.025591 0.179714
v 0.002535 -0.025690 0.183372
v 0.003813 -0.024882 0.183051
v 0.012190 -0.009005 0.163252
v 0.000090 -0.025995 0.170753
v 0.013659 -0.009504 0.181225
v 0.012380 -0.020557 0.199043
v 0.017313 -0.012062 0.199323
v 0.017876 -0.010943 0.199357
v 0.018521 -0.009834 0.199287
v 0.013425 -0.008933 0.167951
v 0.010988 -0.005373 0.154055
v 0.008809 -0.024070 0.199080
v 0.012501 -0.009500 0.176734
v 0.019344 -0.007672 0.199285
v 0.006128 -0.025726 0.198785
v 0.005591 -0.026254 0.197628
v 0.015203 -0.017838 0.199227
v 0.014409 -0.008873 0.178328
v -0.002673 -0.018099 0.145820
v -0.002215 -0.019371 0.148125
v 0.013928 -0.008920 0.172289
v 0.011420 -0.009666 0.173310
v 0.009360 -0.009556 0.157976
v 0.010839 -0.009509 0.162492
v 0.012051 -0.009331 0.165780
v 0.010818 -0.009778 0.168039
v 0.012481 -0.009329 0.168636
v 0.011759 -0.022246 0.199525
v -0.022996 -0.025509 0.200361
v -0.025654 -0.023134 0.199866
v -0.023682 -0.025114 0.199288
v -0.024881 -0.023997 0.199260
v -0.021149 -0.027046 0.200438
v -0.022109 -0.026449 0.199259
v -0.024813 -0.023669 0.200561
v -0.020770 -0.027476 0.199277
v -0.019120 -0.028594 0.199252
v -0.017863 -0.029330 0.199890
v -0.018350 -0.028898 0.200614
v -0.015659 -0.030414 0.200397
v -0.016686 -0.029893 0.199280
v -0.015103 -0.030628 0.199255
v -0.012860 -0.031748 0.200266
v -0.013578 -0.031335 0.199214
v -0.012432 -0.031751 0.199279
v -0.010431 -0.032450 0.199343
v -0.010230 -0.032704 0.200319
v -0.009087 -0.033035 0.199462
v -0.007197 -0.033629 0.200205
v -0.009227 -0.033116 0.199246
v -0.006155 -0.033524 0.199347
v 0.029837 0.027904 0.001743
v 0.031958 0.025380 0.001740
v 0.030924 0.026664 0.000181
v 0.033057 0.024034 0.001154
v 0.032346 0.024858 0.000033
v 0.027940 0.029788 0.000107
v 0.027871 0.029864 0.001760
v 0.034243 0.022312 0.000068
v 0.034286 0.022248 0.001783
v 0.035720 0.019993 0.001737
v 0.035703 0.020056 0.000114
v 0.026727 0.030835 0.000121
v 0.024459 0.032641 0.001776
v 0.024545 0.032600 0.000203
v 0.023027 0.033590 0.000129
v 0.020935 0.034937 0.001787
v 0.020181 0.035411 0.000157
v -0.005044 -0.039471 0.001772
v -0.006743 -0.039183 0.001036
v -0.004709 -0.039567 0.000095
v -0.002274 -0.039921 0.001810
v -0.001933 -0.039973 0.000223
v 0.000836 -0.040163 0.000820
v 0.001311 -0.040115 0.001795
v 0.005007 -0.040004 0.000268
v 0.005960 -0.039927 0.001751
v 0.001344 -0.040088 0.000111
v 0.007797 -0.039646 0.000325
v -0.009472 -0.038465 0.000151
v -0.009606 -0.038385 0.001820
v 0.010018 -0.009077 0.174288
v 0.011694 -0.008777 0.173857
v 0.010786 -0.008945 0.170880
v 0.009236 -0.009342 0.171290
v 0.011925 -0.008841 0.176151
v 0.012269 -0.008468 0.168557
v 0.010447 -0.009075 0.167839
v 0.009093 -0.009550 0.169457
v 0.009187 -0.009503 0.165889
v 0.009342 -0.009325 0.173512
v 0.013240 -0.008162 0.171120
v 0.014157 -0.007972 0.177338
v 0.010275 -0.008859 0.165069
v 0.012026 -0.008247 0.165729
v 0.009854 -0.009374 0.175960
v 0.011246 -0.009421 0.178560
v 0.012358 -0.008904 0.178200
v 0.011100 -0.008183 0.163010
v 0.012701 -0.009235 0.181113
v 0.013930 -0.008499 0.180993
v 0.008469 -0.008924 0.159184
v 0.007865 -0.009436 0.161809
v 0.009975 -0.008284 0.160086
v 0.014042 -0.007632 0.170295
v 0.006983 -0.009906 0.160839
v 0.006509 -0.009780 0.157019
v 0.013204 -0.009828 0.186071
v 0.008372 -0.008317 0.156537
v 0.012416 -0.007763 0.164756
v 0.014576 -0.008109 0.181329
v 0.008261 -0.009983 0.165416
v 0.008571 -0.009901 0.168696
v 0.015200 -0.008969 0.188664
v 0.011885 -0.009915 0.181806
v 0.011277 -0.007595 0.161128
v 0.010810 -0.009963 0.179527
v 0.010025 -0.009894 0.177565
v 0.007359 -0.008365 0.153079
v 0.008746 -0.009911 0.170901
v 0.015496 -0.006945 0.177951
v 0.014513 -0.009880 0.190108
v 0.014761 -0.010245 0.192153
v 0.006127 -0.009315 0.152530
v 0.014135 -0.007089 0.168256
v 0.012682 -0.010547 0.186974
v 0.015668 -0.007165 0.181709
v 0.015545 -0.008005 0.185290
v 0.016030 -0.008820 0.191445
v 0.015189 -0.010133 0.193422
v 0.014795 -0.007018 0.171135
v 0.005654 -0.009227 0.150632
v 0.012457 -0.007093 0.162839
v 0.005470 -0.010642 0.156181
v 0.009549 -0.007393 0.156832
v 0.009161 -0.007221 0.155548
v 0.004879 -0.010339 0.150980
v 0.011413 -0.010561 0.182239
v 0.011232 -0.006766 0.159206
v 0.016082 -0.009544 0.195367
v 0.016518 -0.007873 0.189552
v 0.007744 -0.010579 0.165520
v 0.008181 -0.010448 0.167998
v 0.016319 -0.006413 0.182097
v 0.008198 -0.007348 0.152956
v 0.007497 -0.007337 0.151247
v 0.015465 -0.006304 0.172101
v 0.004177 -0.009555 0.147616
v 0.003511 -0.011164 0.148417
v 0.013630 -0.011479 0.191491
v 0.014833 -0.006338 0.168883
v 0.016564 -0.005274 0.176069
v 0.007057 -0.010573 0.162945
v 0.015408 -0.010579 0.195231
v 0.009223 -0.009822 0.174539
v 0.013676 -0.006058 0.164388
v 0.012514 -0.006198 0.161570
v 0.004395 -0.011444 0.152728
v 0.003232 -0.012505 0.150237
v 0.001638 -0.013258 0.147602
v 0.017057 -0.007112 0.189788
v 0.017052 -0.007689 0.194382
v 0.017353 -0.007740 0.197278
v 0.017032 -0.006307 0.186597
v 0.017115 -0.005221 0.182369
v 0.016756 -0.004535 0.173542
v 0.010490 -0.010638 0.179855
v 0.012349 -0.011410 0.187627
v 0.016162 -0.011152 0.199940
v 0.016872 -0.009713 0.199975
v 0.002511 -0.011392 0.146745
v 0.006708 -0.007029 0.149222
v 0.014703 -0.012152 0.196054
v 0.014533 -0.013847 0.200000
v 0.006519 -0.010572 0.160540
v 0.005762 -0.011111 0.158438
v 0.005100 -0.011149 0.155764
v 0.000268 -0.013896 0.146201
v 0.011723 -0.011291 0.184936
v 0.014151 -0.012996 0.195669
v 0.009178 -0.006023 0.153610
v 0.010281 -0.005386 0.155815
v 0.016973 -0.004432 0.175750
v 0.000700 -0.016124 0.149095
v -0.000681 -0.016586 0.147786
v 0.001997 -0.013815 0.149002
v 0.002008 -0.016051 0.151758
v 0.003315 -0.013165 0.151688
v 0.001588 -0.017638 0.153155
v 0.002820 -0.016113 0.153474
v 0.003094 -0.017950 0.156357
v 0.003742 -0.016384 0.155889
v 0.004893 -0.016216 0.159124
v 0.003898 -0.017877 0.158821
v 0.003141 -0.018926 0.158826
v 0.004918 -0.017607 0.161033
v 0.004957 -0.018685 0.162867
v 0.005925 -0.017816 0.164127
v 0.006101 -0.019320 0.168227
v 0.006792 -0.018734 0.169203
v 0.007372 -0.017300 0.168618
v 0.008358 -0.017188 0.173462
v 0.007389 -0.019019 0.173324
v 0.008551 -0.018696 0.176619
v 0.005959 -0.016514 0.162304
v 0.006643 -0.016068 0.164127
v 0.015745 -0.004594 0.169258
v 0.014705 -0.005396 0.166871
v 0.009026 -0.017788 0.176764
v 0.009653 -0.017606 0.179184
v 0.009795 -0.018320 0.181597
v 0.011216 -0.017205 0.184900
v 0.009422 -0.018896 0.181755
v 0.010732 -0.018430 0.185356
v 0.011231 -0.018191 0.187348
v 0.011700 -0.016896 0.186678
v 0.011141 -0.011188 0.182298
v 0.010321 -0.011147 0.179516
v 0.014106 -0.005046 0.164320
v 0.017743 -0.005460 0.189583
v 0.017657 -0.004120 0.182722
v 0.013547 -0.014969 0.197006
v 0.013280 -0.016238 0.200024
v 0.012347 -0.016987 0.192100
v 0.011363 -0.018496 0.192686
v 0.011927 -0.017842 0.195463
v 0.012877 -0.016234 0.195163
v 0.012687 -0.017090 0.198416
v 0.012836 -0.012916 0.190743
v 0.003716 -0.013308 0.153081
v 0.017771 -0.005977 0.194252
v 0.007399 -0.011173 0.164851
v 0.008812 -0.010346 0.172554
v 0.010895 -0.016216 0.182077
v 0.013204 -0.015039 0.194492
v 0.012197 -0.015734 0.188099
v 0.008362 -0.015809 0.170884
v 0.008313 -0.010870 0.169070
v 0.016507 -0.003790 0.171288
v 0.012379 -0.017537 0.199535
v 0.013904 -0.015629 0.200627
v 0.013415 -0.016801 0.200923
v 0.013174 -0.004898 0.161896
v 0.007920 -0.005746 0.150617
v 0.017579 -0.007714 0.199969
v 0.014818 -0.004612 0.166359
v 0.003756 -0.014909 0.154487
v 0.017749 -0.002894 0.178346
v 0.012039 -0.005066 0.159422
v 0.007633 -0.016182 0.168225
v 0.008672 -0.016220 0.173476
v 0.013485 -0.013410 0.193541
v 0.005097 -0.014358 0.157855
v 0.005826 -0.014838 0.160494
v 0.009929 -0.016223 0.178583
v 0.009810 -0.010687 0.177691
v 0.018164 -0.004005 0.188716
v 0.011115 -0.004564 0.157029
v 0.005664 -0.006917 0.147354
v 0.016331 -0.011863 0.200885
v 0.015038 -0.013864 0.200855
v 0.018198 -0.002215 0.182154
v 0.011720 -0.018355 0.200058
v 0.006220 -0.011444 0.160271
v 0.017075 -0.003189 0.173319
v 0.017809 -0.007989 0.200672
v 0.012890 -0.014586 0.191647
v 0.017580 -0.002230 0.175968
v 0.011649 -0.015605 0.184897
v 0.004711 -0.012721 0.155712
v 0.017209 -0.010202 0.200890
v 0.018226 -0.004351 0.194794
v 0.011998 -0.012514 0.187162
v 0.001799 -0.009131 0.143883
v 0.004175 -0.007256 0.145609
v 0.007230 -0.014583 0.165229
v 0.018103 -0.005607 0.199969
v 0.018552 -0.005195 0.200878
v 0.006115 -0.014010 0.160898
v 0.018514 -0.002430 0.188545
v 0.009216 -0.010490 0.175042
v 0.009029 -0.014817 0.174052
v 0.000270 -0.011724 0.144167
v 0.008410 -0.014266 0.170103
v 0.007429 -0.012728 0.165470
v 0.018487 -0.002578 0.191190
v 0.010344 -0.014044 0.179046
v 0.018610 -0.000807 0.185005
v 0.011084 -0.014184 0.181654
v 0.018045 -0.000450 0.177790
v -0.000926 -0.014942 0.145859
v 0.018560 0.000260 0.182312
v 0.018413 -0.003737 0.200068
v 0.018475 -0.002789 0.195293
v 0.011292 -0.012299 0.183136
v 0.009088 -0.013402 0.173721
v -0.001258 -0.012439 0.143222
v 0.012159 -0.013902 0.187729
v 0.018722 -0.000511 0.188729
v 0.011604 -0.013924 0.184193
v 0.018743 0.000306 0.189292
v 0.018219 -0.007708 0.201020
v -0.002439 -0.013956 0.143566
v 0.009387 -0.011754 0.175179
v -0.002501 -0.016090 0.145710
v -0.008088 -0.026893 0.176418
v -0.005393 -0.025785 0.175360
v -0.007079 -0.026152 0.174362
v -0.006075 -0.026078 0.176530
v -0.004293 -0.025424 0.178182
v -0.004938 -0.025810 0.179608
v -0.004455 -0.025814 0.181900
v -0.002863 -0.025330 0.183821
v -0.004155 -0.025766 0.184223
v -0.002799 -0.025161 0.186060
v -0.004676 -0.025853 0.185538
v -0.003875 -0.025320 0.177882
v -0.005622 -0.026573 0.182476
v -0.005968 -0.026648 0.184483
v -0.008146 -0.028169 0.181224
v -0.007510 -0.027724 0.180285
v -0.008367 -0.028188 0.180228
v -0.008277 -0.027572 0.178239
v -0.007367 -0.027371 0.184341
v -0.007044 -0.026099 0.172531
v -0.004632 -0.025311 0.187669
v -0.002968 -0.024704 0.188697
v -0.006680 -0.026232 0.186881
v -0.009538 -0.028440 0.180750
v -0.009035 -0.028233 0.182218
v -0.002685 -0.025239 0.181528
v -0.001455 -0.025055 0.184529
v -0.001506 -0.024730 0.187822
v -0.008260 -0.027393 0.185218
v -0.000066 -0.024865 0.181862
v 0.000881 -0.024747 0.184779
v -0.001195 -0.025057 0.178338
v 0.001532 -0.024412 0.182775
v 0.002213 -0.023859 0.179179
v 0.000005 -0.024811 0.179449
v -0.000092 -0.024924 0.176118
v 0.001723 -0.024107 0.175651
v 0.000025 -0.024839 0.173547
v -0.001711 -0.025374 0.174723
v -0.002068 -0.025495 0.172166
v 0.000014 -0.024712 0.171851
v -0.001364 -0.025038 0.170002
v 0.002591 -0.024192 0.183774
v -0.004127 -0.025931 0.170716
v -0.004219 -0.025906 0.172239
v 0.003084 -0.024438 0.186742
v 0.004490 -0.024066 0.187682
v 0.004604 -0.024159 0.189058
v 0.002602 -0.024618 0.187973
v 0.003387 -0.024448 0.190935
v 0.004607 -0.024033 0.193062
v -0.004111 -0.025544 0.168564
v 0.003188 -0.023371 0.180205
v 0.000249 -0.024797 0.186700
v -0.002624 -0.024654 0.166386
v 0.003283 -0.024044 0.194837
v 0.004115 -0.023915 0.194851
v 0.003005 -0.023695 0.198017
v 0.004780 -0.023376 0.197568
v 0.003753 -0.023214 0.199946
v -0.005054 -0.025665 0.168451
v 0.005341 -0.022686 0.199953
v -0.008050 -0.026228 0.174150
v 0.005232 -0.023706 0.192944
v 0.002382 -0.023594 0.173827
v -0.000170 -0.023689 0.166572
v -0.001976 -0.023840 0.164153
v 0.000812 -0.023961 0.170243
v -0.000390 -0.022582 0.161261
v -0.001159 -0.022811 0.160636
v -0.002448 -0.023477 0.161776
v -0.002566 -0.023391 0.160723
v -0.004182 -0.024080 0.163124
v -0.005016 -0.024708 0.164829
v 0.004086 -0.023110 0.182162
v 0.004881 -0.023540 0.186060
v 0.004181 -0.023352 0.200861
v 0.005760 -0.022767 0.200836
v 0.001506 -0.023861 0.200743
v 0.006538 -0.022527 0.196991
v 0.006777 -0.021981 0.199938
v 0.007059 -0.022129 0.200848
v 0.003759 -0.022688 0.176124
v 0.005462 -0.023495 0.188030
v -0.004446 -0.023486 0.160622
v -0.006211 -0.025893 0.169557
v 0.001398 -0.023619 0.199507
v 0.000351 -0.023655 0.200080
v 0.006281 -0.022987 0.192686
v 0.008407 -0.021142 0.198326
v 0.009216 -0.020457 0.199993
v 0.002216 -0.024392 0.191959
v -0.000761 -0.021325 0.157314
v 0.000027 -0.021382 0.158682
v 0.004989 -0.022120 0.180200
v 0.007079 -0.021460 0.184553
v 0.007231 -0.020815 0.181037
v 0.006862 -0.020319 0.175907
v 0.006244 -0.020725 0.174995
v 0.008216 -0.020431 0.183195
v 0.001008 -0.022026 0.162929
v 0.001964 -0.022304 0.166759
v 0.002356 -0.020564 0.160680
v 0.002571 -0.021145 0.163012
v 0.004858 -0.021083 0.170230
v 0.003896 -0.022053 0.171834
v 0.008525 -0.021281 0.200894
v 0.007937 -0.021582 0.194544
v 0.009653 -0.019665 0.185422
v 0.007813 -0.021525 0.188836
v 0.010020 -0.019886 0.198244
v 0.009426 -0.020228 0.188813
v 0.010405 -0.019512 0.195075
v 0.009862 -0.020272 0.200861
v 0.006061 -0.020349 0.171874
v -0.002672 -0.022661 0.159016
v -0.001693 -0.021455 0.156468
v -0.001107 -0.020610 0.154554
v -0.002300 -0.020920 0.153885
v -0.003501 -0.021632 0.155772
v -0.001682 -0.019767 0.151915
v -0.002898 -0.020478 0.152428
v -0.002292 -0.018846 0.149506
v 0.000914 -0.019296 0.155251
v 0.002404 -0.018705 0.156279
v -0.000419 -0.019752 0.153771
v 0.002227 -0.019715 0.158630
v 0.003460 -0.020312 0.162661
v 0.004291 -0.020426 0.165849
v -0.000976 -0.018843 0.150932
v 0.011440 -0.018637 0.198630
v 0.010641 -0.019098 0.188791
v 0.008248 -0.019228 0.177093
v 0.006972 -0.019850 0.174221
v 0.011691 -0.018771 0.200907
v -0.004862 -0.022975 0.158942
v -0.001314 -0.017835 0.148802
v -0.004374 -0.021250 0.154120
v -0.004148 -0.020723 0.152539
v -0.004145 -0.022309 0.157439
v -0.000308 -0.017701 0.149832
v -0.010059 -0.028228 0.179804
v -0.003756 -0.018610 0.148415
v -0.004450 -0.018911 0.148824
v -0.002710 -0.018020 0.147947
v -0.009151 -0.027103 0.176786
v -0.004864 -0.024514 0.190024
v -0.000243 -0.023584 0.198585
v -0.001421 -0.023326 0.196714
v -0.002192 -0.024246 0.190183
v -0.009281 -0.027599 0.184909
v -0.005614 -0.023996 0.162793
v -0.005851 -0.023481 0.160666
v 0.000450 -0.024541 0.189656
v -0.006032 -0.021601 0.155822
v -0.003478 -0.023537 0.199943
v -0.003861 -0.023663 0.200393
v -0.007474 -0.026022 0.187850
v -0.005891 -0.021187 0.154163
v -0.010352 -0.028236 0.182125
v -0.007592 -0.025878 0.170987
v -0.005396 -0.023169 0.198113
v -0.005060 -0.023135 0.196626
v -0.001488 -0.023396 0.194478
v -0.005472 -0.023289 0.194690
v -0.002366 -0.023535 0.193241
v -0.005833 -0.023873 0.192196
v -0.006639 -0.022997 0.195986
v -0.006172 -0.024782 0.165407
v -0.007318 -0.024798 0.190013
v -0.005998 -0.020666 0.152822
v -0.005695 -0.019744 0.150842
v -0.006833 -0.023535 0.193105
v 0.001427 -0.023826 0.195728
v 0.001105 -0.024124 0.192973
v -0.000806 -0.024364 0.190005
v -0.003718 -0.016064 0.145094
v -0.006559 -0.023103 0.200065
v -0.004788 -0.016502 0.145446
v -0.004511 -0.014392 0.142880
v -0.005438 -0.014722 0.143109
v -0.007521 -0.024115 0.191272
v -0.010657 -0.027644 0.184287
v -0.009666 -0.027189 0.185833
v -0.009035 -0.026262 0.187488
v -0.003768 -0.013072 0.141998
v -0.002849 -0.024246 0.201058
v 0.002388 -0.024053 0.201098
v 0.004487 -0.023798 0.201270
v -0.005507 -0.013089 0.141504
v -0.007017 -0.013282 0.141706
v -0.006148 -0.012068 0.140725
v -0.007850 -0.012028 0.140819
v -0.008878 0.003722 0.135572
v -0.006928 0.002332 0.135277
v -0.008514 0.001866 0.135182
v -0.006006 0.004121 0.135605
v -0.005958 0.002315 0.135210
v -0.007995 0.006018 0.136282
v -0.005897 -0.000105 0.135000
v -0.008430 -0.000598 0.135058
v -0.006759 -0.000959 0.135069
v -0.004851 0.001768 0.135288
v -0.005771 -0.002456 0.135180
v -0.005045 -0.000959 0.135137
v -0.004882 0.003563 0.135692
v -0.008123 -0.003553 0.135477
v -0.006817 -0.003599 0.135490
v -0.005934 -0.004005 0.135537
v -0.008948 -0.002842 0.135532
v -0.009689 -0.000210 0.135458
v -0.009698 0.001920 0.135543
v -0.006098 0.005904 0.136358
v -0.006198 0.008731 0.137554
v -0.007591 0.008959 0.137572
v -0.008984 0.009140 0.137766
v -0.008691 0.010676 0.138546
v -0.004930 0.008013 0.137528
v -0.004981 0.005325 0.136440
v -0.006720 0.010709 0.138698
v -0.005050 0.009317 0.138229
v -0.004335 0.007030 0.137377
v -0.006374 0.011568 0.139423
v -0.009035 0.012151 0.139614
v -0.010074 0.010760 0.138912
v -0.010521 0.011627 0.139651
v -0.010728 0.013107 0.140798
v -0.009271 0.013619 0.140943
v -0.011296 0.014348 0.142163
v -0.012115 0.012528 0.140991
v -0.012993 0.014179 0.143173
v -0.013155 0.012235 0.141490
v -0.009832 0.014562 0.142052
v -0.012753 0.015386 0.144520
v -0.014164 0.014509 0.144861
v -0.014179 0.012472 0.142878
v -0.014359 0.015775 0.146798
v -0.014959 0.012991 0.144639
v -0.015454 0.014714 0.146975
v -0.015432 0.015910 0.148197
v -0.016604 0.015257 0.149081
v -0.017582 0.013494 0.149308
v -0.016384 0.012462 0.146777
v -0.018078 0.014738 0.150869
v -0.017614 0.015860 0.151082
v -0.018988 0.015707 0.153326
v -0.018136 0.016938 0.153286
v -0.019421 0.016980 0.155861
v -0.020044 0.015786 0.155991
v -0.020508 0.017133 0.158921
v -0.016610 0.016667 0.150724
v -0.019223 0.018193 0.157944
v -0.020226 0.018283 0.160507
v -0.021129 0.018093 0.162945
v -0.011423 0.008725 0.138650
v -0.010063 0.007904 0.137483
v -0.010881 0.006706 0.137424
v -0.009803 0.004536 0.136191
v -0.011997 0.010480 0.139638
v -0.012609 0.008062 0.138846
v -0.012891 0.009447 0.139633
v -0.011455 0.007099 0.138039
v -0.013088 0.005918 0.138362
v -0.013930 0.006960 0.139391
v -0.011580 0.004745 0.137481
v -0.010583 0.003497 0.136452
v -0.012887 0.003664 0.137826
v -0.011650 0.002908 0.137214
v -0.013810 0.003129 0.138314
v -0.014220 0.003726 0.138763
v -0.014061 0.010050 0.141010
v -0.010429 0.000823 0.135999
v -0.012939 0.000108 0.137764
v -0.011770 0.000683 0.137191
v -0.011041 0.000846 0.136687
v -0.013683 -0.000177 0.138258
v -0.011386 -0.002346 0.137195
v -0.010775 -0.002012 0.136704
v -0.010055 -0.001149 0.135787
v -0.012936 -0.003379 0.138145
v -0.014607 0.000206 0.139112
v -0.015175 0.005175 0.140308
v -0.015030 0.003199 0.139623
v -0.009645 -0.005137 0.136741
v -0.014064 -0.003258 0.139092
v -0.011370 -0.007118 0.138056
v -0.009803 -0.002923 0.136071
v -0.009989 -0.007290 0.137423
v -0.012673 -0.007631 0.139086
v -0.008964 -0.006074 0.136702
v -0.011183 -0.009196 0.138622
v -0.014886 0.007536 0.140952
v -0.012014 -0.009326 0.139312
v -0.014898 0.010283 0.142485
v -0.016357 0.006207 0.143039
v -0.017099 0.004959 0.143592
v -0.018574 0.005303 0.146116
v -0.017757 0.006626 0.145594
v -0.016162 0.007792 0.143912
v -0.016951 0.009034 0.146361
v -0.015805 0.010750 0.144787
v -0.016791 0.011444 0.147083
v -0.017689 0.012641 0.149243
v -0.017542 0.010489 0.148669
v -0.018469 0.013286 0.151164
v -0.019267 0.014681 0.153224
v -0.019398 0.013528 0.153523
v -0.018733 0.011279 0.152314
v -0.018541 0.010294 0.151547
v -0.020090 0.014552 0.155630
v -0.020019 0.010230 0.156215
v -0.019672 0.011294 0.155422
v -0.018022 0.009481 0.149272
v -0.020643 0.015416 0.158229
v -0.020094 0.011930 0.157543
v -0.020751 0.016335 0.159009
v -0.020210 0.011303 0.157834
v -0.021424 0.015975 0.162058
v -0.021313 0.016960 0.161724
v -0.021946 0.017046 0.164449
v -0.022784 0.015772 0.168123
v -0.022676 0.017140 0.167716
v -0.021295 0.012961 0.163552
v -0.022390 0.013852 0.167426
v -0.021899 0.012379 0.165265
v -0.022508 0.012493 0.167399
v -0.023063 0.014140 0.170136
v -0.021020 0.013766 0.162083
v -0.020779 0.012267 0.161379
v -0.020564 0.013855 0.159851
v -0.020324 0.012339 0.159236
v -0.023289 0.012399 0.170393
v -0.023561 0.015617 0.172610
v -0.023233 0.017120 0.170974
v -0.023816 0.015418 0.174408
v -0.023828 0.012872 0.173581
v -0.024128 0.013968 0.176448
v -0.024042 0.011566 0.173584
v -0.024522 0.011128 0.177625
v -0.023602 0.017395 0.174963
v -0.024142 0.015311 0.178148
v -0.024455 0.013326 0.179640
v -0.024780 0.010720 0.182371
v -0.021316 0.012041 0.162859
v -0.024622 0.012727 0.184963
v -0.024816 0.009930 0.187243
v -0.024352 0.014609 0.182410
v -0.020509 0.010985 0.158383
v -0.024441 0.012618 0.188291
v -0.024551 0.010109 0.192945
v -0.024959 0.009794 0.180896
v -0.024549 0.010253 0.173825
v -0.024924 0.008638 0.190894
v -0.023140 0.018121 0.172703
v -0.024611 0.009637 0.194941
v -0.025152 0.009056 0.184307
v -0.025214 0.007229 0.195455
v -0.024800 0.009805 0.197548
v -0.025566 0.006316 0.197597
v -0.025791 0.007193 0.198384
v -0.025318 0.009290 0.198628
v -0.026255 0.004556 0.198060
v -0.026331 0.003433 0.197130
v -0.026726 0.002387 0.198223
v -0.026610 0.001730 0.196634
v -0.026916 0.000693 0.198253
v -0.026767 -0.000804 0.196789
v -0.026896 -0.001879 0.198249
v -0.026497 -0.003554 0.196522
v -0.026386 -0.004798 0.197918
v -0.026128 -0.005237 0.196642
v -0.024895 -0.008961 0.197833
v -0.026045 -0.006212 0.198237
v -0.026704 -0.004388 0.198291
v -0.025258 -0.008903 0.198685
v -0.024667 -0.010275 0.198673
v -0.025512 -0.007127 0.197000
v -0.024541 -0.009418 0.196966
v -0.026762 -0.001530 0.195446
v -0.026849 0.000208 0.194410
v -0.026931 -0.003306 0.192899
v -0.027084 -0.001312 0.192747
v -0.026565 -0.005296 0.193101
v -0.025715 -0.007516 0.193915
v -0.024748 -0.009179 0.195329
v -0.026747 0.001797 0.193837
v -0.026807 0.003283 0.198506
v -0.027144 0.000141 0.192463
v -0.026296 0.003548 0.195126
v -0.023512 -0.011146 0.197885
v -0.024507 -0.010370 0.192512
v -0.023360 -0.011542 0.194698
v -0.026067 -0.006614 0.198418
v -0.026400 -0.007232 0.191559
v -0.026633 0.003318 0.192866
v -0.024198 -0.011226 0.198726
v -0.027309 0.001709 0.191369
v -0.025423 -0.009270 0.191646
v -0.023648 0.017194 0.179409
v -0.025777 0.005489 0.194553
v -0.027220 -0.005547 0.190832
v -0.027536 -0.003303 0.190942
v -0.024211 0.013768 0.187474
v -0.024194 0.014977 0.183806
v -0.024090 0.011232 0.195075
v -0.024226 0.011659 0.192158
v -0.019078 0.008770 0.151457
v -0.024504 0.011432 0.198672
v -0.024317 0.010998 0.197298
v -0.023829 0.011351 0.170823
v -0.026538 0.005439 0.198481
v -0.027765 -0.001528 0.190747
v -0.027737 0.000220 0.190758
v -0.025977 0.005278 0.193175
v -0.022296 0.018294 0.168248
v -0.019197 0.005344 0.147334
v -0.018745 0.007464 0.148800
v -0.021881 -0.013334 0.197343
v -0.023014 -0.012446 0.198592
v -0.021571 -0.013947 0.197929
v -0.022374 -0.013700 0.198633
v -0.020506 -0.015027 0.197656
v -0.020880 -0.015147 0.198339
v -0.020752 -0.014527 0.195043
v -0.023524 -0.011794 0.192329
v -0.021598 -0.013686 0.194229
v -0.018510 -0.017211 0.197549
v -0.019050 -0.017326 0.198521
v -0.024303 -0.011433 0.191018
v -0.027121 0.003528 0.190958
v -0.018747 -0.016638 0.194673
v -0.017767 -0.018728 0.198580
v -0.018262 -0.016993 0.191427
v -0.016334 -0.019073 0.194615
v -0.016806 -0.018928 0.197631
v -0.022041 -0.013468 0.192174
v -0.023127 0.011986 0.168660
v -0.028299 -0.006980 0.187767
v -0.026912 -0.009358 0.188398
v -0.029271 -0.005047 0.186786
v -0.019972 0.008849 0.154238
v -0.025422 0.007115 0.191503
v -0.025230 0.008430 0.187772
v -0.029317 -0.003167 0.187424
v -0.029376 -0.001396 0.187602
v -0.030059 -0.001376 0.175561
v -0.029589 0.000653 0.186854
v -0.030182 0.000707 0.174087
v -0.029466 0.002964 0.185576
v -0.030112 0.002237 0.171553
v -0.030574 0.000335 0.169784
v -0.030401 0.001431 0.165943
v -0.029937 0.003127 0.181099
v -0.029878 0.003274 0.177970
v -0.030154 0.001698 0.160602
v -0.029702 0.003062 0.173727
v -0.029079 0.004984 0.175240
v -0.028555 0.005256 0.170888
v -0.029615 0.003615 0.183030
v -0.026227 0.005398 0.191637
v -0.026546 0.005474 0.190493
v -0.029093 0.000901 0.188032
v -0.028789 0.003307 0.187585
v -0.021495 0.018817 0.166405
v -0.014932 -0.020193 0.192567
v -0.014890 -0.020258 0.191071
v -0.016573 -0.019754 0.198563
v -0.015145 -0.021067 0.198570
v -0.018077 -0.017319 0.189352
v -0.019592 -0.015829 0.190462
v -0.015320 -0.019994 0.189972
v -0.013976 -0.021249 0.190821
v -0.023235 -0.013102 0.190128
v -0.025349 -0.011499 0.188808
v -0.014806 -0.020606 0.197651
v -0.014024 -0.020974 0.194577
v -0.020316 -0.016121 0.198626
v -0.012787 -0.022056 0.192018
v -0.014525 -0.021279 0.189505
v -0.013116 -0.022885 0.189953
v -0.017029 -0.019034 0.187791
v -0.012099 -0.023067 0.191139
v -0.011993 -0.024164 0.189857
v -0.012486 -0.022110 0.193172
v -0.013401 -0.021655 0.197577
v -0.014159 -0.021516 0.198382
v -0.016846 -0.020197 0.186575
v -0.014154 -0.023656 0.187830
v -0.024191 -0.013908 0.186909
v -0.023477 -0.014164 0.187861
v -0.023458 -0.015241 0.186263
v -0.018128 -0.018147 0.187405
v -0.023088 0.018542 0.176442
v -0.021735 -0.014350 0.190038
v -0.020007 -0.015921 0.189090
v -0.015925 -0.020513 0.198675
v -0.029108 0.004849 0.182264
v -0.021959 -0.015164 0.198969
v -0.023706 0.015304 0.186496
v -0.028685 0.004881 0.185501
v -0.023641 0.012472 0.194071
v -0.023343 0.012811 0.196810
v -0.023468 0.013807 0.191066
v -0.023452 0.012889 0.198049
v -0.023898 0.012765 0.198693
v -0.025249 0.009201 0.180971
v -0.025225 0.009448 0.176464
v -0.023181 0.017685 0.181489
v -0.021156 0.004852 0.150609
v -0.020634 0.006294 0.151472
v -0.020686 0.007634 0.154073
v -0.028308 0.006205 0.173955
v -0.020988 0.011336 0.160190
v -0.022430 0.012175 0.166385
v -0.028076 0.004956 0.187563
v -0.028404 0.006088 0.178602
v -0.021722 0.006084 0.153399
v -0.020746 0.008605 0.155441
v -0.020554 0.010004 0.156956
v -0.027350 0.007208 0.171144
v -0.026604 0.007629 0.167525
v -0.028146 0.005158 0.168208
v -0.026636 0.006964 0.165588
v -0.024744 0.009379 0.164044
v -0.024831 0.008078 0.161392
v -0.023658 0.009632 0.160939
v -0.024059 0.007926 0.159075
v -0.026032 0.007105 0.188543
v -0.027579 0.005886 0.186965
v -0.022375 0.004751 0.152815
v -0.027619 0.007115 0.173473
v -0.024883 0.009918 0.167629
v -0.022815 0.006852 0.155871
v -0.027961 0.006140 0.184268
v -0.025913 0.008020 0.184989
v -0.022484 0.009196 0.158093
v -0.027251 0.007554 0.176166
v -0.025264 0.009543 0.170451
v -0.023778 0.010748 0.165217
v -0.026095 0.008309 0.180147
v -0.021558 0.010623 0.159454
v -0.022951 0.010433 0.161532
v -0.024195 -0.012380 0.167938
v -0.024495 -0.009739 0.166634
v -0.023232 -0.012333 0.164659
v -0.024822 -0.010871 0.168683
v -0.023365 -0.010599 0.163935
v -0.022748 -0.010682 0.161632
v -0.022515 -0.012467 0.162235
v -0.021957 -0.010867 0.158122
v -0.024609 -0.013465 0.171377
v -0.021687 -0.012152 0.158873
v -0.024226 -0.014857 0.171973
v -0.023517 -0.014003 0.168308
v -0.021110 -0.011310 0.155911
v -0.020830 -0.010316 0.153932
v -0.024651 -0.014701 0.174048
v -0.025017 -0.012108 0.171952
v -0.025358 -0.010746 0.171201
v -0.025312 -0.009342 0.168214
v -0.024222 -0.016343 0.175720
v -0.025419 -0.007653 0.167020
v -0.024761 -0.015171 0.176563
v -0.024314 -0.016983 0.178035
v -0.019937 -0.010266 0.151727
v -0.020374 -0.009426 0.151982
v -0.019028 -0.009524 0.148515
v -0.019271 -0.008596 0.148429
v -0.018052 -0.008578 0.145783
v -0.025933 -0.009118 0.169209
v -0.017454 -0.009832 0.145817
v -0.016971 -0.008987 0.144363
v -0.023697 -0.016039 0.173145
v -0.021729 -0.013085 0.161205
v -0.022697 -0.014034 0.166316
v -0.024688 -0.015949 0.179377
v -0.024314 -0.017290 0.180148
v -0.025935 -0.009781 0.170731
v -0.025981 -0.009957 0.172342
v -0.023667 -0.017897 0.178265
v -0.020910 -0.012250 0.157210
v -0.023518 -0.018442 0.181355
v -0.023151 -0.018718 0.179719
v -0.019687 -0.010820 0.152232
v -0.017892 -0.010772 0.148630
v -0.023036 -0.015185 0.169957
v -0.025409 -0.010774 0.175471
v -0.025762 -0.010194 0.176494
v -0.025311 -0.012344 0.180973
v -0.025137 -0.012830 0.178871
v -0.025844 -0.011292 0.181550
v -0.025913 -0.011587 0.184578
v -0.024974 -0.013561 0.182683
v -0.025462 -0.012227 0.185874
v -0.024347 -0.008117 0.165606
v -0.020181 -0.008443 0.151112
v -0.023339 -0.008848 0.163531
v -0.020816 -0.009456 0.153779
v -0.021527 -0.009321 0.156544
v -0.024586 -0.014936 0.183406
v -0.024713 -0.013768 0.185161
v -0.024177 -0.017020 0.181972
v -0.024134 -0.006876 0.164673
v -0.022668 -0.008959 0.161499
v -0.023040 -0.006562 0.162701
v -0.021991 -0.006792 0.159537
v -0.023565 -0.007019 0.163930
v -0.019190 -0.007167 0.148295
v -0.017388 -0.008291 0.144689
v -0.023527 -0.006110 0.163059
v -0.022945 -0.005259 0.161369
v -0.020184 -0.006704 0.151993
v -0.021027 -0.007071 0.155646
v -0.022293 -0.005644 0.160782
v -0.018083 -0.005605 0.146263
v -0.024184 -0.015315 0.184527
v -0.021391 -0.005117 0.158594
v -0.022324 -0.005099 0.160428
v -0.021365 -0.004498 0.157930
v -0.020896 -0.004698 0.156864
v -0.020861 -0.004041 0.156397
v -0.020260 -0.003943 0.154517
v -0.020437 -0.003370 0.154825
v -0.019742 -0.003061 0.153189
v -0.019163 -0.002894 0.151946
v -0.019161 -0.002444 0.151881
v -0.018579 -0.002386 0.150641
v -0.018493 -0.001797 0.150188
v -0.017997 -0.001648 0.148632
v -0.018133 -0.001057 0.148443
v -0.017418 -0.001136 0.146757
v -0.017304 -0.000262 0.146169
v -0.016732 -0.000343 0.144808
v -0.016943 -0.002086 0.144782
v -0.016012 -0.000966 0.142085
v -0.016628 0.000886 0.143483
v -0.015608 0.000580 0.140673
v -0.016577 -0.003796 0.143287
v -0.016722 0.001979 0.143239
v -0.016467 0.003746 0.142299
v -0.015184 -0.003430 0.140627
v -0.015983 -0.003478 0.141953
v -0.018365 -0.003236 0.148612
v -0.019565 -0.005150 0.150971
v -0.018701 -0.005011 0.148196
v -0.017176 -0.003992 0.144620
v -0.017123 0.000679 0.144824
v -0.017661 -0.006449 0.145456
v -0.016435 -0.005354 0.143505
v -0.018006 0.003804 0.144906
v -0.017806 0.001450 0.145330
v -0.020980 0.003048 0.149218
v -0.020902 0.001740 0.149240
v -0.023635 0.001249 0.153714
v -0.023296 0.002640 0.153110
v -0.024677 0.002651 0.155955
v -0.025545 0.001161 0.157765
v -0.026141 0.003353 0.160077
v -0.027392 0.001768 0.162940
v -0.027964 0.000394 0.164340
v -0.025727 -0.000375 0.158625
v -0.028011 -0.001097 0.164868
v -0.024744 -0.000394 0.156600
v -0.029085 -0.001248 0.168678
v -0.027961 -0.002913 0.165849
v -0.029541 -0.003156 0.171423
v -0.029886 -0.001341 0.171917
v -0.026820 -0.001207 0.161783
v -0.027118 -0.002966 0.163739
v -0.027955 -0.004911 0.167971
v -0.029003 -0.004951 0.171441
v -0.029598 -0.005101 0.174053
v -0.030130 -0.002862 0.158697
v -0.026269 -0.002870 0.161801
v -0.028058 -0.006573 0.170299
v -0.028790 -0.007459 0.174142
v -0.027965 -0.008403 0.171830
v -0.030153 -0.004770 0.163381
v -0.026964 -0.004946 0.165588
v -0.027057 -0.006861 0.168421
v -0.028458 -0.008258 0.174066
v -0.025033 -0.002182 0.158910
v -0.029426 -0.007431 0.178021
v -0.022989 0.000380 0.153119
v -0.029143 -0.008200 0.178364
v -0.030444 -0.003233 0.163569
v -0.015686 -0.005805 0.142617
v -0.013721 -0.005904 0.139906
v -0.027236 -0.008955 0.171091
v -0.023133 -0.000451 0.154077
v -0.030295 -0.001329 0.158997
v -0.025756 -0.004471 0.162726
v -0.030295 -0.004803 0.167598
v -0.029473 0.000291 0.170034
v -0.021068 0.000310 0.150519
v -0.020436 0.001178 0.148935
v -0.018927 0.001833 0.146567
v -0.019140 0.000269 0.148012
v -0.029595 -0.007223 0.181612
v -0.016155 -0.006651 0.143407
v -0.030582 -0.003161 0.168089
v -0.027761 -0.009006 0.172872
v -0.015793 -0.008427 0.142736
v -0.012846 -0.005898 0.138873
v -0.030697 -0.001452 0.166456
v -0.030167 -0.004985 0.171346
v -0.030053 0.000467 0.156846
v -0.021895 -0.000691 0.152696
v -0.028505 0.002061 0.166688
v -0.025817 -0.005722 0.164731
v -0.029071 -0.008208 0.182435
v -0.025399 -0.006893 0.166131
v -0.014613 -0.007972 0.141226
v -0.013935 -0.008552 0.140835
v -0.014965 -0.008850 0.142178
v -0.024821 -0.003192 0.159849
v -0.023758 -0.002269 0.157214
v -0.012182 -0.010379 0.140376
v -0.013452 -0.010619 0.142613
v -0.012941 -0.012458 0.143083
v -0.014444 -0.011436 0.144937
v -0.011998 -0.012394 0.141644
v -0.014666 -0.012440 0.147068
v -0.013149 -0.013221 0.145098
v -0.016129 -0.009885 0.144273
v -0.028568 -0.009082 0.180653
v -0.011108 -0.010882 0.139638
v -0.011383 -0.011968 0.140695
v -0.030507 0.000171 0.163062
v -0.028277 -0.009129 0.177705
v -0.029493 -0.006553 0.184441
v -0.030403 -0.003278 0.171898
v -0.027700 0.003462 0.164612
v -0.019747 -0.001243 0.150863
v -0.014235 -0.010134 0.142983
v -0.014911 -0.011201 0.145295
v -0.026757 -0.010577 0.185361
v -0.014028 -0.013349 0.147798
v -0.027879 -0.009063 0.175584
v -0.028562 0.003264 0.167593
v -0.029131 0.003121 0.170190
v -0.026465 -0.010862 0.183155
v -0.026754 -0.010336 0.181111
v -0.030524 -0.001388 0.172056
v -0.028944 -0.007375 0.185470
v -0.030015 -0.003922 0.174683
v -0.023935 0.003485 0.154745
v -0.028319 -0.009078 0.183470
v -0.015840 -0.011539 0.147291
v -0.027852 -0.009024 0.186023
v -0.011943 -0.013153 0.142817
v -0.025578 -0.011692 0.187748
v -0.023568 -0.017679 0.182845
v -0.024728 -0.004633 0.161774
v -0.027796 -0.009692 0.182907
v -0.025654 0.005299 0.160046
v -0.026813 0.005332 0.163410
v -0.022158 0.003419 0.151444
v -0.024551 0.005178 0.157257
v -0.027590 0.005208 0.165806
v -0.023602 -0.003374 0.158787
v -0.027874 -0.009630 0.180603
v -0.023388 -0.016948 0.184262
v -0.023583 0.005152 0.155262
v -0.026389 -0.009771 0.176006
v -0.009948 -0.009960 0.138517
v -0.006519 0.034061 0.199968
v -0.006543 0.033540 0.199142
v -0.008648 0.033294 0.199378
v -0.004609 0.034083 0.199426
v -0.008932 0.033092 0.199035
v -0.004021 0.033835 0.199035
v -0.010907 0.032747 0.199488
v -0.009000 0.033613 0.200490
v -0.011208 0.032415 0.199057
v -0.012199 0.032338 0.199620
v -0.004054 0.034571 0.200696
v -0.001566 0.034724 0.200412
v -0.006843 0.034138 0.200573
v -0.000779 0.034078 0.199380
v 0.001099 0.034752 0.200414
v -0.001597 0.033750 0.199137
v -0.001743 0.033703 0.198964
v -0.012687 0.031711 0.199024
v -0.013562 0.031742 0.199640
v -0.013839 0.031188 0.199079
v 0.003339 0.034092 0.199989
v 0.004776 0.034231 0.200702
v 0.005112 0.033854 0.200202
v 0.004214 0.033091 0.199428
v 0.000623 0.034887 0.201203
v 0.003971 0.034557 0.201426
v -0.002970 0.034662 0.201355
v 0.007205 0.033310 0.200163
v -0.006226 0.034244 0.201186
v 0.007024 0.032506 0.199578
v 0.008730 0.032904 0.200291
v 0.008907 0.031691 0.199510
v 0.010459 0.032018 0.200244
v 0.011386 0.031333 0.200106
v 0.010757 0.030681 0.199519
v 0.011664 0.029770 0.199401
v 0.012897 0.030300 0.200012
v 0.014350 0.029492 0.200000
v 0.013890 0.028725 0.199473
v 0.015919 0.028635 0.199903
v 0.027782 0.015943 0.201040
v 0.028623 0.013330 0.200946
v 0.027586 0.014837 0.199998
v 0.028118 0.013062 0.199945
v 0.026960 0.016162 0.199869
v 0.026727 0.018368 0.200909
v 0.026366 0.017809 0.199945
v 0.025780 0.018982 0.199911
v 0.028622 0.011048 0.199933
v 0.029373 0.010806 0.200945
v 0.029380 0.008091 0.199927
v 0.029977 0.008307 0.200932
v 0.030405 0.005654 0.200939
v 0.030007 0.004141 0.199928
v 0.025626 0.020504 0.201071
v 0.024800 0.020819 0.200014
v 0.024635 0.021947 0.201016
v 0.023757 0.022448 0.200085
v 0.027336 0.013789 0.199648
v 0.023528 0.023463 0.201474
v 0.022717 0.023476 0.199977
v 0.021560 0.024914 0.200235
v 0.021423 0.024693 0.199950
v 0.020138 0.025979 0.200020
v 0.025913 0.015341 0.199325
v 0.025175 0.017227 0.199338
v 0.024746 0.019669 0.199672
v 0.023643 0.021254 0.199642
v 0.026537 0.013330 0.199372
v 0.027906 0.010149 0.199482
v 0.027178 0.011824 0.199359
v 0.028181 0.007791 0.199364
v 0.022412 0.022717 0.199628
v 0.027707 0.010110 0.199352
v 0.021209 0.023878 0.199577
v 0.024037 0.019036 0.199389
v 0.023205 0.020033 0.199384
v 0.019709 0.025259 0.199569
v 0.020181 0.023700 0.199324
v 0.022175 0.021592 0.199396
v 0.018007 0.025101 0.199167
v 0.018267 0.026249 0.199503
v 0.016732 0.025739 0.199162
v 0.015918 0.027500 0.199326
v 0.014931 0.026370 0.199104
v 0.012989 0.026655 0.199060
v 0.013053 0.028242 0.199262
v 0.011922 0.027391 0.199099
v 0.010868 0.027948 0.199091
v 0.009720 0.028523 0.199059
v 0.009037 0.029101 0.199004
v 0.007884 0.029977 0.199006
v 0.006313 0.030745 0.199031
v 0.002181 0.032850 0.199132
v 0.002939 0.031791 0.198928
v 0.004343 0.031118 0.198950
v 0.000852 0.032342 0.198916
v -0.000901 0.033033 0.198933
v -0.001648 0.032983 0.199061
v 0.018005 0.027019 0.199711
v 0.017187 0.028004 0.199973
v 0.018648 0.027267 0.200107
v -0.001703 0.032726 0.198921
v 0.020701 0.022743 0.199132
v 0.019865 0.023704 0.199140
v -0.032774 0.015802 0.199278
v -0.032412 0.017747 0.198067
v -0.033243 0.015937 0.198035
v -0.033830 0.013569 0.199208
v -0.031392 0.018835 0.199196
v -0.031457 0.019597 0.198009
v -0.030066 0.021134 0.199290
v -0.029913 0.022018 0.198267
v -0.034267 0.013282 0.197993
v -0.034921 0.010028 0.196398
v -0.035007 0.010650 0.194536
v -0.035305 0.007782 0.196568
v -0.035452 0.007876 0.194386
v -0.029981 0.021890 0.197772
v -0.033450 0.015339 0.197773
v -0.028692 0.023763 0.198021
v -0.031317 0.018485 0.199343
v -0.035367 0.007726 0.194106
v -0.007753 0.039103 0.001791
v -0.003428 0.039848 0.001822
v -0.006476 0.039393 0.000201
v -0.003161 0.039888 0.000284
v -0.010682 0.038416 0.000951
v -0.010549 0.038375 0.001843
v 0.001202 0.040163 0.000914
v -0.013332 0.037480 0.001045
v -0.014800 0.036734 0.001828
v -0.016677 0.035938 0.000972
v -0.017660 0.035292 0.001858
v -0.020498 0.033480 0.000990
v -0.000034 0.039992 0.000133
v -0.020240 0.033608 0.000343
v -0.023061 0.031462 0.000451
v -0.016282 0.036011 0.000177
v -0.013531 0.037283 0.000232
v -0.010232 0.038412 0.000206
v -0.021640 0.032418 0.000207
v -0.025304 0.029360 0.000518
v 0.001728 0.003511 0.000199
v 0.005291 -0.009095 0.000114
v -0.000443 -0.009149 0.000183
v 0.006790 0.026843 0.000344
v -0.002127 0.013449 0.000258
v -0.009828 0.016863 0.000297
v -0.013814 0.024692 0.000316
v -0.007831 0.007966 0.000240
v -0.004674 -0.002496 0.000224
v -0.011695 0.001109 0.000228
v -0.013647 -0.008298 0.000251
v -0.006839 -0.015974 0.000224
v -0.017024 -0.017424 0.000252
v 0.000096 -0.018926 0.000161
v -0.013094 -0.022132 0.000231
v 0.005806 -0.015933 0.000095
v 0.017665 -0.006610 0.000150
v 0.025908 -0.011447 0.000094
v 0.009316 -0.021257 0.000143
v 0.020660 -0.020334 0.000116
v 0.012790 -0.030991 0.000158
v 0.032484 -0.009515 0.000044
v 0.033260 -0.019905 0.000029
v 0.029406 -0.027765 0.000034
v 0.032667 -0.023963 0.000002
v 0.022244 -0.026728 0.000113
v 0.008210 -0.030607 0.000131
v 0.001069 -0.029206 0.000153
v -0.007739 -0.026232 0.000198
v -0.009706 -0.034563 0.000144
v -0.021541 -0.013671 0.000240
v -0.024983 -0.004625 0.000229
v -0.021885 0.014621 0.000262
v -0.015699 0.008841 0.000256
v -0.011717 0.031364 0.000262
v -0.024563 0.023498 0.000271
v -0.006553 0.038964 0.000160
v -0.002762 0.030536 0.000312
v -0.001416 0.037185 0.000221
v 0.008067 0.034764 0.000246
v 0.008319 0.039310 0.000156
v 0.013809 0.038023 0.000121
v 0.012016 0.031975 0.000343
v 0.010904 0.038775 0.000134
v -0.031575 0.018213 0.000213
v -0.030154 0.022229 0.000248
v -0.029582 0.012924 0.000256
v -0.031134 0.005912 0.000234
v -0.029837 -0.004994 0.000220
v -0.032572 -0.015754 0.000221
v -0.029118 -0.023714 0.000241
v -0.031413 -0.019352 0.000227
v -0.025168 -0.024714 0.000237
v -0.027783 -0.025618 0.000262
v -0.015805 -0.032094 0.000170
v -0.023008 -0.030599 0.000155
v -0.015181 -0.036163 0.000164
v -0.019547 -0.033571 0.000177
v -0.012470 -0.037417 0.000174
v -0.009472 -0.038465 0.000151
v -0.004709 -0.039567 0.000095
v 0.002119 -0.037331 0.000086
v 0.001344 -0.040088 0.000111
v 0.009258 -0.039135 0.000125
v 0.013255 -0.038021 0.000052
v 0.015261 -0.037204 0.000043
v 0.017695 -0.035434 0.000057
v 0.024151 -0.032353 0.000077
v 0.026995 -0.030054 0.000062
v 0.006568 0.016352 0.000221
v 0.007431 0.023756 0.000332
v 0.013078 0.028800 0.000371
v 0.011376 0.022123 0.000356
v 0.011095 0.014719 0.000275
v 0.008117 -0.001636 0.000146
v 0.014763 -0.000255 0.000186
v 0.019718 0.008304 0.000224
v 0.026018 -0.006155 0.000145
v 0.032367 -0.001211 0.000069
v 0.038236 -0.006643 0.000008
v 0.039131 -0.011887 0.000000
v 0.036404 -0.014922 0.000019
v 0.038120 0.006940 0.000033
v 0.033736 0.007155 0.000073
v 0.038405 0.014194 0.000021
v 0.033392 0.018140 0.000051
v 0.040716 0.000982 0.000020
v 0.039889 0.009411 0.000077
v 0.025954 0.010857 0.000204
v 0.025645 0.022840 0.000239
v 0.020536 0.018436 0.000266
v 0.027940 0.029788 0.000107
v 0.032346 0.024858 0.000033
v 0.023027 0.033590 0.000129
v 0.016913 0.036674 0.000114
v 0.034243 0.022312 0.000068
v 0.035703 0.020056 0.000114
v 0.037066 0.017529 0.000098
v -0.032844 0.015714 0.000300
v -0.032946 0.009493 0.000303
v 0.034288 -0.021733 0.000063
v 0.035484 -0.020014 0.000119
v 0.036719 -0.017607 0.000094
v 0.038069 -0.014815 0.000099
v 0.040536 -0.006768 0.000103
v 0.040062 -0.008869 0.000101
v -0.033147 -0.004025 0.000357
v -0.033347 -0.012925 0.000318
v -0.027373 0.026758 0.000290
v 0.020181 0.035411 0.000157
v 0.026727 0.030835 0.000121
v 0.040885 0.004819 0.000111
v 0.021842 -0.033966 0.000127
v 0.019113 -0.035570 0.000191
v -0.033986 -0.008870 0.000452
v -0.031620 0.019732 0.000323
v -0.033470 0.007026 0.000408
v -0.033598 0.014227 0.000496
v -0.034331 0.010009 0.000572
v 0.005662 0.039843 0.000244
v -0.034309 0.005036 0.000766
v 0.041179 0.000407 0.000191
v -0.034632 -0.005244 0.000888
v -0.035105 -0.009008 0.000897
v -0.034376 -0.011393 0.000673
v -0.033558 -0.013748 0.000499
v 0.005007 -0.040004 0.000268
v -0.029780 0.023277 0.000382
v 0.015812 0.037376 0.000238
v -0.032584 -0.017132 0.000461
v -0.032721 0.017289 0.000497
v 0.040962 -0.003880 0.000237
v 0.039796 0.010490 0.000205
v -0.026406 -0.027553 0.000446
v -0.024160 -0.029911 0.000387
v -0.021337 -0.032279 0.000288
v 0.024545 0.032600 0.000203
v 0.007797 -0.039646 0.000325
v -0.001933 -0.039973 0.000223
v 0.030924 0.026664 0.000181
v -0.031281 -0.020011 0.000393
v -0.017205 -0.035106 0.000281
v 0.038375 0.014670 0.000164
v 0.040600 0.006828 0.000241
v 0.011481 -0.038698 0.000272
v 0.025831 0.024522 0.198502
v 0.026736 0.023313 0.197505
v 0.024681 0.025937 0.197638
v 0.027765 0.021896 0.198254
v 0.027941 0.021558 0.197639
v 0.023610 0.027099 0.198482
v 0.021636 0.029153 0.197495
v 0.021569 0.029181 0.198485
v 0.018980 0.031639 0.197648
v 0.019124 0.031484 0.198293
v 0.029145 0.019603 0.197643
v 0.029287 0.019265 0.198160
v 0.030531 0.017012 0.197689
v 0.030530 0.016907 0.198290
v 0.024113 0.026356 0.197491
v 0.001165 0.037064 0.198783
v 0.000084 0.037334 0.198023
v -0.003711 0.037109 0.198353
v -0.003893 0.036948 0.198747
v 0.004316 0.037115 0.197971
v 0.002828 0.036903 0.198914
v 0.008279 0.036422 0.198502
v 0.008916 0.036441 0.197854
v 0.011425 0.035838 0.198215
v 0.010123 0.035849 0.198519
v 0.012777 0.035199 0.198463
v -0.011909 -0.034334 0.199170
v -0.014786 -0.033332 0.199075
v -0.012005 -0.034681 0.198399
v -0.015279 -0.033465 0.198251
v -0.009426 -0.035084 0.199132
v -0.008244 -0.035710 0.198393
v -0.017871 -0.031793 0.199106
v -0.017579 -0.032338 0.198250
v -0.004302 -0.036057 0.199116
v -0.005645 -0.036214 0.198312
v -0.020388 -0.030666 0.198303
v -0.020992 -0.029928 0.199123
v -0.019101 -0.030760 0.199347
v -0.016293 -0.032283 0.199289
v -0.013862 -0.033321 0.199311
v -0.021630 -0.029048 0.199366
v -0.022467 -0.028870 0.199140
v -0.005311 -0.035502 0.199335
v -0.023067 -0.027854 0.199417
v -0.024807 -0.026648 0.199355
v -0.000090 -0.036081 0.199213
v 0.000674 -0.036366 0.198915
v 0.004204 -0.035831 0.199214
v -0.023573 -0.028408 0.198292
v 0.017179 0.004960 0.203313
v 0.019956 0.004824 0.204061
v 0.019227 0.004613 0.201966
v 0.017186 0.004717 0.201639
v 0.015691 0.004935 0.202743
v 0.015589 0.004725 0.201582
v 0.019093 0.004573 0.201073
v 0.020464 0.004681 0.201941
v 0.014574 0.004792 0.202393
v 0.019742 0.004620 0.201108
v 0.017472 0.005084 0.203893
v 0.021124 0.004596 0.203767
v 0.021167 0.004572 0.201712
v 0.017278 0.005027 0.204468
v 0.016617 0.004806 0.201376
v 0.020427 0.004948 0.201276
v 0.021963 0.004072 0.203068
v 0.020996 0.004177 0.204652
v 0.017990 0.004747 0.204747
v 0.016046 0.005242 0.204689
v 0.016632 0.005533 0.203788
v 0.016548 0.005710 0.204237
v 0.021798 0.003950 0.204137
v 0.016050 0.004174 0.201013
v 0.016528 0.004019 0.200676
v 0.027395 -0.016405 0.201612
v 0.026678 -0.017537 0.200902
v 0.027837 -0.014967 0.200941
v 0.028204 -0.014594 0.202070
v 0.026205 -0.018984 0.202062
v 0.028960 -0.011837 0.200885
v 0.029520 -0.010757 0.202012
v 0.030032 -0.007938 0.200976
v 0.030249 -0.007799 0.202030
v 0.025560 -0.019464 0.200837
v 0.024545 -0.021412 0.201432
v 0.024413 -0.021097 0.200690
v 0.029424 -0.008210 0.199962
v 0.027914 -0.012830 0.199906
v 0.027005 -0.015128 0.199882
v 0.023155 -0.022817 0.200799
v 0.028627 -0.010355 0.199873
v 0.025313 -0.018423 0.199895
v 0.026297 -0.016355 0.199817
v 0.029667 -0.005892 0.199884
v 0.030353 -0.005786 0.200912
v 0.029996 -0.003093 0.199895
v 0.030549 -0.003184 0.200895
v 0.027354 -0.016317 0.202784
v 0.025831 -0.019415 0.202732
v 0.028378 -0.013862 0.202681
v 0.029776 -0.009397 0.202776
v 0.024783 -0.021105 0.202645
v 0.023382 -0.022999 0.202030
v 0.021811 -0.024611 0.201296
v 0.021636 -0.024399 0.200691
v 0.022380 -0.022539 0.199927
v 0.023830 -0.020751 0.199954
v 0.019863 -0.026215 0.200897
v 0.021348 -0.025185 0.202158
v 0.019550 -0.026751 0.201741
v 0.017395 -0.028220 0.200906
v 0.017453 -0.028390 0.201988
v 0.023022 -0.023219 0.202751
v 0.020156 -0.026169 0.202669
v 0.014908 -0.030014 0.201550
v 0.028501 -0.007214 0.199456
v 0.028421 -0.007103 0.199348
v 0.028616 -0.000975 0.199329
v 0.028620 -0.002817 0.199409
v 0.027686 -0.008917 0.199395
v 0.028585 0.006754 0.199441
v 0.029048 0.005732 0.199524
v 0.030047 0.001199 0.199819
v 0.029056 -0.006301 0.199580
v 0.029380 0.008091 0.199927
v 0.028181 0.007791 0.199364
v 0.030007 0.004141 0.199928
v 0.028622 0.011048 0.199933
v 0.027079 -0.010270 0.199374
v 0.027175 -0.013148 0.199597
v 0.026593 -0.012479 0.199388
v 0.025880 -0.013863 0.199393
v 0.025188 -0.015015 0.199385
v 0.025029 -0.017588 0.199608
v 0.023912 -0.017614 0.199394
v 0.022979 -0.020214 0.199630
v 0.022199 -0.019377 0.199412
v 0.021057 -0.021156 0.199423
v 0.019928 -0.022110 0.199417
v 0.019737 -0.024154 0.199660
v 0.019243 -0.023450 0.199414
v 0.017369 -0.024691 0.199379
v 0.017517 -0.026460 0.199667
v 0.016174 -0.025793 0.199383
v 0.014926 -0.026496 0.199396
v 0.014979 -0.028273 0.199643
v 0.013556 -0.028087 0.199390
v 0.018828 0.027123 0.202458
v 0.020962 0.025803 0.202072
v 0.019206 0.027211 0.201739
v 0.017431 0.027972 0.202267
v 0.016366 0.028805 0.201618
v 0.014490 0.029502 0.202297
v 0.013444 0.030458 0.201669
v 0.012129 0.030792 0.202433
v 0.010351 0.032101 0.202311
v 0.011776 0.031617 0.201432
v 0.010454 0.032418 0.201411
v 0.008536 0.033017 0.202417
v 0.007810 0.033578 0.201799
v 0.020551 0.025522 0.202808
v 0.022184 0.024709 0.202233
v 0.022873 0.023632 0.202760
v 0.024018 0.022559 0.202667
v 0.009148 0.031978 0.203059
v 0.016734 0.027504 0.203019
v 0.013672 0.028989 0.203088
v 0.012041 0.029924 0.203107
v 0.010765 0.030765 0.203076
v 0.017926 0.026859 0.203039
v 0.006669 0.033024 0.202909
v 0.005446 0.033954 0.202353
v 0.022119 0.023326 0.203289
v 0.023934 0.021301 0.203367
v 0.019617 0.024896 0.203309
v 0.025425 0.020566 0.202803
v 0.025094 0.019811 0.203382
v 0.010039 0.029504 0.203607
v 0.016887 0.026501 0.203298
v 0.010582 0.029257 0.203500
v 0.008344 0.031210 0.203395
v 0.003583 0.033188 0.202864
v 0.001818 0.034011 0.202482
v 0.024456 0.018369 0.203766
v 0.025878 0.017306 0.203609
v 0.026476 0.017694 0.203301
v 0.026631 0.018571 0.202796
v 0.027692 0.014885 0.203300
v 0.026731 0.014162 0.203769
v 0.028092 0.011731 0.203612
v -0.003847 0.033294 0.202369
v -0.001965 0.034254 0.202078
v 0.029144 0.010685 0.203258
v 0.028150 0.009016 0.203781
v 0.029424 0.008232 0.203434
v -0.007023 0.033480 0.201891
v -0.005585 0.034119 0.201615
v 0.000677 0.034684 0.201844
v 0.030589 0.000624 0.203138
v 0.030804 0.000150 0.202708
v 0.030567 0.004714 0.202718
v 0.030595 -0.004439 0.202844
v 0.030799 -0.003177 0.202054
v 0.030537 -0.005876 0.202011
v 0.030249 -0.007799 0.202030
v 0.029776 -0.009397 0.202776
v 0.030222 0.003304 0.203376
v 0.030111 0.007796 0.202892
v 0.029459 -0.008243 0.203365
v 0.029271 -0.010153 0.203181
v 0.030046 -0.004308 0.203424
v 0.028324 -0.013212 0.203139
v 0.029610 -0.000031 0.203673
v 0.028165 -0.011043 0.203543
v 0.027093 -0.015404 0.203350
v 0.027354 -0.016317 0.202784
v 0.025692 -0.019061 0.203174
v 0.025708 -0.017476 0.203508
v 0.023994 -0.020261 0.203525
v 0.023541 -0.022036 0.203194
v 0.021262 -0.023742 0.203482
v 0.021605 -0.024326 0.203156
v 0.024783 -0.021105 0.202645
v 0.023022 -0.023219 0.202751
v 0.025831 -0.019415 0.202732
v 0.028378 -0.013862 0.202681
v 0.020156 -0.026169 0.202669
v 0.015198 -0.029600 0.202751
v 0.012512 -0.031029 0.202688
v 0.015142 -0.029856 0.202207
v 0.012443 -0.031303 0.201946
v 0.009574 -0.032451 0.201938
v 0.017634 -0.027991 0.202809
v 0.017453 -0.028390 0.201988
v 0.008359 -0.032483 0.202762
v 0.006605 -0.033322 0.202146
v 0.011154 -0.031169 0.203146
v 0.015396 -0.029042 0.203216
v 0.019012 -0.026618 0.203169
v 0.003676 -0.033968 0.202221
v 0.004984 -0.033192 0.202827
v 0.002405 -0.033453 0.202772
v 0.006821 -0.032052 0.203209
v 0.015877 -0.028144 0.203459
v 0.001228 -0.034201 0.202296
v 0.004743 -0.032375 0.203108
v 0.011586 -0.029993 0.203519
v 0.018366 -0.026078 0.203552
v 0.014289 -0.028004 0.203635
v 0.023307 -0.020102 0.203670
v 0.017618 -0.025142 0.203693
v 0.010192 -0.029575 0.203554
v 0.024255 -0.015769 0.203738
v 0.026696 -0.013729 0.203627
v 0.019177 -0.022336 0.203736
v 0.022373 -0.019572 0.203743
v 0.005102 -0.031116 0.203200
v 0.003042 -0.032515 0.202884
v 0.001925 -0.032950 0.202805
v 0.026563 -0.011653 0.203704
v 0.012022 -0.026540 0.203635
v 0.020334 -0.018295 0.203711
v 0.014627 -0.023768 0.203630
v 0.017157 -0.020863 0.203645
v 0.023961 -0.010935 0.203693
v 0.026814 -0.006663 0.203829
v 0.028979 -0.005985 0.203693
v 0.028657 -0.002424 0.203831
v 0.026340 -0.001794 0.203860
v 0.026031 0.004787 0.203824
v 0.024749 -0.003729 0.203756
v 0.020772 -0.013829 0.203572
v 0.008365 -0.027836 0.203444
v 0.024452 0.004673 0.203707
v 0.026728 0.009330 0.203854
v 0.024048 0.015933 0.203864
v 0.022864 0.013162 0.203819
v 0.020763 0.017730 0.203836
v 0.019902 0.016285 0.203744
v 0.020407 0.020400 0.203771
v 0.017181 0.020612 0.203609
v 0.016002 0.024473 0.203488
v 0.014513 0.021628 0.203454
v 0.023140 -0.008342 0.203628
v 0.022100 -0.010140 0.203529
v 0.013458 0.023035 0.203348
v 0.023158 0.010443 0.203726
v 0.018554 -0.017032 0.203517
v 0.010180 -0.025364 0.203449
v 0.015491 -0.020800 0.203492
v 0.021483 0.013220 0.203683
v 0.020996 0.022433 0.203631
v 0.017603 0.025155 0.203428
v 0.006001 -0.027412 0.203168
v 0.017183 0.018131 0.203413
v 0.022919 0.000855 0.203513
v 0.002533 -0.031220 0.202733
v 0.010127 -0.024402 0.203297
v 0.022974 0.005318 0.203454
v 0.022998 -0.003922 0.203458
v 0.003942 -0.027491 0.202845
v 0.003651 -0.030073 0.202924
v -0.001457 -0.033663 0.202435
v 0.012713 0.020931 0.203096
v 0.011554 0.023471 0.203338
v 0.014657 0.023942 0.203289
v 0.012030 0.020827 0.203104
v 0.001306 -0.031756 0.202600
v 0.029387 0.004666 0.203652
v 0.000846 -0.032871 0.202580
v 0.021964 -0.006841 0.203272
v 0.020530 -0.010999 0.203209
v 0.012995 0.024653 0.203103
v 0.010326 0.024564 0.203094
v 0.015700 0.025186 0.203311
v 0.014815 0.026163 0.203258
v 0.014713 0.027477 0.203276
v 0.013921 0.025128 0.203074
v 0.012937 0.026492 0.203536
v 0.012312 0.028842 0.203304
v 0.011656 0.028333 0.203315
v 0.010299 0.027696 0.203481
v 0.013636 0.020191 0.203035
v 0.013975 0.024605 0.203095
v 0.018963 -0.014046 0.203153
v 0.017094 -0.017359 0.203219
v 0.000905 -0.031072 0.202391
v -0.000578 -0.032325 0.202296
v 0.022207 0.022188 0.203527
v 0.019204 0.014488 0.203267
v 0.015137 -0.019675 0.203206
v 0.013521 -0.021326 0.203213
v 0.007358 -0.025377 0.202921
v 0.022215 -0.003462 0.203197
v 0.022357 0.000407 0.203442
v 0.022194 0.003614 0.203188
v 0.021148 0.010978 0.203221
v 0.020113 0.012774 0.203214
v 0.022054 0.008651 0.203278
v 0.021963 0.004072 0.203068
v 0.010996 0.021878 0.203468
v 0.010384 0.023452 0.203510
v -0.000357 -0.030818 0.201953
v 0.001999 -0.030084 0.202219
v 0.000914 -0.030254 0.202016
v 0.015559 0.018347 0.202991
v 0.017240 0.016839 0.203106
v 0.017881 0.015756 0.202976
v 0.011645 0.020495 0.203300
v 0.022055 -0.003088 0.203298
v 0.012509 0.019957 0.202601
v 0.013701 0.019106 0.202553
v 0.012018 0.019826 0.202603
v 0.021654 -0.004113 0.202602
v 0.021367 -0.003752 0.202712
v 0.012996 0.025091 0.203097
v 0.012249 0.025720 0.203136
v 0.010246 0.025934 0.203100
v 0.011836 0.027034 0.203191
v 0.010833 0.027115 0.203097
v -0.031350 0.014612 0.200479
v -0.029829 0.017438 0.200532
v -0.030555 0.016222 0.199966
v -0.028849 0.019199 0.199974
v -0.028098 0.020236 0.200542
v -0.027858 0.020729 0.199973
v -0.027064 0.021670 0.200570
v -0.026406 0.022560 0.199953
v -0.025582 0.023434 0.200515
v -0.025192 0.023945 0.200184
v -0.024033 0.024994 0.200533
v -0.023920 0.025152 0.200056
v -0.021404 0.027266 0.200374
v -0.025671 0.022438 0.201129
v -0.021529 0.026608 0.201087
v -0.027130 0.020249 0.201239
v -0.023891 0.024164 0.201221
v -0.028655 0.018011 0.201176
v -0.030103 0.015708 0.201036
v -0.031532 0.012982 0.200993
v -0.032677 0.011610 0.198255
v -0.032655 0.009832 0.199027
v -0.033362 0.009999 0.198152
v -0.034074 0.008032 0.198175
v -0.026069 0.019707 0.201694
v -0.024142 0.022832 0.201564
v -0.030086 0.014045 0.201379
v -0.021039 0.025833 0.201631
v -0.031607 0.009062 0.199713
v -0.033806 0.006890 0.198867
v -0.019326 0.028271 0.201123
v -0.017237 0.028807 0.201667
v -0.017534 0.029497 0.201127
v -0.015275 0.030767 0.201150
v -0.013411 0.030806 0.201856
v -0.012155 0.031666 0.201748
v -0.034638 0.005887 0.198146
v -0.033878 0.004196 0.199136
v -0.034889 0.003570 0.198232
v -0.033928 -0.002631 0.199174
v -0.034618 -0.001862 0.198603
v -0.034594 -0.005513 0.198191
v -0.034985 -0.001529 0.198103
v -0.013294 0.031797 0.201160
v -0.011258 0.032668 0.201211
v -0.007023 0.033480 0.201891
v -0.009154 0.033415 0.201252
v 0.000084 0.037334 0.198023
v 0.004316 0.037115 0.197971
v 0.002469 0.037143 0.197583
v 0.008182 0.036509 0.197541
v 0.008916 0.036441 0.197854
v 0.012490 0.035518 0.197629
v -0.004265 0.037110 0.197869
v -0.005335 0.036931 0.197632
v -0.003757 0.036660 0.197505
v 0.011385 0.035683 0.197488
v 0.041117 0.002254 0.001752
v 0.041077 -0.002363 0.001760
v 0.041245 0.000527 0.000813
v 0.040962 -0.003880 0.000237
v 0.040551 -0.006714 0.001784
v 0.040885 0.004819 0.000111
v 0.041179 0.000407 0.000191
v 0.040777 0.005800 0.001365
v 0.040348 0.008014 0.001777
v -0.005069 0.019927 0.185163
v -0.006832 0.018165 0.184040
v -0.006026 0.019853 0.184376
v -0.004959 0.020979 0.185409
v -0.003056 0.020781 0.186518
v -0.003791 0.019917 0.186157
v -0.006632 0.020701 0.184305
v -0.002804 0.019887 0.187054
v -0.001001 0.020613 0.187836
v -0.001992 0.021461 0.187443
v -0.000982 0.021522 0.188234
v 0.000032 0.021249 0.188861
v 0.000556 0.020622 0.189047
v -0.003750 0.021415 0.186406
v -0.006929 0.020139 0.183704
v -0.007034 0.019288 0.183312
v -0.006896 0.018736 0.183547
v -0.007639 0.019330 0.182420
v -0.007738 0.018259 0.181819
v -0.008480 0.019351 0.181241
v -0.008061 0.019943 0.182411
v -0.008329 0.020424 0.182897
v 0.000475 0.021552 0.189686
v 0.001343 0.020891 0.189940
v -0.008386 0.018047 0.180386
v -0.009364 0.018625 0.179358
v -0.006907 0.021047 0.184517
v 0.002461 0.021296 0.191971
v -0.008980 0.017665 0.179029
v -0.009624 0.017307 0.177617
v -0.006373 0.021501 0.185520
v -0.003363 0.022058 0.187482
v -0.009029 0.019901 0.181683
v -0.009828 0.019376 0.180266
v -0.010799 0.018574 0.178335
v -0.001224 0.022216 0.189291
v 0.001863 0.022057 0.193037
v 0.000302 0.022572 0.192772
v 0.001652 0.023335 0.196290
v 0.000394 0.023098 0.194822
v -0.001144 0.024035 0.196370
v 0.030079 -0.027134 0.001140
v 0.029406 -0.027765 0.000034
v 0.031293 -0.025746 0.000170
v 0.028546 -0.028642 0.001740
v 0.026995 -0.030054 0.000062
v 0.027237 -0.029912 0.001212
v 0.024432 -0.032213 0.000862
v 0.024151 -0.032353 0.000077
v 0.025650 -0.031169 0.001796
v 0.031449 -0.025494 0.001760
v 0.033186 -0.023350 0.001078
v 0.032667 -0.023963 0.000002
v 0.034288 -0.021733 0.000063
v 0.035484 -0.020014 0.000119
v 0.033890 -0.022277 0.001789
v 0.034666 -0.021168 0.001763
v 0.036766 -0.017640 0.001590
v 0.029511 -0.027570 0.001765
v -0.031597 -0.018084 0.199123
v -0.032588 -0.015914 0.199267
v -0.032789 -0.016349 0.198196
v -0.031451 -0.018975 0.198254
v -0.030403 -0.020358 0.199127
v -0.034082 -0.013332 0.198415
v -0.034028 -0.012462 0.199281
v -0.035119 -0.009412 0.196291
v -0.034857 -0.011106 0.194851
v -0.029568 -0.022082 0.198362
v -0.029151 -0.021948 0.199315
v -0.028070 -0.024014 0.198326
v -0.026354 -0.025534 0.199044
v -0.028000 -0.023184 0.199424
v -0.031440 -0.017646 0.199451
v -0.030315 -0.019723 0.199482
v -0.025976 -0.026247 0.198316
v -0.023573 -0.028408 0.198292
v -0.024807 -0.026648 0.199355
v -0.032866 -0.014590 0.199421
v -0.034005 -0.011804 0.196582
v -0.034749 -0.009419 0.196557
v -0.035252 -0.007548 0.196590
v -0.022467 -0.028870 0.199140
v 0.017054 -0.015773 0.202092
v 0.017155 -0.015175 0.201296
v 0.016334 -0.016392 0.201237
v 0.016153 -0.017032 0.202104
v 0.018583 -0.013291 0.202080
v 0.018413 -0.013109 0.201195
v 0.019093 -0.011815 0.201173
v 0.015083 -0.017980 0.201291
v 0.015044 -0.018766 0.202521
v 0.013416 -0.019898 0.201338
v 0.013977 -0.019897 0.202531
v 0.012496 -0.021355 0.202580
v 0.019505 -0.011374 0.202073
v 0.019946 -0.009833 0.201138
v 0.020249 -0.010097 0.202588
v 0.017728 -0.015826 0.203009
v 0.018963 -0.014046 0.203153
v 0.019609 -0.012509 0.202988
v 0.016372 -0.017765 0.202968
v 0.020530 -0.010999 0.203209
v 0.015137 -0.019675 0.203206
v 0.020817 -0.008297 0.202582
v 0.021198 -0.007833 0.202935
v 0.021124 -0.006212 0.202005
v 0.020634 -0.007365 0.201065
v 0.021654 -0.004113 0.202602
v 0.021081 -0.004729 0.201218
v 0.017094 -0.017359 0.203219
v 0.021964 -0.006841 0.203272
v 0.022215 -0.003462 0.203197
v 0.021168 -0.003989 0.201510
v 0.019257 -0.003751 0.203734
v 0.017642 -0.003358 0.202763
v 0.019557 -0.003921 0.202669
v 0.017730 -0.003388 0.203943
v 0.016733 -0.003231 0.202787
v 0.015348 -0.003265 0.203630
v 0.015352 -0.003068 0.204706
v 0.018919 -0.003470 0.204410
v 0.021084 -0.003664 0.203343
v 0.021367 -0.003752 0.202712
v 0.020535 -0.003736 0.204215
v 0.020114 -0.003663 0.201556
v 0.021168 -0.003989 0.201510
v 0.017409 -0.002883 0.201303
v 0.018619 -0.003336 0.200976
v 0.019147 -0.003467 0.201114
v 0.014588 -0.002806 0.203585
v 0.021287 -0.003474 0.204288
v 0.019784 -0.003280 0.204693
v 0.022055 -0.003088 0.203298
v 0.021654 -0.004113 0.202602
v -0.029627 -0.022774 0.001913
v -0.031088 -0.020400 0.001791
v -0.029430 -0.023380 0.000954
v -0.027425 -0.026031 0.001888
v -0.027357 -0.026381 0.001179
v -0.024620 -0.029405 0.001896
v -0.026406 -0.027553 0.000446
v -0.031281 -0.020011 0.000393
v -0.032584 -0.017132 0.000461
v -0.032937 -0.016169 0.001797
v -0.029118 -0.023714 0.000241
v -0.027783 -0.025618 0.000262
v -0.033558 -0.013748 0.000499
v -0.034038 -0.012505 0.001941
v -0.034484 -0.011565 0.001462
v -0.034969 -0.010450 0.002236
v -0.035228 -0.010102 0.001578
v 0.038633 -0.013568 0.001345
v 0.038069 -0.014815 0.000099
v 0.039131 -0.011887 0.000000
v 0.039750 -0.010297 0.001285
v 0.040062 -0.008869 0.000101
v 0.040536 -0.006768 0.000103
v 0.040008 -0.009108 0.001742
v 0.040551 -0.006714 0.001784
v 0.040962 -0.003880 0.000237
v 0.036766 -0.017640 0.001590
v 0.038091 -0.014773 0.001753
v 0.036719 -0.017607 0.000094
v 0.035484 -0.020014 0.000119
v 0.039024 -0.011858 0.001734
v 0.033148 0.009161 0.198276
v 0.033609 0.006228 0.198317
v 0.033768 0.006193 0.197656
v 0.033167 0.009606 0.197674
v 0.032748 0.010850 0.198229
v 0.033991 0.003031 0.198243
v 0.032631 0.011416 0.197665
v 0.031630 0.014119 0.198234
v 0.031631 0.014367 0.197624
v 0.030530 0.016907 0.198290
v 0.031048 0.015031 0.198533
v 0.032250 0.011600 0.198467
v 0.030531 0.017012 0.197689
v 0.034215 0.000010 0.197884
v 0.034063 -0.001490 0.198203
v 0.033835 -0.004615 0.197657
v 0.031565 -0.013498 0.198237
v 0.031599 -0.013704 0.197724
v 0.032234 -0.011840 0.198117
v 0.030626 -0.015685 0.198300
v 0.029941 -0.017455 0.198100
v 0.030638 -0.015967 0.197740
v 0.032223 -0.011701 0.197723
v 0.032706 -0.010202 0.197773
v 0.032796 -0.009724 0.198223
v 0.033183 -0.008519 0.197714
v 0.033612 -0.006111 0.198135
v 0.032960 -0.007882 0.198447
v 0.033616 -0.003604 0.198440
v 0.031187 -0.013034 0.198663
v 0.031694 -0.011345 0.198653
v 0.032049 -0.010460 0.198551
v 0.029236 -0.018132 0.198477
v 0.030635 -0.014373 0.198653
v 0.028803 -0.019530 0.198184
v 0.028175 -0.019516 0.198703
v 0.029399 -0.016858 0.198655
v 0.029982 -0.015671 0.198637
v 0.028787 -0.018155 0.198671
v 0.026413 -0.022640 0.198612
v 0.027362 -0.021859 0.198193
v 0.026090 -0.022274 0.199152
v 0.027964 -0.019195 0.199203
v 0.025319 -0.024598 0.198140
v 0.024490 -0.024993 0.198649
v 0.024065 -0.025969 0.198328
v 0.028669 -0.017631 0.199281
v 0.029504 -0.015920 0.199233
v 0.030473 -0.014089 0.199177
v 0.031127 -0.012516 0.199180
v 0.031742 -0.010323 0.199254
v 0.032403 -0.007621 0.198666
v 0.032275 -0.006560 0.199224
v 0.011431 -0.034139 0.199138
v 0.010939 -0.034708 0.198418
v 0.012978 -0.034034 0.198234
v 0.013868 -0.033017 0.199257
v 0.015442 -0.032850 0.198251
v 0.016301 -0.031777 0.199145
v 0.017482 -0.031700 0.198258
v 0.018626 -0.030215 0.199308
v 0.018693 -0.030896 0.198208
v 0.019945 -0.029975 0.198282
v 0.021282 -0.028770 0.198376
v 0.021158 -0.028076 0.199261
v 0.022653 -0.027437 0.198387
v 0.007322 -0.035359 0.199088
v 0.016639 -0.031229 0.199391
v 0.014926 -0.032271 0.199340
v 0.023701 -0.025209 0.199168
v 0.010964 -0.033951 0.199290
v 0.018877 -0.029590 0.199414
v 0.021687 -0.026999 0.199356
v 0.024857 -0.023252 0.199322
v 0.007808 -0.034754 0.199288
v 0.003557 -0.035407 0.199345
v 0.004204 -0.035831 0.199214
v -0.000090 -0.036081 0.199213
v 0.004845 -0.036196 0.198322
v 0.007771 -0.035571 0.198238
v 0.031694 0.011394 0.199110
v 0.032382 0.008723 0.198576
v 0.031792 0.011537 0.198675
v 0.030964 0.013428 0.199100
v 0.031185 0.013576 0.198704
v 0.032028 0.007889 0.199310
v 0.030460 0.014724 0.199127
v 0.032362 0.008003 0.198913
v 0.032725 0.007434 0.198573
v 0.032411 0.004809 0.199284
v 0.032862 -0.000651 0.198598
v 0.032435 -0.003280 0.199284
v 0.033168 0.006912 0.198506
v 0.033683 0.002996 0.198469
v 0.030539 0.014982 0.198706
v 0.029968 0.016187 0.198648
v 0.032757 -0.006206 0.198596
v 0.032330 0.007719 0.199277
v 0.029930 0.015720 0.199147
v 0.029287 0.019265 0.198160
v 0.027765 0.021896 0.198254
v 0.028623 0.020103 0.198523
v 0.029791 0.017901 0.198505
v 0.027283 0.022226 0.198500
v 0.025831 0.024522 0.198502
v 0.015980 0.033690 0.198117
v 0.017979 0.032140 0.198440
v 0.019124 0.031484 0.198293
v 0.015474 0.033771 0.198434
v 0.013471 0.035048 0.198278
v 0.012777 0.035199 0.198463
v 0.021569 0.029181 0.198485
v 0.022175 0.021592 0.199396
v 0.022592 0.021350 0.199152
v 0.020701 0.022743 0.199132
v 0.023205 0.020033 0.199384
v 0.023946 0.019444 0.199171
v 0.024037 0.019036 0.199389
v 0.024401 0.018607 0.199261
v 0.025175 0.017227 0.199338
v 0.026537 0.013330 0.199372
v 0.026061 0.015098 0.199160
v 0.025913 0.015341 0.199325
v 0.025114 0.017775 0.199142
v 0.027459 0.012000 0.199139
v 0.027178 0.011824 0.199359
v 0.027707 0.010110 0.199352
v 0.028562 0.006991 0.199315
v 0.028181 0.007791 0.199364
v 0.029138 0.008010 0.199217
v 0.031327 0.011102 0.199202
v 0.029372 0.016613 0.199070
v 0.028552 0.017827 0.199049
v 0.027458 0.018658 0.199050
v 0.026431 0.020448 0.198995
v 0.025036 0.022424 0.198958
v 0.029340 0.002790 0.199207
v 0.029319 -0.003230 0.199193
v 0.031291 -0.010216 0.199331
v 0.028502 -0.009354 0.199287
v 0.029707 -0.014536 0.199360
v 0.027074 -0.013544 0.199291
v 0.025424 -0.016759 0.199308
v 0.027732 -0.018664 0.199373
v 0.026028 -0.021524 0.199363
v 0.024566 -0.022192 0.199362
v 0.023912 -0.017614 0.199394
v 0.025188 -0.015015 0.199385
v 0.020081 -0.024740 0.199350
v 0.015599 -0.030053 0.199275
v 0.014224 -0.028855 0.199285
v 0.011037 -0.031925 0.199235
v 0.005034 -0.034159 0.199306
v 0.000477 -0.034197 0.199283
v 0.004433 -0.031668 0.199405
v 0.003127 -0.032299 0.199429
v 0.022199 -0.019377 0.199412
v 0.016174 -0.025793 0.199383
v 0.017369 -0.024691 0.199379
v 0.019243 -0.023450 0.199414
v 0.019928 -0.022110 0.199417
v 0.021057 -0.021156 0.199423
v -0.007382 -0.034745 0.199392
v -0.005311 -0.035502 0.199335
v 0.014926 -0.026496 0.199396
v 0.027079 -0.010270 0.199374
v 0.011496 -0.029206 0.199395
v 0.009789 -0.030011 0.199408
v 0.008448 -0.030721 0.199415
v 0.022965 0.024611 0.198942
v 0.019865 0.023704 0.199140
v 0.020971 0.026379 0.198864
v 0.006615 -0.031292 0.199426
v 0.018007 0.025101 0.199167
v 0.013556 -0.028087 0.199390
v 0.027686 -0.008917 0.199395
v 0.016002 0.029090 0.198797
v 0.016732 0.025739 0.199162
v 0.014931 0.026370 0.199104
v 0.012989 0.026655 0.199060
v 0.010844 0.031024 0.198836
v 0.012717 0.032787 0.198562
v 0.007744 0.034195 0.198773
v 0.007884 0.029977 0.199006
v 0.009037 0.029101 0.199004
v 0.006313 0.030745 0.199031
v 0.010868 0.027948 0.199091
v 0.004343 0.031118 0.198950
v 0.003251 0.033135 0.198918
v 0.003843 0.034926 0.198847
v 0.002939 0.031791 0.198928
v 0.000852 0.032342 0.198916
v -0.000901 0.033033 0.198933
v 0.005901 0.036366 0.198824
v -0.002521 0.034601 0.198849
v 0.002828 0.036903 0.198914
v 0.001415 0.036787 0.198922
v -0.005351 0.036543 0.198925
v -0.007164 0.035998 0.198943
v -0.009647 0.033344 0.198966
v -0.006438 0.033697 0.198890
v -0.010811 0.034955 0.199116
v 0.011922 0.027391 0.199099
v 0.010123 0.035849 0.198519
v 0.018641 0.029023 0.198568
v 0.021580 0.027146 0.198624
v -0.012889 0.032211 0.198899
v 0.023610 0.027099 0.198482
v -0.014333 0.034037 0.199122
v -0.016955 0.032630 0.199159
v -0.017374 0.030009 0.198942
v -0.015596 0.030870 0.198937
v 0.023606 0.025372 0.198657
v 0.028421 -0.007103 0.199348
v 0.025880 -0.013863 0.199393
v 0.026593 -0.012479 0.199388
v -0.008887 0.035989 0.198953
v -0.019945 0.030218 0.199207
v -0.019693 0.028419 0.199031
v -0.021565 0.029728 0.199197
v -0.022504 0.026438 0.199081
v -0.023566 0.027229 0.199218
v -0.023880 0.028091 0.199227
v -0.027139 0.024930 0.199254
v -0.027119 0.023964 0.199248
v -0.030066 0.021134 0.199290
v -0.029915 0.019932 0.199334
v -0.031317 0.018485 0.199343
v -0.025265 0.024292 0.199088
v -0.025256 0.023526 0.199161
v -0.018264 0.032079 0.199065
v -0.027145 0.021802 0.199099
v -0.029007 0.019247 0.199179
v -0.030800 0.016098 0.199188
v -0.032277 0.015153 0.199310
v -0.032774 0.015802 0.199278
v -0.033830 0.012709 0.199325
v -0.032131 0.012583 0.199236
v -0.031448 0.014003 0.199278
v -0.032823 0.011099 0.196385
v -0.034322 0.009843 0.196486
v -0.033533 0.009664 0.196523
v -0.034078 0.008350 0.196555
v -0.034921 0.010028 0.196398
v -0.034624 0.006795 0.196757
v -0.034318 0.007978 0.196634
v -0.035305 0.007782 0.196568
v 0.026096 0.022400 0.198675
v -0.030586 0.015652 0.199251
v -0.012223 0.034919 0.199067
v 0.009720 0.028523 0.199059
v 0.028616 -0.000975 0.199329
v -0.005663 -0.033830 0.199238
v -0.010528 -0.034158 0.199301
v -0.009723 -0.033529 0.199218
v -0.010872 -0.032797 0.199165
v -0.013862 -0.033321 0.199311
v -0.009227 -0.033116 0.199246
v -0.006155 -0.033524 0.199347
v -0.012432 -0.031751 0.199279
v -0.013578 -0.031335 0.199214
v -0.016197 -0.031724 0.199322
v -0.016293 -0.032283 0.199289
v -0.019101 -0.030760 0.199347
v -0.019294 -0.029756 0.199356
v -0.021630 -0.029048 0.199366
v -0.021618 -0.028170 0.199357
v -0.023067 -0.027854 0.199417
v -0.023206 -0.026573 0.199356
v -0.024881 -0.023997 0.199260
v -0.023682 -0.025114 0.199288
v -0.019120 -0.028594 0.199252
v -0.017835 -0.029368 0.199227
v -0.020770 -0.027476 0.199277
v -0.022109 -0.026449 0.199259
v -0.016095 -0.030705 0.199172
v -0.028000 -0.023184 0.199424
v -0.026881 -0.022984 0.199349
v -0.029337 -0.020717 0.199487
v -0.026562 -0.022184 0.199271
v -0.027566 -0.020838 0.199225
v -0.028263 -0.019886 0.199257
v -0.030011 0.016792 0.199266
v -0.029820 -0.017217 0.199326
v -0.030315 -0.019723 0.199482
v -0.031440 -0.017646 0.199451
v -0.030943 -0.015051 0.199269
v -0.032866 -0.014590 0.199421
v -0.031679 -0.013657 0.199350
v -0.032253 -0.012436 0.199333
v -0.034005 -0.011804 0.196582
v -0.032871 -0.011134 0.196496
v -0.033654 -0.009492 0.196580
v -0.034749 -0.009419 0.196557
v -0.034351 -0.007499 0.196678
v -0.034830 -0.007002 0.196741
v -0.034828 -0.005654 0.196821
v -0.033436 -0.009660 0.196540
v -0.034024 -0.007929 0.196793
v 0.030633 -0.012509 0.199316
v -0.035252 -0.007548 0.196590
v 0.028039 0.019308 0.198708
v -0.024807 -0.026648 0.199355
v 0.029173 0.017361 0.198681
v -0.015342 0.030597 0.199014
v -0.029325 0.018023 0.199266
v -0.028662 0.019104 0.199253
v -0.027993 0.020126 0.199318
v -0.015103 -0.030628 0.199255
v -0.016686 -0.029893 0.199280
v -0.016523 0.029970 0.199077
v -0.012687 0.031711 0.199024
v -0.013839 0.031188 0.199079
v -0.002524 -0.033809 0.199308
v -0.000006 -0.033613 0.199389
v 0.001804 -0.033039 0.199445
v -0.029151 -0.021948 0.199315
v -0.008932 0.033092 0.199035
v -0.011208 0.032415 0.199057
v -0.011909 -0.034334 0.199170
v -0.009426 -0.035084 0.199132
v -0.017360 0.029448 0.199097
v -0.018501 0.028795 0.199114
v -0.019473 0.028228 0.199131
v -0.021108 0.030411 0.199072
v -0.010431 -0.032450 0.199343
v -0.020157 0.027679 0.199196
v -0.033830 0.013569 0.199208
v -0.027073 0.021390 0.199221
v -0.026027 0.022612 0.199210
v -0.004021 0.033835 0.199035
v -0.001743 0.033703 0.198964
v -0.001703 0.032726 0.198921
v -0.021432 0.026908 0.199195
v -0.022311 0.026189 0.199199
v -0.023381 0.025231 0.199205
v 0.008279 0.036422 0.198502
v 0.001165 0.037064 0.198783
v -0.035115 0.007056 0.196867
v -0.035063 0.004023 0.196938
v -0.036404 0.007146 0.197057
v -0.035714 -0.007318 0.196977
v -0.036731 -0.005206 0.197084
v -0.037067 0.007606 0.197013
v -0.037676 -0.007147 0.196791
v -0.037675 0.005522 0.196847
v -0.038380 0.007113 0.196331
v -0.038405 -0.006053 0.196338
v -0.003893 0.036948 0.198747
v -0.007113 0.036493 0.198683
v -0.037854 0.007710 0.196394
v -0.039091 -0.007298 0.195394
v -0.035118 -0.001365 0.196887
v -0.039083 0.004613 0.195369
v -0.039239 0.007703 0.194766
v -0.006543 0.033540 0.199142
v 0.039137 0.012598 0.001500
v 0.039796 0.010490 0.000205
v 0.038375 0.014670 0.000164
v 0.040013 0.009705 0.001407
v 0.038046 0.015386 0.001773
v 0.037066 0.017529 0.000098
v 0.036934 0.017743 0.001729
v 0.035703 0.020056 0.000114
v 0.035720 0.019993 0.001737
v 0.040600 0.006828 0.000241
v 0.040348 0.008014 0.001777
v 0.040777 0.005800 0.001365
v 0.040885 0.004819 0.000111
v -0.019001 -0.033903 0.001761
v -0.021337 -0.032279 0.000288
v -0.019547 -0.033571 0.000177
v -0.021754 -0.031859 0.001880
v -0.017205 -0.035106 0.000281
v -0.016595 -0.035382 0.001873
v -0.024160 -0.029911 0.000387
v -0.024620 -0.029405 0.001896
v -0.015181 -0.036163 0.000164
v -0.013454 -0.036900 0.001882
v -0.012470 -0.037417 0.000174
v -0.011932 -0.037568 0.001855
v -0.009606 -0.038385 0.001820
v -0.009472 -0.038465 0.000151
v -0.026406 -0.027553 0.000446
v 0.022281 0.000000 0.203788
v 0.022357 0.000407 0.203442
v 0.022194 0.003614 0.203188
v 0.021798 0.003950 0.204137
v 0.021858 0.001919 0.204340
v 0.022055 -0.003088 0.203298
v 0.021740 -0.002938 0.204342
v 0.021963 0.004072 0.203068
v 0.020996 0.004177 0.204652
v 0.021287 -0.003474 0.204288
v -0.019233 0.028760 0.200389
v -0.019473 0.028228 0.199131
v -0.020218 0.027976 0.199735
v -0.018488 0.029156 0.199679
v -0.021404 0.027266 0.200374
v -0.021432 0.026908 0.199195
v -0.022311 0.026189 0.199199
v -0.023920 0.025152 0.200056
v -0.023381 0.025231 0.199205
v -0.024509 0.024220 0.199219
v -0.025256 0.023526 0.199161
v -0.025192 0.023945 0.200184
v -0.020157 0.027679 0.199196
v -0.016440 0.030400 0.200578
v -0.016871 0.030165 0.199905
v -0.015402 0.030823 0.199632
v -0.014066 0.031624 0.200428
v -0.016523 0.029970 0.199077
v -0.015342 0.030597 0.199014
v -0.017360 0.029448 0.199097
v -0.018501 0.028795 0.199114
v -0.013839 0.031188 0.199079
v -0.013562 0.031742 0.199640
v -0.012147 0.032484 0.200611
v -0.012199 0.032338 0.199620
v -0.009000 0.033613 0.200490
v -0.013294 0.031797 0.201160
v -0.011258 0.032668 0.201211
v -0.009154 0.033415 0.201252
v -0.015275 0.030767 0.201150
v -0.017534 0.029497 0.201127
v -0.006226 0.034244 0.201186
v -0.019326 0.028271 0.201123
v -0.005585 0.034119 0.201615
v -0.002970 0.034662 0.201355
v -0.007023 0.033480 0.201891
v -0.001965 0.034254 0.202078
v 0.013504 -0.037924 0.001784
v 0.013255 -0.038021 0.000052
v 0.015261 -0.037204 0.000043
v 0.011481 -0.038698 0.000272
v 0.010952 -0.038829 0.001800
v 0.016059 -0.036975 0.001168
v 0.007797 -0.039646 0.000325
v 0.019113 -0.035570 0.000191
v 0.019149 -0.035536 0.001789
v 0.008044 -0.039499 0.001818
v 0.015957 -0.036901 0.001792
v 0.005960 -0.039927 0.001751
v 0.000310 0.016776 0.184376
v 0.000860 0.017428 0.185463
v 0.000738 0.017954 0.184235
v 0.000234 0.017651 0.183714
v 0.000872 0.018658 0.185242
v 0.001030 0.017806 0.186305
v 0.000766 0.019010 0.187589
v 0.000987 0.016840 0.185224
v 0.000003 0.018733 0.183442
v -0.000635 0.018268 0.182620
v -0.000269 0.018996 0.183060
v 0.001501 0.017517 0.186890
v 0.000133 0.019474 0.184654
v -0.000066 0.019425 0.182924
v 0.001334 0.018920 0.189229
v 0.000713 0.020062 0.189776
v 0.000627 0.020116 0.189103
v 0.000406 0.019583 0.185069
v 0.000463 0.019066 0.184979
v 0.001427 0.020328 0.191943
v 0.002630 0.019780 0.193146
v 0.002308 0.017670 0.188290
v 0.000593 0.019922 0.185977
v 0.019589 0.012887 0.202712
v 0.019050 0.013839 0.201272
v 0.019979 0.012114 0.201348
v 0.018866 0.014190 0.202752
v 0.020635 0.011134 0.202760
v 0.017962 0.015480 0.201197
v 0.020614 0.010825 0.201445
v 0.021392 0.009205 0.202882
v 0.017279 0.016245 0.202121
v 0.017881 0.015756 0.202976
v 0.016408 0.017313 0.202733
v 0.016778 0.016607 0.201263
v 0.021154 0.008794 0.201609
v 0.021216 0.007132 0.201417
v 0.021602 0.006647 0.202768
v 0.021271 0.004892 0.201568
v 0.021963 0.004072 0.203068
v 0.020113 0.012774 0.203214
v 0.021148 0.010978 0.203221
v 0.019204 0.014488 0.203267
v 0.022054 0.008651 0.203278
v 0.017240 0.016839 0.203106
v 0.015559 0.018347 0.202991
v 0.015589 0.017858 0.202591
v 0.015178 0.017604 0.201799
v 0.016210 0.016996 0.201481
v 0.014293 0.017980 0.201901
v 0.013701 0.019106 0.202553
v 0.012509 0.019957 0.202601
v 0.021167 0.004572 0.201712
v 0.017367 0.006830 0.201302
v 0.017183 0.005077 0.201398
v 0.019093 0.004573 0.201073
v 0.018798 0.007335 0.200933
v 0.016710 0.007532 0.201408
v 0.019593 0.006687 0.200725
v 0.019469 0.008716 0.200762
v 0.018929 0.009975 0.200741
v 0.016820 0.010094 0.201516
v 0.018212 0.010996 0.200992
v 0.016176 0.012146 0.201566
v 0.016493 0.014515 0.201526
v 0.015700 0.010725 0.201662
v 0.017872 0.013157 0.201267
v 0.014428 0.013078 0.201823
v 0.016643 0.005414 0.201164
v 0.015965 0.007824 0.201388
v 0.019109 0.011219 0.201069
v 0.013557 0.014779 0.201755
v 0.012235 0.017337 0.201726
v 0.012178 0.019073 0.201978
v 0.014952 0.010011 0.201470
v 0.020316 0.009011 0.201415
v 0.020111 0.006584 0.201116
v 0.020427 0.004948 0.201276
v 0.019742 0.004620 0.201108
v 0.011228 0.017869 0.201457
v 0.013464 0.013243 0.201492
v 0.012898 0.014431 0.201456
v 0.012338 0.015693 0.201468
v 0.016617 0.004806 0.201376
v 0.011765 0.016748 0.201434
v 0.014124 0.011883 0.201479
v 0.015914 0.007019 0.200992
v 0.016280 0.005574 0.200927
v 0.019675 0.009232 0.201095
v 0.011401 0.018841 0.202053
v 0.012018 0.019826 0.202603
v 0.017186 0.004717 0.201639
v 0.011689 0.019345 0.202604
v 0.010839 0.018958 0.201603
v 0.015317 0.008684 0.201099
v 0.010459 0.032018 0.200244
v 0.012606 0.030836 0.200536
v 0.011386 0.031333 0.200106
v 0.012897 0.030300 0.200012
v 0.014764 0.029558 0.200386
v 0.014350 0.029492 0.200000
v 0.015919 0.028635 0.199903
v 0.016356 0.028776 0.200887
v 0.017187 0.028004 0.199973
v 0.011776 0.031617 0.201432
v 0.010454 0.032418 0.201411
v 0.019034 0.027323 0.201079
v 0.008730 0.032904 0.200291
v 0.013750 0.030305 0.201102
v 0.018648 0.027267 0.200107
v 0.020333 0.026360 0.200989
v 0.007507 0.033692 0.201227
v 0.020138 0.025979 0.200020
v 0.021560 0.024914 0.200235
v 0.021598 0.025342 0.201247
v 0.016366 0.028805 0.201618
v 0.013444 0.030458 0.201669
v 0.019206 0.027211 0.201739
v 0.007810 0.033578 0.201799
v 0.023528 0.023463 0.201474
v 0.020962 0.025803 0.202072
v 0.004776 0.034231 0.200702
v 0.007205 0.033310 0.200163
v 0.003971 0.034557 0.201426
v 0.004847 0.034351 0.201780
v 0.022184 0.024709 0.202233
v 0.005446 0.033954 0.202353
v 0.000677 0.034684 0.201844
v 0.000623 0.034887 0.201203
v -0.002970 0.034662 0.201355
v -0.001965 0.034254 0.202078
v 0.020480 0.037612 0.202663
v 0.021195 0.037120 0.201910
v 0.020141 0.037998 0.201457
v 0.022401 0.035966 0.202764
v 0.019001 0.038667 0.201454
v 0.017927 0.039194 0.202553
v 0.017739 0.039314 0.201529
v 0.015984 0.039820 0.202455
v 0.022821 0.035137 0.203260
v 0.014970 0.039560 0.203186
v 0.019237 0.037705 0.203237
v 0.021863 0.034943 0.203831
v 0.014722 0.038646 0.203894
v 0.019614 0.036363 0.203831
v 0.022584 0.033544 0.204187
v 0.013089 0.038755 0.203934
v 0.012746 0.037890 0.204434
v 0.011613 0.037667 0.204394
v 0.021265 0.036870 0.201570
v 0.022365 0.035815 0.201993
v -0.029688 -0.021663 0.197796
v -0.027492 -0.024414 0.197767
v -0.028070 -0.024014 0.198326
v -0.029568 -0.022082 0.198362
v -0.025976 -0.026247 0.198316
v -0.025023 -0.026911 0.197784
v -0.023573 -0.028408 0.198292
v -0.021953 -0.029361 0.197783
v -0.020388 -0.030666 0.198303
v -0.031451 -0.018975 0.198254
v -0.025548 -0.006374 0.169321
v -0.023995 -0.006073 0.169171
v -0.024182 -0.005796 0.168164
v -0.025587 -0.005863 0.168033
v -0.024850 -0.005674 0.167078
v -0.023369 -0.005362 0.166568
v -0.024127 -0.005192 0.165443
v -0.022078 -0.004555 0.164268
v -0.023410 -0.004649 0.163725
v -0.021430 -0.003970 0.162114
v -0.023193 -0.004172 0.162069
v -0.022383 -0.003892 0.161241
v -0.020463 -0.003379 0.159542
v -0.025069 -0.006405 0.170141
v -0.021551 -0.003352 0.159385
v -0.021588 -0.002676 0.157709
v -0.024211 -0.006518 0.170422
v -0.023431 -0.005856 0.168240
v -0.025234 -0.007023 0.171656
v -0.026051 -0.007066 0.171823
v -0.026122 -0.006354 0.169727
v -0.023682 -0.006406 0.169561
v -0.022805 -0.005391 0.166478
v -0.025356 -0.007562 0.172900
v -0.022767 -0.003519 0.160411
v -0.020096 -0.002929 0.157934
v -0.019041 -0.002335 0.156042
v -0.020805 -0.001715 0.155217
v -0.018989 -0.001627 0.153927
v -0.024435 -0.004302 0.163390
v -0.021394 -0.004611 0.163985
v -0.021104 -0.004038 0.162214
v -0.020324 -0.003911 0.160812
v -0.026481 -0.007540 0.173687
v -0.022317 -0.002548 0.157896
v -0.026837 -0.006881 0.171869
v -0.019809 -0.001127 0.153284
v -0.017237 -0.001517 0.152789
v -0.017844 -0.000530 0.150940
v -0.017199 -0.002138 0.153776
v -0.016402 -0.001161 0.151351
v -0.016006 -0.000861 0.150293
v -0.017908 -0.000025 0.149918
v -0.016323 0.000133 0.147956
v -0.025092 -0.004579 0.165001
v -0.022772 -0.002128 0.157583
v -0.022020 -0.005397 0.165522
v -0.024751 -0.007205 0.171560
v -0.019888 -0.003496 0.159077
v -0.019081 -0.003241 0.157612
v -0.025128 -0.007982 0.173411
v -0.025488 -0.008096 0.174911
v -0.026768 -0.007807 0.175161
v -0.026958 -0.008003 0.177185
v -0.025837 -0.008389 0.178466
v -0.027235 -0.008208 0.179488
v -0.025569 -0.008721 0.181313
v -0.026869 -0.008266 0.183633
v -0.021285 -0.001236 0.154801
v -0.017912 0.000952 0.147964
v -0.016501 0.000790 0.146798
v -0.027607 -0.007098 0.174368
v -0.020119 0.000673 0.151167
v -0.020129 -0.000219 0.152206
v -0.023693 -0.002842 0.160230
v -0.025321 -0.008550 0.176850
v -0.025009 -0.003433 0.162618
v -0.027848 -0.007695 0.178669
v -0.019085 0.000776 0.149995
v -0.025635 -0.008971 0.182831
v -0.026426 -0.008644 0.185057
v -0.018124 -0.002752 0.155545
v -0.016523 -0.002122 0.152873
v -0.028102 -0.007545 0.181551
v -0.020718 -0.004617 0.162662
v -0.022975 -0.001246 0.156660
v -0.025968 -0.004398 0.166168
v -0.028123 -0.006843 0.175489
v -0.024339 -0.002017 0.159994
v -0.027331 -0.007702 0.185163
v -0.021729 0.000019 0.153908
v -0.015474 -0.000950 0.148718
v -0.015664 -0.000124 0.146858
v -0.015837 0.000786 0.145489
v -0.017943 0.002135 0.147033
v -0.026984 -0.004767 0.168708
v -0.018695 0.001429 0.148515
v -0.028319 -0.007036 0.177788
v -0.026032 -0.003356 0.164816
v -0.027553 -0.006119 0.172050
v -0.025495 0.028972 0.001865
v -0.025304 0.029360 0.000518
v -0.027005 0.027372 0.000893
v -0.027624 0.026441 0.001844
v -0.023637 0.030917 0.001764
v -0.028903 0.024731 0.000998
v -0.029500 0.023668 0.001905
v -0.029780 0.023277 0.000382
v -0.030843 0.021460 0.001842
v -0.023061 0.031462 0.000451
v -0.031880 0.019529 0.001042
v -0.032403 0.018330 0.001830
v -0.027373 0.026758 0.000290
v -0.020498 0.033480 0.000990
v -0.020812 0.033086 0.001892
v -0.017660 0.035292 0.001858
v -0.017282 0.005868 0.001902
v -0.029086 -0.009728 0.001972
v -0.018842 -0.009446 0.001913
v -0.022196 0.018095 0.001916
v -0.029184 0.012960 0.002007
v -0.023945 0.007269 0.001937
v -0.030535 0.006342 0.002023
v -0.008849 0.024114 0.001880
v -0.009621 0.000205 0.001882
v 0.003357 0.016583 0.001849
v 0.007386 0.005980 0.001841
v 0.014118 0.021548 0.001827
v 0.023281 0.006565 0.001812
v 0.031536 0.013274 0.001794
v 0.033710 -0.006017 0.001792
v 0.041077 -0.002363 0.001760
v 0.040348 0.008014 0.001777
v 0.039300 0.011113 0.001764
v 0.038046 0.015386 0.001773
v 0.034286 0.022248 0.001783
v 0.028205 0.027224 0.001801
v 0.040551 -0.006714 0.001784
v 0.036809 -0.017129 0.001761
v 0.026354 -0.013296 0.001800
v 0.034666 -0.021168 0.001763
v 0.033890 -0.022277 0.001789
v 0.012732 -0.005364 0.001828
v 0.006445 -0.022134 0.001833
v 0.017305 -0.026625 0.001798
v 0.029511 -0.027570 0.001765
v 0.025650 -0.031169 0.001796
v 0.019149 -0.035536 0.001789
v 0.023474 -0.032818 0.001792
v 0.015957 -0.036901 0.001792
v 0.010952 -0.038829 0.001800
v -0.004757 -0.021533 0.001858
v -0.011897 -0.031284 0.001868
v -0.011932 -0.037568 0.001855
v 0.001311 -0.040115 0.001795
v -0.013454 -0.036900 0.001882
v -0.016595 -0.035382 0.001873
v -0.021754 -0.031859 0.001880
v -0.021270 -0.021817 0.001902
v -0.011631 -0.021688 0.001884
v -0.007995 -0.010149 0.001888
v 0.000072 -0.006196 0.001855
v -0.030115 -0.014527 0.001962
v -0.024620 -0.029405 0.001896
v -0.029627 -0.022774 0.001913
v -0.031497 -0.018542 0.001915
v 0.019122 0.034451 0.001845
v 0.001637 0.028987 0.001860
v 0.007272 0.038489 0.001856
v -0.004428 0.035698 0.001876
v -0.003428 0.039848 0.001822
v -0.010549 0.038375 0.001843
v -0.013809 0.035972 0.001926
v -0.025765 0.025266 0.001932
v -0.023648 0.029524 0.001920
v -0.031849 0.018371 0.002000
v -0.032821 -0.014906 0.001980
v 0.015467 0.037508 0.001799
v 0.012954 0.038327 0.001819
v 0.041117 0.002254 0.001752
v 0.021496 -0.034214 0.001785
v 0.024459 0.032641 0.001776
v 0.020935 0.034937 0.001787
v 0.029837 0.027904 0.001743
v 0.031958 0.025380 0.001740
v 0.027871 0.029864 0.001760
v 0.005458 0.039873 0.001801
v 0.009204 0.039196 0.001801
v -0.033859 -0.011952 0.002181
v -0.032155 -0.007662 0.002138
v -0.032925 0.015519 0.002132
v 0.017965 0.036424 0.001758
v -0.014800 0.036734 0.001828
v -0.009606 -0.038385 0.001820
v -0.002274 -0.039921 0.001810
v -0.033644 0.013442 0.002290
v -0.032592 0.008701 0.002202
v 0.008044 -0.039499 0.001818
v 0.031449 -0.025494 0.001760
v -0.027425 -0.026031 0.001888
v 0.039024 -0.011858 0.001734
v 0.040008 -0.009108 0.001742
v 0.038091 -0.014773 0.001753
v -0.033028 -0.007515 0.002282
v 0.013504 -0.037924 0.001784
v 0.035720 0.019993 0.001737
v -0.034783 0.010683 0.002667
v -0.034692 0.011702 0.002493
v -0.035409 0.010775 0.002614
v 0.005960 -0.039927 0.001751
v 0.028546 -0.028642 0.001740
v -0.033827 0.008662 0.002553
v -0.033808 0.000278 0.002535
v -0.033881 -0.007763 0.002535
v -0.034902 -0.010047 0.002619
v -0.007753 0.039103 0.001791
v -0.032937 -0.016169 0.001797
v -0.034038 -0.012505 0.001941
v -0.005044 -0.039471 0.001772
v -0.031088 -0.020400 0.001791
v 0.036934 0.017743 0.001729
v 0.038728 0.013366 0.001731
v -0.034969 -0.010450 0.002236
v -0.034978 0.003493 0.003215
v -0.035051 -0.005482 0.003290
v -0.035232 0.009137 0.003332
v -0.035865 0.009866 0.003155
v -0.035286 -0.008276 0.003358
v -0.035517 -0.009021 0.003213
v -0.036326 -0.008595 0.003422
v -0.033894 0.013793 0.001918
v -0.036943 0.008859 0.004312
v -0.036336 -0.007942 0.004245
v 0.036766 -0.017640 0.001590
v -0.036138 -0.005182 0.004244
v -0.019001 -0.033903 0.001761
v -0.036144 0.008052 0.004266
v -0.036472 0.008739 0.004310
v -0.034097 0.013031 0.002164
v 0.039137 0.012598 0.001500
v 0.040013 0.009705 0.001407
v -0.036229 0.009760 0.002841
v 0.001202 0.040163 0.000914
v 0.005662 0.039843 0.000244
v -0.000034 0.039992 0.000133
v -0.003161 0.039888 0.000284
v 0.012954 0.038327 0.001819
v 0.013809 0.038023 0.000121
v 0.010829 0.038925 0.000795
v 0.015812 0.037376 0.000238
v 0.015467 0.037508 0.001799
v 0.017965 0.036424 0.001758
v 0.020181 0.035411 0.000157
v 0.020935 0.034937 0.001787
v 0.009204 0.039196 0.001801
v 0.005458 0.039873 0.001801
v 0.008319 0.039310 0.000156
v 0.010904 0.038775 0.000134
v -0.003428 0.039848 0.001822
v -0.002524 -0.033809 0.199308
v -0.004514 -0.034077 0.200060
v -0.006155 -0.033524 0.199347
v -0.001970 -0.034203 0.199794
v -0.007197 -0.033629 0.200205
v -0.009087 -0.033035 0.199462
v 0.002077 -0.034422 0.201693
v 0.002020 -0.034392 0.201030
v 0.004361 -0.033978 0.201502
v -0.001146 -0.034516 0.201664
v -0.001406 -0.034557 0.200974
v -0.004113 -0.034251 0.201201
v 0.000063 -0.034214 0.199910
v 0.003676 -0.033968 0.202221
v 0.006605 -0.033322 0.202146
v 0.007256 -0.033221 0.201669
v 0.009574 -0.032451 0.201938
v 0.001228 -0.034201 0.202296
v 0.009542 -0.032137 0.200654
v 0.007790 -0.032870 0.200909
v 0.011356 -0.031526 0.200806
v 0.012443 -0.031303 0.201946
v 0.013707 -0.030509 0.200945
v 0.014908 -0.030014 0.201550
v 0.015553 -0.029446 0.200911
v 0.004822 -0.033570 0.200645
v 0.002714 -0.033590 0.199926
v 0.005404 -0.032869 0.199947
v 0.009308 -0.031613 0.199896
v 0.015952 -0.028494 0.199946
v 0.013868 -0.029615 0.199895
v 0.011658 -0.030503 0.199796
v 0.017395 -0.028220 0.200906
v 0.017860 -0.026976 0.199898
v 0.019863 -0.026215 0.200897
v 0.020348 -0.024725 0.199943
v 0.021636 -0.024399 0.200691
v 0.001804 -0.033039 0.199445
v 0.013295 -0.029334 0.199657
v -0.000006 -0.033613 0.199389
v 0.006615 -0.031292 0.199426
v 0.008448 -0.030721 0.199415
v 0.014979 -0.028273 0.199643
v 0.009789 -0.030011 0.199408
v 0.011496 -0.029206 0.199395
v 0.004433 -0.031668 0.199405
v 0.003127 -0.032299 0.199429
v 0.017517 -0.026460 0.199667
v 0.013556 -0.028087 0.199390
v 0.019737 -0.024154 0.199660
v 0.022380 -0.022539 0.199927
v 0.015142 -0.029856 0.202207
v 0.017453 -0.028390 0.201988
v 0.013554 0.020047 0.204753
v 0.012916 0.017596 0.204771
v 0.013039 0.017606 0.204440
v 0.012579 0.013620 0.204697
v 0.012725 0.013619 0.204022
v 0.013067 0.017884 0.204074
v 0.013732 0.021058 0.203875
v 0.012943 0.011317 0.204472
v 0.012887 0.011915 0.203836
v 0.014285 0.022400 0.203768
v 0.014329 0.022296 0.204816
v 0.014841 0.023522 0.203705
v 0.015251 0.024286 0.204837
v 0.015507 0.024576 0.203697
v 0.013487 0.021021 0.204970
v 0.014784 0.024004 0.204982
v 0.016721 0.026294 0.204996
v 0.016598 0.026172 0.203654
v -0.002920 -0.003796 0.138753
v -0.002656 0.000227 0.138692
v -0.003752 -0.004815 0.138749
v -0.005440 -0.003908 0.138066
v -0.001983 0.000308 0.138963
v -0.002123 -0.003426 0.139006
v -0.002734 0.002347 0.138715
v -0.005089 -0.006310 0.138613
v -0.003865 0.000214 0.138159
v -0.004022 0.002333 0.138143
v -0.004435 -0.002411 0.138223
v -0.003236 -0.008227 0.139668
v -0.002293 -0.008715 0.140247
v -0.000515 -0.004518 0.140193
v -0.005447 -0.000712 0.137178
v -0.006556 -0.002728 0.137097
v -0.006965 -0.001750 0.136767
v -0.000521 -0.007856 0.141098
v -0.005442 0.000985 0.137094
v -0.000243 -0.002143 0.140172
v -0.006856 0.000969 0.136691
v -0.000147 0.000763 0.140305
v 0.001703 -0.005316 0.142240
v 0.001595 -0.007350 0.142681
v 0.000956 -0.002431 0.141246
v -0.004103 -0.009894 0.140000
v -0.001372 -0.010364 0.141686
v -0.005508 -0.009437 0.139436
v 0.000417 -0.009406 0.142579
v -0.002641 -0.011832 0.141735
v -0.004412 -0.011654 0.140779
v 0.004169 -0.005999 0.144978
v 0.002826 -0.003876 0.143224
v 0.004519 -0.004463 0.145017
v 0.001400 -0.000870 0.141824
v 0.003112 -0.002479 0.143622
v -0.000750 0.005253 0.140558
v 0.000386 0.005631 0.141526
v 0.000948 0.002934 0.141618
v -0.002688 0.005563 0.139383
v -0.005888 0.002071 0.137079
v -0.003761 0.004906 0.138710
v 0.006209 -0.005144 0.147359
v 0.004175 -0.007256 0.145609
v 0.001799 -0.009131 0.143883
v 0.005664 -0.006917 0.147354
v -0.001258 -0.012439 0.143222
v -0.000571 0.007774 0.141510
v -0.005735 0.003959 0.137812
v -0.002216 0.007898 0.140508
v -0.004523 0.006533 0.138857
v 0.007320 -0.004632 0.148896
v 0.000270 -0.011724 0.144167
v 0.006708 -0.007029 0.149222
v 0.007920 -0.005746 0.150617
v -0.002439 -0.013956 0.143566
v -0.003768 -0.013072 0.141998
v -0.007341 -0.007636 0.138704
v -0.005888 -0.004800 0.138225
v -0.007691 -0.002890 0.137111
v -0.002137 0.009797 0.141655
v -0.003703 0.009562 0.140670
v -0.005321 0.009373 0.139933
v -0.006148 -0.012068 0.140725
v -0.006581 -0.009597 0.139428
v -0.005507 -0.013089 0.141504
v -0.004511 -0.014392 0.142880
v -0.004240 0.010860 0.141388
v -0.008104 -0.001333 0.136707
v -0.008525 0.001241 0.136888
v -0.007929 0.002591 0.137131
v -0.008788 -0.001419 0.136903
v -0.009385 0.000337 0.137052
v -0.009184 0.005114 0.138129
v -0.010302 0.002743 0.137834
v -0.010810 0.006152 0.138647
v -0.008121 0.007728 0.138731
v -0.009908 0.008064 0.139125
v -0.007207 0.005874 0.138285
v -0.007083 0.003494 0.137435
v -0.008297 0.008942 0.139293
v -0.011003 0.007036 0.139080
v -0.005586 0.006523 0.138610
v -0.006777 0.009123 0.139428
v -0.010067 0.009705 0.140094
v -0.009466 0.011537 0.141197
v -0.010330 0.011031 0.140937
v -0.011589 0.009057 0.140374
v -0.006841 0.011191 0.140971
v -0.012321 0.002578 0.138680
v -0.011769 0.011563 0.141958
v -0.010661 0.001158 0.137817
v -0.012782 0.004871 0.139387
v -0.010785 0.012837 0.142650
v -0.012720 0.009829 0.141517
v -0.012643 0.007356 0.140269
v -0.012886 0.002946 0.139111
v -0.008324 0.012732 0.142438
v -0.012020 0.013174 0.143804
v -0.013182 0.011220 0.142929
v -0.012567 -0.000035 0.138934
v -0.011605 -0.001470 0.138525
v -0.013091 0.012417 0.143929
v -0.013609 0.007271 0.141205
v -0.010869 0.013761 0.143956
v -0.013272 0.013567 0.145620
v -0.012495 0.014345 0.146042
v -0.014105 0.014549 0.147812
v -0.012986 0.015274 0.148035
v -0.013498 0.000311 0.139775
v -0.011809 -0.004732 0.139255
v -0.011590 -0.004272 0.139000
v -0.010132 -0.004169 0.138349
v -0.010399 -0.006086 0.138889
v -0.009057 -0.007036 0.138733
v -0.008777 -0.005070 0.138317
v -0.013151 -0.002522 0.139964
v -0.011245 -0.008393 0.140111
v -0.009824 -0.009768 0.139984
v -0.012682 -0.007459 0.140953
v -0.007244 -0.005335 0.138317
v -0.008072 -0.009151 0.139342
v -0.010283 -0.010699 0.140741
v -0.007850 -0.012028 0.140819
v 0.001608 -0.027765 0.202381
v -0.000090 -0.028163 0.201951
v 0.001169 -0.027824 0.201713
v 0.003087 -0.027756 0.202285
v 0.001062 -0.028177 0.200924
v -0.000722 -0.028651 0.201303
v 0.000913 -0.028508 0.200513
v -0.003017 -0.028422 0.201732
v -0.000293 -0.027973 0.202209
v -0.000303 -0.028971 0.200668
v -0.001879 -0.028847 0.201400
v -0.002888 -0.028613 0.201570
v -0.004970 -0.027862 0.201837
v -0.003495 -0.027915 0.202025
v 0.003587 -0.027993 0.202665
v 0.006788 0.000432 0.152940
v 0.006290 -0.000169 0.150501
v 0.007443 -0.000028 0.151838
v 0.007404 0.000425 0.152898
v 0.006547 0.000711 0.153880
v 0.005640 -0.000234 0.150481
v 0.006122 0.000860 0.153753
v 0.008471 -0.000148 0.152812
v 0.009023 0.000646 0.154798
v 0.007302 0.001153 0.154093
v 0.007501 -0.000754 0.150794
v 0.006391 -0.000703 0.149414
v 0.005152 -0.000230 0.149258
v 0.005550 -0.000651 0.148352
v 0.004764 -0.000139 0.148190
v 0.004300 -0.000348 0.146376
v 0.005554 0.001360 0.152298
v 0.009370 -0.000236 0.154045
v 0.010024 0.000435 0.155931
v 0.010322 0.001094 0.157442
v 0.008153 0.001957 0.156195
v 0.006896 0.001514 0.154140
v 0.016507 -0.003790 0.171288
v 0.016625 -0.002126 0.170559
v 0.015745 -0.004594 0.169258
v 0.015845 -0.002389 0.168270
v 0.014818 -0.004612 0.166359
v 0.015125 -0.002564 0.166269
v 0.017035 -0.001221 0.171424
v 0.014650 -0.003284 0.164701
v 0.014106 -0.005046 0.164320
v 0.017075 -0.003189 0.173319
v 0.013174 -0.004898 0.161896
v 0.013108 -0.003923 0.161309
v 0.012039 -0.005066 0.159422
v 0.011115 -0.004564 0.157029
v 0.013767 -0.002159 0.162408
v 0.011330 -0.002000 0.157089
v 0.010254 -0.004271 0.155083
v 0.010226 -0.002264 0.154709
v 0.009108 -0.003268 0.152264
v 0.009245 -0.004489 0.152723
v 0.016471 0.000358 0.169825
v 0.014727 0.000272 0.165083
v 0.017013 -0.000190 0.171591
v 0.007320 -0.004632 0.148896
v 0.007437 -0.003195 0.149091
v 0.013593 -0.000098 0.162300
v 0.011807 -0.000282 0.158538
v 0.009351 -0.001652 0.152999
v 0.010294 -0.001478 0.155067
v 0.007920 -0.005746 0.150617
v 0.012666 0.000468 0.160498
v 0.008406 -0.001945 0.151216
v 0.007638 -0.001969 0.149836
v 0.006238 -0.003903 0.147257
v 0.015895 0.000765 0.168438
v 0.006209 -0.005144 0.147359
v 0.009178 -0.006023 0.153610
v 0.010281 -0.005386 0.155815
v 0.017580 -0.002230 0.175968
v 0.018045 -0.000450 0.177790
v 0.017460 -0.000240 0.174254
v 0.017712 0.001196 0.175513
v 0.017048 0.002447 0.173000
v 0.017602 0.002639 0.175580
v 0.016587 0.002521 0.171534
v 0.018138 0.002436 0.178220
v 0.013846 0.001034 0.163440
v 0.014869 0.002204 0.166552
v 0.015771 0.002452 0.169111
v 0.011098 -0.000161 0.157297
v 0.010289 -0.000236 0.155716
v 0.018708 0.002840 0.182437
v 0.018487 0.004961 0.182196
v 0.017924 0.005473 0.179386
v 0.017517 0.003898 0.176646
v 0.016888 0.005585 0.175586
v 0.014423 0.002912 0.166151
v 0.006788 -0.002419 0.148313
v 0.016424 0.005311 0.173863
v 0.017805 0.007009 0.181090
v 0.011601 0.000552 0.158735
v 0.016792 0.007646 0.177995
v 0.008600 -0.000859 0.152227
v 0.016075 0.003546 0.171318
v 0.017996 0.007373 0.183285
v 0.013320 0.002322 0.163500
v 0.018685 0.005113 0.185269
v 0.018830 0.002716 0.184306
v 0.016954 0.009305 0.181672
v 0.015083 0.008053 0.173927
v 0.015245 0.005110 0.171295
v 0.014058 0.005873 0.169166
v 0.013204 0.008213 0.169447
v 0.012759 0.007732 0.167718
v 0.012093 0.009578 0.168029
v 0.011572 0.009206 0.166234
v 0.012974 0.005074 0.166582
v 0.012085 0.005198 0.164999
v 0.011712 0.007843 0.165417
v 0.010100 0.008229 0.162803
v 0.009937 0.009385 0.163168
v 0.009349 0.009208 0.161380
v 0.009500 0.007210 0.160904
v 0.008495 0.008943 0.158698
v 0.008708 0.009680 0.160069
v 0.007764 0.007706 0.156395
v 0.007439 0.009303 0.156148
v 0.006602 0.008699 0.153055
v 0.006351 0.009862 0.153365
v 0.005649 0.008787 0.150699
v 0.006094 0.007728 0.151309
v 0.004915 0.007728 0.148685
v 0.004026 0.007864 0.147080
v 0.005258 0.009874 0.150804
v 0.007082 0.010217 0.156200
v 0.009573 0.004557 0.160427
v 0.010249 0.006819 0.162685
v 0.010823 0.004956 0.162909
v 0.014348 0.004553 0.168414
v 0.003467 0.009517 0.147354
v 0.009519 0.010137 0.163135
v 0.010027 0.003744 0.160592
v 0.005100 0.006865 0.148966
v 0.008665 0.005051 0.159011
v 0.008432 0.003951 0.158332
v 0.007790 0.005047 0.156991
v 0.007042 0.003763 0.155178
v 0.007861 0.002689 0.156518
v 0.008850 0.002868 0.158257
v 0.007050 0.002261 0.154908
v 0.013009 0.009438 0.170655
v 0.002820 0.007607 0.145071
v 0.003309 0.005745 0.145449
v 0.002350 0.005136 0.143732
v 0.010673 0.010048 0.165392
v 0.012264 0.004125 0.164241
v 0.012649 0.002074 0.162116
v 0.007662 0.010727 0.158993
v 0.006304 0.001706 0.153684
v 0.006441 -0.001665 0.148337
v 0.005693 -0.001887 0.147071
v 0.004741 -0.002022 0.145553
v 0.001363 0.005483 0.142520
v 0.002129 0.009820 0.145742
v 0.005239 0.011706 0.153389
v 0.001184 0.007682 0.143111
v 0.003481 -0.000372 0.145019
v 0.003249 -0.001063 0.144217
v 0.002931 0.000728 0.144899
v 0.002293 0.000507 0.143367
v 0.003112 -0.002479 0.143622
v 0.002810 0.003203 0.144716
v 0.001605 0.001417 0.142396
v 0.001400 -0.000870 0.141824
v 0.000948 0.002934 0.141618
v 0.004521 0.004928 0.147976
v 0.003377 0.000480 0.146554
v 0.014852 0.009257 0.175335
v 0.004519 -0.004463 0.145017
v 0.003679 0.001472 0.147232
v 0.016458 0.009330 0.180140
v 0.004393 0.011647 0.151440
v 0.003191 0.011314 0.148908
v 0.010886 0.002926 0.160996
v 0.017195 0.009253 0.183417
v 0.009928 0.002685 0.159553
v 0.000386 0.005631 0.141526
v 0.005593 0.006151 0.150344
v 0.006875 0.006624 0.154014
v 0.005765 0.003756 0.152239
v 0.012300 0.010431 0.170547
v 0.012134 0.011752 0.172977
v 0.018235 0.007162 0.189468
v 0.004610 0.001092 0.149561
v 0.003974 0.000980 0.148174
v 0.003446 0.000696 0.147202
v -0.000058 0.009544 0.143101
v 0.018766 0.004907 0.188354
v -0.000571 0.007774 0.141510
v 0.006560 0.011470 0.157587
v 0.017355 0.009030 0.187289
v 0.016717 0.010739 0.189408
v 0.017115 0.009946 0.190975
v 0.016357 0.010744 0.185426
v 0.011294 0.001468 0.159419
v 0.014565 0.011526 0.179414
v 0.014309 0.010407 0.176543
v 0.011246 0.010739 0.168252
v 0.015676 0.012237 0.188002
v 0.016263 0.010473 0.182754
v 0.014762 0.011971 0.181294
v 0.014618 0.013258 0.186781
v 0.008728 0.011477 0.164089
v 0.018892 0.002935 0.188321
v 0.018514 0.005109 0.192422
v 0.018217 0.005739 0.194529
v 0.000868 0.012013 0.146682
v -0.000440 0.010533 0.143591
v 0.015989 0.011934 0.190765
v 0.013058 0.011825 0.176634
v 0.003204 0.013212 0.151992
v 0.017561 0.007731 0.194804
v 0.018560 0.000260 0.182312
v 0.011366 0.011501 0.170677
v 0.018740 0.003101 0.192846
v 0.018183 0.004495 0.197452
v 0.018394 0.002599 0.197861
v 0.016221 0.011275 0.193264
v 0.018772 0.002150 0.192764
v 0.018610 -0.000807 0.185005
v 0.018743 0.000306 0.189292
v 0.018722 -0.000511 0.188729
v 0.002117 0.012415 0.148922
v 0.002856 0.014180 0.153459
v 0.002543 0.014198 0.152168
v 0.002124 0.013481 0.150879
v 0.011466 0.012702 0.173836
v 0.018505 -0.001343 0.197499
v 0.018632 -0.000100 0.194445
v 0.018475 -0.002789 0.195293
v 0.018444 -0.003121 0.200256
v 0.018413 -0.003737 0.200068
v 0.018619 -0.003336 0.200976
v 0.018168 -0.002380 0.200523
v 0.018552 -0.005195 0.200878
v 0.014777 0.013377 0.190998
v 0.013752 0.012535 0.180052
v 0.015166 0.012818 0.193439
v 0.005555 0.012526 0.157865
v 0.007267 0.012315 0.162580
v 0.008421 0.012286 0.166000
v 0.013745 0.013937 0.185922
v 0.012987 0.014052 0.183631
v 0.010359 0.012107 0.170017
v -0.002137 0.009797 0.141655
v -0.001479 0.011877 0.144160
v 0.020238 0.029600 0.204841
v 0.020489 0.030107 0.204106
v 0.021457 0.031400 0.204840
v 0.021829 0.032280 0.203665
v 0.022584 0.033544 0.204187
v 0.022330 0.033294 0.203503
v 0.018957 0.028502 0.204000
v 0.019333 0.028738 0.204989
v 0.017823 0.027343 0.203987
v 0.022821 0.035137 0.203260
v 0.022387 0.034533 0.202691
v 0.022365 0.035815 0.201993
v 0.020129 0.030112 0.203859
v 0.021443 0.031959 0.203614
v 0.021961 0.035609 0.201906
v 0.021796 0.034575 0.202402
v 0.021393 0.032791 0.203309
v 0.017795 0.027434 0.205000
v 0.016721 0.026294 0.204996
v 0.016598 0.026172 0.203654
v 0.022401 0.035966 0.202764
v -0.020463 0.031119 0.198379
v -0.016417 0.033437 0.198222
v -0.017547 0.032842 0.197770
v -0.020606 0.031056 0.197780
v -0.023051 0.029312 0.198128
v -0.015075 0.034098 0.197756
v -0.023836 0.028578 0.197693
v -0.025376 0.027359 0.198031
v -0.023880 0.028091 0.199227
v -0.021108 0.030411 0.199072
v -0.027139 0.024930 0.199254
v -0.027126 0.025633 0.197920
v -0.028692 0.023763 0.198021
v -0.029913 0.022018 0.198267
v -0.030066 0.021134 0.199290
v -0.018264 0.032079 0.199065
v -0.014333 0.034037 0.199122
v -0.016955 0.032630 0.199159
v -0.031683 0.013889 0.199877
v -0.030555 0.016222 0.199966
v -0.031448 0.014003 0.199278
v -0.032131 0.012583 0.199236
v -0.030586 0.015652 0.199251
v -0.030011 0.016792 0.199266
v -0.029325 0.018023 0.199266
v -0.028849 0.019199 0.199974
v -0.032823 0.011099 0.196385
v -0.033533 0.009664 0.196523
v -0.031350 0.014612 0.200479
v -0.033362 0.009999 0.198152
v -0.032677 0.011610 0.198255
v -0.034074 0.008032 0.198175
v -0.034078 0.008350 0.196555
v -0.034318 0.007978 0.196634
v -0.034638 0.005887 0.198146
v -0.034624 0.006795 0.196757
v -0.035063 0.004023 0.196938
v -0.034889 0.003570 0.198232
v -0.034985 -0.001529 0.198103
v 0.010032 0.032277 0.204796
v 0.010179 0.032893 0.204178
v 0.010099 0.030568 0.203686
v 0.009749 0.030516 0.204710
v 0.010039 0.029504 0.203607
v 0.009607 0.028224 0.204207
v 0.010876 0.036348 0.204785
v 0.010680 0.034933 0.204084
v 0.011228 0.036619 0.203975
v 0.011613 0.037667 0.204394
v 0.012153 0.038014 0.203465
v 0.009559 0.027398 0.204843
v 0.009619 0.028344 0.203656
v 0.009207 0.027110 0.203666
v 0.009312 0.026923 0.204764
v 0.008976 0.025882 0.203813
v 0.009355 0.024829 0.204799
v 0.007824 -0.024679 0.202514
v 0.008431 -0.023715 0.201393
v 0.006672 -0.024855 0.201382
v 0.009664 -0.023421 0.202493
v 0.010969 -0.022043 0.201381
v 0.005621 -0.025664 0.202208
v 0.004646 -0.025695 0.201360
v 0.005168 -0.026234 0.202627
v 0.007358 -0.025377 0.202921
v 0.009462 -0.024013 0.202928
v 0.011247 -0.022754 0.202945
v 0.010744 -0.022442 0.202158
v 0.012496 -0.021355 0.202580
v 0.013416 -0.019898 0.201338
v 0.013521 -0.021326 0.203213
v 0.001714 -0.026662 0.201787
v 0.001541 -0.026471 0.201366
v 0.013977 -0.019897 0.202531
v 0.015137 -0.019675 0.203206
v 0.001978 -0.027433 0.202471
v 0.010127 -0.024402 0.203297
v 0.003942 -0.027491 0.202845
v -0.003521 -0.026420 0.201467
v 0.001443 -0.027013 0.202234
v -0.001455 -0.027611 0.202273
v -0.003280 -0.027213 0.202069
v -0.003495 -0.027915 0.202025
v -0.003646 -0.026883 0.201776
v 0.003587 -0.027993 0.202665
v 0.001608 -0.027765 0.202381
v -0.000293 -0.027973 0.202209
v -0.023888 -0.011850 0.201550
v -0.023384 -0.012401 0.201184
v -0.024176 -0.010268 0.200756
v -0.023030 -0.013788 0.201716
v -0.024674 -0.010305 0.201695
v -0.024886 -0.008624 0.201335
v -0.024673 -0.008690 0.200794
v -0.025288 -0.006201 0.200854
v -0.025343 -0.006707 0.201366
v -0.025892 -0.003690 0.201308
v -0.025830 -0.002998 0.200842
v -0.026075 -0.000397 0.200869
v -0.023646 -0.011618 0.200746
v -0.022556 -0.013636 0.200801
v -0.026359 -0.003390 0.201714
v -0.026526 -0.000550 0.201656
v -0.025449 -0.008389 0.201761
v -0.022116 -0.014464 0.201209
v -0.021907 -0.015505 0.201748
v -0.020784 -0.016311 0.201208
v -0.026434 0.002049 0.201686
v -0.025857 0.002561 0.200860
v -0.020879 -0.016503 0.201560
v -0.019581 -0.017799 0.201196
v -0.019870 -0.017998 0.201620
v -0.018966 -0.018807 0.201451
v -0.025587 0.005344 0.201332
v -0.018094 -0.019405 0.200741
v -0.020627 -0.016363 0.200810
v -0.021496 -0.015177 0.200820
v -0.013663 -0.023526 0.201348
v -0.011792 -0.024508 0.200765
v -0.013765 -0.023210 0.200807
v -0.014807 -0.022830 0.201506
v -0.015405 -0.022443 0.201527
v -0.012846 -0.024155 0.201510
v -0.016075 -0.021634 0.200787
v -0.011589 -0.024924 0.201502
v -0.010684 -0.025353 0.201291
v -0.009929 -0.025555 0.200861
v -0.009211 -0.026114 0.201507
v -0.016566 -0.021355 0.201227
v -0.007700 -0.026674 0.201521
v -0.018355 -0.019521 0.201417
v -0.016634 -0.021753 0.201694
v -0.017622 -0.020874 0.201749
v -0.014150 -0.023632 0.201762
v -0.013869 -0.024004 0.201890
v -0.011353 -0.025631 0.201943
v -0.016757 -0.022184 0.201914
v -0.008942 -0.026942 0.201967
v -0.020554 -0.017845 0.201843
v -0.006317 -0.027976 0.202055
v -0.005946 -0.027160 0.201441
v -0.004970 -0.027862 0.201837
v -0.016475 -0.020160 0.200974
v -0.017525 -0.018499 0.200881
v -0.014692 -0.020772 0.201032
v -0.016145 -0.019025 0.200855
v -0.017792 -0.017448 0.200777
v -0.018438 -0.017397 0.200833
v -0.013922 -0.020559 0.200867
v -0.019661 -0.015274 0.200856
v -0.012420 -0.022253 0.201193
v -0.011819 -0.021804 0.200940
v -0.009335 -0.023620 0.201260
v -0.008394 -0.023210 0.200960
v -0.011089 -0.023328 0.201227
v -0.009318 -0.024398 0.201272
v -0.006973 -0.024619 0.201349
v -0.006325 -0.023874 0.201091
v -0.002849 -0.024246 0.201058
v -0.020659 -0.014693 0.200892
v -0.021249 -0.012809 0.200788
v -0.022202 -0.012491 0.200871
v -0.022991 -0.010125 0.200778
v -0.023816 -0.008206 0.200710
v -0.024473 -0.006322 0.200734
v -0.025046 -0.003164 0.200688
v -0.014794 -0.021756 0.200986
v -0.025117 0.001988 0.200639
v -0.012849 -0.023146 0.201032
v -0.018772 -0.018253 0.200657
v -0.010016 -0.025028 0.201054
v -0.007160 -0.025357 0.201243
v -0.005039 -0.025399 0.201383
v -0.005884 -0.026546 0.201170
v -0.001804 -0.024668 0.201284
v 0.002463 -0.025302 0.201433
v 0.002816 -0.024575 0.201379
v 0.004939 -0.024332 0.201445
v 0.006301 -0.023371 0.201366
v 0.008395 -0.022184 0.201326
v 0.009276 -0.022134 0.201416
v 0.011784 -0.019842 0.201416
v 0.013288 -0.018847 0.201406
v 0.014244 -0.017287 0.201363
v 0.015083 -0.017980 0.201291
v 0.016334 -0.016392 0.201237
v 0.015690 -0.015496 0.201388
v 0.017155 -0.015175 0.201296
v 0.017129 -0.012639 0.201349
v 0.018413 -0.013109 0.201195
v 0.018580 -0.010370 0.201338
v 0.017903 -0.010332 0.201270
v 0.018927 -0.007897 0.201273
v 0.015890 -0.013701 0.201266
v 0.014032 -0.016837 0.201258
v 0.019946 -0.009833 0.201138
v 0.019573 -0.005511 0.201285
v 0.019147 -0.003467 0.201114
v 0.020502 -0.004232 0.201284
v 0.020634 -0.007365 0.201065
v 0.021081 -0.004729 0.201218
v 0.019093 -0.011815 0.201173
v 0.004487 -0.023798 0.201270
v 0.011691 -0.018771 0.200907
v -0.025371 0.005339 0.200849
v -0.024752 0.007401 0.200847
v 0.018219 -0.007708 0.201020
v 0.018552 -0.005195 0.200878
v 0.018619 -0.003336 0.200976
v -0.006819 -0.026628 0.200937
v -0.008207 -0.025971 0.200882
v 0.002388 -0.024053 0.201098
v 0.021168 -0.003989 0.201510
v -0.022861 -0.008716 0.200338
v -0.023948 -0.005902 0.200420
v -0.021314 -0.011637 0.200447
v 0.017209 -0.010202 0.200890
v 0.016331 -0.011863 0.200885
v -0.017554 -0.016824 0.200452
v -0.016249 -0.018128 0.200426
v 0.013415 -0.016801 0.200923
v 0.015038 -0.013864 0.200855
v -0.024229 0.005401 0.200399
v -0.023313 0.008439 0.200416
v -0.023058 0.010343 0.200701
v -0.022088 0.011103 0.200427
v -0.024120 0.009532 0.200872
v -0.023218 0.012049 0.200878
v -0.021835 0.012888 0.200789
v -0.020341 0.015132 0.200838
v -0.021445 0.015299 0.200955
v -0.018542 0.017268 0.200771
v -0.018619 0.018541 0.200857
v -0.016140 0.019701 0.200795
v -0.016601 0.020431 0.200889
v -0.015358 0.021450 0.200950
v -0.012345 0.022019 0.200882
v -0.012444 0.023282 0.200985
v -0.009759 0.023259 0.200990
v -0.011367 0.023799 0.201000
v -0.009338 0.024569 0.201034
v -0.007432 0.023473 0.200914
v -0.005290 0.024549 0.201124
v -0.007352 0.025195 0.201085
v -0.004897 0.026022 0.201204
v -0.002781 0.026259 0.201274
v -0.001569 0.024711 0.201032
v -0.014096 0.022388 0.200944
v -0.000360 0.026118 0.201387
v 0.000378 0.025677 0.201219
v 0.001374 0.024861 0.200904
v -0.015613 0.019053 0.200420
v -0.018321 0.016469 0.200445
v -0.013498 0.020495 0.200444
v -0.020398 0.013815 0.200451
v -0.011543 0.021442 0.200449
v -0.009100 0.022341 0.200445
v 0.002020 0.024006 0.200318
v 0.020114 -0.003663 0.201556
v -0.019534 -0.014180 0.200377
v -0.004883 0.023237 0.200439
v -0.024449 -0.002846 0.200275
v -0.013548 -0.020137 0.200359
v -0.024878 -0.000137 0.200447
v 0.007059 -0.022129 0.200848
v 0.008525 -0.021281 0.200894
v 0.009862 -0.020272 0.200861
v 0.005760 -0.022767 0.200836
v -0.024457 0.001644 0.200120
v 0.001215 0.025201 0.201131
v 0.000163 0.026769 0.202113
v -0.003162 0.026888 0.201977
v -0.018808 0.019193 0.201656
v -0.020416 0.016914 0.201303
v -0.005401 0.026445 0.201948
v -0.007815 0.025650 0.201888
v -0.012579 0.023891 0.201851
v -0.022773 0.013595 0.201411
v -0.014363 0.022903 0.201851
v -0.011281 0.024470 0.201925
v -0.009833 0.024963 0.201909
v -0.016055 0.021354 0.201524
v -0.021730 0.015625 0.201642
v -0.024916 0.008103 0.201452
v -0.024294 0.010001 0.201414
v -0.023716 0.011660 0.201446
v 0.026631 0.018571 0.202796
v 0.027926 0.015590 0.202761
v 0.027124 0.017937 0.202095
v 0.028176 0.015311 0.202106
v 0.026233 0.019721 0.202023
v 0.029184 0.011792 0.202797
v 0.029078 0.012558 0.202014
v 0.029829 0.009815 0.202016
v 0.030111 0.007796 0.202892
v 0.030389 0.007246 0.202001
v 0.025425 0.020566 0.202803
v 0.024895 0.021755 0.202056
v 0.024018 0.022559 0.202667
v 0.029144 0.010685 0.203258
v 0.027692 0.014885 0.203300
v 0.026476 0.017694 0.203301
v 0.023528 0.023463 0.201474
v 0.022184 0.024709 0.202233
v 0.025626 0.020504 0.201071
v 0.024635 0.021947 0.201016
v 0.030567 0.004714 0.202718
v 0.030804 0.000150 0.202708
v 0.030807 0.002915 0.202067
v 0.030878 -0.000216 0.202076
v 0.030799 -0.003177 0.202054
v 0.030405 0.005654 0.200939
v 0.030676 0.000681 0.200859
v 0.030549 -0.003184 0.200895
v 0.029977 0.008307 0.200932
v 0.030353 -0.005786 0.200912
v 0.030537 -0.005876 0.202011
v 0.030032 -0.007938 0.200976
v 0.030249 -0.007799 0.202030
v 0.029373 0.010806 0.200945
v 0.030007 0.004141 0.199928
v 0.028623 0.013330 0.200946
v 0.027782 0.015943 0.201040
v 0.030047 0.001199 0.199819
v 0.029996 -0.003093 0.199895
v 0.026727 0.018368 0.200909
v -0.008244 -0.035710 0.198393
v -0.011710 -0.034731 0.198080
v -0.007645 -0.035777 0.198054
v -0.012005 -0.034681 0.198399
v -0.005645 -0.036214 0.198312
v -0.015279 -0.033465 0.198251
v -0.010197 -0.034949 0.197749
v -0.005490 -0.035891 0.197744
v -0.002098 -0.036543 0.198224
v -0.004302 -0.036057 0.199116
v 0.000674 -0.036366 0.198915
v 0.001473 -0.036531 0.198239
v 0.004845 -0.036196 0.198322
v 0.004204 -0.035831 0.199214
v -0.033372 0.015465 0.001227
v -0.032721 0.017289 0.000497
v -0.033598 0.014227 0.000496
v -0.033894 0.013793 0.001918
v -0.032403 0.018330 0.001830
v -0.031880 0.019529 0.001042
v -0.034714 0.011805 0.001438
v -0.034692 0.011702 0.002493
v -0.031620 0.019732 0.000323
v -0.029780 0.023277 0.000382
v -0.035409 0.010775 0.002614
v -0.036229 0.009760 0.002841
v 0.021282 -0.028770 0.198376
v 0.019945 -0.029975 0.198282
v 0.021247 -0.028721 0.197780
v 0.022305 -0.027774 0.197777
v 0.022653 -0.027437 0.198387
v 0.023382 -0.026761 0.197812
v 0.024065 -0.025969 0.198328
v 0.024221 -0.025752 0.197732
v 0.025319 -0.024598 0.198140
v 0.019432 -0.030065 0.197740
v 0.018693 -0.030896 0.198208
v 0.017296 -0.031481 0.197767
v 0.017482 -0.031700 0.198258
v 0.015435 -0.032607 0.197809
v 0.015442 -0.032850 0.198251
v 0.012978 -0.034034 0.198234
v 0.012636 -0.033834 0.197776
v 0.009919 -0.034936 0.197990
v 0.034215 0.000010 0.197884
v 0.033835 -0.004615 0.197657
v 0.034142 0.000113 0.197627
v 0.033768 0.006193 0.197656
v 0.033556 -0.003662 0.197524
v 0.032826 -0.008468 0.197554
v 0.033706 0.004583 0.197540
v 0.033076 0.008133 0.197527
v 0.033167 0.009606 0.197674
v 0.032631 0.011416 0.197665
v 0.031920 0.012406 0.197515
v 0.031631 0.014367 0.197624
v 0.030878 0.015693 0.197524
v 0.033183 -0.008519 0.197714
v 0.030531 0.017012 0.197689
v 0.008494 -0.035122 0.197764
v 0.007771 -0.035571 0.198238
v 0.006065 -0.035825 0.197939
v 0.004845 -0.036196 0.198322
v 0.004033 -0.035859 0.197729
v 0.001473 -0.036531 0.198239
v -0.000825 -0.036162 0.197738
v -0.002098 -0.036543 0.198224
v -0.005490 -0.035891 0.197744
v 0.010849 -0.033941 0.197675
v 0.010939 -0.034708 0.198418
v -0.025376 0.027359 0.198031
v -0.023836 0.028578 0.197693
v -0.027126 0.025633 0.197920
v -0.028171 0.024107 0.197652
v -0.028692 0.023763 0.198021
v -0.029981 0.021890 0.197772
v -0.031111 0.019784 0.197660
v -0.031457 0.019597 0.198009
v -0.033450 0.015339 0.197773
v 0.020448 0.019527 0.197485
v 0.025081 0.020459 0.197518
v 0.023916 0.013376 0.197481
v 0.026621 0.013847 0.197511
v 0.026238 0.009303 0.197454
v 0.020424 0.026076 0.197517
v 0.024113 0.026356 0.197491
v 0.026736 0.023313 0.197505
v 0.028961 0.019450 0.197506
v 0.021636 0.029153 0.197495
v 0.012237 0.032693 0.197544
v 0.014257 0.027080 0.197552
v 0.016505 0.022248 0.197501
v 0.017113 0.032917 0.197472
v 0.015228 0.034055 0.197489
v 0.020372 0.017612 0.197545
v 0.021454 0.015072 0.197560
v 0.024208 0.009886 0.197554
v 0.009310 0.027552 0.197703
v 0.013761 0.024179 0.197610
v 0.011385 0.035683 0.197488
v 0.007567 0.036056 0.197495
v 0.004776 0.032094 0.197673
v 0.003577 0.029243 0.197726
v -0.003953 0.029121 0.197770
v -0.003637 0.032739 0.197618
v -0.007850 0.030713 0.197721
v -0.007631 0.035930 0.197533
v -0.003757 0.036660 0.197505
v -0.010366 0.028155 0.197773
v -0.009362 0.027147 0.197812
v -0.011663 0.031068 0.197806
v -0.013607 0.029083 0.197839
v -0.011537 0.035184 0.197611
v -0.014980 0.025765 0.197712
v -0.017729 0.027544 0.197789
v -0.018122 0.024183 0.197743
v -0.021957 0.024492 0.197801
v -0.022105 0.020976 0.197717
v -0.025410 0.021040 0.197785
v -0.022329 0.029373 0.197637
v -0.018743 0.031782 0.197634
v -0.015642 0.033384 0.197606
v -0.012426 0.034621 0.197626
v -0.025412 0.023336 0.197714
v -0.020240 0.021812 0.197749
v -0.027791 0.016265 0.197772
v -0.024768 0.016983 0.197743
v -0.027454 0.013878 0.197720
v -0.029687 0.013344 0.197721
v -0.029061 0.007852 0.197664
v -0.030476 0.006016 0.193943
v -0.029371 -0.001644 0.197720
v -0.032896 -0.000161 0.194043
v -0.034183 0.006315 0.194150
v -0.030717 -0.006534 0.193989
v -0.028953 -0.005976 0.197685
v -0.028655 -0.011962 0.197578
v -0.033372 -0.012841 0.197696
v -0.033244 -0.006794 0.194124
v -0.034968 -0.009206 0.194097
v -0.035149 -0.007158 0.194130
v -0.034603 -0.001822 0.194230
v -0.032833 0.015655 0.197672
v -0.034397 0.011866 0.193990
v -0.032469 0.008323 0.194133
v -0.035367 0.007726 0.194106
v -0.029094 -0.017600 0.197632
v -0.026852 -0.016801 0.197587
v -0.026079 -0.022834 0.197645
v -0.022411 -0.022282 0.197551
v -0.032331 -0.015832 0.197667
v -0.031234 -0.018795 0.197689
v -0.022014 -0.018834 0.197595
v -0.019855 -0.021013 0.197588
v -0.017797 -0.023155 0.197598
v -0.023742 -0.016150 0.197647
v -0.026521 -0.012620 0.197638
v -0.027634 -0.009152 0.197676
v -0.029815 -0.020702 0.197620
v -0.027711 -0.023456 0.197617
v -0.023845 -0.027394 0.197630
v -0.019259 -0.028240 0.197652
v -0.019814 -0.030107 0.197665
v -0.016187 -0.032161 0.197655
v -0.015157 -0.024781 0.197527
v -0.011507 -0.028593 0.197558
v -0.012503 -0.026429 0.197557
v -0.009697 -0.027655 0.197559
v -0.006717 -0.030389 0.197601
v -0.004986 -0.028510 0.197602
v -0.000636 -0.029619 0.197647
v -0.014424 -0.030937 0.197680
v -0.008582 -0.033823 0.197666
v 0.003776 -0.034887 0.197649
v -0.012280 -0.033728 0.197663
v -0.008714 -0.034713 0.197655
v -0.005896 -0.035296 0.197634
v -0.001175 -0.035612 0.197633
v 0.007641 -0.034792 0.197674
v 0.004842 -0.029452 0.197647
v 0.010129 -0.027374 0.197613
v 0.014702 -0.028047 0.197618
v 0.016317 -0.023435 0.197574
v 0.020157 -0.020026 0.197517
v 0.020659 -0.025490 0.197652
v 0.024176 -0.021930 0.197625
v 0.014010 -0.030376 0.197677
v 0.024792 -0.024478 0.197566
v 0.022286 -0.027066 0.197594
v 0.026541 -0.022133 0.197557
v 0.026543 -0.018763 0.197620
v 0.028014 -0.020021 0.197569
v 0.029212 -0.017768 0.197570
v 0.030136 -0.011679 0.197575
v 0.031076 -0.013996 0.197553
v 0.031970 -0.010778 0.197558
v 0.019311 -0.029359 0.197618
v 0.016653 -0.031048 0.197636
v 0.014503 -0.032551 0.197656
v 0.029025 -0.001916 0.197506
v 0.024934 -0.010233 0.197510
v 0.025863 -0.005484 0.197424
v 0.029057 -0.007122 0.197511
v 0.022407 -0.015974 0.197539
v 0.026123 -0.002159 0.197455
v 0.026195 0.005083 0.197389
v -0.025294 -0.013425 0.197658
v -0.026730 0.012855 0.197768
v -0.028215 0.010043 0.197712
v -0.028469 0.005379 0.197734
v -0.022380 0.019473 0.197782
v 0.019054 -0.019325 0.197606
v 0.021964 -0.014485 0.197622
v 0.016477 -0.022017 0.197642
v 0.023954 -0.008570 0.197600
v 0.013170 -0.024870 0.197633
v 0.004759 0.028191 0.197772
v -0.036277 -0.003972 0.194026
v -0.036348 0.005437 0.193986
v -0.036387 -0.007266 0.194022
v 0.024976 0.005785 0.197488
v 0.025230 -0.001519 0.197542
v 0.008182 0.036509 0.197541
v 0.002469 0.037143 0.197583
v -0.015075 0.034098 0.197756
v 0.010602 0.025458 0.197758
v 0.005956 0.026553 0.197949
v -0.026017 -0.009990 0.197881
v -0.027055 -0.006669 0.197943
v -0.027810 -0.001430 0.197992
v -0.027590 0.001850 0.197962
v 0.001903 0.027825 0.197970
v -0.017466 0.022963 0.197909
v -0.016022 0.023863 0.197897
v -0.024862 0.013723 0.197941
v 0.014673 0.022209 0.197701
v 0.016509 0.020012 0.197731
v -0.010197 -0.034949 0.197749
v -0.004456 0.027651 0.197987
v -0.008122 0.026513 0.197962
v -0.023722 0.015833 0.197973
v -0.033850 -0.013133 0.197782
v -0.026999 0.009991 0.197960
v -0.027243 0.006319 0.197969
v 0.006734 -0.028330 0.197691
v 0.002422 -0.028745 0.197862
v 0.019032 0.016542 0.197816
v 0.017461 0.017629 0.197932
v -0.010810 0.025635 0.197985
v -0.014212 0.025231 0.197884
v -0.036782 0.007621 0.193754
v -0.019878 0.020742 0.197943
v -0.021915 0.018430 0.197998
v -0.014106 -0.033605 0.197769
v -0.016620 -0.032552 0.197746
v -0.019855 -0.030719 0.197782
v -0.021953 -0.029361 0.197783
v -0.032354 -0.016827 0.197749
v -0.000036 -0.028744 0.197852
v 0.010893 0.023925 0.197984
v 0.008963 0.025511 0.197944
v 0.013408 0.021946 0.197977
v -0.005335 0.036931 0.197632
v -0.017569 -0.021643 0.197900
v -0.009170 0.036027 0.197643
v 0.007549 -0.026941 0.197914
v 0.009944 -0.026022 0.197908
v 0.021280 0.013071 0.197808
v 0.023005 0.009050 0.197849
v 0.023731 0.007152 0.197783
v 0.024277 0.003607 0.197774
v 0.024333 -0.000572 0.197837
v -0.019533 -0.019600 0.197846
v -0.021020 -0.018138 0.197874
v -0.022554 -0.016136 0.197899
v -0.024364 -0.013525 0.197838
v 0.004957 -0.028196 0.197893
v 0.020152 0.014004 0.197973
v 0.029461 -0.018231 0.197679
v 0.015316 0.020041 0.197965
v -0.010336 -0.026080 0.197863
v -0.013619 -0.024402 0.197848
v -0.007842 -0.026933 0.197856
v -0.003951 -0.027691 0.197871
v 0.030638 -0.015967 0.197740
v -0.027492 -0.024414 0.197767
v -0.015321 -0.023087 0.197931
v 0.023892 -0.004511 0.197854
v 0.019364 -0.017099 0.197880
v 0.021197 -0.014198 0.197840
v 0.023135 -0.008712 0.197866
v 0.022023 0.005833 0.198399
v 0.023517 0.004252 0.198147
v 0.022493 0.004185 0.198408
v 0.022674 0.001389 0.198500
v 0.023381 -0.001634 0.198368
v 0.023136 -0.004152 0.198356
v -0.025023 -0.026911 0.197784
v -0.037127 -0.006432 0.193657
v -0.020606 0.031056 0.197780
v 0.016207 -0.021015 0.197924
v 0.014019 -0.023047 0.197917
v 0.012342 -0.024193 0.198002
v 0.018059 -0.019131 0.197928
v 0.021248 0.007971 0.198505
v 0.020205 0.009767 0.198615
v 0.032223 -0.011701 0.197723
v 0.021836 -0.001934 0.198915
v 0.026549 -0.022962 0.197738
v -0.037477 -0.000118 0.193244
v 0.032706 -0.010202 0.197773
v -0.029688 -0.021663 0.197796
v 0.019125 0.012806 0.198604
v -0.017547 0.032842 0.197770
v 0.016875 0.016189 0.198478
v 0.018538 0.015398 0.198276
v 0.017166 0.013857 0.198829
v 0.015470 0.015486 0.198872
v 0.017848 0.012392 0.198792
v 0.017240 0.013306 0.198802
v 0.018634 0.011142 0.198850
v 0.019461 0.009944 0.198918
v 0.018896 0.010020 0.198933
v 0.018979 0.008673 0.198774
v 0.016118 0.014148 0.198744
v 0.016840 0.012803 0.198571
v 0.017436 0.011708 0.198569
v 0.018012 0.010386 0.198560
v 0.015508 0.016043 0.198930
v 0.014505 0.016250 0.198763
v 0.015971 0.017133 0.198608
v 0.014262 0.017784 0.199110
v 0.014056 0.016893 0.198927
v 0.027777 -0.021208 0.197760
v 0.014982 0.018574 0.198713
v 0.013736 0.020489 0.198459
v -0.036411 0.000015 0.193895
v -0.037502 0.004332 0.193334
v -0.037511 0.007553 0.193280
v -0.037584 -0.007058 0.193310
v 0.031599 -0.013704 0.197724
v -0.003951 0.026704 0.198436
v 0.008064 0.024404 0.198551
v 0.005063 0.025669 0.198468
v 0.021687 -0.004443 0.198980
v -0.021205 0.017385 0.198535
v 0.011920 0.021482 0.198537
v -0.026122 0.006962 0.198444
v -0.025318 0.009290 0.198628
v -0.025791 0.007193 0.198384
v -0.026538 0.005439 0.198481
v -0.025323 0.010693 0.198450
v -0.024504 0.011432 0.198672
v 0.021331 -0.010172 0.198393
v 0.022575 -0.006495 0.198373
v 0.003184 0.026373 0.198504
v 0.000918 0.026707 0.198541
v 0.013238 0.019270 0.199409
v 0.013092 0.018473 0.199503
v 0.011995 0.019554 0.199694
v 0.013172 0.017693 0.199304
v 0.013628 0.017067 0.199214
v 0.012418 0.018406 0.199271
v 0.012657 0.019957 0.199370
v 0.010530 0.022716 0.198509
v 0.009421 0.023650 0.198488
v -0.023898 0.012765 0.198693
v 0.019922 -0.013984 0.198446
v -0.026704 -0.004388 0.198291
v -0.026067 -0.006614 0.198418
v -0.026896 -0.001879 0.198249
v -0.027356 -0.000099 0.198193
v -0.026916 0.000693 0.198253
v -0.026807 0.003283 0.198506
v -0.025817 -0.008869 0.198301
v 0.021861 0.002772 0.198894
v 0.019624 0.008266 0.199147
v 0.019936 0.008123 0.199213
v 0.020057 0.005791 0.199630
v 0.019679 0.005381 0.199589
v 0.019953 0.003630 0.199822
v 0.020570 0.003601 0.199847
v 0.011598 0.020224 0.199885
v -0.016853 0.021843 0.198535
v -0.018989 0.020022 0.198519
v 0.012490 0.035518 0.197629
v 0.021288 -0.006753 0.198984
v 0.005095 -0.026831 0.198544
v 0.002321 -0.027713 0.198447
v -0.006704 0.025937 0.198463
v -0.009082 0.025884 0.198165
v -0.024682 -0.011267 0.198237
v -0.023023 0.014685 0.198675
v -0.023088 0.013951 0.198735
v -0.021849 0.015755 0.198815
v -0.020476 0.017461 0.198919
v -0.020101 0.017525 0.198796
v -0.000330 -0.027715 0.198423
v 0.002598 -0.026619 0.199015
v 0.004511 -0.026132 0.198685
v 0.006128 -0.025726 0.198785
v 0.007014 -0.026087 0.198519
v -0.000793 -0.027029 0.198995
v -0.003999 -0.026734 0.198924
v -0.018294 0.019273 0.198795
v -0.019209 0.018851 0.198913
v 0.014507 -0.021453 0.198465
v 0.029145 0.019603 0.197643
v 0.027941 0.021558 0.197639
v -0.014022 0.024118 0.198478
v -0.011768 0.024573 0.198601
v 0.017010 -0.018919 0.198449
v 0.018371 -0.017288 0.198493
v 0.019181 -0.015100 0.198607
v 0.000854 -0.026127 0.198692
v -0.000625 -0.025381 0.198439
v -0.004641 -0.025616 0.198529
v -0.005451 -0.026124 0.198777
v -0.007313 -0.025540 0.198761
v -0.007864 -0.025900 0.198743
v -0.009535 -0.025284 0.198772
v -0.008362 -0.024666 0.198620
v -0.010540 -0.024760 0.198905
v -0.009881 -0.024121 0.198607
v -0.011096 -0.024265 0.198947
v -0.012016 -0.023981 0.198921
v -0.005455 -0.026552 0.198626
v -0.007884 -0.026244 0.198408
v -0.004538 -0.024904 0.197940
v -0.011204 -0.023497 0.198603
v -0.012659 -0.022533 0.198625
v -0.013147 -0.023406 0.198995
v -0.013464 -0.022206 0.198687
v -0.014427 -0.022632 0.198920
v -0.014902 -0.021926 0.198843
v -0.015231 -0.022337 0.198767
v -0.015991 -0.021636 0.198927
v -0.015145 -0.021067 0.198570
v -0.015925 -0.020513 0.198675
v -0.017201 -0.020555 0.199088
v 0.002887 -0.026027 0.198609
v -0.016573 -0.019754 0.198563
v -0.018593 -0.018977 0.199149
v -0.014159 -0.021516 0.198382
v 0.019686 0.003862 0.199654
v -0.013285 0.023520 0.198960
v -0.012015 0.023987 0.198731
v -0.010264 0.024767 0.198773
v -0.014384 0.023002 0.198951
v -0.017529 0.020317 0.199096
v -0.016028 0.021925 0.198915
v -0.015998 0.021591 0.198763
v 0.020092 0.003232 0.200079
v 0.020677 0.001035 0.200121
v 0.020339 -0.001297 0.200067
v 0.020977 -0.001723 0.199650
v 0.020627 -0.003672 0.199899
v 0.020073 -0.003061 0.199816
v 0.020077 -0.005109 0.199491
v 0.020599 -0.006371 0.199640
v 0.020513 -0.007781 0.199533
v 0.019911 -0.009149 0.199535
v 0.019947 -0.010323 0.199539
v 0.019261 -0.011172 0.199659
v 0.019371 -0.012076 0.199599
v 0.018378 -0.013324 0.199776
v 0.018592 -0.013821 0.199782
v 0.017051 -0.015748 0.199814
v 0.017493 -0.015810 0.199784
v 0.016098 -0.017442 0.199730
v 0.016491 -0.017534 0.199663
v 0.017876 -0.010943 0.199357
v 0.018521 -0.009834 0.199287
v 0.019344 -0.007672 0.199285
v 0.015622 -0.018323 0.199545
v 0.017313 -0.012062 0.199323
v 0.016700 -0.014268 0.199339
v 0.015864 -0.018490 0.199419
v 0.013430 -0.020671 0.199429
v 0.013958 -0.020732 0.199237
v 0.012489 -0.021537 0.199509
v 0.019558 -0.005640 0.199263
v 0.013628 -0.019393 0.199086
v 0.012380 -0.020557 0.199043
v 0.015203 -0.017838 0.199227
v 0.011759 -0.022246 0.199525
v 0.015887 -0.015993 0.199155
v 0.006775 -0.025398 0.199009
v 0.010152 -0.023694 0.199181
v 0.008809 -0.024070 0.199080
v 0.010280 -0.023251 0.199277
v -0.025258 -0.008903 0.198685
v -0.022553 -0.015096 0.198304
v -0.021145 -0.016831 0.198435
v -0.019970 -0.018162 0.198427
v 0.009655 -0.022463 0.198530
v -0.008230 0.025293 0.198749
v -0.018339 -0.019750 0.198438
v -0.017157 -0.021002 0.198470
v -0.016316 -0.021761 0.198426
v -0.024667 -0.010275 0.198673
v 0.000946 -0.025424 0.198150
v 0.019834 -0.012603 0.198951
v 0.020547 -0.009889 0.199110
v -0.017767 -0.018728 0.198580
v -0.019050 -0.017326 0.198521
v -0.020052 -0.017511 0.199124
v -0.020316 -0.016121 0.198626
v -0.020680 -0.016799 0.198948
v -0.021959 -0.015164 0.198969
v 0.018980 0.031639 0.197648
v -0.011935 -0.024472 0.198413
v 0.021276 0.001903 0.199411
v -0.012152 0.035262 0.197836
v -0.003753 -0.027142 0.198343
v 0.011576 0.019405 0.199310
v -0.023468 -0.013779 0.198365
v -0.023521 -0.012703 0.198884
v -0.005971 0.025789 0.198787
v -0.004610 0.025779 0.198837
v -0.003923 0.026253 0.198844
v -0.002503 0.026075 0.199097
v 0.010961 0.021559 0.199117
v 0.011295 0.020746 0.199627
v 0.010932 0.020567 0.199494
v -0.024198 -0.011226 0.198726
v -0.023014 -0.012446 0.198592
v -0.022813 -0.013922 0.198893
v -0.022374 -0.013700 0.198633
v 0.005930 0.024472 0.199309
v -0.035007 0.010650 0.194536
v -0.034267 0.013282 0.197993
v 0.002266 0.025717 0.199615
v 0.007283 0.023810 0.199525
v 0.006140 0.023576 0.199355
v 0.008065 0.023248 0.199665
v 0.004673 0.024952 0.199482
v 0.004581 0.024480 0.199437
v 0.003435 0.025429 0.199725
v 0.008983 0.023105 0.199704
v 0.008580 0.022828 0.199771
v 0.010127 0.021785 0.199767
v 0.002580 0.025509 0.199793
v 0.000584 0.025840 0.199319
v 0.001147 0.026062 0.199337
v 0.010782 0.005885 0.204121
v 0.009940 0.007047 0.204072
v 0.009148 0.008264 0.203689
v 0.011454 0.005320 0.203646
v 0.011659 0.004823 0.204216
v 0.012282 0.004284 0.204269
v 0.013467 0.003950 0.203292
v 0.013500 0.003569 0.203904
v 0.013524 0.004632 0.202806
v 0.010033 0.008296 0.203032
v 0.011879 0.005888 0.203070
v 0.008773 0.009961 0.203104
v 0.007290 0.010839 0.203605
v 0.006882 0.012489 0.203089
v 0.005720 0.012971 0.203616
v 0.004968 0.014892 0.203062
v 0.004595 0.014558 0.203636
v 0.003790 0.015875 0.203653
v 0.003306 0.017097 0.203141
v 0.008140 0.009406 0.204143
v 0.007261 0.010680 0.203894
v 0.006529 0.011660 0.204152
v 0.003173 0.017120 0.203677
v 0.002610 0.018265 0.203422
v 0.001962 0.019615 0.203120
v 0.005360 0.013459 0.203899
v 0.009269 0.008172 0.204506
v 0.007646 0.010351 0.204464
v 0.013633 0.003679 0.204695
v 0.002149 0.019594 0.203706
v 0.001283 0.021094 0.203147
v -0.008301 0.036390 0.198052
v -0.004265 0.037110 0.197869
v -0.005335 0.036931 0.197632
v -0.003711 0.037109 0.198353
v -0.007113 0.036493 0.198683
v -0.008887 0.035989 0.198953
v -0.003893 0.036948 0.198747
v -0.011817 0.035335 0.198382
v -0.012223 0.034919 0.199067
v -0.014333 0.034037 0.199122
v -0.016417 0.033437 0.198222
v -0.015075 0.034098 0.197756
v -0.012152 0.035262 0.197836
v 0.000084 0.037334 0.198023
v -0.009170 0.036027 0.197643
v -0.005351 0.036543 0.198925
v -0.027981 -0.020216 0.199957
v -0.028263 -0.019886 0.199257
v -0.027566 -0.020838 0.199225
v -0.026562 -0.022184 0.199271
v -0.026609 -0.021786 0.200496
v -0.025654 -0.023134 0.199866
v -0.024881 -0.023997 0.199260
v -0.028219 -0.019540 0.200533
v -0.024813 -0.023669 0.200561
v -0.026694 -0.020807 0.201042
v -0.024608 -0.022949 0.201126
v -0.029033 -0.017273 0.201042
v -0.021794 -0.025830 0.201069
v -0.022996 -0.025509 0.200361
v -0.021149 -0.027046 0.200438
v -0.006831 -0.033624 0.201187
v -0.009112 -0.032938 0.201101
v -0.007197 -0.033629 0.200205
v -0.010230 -0.032704 0.200319
v -0.004113 -0.034251 0.201201
v -0.012109 -0.031877 0.200975
v -0.012860 -0.031748 0.200266
v -0.014343 -0.030816 0.201031
v -0.015659 -0.030414 0.200397
v -0.016278 -0.029768 0.201064
v -0.018350 -0.028898 0.200614
v -0.006150 -0.033304 0.201843
v -0.002425 -0.034158 0.201925
v -0.001146 -0.034516 0.201664
v -0.010148 -0.031918 0.201692
v -0.018777 -0.028218 0.201061
v -0.013485 -0.030473 0.201654
v -0.018164 -0.027703 0.201634
v -0.007023 -0.032288 0.202112
v -0.010418 -0.031042 0.201997
v -0.001457 -0.033663 0.202435
v -0.021986 -0.024189 0.201632
v -0.013742 -0.029317 0.201973
v -0.023993 -0.022121 0.201599
v -0.026504 -0.019699 0.201436
v -0.029077 -0.015756 0.201385
v -0.031414 -0.012680 0.201066
v -0.031089 -0.011361 0.199577
v -0.033015 -0.008487 0.199025
v -0.031311 -0.013972 0.200661
v -0.032764 -0.011075 0.198224
v -0.033407 -0.009478 0.198173
v -0.032028 -0.012817 0.200460
v -0.034080 -0.007671 0.198126
v 0.001228 -0.034201 0.202296
v -0.016620 -0.032552 0.197746
v -0.017579 -0.032338 0.198250
v -0.019855 -0.030719 0.197782
v -0.020388 -0.030666 0.198303
v -0.021953 -0.029361 0.197783
v -0.015279 -0.033465 0.198251
v -0.014106 -0.033605 0.197769
v -0.011710 -0.034731 0.198080
v -0.010197 -0.034949 0.197749
v 0.013471 0.035048 0.198278
v 0.015980 0.033690 0.198117
v 0.012490 0.035518 0.197629
v 0.015228 0.034055 0.197489
v 0.017113 0.032917 0.197472
v 0.018980 0.031639 0.197648
v 0.019124 0.031484 0.198293
v 0.011425 0.035838 0.198215
v 0.008916 0.036441 0.197854
v 0.012777 0.035199 0.198463
v 0.000763 0.022972 0.202730
v 0.001340 0.021987 0.202482
v 0.001283 0.021094 0.203147
v 0.001962 0.019615 0.203120
v 0.001213 0.024228 0.201718
v 0.000679 0.025529 0.201556
v 0.001215 0.025201 0.201131
v 0.002930 0.019512 0.202501
v 0.003306 0.017097 0.203141
v 0.003981 0.018061 0.202432
v 0.004968 0.014892 0.203062
v 0.001980 0.022706 0.201961
v 0.001602 0.024767 0.201315
v 0.002727 0.021897 0.201995
v 0.005591 0.015914 0.202515
v 0.007240 0.013377 0.202721
v 0.006882 0.012489 0.203089
v 0.008773 0.009961 0.203104
v 0.010065 0.010433 0.202568
v 0.003495 0.020215 0.202161
v 0.010033 0.008296 0.203032
v 0.010926 0.008499 0.202684
v 0.011879 0.005888 0.203070
v 0.013066 0.005903 0.202728
v 0.013524 0.004632 0.202806
v 0.014187 0.005023 0.202559
v 0.007917 0.013753 0.202525
v 0.004051 0.023502 0.201477
v 0.005881 0.018161 0.202165
v 0.002749 0.024402 0.201254
v 0.005765 0.022415 0.201700
v 0.007222 0.020781 0.201903
v 0.008328 0.016406 0.202269
v 0.013653 0.006559 0.202641
v 0.011652 0.008975 0.202615
v 0.012642 0.008227 0.202693
v 0.010603 0.013886 0.202486
v 0.010686 0.016041 0.202391
v 0.011285 0.011455 0.202591
v 0.010457 0.018309 0.202310
v 0.009506 0.019920 0.202070
v 0.010788 0.018933 0.202083
v 0.007986 0.022078 0.201881
v 0.008706 0.021586 0.201876
v 0.009769 0.020580 0.201831
v 0.011695 0.015864 0.202688
v 0.012719 0.010603 0.203020
v 0.011451 0.018661 0.202599
v 0.011921 0.011570 0.202780
v 0.013531 0.008917 0.203018
v 0.014514 0.007239 0.202972
v 0.015195 0.006034 0.203002
v 0.012362 0.013097 0.203259
v 0.014574 0.004792 0.202393
v 0.013689 0.004231 0.202484
v 0.015691 0.004935 0.202743
v 0.012297 0.017175 0.203121
v 0.000361 0.025871 0.202108
v 0.012176 0.019270 0.203356
v 0.011689 0.019345 0.202604
v 0.012018 0.019826 0.202603
v 0.012886 0.018502 0.203720
v 0.012725 0.013619 0.204022
v 0.013067 0.017884 0.204074
v 0.013732 0.021058 0.203875
v 0.012887 0.011915 0.203836
v 0.013360 0.010278 0.203548
v 0.014353 0.008783 0.203698
v 0.015790 0.006430 0.203702
v 0.016632 0.005533 0.203788
v 0.017545 -0.001997 0.200901
v 0.017409 -0.002883 0.201303
v 0.016514 -0.002562 0.201930
v 0.018168 -0.002380 0.200523
v 0.018064 -0.000813 0.200323
v 0.016552 -0.001310 0.201829
v 0.015549 -0.001978 0.202864
v 0.017523 0.000873 0.201001
v 0.016015 0.001310 0.202400
v 0.017562 0.002614 0.200933
v 0.015546 -0.000564 0.203076
v 0.018444 -0.003121 0.200256
v 0.014490 -0.001500 0.204712
v 0.014131 0.000605 0.204766
v 0.015394 0.000573 0.203470
v 0.018105 0.002120 0.199675
v 0.015127 0.002484 0.202728
v 0.015926 0.003622 0.201364
v 0.014303 0.002106 0.203672
v 0.013652 0.003228 0.203523
v 0.014746 0.003619 0.202201
v 0.015422 0.004142 0.201391
v 0.014574 0.004792 0.202393
v 0.016050 0.004174 0.201013
v 0.016528 0.004019 0.200676
v 0.017086 0.003372 0.200539
v 0.016880 0.004146 0.200316
v 0.016280 0.005574 0.200927
v 0.017671 0.003266 0.199858
v 0.016882 0.005351 0.199949
v 0.016214 0.006465 0.200406
v 0.017749 0.004256 0.199241
v 0.017000 0.007915 0.197331
v 0.017890 0.005266 0.197596
v 0.015692 0.009553 0.198431
v 0.015387 0.008470 0.200599
v 0.014933 0.010643 0.199362
v 0.016316 0.009513 0.196762
v 0.015914 0.007019 0.200992
v 0.018183 0.004495 0.197452
v 0.018359 -0.000728 0.198856
v 0.014708 0.012531 0.196592
v 0.014031 0.012784 0.198754
v 0.017561 0.007731 0.194804
v 0.018394 0.002599 0.197861
v 0.013206 0.013592 0.200726
v 0.012121 0.015859 0.200507
v 0.013943 0.012023 0.200703
v 0.014612 0.010172 0.200901
v 0.015317 0.008684 0.201099
v 0.016221 0.011275 0.193264
v 0.018217 0.005739 0.194529
v 0.012665 0.015060 0.199121
v 0.015166 0.012818 0.193439
v 0.018505 -0.001343 0.197499
v 0.013720 0.002792 0.204392
v 0.013500 0.003569 0.203904
v 0.013467 0.003950 0.203292
v 0.013689 0.004231 0.202484
v 0.013524 0.004632 0.202806
v 0.016733 -0.003231 0.202787
v 0.014087 0.013718 0.195431
v 0.013144 0.014584 0.197692
v 0.010581 0.018607 0.199496
v 0.015989 0.011934 0.190765
v 0.015348 -0.003265 0.203630
v 0.013464 0.013243 0.201492
v 0.012898 0.014431 0.201456
v 0.012338 0.015693 0.201468
v 0.011765 0.016748 0.201434
v 0.014124 0.011883 0.201479
v 0.011228 0.017869 0.201457
v 0.010839 0.018958 0.201603
v 0.013870 0.014101 0.193647
v 0.012515 0.015272 0.197344
v 0.011574 0.016330 0.197710
v 0.014777 0.013377 0.190998
v 0.013633 0.003679 0.204695
v 0.012934 0.014740 0.194614
v 0.011200 0.017181 0.198853
v 0.009893 0.019480 0.199173
v 0.010251 0.017589 0.197290
v 0.009828 0.020548 0.201356
v 0.009769 0.020580 0.201831
v 0.010788 0.018933 0.202083
v 0.008943 0.021518 0.201438
v 0.008706 0.021586 0.201876
v 0.018619 -0.003336 0.200976
v 0.014588 -0.002806 0.203585
v 0.014952 0.010011 0.201470
v 0.015352 -0.003068 0.204706
v 0.015589 0.004725 0.201582
v 0.015223 -0.002610 0.204884
v 0.016643 0.005414 0.201164
v 0.016617 0.004806 0.201376
v -0.028849 0.019199 0.199974
v -0.027858 0.020729 0.199973
v -0.027993 0.020126 0.199318
v -0.028662 0.019104 0.199253
v -0.029325 0.018023 0.199266
v -0.027073 0.021390 0.199221
v -0.026406 0.022560 0.199953
v -0.026027 0.022612 0.199210
v -0.025192 0.023945 0.200184
v -0.025256 0.023526 0.199161
v 0.023474 -0.032818 0.001792
v 0.021496 -0.034214 0.001785
v 0.024432 -0.032213 0.000862
v 0.021842 -0.033966 0.000127
v 0.024151 -0.032353 0.000077
v 0.019113 -0.035570 0.000191
v 0.019149 -0.035536 0.001789
v 0.025650 -0.031169 0.001796
v 0.028803 -0.019530 0.198184
v 0.027362 -0.021859 0.198193
v 0.027777 -0.021208 0.197760
v 0.026549 -0.022962 0.197738
v 0.025319 -0.024598 0.198140
v 0.029461 -0.018231 0.197679
v 0.029941 -0.017455 0.198100
v 0.030638 -0.015967 0.197740
v 0.024221 -0.025752 0.197732
v -0.034082 -0.013332 0.198415
v -0.033850 -0.013133 0.197782
v -0.033784 -0.013937 0.198058
v -0.034857 -0.011106 0.194851
v -0.034968 -0.009206 0.194097
v -0.035318 -0.009348 0.194869
v -0.032354 -0.016827 0.197749
v -0.035398 -0.007577 0.194598
v -0.035149 -0.007158 0.194130
v -0.032789 -0.016349 0.198196
v -0.031451 -0.018975 0.198254
v -0.031234 -0.018795 0.197689
v -0.029688 -0.021663 0.197796
v -0.035252 -0.007548 0.196590
v -0.035119 -0.009412 0.196291
v -0.018570 -0.020956 0.181080
v -0.017775 -0.021295 0.180751
v -0.017387 -0.022038 0.180759
v -0.018351 -0.020730 0.180784
v -0.019595 -0.020176 0.181004
v -0.018610 -0.020184 0.180618
v -0.016505 -0.021541 0.180582
v -0.016082 -0.022353 0.180174
v -0.016486 -0.023397 0.180861
v -0.015367 -0.024428 0.179931
v -0.015820 -0.021316 0.180188
v -0.014877 -0.022352 0.178798
v -0.016962 -0.023382 0.181559
v -0.015170 -0.025905 0.180680
v -0.014424 -0.026553 0.179894
v -0.014380 -0.024043 0.178353
v -0.013008 -0.025145 0.176645
v -0.012182 -0.026849 0.176808
v -0.013233 -0.028520 0.179998
v -0.012683 -0.023973 0.175272
v -0.011495 -0.025943 0.174423
v -0.011689 -0.024319 0.173223
v -0.017790 -0.022094 0.181608
v -0.015143 -0.026569 0.181589
v -0.010908 -0.024840 0.171755
v -0.010512 -0.025678 0.171748
v -0.010996 -0.023839 0.171136
v -0.010077 -0.024478 0.168363
v -0.009198 -0.025183 0.167183
v -0.010080 -0.026603 0.172508
v -0.011095 -0.027348 0.175890
v -0.012142 -0.029198 0.179368
v -0.013901 -0.028337 0.181812
v -0.009530 -0.024314 0.165895
v -0.008912 -0.023311 0.160806
v -0.010246 -0.022909 0.166178
v -0.009439 -0.022972 0.161846
v -0.008876 -0.021747 0.156343
v -0.009466 -0.021725 0.158664
v -0.009394 -0.020614 0.155388
v -0.008711 -0.020643 0.153191
v -0.009597 -0.018544 0.151723
v -0.009095 -0.018675 0.150440
v -0.009837 -0.016659 0.148049
v -0.008596 -0.017720 0.147053
v -0.008284 -0.019151 0.149485
v -0.012585 -0.029654 0.181133
v -0.011203 -0.015475 0.150706
v -0.009572 -0.015713 0.143950
v -0.010713 -0.014464 0.144176
v -0.010759 -0.013847 0.142812
v -0.011045 -0.014729 0.146546
v -0.009375 -0.015212 0.142591
v -0.018584 -0.021174 0.182140
v -0.012128 -0.014781 0.152312
v -0.011690 -0.015640 0.154010
v -0.010667 -0.013022 0.141317
v -0.008040 -0.023009 0.157639
v -0.010309 -0.018161 0.154103
v -0.008052 -0.021893 0.154774
v -0.012205 -0.015481 0.157759
v -0.011714 -0.029718 0.179600
v -0.015826 -0.025524 0.182435
v -0.011167 -0.017616 0.159383
v -0.011806 -0.017037 0.162647
v -0.010063 -0.020602 0.160010
v -0.012656 -0.015839 0.163013
v -0.012074 -0.018575 0.169923
v -0.013059 -0.017104 0.168949
v -0.011038 -0.019046 0.165014
v -0.011225 -0.020028 0.169690
v -0.012348 -0.018985 0.172218
v -0.013076 -0.017979 0.172198
v -0.010029 -0.022143 0.163073
v -0.012966 -0.019086 0.174202
v -0.011286 -0.020826 0.171068
v -0.013984 -0.018228 0.175424
v -0.013710 -0.019008 0.175988
v -0.010568 -0.023188 0.168855
v -0.014765 -0.018930 0.178085
v -0.010818 -0.020885 0.168718
v -0.017794 -0.022060 0.182912
v -0.012270 -0.021004 0.173635
v -0.013754 -0.020300 0.176740
v -0.014969 -0.019977 0.179010
v -0.015767 -0.018929 0.179578
v -0.015959 -0.019682 0.180557
v -0.013878 -0.022016 0.177061
v -0.013172 -0.014754 0.159650
v -0.015905 -0.025076 0.183302
v -0.007655 -0.020156 0.150433
v -0.015966 -0.020466 0.180652
v -0.018599 -0.020875 0.183020
v -0.014812 -0.026524 0.183756
v -0.009523 -0.013801 0.140915
v -0.008219 -0.024665 0.163175
v -0.008459 -0.025984 0.167670
v -0.010092 -0.028113 0.175899
v -0.010449 -0.012018 0.140256
v -0.009580 -0.012652 0.139960
v -0.012406 -0.029698 0.181942
v -0.016725 -0.018900 0.180452
v -0.013388 -0.028260 0.183620
v -0.007361 -0.018577 0.147064
v -0.008071 -0.016971 0.144527
v -0.011206 -0.030434 0.180916
v -0.015345 -0.024471 0.185252
v -0.007110 -0.021004 0.151607
v -0.008375 -0.015129 0.141662
v -0.016145 -0.022233 0.185905
v -0.017724 -0.021215 0.184195
v -0.018582 -0.020094 0.184371
v -0.008036 -0.016396 0.143432
v -0.013857 -0.026170 0.185847
v -0.008518 -0.012128 0.139056
v -0.008976 -0.010297 0.138422
v -0.008398 -0.013135 0.139678
v -0.008208 -0.014226 0.140637
v -0.016846 -0.020197 0.186575
v -0.012343 -0.028998 0.183805
v -0.014154 -0.023656 0.187830
v -0.012563 -0.027428 0.185920
v -0.018128 -0.018147 0.187405
v -0.017029 -0.019034 0.187791
v -0.012824 -0.025599 0.187587
v -0.013116 -0.022885 0.189953
v -0.011993 -0.024164 0.189857
v -0.010992 -0.026663 0.187914
v 0.013695 0.009785 0.204328
v 0.014353 0.008783 0.203698
v 0.013425 0.010493 0.203930
v 0.012943 0.011317 0.204472
v 0.012887 0.011915 0.203836
v 0.013819 0.008630 0.204686
v 0.012726 0.011190 0.204754
v 0.014841 0.007927 0.204213
v 0.012579 0.013620 0.204697
v 0.015036 0.006766 0.204618
v 0.015366 0.007092 0.203841
v 0.015790 0.006430 0.203702
v 0.015764 0.006488 0.204272
v 0.016046 0.005242 0.204689
v 0.016548 0.005710 0.204237
v 0.016632 0.005533 0.203788
v 0.013360 0.010278 0.203548
v 0.009749 0.030516 0.204710
v 0.009559 0.027398 0.204843
v 0.009983 0.029158 0.204975
v 0.010032 0.032277 0.204796
v 0.010621 0.034605 0.204959
v 0.009355 0.024829 0.204799
v 0.009312 0.026923 0.204764
v 0.010876 0.036348 0.204785
v 0.010906 0.007254 0.204761
v 0.012109 0.012516 0.204855
v 0.009004 0.009538 0.204727
v 0.010262 0.015930 0.204714
v 0.006860 0.012850 0.204556
v 0.012359 0.016293 0.204867
v 0.010964 0.017557 0.204775
v 0.006372 0.018266 0.204271
v 0.010053 0.019170 0.204540
v 0.003430 0.018364 0.204022
v 0.002379 0.020757 0.203816
v 0.004648 0.024330 0.203764
v 0.008701 0.023817 0.204070
v 0.008793 0.022032 0.204198
v 0.002892 0.026289 0.203376
v 0.001348 0.023900 0.203437
v 0.007937 0.027631 0.203610
v 0.005255 0.028186 0.203319
v 0.008477 0.029391 0.203582
v 0.005542 0.031930 0.203170
v 0.001938 0.031667 0.202895
v 0.008344 0.031210 0.203395
v 0.003583 0.033188 0.202864
v 0.009619 0.028344 0.203656
v 0.009207 0.027110 0.203666
v 0.010039 0.029504 0.203607
v -0.006642 0.031840 0.202396
v -0.006016 0.031100 0.202468
v -0.010271 0.029366 0.202387
v -0.011622 0.030133 0.202251
v -0.014339 0.027278 0.202282
v -0.015303 0.028753 0.202060
v -0.019240 0.024815 0.202057
v -0.018381 0.026860 0.201930
v -0.015879 0.024886 0.202221
v -0.007340 0.028951 0.202443
v -0.020344 0.022539 0.202082
v -0.023042 0.022122 0.201878
v -0.024282 0.017723 0.202035
v -0.026606 0.015358 0.201945
v -0.026069 0.019707 0.201694
v 0.001124 0.029090 0.202833
v 0.002184 0.027824 0.202970
v -0.001283 0.029632 0.202634
v -0.003847 0.033294 0.202369
v -0.023891 0.015390 0.202035
v -0.020788 0.019940 0.202059
v -0.026146 0.012545 0.202009
v -0.028112 0.007742 0.201926
v -0.028929 0.010651 0.201851
v -0.030250 0.003564 0.200259
v -0.032369 0.004215 0.199824
v -0.028655 0.014837 0.201663
v -0.029479 -0.007566 0.201844
v -0.027480 -0.010955 0.201912
v -0.031705 -0.004397 0.199958
v 0.010823 0.020729 0.204862
v 0.013487 0.021021 0.204970
v -0.031607 0.009062 0.199713
v -0.029579 -0.012065 0.201685
v -0.025271 -0.016742 0.201918
v -0.024197 -0.013752 0.201974
v -0.022031 -0.019987 0.201985
v -0.025307 -0.011247 0.201942
v -0.026488 -0.007220 0.201899
v 0.010190 0.023624 0.204925
v 0.012501 0.029498 0.204974
v 0.014784 0.024004 0.204982
v 0.016721 0.026294 0.204996
v -0.022216 -0.022134 0.201879
v -0.018405 -0.022942 0.202063
v -0.019173 -0.025438 0.201912
v -0.016837 -0.025414 0.202080
v -0.015928 -0.023774 0.202084
v -0.013399 -0.025659 0.202160
v -0.012557 -0.028168 0.202143
v -0.009384 -0.027754 0.202170
v -0.006395 -0.029217 0.202270
v -0.008123 -0.031036 0.202183
v -0.003716 -0.032143 0.202405
v -0.016515 -0.027599 0.201970
v -0.013742 -0.029317 0.201973
v -0.026838 0.005244 0.201884
v -0.026694 -0.017794 0.201701
v -0.027594 -0.002540 0.201890
v -0.019522 -0.020273 0.201987
v -0.022457 -0.016302 0.201964
v 0.014933 0.031237 0.204898
v 0.017795 0.027434 0.205000
v 0.004862 0.014558 0.204245
v -0.017582 0.021377 0.201995
v 0.017399 0.031308 0.204849
v 0.019333 0.028738 0.204989
v 0.021457 0.031400 0.204840
v -0.003504 -0.030178 0.202285
v -0.001033 -0.031381 0.202507
v -0.000794 -0.033135 0.202617
v -0.024628 0.012426 0.201964
v -0.025902 0.008931 0.201905
v -0.000623 -0.032534 0.202576
v 0.000846 -0.032871 0.202580
v -0.013356 0.024629 0.202156
v -0.008939 0.026488 0.202282
v -0.006032 0.027324 0.202289
v -0.032896 -0.002785 0.199641
v -0.002705 0.028469 0.202445
v 0.000527 0.027379 0.202544
v -0.007023 -0.032288 0.202112
v -0.010418 -0.031042 0.201997
v -0.001457 -0.033663 0.202435
v -0.019937 0.019150 0.201958
v 0.009730 0.023054 0.204750
v -0.032388 -0.007295 0.199537
v 0.008770 0.024615 0.203974
v 0.008976 0.025882 0.203813
v -0.016757 -0.022184 0.201914
v 0.013768 0.034151 0.204783
v 0.011221 0.036493 0.204890
v -0.023993 -0.022121 0.201599
v -0.021986 -0.024189 0.201632
v 0.003856 0.016373 0.204068
v 0.005824 0.013086 0.204354
v 0.012726 0.011190 0.204754
v 0.013819 0.008630 0.204686
v 0.014875 0.004792 0.204813
v 0.013756 0.004097 0.204827
v 0.014264 0.002091 0.204941
v 0.017371 0.004179 0.204863
v 0.018443 0.001541 0.204857
v 0.015223 -0.002610 0.204884
v 0.019784 -0.003280 0.204693
v 0.020996 0.004177 0.204652
v 0.021252 -0.002903 0.204584
v 0.010290 0.006928 0.204625
v 0.011977 0.004838 0.204638
v 0.009269 0.008172 0.204506
v 0.017095 0.035736 0.204287
v 0.001437 0.021640 0.203565
v -0.031089 -0.011361 0.199577
v 0.000634 0.026164 0.203004
v 0.020362 0.034169 0.204325
v 0.009424 0.021931 0.204361
v 0.015675 0.035835 0.204405
v -0.009092 0.031953 0.202149
v -0.029077 -0.015756 0.201385
v -0.021039 0.025833 0.201631
v -0.024142 0.022832 0.201564
v 0.017990 0.004747 0.204747
v 0.012746 0.037890 0.204434
v -0.030086 0.014045 0.201379
v -0.006317 -0.027976 0.202055
v 0.002149 0.019594 0.203706
v -0.026504 -0.019699 0.201436
v -0.033928 -0.002631 0.199174
v -0.033878 0.004196 0.199136
v -0.026526 -0.000550 0.201656
v -0.018164 -0.027703 0.201634
v -0.004533 -0.028900 0.202053
v -0.023294 0.013896 0.201847
v -0.020892 0.017301 0.201797
v -0.013411 0.030806 0.201856
v 0.016046 0.005242 0.204689
v 0.015036 0.006766 0.204618
v -0.002242 0.027118 0.202135
v 0.007646 0.010351 0.204464
v -0.013869 -0.024004 0.201890
v -0.011353 -0.025631 0.201943
v -0.008942 -0.026942 0.201967
v 0.006669 0.033024 0.202909
v -0.028655 0.018011 0.201176
v -0.033806 0.006890 0.198867
v -0.000925 -0.030299 0.202151
v 0.001925 -0.032950 0.202805
v -0.020554 -0.017845 0.201843
v -0.017622 -0.020874 0.201749
v -0.024831 0.010104 0.201783
v -0.025951 0.005676 0.201713
v -0.017237 0.028807 0.201667
v 0.013633 0.003679 0.204695
v -0.026434 0.002049 0.201686
v -0.033015 -0.008487 0.199025
v -0.021907 -0.015505 0.201748
v -0.023030 -0.013788 0.201716
v 0.014490 -0.001500 0.204712
v 0.014131 0.000605 0.204766
v -0.025449 -0.008389 0.201761
v -0.026359 -0.003390 0.201714
v 0.002883 0.018161 0.203798
v 0.022584 0.033544 0.204187
v -0.024674 -0.010305 0.201695
v -0.011281 0.024470 0.201925
v 0.012579 0.013620 0.204697
v 0.019614 0.036363 0.203831
v 0.014722 0.038646 0.203894
v -0.004970 -0.027862 0.201837
v 0.012916 0.017596 0.204771
v 0.000787 0.023104 0.203230
v -0.007023 0.033480 0.201891
v -0.012579 0.023891 0.201851
v -0.014363 0.022903 0.201851
v -0.009833 0.024963 0.201909
v -0.007815 0.025650 0.201888
v -0.005401 0.026445 0.201948
v -0.016614 0.021345 0.201802
v -0.003162 0.026888 0.201977
v -0.018808 0.019193 0.201656
v -0.012155 0.031666 0.201748
v 0.021863 0.034943 0.203831
v 0.015352 -0.003068 0.204706
v -0.002888 -0.028613 0.201570
v -0.001879 -0.028847 0.201400
v -0.000722 -0.028651 0.201303
v 0.000163 0.026769 0.202113
v 0.021858 0.001919 0.204340
v -0.034594 -0.005513 0.198191
v 0.011613 0.037667 0.204394
v 0.021287 -0.003474 0.204288
v 0.021740 -0.002938 0.204342
v -0.034080 -0.007671 0.198126
v 0.020238 0.029600 0.204841
v -0.021730 0.015625 0.201642
v -0.024294 0.010001 0.201414
v -0.024916 0.008103 0.201452
v -0.022773 0.013595 0.201411
v -0.023716 0.011660 0.201446
v -0.016055 0.021354 0.201524
v 0.000427 0.025022 0.202813
v -0.020416 0.016914 0.201303
v 0.003173 0.017120 0.203677
v -0.025587 0.005344 0.201332
v -0.000360 0.026118 0.201387
v 0.006529 0.011660 0.204152
v 0.001283 0.021094 0.203147
v 0.012282 0.004284 0.204269
v 0.003790 0.015875 0.203653
v 0.002610 0.018265 0.203422
v 0.010782 0.005885 0.204121
v 0.011659 0.004823 0.204216
v 0.008140 0.009406 0.204143
v 0.005360 0.013459 0.203899
v 0.009940 0.007047 0.204072
v 0.000361 0.025871 0.202108
v 0.004595 0.014558 0.203636
v 0.032330 0.007719 0.199277
v 0.032411 0.004809 0.199284
v 0.032362 0.008003 0.198913
v -0.037640 -0.007734 0.005303
v -0.038070 -0.007740 0.005036
v -0.036469 -0.008556 0.002980
v -0.039280 -0.007770 0.007991
v -0.037686 -0.007730 0.003920
v -0.038918 -0.007435 0.005601
v -0.040260 -0.007467 0.009339
v -0.039897 -0.007800 0.010285
v -0.040483 -0.007621 0.014270
v -0.036326 -0.008595 0.003422
v -0.035228 -0.010102 0.001578
v -0.039985 -0.007215 0.008145
v -0.034969 -0.010450 0.002236
v -0.036060 -0.008656 0.002089
v -0.034376 -0.011393 0.000673
v -0.034484 -0.011565 0.001462
v -0.033558 -0.013748 0.000499
v -0.035105 -0.009008 0.000897
v -0.036819 -0.006953 0.002637
v -0.038654 -0.003906 0.005392
v -0.036489 -0.003262 0.002438
v -0.036518 0.002424 0.002518
v -0.038759 0.002992 0.005630
v -0.035437 -0.004677 0.001412
v -0.035520 0.004859 0.001482
v -0.036767 0.007379 0.002567
v -0.035862 0.008992 0.001631
v -0.037878 0.008095 0.004001
v -0.039168 0.008002 0.006017
v -0.034331 0.010009 0.000572
v -0.034556 0.011348 0.000808
v -0.034632 -0.005244 0.000888
v -0.039606 0.004911 0.007165
v -0.039595 -0.007156 0.007056
v -0.034309 0.005036 0.000766
v -0.033598 0.014227 0.000496
v -0.039960 0.008020 0.007931
v -0.036229 0.009760 0.002841
v -0.034714 0.011805 0.001438
v -0.037241 0.008853 0.003735
v -0.038442 0.008331 0.005118
v -0.040037 0.005299 0.008342
v 0.010119 0.025327 0.203554
v 0.010326 0.024564 0.203094
v 0.010246 0.025934 0.203100
v 0.010384 0.023452 0.203510
v 0.010299 0.027696 0.203481
v 0.028585 0.006754 0.199441
v 0.028620 -0.002817 0.199409
v 0.028616 -0.000975 0.199329
v 0.028562 0.006991 0.199315
v 0.028181 0.007791 0.199364
v -0.017712 -0.020736 0.181483
v -0.017775 -0.021295 0.180751
v -0.017910 -0.020107 0.181426
v -0.017518 -0.020446 0.182193
v -0.017267 -0.021206 0.181182
v -0.016874 -0.021035 0.181816
v -0.018351 -0.020730 0.180784
v -0.018610 -0.020184 0.180618
v -0.017973 -0.019790 0.181320
v -0.018656 -0.019282 0.180169
v 0.013089 0.038755 0.203934
v 0.014970 0.039560 0.203186
v 0.013907 0.039366 0.203140
v 0.012756 0.038653 0.203617
v 0.011613 0.037667 0.204394
v 0.015131 0.039575 0.202535
v 0.015984 0.039820 0.202455
v 0.012153 0.038014 0.203465
v 0.013155 0.038682 0.203126
v 0.015879 0.039384 0.201883
v 0.017104 0.039291 0.201468
v 0.014364 0.038955 0.202787
v 0.017739 0.039314 0.201529
v 0.013121 0.020796 0.203609
v 0.012392 0.022671 0.203544
v 0.013475 0.021998 0.203587
v 0.014446 0.023891 0.203533
v 0.012672 0.025130 0.203643
v 0.015282 0.025669 0.203554
v 0.014502 0.027790 0.203624
v 0.016423 0.026599 0.203523
v 0.010384 0.023452 0.203510
v 0.010119 0.025327 0.203554
v 0.010996 0.021878 0.203468
v 0.011887 0.020413 0.203435
v 0.012070 0.028241 0.203507
v 0.010299 0.027696 0.203481
v 0.011073 0.030446 0.203502
v 0.010582 0.029257 0.203500
v 0.012575 0.031293 0.203698
v 0.017327 0.027799 0.203754
v 0.018524 0.028770 0.203799
v 0.015166 0.031220 0.203673
v 0.020115 0.031321 0.203708
v 0.011203 0.032759 0.203786
v 0.012966 0.034463 0.203609
v 0.016388 0.032745 0.203528
v 0.012176 0.019270 0.203356
v 0.011059 0.034519 0.203886
v 0.020129 0.030112 0.203859
v 0.021443 0.031959 0.203614
v 0.010099 0.030568 0.203686
v 0.010039 0.029504 0.203607
v 0.012157 0.035786 0.203579
v 0.015507 0.024576 0.203697
v 0.016598 0.026172 0.203654
v 0.018127 0.033867 0.203195
v 0.021393 0.032791 0.203309
v 0.014753 0.035957 0.203040
v 0.010179 0.032893 0.204178
v 0.013189 0.037053 0.203078
v 0.014841 0.023522 0.203705
v 0.014285 0.022400 0.203768
v 0.017823 0.027343 0.203987
v 0.016934 0.036019 0.202673
v 0.014731 0.037683 0.202534
v 0.019767 0.034040 0.202916
v 0.021796 0.034575 0.202402
v 0.011228 0.036619 0.203975
v 0.018957 0.028502 0.204000
v 0.013732 0.021058 0.203875
v 0.018472 0.036796 0.201991
v 0.019248 0.037986 0.201440
v 0.019001 0.038667 0.201454
v 0.020141 0.037998 0.201457
v 0.021265 0.036870 0.201570
v 0.020802 0.036770 0.201552
v 0.021961 0.035609 0.201906
v 0.022365 0.035815 0.201993
v 0.010680 0.034933 0.204084
v 0.012886 0.018502 0.203720
v 0.011645 0.020495 0.203300
v 0.001062 -0.028177 0.200924
v 0.000913 -0.028508 0.200513
v 0.001420 -0.029184 0.201368
v 0.001169 -0.027824 0.201713
v 0.003087 -0.027756 0.202285
v 0.002551 -0.028779 0.201907
v 0.003867 -0.028779 0.202856
v 0.003587 -0.027993 0.202665
v 0.003942 -0.027491 0.202845
v 0.003651 -0.030073 0.202924
v 0.001999 -0.030084 0.202219
v 0.002533 -0.031220 0.202733
v 0.000932 -0.029639 0.201587
v 0.000914 -0.030254 0.202016
v -0.000553 -0.029872 0.201170
v -0.000303 -0.028971 0.200668
v -0.000357 -0.030818 0.201953
v 0.011645 0.020495 0.203300
v 0.012176 0.019270 0.203356
v 0.012018 0.019826 0.202603
v 0.011401 0.018841 0.202053
v 0.010788 0.018933 0.202083
v 0.010839 0.018958 0.201603
v 0.011451 0.018661 0.202599
v -0.038375 -0.007588 0.007260
v -0.039280 -0.007770 0.007991
v -0.037640 -0.007734 0.005303
v -0.038611 -0.007258 0.009083
v -0.037680 -0.007508 0.006058
v -0.039017 -0.007637 0.009497
v -0.038063 -0.007066 0.007441
v -0.037263 -0.007003 0.005596
v -0.036336 -0.007942 0.004245
v -0.036326 -0.008595 0.003422
v -0.036138 -0.005182 0.004244
v -0.037155 -0.003071 0.005647
v -0.037176 0.004738 0.005703
v -0.036144 0.008052 0.004266
v -0.037309 0.007651 0.005769
v -0.036472 0.008739 0.004310
v -0.037659 0.008227 0.005870
v -0.038098 0.007722 0.007575
v -0.038611 0.008182 0.008270
v -0.038988 -0.002177 0.098195
v -0.038952 -0.007138 0.098743
v -0.039017 -0.000611 0.094308
v -0.039002 -0.007129 0.093932
v -0.039188 -0.007220 0.085319
v -0.038926 0.007357 0.093756
v -0.039199 -0.000843 0.084363
v -0.039078 0.007646 0.084663
v -0.038850 0.007332 0.103782
v -0.038858 0.000096 0.106363
v -0.038795 -0.007123 0.107148
v -0.038697 -0.000316 0.121361
v -0.038674 -0.007217 0.122599
v -0.038564 -0.007079 0.133015
v -0.038617 -0.000421 0.131488
v -0.038488 -0.005636 0.145530
v -0.038448 -0.007112 0.148867
v -0.038471 0.000385 0.154675
v -0.038464 -0.007133 0.164270
v -0.038448 0.003538 0.157891
v -0.038488 0.007115 0.144756
v -0.038599 0.007123 0.135248
v -0.038668 0.007696 0.120531
v -0.038901 0.007739 0.100388
v -0.038494 0.007624 0.153000
v -0.038529 0.003199 0.171717
v -0.038505 -0.006767 0.171496
v -0.038497 -0.006728 0.183849
v -0.038507 0.007177 0.184600
v -0.038542 0.007273 0.171200
v -0.038447 0.007198 0.188585
v -0.038403 -0.007011 0.189698
v -0.039262 -0.007230 0.074595
v -0.039256 -0.001940 0.046396
v -0.039188 -0.002018 0.032551
v -0.039181 0.001635 0.036027
v -0.039171 0.004039 0.042318
v -0.039299 -0.000807 0.056787
v -0.039106 0.007428 0.076282
v -0.039264 0.000035 0.070031
v -0.039173 0.004798 0.064947
v -0.039139 0.007301 0.055442
v -0.039062 0.007297 0.030558
v -0.038987 0.007299 0.013707
v -0.039119 0.002439 0.020828
v -0.039108 0.002736 0.012970
v -0.039116 -0.004080 0.020248
v -0.039108 -0.003820 0.013412
v -0.039161 -0.006782 0.027394
v -0.039056 -0.006808 0.015125
v -0.039217 -0.007185 0.042354
v -0.039295 -0.007138 0.054652
v -0.039272 -0.007140 0.062970
v -0.039040 -0.001865 0.010781
v -0.038938 -0.007139 0.010997
v -0.038563 -0.007203 0.175488
v -0.038869 0.007366 0.010776
v -0.038972 0.002805 0.010376
v -0.038336 0.007218 0.190177
v -0.038670 0.007757 0.134268
v -0.039162 0.007924 0.043835
v -0.039101 0.007867 0.026448
v -0.039075 0.008171 0.011653
v -0.039197 0.007852 0.068271
v -0.039245 -0.007418 0.028382
v -0.039146 -0.007542 0.012774
v -0.038153 -0.003953 0.191407
v -0.038180 -0.007067 0.191628
v -0.038627 0.007657 0.172978
v -0.038551 0.007686 0.190105
v -0.038580 0.007714 0.009059
v -0.038086 0.007305 0.191622
v -0.039231 0.008156 0.035427
v -0.038762 -0.000062 0.009204
v -0.039117 0.007954 0.093773
v -0.038522 -0.007329 0.154653
v -0.038516 -0.007307 0.191499
v -0.037511 0.007553 0.193280
v -0.037502 0.004332 0.193334
v -0.037477 -0.000118 0.193244
v -0.037584 -0.007058 0.193310
v -0.038654 0.007846 0.156885
v -0.039242 -0.007504 0.097745
v -0.039555 -0.007428 0.056462
v -0.038838 -0.007374 0.121097
v -0.038984 0.007924 0.115702
v -0.017973 -0.019790 0.181320
v -0.016982 -0.019736 0.181451
v -0.017910 -0.020107 0.181426
v -0.016725 -0.018900 0.180452
v -0.017518 -0.020446 0.182193
v -0.016700 -0.020303 0.181837
v -0.017499 -0.019016 0.180703
v -0.018656 -0.019282 0.180169
v -0.016497 -0.019782 0.181237
v -0.015959 -0.019682 0.180557
v -0.015920 -0.015202 0.169329
v -0.016988 -0.015571 0.171069
v -0.016430 -0.014928 0.168656
v -0.016084 -0.016287 0.173013
v -0.016723 -0.017090 0.176032
v -0.016197 -0.017446 0.176826
v -0.017741 -0.016381 0.173847
v -0.017570 -0.014934 0.168646
v -0.018415 -0.015706 0.171373
v -0.018803 -0.017200 0.175913
v -0.018192 -0.018261 0.178811
v -0.016963 -0.018259 0.179139
v -0.021388 -0.016688 0.172943
v -0.021060 -0.015562 0.169497
v -0.019108 -0.015170 0.168659
v -0.021415 -0.017825 0.176388
v -0.019608 -0.018710 0.178925
v -0.021266 -0.019174 0.179551
v -0.015840 -0.018237 0.178513
v -0.020452 -0.014936 0.166212
v -0.022676 -0.017671 0.176191
v -0.016549 -0.014659 0.166657
v -0.022026 -0.015544 0.169767
v -0.022777 -0.016199 0.171998
v -0.022028 -0.014833 0.167382
v -0.021528 -0.014287 0.164619
v -0.018176 -0.014640 0.163957
v -0.018954 -0.014540 0.163248
v -0.015826 -0.014742 0.167102
v -0.017058 -0.014384 0.161552
v -0.018391 -0.014129 0.160346
v -0.015426 -0.014522 0.163930
v -0.020344 -0.013925 0.161234
v -0.022889 -0.018298 0.177869
v -0.015717 -0.014314 0.158359
v -0.014239 -0.014310 0.160401
v -0.014131 -0.014216 0.158494
v -0.022337 -0.019104 0.179889
v -0.020666 -0.019733 0.180815
v -0.019708 -0.019623 0.180176
v -0.015136 -0.014255 0.155882
v -0.013896 -0.014189 0.154907
v -0.015339 -0.014153 0.154949
v -0.014384 -0.013963 0.151924
v -0.014255 -0.014718 0.163909
v -0.013181 -0.013990 0.149614
v -0.018694 -0.013621 0.158467
v -0.017107 -0.013864 0.157346
v -0.013240 -0.014362 0.155187
v -0.013384 -0.013693 0.147695
v -0.015370 -0.013819 0.152921
v -0.015458 -0.017346 0.175861
v -0.011899 -0.013763 0.144848
v -0.022287 -0.019285 0.181049
v -0.019852 -0.013010 0.157634
v -0.023045 -0.017058 0.174744
v -0.018225 -0.012739 0.155175
v -0.012272 -0.014279 0.149104
v -0.019595 -0.020176 0.181004
v -0.019875 -0.020189 0.182429
v -0.020933 -0.013422 0.160385
v -0.023036 -0.015185 0.169957
v -0.023151 -0.018718 0.179719
v -0.019983 -0.012117 0.155394
v -0.018801 -0.011386 0.152237
v -0.023667 -0.017897 0.178265
v -0.014771 -0.015492 0.168310
v -0.015568 -0.015889 0.171015
v -0.014751 -0.016715 0.172310
v -0.018610 -0.020184 0.180618
v -0.013149 -0.013221 0.145098
v -0.010759 -0.013847 0.142812
v -0.013172 -0.014754 0.159650
v -0.022253 -0.019244 0.182031
v -0.014028 -0.013349 0.147798
v -0.015326 -0.013281 0.150790
v -0.017651 -0.012735 0.154188
v -0.014323 -0.017666 0.174701
v -0.011943 -0.013153 0.142817
v -0.020910 -0.012250 0.157210
v -0.012128 -0.014781 0.152312
v -0.013597 -0.015374 0.164943
v -0.022697 -0.014034 0.166316
v -0.017892 -0.010772 0.148630
v -0.019687 -0.010820 0.152232
v -0.016425 -0.011937 0.149384
v -0.015840 -0.011539 0.147291
v -0.023697 -0.016039 0.173145
v -0.011045 -0.014729 0.146546
v -0.016986 -0.010173 0.145730
v -0.014911 -0.011201 0.145295
v -0.010667 -0.013022 0.141317
v -0.016129 -0.009885 0.144273
v -0.015767 -0.018929 0.179578
v -0.010713 -0.014464 0.144176
v -0.011998 -0.012394 0.141644
v -0.013984 -0.018228 0.175424
v -0.023518 -0.018442 0.181355
v -0.018570 -0.020956 0.181080
v -0.021729 -0.013085 0.161205
v -0.013076 -0.017979 0.172198
v -0.013059 -0.017104 0.168949
v -0.018584 -0.021174 0.182140
v -0.017454 -0.009832 0.145817
v -0.014765 -0.018930 0.178085
v -0.012656 -0.015839 0.163013
v -0.011383 -0.011968 0.140695
v -0.022065 -0.018648 0.183626
v -0.010449 -0.012018 0.140256
v -0.018599 -0.020875 0.183020
v -0.019943 -0.019297 0.184306
v -0.018582 -0.020094 0.184371
v -0.011108 -0.010882 0.139638
v -0.009948 -0.009960 0.138517
v -0.008976 -0.010297 0.138422
v -0.023568 -0.017679 0.182845
v -0.019578 -0.017005 0.187600
v -0.021871 -0.017700 0.185079
v -0.018128 -0.018147 0.187405
v -0.020007 -0.015921 0.189090
v -0.021735 -0.014350 0.190038
v -0.022074 -0.015635 0.187412
v -0.023235 -0.013102 0.190128
v -0.023477 -0.014164 0.187861
v -0.023458 -0.015241 0.186263
v -0.023388 -0.016948 0.184262
v -0.016874 -0.021035 0.181816
v -0.016303 -0.021121 0.180821
v -0.017267 -0.021206 0.181182
v -0.016505 -0.021541 0.180582
v -0.017775 -0.021295 0.180751
v -0.015820 -0.021316 0.180188
v -0.015966 -0.020466 0.180652
v -0.016700 -0.020303 0.181837
v -0.017518 -0.020446 0.182193
v -0.016497 -0.019782 0.181237
v -0.015959 -0.019682 0.180557
v -0.000734 -0.029695 0.201651
v -0.000357 -0.030818 0.201953
v -0.000553 -0.029872 0.201170
v -0.000691 -0.029287 0.201097
v -0.000925 -0.030299 0.202151
v -0.000303 -0.028971 0.200668
v -0.000647 -0.031305 0.202277
v -0.000578 -0.032325 0.202296
v -0.001033 -0.031381 0.202507
v -0.000623 -0.032534 0.202576
v -0.001879 -0.028847 0.201400
v 0.000846 -0.032871 0.202580
v -0.008540 0.015235 0.180182
v -0.008867 0.014890 0.180519
v -0.008460 0.014541 0.179712
v -0.008449 0.015671 0.181144
v -0.009179 0.015262 0.181502
v -0.009065 0.014289 0.179848
v -0.008551 0.016216 0.183117
v -0.007886 0.016686 0.182635
v -0.007681 0.017066 0.184040
v -0.008005 0.017044 0.184533
v -0.006373 0.018340 0.185130
v -0.008683 0.016978 0.184844
v -0.006784 0.018391 0.187061
v -0.006072 0.018515 0.186196
v -0.003909 0.019448 0.187061
v -0.008219 0.013938 0.179118
v -0.005571 0.019015 0.185317
v -0.006832 0.018165 0.184040
v -0.003791 0.019917 0.186157
v -0.008032 0.016908 0.181490
v -0.005069 0.019927 0.185163
v -0.006896 0.018736 0.183547
v -0.008372 0.014830 0.179140
v -0.008872 0.015614 0.178999
v -0.008386 0.018047 0.180386
v -0.007738 0.018259 0.181819
v -0.007034 0.019288 0.183312
v -0.008980 0.017665 0.179029
v -0.009382 0.016144 0.177501
v -0.009624 0.017307 0.177617
v -0.008460 0.014541 0.179712
v -0.008219 0.013938 0.179118
v -0.008104 0.014657 0.179287
v -0.007232 0.014789 0.179265
v -0.004782 0.015589 0.180588
v -0.005978 0.014915 0.179951
v -0.004347 0.015215 0.180924
v -0.002702 0.016297 0.182182
v -0.003165 0.015342 0.181564
v -0.002216 0.016040 0.182472
v -0.000543 0.016757 0.183682
v -0.000818 0.016279 0.183405
v 0.000310 0.016776 0.184376
v -0.005473 0.014395 0.179982
v 0.000518 0.016462 0.184337
v -0.007016 0.014535 0.179553
v 0.000860 0.017428 0.185463
v 0.000987 0.016840 0.185224
v -0.000931 0.015771 0.182660
v -0.005900 0.014039 0.179449
v 0.001380 0.016345 0.184625
v -0.002527 0.015040 0.181239
v -0.003836 0.014422 0.180093
v 0.002411 0.016588 0.186140
v 0.001501 0.017517 0.186890
v 0.002308 0.017670 0.188290
v 0.011689 0.019345 0.202604
v 0.011451 0.018661 0.202599
v 0.011401 0.018841 0.202053
v -0.008460 0.014541 0.179712
v -0.008104 0.014657 0.179287
v -0.008372 0.014830 0.179140
v -0.008171 0.015038 0.176778
v -0.007232 0.014789 0.179265
v -0.008580 0.014957 0.176734
v -0.008674 0.015044 0.169809
v -0.009237 0.014967 0.174727
v -0.009247 0.015019 0.169501
v -0.008813 0.015401 0.165560
v -0.009412 0.015420 0.162591
v -0.009215 0.015474 0.161940
v -0.009533 0.015886 0.158536
v -0.008568 0.015871 0.158884
v -0.008835 0.015975 0.157780
v -0.008809 0.016286 0.155880
v -0.009287 0.016294 0.155553
v -0.009258 0.016784 0.153767
v -0.001672 0.019294 0.169927
v -0.002491 0.019440 0.165784
v -0.002926 0.019268 0.167279
v -0.004112 0.019292 0.162990
v -0.001749 0.019039 0.172451
v -0.002990 0.018455 0.173115
v -0.004356 0.018859 0.165624
v -0.003338 0.018857 0.168934
v -0.001430 0.018794 0.179111
v -0.000779 0.019101 0.178304
v -0.000395 0.019290 0.181054
v 0.000526 0.019664 0.181528
v -0.003205 0.017970 0.177674
v -0.005286 0.018776 0.161904
v -0.004742 0.019167 0.159069
v -0.005664 0.018792 0.159143
v -0.005710 0.018844 0.156858
v -0.001651 0.018470 0.180443
v -0.005057 0.017189 0.172361
v -0.007422 0.015445 0.175998
v -0.005066 0.016794 0.177551
v -0.004442 0.017878 0.170340
v -0.007172 0.015904 0.170640
v -0.005940 0.016991 0.168450
v -0.006620 0.015675 0.177689
v -0.006847 0.018084 0.157023
v -0.007124 0.018203 0.155343
v -0.006498 0.018592 0.154504
v -0.007637 0.018118 0.153102
v -0.008827 0.017333 0.152556
v -0.009291 0.017232 0.150892
v -0.007875 0.015950 0.164432
v -0.006601 0.016881 0.163954
v -0.006988 0.016719 0.160522
v -0.007841 0.016604 0.157642
v -0.005084 0.017914 0.167554
v -0.006140 0.018222 0.159971
v -0.005855 0.015742 0.179150
v -0.003580 0.017005 0.180410
v -0.001188 0.018412 0.181830
v -0.008876 0.016739 0.154118
v -0.000066 0.019425 0.182924
v 0.000808 0.019932 0.183575
v 0.000133 0.019474 0.184654
v 0.000593 0.019922 0.185977
v 0.001357 0.020423 0.187171
v 0.000627 0.020116 0.189103
v -0.007220 0.018170 0.152264
v -0.008797 0.017342 0.150282
v -0.004782 0.015589 0.180588
v -0.001537 0.017477 0.182775
v -0.003232 0.016599 0.181465
v -0.009276 0.017142 0.149109
v -0.009466 0.017177 0.151695
v -0.000635 0.018268 0.182620
v 0.000986 0.020582 0.189198
v -0.000269 0.018996 0.183060
v 0.000234 0.017651 0.183714
v -0.002702 0.016297 0.182182
v -0.000543 0.016757 0.183682
v 0.000310 0.016776 0.184376
v -0.021159 0.012746 0.171812
v -0.019498 0.012117 0.171038
v -0.020234 0.012692 0.168442
v -0.020523 0.012421 0.172994
v -0.021795 0.012896 0.173741
v 0.000427 0.025022 0.202813
v 0.000361 0.025871 0.202108
v 0.000763 0.022972 0.202730
v 0.000787 0.023104 0.203230
v 0.001283 0.021094 0.203147
v -0.022116 -0.014464 0.201209
v -0.020784 -0.016311 0.201208
v -0.021496 -0.015177 0.200820
v -0.020627 -0.016363 0.200810
v -0.019581 -0.017799 0.201196
v 0.000361 0.025871 0.202108
v 0.000163 0.026769 0.202113
v 0.000378 0.025677 0.201219
v 0.000679 0.025529 0.201556
v 0.001215 0.025201 0.201131
v -0.001001 0.020613 0.187836
v 0.000556 0.020622 0.189047
v 0.000222 0.020305 0.188957
v -0.001130 0.020351 0.187862
v -0.002804 0.019887 0.187054
v 0.000627 0.020116 0.189103
v 0.000986 0.020582 0.189198
v -0.032028 -0.012817 0.200460
v -0.032764 -0.011075 0.198224
v -0.032871 -0.011134 0.196496
v -0.031679 -0.013657 0.199350
v -0.033407 -0.009478 0.198173
v -0.033436 -0.009660 0.196540
v -0.034080 -0.007671 0.198126
v -0.034024 -0.007929 0.196793
v -0.030330 -0.016187 0.199441
v -0.030467 -0.015856 0.200469
v -0.029500 -0.017578 0.200371
v -0.029820 -0.017217 0.199326
v -0.028263 -0.019886 0.199257
v -0.027981 -0.020216 0.199957
v -0.028219 -0.019540 0.200533
v -0.029033 -0.017273 0.201042
v -0.030943 -0.015051 0.199269
v -0.034351 -0.007499 0.196678
v -0.034594 -0.005513 0.198191
v -0.034828 -0.005654 0.196821
v -0.034985 -0.001529 0.198103
v -0.035118 -0.001365 0.196887
v -0.035063 0.004023 0.196938
v -0.034830 -0.007002 0.196741
v -0.035714 -0.007318 0.196977
v -0.032253 -0.012436 0.199333
v -0.031311 -0.013972 0.200661
v -0.035118 -0.001365 0.196887
v -0.035115 0.007056 0.196867
v -0.035714 -0.007318 0.196977
vt 0.993892 0.878402
vt 0.988201 0.877524
vt 0.980049 0.878402
vt 0.275651 0.242757
vt 0.265879 0.242757
vt 0.270723 0.243635
vt 0.371034 0.299971
vt 0.392621 0.294271
vt 0.392660 0.258478
vt 0.365454 0.263703
vt 0.349308 0.288303
vt 0.349134 0.261250
vt 0.349772 0.302357
vt 0.349970 0.338910
vt 0.376877 0.337355
vt 0.367267 0.374654
vt 0.350059 0.365944
vt 0.362970 0.388830
vt 0.393439 0.378635
vt 0.363191 0.415378
vt 0.359963 0.231034
vt 0.391628 0.213186
vt 0.352055 0.177584
vt 0.349559 0.227991
vt 0.393600 0.152025
vt 0.367018 0.161446
vt 0.349035 0.147122
vt 0.367698 0.139719
vt 0.355167 0.109484
vt 0.348326 0.064583
vt 0.390649 0.089439
vt 0.356757 0.081284
vt 0.402522 0.056635
vt 0.359158 0.058726
vt 0.362995 0.475972
vt 0.403685 0.477930
vt 0.403214 0.457554
vt 0.393504 0.435332
vt 0.376404 0.494751
vt 0.350577 0.550168
vt 0.364217 0.547965
vt 0.350348 0.505968
vt 0.403329 0.505945
vt 0.400295 0.548679
vt 0.349912 0.464205
vt 0.350092 0.397659
vt 0.403191 0.399789
vt 0.403051 0.343879
vt 0.403019 0.288938
vt 0.402984 0.258226
vt 0.402828 0.128247
vt 0.402709 0.196586
vt 0.402821 0.090876
vt 0.403138 0.068826
vt 0.349225 0.208911
vt 0.361199 0.556889
vt 0.403697 0.556008
vt 0.350144 0.558504
vt 0.348648 0.054686
vt 0.375440 0.053805
vt 0.404112 0.116670
vt 0.404049 0.400283
vt 0.402351 0.052433
vt 0.347855 0.050421
vt 0.403411 0.563162
vt 0.379521 0.563642
vt 0.350383 0.564150
vt 0.349164 0.373146
vt 0.393437 0.047280
vt 0.403211 0.046093
vt 0.347313 0.064270
vt 0.347879 0.130338
vt 0.348740 0.046912
vt 0.404004 0.338781
vt 0.404316 0.057972
vt 0.404231 0.189149
vt 0.401018 0.569116
vt 0.350146 0.569634
vt 0.404316 0.259537
vt 0.404071 0.220521
vt 0.349850 0.507023
vt 0.403749 0.570864
vt 0.404105 0.488482
vt 0.348545 0.290392
vt 0.348141 0.207180
vt 0.392669 0.572696
vt 0.350057 0.572925
vt 0.401687 0.576383
vt 0.348941 0.471996
vt 0.946277 0.260387
vt 0.944743 0.279460
vt 0.946990 0.278166
vt 0.949239 0.265785
vt 0.949384 0.256221
vt 0.947722 0.286439
vt 0.941129 0.278727
vt 0.943011 0.289264
vt 0.937877 0.301198
vt 0.941435 0.298818
vt 0.943845 0.301661
vt 0.939414 0.313271
vt 0.935915 0.310752
vt 0.936826 0.326592
vt 0.943883 0.310673
vt 0.941480 0.324686
vt 0.946669 0.298917
vt 0.938217 0.334800
vt 0.933045 0.342252
vt 0.936775 0.345700
vt 0.930496 0.358824
vt 0.935596 0.363494
vt 0.947797 0.349765
vt 0.951398 0.361815
vt 0.943147 0.338800
vt 0.948890 0.335402
vt 0.959762 0.338311
vt 0.952842 0.321477
vt 0.958053 0.353615
vt 0.961068 0.317621
vt 0.953284 0.311335
vt 0.957298 0.373384
vt 0.949705 0.373740
vt 0.943481 0.373892
vt 0.945117 0.329714
vt 0.951713 0.304342
vt 0.952541 0.265269
vt 0.947796 0.315159
vt 0.954219 0.251293
vt 0.951191 0.248801
vt 0.953175 0.240672
vt 0.957875 0.239680
vt 0.930260 0.372815
vt 0.951478 0.280935
vt 0.968225 0.306567
vt 0.964172 0.292828
vt 0.968307 0.320007
vt 0.974435 0.307963
vt 0.971187 0.296918
vt 0.957695 0.288177
vt 0.964973 0.275620
vt 0.959154 0.276822
vt 0.967629 0.274700
vt 0.964644 0.245227
vt 0.969879 0.253715
vt 0.961528 0.263420
vt 0.979070 0.296064
vt 0.964284 0.347835
vt 0.975976 0.284286
vt 0.976608 0.317639
vt 0.981583 0.302557
vt 0.970513 0.332290
vt 0.969419 0.244054
vt 0.949103 0.237853
vt 0.984076 0.282971
vt 0.980348 0.282285
vt 0.983385 0.267598
vt 0.988249 0.265537
vt 0.982643 0.257706
vt 0.970370 0.266947
vt 0.938846 0.391765
vt 0.934476 0.383643
vt 0.960604 0.227860
vt 0.952242 0.230728
vt 0.934922 0.390797
vt 0.988185 0.251737
vt 0.990089 0.246467
vt 0.982993 0.248295
vt 0.977862 0.266752
vt 0.952356 0.377167
vt 0.970018 0.226686
vt 0.971997 0.218863
vt 0.978095 0.220159
vt 0.977200 0.206196
vt 0.981849 0.205715
vt 0.984749 0.194838
vt 0.986741 0.203484
vt 0.987578 0.218324
vt 0.991431 0.218762
vt 0.988633 0.231227
vt 0.980858 0.239081
vt 0.987617 0.246080
vt 0.972911 0.232931
vt 0.991060 0.191788
vt 0.927983 0.380979
vt 0.921388 0.369941
vt 0.993150 0.239405
vt 0.995598 0.229390
vt 0.976007 0.255205
vt 0.923616 0.394640
vt 0.920993 0.386678
vt 0.916027 0.396206
vt 0.905112 0.388290
vt 0.906653 0.378994
vt 0.902972 0.379202
vt 0.916562 0.378039
vt 0.910525 0.370456
vt 0.914899 0.368399
vt 0.904670 0.368936
vt 0.898438 0.374437
vt 0.896831 0.365506
vt 0.899732 0.361874
vt 0.895607 0.351086
vt 0.892440 0.353851
vt 0.910149 0.362564
vt 0.926756 0.401958
vt 0.889205 0.344704
vt 0.891249 0.335747
vt 0.884947 0.334689
vt 0.886534 0.325488
vt 0.914961 0.361277
vt 0.912629 0.396805
vt 0.893927 0.367745
vt 0.903159 0.358720
vt 0.891226 0.322963
vt 0.886495 0.294097
vt 0.882396 0.293547
vt 0.881428 0.330656
vt 0.879783 0.286809
vt 0.883357 0.273295
vt 0.877163 0.270402
vt 0.879964 0.262726
vt 0.875770 0.260153
vt 0.880583 0.245762
vt 0.876401 0.280218
vt 0.871532 0.271778
vt 0.876274 0.240216
vt 0.868431 0.278364
vt 0.880835 0.231673
vt 0.885796 0.234673
vt 0.883758 0.247785
vt 0.889984 0.239805
vt 0.884757 0.256714
vt 0.887919 0.229901
vt 0.895989 0.251232
vt 0.894852 0.244925
vt 0.899099 0.243894
vt 0.890685 0.258332
vt 0.887801 0.272901
vt 0.877822 0.315644
vt 0.879398 0.330644
vt 0.874763 0.314022
vt 0.870445 0.313682
vt 0.884198 0.223852
vt 0.873099 0.250315
vt 0.897438 0.233867
vt 0.927965 0.355662
vt 0.920372 0.362004
vt 0.947644 0.244768
vt 0.922509 0.406743
vt 0.900515 0.237554
vt 0.887417 0.352235
vt 0.890093 0.363485
vt 0.968277 0.213017
vt 0.931052 0.338762
vt 0.941390 0.247395
vt 0.942755 0.251090
vt 0.870842 0.251687
vt 0.915349 0.405836
vt 0.932839 0.403417
vt 0.882363 0.343530
vt 0.879826 0.335110
vt 0.990725 0.282368
vt 0.906882 0.395000
vt 0.986316 0.290058
vt 0.960602 0.369619
vt 0.876020 0.226822
vt 0.960487 0.207383
vt 0.910290 0.355734
vt 0.898733 0.382650
vt 0.976258 0.197539
vt 0.985493 0.190113
vt 0.966380 0.201587
vt 0.943735 0.394988
vt 0.894449 0.261295
vt 0.893272 0.373331
vt 0.872675 0.236178
vt 0.928344 0.337533
vt 0.906608 0.242146
vt 0.879946 0.217364
vt 0.890065 0.224735
vt 0.888392 0.210466
vt 0.894158 0.229908
vt 0.901825 0.224957
vt 0.901986 0.217637
vt 0.913482 0.221495
vt 0.907879 0.228428
vt 0.914802 0.210654
vt 0.909768 0.198196
vt 0.900109 0.207348
vt 0.986592 0.185845
vt 0.933822 0.323135
vt 0.896970 0.347342
vt 0.901339 0.193548
vt 0.923035 0.199243
vt 0.917945 0.183105
vt 0.929369 0.197623
vt 0.931942 0.211516
vt 0.937618 0.201568
vt 0.928590 0.182977
vt 0.936557 0.186297
vt 0.943452 0.191601
vt 0.942812 0.202236
vt 0.940794 0.207264
vt 0.938948 0.211275
vt 0.941057 0.211909
vt 0.939575 0.215674
vt 0.931067 0.220961
vt 0.943363 0.183693
vt 0.931164 0.176896
vt 0.941081 0.214809
vt 0.959393 0.375162
vt 0.954465 0.381529
vt 0.943461 0.177066
vt 0.923550 0.217317
vt 0.908189 0.184582
vt 0.957410 0.193690
vt 0.916018 0.174435
vt 0.925212 0.226014
vt 0.900364 0.346864
vt 0.967803 0.183093
vt 0.960364 0.180961
vt 0.914166 0.227948
vt 0.955982 0.212894
vt 0.991972 0.266015
vt 0.904602 0.176064
vt 0.870627 0.316711
vt 0.935409 0.410491
vt 0.943234 0.405568
vt 0.970640 0.342244
vt 0.953554 0.205485
vt 0.966416 0.167004
vt 0.895533 0.207512
vt 0.912092 0.347160
vt 0.909351 0.346835
vt 0.911939 0.333727
vt 0.909403 0.340318
vt 0.910017 0.326394
vt 0.911332 0.321400
vt 0.917079 0.412311
vt 0.886104 0.358761
vt 0.908466 0.239544
vt 0.981698 0.316472
vt 0.988156 0.299147
vt 0.978072 0.331114
vt 0.925573 0.415330
vt 0.895454 0.379451
vt 0.907887 0.257903
vt 0.905022 0.255596
vt 0.909632 0.254953
vt 0.943477 0.170802
vt 0.930714 0.170386
vt 0.908176 0.268918
vt 0.908789 0.403759
vt 0.953714 0.180734
vt 0.995711 0.212776
vt 0.900922 0.184769
vt 0.950771 0.396570
vt 0.911359 0.267270
vt 0.911946 0.274103
vt 0.920007 0.267908
vt 0.916690 0.274002
vt 0.913231 0.283138
vt 0.910688 0.290236
vt 0.908848 0.279778
vt 0.913123 0.296572
vt 0.912872 0.316705
vt 0.909368 0.306667
vt 0.926619 0.265728
vt 0.915120 0.289668
vt 0.923696 0.262838
vt 0.930980 0.259513
vt 0.915539 0.264991
vt 0.919137 0.277362
vt 0.913660 0.333405
vt 0.914865 0.306475
vt 0.902942 0.393785
vt 0.914541 0.347106
vt 0.910294 0.246943
vt 0.911934 0.262335
vt 0.869431 0.242731
vt 0.935721 0.254171
vt 0.866989 0.265551
vt 0.895381 0.189505
vt 0.893573 0.183420
vt 0.911591 0.412020
vt 0.894046 0.325887
vt 0.950020 0.188348
vt 0.950188 0.220456
vt 0.980222 0.184876
vt 0.865879 0.274066
vt 0.878274 0.333091
vt 0.891572 0.273787
vt 0.891025 0.293601
vt 0.972848 0.192478
vt 0.977768 0.178731
vt 0.924290 0.354221
vt 0.931872 0.262784
vt 0.908280 0.312191
vt 0.926842 0.277567
vt 0.989398 0.180004
vt 0.900214 0.256801
vt 0.939122 0.256310
vt 0.939412 0.267739
vt 0.998267 0.255302
vt 0.969752 0.173493
vt 0.995238 0.195935
vt 0.954213 0.168417
vt 0.948004 0.197229
vt 0.942370 0.165700
vt 0.922153 0.168048
vt 0.907567 0.171055
vt 0.941856 0.414188
vt 0.914941 0.316841
vt 0.973398 0.168631
vt 0.905310 0.269250
vt 0.908272 0.334545
vt 0.904773 0.350706
vt 0.984495 0.177875
vt 0.972360 0.351257
vt 0.934817 0.419660
vt 0.869142 0.233129
vt 0.874405 0.220594
vt 0.876513 0.211181
vt 0.895121 0.176598
vt 0.936025 0.294186
vt 0.887493 0.366758
vt 0.882414 0.207205
vt 0.922981 0.294580
vt 0.984071 0.324885
vt 0.921427 0.419075
vt 0.905015 0.403121
vt 0.886740 0.197246
vt 0.997392 0.270446
vt 0.897592 0.172507
vt 0.868192 0.315033
vt 0.946699 0.411728
vt 0.888908 0.188461
vt 0.886828 0.180093
vt 0.912338 0.418783
vt 0.865663 0.248737
vt 0.959641 0.390907
vt 0.958724 0.381556
vt 0.876749 0.335052
vt 0.952284 0.159205
vt 0.963988 0.157803
vt 0.957679 0.157660
vt 0.963413 0.154961
vt 0.952253 0.157239
vt 0.945865 0.158203
vt 0.966582 0.155177
vt 0.967355 0.157140
vt 0.955328 0.154968
vt 0.895563 0.386150
vt 0.892240 0.377692
vt 0.918348 0.339288
vt 0.929003 0.325298
vt 0.921429 0.313662
vt 0.940611 0.161642
vt 0.936604 0.277307
vt 0.906197 0.280213
vt 0.932769 0.306244
vt 0.869989 0.215789
vt 0.879935 0.199210
vt 0.876794 0.330958
vt 0.874048 0.319905
vt 0.870980 0.318515
vt 0.927859 0.427129
vt 0.931342 0.281745
vt 0.955300 0.400821
vt 0.999593 0.207368
vt 0.915853 0.165597
vt 0.996635 0.188147
vt 0.878696 0.347330
vt 0.999593 0.225634
vt 0.900764 0.168161
vt 0.865821 0.279466
vt 0.887283 0.174295
vt 0.937472 0.425219
vt 0.929513 0.225492
vt 0.901266 0.340595
vt 0.881335 0.359626
vt 0.898582 0.261618
vt 0.895667 0.268536
vt 0.907115 0.413844
vt 0.982014 0.172394
vt 0.880999 0.187662
vt 0.928367 0.298114
vt 0.926746 0.323149
vt 0.917914 0.326868
vt 0.937493 0.158312
vt 0.942597 0.156915
vt 0.938373 0.156607
vt 0.905733 0.343373
vt 0.948189 0.155982
vt 0.870546 0.322673
vt 0.924467 0.311459
vt 0.898409 0.395719
vt 0.863997 0.262305
vt 0.935456 0.221280
vt 0.946173 0.425615
vt 0.887987 0.373101
vt 0.891894 0.169836
vt 0.877576 0.181276
vt 0.926694 0.230053
vt 0.901954 0.270603
vt 0.866295 0.221619
vt 0.871055 0.199323
vt 0.875276 0.193885
vt 0.870107 0.189302
vt 0.878597 0.176152
vt 0.896222 0.324579
vt 0.884538 0.171278
vt 0.896384 0.278744
vt 0.861156 0.230678
vt 0.895298 0.292139
vt 0.861680 0.244863
vt 0.866232 0.199174
vt 0.861289 0.218471
vt 0.903291 0.279787
vt 0.905590 0.332446
vt 0.875895 0.173389
vt 0.936287 0.157207
vt 0.899336 0.320831
vt 0.900231 0.287189
vt 0.198589 0.829948
vt 0.206216 0.823950
vt 0.189973 0.831463
vt 0.187555 0.821497
vt 0.178050 0.828060
vt 0.200369 0.815173
vt 0.217994 0.817024
vt 0.216857 0.811251
vt 0.171594 0.821883
vt 0.200387 0.808550
vt 0.226778 0.803428
vt 0.230124 0.811441
vt 0.177533 0.813867
vt 0.235580 0.814095
vt 0.241237 0.807997
vt 0.242715 0.797143
vt 0.253194 0.797151
vt 0.174604 0.839940
vt 0.165508 0.832410
vt 0.187160 0.836442
vt 0.231780 0.794811
vt 0.254439 0.791492
vt 0.160163 0.818592
vt 0.220462 0.820155
vt 0.229285 0.818828
vt 0.209038 0.802434
vt 0.245321 0.811818
vt 0.252541 0.804518
vt 0.158761 0.846917
vt 0.144946 0.844572
vt 0.145419 0.850448
vt 0.122849 0.851123
vt 0.119789 0.859839
vt 0.131374 0.863468
vt 0.149902 0.853480
vt 0.110455 0.865932
vt 0.114598 0.875980
vt 0.108758 0.880026
vt 0.101875 0.873807
vt 0.114206 0.852951
vt 0.108657 0.860380
vt 0.095837 0.881379
vt 0.149696 0.837507
vt 0.098806 0.870224
vt 0.161161 0.826357
vt 0.130078 0.843632
vt 0.140128 0.835343
vt 0.187970 0.807831
vt 0.160985 0.849496
vt 0.168494 0.846163
vt 0.102584 0.885886
vt 0.206223 0.829156
vt 0.225130 0.793670
vt 0.258806 0.797899
vt 0.263974 0.789523
vt 0.140680 0.861401
vt 0.135053 0.865021
vt 0.125932 0.869639
vt 0.103566 0.858591
vt 0.090911 0.873525
vt 0.252916 0.786887
vt 0.155109 0.818265
vt 0.148526 0.822671
vt 0.174929 0.810054
vt 0.148827 0.857490
vt 0.157879 0.854173
vt 0.207038 0.798494
vt 0.089482 0.884280
vt 0.195830 0.835182
vt 0.239289 0.786414
vt 0.094948 0.893870
vt 0.233804 0.819048
vt 0.117562 0.842813
vt 0.142638 0.828911
vt 0.186581 0.840207
vt 0.081921 0.883164
vt 0.266417 0.795606
vt 0.275854 0.787861
vt 0.253030 0.810895
vt 0.255998 0.808086
vt 0.262318 0.802233
vt 0.194443 0.801817
vt 0.220169 0.789687
vt 0.110732 0.881871
vt 0.156692 0.815465
vt 0.107929 0.847247
vt 0.263837 0.784550
vt 0.105185 0.887154
vt 0.104865 0.892319
vt 0.165328 0.850793
vt 0.218667 0.825632
vt 0.141314 0.823782
vt 0.092970 0.858461
vt 0.118631 0.876627
vt 0.083470 0.895140
vt 0.090445 0.902431
vt 0.099716 0.900238
vt 0.096894 0.905883
vt 0.110993 0.909152
vt 0.106599 0.899261
vt 0.112951 0.916894
vt 0.084346 0.904502
vt 0.121418 0.915917
vt 0.116233 0.907537
vt 0.126285 0.911422
vt 0.139996 0.916651
vt 0.109781 0.899339
vt 0.141244 0.908170
vt 0.136880 0.922307
vt 0.149667 0.922102
vt 0.168793 0.920356
vt 0.154604 0.914025
vt 0.177307 0.915203
vt 0.185227 0.919812
vt 0.200132 0.917440
vt 0.192315 0.912390
vt 0.189993 0.924431
vt 0.203906 0.922037
vt 0.168999 0.909356
vt 0.215685 0.921451
vt 0.215310 0.917352
vt 0.209796 0.912834
vt 0.171622 0.925903
vt 0.163188 0.926610
vt 0.128024 0.906160
vt 0.126837 0.921401
vt 0.230041 0.916609
vt 0.228123 0.913847
vt 0.241113 0.908401
vt 0.245867 0.914250
vt 0.249988 0.904998
vt 0.252523 0.909400
vt 0.258119 0.904129
vt 0.246730 0.900047
vt 0.244355 0.902443
vt 0.233801 0.897376
vt 0.230541 0.899918
vt 0.227021 0.897252
vt 0.224127 0.899953
vt 0.263413 0.907618
vt 0.232531 0.920384
vt 0.251546 0.897329
vt 0.210518 0.925170
vt 0.219136 0.896733
vt 0.211038 0.897099
vt 0.228754 0.910413
vt 0.258023 0.913151
vt 0.095372 0.909761
vt 0.100126 0.914395
vt 0.188766 0.904174
vt 0.208087 0.901347
vt 0.148586 0.927210
vt 0.076906 0.894823
vt 0.208342 0.907932
vt 0.117117 0.900836
vt 0.125780 0.902188
vt 0.137419 0.905304
vt 0.168491 0.905173
vt 0.117596 0.896714
vt 0.186360 0.928106
vt 0.207407 0.896850
vt 0.207536 0.892007
vt 0.203365 0.895881
vt 0.085272 0.908957
vt 0.214191 0.891497
vt 0.218296 0.886457
vt 0.201836 0.930487
vt 0.077135 0.905082
vt 0.224522 0.927204
vt 0.131456 0.924842
vt 0.124492 0.894795
vt 0.115435 0.922139
vt 0.245562 0.917533
vt 0.255943 0.917197
vt 0.103175 0.895497
vt 0.104124 0.898015
vt 0.111905 0.891614
vt 0.111901 0.888229
vt 0.121514 0.885692
vt 0.120469 0.888309
vt 0.129346 0.884521
vt 0.131341 0.878814
vt 0.137701 0.880176
vt 0.141577 0.876430
vt 0.152657 0.876279
vt 0.151008 0.872432
vt 0.162909 0.868903
vt 0.162106 0.867133
vt 0.178545 0.863143
vt 0.176418 0.861784
vt 0.188499 0.861636
vt 0.146745 0.870263
vt 0.169039 0.860157
vt 0.177963 0.859483
vt 0.195403 0.854199
vt 0.198177 0.856237
vt 0.211124 0.848905
vt 0.208335 0.847247
vt 0.219201 0.842640
vt 0.226110 0.843266
vt 0.222880 0.846629
vt 0.230851 0.844398
vt 0.241053 0.839139
vt 0.238620 0.836749
vt 0.252068 0.836836
vt 0.259684 0.832705
vt 0.255973 0.838608
vt 0.255339 0.826204
vt 0.221506 0.838823
vt 0.239655 0.833491
vt 0.263619 0.833213
vt 0.258244 0.828623
vt 0.268941 0.827611
vt 0.196360 0.849809
vt 0.185578 0.854207
vt 0.244902 0.840295
vt 0.253090 0.840520
vt 0.120626 0.881877
vt 0.229656 0.834502
vt 0.210818 0.853731
vt 0.282624 0.835142
vt 0.207698 0.844101
vt 0.071529 0.887256
vt 0.287016 0.827071
vt 0.079123 0.878741
vt 0.158136 0.864595
vt 0.104678 0.918196
vt 0.069797 0.894682
vt 0.266145 0.807398
vt 0.213304 0.929516
vt 0.252428 0.823351
vt 0.269143 0.819075
vt 0.281011 0.817050
vt 0.174960 0.930822
vt 0.069149 0.899455
vt 0.081562 0.870856
vt 0.269301 0.799867
vt 0.098327 0.852562
vt 0.268126 0.813728
vt 0.252860 0.842297
vt 0.250660 0.780321
vt 0.232003 0.783260
vt 0.168136 0.901959
vt 0.127855 0.896627
vt 0.136039 0.892812
vt 0.078265 0.909831
vt 0.188263 0.931758
vt 0.079012 0.863072
vt 0.091702 0.915650
vt 0.283894 0.808704
vt 0.137893 0.929436
vt 0.237464 0.927055
vt 0.265497 0.780168
vt 0.071915 0.871495
vt 0.067287 0.880887
vt 0.268745 0.835499
vt 0.070829 0.905551
vt 0.186296 0.898043
vt 0.085972 0.857170
vt 0.293236 0.816406
vt 0.292269 0.833573
vt 0.284662 0.846335
vt 0.290568 0.844302
vt 0.133084 0.828829
vt 0.164345 0.932601
vt 0.148462 0.932855
vt 0.276854 0.779142
vt 0.216657 0.784171
vt 0.291856 0.811406
vt 0.063547 0.888682
vt 0.140180 0.895408
vt 0.144271 0.900083
vt 0.151383 0.888801
vt 0.156751 0.889140
vt 0.177626 0.883178
vt 0.174428 0.885567
vt 0.163034 0.890102
vt 0.196202 0.882353
vt 0.197466 0.880369
vt 0.207699 0.879341
vt 0.204746 0.877249
vt 0.295894 0.829710
vt 0.295217 0.822983
vt 0.213448 0.874952
vt 0.062617 0.895928
vt 0.200700 0.892121
vt 0.277642 0.792798
vt 0.284137 0.786300
vt 0.274510 0.805168
vt 0.277165 0.799345
vt 0.065088 0.903590
vt 0.193350 0.797257
vt 0.174906 0.806622
vt 0.199035 0.784752
vt 0.293398 0.806511
vt 0.175858 0.847129
vt 0.114950 0.836818
vt 0.281940 0.779848
vt 0.280582 0.778314
vt 0.130939 0.874513
vt 0.060521 0.880960
vt 0.069449 0.863147
vt 0.063509 0.874229
vt 0.178693 0.886909
vt 0.242430 0.817793
vt 0.245193 0.823168
vt 0.256063 0.816186
vt 0.289705 0.799544
vt 0.127735 0.871561
vt 0.268081 0.811861
vt 0.184025 0.843243
vt 0.298453 0.830980
vt 0.297771 0.838909
vt 0.295976 0.843488
vt 0.297161 0.858727
vt 0.298164 0.850635
vt 0.226032 0.831379
vt 0.213310 0.835448
vt 0.203729 0.841806
vt 0.055329 0.892132
vt 0.205660 0.888196
vt 0.210337 0.885890
vt 0.164144 0.899400
vt 0.206209 0.832628
vt 0.188433 0.848350
vt 0.145320 0.866650
vt 0.148347 0.861223
vt 0.288527 0.795120
vt 0.184076 0.851554
vt 0.172959 0.854617
vt 0.054454 0.883098
vt 0.194016 0.884922
vt 0.171949 0.894707
vt 0.298224 0.827759
vt 0.285889 0.790883
vt 0.195056 0.838875
vt 0.156880 0.861701
vt 0.163902 0.858600
vt 0.196931 0.841551
vt 0.196433 0.890849
vt 0.200834 0.886470
vt 0.046010 0.886201
vt 0.050953 0.893365
vt 0.291662 0.799664
vt 0.289706 0.794125
vt 0.294013 0.808938
vt 0.213520 0.878375
vt 0.217512 0.875712
vt 0.208572 0.882143
vt 0.283303 0.876997
vt 0.270512 0.878269
vt 0.280990 0.887993
vt 0.268949 0.884144
vt 0.272351 0.894305
vt 0.291563 0.895100
vt 0.278373 0.898586
vt 0.290850 0.883274
vt 0.291894 0.869706
vt 0.252578 0.889109
vt 0.259634 0.896476
vt 0.270349 0.904619
vt 0.265727 0.900601
vt 0.279169 0.869810
vt 0.267321 0.870961
vt 0.259113 0.878998
vt 0.262496 0.869886
vt 0.280896 0.904147
vt 0.292427 0.898450
vt 0.245914 0.892544
vt 0.248672 0.886940
vt 0.241987 0.890949
vt 0.271695 0.909863
vt 0.236998 0.894715
vt 0.275465 0.857288
vt 0.266621 0.855554
vt 0.291415 0.859538
vt 0.255946 0.873976
vt 0.258735 0.864271
vt 0.249621 0.879398
vt 0.265103 0.912115
vt 0.283976 0.857733
vt 0.231761 0.894376
vt 0.254072 0.857111
vt 0.298276 0.892330
vt 0.298224 0.896742
vt 0.293484 0.879721
vt 0.297386 0.887307
vt 0.275733 0.848476
vt 0.265955 0.849216
vt 0.246081 0.869663
vt 0.249055 0.858234
vt 0.241674 0.870375
vt 0.238218 0.875918
vt 0.246253 0.873277
vt 0.241190 0.878053
vt 0.232521 0.882223
vt 0.238822 0.890176
vt 0.237569 0.872756
vt 0.231310 0.878869
vt 0.225011 0.886266
vt 0.226603 0.882356
vt 0.221306 0.886420
vt 0.215825 0.894832
vt 0.224024 0.891050
vt 0.267292 0.919084
vt 0.275491 0.915123
vt 0.281653 0.912030
vt 0.290924 0.903964
vt 0.237582 0.882591
vt 0.229820 0.888523
vt 0.255669 0.849386
vt 0.261077 0.922396
vt 0.297454 0.872467
vt 0.290829 0.909977
vt 0.296992 0.904494
vt 0.276222 0.926960
vt 0.283987 0.926772
vt 0.265765 0.928713
vt 0.291921 0.924066
vt 0.280874 0.935037
vt 0.254447 0.926531
vt 0.298038 0.911831
vt 0.266731 0.934719
vt 0.296690 0.916457
vt 0.296831 0.925708
vt 0.247002 0.923000
vt 0.291740 0.935776
vt 0.297265 0.934825
vt 0.245992 0.933651
vt 0.230184 0.933441
vt 0.224517 0.931189
vt 0.211058 0.935008
vt 0.199324 0.936187
vt 0.188593 0.937674
vt 0.177034 0.935937
vt 0.160002 0.936183
vt 0.213560 0.938349
vt 0.268970 0.842084
vt 0.148072 0.937938
vt 0.277260 0.840869
vt 0.137847 0.934788
vt 0.124792 0.929611
vt 0.110990 0.924907
vt 0.100446 0.921887
vt 0.118787 0.933321
vt 0.108213 0.928473
vt 0.091511 0.921700
vt 0.097363 0.925461
vt 0.081971 0.916094
vt 0.171422 0.940454
vt 0.196130 0.941407
vt 0.228987 0.938155
vt 0.243083 0.937454
vt 0.071349 0.911408
vt 0.157657 0.941276
vt 0.267092 0.940199
vt 0.274209 0.942656
vt 0.282937 0.941550
vt 0.129037 0.937740
vt 0.297735 0.880246
vt 0.178667 0.943806
vt 0.210284 0.942751
vt 0.246298 0.941232
vt 0.268089 0.946444
vt 0.229650 0.942053
vt 0.289898 0.947131
vt 0.279794 0.949517
vt 0.294542 0.946920
vt 0.196076 0.945623
vt 0.297195 0.942865
vt 0.297184 0.948142
vt 0.250038 0.946051
vt 0.222248 0.945952
vt 0.820706 0.041563
vt 0.824199 0.031506
vt 0.827933 0.041120
vt 0.815410 0.035563
vt 0.815652 0.025664
vt 0.821584 0.023209
vt 0.800173 0.021581
vt 0.810138 0.019461
vt 0.799524 0.015949
vt 0.792544 0.029952
vt 0.796362 0.036502
vt 0.805097 0.041875
vt 0.814232 0.044370
vt 0.786610 0.042310
vt 0.784351 0.028368
vt 0.791509 0.015126
vt 0.769616 0.039433
vt 0.776015 0.026757
vt 0.773261 0.032471
vt 0.762040 0.035012
vt 0.782085 0.044543
vt 0.776071 0.043832
vt 0.831338 0.029171
vt 0.766003 0.043061
vt 0.841237 0.037144
vt 0.846286 0.030380
vt 0.833753 0.041354
vt 0.832842 0.024940
vt 0.855456 0.035989
vt 0.853405 0.029819
vt 0.864586 0.032060
vt 0.867608 0.035347
vt 0.875497 0.035383
vt 0.868514 0.030079
vt 0.858876 0.041154
vt 0.830565 0.045255
vt 0.874892 0.040233
vt 0.823995 0.045321
vt 0.799706 0.044576
vt 0.879353 0.033415
vt 0.886382 0.037716
vt 0.889579 0.040851
vt 0.846297 0.044214
vt 0.834443 0.045381
vt 0.820124 0.046933
vt 0.813307 0.046302
vt 0.820664 0.049087
vt 0.807314 0.046589
vt 0.773403 0.021170
vt 0.770213 0.027640
vt 0.760663 0.045629
vt 0.849954 0.024581
vt 0.895120 0.036645
vt 0.886588 0.034370
vt 0.897645 0.041541
vt 0.904226 0.039322
vt 0.904857 0.042725
vt 0.912880 0.043416
vt 0.908483 0.047818
vt 0.916053 0.048069
vt 0.898057 0.048155
vt 0.888949 0.044246
vt 0.922698 0.046091
vt 0.919653 0.042265
vt 0.928449 0.052313
vt 0.930168 0.048117
vt 0.924238 0.053901
vt 0.861459 0.046005
vt 0.911704 0.053170
vt 0.905409 0.052216
vt 0.929503 0.044226
vt 0.825504 0.051790
vt 0.827422 0.049812
vt 0.839152 0.024581
vt 0.876410 0.029689
vt 0.873028 0.046713
vt 0.886080 0.049351
vt 0.829375 0.052290
vt 0.795670 0.011853
vt 0.850042 0.048258
vt 0.840729 0.047982
vt 0.776432 0.013180
vt 0.787069 0.012043
vt 0.767527 0.046619
vt 0.764759 0.023026
vt 0.760736 0.029653
vt 0.834801 0.052709
vt 0.834555 0.054606
vt 0.840752 0.054302
vt 0.841749 0.056659
vt 0.894325 0.054166
vt 0.753768 0.036906
vt 0.863806 0.052096
vt 0.854148 0.050973
vt 0.754475 0.045991
vt 0.762604 0.052787
vt 0.767676 0.051318
vt 0.941277 0.050822
vt 0.941441 0.056520
vt 0.948689 0.056659
vt 0.952729 0.054461
vt 0.942676 0.062683
vt 0.951176 0.065927
vt 0.947261 0.072537
vt 0.953946 0.074849
vt 0.939172 0.074525
vt 0.943176 0.080925
vt 0.926614 0.077468
vt 0.948297 0.085662
vt 0.945819 0.089373
vt 0.938720 0.088222
vt 0.940247 0.096454
vt 0.934165 0.072063
vt 0.938460 0.066918
vt 0.926292 0.072189
vt 0.932422 0.082707
vt 0.923271 0.082057
vt 0.932575 0.098483
vt 0.932860 0.093694
vt 0.943339 0.100502
vt 0.914745 0.075925
vt 0.915908 0.073802
vt 0.905041 0.074025
vt 0.906674 0.071148
vt 0.900362 0.069812
vt 0.899348 0.073034
vt 0.894177 0.069119
vt 0.920644 0.063865
vt 0.930086 0.063227
vt 0.934547 0.060416
vt 0.931962 0.103249
vt 0.925612 0.059727
vt 0.916080 0.078365
vt 0.936687 0.108265
vt 0.932051 0.088752
vt 0.928210 0.086287
vt 0.946264 0.104692
vt 0.928455 0.107469
vt 0.871567 0.053977
vt 0.911407 0.057672
vt 0.952169 0.096054
vt 0.896878 0.067071
vt 0.889510 0.064298
vt 0.885954 0.066480
vt 0.877458 0.063239
vt 0.884368 0.061590
vt 0.872332 0.060053
vt 0.868265 0.061159
vt 0.865881 0.058388
vt 0.858416 0.059812
vt 0.858314 0.057529
vt 0.852693 0.059615
vt 0.852193 0.056547
vt 0.846394 0.056298
vt 0.846264 0.054490
vt 0.884376 0.054032
vt 0.932483 0.113648
vt 0.946629 0.114314
vt 0.924782 0.112981
vt 0.940280 0.124924
vt 0.931483 0.120105
vt 0.931429 0.133573
vt 0.922653 0.125177
vt 0.922785 0.134048
vt 0.918884 0.130031
vt 0.906805 0.127743
vt 0.906404 0.140252
vt 0.903205 0.135627
vt 0.900909 0.127060
vt 0.899295 0.133243
vt 0.896013 0.142189
vt 0.888019 0.142601
vt 0.892273 0.145977
vt 0.880394 0.147364
vt 0.879070 0.142332
vt 0.870765 0.147287
vt 0.868257 0.150836
vt 0.860358 0.147855
vt 0.857179 0.151050
vt 0.846899 0.146757
vt 0.840098 0.150453
vt 0.844644 0.155253
vt 0.856501 0.153992
vt 0.837440 0.155213
vt 0.827561 0.152315
vt 0.863860 0.154278
vt 0.886757 0.138909
vt 0.833794 0.143138
vt 0.824859 0.144982
vt 0.810820 0.145562
vt 0.815717 0.144567
vt 0.823552 0.154424
vt 0.811797 0.151935
vt 0.797070 0.143621
vt 0.896163 0.128599
vt 0.888198 0.125231
vt 0.883035 0.123359
vt 0.810981 0.140534
vt 0.794510 0.137290
vt 0.784495 0.138158
vt 0.789736 0.144557
vt 0.789620 0.135956
vt 0.802940 0.153382
vt 0.912851 0.140066
vt 0.903051 0.143448
vt 0.827068 0.159306
vt 0.835878 0.160589
vt 0.778580 0.142060
vt 0.840227 0.159169
vt 0.814030 0.160808
vt 0.766621 0.135285
vt 0.888853 0.128400
vt 0.769869 0.132745
vt 0.763881 0.128743
vt 0.756540 0.133374
vt 0.755980 0.126587
vt 0.762049 0.124005
vt 0.772519 0.124711
vt 0.772080 0.127875
vt 0.780948 0.124898
vt 0.784145 0.126555
vt 0.788722 0.124029
vt 0.751692 0.121702
vt 0.794012 0.126539
vt 0.801633 0.124950
vt 0.800002 0.127214
vt 0.812663 0.126586
vt 0.809366 0.129386
vt 0.818509 0.129651
vt 0.811777 0.124142
vt 0.819335 0.124155
vt 0.825230 0.127215
vt 0.827214 0.124501
vt 0.832880 0.125785
vt 0.872575 0.124413
vt 0.874088 0.127110
vt 0.860599 0.125836
vt 0.862156 0.123457
vt 0.846866 0.124569
vt 0.845519 0.127144
vt 0.835433 0.127806
vt 0.870080 0.154679
vt 0.761118 0.137388
vt 0.885522 0.149359
vt 0.881437 0.152333
vt 0.802602 0.130203
vt 0.815431 0.156866
vt 0.836548 0.121844
vt 0.904450 0.125166
vt 0.784864 0.150616
vt 0.861963 0.128676
vt 0.843481 0.141217
vt 0.852223 0.142302
vt 0.908491 0.122485
vt 0.821894 0.140010
vt 0.772864 0.130316
vt 0.918516 0.120173
vt 0.860983 0.143369
vt 0.870749 0.141435
vt 0.854174 0.157256
vt 0.786476 0.128649
vt 0.901481 0.122730
vt 0.744149 0.128010
vt 0.902100 0.061752
vt 0.771499 0.146271
vt 0.850924 0.121469
vt 0.797364 0.130707
vt 0.886487 0.131936
vt 0.783095 0.132565
vt 0.913857 0.067342
vt 0.893713 0.057315
vt 0.758696 0.114984
vt 0.766532 0.122140
vt 0.745062 0.115285
vt 0.922325 0.101777
vt 0.918233 0.104908
vt 0.914445 0.095273
vt 0.910143 0.102167
vt 0.904042 0.094158
vt 0.902053 0.102047
vt 0.907319 0.111626
vt 0.898917 0.111825
vt 0.896667 0.094199
vt 0.889600 0.099619
vt 0.879188 0.093666
vt 0.891119 0.091416
vt 0.875842 0.090848
vt 0.876012 0.100793
vt 0.886963 0.101305
vt 0.877022 0.086841
vt 0.864742 0.091624
vt 0.864286 0.085790
vt 0.850451 0.091732
vt 0.836211 0.084668
vt 0.843852 0.080055
vt 0.831377 0.079437
vt 0.816558 0.080220
vt 0.818978 0.089580
vt 0.833365 0.091559
vt 0.812635 0.087486
vt 0.795837 0.078981
vt 0.804676 0.072067
vt 0.795344 0.071519
vt 0.816724 0.071761
vt 0.829839 0.072172
vt 0.863684 0.082114
vt 0.871294 0.082468
vt 0.793621 0.083719
vt 0.864052 0.099787
vt 0.853960 0.101972
vt 0.788514 0.079225
vt 0.842236 0.098798
vt 0.853681 0.077084
vt 0.785533 0.071858
vt 0.809874 0.091300
vt 0.800298 0.065226
vt 0.825686 0.098460
vt 0.861563 0.078006
vt 0.842694 0.071926
vt 0.831471 0.098356
vt 0.779991 0.084760
vt 0.776552 0.079941
vt 0.886141 0.087675
vt 0.809304 0.063248
vt 0.822180 0.066079
vt 0.788262 0.063736
vt 0.776777 0.072006
vt 0.790525 0.090073
vt 0.880597 0.082692
vt 0.839368 0.105059
vt 0.859452 0.109866
vt 0.781826 0.063620
vt 0.898006 0.088668
vt 0.811994 0.099046
vt 0.854745 0.072908
vt 0.851772 0.109728
vt 0.801989 0.059349
vt 0.868240 0.108194
vt 0.804245 0.095271
vt 0.919785 0.096173
vt 0.828836 0.065356
vt 0.777438 0.089529
vt 0.867871 0.077853
vt 0.926468 0.093908
vt 0.831734 0.140448
vt 0.909518 0.078705
vt 0.906290 0.089243
vt 0.810012 0.058437
vt 0.953424 0.086374
vt 0.878800 0.059568
vt 0.918780 0.141279
vt 0.836862 0.163318
vt 0.768732 0.090132
vt 0.817436 0.056934
vt 0.790306 0.095004
vt 0.920621 0.144955
vt 0.863868 0.120834
vt 0.955196 0.105087
vt 0.793417 0.056648
vt 0.912582 0.089092
vt 0.825190 0.104144
vt 0.755753 0.139558
vt 0.853724 0.130875
vt 0.844873 0.160413
vt 0.940452 0.130738
vt 0.776283 0.093952
vt 0.918846 0.092171
vt 0.771959 0.064153
vt 0.802713 0.157815
vt 0.834977 0.109965
vt 0.730614 0.110134
vt 0.908462 0.145513
vt 0.831059 0.130554
vt 0.752107 0.106393
vt 0.769367 0.080384
vt 0.883963 0.107587
vt 0.867773 0.111393
vt 0.956432 0.097273
vt 0.796565 0.099485
vt 0.896467 0.149806
vt 0.870173 0.138458
vt 0.845137 0.067745
vt 0.734493 0.101284
vt 0.774080 0.121559
vt 0.767031 0.114508
vt 0.760791 0.109482
vt 0.891299 0.060992
vt 0.766470 0.071336
vt 0.786849 0.120914
vt 0.865666 0.063005
vt 0.889141 0.082323
vt 0.878859 0.066731
vt 0.887536 0.069399
vt 0.895009 0.072629
vt 0.743478 0.132180
vt 0.936766 0.135941
vt 0.780291 0.055876
vt 0.804302 0.054303
vt 0.856092 0.115053
vt 0.771570 0.059556
vt 0.721223 0.100553
vt 0.716354 0.102704
vt 0.718159 0.094776
vt 0.713473 0.094770
vt 0.712696 0.105280
vt 0.710462 0.097223
vt 0.710149 0.082674
vt 0.713166 0.082640
vt 0.709104 0.105919
vt 0.711485 0.073700
vt 0.712565 0.112946
vt 0.707340 0.071098
vt 0.718966 0.111868
vt 0.708789 0.115124
vt 0.714955 0.073550
vt 0.718107 0.087865
vt 0.712051 0.126164
vt 0.718251 0.080639
vt 0.707634 0.125589
vt 0.710285 0.066409
vt 0.716913 0.065572
vt 0.708263 0.087792
vt 0.706191 0.101744
vt 0.706639 0.081218
vt 0.717976 0.119907
vt 0.705878 0.059671
vt 0.717587 0.131180
vt 0.705368 0.113467
vt 0.711586 0.133078
vt 0.705966 0.138061
vt 0.728189 0.124345
vt 0.722150 0.126906
vt 0.733889 0.086212
vt 0.737897 0.093380
vt 0.742090 0.083573
vt 0.731406 0.080218
vt 0.742218 0.072988
vt 0.733826 0.073296
vt 0.721568 0.074436
vt 0.746030 0.101335
vt 0.750414 0.088540
vt 0.748126 0.080041
vt 0.750733 0.094949
vt 0.762838 0.084582
vt 0.712441 0.056013
vt 0.709088 0.056622
vt 0.736133 0.063316
vt 0.717553 0.054726
vt 0.781326 0.153583
vt 0.708358 0.044271
vt 0.801087 0.162751
vt 0.812343 0.106404
vt 0.711144 0.042217
vt 0.762423 0.080119
vt 0.717457 0.141353
vt 0.710408 0.141672
vt 0.761135 0.064172
vt 0.755556 0.100975
vt 0.749787 0.073064
vt 0.768146 0.095568
vt 0.762417 0.147663
vt 0.728202 0.132151
vt 0.786248 0.099536
vt 0.746478 0.063722
vt 0.840855 0.116158
vt 0.840396 0.063325
vt 0.793142 0.131550
vt 0.872404 0.065501
vt 0.795591 0.053672
vt 0.771805 0.098185
vt 0.761800 0.091992
vt 0.704438 0.124365
vt 0.703243 0.136345
vt 0.946671 0.125310
vt 0.705155 0.146500
vt 0.823683 0.120707
vt 0.930154 0.141115
vt 0.705556 0.048391
vt 0.714558 0.046204
vt 0.772040 0.054567
vt 0.872453 0.134641
vt 0.862630 0.132437
vt 0.752412 0.142532
vt 0.827556 0.114713
vt 0.854039 0.161336
vt 0.864290 0.073292
vt 0.795765 0.162164
vt 0.784648 0.158809
vt 0.856878 0.138014
vt 0.891284 0.114039
vt 0.880370 0.113669
vt 0.724424 0.143405
vt 0.757161 0.060633
vt 0.757238 0.054741
vt 0.877849 0.076874
vt 0.869754 0.157114
vt 0.830162 0.062045
vt 0.725233 0.045955
vt 0.798256 0.107914
vt 0.809336 0.110194
vt 0.764790 0.104431
vt 0.768432 0.153489
vt 0.743555 0.060595
vt 0.959691 0.065957
vt 0.776896 0.114714
vt 0.845422 0.130207
vt 0.852438 0.135019
vt 0.796259 0.121576
vt 0.809813 0.120487
vt 0.770969 0.106619
vt 0.724809 0.063911
vt 0.730125 0.053613
vt 0.781458 0.051932
vt 0.779836 0.118035
vt 0.709413 0.152996
vt 0.715859 0.147596
vt 0.704467 0.154778
vt 0.738035 0.143033
vt 0.866832 0.116321
vt 0.854229 0.067485
vt 0.845524 0.139348
vt 0.841475 0.163248
vt 0.808828 0.052925
vt 0.742005 0.052941
vt 0.744196 0.045212
vt 0.901133 0.085451
vt 0.858652 0.162559
vt 0.855482 0.164932
vt 0.843892 0.165496
vt 0.804651 0.137499
vt 0.701866 0.149001
vt 0.891101 0.153334
vt 0.823841 0.131796
vt 0.715314 0.154724
vt 0.708435 0.163511
vt 0.755303 0.150198
vt 0.743716 0.147908
vt 0.703858 0.165496
vt 0.724832 0.150716
vt 0.904994 0.077644
vt 0.839868 0.164328
vt 0.911455 0.148067
vt 0.902813 0.150531
vt 0.700733 0.163184
vt 0.906989 0.085760
vt 0.811965 0.137986
vt 0.842728 0.132337
vt 0.833109 0.137193
vt 0.808955 0.132092
vt 0.815756 0.133795
vt 0.817587 0.131229
vt 0.819696 0.137380
vt 0.797334 0.135477
vt 0.678977 0.242127
vt 0.679615 0.279442
vt 0.684479 0.276898
vt 0.683207 0.213233
vt 0.684886 0.305089
vt 0.679916 0.209206
vt 0.679525 0.165386
vt 0.677229 0.170157
vt 0.683512 0.168788
vt 0.681844 0.350092
vt 0.684883 0.361196
vt 0.682816 0.380241
vt 0.685533 0.405697
vt 0.686703 0.446058
vt 0.684842 0.442280
vt 0.687114 0.520677
vt 0.688186 0.504603
vt 0.689537 0.545868
vt 0.682591 0.138498
vt 0.678098 0.141631
vt 0.677022 0.097266
vt 0.681428 0.088637
vt 0.678238 0.073083
vt 0.682374 0.081186
vt 0.679974 0.070369
vt 0.684981 0.074514
vt 0.691912 0.065408
vt 0.689833 0.073749
vt 0.684919 0.223092
vt 0.686122 0.278304
vt 0.675489 0.083752
vt 0.692181 0.072996
vt 0.688433 0.578192
vt 0.676423 0.135148
vt 0.686495 0.343812
vt 0.686606 0.373744
vt 0.690929 0.589315
vt 0.693581 0.582230
vt 0.693307 0.595698
vt 0.694218 0.591427
vt 0.684861 0.066154
vt 0.692053 0.538429
vt 0.690312 0.510495
vt 0.688718 0.459660
vt 0.683462 0.125980
vt 0.684912 0.184307
vt 0.688559 0.408745
vt 0.680260 0.351742
vt 0.681233 0.385533
vt 0.682861 0.435045
vt 0.678354 0.268958
vt 0.685627 0.512016
vt 0.693796 0.066411
vt 0.685770 0.076153
vt 0.676411 0.078204
vt 0.691402 0.499198
vt 0.693567 0.071955
vt 0.688059 0.378651
vt 0.676318 0.177954
vt 0.679947 0.380943
vt 0.683854 0.080903
vt 0.694218 0.074015
vt 0.406449 0.475466
vt 0.408440 0.488967
vt 0.408567 0.416329
vt 0.406509 0.527039
vt 0.406745 0.378661
vt 0.408515 0.352779
vt 0.406718 0.347392
vt 0.405130 0.417852
vt 0.406925 0.301759
vt 0.408975 0.293400
vt 0.407348 0.286988
vt 0.410784 0.493749
vt 0.410824 0.562475
vt 0.408265 0.561790
vt 0.406251 0.578026
vt 0.410646 0.622358
vt 0.407688 0.635708
vt 0.411760 0.657662
vt 0.407222 0.663937
vt 0.411508 0.709761
vt 0.408097 0.718822
vt 0.410520 0.727938
vt 0.408575 0.259290
vt 0.413161 0.621863
vt 0.406145 0.714056
vt 0.406134 0.646599
vt 0.413094 0.714910
vt 0.416885 0.725891
vt 0.415472 0.732556
vt 0.424275 0.727126
vt 0.424674 0.733242
vt 0.410561 0.419096
vt 0.410574 0.379006
vt 0.411725 0.281695
vt 0.411129 0.252261
vt 0.409408 0.212656
vt 0.411472 0.205903
vt 0.413122 0.666946
vt 0.410845 0.304901
vt 0.410628 0.341667
vt 0.412386 0.559578
vt 0.412303 0.506499
vt 0.411919 0.445083
vt 0.407192 0.258160
vt 0.407706 0.216462
vt 0.412629 0.215215
vt 0.414277 0.205775
vt 0.416641 0.197022
vt 0.418261 0.734416
vt 0.407194 0.721125
vt 0.414681 0.196884
vt 0.418991 0.192632
vt 0.420159 0.194123
vt 0.405454 0.347479
vt 0.405296 0.378848
vt 0.406169 0.275015
vt 0.405194 0.497026
vt 0.405503 0.558480
vt 0.409074 0.204708
vt 0.411909 0.373660
vt 0.417762 0.199113
vt 0.419477 0.725147
vt 0.416972 0.723739
vt 0.405558 0.636063
vt 0.413540 0.558513
vt 0.412144 0.305240
vt 0.424576 0.726162
vt 0.424674 0.189895
vt 0.423242 0.189201
vt 0.421884 0.194303
vt 0.413706 0.520029
vt 0.831831 0.909868
vt 0.824147 0.910513
vt 0.824140 0.905251
vt 0.835321 0.905159
vt 0.843025 0.911007
vt 0.848735 0.907561
vt 0.851334 0.911720
vt 0.852280 0.906580
vt 0.812732 0.904446
vt 0.862425 0.914513
vt 0.843894 0.905035
vt 0.814132 0.909092
vt 0.842775 0.902246
vt 0.862081 0.909418
vt 0.867634 0.915603
vt 0.863989 0.919494
vt 0.871854 0.921159
vt 0.825647 0.901111
vt 0.815077 0.901849
vt 0.798994 0.906787
vt 0.796268 0.914575
vt 0.787188 0.912533
vt 0.785675 0.920836
vt 0.789831 0.905483
vt 0.775154 0.915162
vt 0.778430 0.918136
vt 0.772030 0.910955
vt 0.756481 0.919097
vt 0.768692 0.919880
vt 0.757406 0.926119
vt 0.857096 0.904354
vt 0.738860 0.927915
vt 0.744256 0.918806
vt 0.730929 0.925916
vt 0.805436 0.900977
vt 0.779986 0.901971
vt 0.764187 0.909972
vt 0.797645 0.902543
vt 0.830719 0.898975
vt 0.726257 0.928133
vt 0.734986 0.918157
vt 0.871835 0.915613
vt 0.744549 0.929321
vt 0.736791 0.935227
vt 0.722013 0.935520
vt 0.743450 0.912951
vt 0.736198 0.938719
vt 0.717706 0.932941
vt 0.724757 0.945136
vt 0.722118 0.948485
vt 0.815484 0.898692
vt 0.714982 0.946274
vt 0.717129 0.955237
vt 0.757632 0.935451
vt 0.750740 0.933738
vt 0.756177 0.932049
vt 0.769506 0.930515
vt 0.784049 0.930616
vt 0.779294 0.934989
vt 0.793939 0.932774
vt 0.799636 0.926913
vt 0.808345 0.927791
vt 0.809615 0.923250
vt 0.819006 0.922900
vt 0.823244 0.925381
vt 0.788891 0.926719
vt 0.767507 0.925225
vt 0.818568 0.929736
vt 0.776313 0.928841
vt 0.774404 0.924532
vt 0.831436 0.922854
vt 0.834895 0.925743
vt 0.840594 0.924226
vt 0.850378 0.928538
vt 0.801089 0.923728
vt 0.841016 0.931181
vt 0.806691 0.915834
vt 0.849963 0.923474
vt 0.831003 0.930351
vt 0.862906 0.929995
vt 0.864496 0.924994
vt 0.868606 0.930187
vt 0.872347 0.926246
vt 0.874622 0.929789
vt 0.877776 0.925923
vt 0.881140 0.926314
vt 0.850515 0.933950
vt 0.876774 0.920558
vt 0.859938 0.935624
vt 0.801685 0.935428
vt 0.844021 0.935336
vt 0.870783 0.911323
vt 0.868040 0.936842
vt 0.867984 0.908611
vt 0.813530 0.937494
vt 0.724805 0.960591
vt 0.875803 0.935848
vt 0.883989 0.932584
vt 0.729352 0.960115
vt 0.725056 0.966218
vt 0.730712 0.954412
vt 0.734433 0.966275
vt 0.825347 0.941994
vt 0.712550 0.936242
vt 0.738166 0.963206
vt 0.741480 0.968001
vt 0.747723 0.964444
vt 0.749361 0.971272
vt 0.754505 0.968524
vt 0.757940 0.972726
vt 0.763295 0.968500
vt 0.766048 0.971350
vt 0.763418 0.974513
vt 0.770214 0.975209
vt 0.772777 0.969873
vt 0.778861 0.975987
vt 0.781471 0.973833
vt 0.790313 0.977470
vt 0.788626 0.974739
vt 0.794799 0.971900
vt 0.804015 0.975593
vt 0.801005 0.978300
vt 0.812320 0.979512
vt 0.812996 0.973766
vt 0.822487 0.974096
vt 0.763227 0.905767
vt 0.787746 0.937908
vt 0.826095 0.977056
vt 0.819784 0.981055
vt 0.784302 0.967659
vt 0.810327 0.941784
vt 0.837243 0.944979
vt 0.739889 0.943469
vt 0.768234 0.964832
vt 0.730902 0.948320
vt 0.845565 0.942707
vt 0.769342 0.901792
vt 0.737859 0.955660
vt 0.787140 0.899392
vt 0.764362 0.938163
vt 0.831682 0.980070
vt 0.841021 0.976544
vt 0.840234 0.972334
vt 0.847210 0.975461
vt 0.847655 0.970226
vt 0.804112 0.972199
vt 0.824147 0.949610
vt 0.815078 0.948159
vt 0.795197 0.943905
vt 0.853585 0.940586
vt 0.727822 0.911767
vt 0.831660 0.972334
vt 0.737034 0.908277
vt 0.752752 0.958369
vt 0.779074 0.938733
vt 0.821217 0.896794
vt 0.722827 0.922544
vt 0.761040 0.903378
vt 0.857049 0.974205
vt 0.867602 0.971709
vt 0.742069 0.951315
vt 0.862572 0.975925
vt 0.751963 0.904503
vt 0.853289 0.900681
vt 0.867569 0.978118
vt 0.871747 0.974910
vt 0.876017 0.971457
vt 0.870951 0.968460
vt 0.828036 0.953405
vt 0.811439 0.969719
vt 0.714485 0.929813
vt 0.864878 0.904703
vt 0.831926 0.896084
vt 0.809075 0.981952
vt 0.882139 0.939322
vt 0.865281 0.964786
vt 0.823984 0.954875
vt 0.843036 0.898379
vt 0.857893 0.966522
vt 0.878910 0.963499
vt 0.708999 0.933736
vt 0.876054 0.940870
vt 0.749767 0.945710
vt 0.870220 0.942490
vt 0.887705 0.939645
vt 0.709598 0.943113
vt 0.717771 0.919632
vt 0.722681 0.915401
vt 0.785106 0.964310
vt 0.768774 0.961647
vt 0.797434 0.966657
vt 0.873076 0.960664
vt 0.877339 0.958982
vt 0.839070 0.969009
vt 0.861024 0.901468
vt 0.763008 0.952444
vt 0.778052 0.943590
vt 0.844030 0.979850
vt 0.855046 0.978446
vt 0.847744 0.965353
vt 0.838587 0.950366
vt 0.882345 0.968350
vt 0.777793 0.957787
vt 0.812772 0.954379
vt 0.805088 0.949844
vt 0.825558 0.984636
vt 0.798320 0.982228
vt 0.763185 0.945645
vt 0.778810 0.949056
vt 0.707867 0.925726
vt 0.827991 0.957986
vt 0.850044 0.947671
vt 0.862554 0.944227
vt 0.789989 0.980132
vt 0.782406 0.982463
vt 0.828303 0.970246
vt 0.874724 0.905110
vt 0.852667 0.981831
vt 0.790035 0.960716
vt 0.798971 0.958000
vt 0.878359 0.914068
vt 0.880625 0.908467
vt 0.822502 0.959404
vt 0.705622 0.934771
vt 0.886821 0.927933
vt 0.884346 0.924432
vt 0.886341 0.921368
vt 0.878061 0.952673
vt 0.876512 0.976885
vt 0.871282 0.980287
vt 0.864106 0.960447
vt 0.715069 0.914655
vt 0.709592 0.951329
vt 0.873607 0.952280
vt 0.884386 0.958298
vt 0.835791 0.965391
vt 0.739811 0.973201
vt 0.703785 0.918710
vt 0.884553 0.973806
vt 0.700733 0.925799
vt 0.882737 0.952200
vt 0.888467 0.963350
vt 0.806591 0.961681
vt 0.898365 0.934829
vt 0.893752 0.942576
vt 0.899459 0.922242
vt 0.906645 0.932865
vt 0.911002 0.928618
vt 0.911930 0.937776
vt 0.930687 0.930355
vt 0.925932 0.942039
vt 0.918431 0.946846
vt 0.929360 0.920673
vt 0.942209 0.925028
vt 0.939572 0.933263
vt 0.946429 0.934762
vt 0.946650 0.927701
vt 0.933527 0.948048
vt 0.946937 0.945514
vt 0.949785 0.940177
vt 0.950092 0.948326
vt 0.949499 0.927348
vt 0.945863 0.917428
vt 0.950628 0.954919
vt 0.947820 0.953106
vt 0.937428 0.956608
vt 0.941754 0.910091
vt 0.932530 0.913508
vt 0.930218 0.906778
vt 0.923012 0.955211
vt 0.949868 0.962694
vt 0.930530 0.958686
vt 0.945448 0.905700
vt 0.940056 0.965652
vt 0.912011 0.915695
vt 0.919066 0.904191
vt 0.904520 0.916096
vt 0.915338 0.955056
vt 0.909391 0.901637
vt 0.921364 0.962202
vt 0.941370 0.901311
vt 0.950815 0.969826
vt 0.931123 0.966728
vt 0.911422 0.894813
vt 0.915935 0.961899
vt 0.945546 0.896661
vt 0.932237 0.897537
vt 0.920946 0.895508
vt 0.906008 0.944620
vt 0.954444 0.962841
vt 0.909807 0.949129
vt 0.896756 0.918588
vt 0.892494 0.915981
vt 0.943463 0.975003
vt 0.934709 0.971021
vt 0.941926 0.889874
vt 0.920223 0.967178
vt 0.944757 0.887834
vt 0.888121 0.970556
vt 0.948328 0.907841
vt 0.949360 0.920359
vt 0.912281 0.889221
vt 0.935337 0.891154
vt 0.901251 0.890987
vt 0.920029 0.886953
vt 0.948345 0.896072
vt 0.927939 0.884853
vt 0.909305 0.958039
vt 0.923462 0.972476
vt 0.892416 0.899673
vt 0.896469 0.901867
vt 0.891406 0.892244
vt 0.890584 0.887003
vt 0.898676 0.886411
vt 0.899020 0.906802
vt 0.886951 0.898015
vt 0.953408 0.948714
vt 0.886758 0.911401
vt 0.955619 0.971123
vt 0.912194 0.969315
vt 0.909820 0.964515
vt 0.938703 0.885640
vt 0.908990 0.880955
vt 0.947435 0.883558
vt 0.924208 0.875768
vt 0.887737 0.952715
vt 0.915853 0.971989
vt 0.894131 0.955868
vt 0.936665 0.877102
vt 0.900018 0.952127
vt 0.903634 0.956482
vt 0.897284 0.965231
vt 0.899266 0.877667
vt 0.891556 0.974954
vt 0.715004 0.959937
vt 0.882082 0.947096
vt 0.876534 0.945696
vt 0.895791 0.969214
vt 0.952273 0.980455
vt 0.955324 0.984636
vt 0.911230 0.974774
vt 0.812500 0.964974
vt 0.903425 0.969598
vt 0.898907 0.973838
vt 0.819717 0.966212
vt 0.705332 0.945855
vt 0.845743 0.959895
vt 0.854063 0.959181
vt 0.866622 0.954162
vt 0.839833 0.953222
vt 0.823633 0.967624
vt 0.856362 0.949185
vt 0.829239 0.965779
vt 0.866062 0.947689
vt 0.856743 0.606085
vt 0.858968 0.607120
vt 0.859468 0.594700
vt 0.856436 0.600044
vt 0.856741 0.613473
vt 0.856937 0.589912
vt 0.859591 0.585945
vt 0.849810 0.611731
vt 0.850724 0.621027
vt 0.850625 0.631017
vt 0.849823 0.602930
vt 0.848255 0.608579
vt 0.851220 0.592588
vt 0.857001 0.584251
vt 0.858933 0.577193
vt 0.857168 0.574582
vt 0.850092 0.586070
vt 0.856543 0.570268
vt 0.860219 0.573294
vt 0.847142 0.613727
vt 0.847400 0.598231
vt 0.847182 0.624363
vt 0.860925 0.567012
vt 0.848501 0.635312
vt 0.857824 0.622078
vt 0.856069 0.628318
vt 0.854394 0.636804
vt 0.848711 0.645071
vt 0.853329 0.569229
vt 0.859296 0.560271
vt 0.862171 0.576375
vt 0.846390 0.607230
vt 0.855881 0.641122
vt 0.851774 0.653473
vt 0.863315 0.581877
vt 0.861548 0.610199
vt 0.863673 0.564820
vt 0.846352 0.653580
vt 0.859665 0.550390
vt 0.862618 0.556562
vt 0.849029 0.663026
vt 0.864653 0.591015
vt 0.843965 0.621506
vt 0.844811 0.636690
vt 0.849077 0.579091
vt 0.843363 0.651747
vt 0.843324 0.662468
vt 0.845032 0.670902
vt 0.859552 0.644102
vt 0.854323 0.660944
vt 0.861654 0.634632
vt 0.845492 0.592268
vt 0.843241 0.607535
vt 0.866802 0.578061
vt 0.847527 0.675195
vt 0.865694 0.605870
vt 0.863949 0.641324
vt 0.868485 0.589572
vt 0.864259 0.620601
vt 0.866698 0.563271
vt 0.866158 0.551678
vt 0.862438 0.654103
vt 0.853221 0.684372
vt 0.853166 0.559143
vt 0.858526 0.540386
vt 0.868485 0.639250
vt 0.945930 0.509404
vt 0.942589 0.512479
vt 0.950956 0.524598
vt 0.954960 0.525107
vt 0.952476 0.505073
vt 0.954335 0.540468
vt 0.958573 0.538492
vt 0.962640 0.536089
vt 0.940367 0.502137
vt 0.934357 0.505646
vt 0.933142 0.495996
vt 0.958666 0.515937
vt 0.962261 0.525873
vt 0.968673 0.532996
vt 0.964351 0.555579
vt 0.941751 0.495192
vt 0.953025 0.491864
vt 0.961008 0.568917
vt 0.960242 0.495799
vt 0.960257 0.500817
vt 0.972170 0.517562
vt 0.965013 0.512724
vt 0.974594 0.520271
vt 0.977340 0.505132
vt 0.973676 0.503686
vt 0.972495 0.485808
vt 0.976329 0.487034
vt 0.975083 0.482700
vt 0.969509 0.483268
vt 0.955209 0.488062
vt 0.940794 0.490431
vt 0.933243 0.487773
vt 0.966042 0.487214
vt 0.923678 0.499004
vt 0.927395 0.508317
vt 0.925044 0.488594
vt 0.971871 0.536663
vt 0.962592 0.485488
vt 0.969052 0.544667
vt 0.979081 0.486778
vt 0.943756 0.486942
vt 0.955287 0.560944
vt 0.958693 0.576785
vt 0.962486 0.590195
vt 0.930129 0.514615
vt 0.936845 0.513976
vt 0.955618 0.593675
vt 0.967688 0.559102
vt 0.921905 0.506882
vt 0.922406 0.513117
vt 0.949981 0.583915
vt 0.945915 0.597182
vt 0.954420 0.603643
vt 0.946724 0.605462
vt 0.942285 0.604977
vt 0.950226 0.623144
vt 0.938098 0.588853
vt 0.934449 0.589605
vt 0.941540 0.589890
vt 0.950614 0.576488
vt 0.966399 0.575305
vt 0.956403 0.612116
vt 0.980246 0.502791
vt 0.936017 0.521501
vt 0.963158 0.600391
vt 0.978691 0.519749
vt 0.944226 0.522637
vt 0.946653 0.538693
vt 0.949315 0.543254
vt 0.941150 0.579793
vt 0.958745 0.631716
vt 0.947804 0.630550
vt 0.955202 0.651246
vt 0.960423 0.649697
vt 0.939319 0.607600
vt 0.941308 0.618672
vt 0.950728 0.653147
vt 0.951017 0.562071
vt 0.948903 0.550078
vt 0.911169 0.487408
vt 0.914489 0.498068
vt 0.957237 0.668527
vt 0.927580 0.486331
vt 0.968058 0.587861
vt 0.963882 0.661808
vt 0.967916 0.685908
vt 0.960559 0.682874
vt 0.963514 0.696940
vt 0.970478 0.696402
vt 0.949882 0.662537
vt 0.951877 0.675683
vt 0.957813 0.689128
vt 0.934717 0.581271
vt 0.964302 0.615438
vt 0.965620 0.647322
vt 0.975141 0.682016
vt 0.929842 0.584418
vt 0.973996 0.670983
vt 0.925848 0.483657
vt 0.971596 0.635368
vt 0.967094 0.624784
vt 0.975814 0.648768
vt 0.931866 0.599574
vt 0.980765 0.481563
vt 0.970310 0.652857
vt 0.979058 0.658392
vt 0.977056 0.690737
vt 0.972607 0.546179
vt 0.979730 0.527808
vt 0.966228 0.714047
vt 0.979345 0.645272
vt 0.970329 0.599904
vt 0.957140 0.484287
vt 0.972971 0.712611
vt 0.935408 0.571205
vt 0.931583 0.573273
vt 0.929906 0.567119
vt 0.924390 0.563553
vt 0.926659 0.572068
vt 0.929358 0.562931
vt 0.928553 0.558098
vt 0.923553 0.556295
vt 0.922450 0.563033
vt 0.972278 0.561488
vt 0.975114 0.628994
vt 0.928080 0.549142
vt 0.973232 0.617545
vt 0.946746 0.577020
vt 0.978816 0.669744
vt 0.934945 0.563416
vt 0.973219 0.583609
vt 0.946084 0.565065
vt 0.934180 0.557522
vt 0.978850 0.702019
vt 0.940041 0.570224
vt 0.983306 0.492801
vt 0.982271 0.683038
vt 0.932501 0.547234
vt 0.938663 0.540701
vt 0.936270 0.533636
vt 0.942519 0.548781
vt 0.944637 0.556502
vt 0.982344 0.692177
vt 0.979108 0.713667
vt 0.933540 0.532256
vt 0.923297 0.549429
vt 0.973644 0.723891
vt 0.936188 0.485268
vt 0.931099 0.483817
vt 0.968131 0.728967
vt 0.921519 0.569506
vt 0.927163 0.540154
vt 0.978951 0.725525
vt 0.961122 0.730071
vt 0.961466 0.739683
vt 0.959981 0.724767
vt 0.960419 0.711354
vt 0.968757 0.739944
vt 0.975324 0.738841
vt 0.983306 0.724270
vt 0.917863 0.558341
vt 0.945140 0.638219
vt 0.929642 0.526735
vt 0.923492 0.519518
vt 0.956629 0.695601
vt 0.963063 0.745411
vt 0.919229 0.485080
vt 0.915051 0.483141
vt 0.922529 0.541515
vt 0.917905 0.550233
vt 0.908850 0.483897
vt 0.969556 0.749192
vt 0.907573 0.499324
vt 0.913671 0.505352
vt 0.912219 0.509706
vt 0.963332 0.751700
vt 0.920959 0.483285
vt 0.922007 0.531348
vt 0.916614 0.539897
vt 0.969228 0.757243
vt 0.915568 0.513931
vt 0.916827 0.520144
vt 0.745401 0.603480
vt 0.748536 0.607080
vt 0.753909 0.602872
vt 0.744745 0.611513
vt 0.737160 0.607340
vt 0.741646 0.614072
vt 0.734187 0.610984
vt 0.750911 0.616372
vt 0.755431 0.612063
vt 0.737190 0.603315
vt 0.739103 0.598332
vt 0.759690 0.618307
vt 0.761467 0.614470
vt 0.769316 0.617346
vt 0.768423 0.625189
vt 0.762359 0.609721
vt 0.775093 0.622422
vt 0.772649 0.612482
vt 0.758628 0.629725
vt 0.731105 0.605874
vt 0.729934 0.609893
vt 0.748058 0.627443
vt 0.755140 0.619912
vt 0.747259 0.620435
vt 0.766109 0.632492
vt 0.741456 0.619711
vt 0.747807 0.633633
vt 0.740016 0.628365
vt 0.763703 0.640304
vt 0.757645 0.638273
vt 0.775862 0.638486
vt 0.778543 0.633902
vt 0.752672 0.645353
vt 0.772772 0.643997
vt 0.745798 0.641935
vt 0.735666 0.618666
vt 0.730538 0.613464
vt 0.738130 0.636994
vt 0.761818 0.647592
vt 0.724849 0.607574
vt 0.723575 0.620265
vt 0.731756 0.630630
vt 0.745170 0.653602
vt 0.737767 0.647520
vt 0.719802 0.611240
vt 0.725029 0.611999
vt 0.774114 0.650421
vt 0.752092 0.655098
vt 0.725301 0.617781
vt 0.725095 0.632253
vt 0.731735 0.639950
vt 0.738074 0.658028
vt 0.763031 0.652028
vt 0.759730 0.658282
vt 0.716275 0.617140
vt 0.716507 0.621642
vt 0.718483 0.631960
vt 0.737452 0.665849
vt 0.743962 0.666829
vt 0.749547 0.667291
vt 0.730876 0.655550
vt 0.723844 0.644671
vt 0.717061 0.643716
vt 0.730834 0.664482
vt 0.709137 0.616302
vt 0.706790 0.627152
vt 0.702945 0.618968
vt 0.714405 0.608165
vt 0.705929 0.633870
vt 0.706601 0.642201
vt 0.716479 0.651164
vt 0.719754 0.656429
vt 0.724915 0.655128
vt 0.699197 0.638274
vt 0.706222 0.648144
vt 0.698953 0.628491
vt 0.702926 0.614239
vt 0.729815 0.672398
vt 0.712863 0.612086
vt 0.736313 0.681358
vt 0.742980 0.678576
vt 0.724113 0.663177
vt 0.698934 0.648794
vt 0.707370 0.609206
vt 0.729644 0.683703
vt 0.773188 0.657578
vt 0.707998 0.654895
vt 0.723777 0.674068
vt 0.723590 0.684043
vt 0.696929 0.657910
vt 0.691565 0.643027
vt 0.718173 0.664335
vt 0.691397 0.632635
vt 0.693550 0.619222
vt 0.693457 0.615695
vt 0.700169 0.611074
vt 0.690223 0.656755
vt 0.781675 0.650517
vt 0.684239 0.624010
vt 0.682363 0.636541
vt 0.683703 0.615759
vt 0.683743 0.644462
vt 0.689281 0.614198
vt 0.679846 0.631035
vt 0.784297 0.646486
vt 0.676991 0.622512
vt 0.776761 0.614859
vt 0.756966 0.598334
vt 0.750389 0.599915
vt 0.766580 0.607389
vt 0.767149 0.603200
vt 0.703265 0.717187
vt 0.709043 0.720769
vt 0.705867 0.700373
vt 0.712120 0.699446
vt 0.707524 0.693594
vt 0.715261 0.694235
vt 0.708808 0.688065
vt 0.711898 0.682993
vt 0.704682 0.736963
vt 0.698964 0.734832
vt 0.695271 0.748564
vt 0.701154 0.752414
vt 0.694552 0.757736
vt 0.717343 0.690828
vt 0.717576 0.680767
vt 0.714749 0.671819
vt 0.703522 0.704407
vt 0.708712 0.727810
vt 0.711655 0.714729
vt 0.716065 0.701995
vt 0.707420 0.737284
vt 0.699631 0.721889
vt 0.701458 0.712854
vt 0.695419 0.766151
vt 0.695538 0.774795
vt 0.699132 0.770070
vt 0.709555 0.681824
vt 0.696496 0.787015
vt 0.694643 0.742891
vt 0.702142 0.764172
vt 0.706961 0.744624
vt 0.706187 0.752197
vt 0.719066 0.674444
vt 0.703361 0.698562
vt 0.695543 0.734054
vt 0.713562 0.722672
vt 0.699863 0.789652
vt 0.696738 0.798304
vt 0.715728 0.711196
vt 0.702200 0.778637
vt 0.705089 0.691650
vt 0.691861 0.746226
vt 0.700755 0.803137
vt 0.712803 0.733945
vt 0.697143 0.811291
vt 0.711207 0.673549
vt 0.712852 0.664773
vt 0.705722 0.764888
vt 0.686215 0.764046
vt 0.685586 0.758799
vt 0.677153 0.758726
vt 0.683453 0.750757
vt 0.690737 0.780908
vt 0.688152 0.772990
vt 0.687972 0.786719
vt 0.682222 0.773962
vt 0.676039 0.775300
vt 0.678404 0.785314
vt 0.689517 0.796174
vt 0.683801 0.801669
vt 0.689672 0.809983
vt 0.692577 0.788407
vt 0.700967 0.707559
vt 0.694740 0.729352
vt 0.697915 0.716743
vt 0.671589 0.756402
vt 0.673639 0.748629
vt 0.677683 0.736747
vt 0.674722 0.720875
vt 0.723172 0.693168
vt 0.704888 0.788866
vt 0.706978 0.682843
vt 0.705477 0.779967
vt 0.683454 0.740112
vt 0.683721 0.725067
vt 0.692906 0.810567
vt 0.678272 0.714180
vt 0.684350 0.706713
vt 0.679447 0.701349
vt 0.712826 0.749946
vt 0.684957 0.693841
vt 0.682670 0.690156
vt 0.680451 0.688849
vt 0.682974 0.679436
vt 0.687421 0.677305
vt 0.689005 0.667356
vt 0.711889 0.763341
vt 0.687624 0.740181
vt 0.720438 0.720097
vt 0.682286 0.663014
vt 0.691397 0.817996
vt 0.695172 0.664207
vt 0.698006 0.825106
vt 0.694613 0.672812
vt 0.704758 0.663391
vt 0.705724 0.800024
vt 0.704483 0.816455
vt 0.712509 0.781385
vt 0.720260 0.744056
vt 0.729202 0.696842
vt 0.690498 0.828410
vt 0.687167 0.724310
vt 0.692685 0.726875
vt 0.719989 0.763525
vt 0.682918 0.653997
vt 0.696192 0.708181
vt 0.696927 0.698864
vt 0.697218 0.679995
vt 0.728134 0.721050
vt 0.726957 0.739895
vt 0.684544 0.822320
vt 0.676595 0.694920
vt 0.691186 0.683809
vt 0.698608 0.837509
vt 0.713385 0.798888
vt 0.705823 0.829636
vt 0.727511 0.752717
vt 0.719615 0.777633
vt 0.720167 0.789041
vt 0.690256 0.839960
vt 0.683690 0.833146
vt 0.726228 0.766176
vt 0.713400 0.817604
vt 0.705971 0.844203
vt 0.674544 0.702854
vt 0.699234 0.861131
vt 0.690499 0.855591
vt 0.706730 0.854977
vt 0.680050 0.849072
vt 0.679664 0.862215
vt 0.712211 0.835683
vt 0.670397 0.667703
vt 0.681111 0.875539
vt 0.671653 0.777602
vt 0.669823 0.794232
vt 0.678483 0.812855
vt 0.671937 0.658516
vt 0.665427 0.678555
vt 0.668201 0.811794
vt 0.670872 0.841173
vt 0.671803 0.857543
vt 0.669271 0.830556
vt 0.672269 0.873009
vt 0.690287 0.871660
vt 0.671235 0.689452
vt 0.662607 0.690809
vt 0.661460 0.702770
vt 0.667392 0.707965
vt 0.672383 0.716811
vt 0.675021 0.897099
vt 0.673665 0.648430
vt 0.658965 0.724675
vt 0.671386 0.737593
vt 0.683522 0.895548
vt 0.680773 0.899934
vt 0.675471 0.900178
vt 0.686862 0.898697
vt 0.692107 0.895375
vt 0.694493 0.900403
vt 0.700234 0.896519
vt 0.670885 0.900337
vt 0.667346 0.894147
vt 0.700652 0.903718
vt 0.687903 0.901022
vt 0.687892 0.887439
vt 0.698836 0.880736
vt 0.665579 0.898603
vt 0.665308 0.901409
vt 0.662118 0.900875
vt 0.658784 0.898723
vt 0.659985 0.902553
vt 0.660424 0.884094
vt 0.665029 0.871227
vt 0.664886 0.851857
vt 0.707211 0.878546
vt 0.666930 0.725820
vt 0.659308 0.735412
vt 0.662803 0.830842
vt 0.710028 0.897245
vt 0.706220 0.903534
vt 0.708357 0.902802
vt 0.712339 0.879974
vt 0.717092 0.875257
vt 0.715030 0.855145
vt 0.719947 0.900182
vt 0.725055 0.903303
vt 0.708837 0.905619
vt 0.707285 0.904553
vt 0.689956 0.903500
vt 0.731468 0.900437
vt 0.731861 0.902668
vt 0.739242 0.901472
vt 0.735825 0.897823
vt 0.725289 0.895089
vt 0.723828 0.875989
vt 0.725507 0.904354
vt 0.653330 0.898478
vt 0.655515 0.901827
vt 0.652687 0.902695
vt 0.664534 0.744604
vt 0.659053 0.754952
vt 0.666047 0.755972
vt 0.665632 0.774190
vt 0.658368 0.777742
vt 0.663853 0.790775
vt 0.659289 0.800891
vt 0.664897 0.665199
vt 0.659544 0.847886
vt 0.655355 0.885782
vt 0.658343 0.869234
vt 0.655092 0.701819
vt 0.657283 0.690261
vt 0.659538 0.678445
vt 0.666177 0.655393
vt 0.672859 0.635265
vt 0.672297 0.627542
vt 0.764432 0.767433
vt 0.766368 0.761554
vt 0.763861 0.756747
vt 0.766749 0.749250
vt 0.768447 0.768636
vt 0.768481 0.781796
vt 0.765388 0.777377
vt 0.765731 0.789053
vt 0.764732 0.750485
vt 0.763341 0.741875
vt 0.765081 0.731725
vt 0.762254 0.728037
vt 0.769216 0.728624
vt 0.768088 0.797910
vt 0.764939 0.797921
vt 0.766313 0.806184
vt 0.768808 0.810482
vt 0.765443 0.813745
vt 0.768153 0.823766
vt 0.765030 0.823831
vt 0.767255 0.834384
vt 0.765200 0.833617
vt 0.767553 0.845757
vt 0.764393 0.721351
vt 0.767910 0.712676
vt 0.765917 0.706036
vt 0.776746 0.720209
vt 0.770523 0.698587
vt 0.782179 0.709779
vt 0.784408 0.726811
vt 0.783720 0.739495
vt 0.776540 0.735545
vt 0.778096 0.749436
vt 0.786426 0.757438
vt 0.779282 0.761140
vt 0.787421 0.771501
vt 0.782352 0.780891
vt 0.788647 0.788833
vt 0.770307 0.841995
vt 0.782760 0.798585
vt 0.788628 0.802905
vt 0.787560 0.813562
vt 0.772140 0.856940
vt 0.768604 0.863511
vt 0.776167 0.878545
vt 0.770030 0.882237
vt 0.771182 0.773208
vt 0.779493 0.854112
vt 0.778042 0.842971
vt 0.774855 0.824568
vt 0.780214 0.826227
vt 0.786798 0.836557
vt 0.775732 0.808733
vt 0.773131 0.785670
vt 0.778350 0.797700
vt 0.786398 0.848218
vt 0.781654 0.873868
vt 0.777443 0.889001
vt 0.770022 0.890076
vt 0.765085 0.872675
vt 0.765661 0.864970
vt 0.776796 0.894603
vt 0.765963 0.856510
vt 0.767886 0.894258
vt 0.765767 0.883052
vt 0.794441 0.778849
vt 0.793413 0.793182
vt 0.784202 0.701906
vt 0.770390 0.686037
vt 0.783653 0.890708
vt 0.786207 0.862615
vt 0.792067 0.830104
vt 0.792869 0.815415
vt 0.781474 0.896561
vt 0.791038 0.848006
vt 0.790194 0.749036
vt 0.787359 0.880777
vt 0.763896 0.845716
vt 0.793951 0.763063
vt 0.782138 0.687810
vt 0.770281 0.672688
vt 0.766514 0.693493
vt 0.789609 0.708925
vt 0.762049 0.810498
vt 0.757137 0.891328
vt 0.761707 0.894636
vt 0.762214 0.712775
vt 0.793653 0.850836
vt 0.753108 0.896595
vt 0.751300 0.894086
vt 0.745178 0.896267
vt 0.741602 0.890827
vt 0.733060 0.895204
vt 0.748382 0.887206
vt 0.752175 0.878320
vt 0.741370 0.899559
vt 0.736351 0.873859
vt 0.743725 0.859710
vt 0.734137 0.851075
vt 0.727285 0.861361
vt 0.725909 0.835169
vt 0.721822 0.850163
vt 0.726549 0.810408
vt 0.736221 0.836390
vt 0.744974 0.846377
vt 0.732885 0.803244
vt 0.726341 0.794067
vt 0.732800 0.783692
vt 0.726077 0.780256
vt 0.732291 0.770247
vt 0.737557 0.773169
vt 0.733726 0.759297
vt 0.740247 0.758420
vt 0.737014 0.746797
vt 0.794952 0.837711
vt 0.795260 0.816412
vt 0.737526 0.788026
vt 0.742180 0.828153
vt 0.787709 0.727910
vt 0.741298 0.740520
vt 0.795796 0.796572
vt 0.740844 0.726365
vt 0.760123 0.882079
vt 0.763018 0.862356
vt 0.761228 0.699866
vt 0.749859 0.862242
vt 0.740611 0.773867
vt 0.740673 0.785714
vt 0.749890 0.848037
vt 0.796077 0.719849
vt 0.794354 0.736642
vt 0.797999 0.756610
vt 0.800063 0.749087
vt 0.799796 0.731491
vt 0.763554 0.779395
vt 0.756127 0.874807
vt 0.762491 0.680317
vt 0.788884 0.696888
vt 0.787625 0.894325
vt 0.733178 0.742656
vt 0.740863 0.811640
vt 0.792131 0.891737
vt 0.762778 0.790910
vt 0.799307 0.772875
vt 0.761334 0.825923
vt 0.747236 0.824443
vt 0.781217 0.675387
vt 0.734469 0.726200
vt 0.742486 0.712362
vt 0.742594 0.702453
vt 0.746549 0.700911
vt 0.746210 0.727129
vt 0.747234 0.713160
vt 0.746523 0.685000
vt 0.743058 0.686843
vt 0.794077 0.868151
vt 0.756478 0.691827
vt 0.752148 0.686173
vt 0.761157 0.766076
vt 0.803578 0.756750
vt 0.736137 0.696080
vt 0.762167 0.798455
vt 0.754822 0.676371
vt 0.745816 0.749135
vt 0.762440 0.668207
vt 0.760454 0.723374
vt 0.759107 0.869894
vt 0.768772 0.661970
vt 0.792420 0.702593
vt 0.794232 0.885676
vt 0.752461 0.846381
vt 0.798942 0.803863
vt 0.798110 0.850017
vt 0.745230 0.768796
vt 0.797796 0.715077
vt 0.753476 0.669555
vt 0.752246 0.698423
vt 0.718948 0.824700
vt 0.799574 0.839284
vt 0.800352 0.815240
vt 0.720590 0.805824
vt 0.745393 0.807261
vt 0.750816 0.826912
vt 0.782302 0.668163
vt 0.786257 0.675501
vt 0.756995 0.704423
vt 0.746256 0.784079
vt 0.760866 0.841893
vt 0.804587 0.743037
vt 0.799757 0.869134
vt 0.716131 0.842967
vt 0.802288 0.789692
vt 0.796246 0.895342
vt 0.803432 0.731077
vt 0.760203 0.754031
vt 0.759763 0.854090
vt 0.754495 0.841956
vt 0.803138 0.886793
vt 0.800131 0.891497
vt 0.807420 0.891186
vt 0.812453 0.886001
vt 0.814145 0.890293
vt 0.821911 0.889602
vt 0.822074 0.885716
vt 0.816664 0.873655
vt 0.825772 0.871409
vt 0.817565 0.864459
vt 0.827998 0.865617
vt 0.816239 0.843898
vt 0.825368 0.847190
vt 0.827215 0.844356
vt 0.815323 0.835847
vt 0.818782 0.823857
vt 0.810180 0.866925
vt 0.829838 0.877877
vt 0.827533 0.888684
vt 0.824828 0.819885
vt 0.809849 0.840424
vt 0.805154 0.867508
vt 0.810862 0.820681
vt 0.817820 0.803740
vt 0.829434 0.890810
vt 0.748996 0.806260
vt 0.830056 0.840631
vt 0.806654 0.718834
vt 0.832469 0.848926
vt 0.753994 0.708066
vt 0.749551 0.726726
vt 0.760352 0.743889
vt 0.794624 0.688803
vt 0.800914 0.685606
vt 0.801794 0.705318
vt 0.802851 0.702785
vt 0.808510 0.696885
vt 0.811804 0.707876
vt 0.815261 0.720688
vt 0.808967 0.728022
vt 0.816535 0.729910
vt 0.815168 0.742174
vt 0.797481 0.677240
vt 0.791150 0.668357
vt 0.811185 0.808925
vt 0.782836 0.660160
vt 0.805440 0.781994
vt 0.759675 0.731265
vt 0.774657 0.897969
vt 0.832922 0.867129
vt 0.822706 0.735937
vt 0.826605 0.746976
vt 0.827357 0.765074
vt 0.822134 0.765022
vt 0.826001 0.780585
vt 0.813436 0.771035
vt 0.815599 0.785079
vt 0.814304 0.757665
vt 0.828618 0.801516
vt 0.803450 0.833807
vt 0.827799 0.811727
vt 0.830919 0.781189
vt 0.833209 0.803908
vt 0.834283 0.819982
vt 0.828585 0.819735
vt 0.748670 0.747571
vt 0.832311 0.764177
vt 0.758010 0.819229
vt 0.802384 0.894493
vt 0.766264 0.898083
vt 0.761684 0.898657
vt 0.757025 0.899058
vt 0.748711 0.766743
vt 0.734965 0.710621
vt 0.820774 0.892577
vt 0.758195 0.800374
vt 0.748708 0.899748
vt 0.831953 0.889594
vt 0.834283 0.884326
vt 0.788473 0.897042
vt 0.752630 0.808149
vt 0.790761 0.656675
vt 0.796503 0.666664
vt 0.750140 0.783934
vt 0.759335 0.786220
vt 0.752998 0.724258
vt 0.752685 0.743340
vt 0.751614 0.757226
vt 0.757827 0.765065
vt 0.752554 0.768665
vt 0.808625 0.897595
vt 0.601161 0.555814
vt 0.599290 0.542142
vt 0.596713 0.552798
vt 0.596688 0.546521
vt 0.601413 0.565017
vt 0.596528 0.560693
vt 0.602199 0.545934
vt 0.596583 0.567153
vt 0.596498 0.574782
vt 0.599187 0.580330
vt 0.602199 0.577863
vt 0.601402 0.589700
vt 0.596711 0.585350
vt 0.596691 0.592032
vt 0.600994 0.601569
vt 0.596597 0.598466
vt 0.596882 0.603128
vt 0.597159 0.611241
vt 0.601253 0.612279
vt 0.597723 0.616842
vt 0.600818 0.624414
vt 0.596695 0.616499
vt 0.598756 0.628183
vt 0.708377 0.499850
vt 0.708477 0.487192
vt 0.704282 0.493499
vt 0.706991 0.480528
vt 0.703990 0.484702
vt 0.704032 0.510134
vt 0.708411 0.510538
vt 0.704248 0.472591
vt 0.708795 0.472309
vt 0.708876 0.462248
vt 0.704568 0.462460
vt 0.704103 0.516285
vt 0.708579 0.527379
vt 0.704402 0.527024
vt 0.704321 0.533844
vt 0.708876 0.543201
vt 0.704618 0.546532
vt 0.792326 0.173259
vt 0.786151 0.170988
vt 0.793551 0.168130
vt 0.802385 0.173398
vt 0.803618 0.168535
vt 0.813595 0.170338
vt 0.815283 0.173308
vt 0.828475 0.168525
vt 0.831870 0.173034
vt 0.815388 0.168141
vt 0.838355 0.168571
vt 0.776150 0.168205
vt 0.775651 0.173308
vt 0.753714 0.353244
vt 0.748648 0.356463
vt 0.754748 0.367148
vt 0.759500 0.363847
vt 0.745822 0.347590
vt 0.752039 0.377966
vt 0.759307 0.378835
vt 0.762338 0.370766
vt 0.766047 0.385306
vt 0.756710 0.355528
vt 0.746001 0.368864
vt 0.736702 0.345021
vt 0.762562 0.390011
vt 0.755528 0.389203
vt 0.752980 0.346662
vt 0.746660 0.337307
vt 0.742797 0.339736
vt 0.761151 0.399538
vt 0.739755 0.327869
vt 0.734888 0.329653
vt 0.774434 0.412592
vt 0.774301 0.401035
vt 0.767852 0.410530
vt 0.743663 0.373105
vt 0.778725 0.403941
vt 0.784205 0.419174
vt 0.734760 0.307428
vt 0.776623 0.423950
vt 0.754623 0.393807
vt 0.731946 0.328979
vt 0.770218 0.386094
vt 0.765378 0.373080
vt 0.725008 0.298514
vt 0.742796 0.324017
vt 0.761647 0.407834
vt 0.748024 0.332741
vt 0.751861 0.340141
vt 0.783832 0.437290
vt 0.762358 0.364522
vt 0.730368 0.344206
vt 0.727471 0.291435
vt 0.725688 0.282773
vt 0.789888 0.437672
vt 0.744607 0.381723
vt 0.736782 0.302858
vt 0.726583 0.328846
vt 0.725262 0.313370
vt 0.719783 0.287617
vt 0.723030 0.277804
vt 0.739543 0.370820
vt 0.793337 0.445255
vt 0.755377 0.402242
vt 0.789859 0.420927
vt 0.771106 0.424528
vt 0.773356 0.429777
vt 0.797494 0.441956
vt 0.745076 0.321353
vt 0.762353 0.416578
vt 0.717308 0.270759
vt 0.718242 0.296513
vt 0.772833 0.384705
vt 0.768515 0.375098
vt 0.722743 0.328301
vt 0.779513 0.439552
vt 0.783446 0.446154
vt 0.735211 0.368072
vt 0.801661 0.456491
vt 0.806221 0.450599
vt 0.732199 0.283716
vt 0.740415 0.380481
vt 0.725755 0.353904
vt 0.777579 0.394743
vt 0.721764 0.269897
vt 0.756927 0.351170
vt 0.748024 0.398088
vt 0.754753 0.408594
vt 0.799061 0.433181
vt 0.807856 0.441226
vt 0.816946 0.450263
vt 0.714798 0.296564
vt 0.711227 0.277220
vt 0.707433 0.265434
vt 0.716085 0.310384
vt 0.717534 0.328747
vt 0.726212 0.364849
vt 0.750043 0.330493
vt 0.738988 0.299121
vt 0.716457 0.250191
vt 0.710919 0.251959
vt 0.811335 0.456752
vt 0.787231 0.454568
vt 0.726687 0.264438
vt 0.727172 0.246324
vt 0.781829 0.404077
vt 0.787556 0.411428
vt 0.792559 0.421753
vt 0.823582 0.454748
vt 0.743147 0.309743
vt 0.730659 0.264822
vt 0.773011 0.439352
vt 0.765774 0.432047
vt 0.722968 0.356248
vt 0.824350 0.439648
vt 0.830359 0.444081
vt 0.815675 0.443832
vt 0.817933 0.429426
vt 0.807484 0.434447
vt 0.821220 0.421541
vt 0.814189 0.422588
vt 0.814859 0.408603
vt 0.809991 0.412771
vt 0.803195 0.400521
vt 0.810028 0.399228
vt 0.814361 0.397672
vt 0.804569 0.391077
vt 0.805123 0.382484
vt 0.799412 0.378895
vt 0.798168 0.361142
vt 0.794121 0.358251
vt 0.789872 0.362485
vt 0.781802 0.344147
vt 0.788774 0.342068
vt 0.781658 0.329935
vt 0.798056 0.387755
vt 0.793269 0.381417
vt 0.733388 0.381572
vt 0.740768 0.389656
vt 0.778126 0.330680
vt 0.773418 0.321721
vt 0.772057 0.311483
vt 0.762187 0.300641
vt 0.774136 0.310005
vt 0.765786 0.297135
vt 0.761708 0.289978
vt 0.758184 0.294385
vt 0.747324 0.320171
vt 0.752296 0.330911
vt 0.744525 0.400050
vt 0.708947 0.299454
vt 0.712938 0.328705
vt 0.735907 0.256712
vt 0.736305 0.242867
vt 0.750274 0.273341
vt 0.755520 0.268784
vt 0.749135 0.258763
vt 0.743183 0.262325
vt 0.741864 0.248107
vt 0.738731 0.284672
vt 0.805135 0.428741
vt 0.705004 0.279925
vt 0.776125 0.386384
vt 0.761432 0.357735
vt 0.763635 0.312775
vt 0.739902 0.266688
vt 0.752118 0.290648
vt 0.781155 0.355938
vt 0.768231 0.370265
vt 0.727194 0.374735
vt 0.742323 0.242918
vt 0.732622 0.241310
vt 0.736428 0.238443
vt 0.749456 0.409650
vt 0.779226 0.451455
vt 0.703699 0.254607
vt 0.739043 0.392910
vt 0.807712 0.420561
vt 0.714103 0.347757
vt 0.755864 0.418858
vt 0.786741 0.365572
vt 0.778488 0.345487
vt 0.735706 0.272773
vt 0.799216 0.408324
vt 0.795833 0.397337
vt 0.769783 0.326066
vt 0.754188 0.338484
vt 0.704845 0.304739
vt 0.760017 0.428968
vt 0.791888 0.462124
vt 0.717056 0.245329
vt 0.725226 0.242805
vt 0.706889 0.333313
vt 0.745270 0.239518
vt 0.785250 0.403752
vt 0.721895 0.367517
vt 0.703413 0.251330
vt 0.742752 0.278549
vt 0.714982 0.358120
vt 0.756896 0.303029
vt 0.797950 0.419382
vt 0.710733 0.247467
vt 0.698572 0.279763
vt 0.743416 0.299305
vt 0.811128 0.472221
vt 0.798549 0.468561
vt 0.786478 0.379430
vt 0.696305 0.257293
vt 0.693419 0.254021
vt 0.792366 0.397091
vt 0.699575 0.307345
vt 0.758116 0.348413
vt 0.773023 0.345380
vt 0.820870 0.466635
vt 0.777446 0.361176
vt 0.780114 0.381447
vt 0.696863 0.296484
vt 0.762032 0.327706
vt 0.698437 0.323563
vt 0.757859 0.317521
vt 0.706490 0.353005
vt 0.829489 0.454454
vt 0.698224 0.335703
vt 0.689759 0.259262
vt 0.692570 0.279662
vt 0.749411 0.315083
vt 0.769109 0.348752
vt 0.827650 0.469438
vt 0.746876 0.294902
vt 0.692797 0.308912
vt 0.752750 0.308334
vt 0.689332 0.307607
vt 0.701567 0.249990
vt 0.833946 0.465688
vt 0.761680 0.345870
vt 0.836518 0.453441
vt 0.847028 0.312209
vt 0.837813 0.319298
vt 0.844782 0.321974
vt 0.839307 0.313724
vt 0.831120 0.308683
vt 0.832260 0.302076
vt 0.828451 0.292976
vt 0.820702 0.286555
vt 0.825141 0.283536
vt 0.818062 0.277203
vt 0.825685 0.277480
vt 0.829943 0.310309
vt 0.832744 0.289239
vt 0.832011 0.280575
vt 0.844283 0.291508
vt 0.842583 0.296032
vt 0.845942 0.295302
vt 0.846772 0.303994
vt 0.837641 0.279755
vt 0.846208 0.329667
vt 0.822810 0.268491
vt 0.815512 0.265906
vt 0.831472 0.269790
vt 0.849657 0.292088
vt 0.846228 0.286578
vt 0.822263 0.296311
vt 0.814910 0.285006
vt 0.811414 0.271193
vt 0.839668 0.275212
vt 0.812672 0.297493
vt 0.806398 0.286337
vt 0.820155 0.310961
vt 0.805951 0.295362
vt 0.806729 0.311030
vt 0.814790 0.307572
vt 0.818471 0.321098
vt 0.812120 0.324845
vt 0.820378 0.331663
vt 0.825519 0.325288
vt 0.829093 0.335371
vt 0.821798 0.338546
vt 0.828181 0.344849
vt 0.801201 0.292294
vt 0.837515 0.339571
vt 0.836571 0.333252
vt 0.796762 0.280556
vt 0.790910 0.278275
vt 0.789141 0.272947
vt 0.797172 0.275083
vt 0.791130 0.264163
vt 0.784362 0.257241
vt 0.838939 0.348583
vt 0.801898 0.307931
vt 0.806603 0.277751
vt 0.834893 0.359030
vt 0.786487 0.248601
vt 0.783643 0.249576
vt 0.783099 0.235466
vt 0.777568 0.239589
vt 0.777678 0.228577
vt 0.842367 0.348352
vt 0.771897 0.230720
vt 0.848391 0.322096
vt 0.782147 0.258487
vt 0.811110 0.332982
vt 0.825651 0.360448
vt 0.833673 0.369189
vt 0.819724 0.346046
vt 0.829219 0.382762
vt 0.832426 0.384761
vt 0.836620 0.379017
vt 0.837610 0.383334
vt 0.842207 0.372131
vt 0.844335 0.364082
vt 0.796681 0.300844
vt 0.790747 0.285452
vt 0.775107 0.225242
vt 0.769533 0.227533
vt 0.784496 0.222050
vt 0.771623 0.244196
vt 0.766436 0.232763
vt 0.764693 0.229191
vt 0.803222 0.325355
vt 0.786789 0.278184
vt 0.844318 0.382966
vt 0.845717 0.342832
vt 0.786530 0.227269
vt 0.789347 0.223491
vt 0.778194 0.260917
vt 0.762140 0.241464
vt 0.756541 0.235939
vt 0.793772 0.258722
vt 0.831584 0.399945
vt 0.828128 0.394559
vt 0.794417 0.310257
vt 0.782481 0.294943
vt 0.784736 0.309590
vt 0.790278 0.330202
vt 0.793702 0.333103
vt 0.778914 0.302044
vt 0.822647 0.377187
vt 0.816817 0.362072
vt 0.818100 0.388150
vt 0.816469 0.378356
vt 0.803054 0.350879
vt 0.805957 0.343121
vt 0.758924 0.230926
vt 0.768754 0.255961
vt 0.771072 0.294955
vt 0.775693 0.278547
vt 0.755279 0.244186
vt 0.768864 0.281016
vt 0.757267 0.257593
vt 0.753339 0.233054
vt 0.796670 0.345715
vt 0.838413 0.391021
vt 0.835387 0.403022
vt 0.833536 0.411817
vt 0.838199 0.413996
vt 0.842193 0.405308
vt 0.835818 0.423322
vt 0.840430 0.420314
vt 0.837907 0.434113
vt 0.824630 0.410935
vt 0.818357 0.407817
vt 0.830557 0.416099
vt 0.818688 0.397268
vt 0.812727 0.380948
vt 0.807601 0.368595
vt 0.832851 0.428475
vt 0.748364 0.244850
vt 0.763420 0.283034
vt 0.783082 0.327357
vt 0.790756 0.337419
vt 0.745297 0.235572
vt 0.846427 0.390337
vt 0.833719 0.438264
vt 0.845647 0.412446
vt 0.844931 0.419546
vt 0.844188 0.397519
vt 0.829694 0.434404
vt 0.852199 0.295936
vt 0.843086 0.439000
vt 0.845780 0.437090
vt 0.838953 0.441530
vt 0.850663 0.309962
vt 0.820416 0.258101
vt 0.793405 0.228782
vt 0.799958 0.234798
vt 0.810925 0.260510
vt 0.843550 0.275271
vt 0.847544 0.372930
vt 0.849390 0.382236
vt 0.802501 0.265918
vt 0.851427 0.404699
vt 0.802629 0.219139
vt 0.803285 0.216774
vt 0.832896 0.264780
vt 0.851195 0.412184
vt 0.850840 0.285397
vt 0.849439 0.335732
vt 0.811618 0.224088
vt 0.812444 0.230509
vt 0.803122 0.243683
vt 0.816355 0.237835
vt 0.807641 0.247608
vt 0.820840 0.247733
vt 0.818659 0.231045
vt 0.848194 0.361021
vt 0.828948 0.255283
vt 0.851684 0.418458
vt 0.850464 0.427789
vt 0.823022 0.242600
vt 0.791541 0.242581
vt 0.796200 0.253257
vt 0.806380 0.262933
vt 0.840805 0.456400
vt 0.813057 0.214751
vt 0.845046 0.454790
vt 0.841856 0.468524
vt 0.845566 0.467558
vt 0.827827 0.249383
vt 0.849037 0.275979
vt 0.843508 0.270772
vt 0.838733 0.264285
vt 0.837725 0.474098
vt 0.798741 0.214662
vt 0.781037 0.221352
vt 0.773703 0.223017
vt 0.844235 0.477305
vt 0.850089 0.477190
vt 0.845772 0.483156
vt 0.852199 0.484197
vt 0.061733 0.675827
vt 0.054957 0.670488
vt 0.060567 0.668904
vt 0.051734 0.677575
vt 0.051485 0.670295
vt 0.059073 0.685000
vt 0.051775 0.660687
vt 0.061019 0.659779
vt 0.055238 0.657633
vt 0.047382 0.668064
vt 0.052242 0.651157
vt 0.048815 0.656941
vt 0.047414 0.675667
vt 0.061782 0.648058
vt 0.056946 0.647029
vt 0.053840 0.644877
vt 0.064293 0.651501
vt 0.065387 0.661786
vt 0.064744 0.669484
vt 0.052313 0.685240
vt 0.053734 0.697339
vt 0.058797 0.697522
vt 0.063798 0.697833
vt 0.063738 0.704601
vt 0.048716 0.695346
vt 0.047919 0.683579
vt 0.056730 0.706337
vt 0.049746 0.701386
vt 0.046010 0.691720
vt 0.056324 0.711328
vt 0.066304 0.711460
vt 0.068822 0.704725
vt 0.071306 0.708724
vt 0.073705 0.715807
vt 0.068929 0.719216
vt 0.078024 0.722399
vt 0.078493 0.713126
vt 0.085490 0.722156
vt 0.082667 0.712296
vt 0.072765 0.724454
vt 0.087785 0.729329
vt 0.092905 0.725477
vt 0.088756 0.714856
vt 0.098183 0.733498
vt 0.095275 0.719216
vt 0.102095 0.729081
vt 0.104853 0.735592
vt 0.110736 0.733873
vt 0.114983 0.727324
vt 0.105392 0.720124
vt 0.119903 0.734002
vt 0.118728 0.738682
vt 0.128847 0.740794
vt 0.126103 0.745904
vt 0.137251 0.749018
vt 0.139663 0.744365
vt 0.149710 0.752896
vt 0.114773 0.741892
vt 0.143484 0.756868
vt 0.154206 0.759602
vt 0.164447 0.761192
vt 0.073021 0.696745
vt 0.067079 0.692702
vt 0.069820 0.688231
vt 0.065211 0.679307
vt 0.076093 0.703978
vt 0.077138 0.694314
vt 0.079009 0.700044
vt 0.072551 0.690245
vt 0.078369 0.686226
vt 0.082385 0.690853
vt 0.072771 0.681292
vt 0.068395 0.675864
vt 0.077677 0.677826
vt 0.073263 0.674452
vt 0.081448 0.676427
vt 0.083246 0.678904
vt 0.085013 0.703628
vt 0.068154 0.665931
vt 0.079415 0.664985
vt 0.074613 0.666353
vt 0.071427 0.666487
vt 0.082689 0.664461
vt 0.075037 0.654835
vt 0.072001 0.655704
vt 0.067425 0.658526
vt 0.082203 0.652137
vt 0.086949 0.666591
vt 0.088753 0.685439
vt 0.087651 0.677802
vt 0.070447 0.642725
vt 0.087469 0.653500
vt 0.079830 0.636536
vt 0.068111 0.651671
vt 0.074381 0.634530
vt 0.086386 0.635722
vt 0.068777 0.638412
vt 0.082122 0.628291
vt 0.088441 0.694564
vt 0.086268 0.628480
vt 0.090891 0.706312
vt 0.098746 0.692112
vt 0.102842 0.688002
vt 0.113508 0.692059
vt 0.109256 0.696509
vt 0.099933 0.699110
vt 0.108285 0.706795
vt 0.099469 0.711095
vt 0.108129 0.716711
vt 0.115776 0.724040
vt 0.115747 0.715240
vt 0.122958 0.728959
vt 0.129884 0.736798
vt 0.132260 0.732896
vt 0.129477 0.722870
vt 0.127491 0.718239
vt 0.139595 0.739327
vt 0.145980 0.723787
vt 0.141732 0.726786
vt 0.119537 0.712222
vt 0.148864 0.745601
vt 0.149340 0.731637
vt 0.151006 0.749934
vt 0.151111 0.729640
vt 0.163283 0.752009
vt 0.161067 0.755332
vt 0.171714 0.758514
vt 0.187194 0.757461
vt 0.184450 0.762179
vt 0.171422 0.742118
vt 0.185929 0.749431
vt 0.178732 0.741720
vt 0.187068 0.744285
vt 0.196382 0.753329
vt 0.165107 0.743578
vt 0.163702 0.737287
vt 0.156443 0.741430
vt 0.155435 0.735085
vt 0.199027 0.747037
vt 0.204741 0.761442
vt 0.197107 0.765393
vt 0.211833 0.762556
vt 0.210941 0.752221
vt 0.220917 0.759287
vt 0.212237 0.747349
vt 0.227971 0.749987
vt 0.212135 0.770522
vt 0.226164 0.766063
vt 0.233610 0.760241
vt 0.246232 0.753455
vt 0.169727 0.738007
vt 0.254269 0.763589
vt 0.265392 0.755557
vt 0.242926 0.767922
vt 0.153723 0.728987
vt 0.267007 0.766789
vt 0.287150 0.762331
vt 0.241495 0.748461
vt 0.214605 0.742535
vt 0.280539 0.754420
vt 0.202741 0.771065
vt 0.295361 0.762680
vt 0.254975 0.749155
vt 0.299605 0.753780
vt 0.305424 0.765935
vt 0.308819 0.752455
vt 0.311438 0.756427
vt 0.310363 0.764759
vt 0.312523 0.745921
vt 0.309904 0.740592
vt 0.315308 0.737724
vt 0.309714 0.733384
vt 0.317139 0.731357
vt 0.312997 0.723829
vt 0.319868 0.721690
vt 0.315041 0.712861
vt 0.321951 0.710074
vt 0.317542 0.706372
vt 0.327157 0.693154
vt 0.325031 0.705068
vt 0.323052 0.712419
vt 0.330336 0.695323
vt 0.332423 0.689921
vt 0.321410 0.699253
vt 0.324474 0.689638
vt 0.308507 0.719303
vt 0.302536 0.724708
vt 0.300296 0.709132
vt 0.297529 0.716687
vt 0.303369 0.701540
vt 0.309497 0.693492
vt 0.317607 0.688249
vt 0.298614 0.730179
vt 0.315782 0.741394
vt 0.294849 0.721945
vt 0.301926 0.738695
vt 0.330744 0.683404
vt 0.307910 0.679336
vt 0.318798 0.676665
vt 0.326362 0.704016
vt 0.299339 0.691934
vt 0.293220 0.734918
vt 0.334204 0.686193
vt 0.288827 0.726555
vt 0.302521 0.683380
vt 0.229161 0.774644
vt 0.297761 0.745787
vt 0.294182 0.698023
vt 0.292234 0.706793
vt 0.262865 0.770305
vt 0.247874 0.770841
vt 0.294350 0.769199
vt 0.282700 0.767494
vt 0.129345 0.712301
vt 0.308343 0.773334
vt 0.303239 0.770532
vt 0.202006 0.743295
vt 0.314123 0.749586
vt 0.289551 0.713316
vt 0.287812 0.719943
vt 0.292553 0.743267
vt 0.185194 0.767330
vt 0.118589 0.693673
vt 0.120907 0.703789
vt 0.332409 0.672116
vt 0.335520 0.679512
vt 0.335712 0.670554
vt 0.337978 0.674521
vt 0.336695 0.664296
vt 0.339441 0.666127
vt 0.325703 0.662002
vt 0.309550 0.672363
vt 0.320826 0.665216
vt 0.340394 0.652839
vt 0.344108 0.655673
vt 0.303180 0.673070
vt 0.285378 0.733040
vt 0.328348 0.650270
vt 0.347026 0.648665
vt 0.316552 0.642618
vt 0.332896 0.637114
vt 0.344073 0.643766
vt 0.312092 0.663529
vt 0.192791 0.743419
vt 0.282707 0.689730
vt 0.288380 0.680619
vt 0.276693 0.696042
vt 0.140186 0.716096
vt 0.284290 0.748908
vt 0.268731 0.750233
vt 0.277371 0.703443
vt 0.276393 0.709929
vt 0.268317 0.707621
vt 0.271711 0.716290
vt 0.262997 0.713750
vt 0.265107 0.723023
vt 0.255803 0.717301
vt 0.253289 0.709478
vt 0.243479 0.710687
vt 0.249187 0.718746
vt 0.238052 0.716109
vt 0.230819 0.708092
vt 0.223316 0.711088
vt 0.226732 0.719695
vt 0.210952 0.716221
vt 0.255537 0.722580
vt 0.286374 0.741732
vt 0.281761 0.740352
vt 0.275991 0.718655
vt 0.272142 0.726828
vt 0.177126 0.767806
vt 0.327376 0.626926
vt 0.321644 0.624177
vt 0.349032 0.642686
vt 0.351843 0.635435
vt 0.309009 0.637829
vt 0.310320 0.647699
vt 0.316660 0.624261
vt 0.322468 0.618599
vt 0.302328 0.664142
vt 0.293376 0.671431
vt 0.347706 0.633834
vt 0.336842 0.625665
vt 0.342291 0.662497
vt 0.329162 0.615223
vt 0.316621 0.617742
vt 0.321123 0.610224
vt 0.305392 0.627805
vt 0.327333 0.609197
vt 0.323008 0.603600
vt 0.334027 0.616113
vt 0.349761 0.627025
vt 0.352199 0.630997
vt 0.301493 0.621874
vt 0.311588 0.606617
vt 0.289222 0.658480
vt 0.294032 0.657698
vt 0.288611 0.651697
vt 0.301879 0.632497
vt 0.216559 0.776824
vt 0.304846 0.656709
vt 0.304517 0.646296
vt 0.351057 0.639247
vt 0.251762 0.726478
vt 0.342355 0.670307
vt 0.257770 0.775386
vt 0.263277 0.730237
vt 0.289298 0.773091
vt 0.299390 0.777696
vt 0.276614 0.775005
vt 0.304109 0.779192
vt 0.307126 0.778833
vt 0.242371 0.746105
vt 0.225428 0.741917
vt 0.236563 0.779192
vt 0.133163 0.695468
vt 0.133979 0.702262
vt 0.141691 0.710977
vt 0.220795 0.723199
vt 0.160492 0.732212
vt 0.183537 0.741879
vt 0.270741 0.733289
vt 0.237483 0.727721
vt 0.142346 0.703438
vt 0.145672 0.716230
vt 0.149549 0.723456
vt 0.209404 0.724448
vt 0.195702 0.722190
vt 0.201389 0.713147
vt 0.189538 0.717449
vt 0.180313 0.725546
vt 0.172359 0.717564
vt 0.168223 0.723372
vt 0.163711 0.714820
vt 0.272837 0.745058
vt 0.267831 0.736665
vt 0.142515 0.697356
vt 0.217934 0.726529
vt 0.192574 0.732244
vt 0.151847 0.708349
vt 0.257757 0.734362
vt 0.258532 0.745054
vt 0.157255 0.719574
vt 0.227035 0.731731
vt 0.203368 0.734521
vt 0.182189 0.733122
vt 0.240365 0.740768
vt 0.159337 0.727747
vt 0.168650 0.727903
vt 0.213117 0.643802
vt 0.205587 0.652837
vt 0.199675 0.639799
vt 0.214937 0.650895
vt 0.195249 0.645777
vt 0.186038 0.642704
vt 0.189871 0.636272
vt 0.172182 0.638341
vt 0.227842 0.643354
vt 0.175987 0.633797
vt 0.231310 0.638321
vt 0.215780 0.637141
vt 0.163422 0.634250
vt 0.154836 0.636461
vt 0.239353 0.641421
vt 0.229042 0.649336
vt 0.225060 0.654193
vt 0.211886 0.656875
vt 0.247306 0.636505
vt 0.205620 0.662082
vt 0.249544 0.642256
vt 0.256945 0.636700
vt 0.145501 0.634307
vt 0.146322 0.638148
vt 0.131866 0.635144
vt 0.131298 0.638788
vt 0.120043 0.636919
vt 0.215891 0.659668
vt 0.119966 0.631376
vt 0.113446 0.634137
vt 0.236842 0.634144
vt 0.185954 0.631905
vt 0.207551 0.633916
vt 0.261160 0.642348
vt 0.265458 0.637948
vt 0.222503 0.658365
vt 0.228988 0.658943
vt 0.258775 0.632547
vt 0.169064 0.631051
vt 0.271609 0.634053
vt 0.265504 0.630455
vt 0.147568 0.631905
vt 0.131724 0.628635
vt 0.223191 0.633179
vt 0.241566 0.657690
vt 0.244928 0.660947
vt 0.263743 0.657894
vt 0.256275 0.653622
vt 0.264724 0.662983
vt 0.276608 0.666136
vt 0.271682 0.655253
vt 0.282552 0.664951
vt 0.199798 0.657669
vt 0.142201 0.641291
vt 0.191918 0.651942
vt 0.153605 0.639645
vt 0.164611 0.642671
vt 0.275987 0.650671
vt 0.281748 0.657392
vt 0.272411 0.640850
vt 0.194859 0.661096
vt 0.183876 0.649079
vt 0.186363 0.659357
vt 0.174159 0.655030
vt 0.191703 0.659285
vt 0.129909 0.644099
vt 0.114969 0.637200
vt 0.187741 0.661866
vt 0.180416 0.663033
vt 0.144397 0.648632
vt 0.159122 0.650392
vt 0.177958 0.660461
vt 0.120202 0.648686
vt 0.281032 0.650219
vt 0.168886 0.660299
vt 0.176323 0.662179
vt 0.166049 0.662148
vt 0.161842 0.660437
vt 0.159647 0.662590
vt 0.152045 0.661338
vt 0.152989 0.663870
vt 0.146066 0.663615
vt 0.140792 0.663214
vt 0.140303 0.664826
vt 0.135191 0.664160
vt 0.133130 0.665954
vt 0.126871 0.665587
vt 0.126013 0.667904
vt 0.118980 0.666361
vt 0.116195 0.669383
vt 0.110546 0.668133
vt 0.111548 0.661401
vt 0.099917 0.664095
vt 0.104774 0.672144
vt 0.093568 0.669075
vt 0.106347 0.653922
vt 0.103304 0.676247
vt 0.098410 0.682147
vt 0.094651 0.653872
vt 0.100558 0.654443
vt 0.127991 0.659451
vt 0.139013 0.653771
vt 0.127770 0.652287
vt 0.112146 0.653900
vt 0.110461 0.672386
vt 0.117088 0.644881
vt 0.107597 0.647843
vt 0.109735 0.685088
vt 0.112718 0.676275
vt 0.129763 0.687267
vt 0.130766 0.682445
vt 0.150036 0.685494
vt 0.146497 0.689861
vt 0.157833 0.692622
vt 0.166085 0.689080
vt 0.172960 0.698963
vt 0.185225 0.696084
vt 0.191638 0.692605
vt 0.170361 0.684387
vt 0.194675 0.687828
vt 0.162357 0.682325
vt 0.208877 0.691100
vt 0.199520 0.682188
vt 0.220396 0.687168
vt 0.220758 0.694063
vt 0.182972 0.684400
vt 0.191417 0.679773
vt 0.208708 0.676733
vt 0.221751 0.680561
vt 0.231354 0.683020
vt 0.230226 0.691166
vt 0.183771 0.678064
vt 0.218670 0.672960
vt 0.233553 0.674357
vt 0.225922 0.668089
vt 0.242746 0.687738
vt 0.199401 0.673793
vt 0.211450 0.668930
vt 0.233916 0.671238
vt 0.171963 0.677427
vt 0.247366 0.678891
vt 0.147811 0.681504
vt 0.249246 0.676420
vt 0.241905 0.693203
vt 0.103395 0.645361
vt 0.090571 0.643177
vt 0.223513 0.664374
vt 0.151832 0.679113
vt 0.229681 0.696648
vt 0.187753 0.672271
vt 0.252573 0.690481
vt 0.212607 0.697825
vt 0.136380 0.677972
vt 0.129443 0.679783
vt 0.118496 0.679495
vt 0.125009 0.674458
vt 0.259845 0.683284
vt 0.107389 0.642585
vt 0.252311 0.696477
vt 0.230128 0.666720
vt 0.105321 0.635177
vt 0.085400 0.642508
vt 0.247105 0.701204
vt 0.261466 0.692304
vt 0.223119 0.701365
vt 0.145662 0.676058
vt 0.198879 0.700698
vt 0.195917 0.668736
vt 0.263756 0.680260
vt 0.201564 0.664243
vt 0.097662 0.635890
vt 0.095155 0.633021
vt 0.101925 0.632654
vt 0.175749 0.673970
vt 0.164737 0.674560
vt 0.090427 0.623992
vt 0.100821 0.623148
vt 0.101695 0.615223
vt 0.111111 0.619639
vt 0.094783 0.615205
vt 0.119403 0.614287
vt 0.109525 0.610782
vt 0.111932 0.629455
vt 0.258275 0.674910
vt 0.085691 0.621148
vt 0.090128 0.616653
vt 0.237881 0.704465
vt 0.247785 0.671455
vt 0.269409 0.688408
vt 0.261264 0.698581
vt 0.189948 0.703610
vt 0.136797 0.670201
vt 0.103584 0.625939
vt 0.113248 0.620977
vt 0.278052 0.672102
vt 0.121090 0.609031
vt 0.240093 0.668865
vt 0.201099 0.705772
vt 0.210630 0.707820
vt 0.270172 0.667700
vt 0.261849 0.667399
vt 0.260000 0.705148
vt 0.274108 0.686240
vt 0.268460 0.698178
vt 0.152202 0.694455
vt 0.268618 0.677455
vt 0.122197 0.619563
vt 0.278324 0.679964
vt 0.098990 0.611096
vt 0.289189 0.669642
vt 0.276878 0.638692
vt 0.183437 0.669426
vt 0.267404 0.673893
vt 0.170857 0.705854
vt 0.183530 0.709130
vt 0.138671 0.691005
vt 0.160199 0.702876
vt 0.192588 0.710947
vt 0.170803 0.670670
vt 0.258847 0.671721
vt 0.282071 0.642872
vt 0.152208 0.701043
vt 0.242635 0.663225
vt 0.078805 0.623691
vt 0.494952 0.423589
vt 0.496257 0.427320
vt 0.489161 0.429964
vt 0.501851 0.422538
vt 0.488817 0.431899
vt 0.504411 0.423414
vt 0.481762 0.433744
vt 0.486211 0.426094
vt 0.481466 0.436228
vt 0.477353 0.435792
vt 0.501476 0.416552
vt 0.509732 0.413513
vt 0.492924 0.421825
vt 0.514073 0.416815
vt 0.518081 0.409357
vt 0.512150 0.419613
vt 0.511738 0.420400
vt 0.476628 0.439677
vt 0.472822 0.438685
vt 0.472720 0.442054
vt 0.526242 0.408380
vt 0.529845 0.403557
vt 0.531866 0.405397
vt 0.530788 0.410791
vt 0.515381 0.406991
vt 0.526112 0.401661
vt 0.503759 0.412252
vt 0.539211 0.403349
vt 0.493784 0.418445
vt 0.540251 0.407188
vt 0.544523 0.401497
vt 0.547387 0.406297
vt 0.551361 0.401043
vt 0.555428 0.401667
vt 0.554774 0.405887
vt 0.559196 0.407117
vt 0.561903 0.402127
vt 0.567789 0.401851
vt 0.567874 0.405986
vt 0.574153 0.401656
vt 0.636711 0.412326
vt 0.645281 0.417917
vt 0.637660 0.418596
vt 0.643387 0.422380
vt 0.632682 0.416559
vt 0.627873 0.408231
vt 0.627222 0.413117
vt 0.622898 0.411165
vt 0.649775 0.426751
vt 0.653566 0.423209
vt 0.659286 0.433117
vt 0.661528 0.428652
vt 0.669705 0.434619
vt 0.671417 0.442054
vt 0.620095 0.404006
vt 0.616152 0.407771
vt 0.614052 0.402016
vt 0.609768 0.405077
vt 0.639367 0.422696
vt 0.608044 0.398156
vt 0.604641 0.404265
vt 0.598486 0.401494
vt 0.598405 0.403103
vt 0.592018 0.401513
vt 0.631597 0.422192
vt 0.625073 0.418473
vt 0.618397 0.411816
vt 0.611803 0.409548
vt 0.638256 0.426335
vt 0.649904 0.431721
vt 0.643703 0.429028
vt 0.656519 0.437821
vt 0.605195 0.407713
vt 0.649392 0.432534
vt 0.599297 0.406628
vt 0.617745 0.415685
vt 0.613135 0.414544
vt 0.592057 0.405329
vt 0.596534 0.409602
vt 0.606780 0.411991
vt 0.587188 0.409765
vt 0.585774 0.405189
vt 0.582091 0.410280
vt 0.576307 0.406109
vt 0.575434 0.411920
vt 0.568982 0.414865
vt 0.566239 0.409410
vt 0.564384 0.414554
vt 0.560168 0.414838
vt 0.555638 0.415269
vt 0.552503 0.414776
vt 0.547420 0.414218
vt 0.541278 0.414713
vt 0.525109 0.415619
vt 0.529256 0.417797
vt 0.534679 0.417300
vt 0.521975 0.419868
vt 0.515501 0.420800
vt 0.513326 0.422131
vt 0.583521 0.402988
vt 0.579186 0.401033
vt 0.585026 0.400267
vt 0.513553 0.423146
vt 0.599950 0.411877
vt 0.595526 0.410587
vt 0.392126 0.733896
vt 0.386941 0.726492
vt 0.386703 0.734088
vt 0.391646 0.743393
vt 0.391898 0.721102
vt 0.386818 0.718528
vt 0.392574 0.710910
vt 0.388305 0.707531
vt 0.386514 0.745018
vt 0.392152 0.757645
vt 0.386926 0.755534
vt 0.392915 0.766392
vt 0.386906 0.766354
vt 0.386244 0.708004
vt 0.385586 0.736499
vt 0.387597 0.699298
vt 0.392915 0.722189
vt 0.386059 0.766901
vt 0.274057 0.537306
vt 0.280403 0.521701
vt 0.272324 0.530842
vt 0.276988 0.519047
vt 0.266982 0.546520
vt 0.269259 0.547472
vt 0.284609 0.503894
vt 0.261610 0.555731
vt 0.259837 0.562273
vt 0.253399 0.566846
vt 0.252186 0.571881
vt 0.241766 0.579168
vt 0.279825 0.507458
vt 0.241386 0.577052
vt 0.231699 0.585744
vt 0.252731 0.564269
vt 0.259350 0.555203
vt 0.265984 0.543981
vt 0.236037 0.581097
vt 0.222595 0.592244
vt 0.155346 0.468580
vt 0.114734 0.444168
vt 0.109855 0.465491
vt 0.240029 0.470341
vt 0.186498 0.491721
vt 0.191986 0.523423
vt 0.215739 0.545170
vt 0.162907 0.508133
vt 0.129368 0.487136
vt 0.136075 0.516484
vt 0.101998 0.515461
vt 0.081056 0.483308
vt 0.067720 0.519995
vt 0.076533 0.454850
vt 0.054675 0.501192
vt 0.091542 0.436206
vt 0.133442 0.400239
vt 0.123485 0.365240
vt 0.076028 0.418420
vt 0.088499 0.376948
vt 0.045253 0.396871
vt 0.135544 0.342435
vt 0.100299 0.330356
vt 0.069996 0.337777
vt 0.085797 0.328979
vt 0.067712 0.365392
vt 0.042831 0.414284
vt 0.041824 0.442146
vt 0.044894 0.477608
vt 0.014510 0.477586
vt 0.076991 0.540145
vt 0.105418 0.560959
vt 0.174406 0.566371
vt 0.159499 0.538226
vt 0.240452 0.543234
vt 0.202869 0.584162
vt 0.270828 0.530763
vt 0.244938 0.509189
vt 0.268973 0.510085
vt 0.268422 0.472604
vt 0.284331 0.475701
vt 0.284396 0.454086
vt 0.262035 0.455413
vt 0.284609 0.465584
vt 0.178911 0.605649
vt 0.193939 0.603886
vt 0.162268 0.593567
vt 0.136784 0.593174
vt 0.100176 0.578728
vt 0.060780 0.579427
vt 0.036113 0.559533
vt 0.049305 0.571933
vt 0.035886 0.543922
vt 0.030623 0.552873
vt 0.018050 0.502507
vt 0.017332 0.530674
vt 0.004506 0.496589
vt 0.009891 0.515156
vt 0.002391 0.485375
vt 0.001221 0.473271
vt 0.001310 0.454537
vt 0.014622 0.431055
vt 0.004462 0.431505
vt 0.014237 0.402849
vt 0.021351 0.388927
vt 0.025813 0.382170
vt 0.033921 0.374658
vt 0.049848 0.353311
vt 0.060116 0.344742
vt 0.203637 0.461888
vt 0.229900 0.465220
vt 0.251944 0.448645
vt 0.227496 0.449078
vt 0.201707 0.443575
vt 0.142800 0.440223
vt 0.153010 0.416673
vt 0.186620 0.405771
vt 0.141852 0.369507
vt 0.164125 0.350213
vt 0.150175 0.323531
vt 0.132795 0.315560
vt 0.120082 0.323040
vt 0.196983 0.335975
vt 0.194136 0.352507
vt 0.222262 0.341323
vt 0.231784 0.363496
vt 0.178537 0.321029
vt 0.206963 0.331567
vt 0.200543 0.384783
vt 0.241668 0.396533
vt 0.222273 0.411681
vt 0.267541 0.394123
vt 0.254127 0.373336
vt 0.276644 0.415800
vt 0.282285 0.441319
vt 0.246889 0.364013
vt 0.240297 0.356576
vt 0.232685 0.349260
vt 0.169241 0.608179
vt 0.147675 0.603088
vt 0.094825 0.324907
vt 0.101741 0.321964
vt 0.111065 0.319490
vt 0.121811 0.316925
vt 0.151627 0.314843
vt 0.143983 0.314750
vt 0.100817 0.591932
vt 0.069914 0.584824
vt 0.211844 0.597514
vt 0.280604 0.428018
vt 0.270162 0.399571
vt 0.191928 0.323782
vt 0.042381 0.360489
vt 0.034598 0.369236
vt 0.083395 0.590794
vt 0.184122 0.607182
vt 0.138722 0.602891
vt 0.163485 0.609745
vt 0.148315 0.608757
vt 0.284018 0.486086
vt 0.131131 0.604406
vt 0.176943 0.318734
vt 0.095359 0.596590
vt 0.081974 0.595019
vt 0.074336 0.590135
vt 0.066859 0.584986
vt 0.007691 0.417901
vt 0.197887 0.603492
vt 0.283870 0.446034
vt 0.055943 0.578387
vt 0.174788 0.609235
vt 0.161962 0.315730
vt 0.210654 0.332780
vt 0.024959 0.546117
vt 0.018648 0.535655
vt 0.012816 0.523007
vt 0.274513 0.409244
vt 0.011148 0.407781
vt 0.002101 0.443815
vt 0.259275 0.380180
vt 0.047042 0.570985
vt 0.006420 0.505098
vt 0.223953 0.341746
vt 0.198685 0.326500
vt 0.017402 0.394859
vt 0.891287 0.422204
vt 0.886579 0.416404
vt 0.887324 0.429274
vt 0.889986 0.409603
vt 0.887108 0.408170
vt 0.891269 0.435370
vt 0.886673 0.446400
vt 0.891287 0.446657
vt 0.887404 0.460492
vt 0.890411 0.459671
vt 0.887001 0.399315
vt 0.889385 0.397886
vt 0.887087 0.388000
vt 0.889876 0.387621
vt 0.886401 0.431940
vt 0.306481 0.799787
vt 0.302944 0.795508
vt 0.305412 0.780744
vt 0.307410 0.780070
vt 0.302524 0.812135
vt 0.307100 0.806340
vt 0.305594 0.827857
vt 0.302790 0.830382
vt 0.305198 0.840398
vt 0.306633 0.835288
vt 0.307410 0.845917
vt 0.879299 0.579302
vt 0.879149 0.567619
vt 0.876016 0.579324
vt 0.875814 0.565896
vt 0.879142 0.589280
vt 0.876099 0.594329
vt 0.880203 0.554476
vt 0.876489 0.556083
vt 0.879795 0.609346
vt 0.876154 0.604527
vt 0.878008 0.543634
vt 0.881777 0.540673
vt 0.882192 0.548625
vt 0.880944 0.560801
vt 0.880597 0.570945
vt 0.883908 0.537058
vt 0.882858 0.533818
vt 0.881185 0.605072
vt 0.885450 0.530049
vt 0.886401 0.521949
vt 0.882887 0.625224
vt 0.881885 0.628432
vt 0.886401 0.641352
vt 0.880082 0.528811
vt 0.251998 0.614931
vt 0.242162 0.618809
vt 0.244185 0.609498
vt 0.251402 0.607554
vt 0.257109 0.611866
vt 0.257060 0.606735
vt 0.244433 0.605583
vt 0.239680 0.609730
vt 0.260993 0.609883
vt 0.242126 0.605905
vt 0.251158 0.617760
vt 0.237936 0.617868
vt 0.236979 0.609115
vt 0.251796 0.620424
vt 0.253327 0.606161
vt 0.239463 0.606609
vt 0.234121 0.615368
vt 0.238173 0.622037
vt 0.249124 0.621755
vt 0.255984 0.622037
vt 0.254555 0.617353
vt 0.255168 0.619077
vt 0.234940 0.620078
vt 0.255534 0.603383
vt 0.253792 0.601844
vt 0.538772 0.251172
vt 0.543314 0.254285
vt 0.533551 0.253937
vt 0.531867 0.249149
vt 0.548731 0.249625
vt 0.521958 0.254353
vt 0.517627 0.249708
vt 0.507700 0.254580
vt 0.506870 0.250084
vt 0.550990 0.255026
vt 0.558763 0.253155
vt 0.557828 0.256335
vt 0.509422 0.259205
vt 0.526526 0.259055
vt 0.535157 0.259092
vt 0.565273 0.256836
vt 0.517475 0.259627
vt 0.548029 0.259615
vt 0.540065 0.259722
vt 0.501296 0.260744
vt 0.499995 0.255789
vt 0.491273 0.262245
vt 0.490741 0.257465
vt 0.538649 0.246269
vt 0.550839 0.246903
vt 0.529230 0.246560
vt 0.512661 0.246629
vt 0.557872 0.247932
vt 0.565898 0.251574
vt 0.573377 0.255878
vt 0.572903 0.258625
vt 0.565658 0.261682
vt 0.557623 0.260316
vt 0.582045 0.259027
vt 0.576430 0.252650
vt 0.584608 0.255689
vt 0.593351 0.260760
vt 0.594190 0.256150
vt 0.567682 0.248700
vt 0.582161 0.251291
vt 0.604642 0.259851
vt 0.507023 0.264211
vt 0.506739 0.264844
vt 0.485223 0.270053
vt 0.491605 0.268103
vt 0.513700 0.265193
vt 0.458059 0.277350
vt 0.461243 0.274596
vt 0.476209 0.266263
vt 0.503321 0.262985
vt 0.452477 0.275033
vt 0.454749 0.279891
vt 0.465865 0.269037
vt 0.442590 0.280509
vt 0.518977 0.265734
vt 0.528494 0.261619
vt 0.527007 0.264748
vt 0.532587 0.265291
vt 0.537360 0.265965
vt 0.545853 0.262253
vt 0.547695 0.266137
vt 0.557402 0.264370
vt 0.556142 0.268656
vt 0.563684 0.269104
vt 0.568655 0.270983
vt 0.575326 0.267567
vt 0.574015 0.270745
vt 0.581224 0.274529
vt 0.586423 0.270435
vt 0.586773 0.276335
vt 0.591214 0.279060
vt 0.596597 0.275291
vt 0.598576 0.280509
vt 0.631422 0.076825
vt 0.627068 0.068430
vt 0.633182 0.074092
vt 0.635266 0.081405
vt 0.640080 0.083944
vt 0.641762 0.091818
vt 0.646767 0.094312
vt 0.647003 0.100319
vt 0.652421 0.106228
vt 0.652000 0.099531
vt 0.655448 0.104037
vt 0.656238 0.112571
vt 0.660001 0.113887
vt 0.624942 0.071223
vt 0.622605 0.064322
vt 0.617836 0.062866
vt 0.613927 0.058587
vt 0.651545 0.111578
vt 0.632842 0.085020
vt 0.639240 0.095964
vt 0.643184 0.101732
vt 0.646708 0.106118
vt 0.630124 0.080847
vt 0.656936 0.119800
vt 0.661922 0.122970
vt 0.616460 0.066334
vt 0.608876 0.060074
vt 0.622653 0.075258
vt 0.606409 0.053837
vt 0.603360 0.056095
vt 0.642358 0.109742
vt 0.629112 0.084983
vt 0.641342 0.107725
vt 0.649199 0.115149
vt 0.660701 0.130764
vt 0.665657 0.136043
vt 0.598334 0.059100
vt 0.594271 0.053901
vt 0.595609 0.051243
vt 0.599053 0.049654
vt 0.585340 0.047347
vt 0.582915 0.051620
vt 0.573988 0.047017
vt 0.669827 0.157105
vt 0.671142 0.149162
vt 0.570081 0.042915
vt 0.564344 0.047638
vt 0.561270 0.042729
vt 0.674614 0.168130
vt 0.675489 0.162154
vt 0.670098 0.139049
vt 0.534049 0.039838
vt 0.532248 0.037937
vt 0.548584 0.037756
vt 0.516062 0.040427
vt 0.520133 0.036435
vt 0.510426 0.037978
vt 0.503628 0.039721
vt 0.498525 0.044334
vt 0.543627 0.040936
vt 0.559640 0.039264
vt 0.502973 0.046481
vt 0.496180 0.047339
vt 0.516794 0.043559
vt 0.485411 0.051465
vt 0.531999 0.044396
vt 0.493307 0.052093
vt 0.477881 0.056781
vt 0.474166 0.054997
vt 0.464954 0.062548
vt 0.470759 0.062547
vt 0.461073 0.069518
vt 0.454610 0.071218
vt 0.449006 0.080404
vt 0.446663 0.078921
vt 0.457115 0.065380
vt 0.449831 0.072637
vt 0.463150 0.061173
vt 0.482667 0.050297
vt 0.439426 0.083954
vt 0.427739 0.103582
vt 0.422853 0.114034
vt 0.425433 0.103013
vt 0.419802 0.113434
vt 0.416123 0.124787
vt 0.433439 0.094136
vt 0.429891 0.093371
vt 0.418262 0.130142
vt 0.414052 0.136613
vt 0.423290 0.119567
vt 0.430508 0.103239
vt 0.438763 0.089112
vt 0.412240 0.147995
vt 0.416065 0.143120
vt 0.415003 0.153032
vt 0.420365 0.136117
vt 0.433858 0.101447
vt 0.411645 0.157590
vt 0.419156 0.144058
vt 0.427675 0.117941
vt 0.441029 0.091774
vt 0.434546 0.107533
vt 0.461765 0.072196
vt 0.444451 0.094571
vt 0.429180 0.123228
vt 0.477065 0.067927
vt 0.483975 0.058203
vt 0.454278 0.088309
vt 0.463768 0.075711
vt 0.423654 0.142714
vt 0.418482 0.150668
vt 0.416767 0.154973
vt 0.491406 0.058399
vt 0.439866 0.116122
vt 0.468564 0.083389
vt 0.449572 0.105934
vt 0.459732 0.095936
vt 0.494371 0.068302
vt 0.509112 0.056561
vt 0.511116 0.048142
vt 0.523757 0.048663
vt 0.526476 0.057359
vt 0.549897 0.056884
vt 0.519931 0.063911
vt 0.484487 0.081081
vt 0.435358 0.130204
vt 0.549869 0.062984
vt 0.565816 0.052981
vt 0.589870 0.061363
vt 0.580398 0.066680
vt 0.597102 0.073291
vt 0.592267 0.077020
vt 0.606576 0.073813
vt 0.608320 0.085978
vt 0.622281 0.089086
vt 0.612768 0.095781
vt 0.503768 0.071011
vt 0.497512 0.075376
vt 0.618116 0.099345
vt 0.570679 0.066363
vt 0.473315 0.090127
vt 0.444148 0.123191
vt 0.460138 0.102399
vt 0.580978 0.071970
vt 0.613529 0.070940
vt 0.624145 0.082786
vt 0.436874 0.139360
vt 0.599557 0.086891
vt 0.536650 0.069884
vt 0.423116 0.152844
vt 0.447641 0.123418
vt 0.552514 0.068589
vt 0.519608 0.070794
vt 0.436600 0.147427
vt 0.427322 0.148484
vt 0.413498 0.168130
vt 0.610823 0.103093
vt 0.620380 0.106497
vt 0.620982 0.094468
vt 0.610766 0.105795
vt 0.421053 0.157603
vt 0.548648 0.044010
vt 0.416990 0.159311
vt 0.509384 0.075469
vt 0.494748 0.081766
vt 0.624138 0.100522
vt 0.624869 0.110645
vt 0.624969 0.090021
vt 0.628767 0.092976
vt 0.633444 0.092758
vt 0.625447 0.096815
vt 0.630748 0.099860
vt 0.639159 0.101282
vt 0.637570 0.104036
vt 0.636035 0.109605
vt 0.607852 0.099835
vt 0.623616 0.096828
vt 0.484085 0.088339
vt 0.472422 0.095971
vt 0.423539 0.159369
vt 0.418874 0.165039
vt 0.612372 0.066427
vt 0.585995 0.080548
vt 0.464318 0.103796
vt 0.458519 0.110173
vt 0.444333 0.134308
vt 0.521429 0.073902
vt 0.535191 0.072174
vt 0.546658 0.072222
vt 0.573004 0.074236
vt 0.579647 0.077652
vt 0.564551 0.071374
vt 0.548341 0.073102
vt 0.615016 0.109358
vt 0.620701 0.111013
vt 0.424541 0.164621
vt 0.427483 0.155438
vt 0.426829 0.159769
vt 0.600678 0.093272
vt 0.594847 0.087395
vt 0.590708 0.085522
vt 0.610060 0.107716
vt 0.522836 0.074476
vt 0.607036 0.104429
vt 0.603641 0.100395
vt 0.606829 0.106197
vt 0.518447 0.076546
vt 0.519868 0.077558
vt 0.625689 0.100329
vt 0.628177 0.102927
vt 0.629690 0.110376
vt 0.632897 0.103958
vt 0.633519 0.107650
vt 0.145087 0.948492
vt 0.133735 0.947567
vt 0.138925 0.945599
vt 0.126773 0.944606
vt 0.122122 0.946802
vt 0.120263 0.944249
vt 0.115904 0.946826
vt 0.111929 0.944286
vt 0.107783 0.946971
vt 0.105414 0.945715
vt 0.100052 0.947893
vt 0.099129 0.945947
vt 0.087782 0.949372
vt 0.110799 0.950296
vt 0.090120 0.952488
vt 0.120044 0.951035
vt 0.102139 0.951674
vt 0.129628 0.951216
vt 0.139316 0.951262
vt 0.150201 0.952296
vt 0.156624 0.950538
vt 0.161808 0.955130
vt 0.162813 0.951485
vt 0.170097 0.953258
vt 0.119344 0.956022
vt 0.106403 0.954532
vt 0.144207 0.955227
vt 0.091192 0.956618
vt 0.162098 0.960605
vt 0.172907 0.957217
vt 0.080535 0.954747
vt 0.074332 0.960271
vt 0.073033 0.956782
vt 0.064243 0.959931
vt 0.059920 0.966298
vt 0.054571 0.967431
vt 0.177715 0.955617
vt 0.181362 0.962359
vt 0.185351 0.959285
vt 0.203015 0.974797
vt 0.201918 0.970570
vt 0.213762 0.976734
vt 0.201735 0.968144
vt 0.056722 0.962817
vt 0.049443 0.966221
vt 0.037052 0.976734
vt 0.042236 0.969978
vt 0.812145 0.206760
vt 0.827312 0.207086
vt 0.820694 0.208694
vt 0.841262 0.209354
vt 0.843932 0.208115
vt 0.857085 0.209782
vt 0.796578 0.207823
vt 0.792752 0.209050
vt 0.798390 0.210272
vt 0.853072 0.210272
vt 0.522014 0.339869
vt 0.505424 0.339925
vt 0.515803 0.336966
vt 0.499985 0.335332
vt 0.489821 0.340211
vt 0.531244 0.334943
vt 0.515376 0.335095
vt 0.534773 0.338804
vt 0.542752 0.340211
vt 0.025947 0.327460
vt 0.023616 0.337900
vt 0.027848 0.332059
vt 0.028807 0.324622
vt 0.024171 0.317470
vt 0.022917 0.321886
vt 0.031639 0.332122
vt 0.020261 0.317354
vt 0.019453 0.309236
vt 0.023914 0.311294
vt 0.022097 0.306648
vt 0.019404 0.302897
vt 0.016558 0.301954
vt 0.027452 0.318293
vt 0.030791 0.335579
vt 0.028573 0.338419
vt 0.026374 0.338419
vt 0.030243 0.342479
vt 0.027381 0.346237
vt 0.032341 0.348016
vt 0.032900 0.342332
vt 0.034919 0.340339
vt 0.019609 0.298908
vt 0.016025 0.297005
vt 0.028594 0.352730
vt 0.032584 0.357151
vt 0.033311 0.331447
vt 0.015879 0.287283
vt 0.029108 0.359074
vt 0.029813 0.365672
vt 0.033900 0.326467
vt 0.028896 0.313139
vt 0.035266 0.346445
vt 0.035878 0.353449
vt 0.036238 0.362962
vt 0.025242 0.302661
vt 0.020143 0.283705
vt 0.025318 0.286795
vt 0.026554 0.270852
vt 0.028335 0.278518
vt 0.036238 0.274363
vt 0.419876 0.688937
vt 0.422889 0.692466
vt 0.422428 0.681841
vt 0.418331 0.697263
vt 0.422923 0.705340
vt 0.419819 0.704295
vt 0.420804 0.718313
vt 0.422938 0.719491
vt 0.418261 0.712124
vt 0.418176 0.680685
vt 0.420184 0.670063
vt 0.423046 0.673196
vt 0.423001 0.662538
vt 0.422938 0.654444
vt 0.418324 0.665083
vt 0.418455 0.659852
vt 0.419046 0.643986
vt 0.418160 0.691678
vt 0.583177 0.900641
vt 0.583905 0.891562
vt 0.579397 0.892627
vt 0.579532 0.903899
vt 0.583162 0.910429
vt 0.580703 0.880119
vt 0.584574 0.877329
vt 0.585171 0.864968
vt 0.580732 0.871085
vt 0.580180 0.917762
vt 0.584307 0.918086
vt 0.580555 0.927110
vt 0.584295 0.935496
vt 0.585313 0.924473
vt 0.585000 0.899442
vt 0.585160 0.908484
vt 0.581617 0.938805
vt 0.583290 0.951060
vt 0.586755 0.942428
vt 0.585269 0.886567
vt 0.585750 0.875079
vt 0.586586 0.865561
vt 0.587541 0.858209
vt 0.587541 0.954785
vt 0.913210 0.620817
vt 0.916366 0.618526
vt 0.916893 0.624235
vt 0.913556 0.626813
vt 0.912814 0.609424
vt 0.916387 0.609068
vt 0.916395 0.603330
vt 0.917341 0.631995
vt 0.912397 0.634847
vt 0.918160 0.641638
vt 0.913059 0.640675
vt 0.913917 0.648376
vt 0.912846 0.601070
vt 0.916663 0.594864
vt 0.910801 0.595282
vt 0.908929 0.619849
vt 0.907904 0.611440
vt 0.908636 0.604900
vt 0.909637 0.629028
vt 0.907573 0.597986
vt 0.909188 0.637897
vt 0.911228 0.587950
vt 0.909730 0.585658
vt 0.914272 0.580060
vt 0.917608 0.584967
vt 0.912743 0.571743
vt 0.918160 0.574895
vt 0.908017 0.626352
vt 0.908118 0.580840
vt 0.910247 0.568481
vt 0.917458 0.572136
vt 0.408155 0.899272
vt 0.404370 0.892707
vt 0.403936 0.900406
vt 0.409161 0.893158
vt 0.404523 0.889099
vt 0.408029 0.883685
vt 0.412459 0.883721
vt 0.411017 0.897911
vt 0.406560 0.906382
vt 0.403913 0.907390
vt 0.409957 0.904160
vt 0.399382 0.902376
vt 0.399013 0.906669
vt 0.398314 0.891372
vt 0.396987 0.896423
vt 0.397560 0.898544
vt 0.408141 0.880158
vt 0.410490 0.907173
vt 0.412459 0.901291
vt 0.406678 0.910887
vt 0.403191 0.909083
vt 0.383540 0.659534
vt 0.383083 0.648859
vt 0.380966 0.661926
vt 0.383665 0.674589
vt 0.381725 0.675846
vt 0.383958 0.691396
vt 0.379886 0.681654
vt 0.379365 0.647231
vt 0.379443 0.635122
vt 0.382961 0.631168
vt 0.379072 0.663661
vt 0.379227 0.672566
vt 0.379429 0.621630
vt 0.383229 0.616506
vt 0.381932 0.612527
vt 0.383958 0.607855
vt 0.382179 0.606234
vt 0.009727 0.710146
vt 0.006375 0.704900
vt 0.006107 0.716862
vt 0.009597 0.723381
vt 0.006427 0.728991
vt 0.006476 0.737256
vt 0.010858 0.728035
vt 0.010993 0.737457
vt 0.006860 0.748464
vt 0.010394 0.692970
vt 0.010840 0.705083
vt 0.006370 0.693000
vt 0.006435 0.682616
vt 0.010993 0.716824
vt 0.471208 0.370549
vt 0.463451 0.363428
vt 0.461576 0.365350
vt 0.470997 0.373514
vt 0.475948 0.374356
vt 0.455463 0.355535
vt 0.476496 0.377456
vt 0.486218 0.380792
vt 0.485783 0.383413
vt 0.495428 0.385815
vt 0.490043 0.381448
vt 0.479114 0.374908
vt 0.494647 0.388166
vt 0.447434 0.348516
vt 0.445201 0.343402
vt 0.437266 0.335493
vt 0.424132 0.304635
vt 0.422050 0.304778
vt 0.426009 0.310974
vt 0.421582 0.296268
vt 0.418805 0.289881
vt 0.419251 0.296130
vt 0.424807 0.312080
vt 0.427417 0.317333
vt 0.429712 0.318073
vt 0.430170 0.323144
vt 0.435872 0.329848
vt 0.433874 0.323212
vt 0.441895 0.336349
vt 0.426745 0.304729
vt 0.429225 0.310648
vt 0.430231 0.314023
vt 0.419706 0.286082
vt 0.425029 0.299702
vt 0.417138 0.281264
vt 0.419615 0.279578
vt 0.422353 0.289919
vt 0.423589 0.294582
vt 0.420979 0.284880
vt 0.416896 0.266672
vt 0.415503 0.271281
vt 0.419520 0.266725
vt 0.421912 0.279679
vt 0.414088 0.258736
vt 0.416237 0.255495
vt 0.414435 0.251820
vt 0.423818 0.285583
vt 0.425561 0.292280
vt 0.427300 0.299638
vt 0.429285 0.305453
vt 0.432806 0.312734
vt 0.435973 0.322445
vt 0.439792 0.324194
vt 0.428216 0.197870
vt 0.426526 0.194205
vt 0.422593 0.201179
vt 0.425019 0.207190
vt 0.419243 0.210810
vt 0.421597 0.216600
vt 0.416877 0.219256
vt 0.419855 0.226746
vt 0.415524 0.224567
vt 0.414884 0.230397
vt 0.414675 0.237127
vt 0.418511 0.238776
vt 0.414550 0.244275
vt 0.435368 0.183867
vt 0.422413 0.219038
vt 0.424188 0.211898
vt 0.418629 0.252860
vt 0.429954 0.197232
vt 0.420734 0.229038
vt 0.419734 0.243000
vt 0.420445 0.260998
vt 0.435790 0.186840
vt 0.444688 0.173877
vt 0.441969 0.174411
vt 0.452044 0.162275
vt 0.437696 0.173882
vt 0.431736 0.183158
vt 0.480870 0.371759
vt 0.472335 0.367310
vt 0.480242 0.373467
vt 0.487188 0.375741
vt 0.486510 0.377532
vt 0.472330 0.362865
vt 0.491362 0.378070
vt 0.471276 0.364616
vt 0.468601 0.364441
vt 0.464703 0.355321
vt 0.450368 0.342582
vt 0.446782 0.333345
vt 0.466265 0.364091
vt 0.456363 0.354521
vt 0.491298 0.380005
vt 0.495431 0.382043
vt 0.438317 0.327152
vt 0.471159 0.362950
vt 0.494856 0.379541
vt 0.503873 0.389793
vt 0.513947 0.393101
vt 0.507817 0.389568
vt 0.499735 0.386432
vt 0.516103 0.392429
vt 0.525150 0.395530
vt 0.572703 0.399297
vt 0.563649 0.398785
vt 0.559056 0.399912
vt 0.574172 0.397521
vt 0.582607 0.396744
vt 0.584799 0.395184
vt 0.547175 0.398817
vt 0.528437 0.377185
vt 0.526763 0.378217
vt 0.535007 0.377717
vt 0.522199 0.375640
vt 0.518839 0.376054
vt 0.517804 0.374649
vt 0.515803 0.374594
vt 0.510776 0.372328
vt 0.498555 0.364689
vt 0.503552 0.368768
vt 0.504702 0.368664
vt 0.511993 0.374096
vt 0.493105 0.363471
vt 0.493575 0.362058
vt 0.488427 0.358603
vt 0.479243 0.352176
vt 0.482021 0.353417
vt 0.479995 0.356366
vt 0.481174 0.370074
vt 0.498184 0.380840
vt 0.502979 0.382389
vt 0.507717 0.382238
vt 0.514453 0.384937
vt 0.522610 0.387274
vt 0.467983 0.342542
vt 0.454744 0.326054
vt 0.434176 0.311932
vt 0.443104 0.307503
vt 0.428316 0.296493
vt 0.437180 0.292714
vt 0.433995 0.279961
vt 0.423837 0.280499
vt 0.421546 0.268595
vt 0.423633 0.263156
vt 0.435846 0.273907
vt 0.438588 0.284097
vt 0.429011 0.245090
vt 0.427801 0.219536
vt 0.434060 0.219254
vt 0.434661 0.202822
vt 0.444107 0.181123
vt 0.455360 0.168917
vt 0.451706 0.186205
vt 0.453434 0.181067
vt 0.436089 0.264873
vt 0.436352 0.232428
vt 0.435931 0.238412
vt 0.434121 0.246478
vt 0.435494 0.251821
vt 0.434856 0.257216
vt 0.473569 0.146395
vt 0.466516 0.149899
vt 0.437845 0.227392
vt 0.444610 0.301556
vt 0.440068 0.211308
vt 0.442417 0.204721
vt 0.444052 0.199305
vt 0.533089 0.388623
vt 0.539430 0.378458
vt 0.542463 0.388996
vt 0.447224 0.192957
vt 0.547624 0.377988
vt 0.437573 0.219629
vt 0.446161 0.306685
vt 0.562134 0.384918
vt 0.552535 0.376754
vt 0.558887 0.374244
vt 0.564863 0.370368
vt 0.580647 0.378056
vt 0.579507 0.387900
vt 0.596382 0.379881
vt 0.586400 0.367694
vt 0.581241 0.367939
vt 0.592470 0.366106
vt 0.573591 0.368982
vt 0.598773 0.362399
vt 0.606389 0.365719
vt 0.608823 0.372518
vt 0.604187 0.360947
vt 0.611246 0.357458
vt 0.617706 0.355218
vt 0.606392 0.381810
vt 0.625817 0.355924
vt 0.616133 0.375955
vt 0.619815 0.372152
vt 0.638200 0.354852
vt 0.642095 0.348773
vt 0.643055 0.334557
vt 0.634783 0.343567
vt 0.650081 0.336623
vt 0.569446 0.369909
vt 0.593574 0.390641
vt 0.554801 0.391228
vt 0.542555 0.392849
vt 0.649687 0.323038
vt 0.536931 0.397661
vt 0.658062 0.325142
vt 0.662421 0.314324
vt 0.657558 0.305086
vt 0.654399 0.312190
vt 0.533062 0.392568
vt 0.448394 0.313364
vt 0.439480 0.288917
vt 0.440833 0.294404
vt 0.646977 0.344532
vt 0.665613 0.299383
vt 0.660680 0.294338
vt 0.669224 0.293821
vt 0.664360 0.281077
vt 0.669365 0.280947
vt 0.672284 0.282915
vt 0.674674 0.264690
vt 0.672375 0.261634
vt 0.674674 0.245136
vt 0.671423 0.241615
vt 0.672292 0.233393
vt 0.667559 0.267316
vt 0.665729 0.264881
vt 0.665041 0.309399
vt 0.667380 0.254604
vt 0.667043 0.241678
vt 0.665107 0.226914
vt 0.667408 0.220085
vt 0.670453 0.220953
vt 0.666391 0.208111
vt 0.660893 0.212017
vt 0.662176 0.218412
vt 0.659501 0.205378
vt 0.661111 0.197408
vt 0.658262 0.198842
vt 0.656757 0.193114
vt 0.663413 0.196476
vt 0.654652 0.186535
vt 0.656588 0.191250
vt 0.659175 0.188029
vt 0.519680 0.389983
vt 0.663393 0.225991
vt 0.654056 0.333066
vt 0.578048 0.367881
vt 0.461557 0.330488
vt 0.471605 0.153512
vt 0.482897 0.139440
vt 0.482498 0.143350
vt 0.487252 0.142188
vt 0.493396 0.132480
vt 0.482307 0.145819
vt 0.473657 0.153089
vt 0.493880 0.140696
vt 0.497860 0.138639
vt 0.503413 0.130197
vt 0.502171 0.128417
vt 0.513254 0.124439
vt 0.516439 0.126586
vt 0.524222 0.121672
vt 0.526597 0.124074
vt 0.531106 0.120610
vt 0.535024 0.123670
vt 0.546473 0.125646
vt 0.540306 0.126219
vt 0.519145 0.130264
vt 0.513817 0.131882
vt 0.526362 0.128477
vt 0.532595 0.127315
vt 0.505868 0.133291
vt 0.556614 0.118396
vt 0.554363 0.122345
vt 0.566976 0.120953
vt 0.555807 0.125509
vt 0.562153 0.126147
vt 0.566619 0.126587
vt 0.664299 0.231165
vt 0.578177 0.128980
vt 0.572264 0.120650
vt 0.581025 0.122808
vt 0.587218 0.131402
vt 0.593381 0.126662
vt 0.593096 0.132869
vt 0.598068 0.134385
vt 0.604290 0.130622
vt 0.603389 0.135970
vt 0.610129 0.137947
vt 0.613082 0.134716
vt 0.617682 0.141134
vt 0.620337 0.140972
vt 0.624263 0.144613
vt 0.609087 0.138173
vt 0.615582 0.141112
vt 0.430601 0.304218
vt 0.619802 0.138143
vt 0.507547 0.385814
vt 0.538863 0.118603
vt 0.500114 0.383338
vt 0.653001 0.311954
vt 0.665100 0.236897
vt 0.665630 0.242062
vt 0.665821 0.247046
vt 0.503576 0.136328
vt 0.509534 0.133848
vt 0.654910 0.307031
vt 0.647903 0.321973
vt 0.649958 0.317462
vt 0.463830 0.161965
vt 0.458039 0.169225
vt 0.454983 0.175589
vt 0.563017 0.118086
vt 0.640424 0.335541
vt 0.645261 0.327783
vt 0.485864 0.135099
vt 0.477746 0.139836
vt 0.656134 0.303314
vt 0.657977 0.298432
vt 0.659522 0.294248
vt 0.669536 0.297142
vt 0.487087 0.144472
vt 0.660194 0.290791
vt 0.668516 0.210913
vt 0.666110 0.253445
vt 0.665828 0.260004
vt 0.628198 0.349832
vt 0.621574 0.355077
vt 0.619182 0.352301
vt 0.662157 0.285178
vt 0.663118 0.280738
vt 0.664049 0.275008
vt 0.600005 0.387980
vt 0.621235 0.372487
vt 0.656757 0.185971
vt 0.648827 0.176676
vt 0.660908 0.182717
vt 0.621975 0.137439
vt 0.630430 0.141562
vt 0.664101 0.182418
vt 0.628388 0.132586
vt 0.660645 0.173930
vt 0.667124 0.176939
vt 0.633594 0.133997
vt 0.635159 0.359789
vt 0.643281 0.350623
vt 0.667188 0.180355
vt 0.633326 0.127270
vt 0.635299 0.159615
vt 0.663768 0.166057
vt 0.673247 0.175968
vt 0.634266 0.342378
vt 0.579433 0.341844
vt 0.587366 0.345730
vt 0.571505 0.345855
vt 0.590286 0.342164
vt 0.568685 0.341089
vt 0.560264 0.346195
vt 0.559378 0.341352
vt 0.550081 0.346356
vt 0.550314 0.341516
vt 0.600743 0.345802
vt 0.596417 0.341156
vt 0.604439 0.342518
vt 0.607899 0.346356
vt 0.950121 0.818337
vt 0.946186 0.807324
vt 0.945847 0.815866
vt 0.950520 0.805083
vt 0.946121 0.826723
vt 0.950446 0.829293
vt 0.946606 0.793176
vt 0.950733 0.790617
vt 0.945879 0.835558
vt 0.950614 0.842751
vt 0.946047 0.847059
vt 0.950632 0.849136
vt 0.950733 0.858474
vt 0.946236 0.859087
vt 0.947024 0.780948
vt 0.326761 0.768162
vt 0.328103 0.766428
vt 0.339667 0.764675
vt 0.341168 0.769161
vt 0.333884 0.770549
vt 0.315425 0.767597
vt 0.316410 0.772412
vt 0.341547 0.764267
vt 0.342427 0.773047
vt 0.313925 0.773047
vt 0.105134 0.309249
vt 0.107381 0.303653
vt 0.109839 0.306802
vt 0.102424 0.305728
vt 0.114473 0.310285
vt 0.115774 0.304954
vt 0.119809 0.305383
vt 0.126267 0.310037
vt 0.124919 0.305857
vt 0.130309 0.306393
vt 0.133958 0.306434
vt 0.132482 0.311083
vt 0.110495 0.304170
vt 0.093627 0.308811
vt 0.095612 0.305995
vt 0.090026 0.304111
vt 0.084200 0.307127
vt 0.095180 0.301947
vt 0.090429 0.301190
vt 0.098702 0.302351
vt 0.103387 0.302994
vt 0.084668 0.300702
vt 0.082609 0.303391
vt 0.076669 0.307302
vt 0.077320 0.302846
vt 0.064841 0.305786
vt 0.081213 0.310259
vt 0.073320 0.309805
vt 0.065374 0.309328
vt 0.089146 0.311066
vt 0.098353 0.312001
vt 0.054556 0.308270
vt 0.106044 0.312994
vt 0.052355 0.310400
vt 0.042844 0.309027
vt 0.057809 0.312358
vt 0.039495 0.312994
vt 0.734804 0.213686
vt 0.735754 0.208517
vt 0.728024 0.208516
vt 0.742539 0.209155
vt 0.744482 0.213715
vt 0.725064 0.211872
vt 0.756085 0.209323
vt 0.713101 0.209014
vt 0.712948 0.213784
vt 0.755085 0.213784
vt 0.725323 0.213745
vt 0.762622 0.213601
vt 0.467865 0.701769
vt 0.463096 0.699670
vt 0.467482 0.697118
vt 0.470119 0.698046
vt 0.463513 0.694959
vt 0.459591 0.698543
vt 0.454351 0.693919
vt 0.464138 0.701932
vt 0.470989 0.693593
vt 0.475163 0.694988
vt 0.472756 0.692497
vt 0.457077 0.700414
vt 0.466078 0.691012
vt 0.472790 0.690706
vt 0.447665 0.695314
vt 0.445547 0.690223
vt 0.448210 0.689853
vt 0.464154 0.690921
vt 0.464604 0.692849
vt 0.436555 0.690753
vt 0.431189 0.695165
vt 0.450958 0.701769
vt 0.460521 0.689640
vt 0.608379 0.302858
vt 0.614620 0.305977
vt 0.613420 0.298820
vt 0.609237 0.308733
vt 0.607319 0.294780
vt 0.616337 0.312601
vt 0.612614 0.293561
vt 0.607002 0.286312
vt 0.614509 0.317294
vt 0.610268 0.316066
vt 0.615004 0.323136
vt 0.618247 0.317628
vt 0.612525 0.285571
vt 0.614449 0.279508
vt 0.609354 0.276199
vt 0.616171 0.270879
vt 0.610435 0.265584
vt 0.605631 0.301822
vt 0.604792 0.293429
vt 0.606638 0.309661
vt 0.604642 0.283226
vt 0.611617 0.320990
vt 0.616836 0.328279
vt 0.617817 0.325870
vt 0.621309 0.324101
vt 0.619130 0.319918
vt 0.623619 0.327131
vt 0.623242 0.333015
vt 0.626128 0.337916
vt 0.616464 0.269401
vt 0.629045 0.282962
vt 0.631609 0.276403
vt 0.624989 0.272411
vt 0.623293 0.283191
vt 0.630515 0.286529
vt 0.621106 0.279974
vt 0.619388 0.287283
vt 0.619662 0.292333
vt 0.627002 0.295748
vt 0.620826 0.296934
vt 0.626343 0.303852
vt 0.622012 0.311462
vt 0.630009 0.299622
vt 0.619241 0.305041
vt 0.630665 0.309711
vt 0.633291 0.278512
vt 0.632711 0.288655
vt 0.617481 0.296600
vt 0.631010 0.317017
vt 0.631599 0.328167
vt 0.629146 0.334571
vt 0.633556 0.298091
vt 0.615317 0.287297
vt 0.618979 0.278754
vt 0.619530 0.272064
vt 0.622551 0.271656
vt 0.634508 0.331593
vt 0.633876 0.311796
vt 0.633976 0.316855
vt 0.633934 0.322175
vt 0.633965 0.276117
vt 0.634312 0.326775
vt 0.633701 0.305962
vt 0.634371 0.285517
vt 0.634772 0.279571
vt 0.617582 0.288845
vt 0.632061 0.335425
vt 0.627950 0.338455
vt 0.632133 0.274706
vt 0.630054 0.337943
vt 0.634772 0.336136
vt 0.634676 0.292541
vt 0.479105 0.855309
vt 0.480384 0.845881
vt 0.478413 0.850891
vt 0.477866 0.843869
vt 0.479786 0.836224
vt 0.477875 0.837476
vt 0.477606 0.830593
vt 0.481961 0.829416
vt 0.477993 0.825153
vt 0.484275 0.850170
vt 0.484197 0.856115
vt 0.482840 0.817719
vt 0.479172 0.862783
vt 0.482841 0.841054
vt 0.478637 0.818862
vt 0.482383 0.811559
vt 0.483052 0.868395
vt 0.478002 0.811310
vt 0.478853 0.804463
vt 0.483326 0.805339
vt 0.485047 0.829448
vt 0.485244 0.842357
vt 0.485614 0.816916
vt 0.485520 0.867283
vt 0.483941 0.794996
vt 0.486867 0.808255
vt 0.480042 0.878864
vt 0.478248 0.868793
vt 0.482900 0.882370
vt 0.484597 0.879017
vt 0.487378 0.801925
vt 0.487378 0.876629
vt 0.484442 0.895078
vt 0.481626 0.895282
vt 0.482461 0.909131
vt 0.485955 0.905317
vt 0.981321 0.576722
vt 0.978990 0.572808
vt 0.976167 0.577707
vt 0.983844 0.567329
vt 0.975442 0.582853
vt 0.979323 0.587951
vt 0.975163 0.588495
vt 0.978816 0.595759
vt 0.986986 0.564746
vt 0.982476 0.599195
vt 0.983796 0.581393
vt 0.989978 0.567993
vt 0.987002 0.599003
vt 0.988555 0.578209
vt 0.993892 0.563213
vt 0.988257 0.605241
vt 0.992268 0.605555
vt 0.993892 0.609745
vt 0.977737 0.571604
vt 0.980787 0.566216
vt 0.741522 0.987629
vt 0.728052 0.986472
vt 0.730712 0.983960
vt 0.740056 0.984827
vt 0.718943 0.983758
vt 0.714548 0.986465
vt 0.706543 0.984564
vt 0.699564 0.988147
vt 0.691775 0.986971
vt 0.753664 0.988147
vt 0.640582 0.890301
vt 0.645733 0.887722
vt 0.643904 0.883721
vt 0.638877 0.884857
vt 0.640258 0.880102
vt 0.644746 0.876119
vt 0.640712 0.872440
vt 0.646367 0.864881
vt 0.641075 0.864387
vt 0.645920 0.855191
vt 0.639803 0.857243
vt 0.641525 0.852813
vt 0.646045 0.843455
vt 0.643209 0.893017
vt 0.642081 0.844101
vt 0.639758 0.836958
vt 0.646548 0.893273
vt 0.646622 0.883185
vt 0.644491 0.899792
vt 0.641803 0.901354
vt 0.639054 0.892522
vt 0.647548 0.889169
vt 0.646622 0.875154
vt 0.645500 0.905425
vt 0.639051 0.849664
vt 0.645302 0.836297
vt 0.646406 0.827099
vt 0.639028 0.825420
vt 0.643832 0.818157
vt 0.636957 0.863922
vt 0.648473 0.863031
vt 0.647185 0.855264
vt 0.648337 0.848708
vt 0.642181 0.909655
vt 0.637344 0.838411
vt 0.638976 0.902168
vt 0.639931 0.816180
vt 0.648465 0.811485
vt 0.643575 0.804112
vt 0.650277 0.815894
vt 0.649515 0.804584
vt 0.649553 0.799743
vt 0.641865 0.799702
vt 0.645329 0.790047
vt 0.636321 0.871236
vt 0.635024 0.837299
vt 0.648682 0.870602
vt 0.646329 0.899167
vt 0.647721 0.841038
vt 0.648837 0.834140
vt 0.647156 0.907672
vt 0.646976 0.914211
vt 0.642438 0.916066
vt 0.643184 0.924620
vt 0.648188 0.929304
vt 0.643762 0.934342
vt 0.650930 0.941109
vt 0.647125 0.951507
vt 0.636421 0.823891
vt 0.638949 0.791207
vt 0.642826 0.785106
vt 0.638168 0.913140
vt 0.634429 0.806437
vt 0.636681 0.811454
vt 0.634820 0.849336
vt 0.649320 0.922261
vt 0.633135 0.860726
vt 0.640559 0.931275
vt 0.636755 0.800586
vt 0.651873 0.947496
vt 0.649940 0.957202
vt 0.649764 0.824499
vt 0.651873 0.811584
vt 0.640902 0.943481
vt 0.649806 0.857008
vt 0.632172 0.833048
vt 0.633822 0.876652
vt 0.636564 0.918088
vt 0.631015 0.848318
vt 0.645325 0.958297
vt 0.632024 0.819560
vt 0.650538 0.792873
vt 0.647342 0.785113
vt 0.644289 0.779192
vt 0.635677 0.786343
vt 0.632584 0.888091
vt 0.635802 0.793756
vt 0.637321 0.927855
vt 0.630700 0.870500
vt 0.635210 0.903065
vt 0.274782 0.198984
vt 0.278668 0.198935
vt 0.273845 0.207843
vt 0.269803 0.210414
vt 0.278268 0.189425
vt 0.267951 0.218691
vt 0.263716 0.221360
vt 0.266147 0.225283
vt 0.258645 0.229542
vt 0.282362 0.187519
vt 0.255574 0.237605
vt 0.251013 0.240125
vt 0.274147 0.211119
vt 0.283740 0.174835
vt 0.281024 0.176122
vt 0.283441 0.161630
vt 0.188184 0.207760
vt 0.155647 0.273894
vt 0.141227 0.237883
vt 0.234881 0.205075
vt 0.228839 0.237607
vt 0.202669 0.228619
vt 0.209568 0.252994
vt 0.234279 0.149074
vt 0.158494 0.190318
vt 0.191785 0.118874
vt 0.151632 0.121994
vt 0.191667 0.073528
vt 0.129734 0.065898
vt 0.138981 0.026435
vt 0.073636 0.050004
vt 0.074374 0.018550
vt 0.108867 0.004339
vt 0.120407 0.002969
vt 0.136043 0.000439
vt 0.163751 0.002420
vt 0.188862 0.015496
vt 0.061156 0.027390
vt 0.033234 0.057169
vt 0.061213 0.087269
vt 0.023441 0.071122
vt 0.021031 0.075604
vt 0.107122 0.121742
vt 0.062552 0.170604
vt 0.031850 0.140166
vt 0.010544 0.099334
vt 0.004738 0.118539
vt 0.000407 0.148141
vt 0.002686 0.128748
vt 0.000789 0.161416
vt 0.002071 0.181894
vt 0.081246 0.208504
vt 0.060545 0.249006
vt 0.040371 0.259264
vt 0.012357 0.217424
vt 0.044801 0.263468
vt 0.054385 0.271918
vt 0.073442 0.284133
vt 0.105037 0.266258
vt 0.091033 0.232605
vt 0.122734 0.201376
vt 0.123386 0.167012
vt 0.141730 0.285188
vt 0.085629 0.290118
vt 0.114460 0.296789
vt 0.130875 0.296446
vt 0.225711 0.035360
vt 0.234279 0.104838
vt 0.256433 0.069965
vt 0.264946 0.115061
vt 0.276809 0.104902
vt 0.282711 0.131984
vt 0.279850 0.147167
vt 0.263267 0.205872
vt 0.273799 0.191688
vt 0.250243 0.238083
vt 0.144544 0.295182
vt 0.241021 0.043109
vt 0.247415 0.050512
vt 0.089177 0.010961
vt 0.001151 0.137862
vt 0.211904 0.019758
vt 0.224564 0.028282
vt 0.188614 0.008736
vt 0.177315 0.005445
vt 0.197862 0.012395
vt 0.263604 0.074026
vt 0.255822 0.062122
vt 0.155602 0.294042
vt 0.166894 0.281247
vt 0.242697 0.246449
vt 0.233798 0.036186
vt 0.283795 0.149376
vt 0.034260 0.252513
vt 0.018347 0.229550
vt 0.237078 0.252306
vt 0.220257 0.256345
vt 0.004263 0.193067
vt 0.014327 0.089263
vt 0.100686 0.294406
vt 0.046881 0.040984
vt 0.054260 0.033131
vt 0.038897 0.048922
vt 0.168692 0.284077
vt 0.001165 0.171578
vt 0.154349 0.001069
vt 0.229975 0.260789
vt 0.233075 0.258747
vt 0.231319 0.262685
vt 0.005991 0.200995
vt 0.008529 0.104411
vt 0.222030 0.260812
vt 0.194977 0.274243
vt 0.169216 0.287526
vt 0.163337 0.294731
vt 0.280887 0.121107
vt 0.140655 0.297659
vt 0.154051 0.295624
vt 0.023927 0.238446
vt 0.124287 0.298069
vt 0.145291 0.000480
vt 0.128518 0.001328
vt 0.161899 0.295758
vt 0.207219 0.273470
vt 0.178508 0.288256
vt 0.225808 0.265364
vt 0.229181 0.265968
vt 0.169955 0.293674
vt 0.167759 0.295573
vt 0.170021 0.298069
vt 0.238821 0.252761
vt 0.227815 0.272152
vt 0.172951 0.297285
vt 0.031552 0.058061
vt 0.181416 0.292204
vt 0.062702 0.277959
vt 0.223941 0.271013
vt 0.226571 0.270958
vt 0.236576 0.254614
vt 0.125404 0.000901
vt 0.114761 0.002316
vt 0.230033 0.267316
vt 0.116731 0.976842
vt 0.100845 0.974797
vt 0.121069 0.974100
vt 0.132185 0.974145
vt 0.074423 0.980064
vt 0.071169 0.974635
vt 0.082232 0.976690
vt 0.063697 0.975079
vt 0.065034 0.980080
vt 0.055364 0.980032
vt 0.046681 0.974962
vt 0.043567 0.980246
vt 0.088089 0.979888
vt 0.101596 0.979793
vt 0.091229 0.974545
vt 0.081838 0.974497
vt 0.133143 0.980246
vt 0.512726 0.026275
vt 0.520114 0.023648
vt 0.525655 0.028013
vt 0.511016 0.023411
vt 0.529787 0.024780
vt 0.536238 0.029412
vt 0.497705 0.013366
vt 0.497665 0.016209
vt 0.489475 0.013463
vt 0.509042 0.014760
vt 0.509618 0.017876
vt 0.519326 0.018444
vt 0.503965 0.021931
vt 0.492049 0.010438
vt 0.481295 0.010097
vt 0.478887 0.012103
vt 0.470177 0.010693
vt 0.500868 0.010843
vt 0.469855 0.016434
vt 0.476597 0.015394
vt 0.463086 0.015733
vt 0.459119 0.010770
vt 0.453997 0.015443
vt 0.449236 0.013080
vt 0.446465 0.016260
vt 0.487331 0.017219
vt 0.494377 0.021352
vt 0.484520 0.020742
vt 0.469967 0.020429
vt 0.443941 0.021413
vt 0.452328 0.020941
vt 0.460772 0.021234
vt 0.438600 0.017341
vt 0.435395 0.023261
vt 0.427359 0.019691
vt 0.423601 0.025977
vt 0.418662 0.022971
vt 0.496872 0.025148
vt 0.453808 0.023102
vt 0.503698 0.025209
vt 0.478603 0.025621
vt 0.471734 0.025387
vt 0.446745 0.024209
vt 0.466323 0.026084
vt 0.459563 0.026540
vt 0.486413 0.026946
vt 0.491554 0.026228
vt 0.435615 0.025926
vt 0.451157 0.027399
vt 0.424498 0.029412
vt 0.413274 0.029292
vt 0.448095 0.010249
vt 0.438336 0.011747
vt 0.073817 0.780029
vt 0.082911 0.780093
vt 0.082768 0.781583
vt 0.097176 0.781025
vt 0.097027 0.784004
vt 0.081729 0.783124
vt 0.070155 0.783845
vt 0.105456 0.782768
vt 0.103103 0.785338
vt 0.064990 0.784278
vt 0.065254 0.779740
vt 0.060569 0.784613
vt 0.057359 0.779803
vt 0.056161 0.784787
vt 0.070576 0.778314
vt 0.059032 0.778563
vt 0.048453 0.779614
vt 0.049313 0.785338
vt 0.534280 0.871753
vt 0.543834 0.861532
vt 0.529921 0.872618
vt 0.527441 0.865636
vt 0.545903 0.863038
vt 0.537214 0.872804
vt 0.548225 0.855523
vt 0.523081 0.873506
vt 0.540417 0.858406
vt 0.544521 0.852316
vt 0.533339 0.864106
vt 0.523933 0.884288
vt 0.525556 0.888569
vt 0.539661 0.880947
vt 0.533899 0.856309
vt 0.527179 0.858893
vt 0.528212 0.855410
vt 0.532648 0.891605
vt 0.537245 0.852024
vt 0.545888 0.875127
vt 0.533806 0.848974
vt 0.553119 0.867413
vt 0.545396 0.891617
vt 0.540641 0.897863
vt 0.549487 0.880278
vt 0.517931 0.887551
vt 0.524934 0.897950
vt 0.515093 0.882272
vt 0.532602 0.900936
vt 0.517989 0.899566
vt 0.513118 0.893295
vt 0.553159 0.904567
vt 0.553051 0.892101
vt 0.558006 0.901159
vt 0.555431 0.877889
vt 0.558070 0.889744
vt 0.562235 0.853317
vt 0.567617 0.855736
vt 0.563022 0.865268
vt 0.556290 0.847064
vt 0.538391 0.848373
vt 0.551322 0.846105
vt 0.563656 0.912114
vt 0.550883 0.909698
vt 0.538142 0.906175
vt 0.557831 0.915970
vt 0.521241 0.907793
vt 0.570155 0.846708
vt 0.543530 0.843883
vt 0.564459 0.841794
vt 0.553139 0.839791
vt 0.569958 0.916888
vt 0.527909 0.911262
vt 0.562939 0.923307
vt 0.571254 0.925812
vt 0.514320 0.910687
vt 0.511854 0.901480
vt 0.514088 0.872210
vt 0.524229 0.867124
vt 0.524144 0.856920
vt 0.571254 0.836419
vt 0.564806 0.833037
vt 0.559025 0.829595
vt 0.506897 0.890578
vt 0.511726 0.880339
vt 0.506398 0.896721
vt 0.506286 0.906044
vt 0.567850 0.827353
vt 0.526469 0.851994
vt 0.530539 0.844650
vt 0.534831 0.842431
vt 0.524674 0.850764
vt 0.526650 0.844891
vt 0.537719 0.832057
vt 0.529322 0.835796
vt 0.536230 0.824650
vt 0.546805 0.827489
vt 0.543352 0.821549
vt 0.544507 0.834933
vt 0.538960 0.841948
vt 0.549637 0.823398
vt 0.538017 0.821304
vt 0.550239 0.837204
vt 0.554041 0.826794
vt 0.547651 0.815445
vt 0.554952 0.810644
vt 0.551054 0.810001
vt 0.542094 0.812264
vt 0.561078 0.819273
vt 0.523239 0.830259
vt 0.549458 0.802338
vt 0.524763 0.839178
vt 0.527561 0.821579
vt 0.556429 0.800503
vt 0.541574 0.804530
vt 0.534612 0.813717
vt 0.522229 0.827155
vt 0.562925 0.808312
vt 0.555040 0.792568
vt 0.545153 0.795994
vt 0.516006 0.837003
vt 0.515650 0.843848
vt 0.549703 0.790537
vt 0.531576 0.808844
vt 0.560291 0.794057
vt 0.554112 0.781215
vt 0.559482 0.780120
vt 0.556598 0.767779
vt 0.562921 0.768428
vt 0.513043 0.832720
vt 0.506784 0.852688
vt 0.508901 0.851924
vt 0.513925 0.855168
vt 0.508545 0.860427
vt 0.510548 0.866468
vt 0.515764 0.861098
vt 0.507043 0.842104
vt 0.499556 0.866103
vt 0.501308 0.873842
vt 0.495521 0.859490
vt 0.519387 0.865509
vt 0.508414 0.875514
vt 0.496893 0.876342
vt 0.501624 0.886476
vt 0.049435 0.910281
vt 0.043114 0.908346
vt 0.047829 0.907231
vt 0.054771 0.909796
vt 0.047082 0.903411
vt 0.040418 0.905144
vt 0.046196 0.901229
vt 0.032448 0.908569
vt 0.042524 0.909853
vt 0.041474 0.901719
vt 0.036217 0.905928
vt 0.032764 0.907415
vt 0.025651 0.911765
vt 0.031013 0.911293
vt 0.056596 0.911765
vt 0.490346 0.971111
vt 0.498743 0.974270
vt 0.492783 0.975347
vt 0.489334 0.972931
vt 0.488101 0.968816
vt 0.499738 0.972369
vt 0.488679 0.968148
vt 0.488115 0.977021
vt 0.480585 0.974104
vt 0.485638 0.969457
vt 0.496289 0.978305
vt 0.502378 0.976769
vt 0.504359 0.972444
vt 0.507114 0.975457
vt 0.508570 0.972273
vt 0.515464 0.973310
vt 0.493541 0.966717
vt 0.482763 0.978045
vt 0.475259 0.975824
vt 0.469436 0.973160
vt 0.476893 0.966906
vt 0.485978 0.967336
vt 0.411381 0.996290
vt 0.413889 0.989539
vt 0.420142 0.999061
vt 0.423445 0.990152
vt 0.432196 0.998456
vt 0.431810 0.990409
vt 0.410096 0.986132
vt 0.438368 0.992763
vt 0.440785 0.999561
vt 0.402840 0.994207
vt 0.450869 0.998263
vt 0.452863 0.994316
vt 0.461363 0.998113
vt 0.471062 0.995389
vt 0.447642 0.987898
vt 0.469906 0.985744
vt 0.479049 0.993568
vt 0.479819 0.985983
vt 0.490035 0.988696
vt 0.488702 0.993345
vt 0.416525 0.979827
vt 0.436205 0.979263
vt 0.409356 0.982191
vt 0.504523 0.991909
vt 0.503029 0.986798
vt 0.447831 0.980023
vt 0.463711 0.979646
vt 0.486681 0.983136
vt 0.478291 0.983156
vt 0.498251 0.996959
vt 0.455400 0.977380
vt 0.494064 0.983376
vt 0.499742 0.982735
vt 0.511292 0.988047
vt 0.422303 0.977983
vt 0.511704 0.992627
vt 0.486255 0.999561
vt 0.476777 0.998123
vt 0.391872 0.990744
vt 0.384127 0.983815
vt 0.398602 0.982684
vt 0.393361 0.977178
vt 0.403585 0.972059
vt 0.393093 0.971506
vt 0.409646 0.971556
vt 0.382317 0.972397
vt 0.443168 0.975884
vt 0.430288 0.971992
vt 0.419685 0.971441
vt 0.469067 0.978755
vt 0.475757 0.978592
vt 0.365188 0.970644
vt 0.366409 0.962317
vt 0.377833 0.960404
vt 0.388906 0.966496
vt 0.393435 0.959684
vt 0.432201 0.969028
vt 0.506202 0.983381
vt 0.400539 0.960535
vt 0.371237 0.954183
vt 0.463128 0.976359
vt 0.384032 0.951350
vt 0.490062 0.979759
vt 0.410868 0.967201
vt 0.362529 0.952500
vt 0.443400 0.970572
vt 0.354095 0.961235
vt 0.357621 0.970869
vt 0.369521 0.944538
vt 0.401327 0.948640
vt 0.411653 0.960370
vt 0.420951 0.956633
vt 0.420469 0.946851
vt 0.427576 0.948542
vt 0.426881 0.940869
vt 0.434248 0.942074
vt 0.432135 0.958855
vt 0.439118 0.957711
vt 0.437389 0.947397
vt 0.449060 0.944652
vt 0.447637 0.940098
vt 0.455044 0.940432
vt 0.457066 0.948076
vt 0.465967 0.940892
vt 0.460530 0.938234
vt 0.475428 0.945006
vt 0.476372 0.938938
vt 0.488342 0.940714
vt 0.487349 0.936395
vt 0.497524 0.939884
vt 0.495131 0.943840
vt 0.505404 0.943224
vt 0.511903 0.942304
vt 0.497443 0.935750
vt 0.476419 0.935264
vt 0.459334 0.958139
vt 0.449663 0.950109
vt 0.448559 0.957565
vt 0.423651 0.962097
vt 0.511473 0.935998
vt 0.448110 0.936767
vt 0.458303 0.961593
vt 0.504387 0.946345
vt 0.465504 0.955667
vt 0.468525 0.959554
vt 0.473829 0.955038
vt 0.481469 0.959171
vt 0.476003 0.963770
vt 0.468474 0.963900
vt 0.482870 0.964653
vt 0.415927 0.941684
vt 0.520284 0.942582
vt 0.518750 0.949444
vt 0.526007 0.951092
vt 0.438314 0.938063
vt 0.441865 0.962120
vt 0.449340 0.971044
vt 0.465470 0.933362
vt 0.488160 0.965854
vt 0.506312 0.980347
vt 0.511754 0.980353
vt 0.518296 0.979769
vt 0.531513 0.949235
vt 0.518725 0.934011
vt 0.488227 0.928653
vt 0.529271 0.941225
vt 0.521314 0.972416
vt 0.524725 0.974738
vt 0.522191 0.967777
vt 0.528597 0.968129
vt 0.527569 0.979712
vt 0.522469 0.958488
vt 0.532701 0.964253
vt 0.535761 0.972452
vt 0.535924 0.958268
vt 0.508793 0.952985
vt 0.515748 0.968775
vt 0.396000 0.943404
vt 0.521751 0.988254
vt 0.512959 0.965301
vt 0.375859 0.944090
vt 0.496018 0.928361
vt 0.506353 0.928844
vt 0.455793 0.965608
vt 0.362529 0.944528
vt 0.462388 0.965570
vt 0.536458 0.948033
vt 0.499268 0.949208
vt 0.485049 0.948435
vt 0.493005 0.958307
vt 0.416992 0.937019
vt 0.407675 0.930882
vt 0.337596 0.951914
vt 0.503891 0.967160
vt 0.509493 0.967356
vt 0.513446 0.968005
vt 0.530993 0.933302
vt 0.341605 0.961373
vt 0.537592 0.939407
vt 0.471717 0.929536
vt 0.346890 0.944353
vt 0.338725 0.936506
vt 0.332127 0.939581
vt 0.354959 0.937126
vt 0.460997 0.972337
vt 0.380120 0.933180
vt 0.391741 0.937781
vt 0.426826 0.935229
vt 0.344989 0.929737
vt 0.365705 0.938837
vt 0.372494 0.931282
vt 0.350506 0.924421
vt 0.445241 0.930215
vt 0.341334 0.969240
vt 0.325034 0.959316
vt 0.316497 0.955982
vt 0.517266 0.924172
vt 0.529863 0.929131
vt 0.333514 0.930482
vt 0.392492 0.930321
vt 0.495294 0.920819
vt 0.315858 0.947473
vt 0.365555 0.980934
vt 0.417394 0.931441
vt 0.322813 0.967323
vt 0.304054 0.960134
vt 0.301879 0.967743
vt 0.323035 0.932646
vt 0.322917 0.971182
vt 0.354319 0.984860
vt 0.336844 0.979584
vt 0.339031 0.982973
vt 0.507666 0.923369
vt 0.490231 0.916155
vt 0.495311 0.916331
vt 0.500633 0.918571
vt 0.404965 0.925738
vt 0.302331 0.983858
vt 0.315368 0.979769
vt 0.311159 0.990444
vt 0.290282 0.990255
vt 0.290915 0.992860
vt 0.287066 0.990911
vt 0.289556 0.986806
vt 0.287052 0.998680
vt 0.333158 0.922812
vt 0.378221 0.927645
vt 0.322880 0.924608
vt 0.471594 0.923936
vt 0.452274 0.925300
vt 0.438312 0.925761
vt 0.354513 0.920496
vt 0.364263 0.919286
vt 0.420981 0.927622
vt 0.539495 0.930129
vt 0.529646 0.922482
vt 0.549246 0.087313
vt 0.546665 0.089980
vt 0.541555 0.085601
vt 0.537311 0.089894
vt 0.532481 0.086611
vt 0.533232 0.089747
vt 0.554358 0.092443
vt 0.553777 0.087864
vt 0.560048 0.093997
vt 0.526349 0.089965
vt 0.528599 0.092850
vt 0.523943 0.095722
vt 0.547159 0.091667
vt 0.538932 0.090784
vt 0.525132 0.097015
vt 0.529131 0.095396
vt 0.536174 0.092663
vt 0.560876 0.089690
vt 0.566368 0.091211
vt 0.565675 0.097015
vt 0.523208 0.092444
vt 0.885060 0.007518
vt 0.868480 0.007741
vt 0.872923 0.005410
vt 0.885523 0.004758
vt 0.896205 0.006043
vt 0.863073 0.005926
vt 0.899974 0.003951
vt 0.906965 0.005434
vt 0.901294 0.011246
vt 0.888448 0.010707
vt 0.917436 0.011512
vt 0.915708 0.005066
vt 0.924361 0.005911
vt 0.931859 0.007578
vt 0.934446 0.012730
vt 0.876727 0.011297
vt 0.861156 0.012730
vt 0.871732 0.012270
vt 0.747495 0.010643
vt 0.756847 0.011473
vt 0.748238 0.007959
vt 0.742547 0.007512
vt 0.754938 0.008170
vt 0.759543 0.008457
vt 0.764599 0.008741
vt 0.769137 0.012235
vt 0.736623 0.007463
vt 0.730835 0.007630
vt 0.750321 0.013608
vt 0.732096 0.012823
vt 0.738436 0.013362
vt 0.724512 0.012730
vt 0.725678 0.007568
vt 0.724104 0.007708
vt 0.716520 0.012616
vt 0.719694 0.008086
vt 0.709728 0.008844
vt 0.708347 0.013133
vt 0.690961 0.013608
vt 0.401848 0.002543
vt 0.399496 0.005189
vt 0.407750 0.007799
vt 0.408285 0.003133
vt 0.411562 0.008341
vt 0.416461 0.005750
vt 0.386814 0.002195
vt 0.391902 0.005448
vt 0.385528 0.005880
vt 0.381584 0.004044
vt 0.379886 0.008341
vt 0.419493 0.003124
vt 0.415972 0.008133
vt 0.420637 0.008119
vt 0.421342 0.003429
vt 0.425171 0.007607
vt 0.428746 0.003758
vt 0.878479 0.727569
vt 0.882589 0.724144
vt 0.876408 0.722436
vt 0.885182 0.729256
vt 0.891589 0.726543
vt 0.871736 0.723971
vt 0.870296 0.719818
vt 0.869193 0.724957
vt 0.875738 0.728729
vt 0.883236 0.730841
vt 0.889813 0.732527
vt 0.889803 0.729058
vt 0.895713 0.731942
vt 0.901395 0.728025
vt 0.897700 0.735473
vt 0.861147 0.716560
vt 0.861662 0.714902
vt 0.902117 0.732543
vt 0.904813 0.736172
vt 0.859596 0.719905
vt 0.883636 0.733711
vt 0.863657 0.725062
vt 0.849713 0.703857
vt 0.859311 0.717467
vt 0.851503 0.712284
vt 0.848291 0.707073
vt 0.846321 0.708185
vt 0.848219 0.705154
vt 0.861656 0.725248
vt 0.858015 0.719785
vt 0.853225 0.715917
vt 0.817964 0.619279
vt 0.819623 0.621997
vt 0.821423 0.613289
vt 0.817477 0.627482
vt 0.817308 0.612556
vt 0.819562 0.606078
vt 0.821845 0.606822
vt 0.822848 0.596414
vt 0.820368 0.598047
vt 0.822290 0.585509
vt 0.824776 0.583087
vt 0.826500 0.572254
vt 0.821271 0.618823
vt 0.821587 0.627498
vt 0.820170 0.583589
vt 0.822640 0.571850
vt 0.817182 0.604323
vt 0.820354 0.631234
vt 0.818281 0.635283
vt 0.821535 0.639748
vt 0.825428 0.561160
vt 0.830119 0.560302
vt 0.820098 0.640356
vt 0.822667 0.646785
vt 0.820667 0.647051
vt 0.822235 0.651245
vt 0.832013 0.548165
vt 0.825636 0.654408
vt 0.823173 0.640062
vt 0.822391 0.634569
vt 0.829080 0.675755
vt 0.833435 0.681538
vt 0.830709 0.674098
vt 0.826928 0.671603
vt 0.825982 0.669311
vt 0.829703 0.679298
vt 0.827458 0.664955
vt 0.831564 0.683886
vt 0.833645 0.686568
vt 0.836189 0.688004
vt 0.835654 0.691786
vt 0.825410 0.663552
vt 0.838415 0.696144
vt 0.822938 0.654636
vt 0.823631 0.664906
vt 0.822266 0.660353
vt 0.826900 0.675376
vt 0.826808 0.677077
vt 0.830395 0.686649
vt 0.822306 0.666051
vt 0.834425 0.694903
vt 0.818643 0.645390
vt 0.839354 0.702572
vt 0.842259 0.700500
vt 0.843088 0.704677
vt 0.829021 0.659773
vt 0.828940 0.652647
vt 0.832906 0.665110
vt 0.831986 0.656924
vt 0.830041 0.648764
vt 0.828152 0.647384
vt 0.835511 0.665938
vt 0.827963 0.638164
vt 0.836227 0.674001
vt 0.838807 0.673840
vt 0.841531 0.683980
vt 0.844853 0.684679
vt 0.837631 0.679638
vt 0.840100 0.686076
vt 0.845290 0.691547
vt 0.848442 0.690911
vt 0.855952 0.699461
vt 0.825823 0.634414
vt 0.827123 0.626948
vt 0.824554 0.624215
vt 0.825598 0.614599
vt 0.825527 0.606248
vt 0.825695 0.598021
vt 0.827597 0.584733
vt 0.830797 0.667802
vt 0.832652 0.563467
vt 0.833380 0.675667
vt 0.825619 0.649521
vt 0.837132 0.686369
vt 0.843360 0.693014
vt 0.848234 0.697829
vt 0.843789 0.698806
vt 0.857417 0.703012
vt 0.866187 0.713998
vt 0.868511 0.712970
vt 0.873814 0.717224
vt 0.878876 0.718192
vt 0.885978 0.720570
vt 0.887917 0.722634
vt 0.898264 0.723814
vt 0.903580 0.725431
vt 0.909125 0.724477
vt 0.909170 0.728074
vt 0.915337 0.727886
vt 0.916170 0.724335
vt 0.919790 0.727361
vt 0.925671 0.721957
vt 0.927088 0.726212
vt 0.933807 0.720845
vt 0.932584 0.719037
vt 0.940319 0.716617
vt 0.920766 0.721036
vt 0.909775 0.722931
vt 0.937733 0.723240
vt 0.947186 0.713319
vt 0.951143 0.707947
vt 0.952003 0.713001
vt 0.944880 0.719906
vt 0.951897 0.715510
vt 0.931436 0.725214
vt 0.874002 0.714817
vt 0.900620 0.720723
vt 0.834187 0.548982
vt 0.838157 0.540677
vt 0.939343 0.714273
vt 0.945798 0.709766
vt 0.950428 0.706268
vt 0.841547 0.696880
vt 0.839527 0.692505
vt 0.868723 0.710488
vt 0.953990 0.714213
vt 0.828608 0.609608
vt 0.828501 0.597158
vt 0.829187 0.622717
vt 0.931463 0.716633
vt 0.925863 0.717841
vt 0.832194 0.647114
vt 0.833789 0.653740
vt 0.908620 0.720910
vt 0.918654 0.718766
vt 0.839200 0.549861
vt 0.845018 0.537434
vt 0.846919 0.529055
vt 0.851582 0.526461
vt 0.842045 0.531860
vt 0.847056 0.521451
vt 0.853082 0.518367
vt 0.859984 0.508910
vt 0.855458 0.507781
vt 0.868046 0.499860
vt 0.867932 0.494135
vt 0.878362 0.489160
vt 0.876420 0.485849
vt 0.881497 0.481147
vt 0.894076 0.478266
vt 0.893438 0.472564
vt 0.904640 0.472004
vt 0.897812 0.470017
vt 0.906063 0.465994
vt 0.914367 0.470421
vt 0.922989 0.464722
vt 0.914171 0.462486
vt 0.924167 0.457987
vt 0.932853 0.456113
vt 0.938495 0.462680
vt 0.886714 0.476880
vt 0.943023 0.455593
vt 0.946305 0.457465
vt 0.950811 0.461066
vt 0.880801 0.492455
vt 0.869093 0.503782
vt 0.889648 0.485810
vt 0.859701 0.515113
vt 0.897756 0.481266
vt 0.907873 0.476746
vt 0.953990 0.465580
vt 0.953077 0.710828
vt 0.830792 0.634618
vt 0.925308 0.471423
vt 0.830772 0.584294
vt 0.838026 0.665067
vt 0.831791 0.572595
vt 0.883477 0.716624
vt 0.888415 0.718389
vt 0.893466 0.719364
vt 0.879303 0.714892
vt 0.835707 0.565805
vt 0.950048 0.459195
vt 0.945094 0.450834
vt 0.930924 0.451743
vt 0.865894 0.489677
vt 0.859357 0.500162
vt 0.921468 0.454224
vt 0.911427 0.458464
vt 0.891728 0.467721
vt 0.848360 0.513993
vt 0.884244 0.472409
vt 0.897000 0.464553
vt 0.903000 0.461939
vt 0.877600 0.480238
vt 0.852943 0.504999
vt 0.836527 0.536743
vt 0.840298 0.528990
vt 0.843457 0.522012
vt 0.641946 0.985149
vt 0.630414 0.985495
vt 0.639050 0.982232
vt 0.629063 0.982761
vt 0.646076 0.981596
vt 0.616305 0.986449
vt 0.618820 0.982964
vt 0.608778 0.983659
vt 0.601826 0.987955
vt 0.599496 0.984290
vt 0.650265 0.984837
vt 0.654683 0.981349
vt 0.658943 0.983879
vt 0.612704 0.989025
vt 0.628494 0.988493
vt 0.639405 0.988116
vt 0.662381 0.978627
vt 0.668974 0.981726
vt 0.649398 0.977391
vt 0.655633 0.976898
vt 0.590711 0.988002
vt 0.574470 0.989025
vt 0.584128 0.985661
vt 0.573037 0.986407
vt 0.562501 0.986808
vt 0.593615 0.980159
vt 0.575967 0.981037
vt 0.562249 0.981805
vt 0.603165 0.979417
vt 0.552949 0.982221
vt 0.552828 0.986951
vt 0.545195 0.982679
vt 0.545896 0.987200
vt 0.612306 0.978813
vt 0.588071 0.975856
vt 0.621674 0.978212
vt 0.631441 0.978094
vt 0.577583 0.975940
vt 0.562328 0.977052
vt 0.640822 0.977086
vt 0.896675 0.567281
vt 0.897812 0.581138
vt 0.898174 0.565033
vt 0.896479 0.582269
vt 0.897539 0.557125
vt 0.897066 0.595698
vt 0.899418 0.575332
vt 0.900244 0.556920
vt 0.899188 0.543490
vt 0.894544 0.551702
vt 0.896965 0.532621
vt 0.900034 0.529750
vt 0.900244 0.516681
vt 0.896123 0.518823
vt 0.797959 0.572577
vt 0.796570 0.580297
vt 0.795195 0.567953
vt 0.799246 0.565600
vt 0.800896 0.584188
vt 0.799025 0.589477
vt 0.797127 0.557346
vt 0.800112 0.556741
vt 0.796895 0.590768
vt 0.798112 0.606234
vt 0.800344 0.552323
vt 0.800896 0.547410
vt 0.528901 0.705020
vt 0.535342 0.705918
vt 0.529370 0.702521
vt 0.524471 0.701257
vt 0.522174 0.703288
vt 0.519410 0.699854
vt 0.515248 0.700711
vt 0.515082 0.697950
vt 0.509107 0.697681
vt 0.537309 0.703722
vt 0.540926 0.706366
vt 0.546380 0.704665
vt 0.546107 0.707009
vt 0.554097 0.705149
vt 0.554504 0.707199
vt 0.564295 0.706569
vt 0.564908 0.704189
vt 0.575311 0.703323
vt 0.439484 0.629881
vt 0.449209 0.644345
vt 0.440216 0.628995
vt 0.430917 0.607916
vt 0.448526 0.640568
vt 0.459012 0.655362
vt 0.433978 0.613154
vt 0.429851 0.600079
vt 0.426940 0.595336
vt 0.425499 0.588278
vt 0.426115 0.583616
vt 0.423572 0.576522
vt 0.423728 0.570676
vt 0.457886 0.656301
vt 0.422329 0.565635
vt 0.580038 0.701067
vt 0.583341 0.702513
vt 0.588887 0.699348
vt 0.593688 0.699452
vt 0.595231 0.695573
vt 0.604769 0.694154
vt 0.610974 0.687883
vt 0.616067 0.687780
vt 0.625189 0.678625
vt 0.570684 0.701296
vt 0.571984 0.705898
vt 0.579194 0.427010
vt 0.572044 0.426538
vt 0.587559 0.430024
vt 0.593340 0.433699
vt 0.595926 0.432975
vt 0.602913 0.437722
vt 0.610033 0.442896
vt 0.611885 0.442155
vt 0.625108 0.453594
vt 0.449442 0.538512
vt 0.433505 0.543995
vt 0.449302 0.565523
vt 0.440100 0.568972
vt 0.449110 0.583501
vt 0.438285 0.516623
vt 0.426390 0.522503
vt 0.423486 0.537523
vt 0.423219 0.554558
vt 0.429274 0.508571
vt 0.452361 0.479412
vt 0.455656 0.501926
vt 0.456925 0.522159
vt 0.436859 0.487650
vt 0.440754 0.480367
vt 0.452986 0.544752
vt 0.454010 0.555253
vt 0.454441 0.577767
vt 0.470235 0.491285
vt 0.462117 0.510715
vt 0.449889 0.467813
vt 0.461115 0.459501
vt 0.476603 0.467659
vt 0.485232 0.475037
vt 0.508884 0.461463
vt 0.501680 0.449871
vt 0.518289 0.448887
vt 0.508644 0.431725
vt 0.495310 0.436459
vt 0.530498 0.452848
vt 0.529072 0.458070
vt 0.529582 0.440650
vt 0.539055 0.443774
vt 0.522119 0.426992
vt 0.549016 0.452510
vt 0.554618 0.441390
vt 0.561612 0.452074
vt 0.573140 0.443925
vt 0.579640 0.455594
vt 0.589932 0.449240
vt 0.565937 0.426656
vt 0.550541 0.425135
vt 0.538069 0.425444
vt 0.525872 0.427225
vt 0.585990 0.441434
vt 0.572338 0.456209
vt 0.605647 0.461033
vt 0.594894 0.464214
vt 0.608699 0.469776
vt 0.616658 0.467433
vt 0.624166 0.487284
vt 0.631791 0.490888
vt 0.641546 0.518983
vt 0.650082 0.507371
vt 0.642957 0.482950
vt 0.654227 0.533089
vt 0.647711 0.534484
vt 0.657097 0.555342
vt 0.673436 0.549562
vt 0.662632 0.529263
vt 0.672206 0.534253
vt 0.669259 0.526957
vt 0.658336 0.509829
vt 0.622582 0.453717
vt 0.634032 0.463690
vt 0.634091 0.479319
vt 0.644250 0.475938
vt 0.668162 0.573643
vt 0.659758 0.575086
vt 0.667661 0.596904
vt 0.655244 0.601775
vt 0.675296 0.561648
vt 0.676934 0.573731
vt 0.648124 0.590919
vt 0.645154 0.602175
vt 0.642276 0.613090
vt 0.648884 0.578654
vt 0.651527 0.561533
vt 0.649050 0.547716
vt 0.675726 0.582812
vt 0.673833 0.596011
vt 0.668389 0.616412
vt 0.655455 0.627661
vt 0.660354 0.632966
vt 0.652439 0.646527
vt 0.636770 0.623430
vt 0.631745 0.642950
vt 0.631220 0.633801
vt 0.624474 0.643066
vt 0.619796 0.657754
vt 0.611244 0.654580
vt 0.599490 0.666055
vt 0.644844 0.645593
vt 0.631391 0.665990
vt 0.594417 0.691803
vt 0.642826 0.658945
vt 0.633300 0.668764
vt 0.625435 0.675826
vt 0.611143 0.685358
vt 0.582153 0.698395
vt 0.582051 0.675300
vt 0.561989 0.677732
vt 0.548760 0.688275
vt 0.535943 0.675594
vt 0.518151 0.671064
vt 0.525805 0.690442
vt 0.508811 0.684839
vt 0.554824 0.694916
vt 0.511188 0.694554
vt 0.523371 0.698708
vt 0.501767 0.689843
vt 0.496070 0.678490
vt 0.493611 0.685416
vt 0.486060 0.680026
vt 0.472852 0.661214
vt 0.473857 0.670733
vt 0.465604 0.661556
vt 0.536512 0.701066
vt 0.547670 0.701973
vt 0.556916 0.703160
vt 0.459650 0.626338
vt 0.486623 0.646790
vt 0.475609 0.632495
vt 0.468454 0.643898
vt 0.504260 0.661529
vt 0.469104 0.621785
vt 0.456474 0.597604
vt 0.649065 0.566532
vt 0.608173 0.474598
vt 0.617695 0.481427
vt 0.626585 0.496794
vt 0.583087 0.460204
vt 0.520407 0.666664
vt 0.503130 0.655697
vt 0.533055 0.671069
vt 0.486880 0.639354
vt 0.548238 0.674736
vt 0.483337 0.480760
vt 0.667337 0.514009
vt 0.651306 0.481887
vt 0.673355 0.525020
vt 0.459073 0.592992
vt 0.470802 0.617964
vt 0.458417 0.459108
vt 0.475094 0.446359
vt 0.535055 0.423963
vt 0.469783 0.500707
vt 0.482427 0.488511
vt 0.645348 0.553581
vt 0.642827 0.540398
vt 0.636171 0.521213
vt 0.629847 0.510464
vt 0.492945 0.476805
vt 0.561630 0.457474
vt 0.555565 0.457062
vt 0.600781 0.475127
vt 0.462662 0.518929
vt 0.460818 0.529589
vt 0.638372 0.666893
vt 0.513002 0.465539
vt 0.526311 0.462514
vt 0.593549 0.470138
vt 0.675471 0.549659
vt 0.613856 0.483958
vt 0.621023 0.495960
vt 0.574252 0.674899
vt 0.588414 0.668464
vt 0.459070 0.545837
vt 0.462085 0.539292
vt 0.536136 0.460585
vt 0.547521 0.455850
vt 0.648962 0.473606
vt 0.573007 0.460597
vt 0.583381 0.464709
vt 0.648385 0.655238
vt 0.654485 0.647082
vt 0.661563 0.634994
vt 0.665860 0.626568
vt 0.677117 0.564976
vt 0.596117 0.664079
vt 0.471512 0.506434
vt 0.474911 0.497619
vt 0.467105 0.517516
vt 0.499750 0.432562
vt 0.638884 0.608298
vt 0.513271 0.428498
vt 0.569398 0.671573
vt 0.560334 0.672618
vt 0.458121 0.561623
vt 0.459765 0.578292
vt 0.460764 0.586029
vt 0.465141 0.598938
vt 0.472153 0.613013
vt 0.641738 0.598012
vt 0.643707 0.590417
vt 0.644989 0.580805
vt 0.646225 0.568583
vt 0.579553 0.671095
vt 0.460094 0.556397
vt 0.486034 0.682095
vt 0.464553 0.527303
vt 0.623702 0.636437
vt 0.631178 0.624851
vt 0.617325 0.643897
vt 0.606566 0.653629
vt 0.478480 0.676696
vt 0.674877 0.599681
vt 0.634197 0.617295
vt 0.480262 0.625432
vt 0.515719 0.659610
vt 0.505122 0.653229
vt 0.489837 0.638182
vt 0.468726 0.587119
vt 0.466755 0.595221
vt 0.470164 0.593481
vt 0.474486 0.603093
vt 0.477431 0.614476
vt 0.482486 0.622433
vt 0.671380 0.612671
vt 0.674387 0.520718
vt 0.557646 0.424027
vt 0.532270 0.666994
vt 0.542553 0.669900
vt 0.549744 0.670646
vt 0.523282 0.663930
vt 0.467514 0.578528
vt 0.467720 0.570599
vt 0.466304 0.665214
vt 0.483032 0.612391
vt 0.503084 0.692789
vt 0.664872 0.498422
vt 0.462204 0.661125
vt 0.677113 0.586317
vt 0.465857 0.558465
vt 0.544975 0.423617
vt 0.466806 0.543090
vt 0.462958 0.548782
vt 0.470109 0.551362
vt 0.472502 0.542912
vt 0.470525 0.557439
vt 0.470793 0.553323
vt 0.470359 0.563019
vt 0.470004 0.568563
vt 0.471521 0.567159
vt 0.473959 0.571448
vt 0.472826 0.548503
vt 0.473022 0.554246
vt 0.473095 0.558870
vt 0.473760 0.564161
vt 0.471574 0.541098
vt 0.474503 0.538894
vt 0.468141 0.538297
vt 0.472836 0.533115
vt 0.474809 0.535929
vt 0.496269 0.689144
vt 0.468984 0.531709
vt 0.469125 0.523040
vt 0.660963 0.500149
vt 0.657152 0.483302
vt 0.651621 0.472316
vt 0.677113 0.521877
vt 0.471630 0.670834
vt 0.513198 0.470050
vt 0.480051 0.500041
vt 0.487051 0.490160
vt 0.487922 0.620362
vt 0.582762 0.470045
vt 0.472790 0.516499
vt 0.616031 0.496130
vt 0.609403 0.489848
vt 0.614579 0.496001
vt 0.619798 0.500649
vt 0.607120 0.485001
vt 0.603160 0.484221
vt 0.498272 0.639500
vt 0.488209 0.629292
vt 0.491801 0.484503
vt 0.498249 0.479207
vt 0.473961 0.526409
vt 0.475651 0.528714
vt 0.477283 0.523394
vt 0.476482 0.531557
vt 0.475997 0.534380
vt 0.478025 0.528083
vt 0.474467 0.523230
vt 0.475026 0.510049
vt 0.476985 0.504995
vt 0.598933 0.480919
vt 0.509080 0.649700
vt 0.637512 0.533409
vt 0.639170 0.542156
vt 0.633938 0.524511
vt 0.632247 0.517665
vt 0.629437 0.515903
vt 0.624237 0.507538
vt 0.642223 0.550240
vt 0.475035 0.596830
vt 0.472642 0.574325
vt 0.472066 0.575458
vt 0.476273 0.583167
vt 0.478175 0.583607
vt 0.480714 0.589746
vt 0.479002 0.591199
vt 0.477459 0.520839
vt 0.561517 0.463056
vt 0.571286 0.465300
vt 0.446632 0.470316
vt 0.493137 0.627340
vt 0.576755 0.666053
vt 0.586782 0.664178
vt 0.523020 0.467571
vt 0.530404 0.463135
vt 0.643001 0.560385
vt 0.592912 0.476076
vt 0.594364 0.478446
vt 0.587388 0.474753
vt 0.580159 0.471653
vt 0.578863 0.472300
vt 0.594976 0.659528
vt 0.583930 0.660474
vt 0.577338 0.662638
vt 0.571766 0.664082
vt 0.569628 0.667014
vt 0.594764 0.655644
vt 0.603848 0.648860
vt 0.570262 0.469944
vt 0.573823 0.469369
vt 0.538512 0.664710
vt 0.422231 0.554392
vt 0.422568 0.545619
vt 0.548853 0.460673
vt 0.541103 0.463345
vt 0.526412 0.660734
vt 0.519556 0.657575
vt 0.513365 0.651852
vt 0.588122 0.655339
vt 0.591289 0.650079
vt 0.603968 0.643831
vt 0.607485 0.644404
vt 0.612338 0.639056
vt 0.614651 0.639252
vt 0.618776 0.634192
vt 0.614137 0.634274
vt 0.620834 0.630518
vt 0.617596 0.629583
vt 0.621727 0.627942
vt 0.623985 0.625271
vt 0.608337 0.645998
vt 0.615674 0.640830
vt 0.602029 0.640862
vt 0.620448 0.625048
vt 0.623231 0.619194
vt 0.626365 0.621295
vt 0.625238 0.616737
vt 0.629000 0.616521
vt 0.629307 0.613271
vt 0.631111 0.614063
vt 0.632101 0.610152
vt 0.628311 0.609877
vt 0.629708 0.606651
vt 0.633807 0.604402
vt 0.581737 0.658720
vt 0.630070 0.602908
vt 0.635436 0.596902
vt 0.625843 0.612952
vt 0.481151 0.588325
vt 0.547618 0.464587
vt 0.542838 0.464955
vt 0.536156 0.465667
vt 0.551839 0.464340
vt 0.566026 0.467778
vt 0.558726 0.464930
vt 0.559111 0.466289
vt 0.481308 0.591497
vt 0.483277 0.599569
vt 0.487943 0.606648
vt 0.486255 0.609497
vt 0.490942 0.615026
vt 0.491735 0.612047
vt 0.495174 0.618877
vt 0.495393 0.624060
vt 0.498060 0.628645
vt 0.502238 0.632123
vt 0.504123 0.636105
vt 0.507709 0.637632
vt 0.508889 0.640819
vt 0.514068 0.642908
vt 0.514279 0.644843
vt 0.521942 0.648446
vt 0.520719 0.649388
vt 0.527369 0.652388
vt 0.526390 0.653315
vt 0.511533 0.634151
vt 0.507727 0.631710
vt 0.501681 0.626087
vt 0.530274 0.654505
vt 0.515219 0.636637
vt 0.520882 0.642616
vt 0.529743 0.655670
vt 0.540945 0.658629
vt 0.539346 0.660017
vt 0.545286 0.659789
vt 0.497817 0.619629
vt 0.538382 0.654364
vt 0.544030 0.655928
vt 0.531098 0.651864
vt 0.548693 0.660690
vt 0.526387 0.646636
vt 0.569213 0.663664
vt 0.555952 0.663355
vt 0.560781 0.662500
vt 0.554888 0.661935
vt 0.640003 0.551469
vt 0.642676 0.577222
vt 0.640975 0.585676
vt 0.639829 0.592293
vt 0.556284 0.657282
vt 0.528937 0.467498
vt 0.637569 0.600375
vt 0.635800 0.606514
vt 0.634388 0.610554
vt 0.640507 0.557138
vt 0.586233 0.652520
vt 0.507564 0.644308
vt 0.501043 0.636263
vt 0.631808 0.597336
vt 0.633374 0.590447
vt 0.637419 0.589693
vt 0.635768 0.584508
vt 0.638338 0.586238
vt 0.639506 0.578350
vt 0.433030 0.495272
vt 0.625429 0.627681
vt 0.478953 0.598351
vt 0.523857 0.425236
vt 0.604608 0.651657
vt 0.479338 0.523465
vt 0.643048 0.571085
vt 0.640520 0.567386
vt 0.521152 0.469971
vt 0.517011 0.472505
vt 0.514112 0.472286
vt 0.510270 0.475839
vt 0.476431 0.515047
vt 0.477565 0.518699
vt 0.479168 0.518828
vt 0.640538 0.561205
vt 0.638251 0.567261
vt 0.640259 0.572673
vt 0.638250 0.572598
vt 0.487556 0.496759
vt 0.638554 0.466213
vt 0.631590 0.458674
vt 0.497192 0.486808
vt 0.484890 0.501651
vt 0.488487 0.499979
vt 0.483899 0.505036
vt 0.490907 0.493234
vt 0.491777 0.494702
vt 0.494463 0.490141
vt 0.481674 0.507397
vt 0.483330 0.507549
vt 0.480019 0.513546
vt 0.496834 0.488310
vt 0.501561 0.482708
vt 0.499525 0.483180
vt 0.008350 0.583812
vt 0.008632 0.589324
vt 0.010289 0.594882
vt 0.010430 0.580538
vt 0.008115 0.578461
vt 0.008295 0.575262
vt 0.013203 0.571540
vt 0.010639 0.570162
vt 0.015879 0.573421
vt 0.014080 0.592876
vt 0.013899 0.581205
vt 0.014001 0.600902
vt 0.010926 0.607096
vt 0.014303 0.613041
vt 0.011175 0.617279
vt 0.014381 0.624870
vt 0.011374 0.624767
vt 0.011773 0.630702
vt 0.014371 0.635521
vt 0.008497 0.600768
vt 0.009650 0.606698
vt 0.008755 0.611444
vt 0.012162 0.636048
vt 0.013647 0.640856
vt 0.015407 0.646494
vt 0.010097 0.619655
vt 0.006922 0.594374
vt 0.007210 0.604882
vt 0.007424 0.569359
vt 0.012892 0.646366
vt 0.015879 0.652766
vt 0.429509 0.441120
vt 0.429433 0.425229
vt 0.428333 0.429397
vt 0.431471 0.423207
vt 0.432223 0.436626
vt 0.433129 0.443821
vt 0.433064 0.424093
vt 0.430546 0.455404
vt 0.433390 0.457420
vt 0.433632 0.466218
vt 0.429975 0.474539
vt 0.428072 0.468791
vt 0.428382 0.456671
vt 0.431109 0.408692
vt 0.427932 0.444696
vt 0.433632 0.429989
vt 0.964830 0.808635
vt 0.962447 0.806410
vt 0.961472 0.810813
vt 0.960440 0.817164
vt 0.965415 0.816871
vt 0.961941 0.822580
vt 0.958876 0.826528
vt 0.967699 0.806633
vt 0.964274 0.826707
vt 0.968762 0.814417
vt 0.967622 0.825744
vt 0.972589 0.798772
vt 0.965677 0.841008
vt 0.962562 0.836490
vt 0.962378 0.845723
vt 0.972246 0.905201
vt 0.970112 0.896441
vt 0.968210 0.904855
vt 0.966275 0.892860
vt 0.974825 0.915471
vt 0.967510 0.884647
vt 0.964281 0.882334
vt 0.966499 0.875288
vt 0.963336 0.870458
vt 0.965831 0.866923
vt 0.963238 0.858577
vt 0.975698 0.906541
vt 0.979540 0.920494
vt 0.979904 0.925668
vt 0.972308 0.890845
vt 0.965273 0.855713
vt 0.970175 0.877169
vt 0.968831 0.856457
vt 0.977438 0.901661
vt 0.974695 0.888136
vt 0.983386 0.922651
vt 0.970460 0.836636
vt 0.973304 0.873867
vt 0.971729 0.825666
vt 0.972554 0.812306
vt 0.976801 0.794845
vt 0.978927 0.780140
vt 0.983396 0.777698
vt 0.985749 0.764557
vt 0.975219 0.783557
vt 0.978976 0.771740
vt 0.981473 0.765701
vt 0.976122 0.778342
vt 0.984410 0.758999
vt 0.985749 0.932836
vt 0.689357 0.169380
vt 0.687002 0.173134
vt 0.690022 0.183891
vt 0.687711 0.185873
vt 0.690961 0.193591
vt 0.686889 0.163116
vt 0.689613 0.158731
vt 0.688546 0.148382
vt 0.690961 0.142669
vt 0.715479 0.446966
vt 0.715066 0.458038
vt 0.712421 0.442830
vt 0.712134 0.454874
vt 0.712281 0.463396
vt 0.713282 0.472084
vt 0.716205 0.472783
vt 0.714909 0.438531
vt 0.712897 0.428885
vt 0.716205 0.444294
vt 0.337622 0.816807
vt 0.337120 0.821283
vt 0.340489 0.823839
vt 0.341193 0.830044
vt 0.332054 0.813801
vt 0.330939 0.808456
vt 0.329058 0.810653
vt 0.337672 0.832591
vt 0.342427 0.840928
vt 0.337593 0.839473
vt 0.342111 0.851526
vt 0.333193 0.820401
vt 0.329303 0.812960
vt 0.332810 0.824674
vt 0.337635 0.849773
vt 0.338543 0.861383
vt 0.341797 0.863273
vt 0.341969 0.875326
vt 0.336889 0.876955
vt 0.334280 0.831681
vt 0.341997 0.883255
vt 0.338810 0.884795
vt 0.342427 0.894705
vt 0.338971 0.897572
vt 0.340708 0.902298
vt 0.337928 0.902950
vt 0.335704 0.861806
vt 0.325311 0.822685
vt 0.331870 0.843523
vt 0.326789 0.816728
vt 0.322941 0.830118
vt 0.322387 0.838562
vt 0.328739 0.854617
vt 0.335881 0.897121
vt 0.335745 0.885128
vt 0.334777 0.889780
vt 0.327811 0.867718
vt 0.322875 0.861301
vt 0.331203 0.876791
vt 0.318538 0.853820
vt 0.317809 0.846562
vt 0.316229 0.852386
vt 0.317414 0.836408
vt 0.316435 0.839588
vt 0.315511 0.845095
vt 0.320310 0.864368
vt 0.328895 0.883031
vt 0.314893 0.855366
vt 0.329046 0.878060
vt 0.330594 0.889997
vt 0.331818 0.897252
vt 0.332561 0.902472
vt 0.323747 0.874979
vt 0.337499 0.904694
vt 0.340939 0.904280
vt 0.333972 0.906868
vt 0.315304 0.862221
vt 0.332912 0.806409
vt 0.310489 0.856042
vt 0.312978 0.853543
vt 0.311286 0.852290
vt 0.309966 0.860266
vt 0.320035 0.875461
vt 0.310119 0.863134
vt 0.302524 0.853834
vt 0.323768 0.880482
vt 0.327023 0.885911
vt 0.327516 0.892617
vt 0.328891 0.902839
vt 0.328469 0.907375
vt 0.583723 0.587659
vt 0.586792 0.589036
vt 0.585780 0.593020
vt 0.585031 0.584962
vt 0.579657 0.584721
vt 0.581649 0.592935
vt 0.584332 0.598411
vt 0.574175 0.588414
vt 0.572856 0.596329
vt 0.568505 0.588351
vt 0.579417 0.599309
vt 0.587525 0.583469
vt 0.582640 0.606840
vt 0.575647 0.607856
vt 0.575601 0.601042
vt 0.569614 0.582989
vt 0.568698 0.599648
vt 0.564486 0.593804
vt 0.570139 0.604407
vt 0.566013 0.605754
vt 0.564160 0.599277
vt 0.562545 0.595192
vt 0.560185 0.599824
vt 0.562486 0.592566
vt 0.562903 0.590259
vt 0.565326 0.588317
vt 0.562391 0.588175
vt 0.557252 0.591826
vt 0.565681 0.584701
vt 0.557934 0.586879
vt 0.553746 0.590020
vt 0.561984 0.582449
vt 0.547455 0.576814
vt 0.557606 0.576001
vt 0.541152 0.583518
vt 0.546111 0.592511
vt 0.537214 0.588678
vt 0.540799 0.575802
vt 0.551938 0.593018
vt 0.560446 0.574857
vt 0.578931 0.578692
vt 0.528377 0.577963
vt 0.528292 0.587936
vt 0.546874 0.565601
vt 0.567300 0.575697
vt 0.526059 0.597535
vt 0.516722 0.598739
vt 0.532336 0.596002
vt 0.539608 0.595326
vt 0.545679 0.594819
vt 0.532042 0.561883
vt 0.554210 0.563000
vt 0.518967 0.591829
vt 0.525522 0.564306
vt 0.580563 0.572975
vt 0.568285 0.608598
vt 0.565292 0.607575
vt 0.563455 0.605796
vt 0.561762 0.603011
vt 0.560861 0.604693
vt 0.589169 0.594816
vt 0.522540 0.574145
vt 0.520102 0.585021
vt 0.504296 0.597185
vt 0.527344 0.551800
vt 0.589146 0.600711
vt 0.528252 0.600504
vt 0.523471 0.601467
vt 0.518480 0.602730
vt 0.514099 0.603655
vt 0.533692 0.599234
vt 0.509598 0.604921
vt 0.505533 0.606695
vt 0.519246 0.566971
vt 0.516434 0.584361
vt 0.511634 0.587129
vt 0.520703 0.554590
vt 0.565827 0.610623
vt 0.516254 0.572079
vt 0.509326 0.592905
vt 0.499943 0.596627
vt 0.504780 0.586412
vt 0.498394 0.607199
vt 0.498535 0.609348
vt 0.505921 0.608837
vt 0.493574 0.608451
vt 0.493078 0.610623
vt 0.588918 0.584792
vt 0.587258 0.602900
vt 0.541111 0.597729
vt 0.588371 0.607963
vt 0.560496 0.595139
vt 0.586756 0.608445
vt 0.558243 0.593365
vt 0.560584 0.593837
vt 0.472341 0.398156
vt 0.478876 0.398028
vt 0.476760 0.395141
vt 0.472369 0.394958
vt 0.467834 0.395065
vt 0.482361 0.394553
vt 0.487262 0.397575
vt 0.488127 0.394192
vt 0.493893 0.398156
vt 0.492408 0.393766
vt 0.674669 0.953114
vt 0.674657 0.962548
vt 0.672022 0.948697
vt 0.669938 0.960894
vt 0.669788 0.949915
vt 0.670127 0.973222
vt 0.674674 0.973031
vt 0.674674 0.942493
vt 0.523795 0.346485
vt 0.533703 0.346356
vt 0.530913 0.348371
vt 0.538656 0.348533
vt 0.546042 0.346807
vt 0.518558 0.348990
vt 0.515252 0.347072
vt 0.509365 0.348984
vt 0.551710 0.348984
vt 0.533988 0.303175
vt 0.533599 0.306323
vt 0.536498 0.304891
vt 0.525200 0.303997
vt 0.518405 0.306671
vt 0.518447 0.304059
vt 0.548461 0.306448
vt 0.512138 0.305189
vt 0.510993 0.306848
vt 0.546220 0.304222
vt 0.557130 0.304035
vt 0.556788 0.306848
vt 0.568811 0.306474
vt 0.512193 0.298946
vt 0.518901 0.299623
vt 0.623648 0.238432
vt 0.621593 0.235894
vt 0.621540 0.232846
vt 0.622162 0.238732
vt 0.624588 0.242961
vt 0.621562 0.240907
vt 0.618129 0.233313
vt 0.617121 0.229651
vt 0.621130 0.226549
vt 0.616892 0.221029
vt 0.615435 0.233254
vt 0.610352 0.227574
vt 0.624364 0.227261
vt 0.620281 0.215625
vt 0.617038 0.212125
vt 0.609564 0.220491
vt 0.602588 0.213934
vt 0.603527 0.206651
vt 0.617392 0.203501
vt 0.596274 0.217168
vt 0.593356 0.208031
vt 0.587911 0.213692
vt 0.625096 0.233105
vt 0.623854 0.213311
vt 0.582050 0.210135
vt 0.582268 0.206567
vt 0.579102 0.213591
vt 0.568293 0.208738
vt 0.563703 0.204288
vt 0.585395 0.202803
vt 0.599331 0.202662
vt 0.614465 0.199054
vt 0.624409 0.205288
vt 0.558377 0.207440
vt 0.537881 0.207858
vt 0.558986 0.213620
vt 0.541925 0.210381
vt 0.519735 0.211424
vt 0.528931 0.213471
vt 0.515600 0.215856
vt 0.506856 0.213607
vt 0.500258 0.221723
vt 0.495150 0.219765
vt 0.484917 0.227037
vt 0.481169 0.220528
vt 0.491375 0.216096
vt 0.621589 0.198551
vt 0.495079 0.234694
vt 0.468320 0.228206
vt 0.468870 0.234811
vt 0.463155 0.236349
vt 0.478379 0.235406
vt 0.462663 0.228774
vt 0.627523 0.237398
vt 0.501232 0.239495
vt 0.508209 0.236375
vt 0.456651 0.237985
vt 0.525109 0.205876
vt 0.509540 0.225321
vt 0.513390 0.208574
vt 0.522886 0.239348
vt 0.615246 0.196435
vt 0.627266 0.217818
vt 0.530082 0.230879
vt 0.542648 0.235351
vt 0.533768 0.218933
vt 0.543652 0.241126
vt 0.571713 0.233554
vt 0.567474 0.240070
vt 0.552686 0.228149
vt 0.571308 0.227068
vt 0.580844 0.233465
vt 0.580566 0.238227
vt 0.546451 0.214713
vt 0.588798 0.234817
vt 0.577017 0.224995
vt 0.593592 0.239910
vt 0.595989 0.236914
vt 0.569673 0.214293
vt 0.604605 0.239575
vt 0.567922 0.223015
vt 0.630146 0.232728
vt 0.587500 0.226775
vt 0.599785 0.232721
vt 0.608985 0.236590
vt 0.611089 0.241615
vt 0.615359 0.239641
vt 0.602559 0.226695
vt 0.530067 0.244513
vt 0.630725 0.219183
vt 0.495354 0.211731
vt 0.616397 0.236884
vt 0.630916 0.238066
vt 0.632121 0.212336
vt 0.455122 0.232579
vt 0.547499 0.202559
vt 0.565638 0.200105
vt 0.598807 0.197867
vt 0.451224 0.239758
vt 0.450226 0.235493
vt 0.624692 0.197697
vt 0.615383 0.243791
vt 0.631384 0.203999
vt 0.481107 0.214691
vt 0.470608 0.220623
vt 0.620150 0.192713
vt 0.638722 0.219382
vt 0.500078 0.207970
vt 0.458279 0.225853
vt 0.642312 0.227881
vt 0.635606 0.234851
vt 0.636402 0.240143
vt 0.465915 0.221812
vt 0.640719 0.210844
vt 0.444924 0.233523
vt 0.440147 0.239549
vt 0.448539 0.230693
vt 0.453230 0.227495
vt 0.645895 0.235541
vt 0.632258 0.199210
vt 0.649815 0.218718
vt 0.641121 0.204053
vt 0.649356 0.244513
vt 0.651056 0.239280
vt 0.648507 0.209869
vt 0.659202 0.218294
vt 0.658876 0.211842
vt 0.650823 0.202125
vt 0.547419 0.933786
vt 0.550110 0.938437
vt 0.549150 0.930845
vt 0.546752 0.927157
vt 0.549542 0.924902
vt 0.545392 0.938093
vt 0.545195 0.927276
vt 0.548250 0.942367
vt 0.547379 0.917910
vt 0.546097 0.946649
vt 0.549873 0.946147
vt 0.550739 0.949160
vt 0.548314 0.949170
vt 0.545667 0.953702
vt 0.548915 0.953398
vt 0.550896 0.953907
vt 0.550896 0.931495
vt 0.383343 0.815969
vt 0.392498 0.821438
vt 0.386681 0.819546
vt 0.377747 0.813713
vt 0.369965 0.811466
vt 0.400207 0.825604
vt 0.394311 0.821520
vt 0.364554 0.808752
vt 0.447917 0.864564
vt 0.430803 0.857760
vt 0.444972 0.854219
vt 0.424523 0.845309
vt 0.439576 0.841060
vt 0.419640 0.851044
vt 0.418567 0.844251
vt 0.425164 0.828614
vt 0.415671 0.838118
vt 0.430438 0.819382
vt 0.425675 0.811262
vt 0.411288 0.810782
vt 0.404942 0.824289
vt 0.409895 0.828302
vt 0.409138 0.801227
vt 0.418787 0.801597
vt 0.395639 0.813865
vt 0.399160 0.804410
vt 0.389615 0.812005
vt 0.387793 0.797683
vt 0.395298 0.786816
vt 0.384626 0.807877
vt 0.387769 0.788982
vt 0.390490 0.817623
vt 0.394777 0.818790
vt 0.386383 0.816597
vt 0.410440 0.758761
vt 0.411530 0.762254
vt 0.424470 0.751772
vt 0.424587 0.745841
vt 0.438205 0.742491
vt 0.435411 0.736376
vt 0.454650 0.730990
vt 0.446769 0.729820
vt 0.448332 0.742077
vt 0.420395 0.762156
vt 0.463727 0.731733
vt 0.469885 0.723367
vt 0.486031 0.727696
vt 0.497723 0.724253
vt 0.482933 0.717630
vt 0.404464 0.789419
vt 0.406179 0.795508
vt 0.407320 0.780474
vt 0.400986 0.764858
vt 0.492764 0.733575
vt 0.472689 0.735299
vt 0.505959 0.731247
vt 0.525019 0.733568
vt 0.517038 0.725152
vt 0.542411 0.733963
vt 0.544044 0.725206
vt 0.503049 0.718053
vt 0.577444 0.757693
vt 0.585045 0.771149
vt 0.570991 0.743832
vt 0.409634 0.837716
vt 0.404100 0.845440
vt 0.526941 0.718658
vt 0.592379 0.765747
vt 0.600325 0.789784
vt 0.588575 0.788057
vt 0.605543 0.807363
vt 0.582224 0.779400
vt 0.571081 0.767612
vt 0.402287 0.830361
vt 0.381388 0.826719
vt 0.393290 0.843954
vt 0.383377 0.845736
vt 0.613018 0.810619
vt 0.609255 0.825821
vt 0.618916 0.827560
vt 0.614900 0.835960
vt 0.607881 0.836291
vt 0.610012 0.848856
vt 0.617070 0.856385
vt 0.610439 0.867197
vt 0.610476 0.880692
vt 0.619469 0.877601
vt 0.615990 0.895676
vt 0.621710 0.841026
vt 0.622929 0.854108
vt 0.530912 0.742795
vt 0.606294 0.786619
vt 0.557710 0.754867
vt 0.602216 0.816905
vt 0.594032 0.799016
vt 0.372198 0.831037
vt 0.378259 0.846965
vt 0.438495 0.831463
vt 0.462337 0.743308
vt 0.367748 0.838580
vt 0.371877 0.849347
vt 0.360554 0.851055
vt 0.608949 0.892964
vt 0.609041 0.904174
vt 0.614595 0.908156
vt 0.503633 0.736760
vt 0.517252 0.739041
vt 0.612280 0.907693
vt 0.610940 0.913602
vt 0.444534 0.750939
vt 0.430784 0.761764
vt 0.422949 0.769610
vt 0.567860 0.736510
vt 0.413449 0.778115
vt 0.410925 0.790879
vt 0.621939 0.883810
vt 0.623309 0.869247
vt 0.617529 0.906598
vt 0.473634 0.739765
vt 0.404819 0.829820
vt 0.581749 0.746758
vt 0.402544 0.822645
vt 0.398696 0.820525
vt 0.603887 0.830395
vt 0.365805 0.822006
vt 0.363581 0.809747
vt 0.616097 0.804170
vt 0.619587 0.815123
vt 0.435275 0.824700
vt 0.440886 0.837353
vt 0.433418 0.862298
vt 0.438659 0.870723
vt 0.447598 0.881561
vt 0.451634 0.879519
vt 0.456327 0.885079
vt 0.444761 0.890367
vt 0.450216 0.898817
vt 0.467781 0.897264
vt 0.461303 0.912425
vt 0.438121 0.901383
vt 0.457530 0.916116
vt 0.450018 0.863319
vt 0.452817 0.872588
vt 0.448515 0.857668
vt 0.355337 0.829379
vt 0.424968 0.806495
vt 0.592801 0.758972
vt 0.413910 0.794608
vt 0.354247 0.842452
vt 0.408983 0.830547
vt 0.357550 0.824784
vt 0.414494 0.750487
vt 0.603816 0.774259
vt 0.454700 0.722759
vt 0.469600 0.718098
vt 0.441996 0.891125
vt 0.356726 0.811865
vt 0.508148 0.714413
vt 0.606085 0.878738
vt 0.429453 0.812822
vt 0.612424 0.790704
vt 0.569275 0.732388
vt 0.546868 0.719630
vt 0.549273 0.754973
vt 0.625000 0.835204
vt 0.606189 0.886891
vt 0.496484 0.738615
vt 0.481259 0.740255
vt 0.425672 0.738469
vt 0.444143 0.884232
vt 0.441662 0.878153
vt 0.416817 0.782265
vt 0.445301 0.848366
vt 0.605090 0.844175
vt 0.606418 0.856243
vt 0.606870 0.867347
vt 0.382414 0.798840
vt 0.492936 0.711589
vt 0.538001 0.714629
vt 0.604972 0.902556
vt 0.609757 0.917910
vt 0.595843 0.808729
vt 0.600842 0.824900
vt 0.511524 0.740613
vt 0.527913 0.745184
vt 0.438639 0.729624
vt 0.453164 0.879863
vt 0.540615 0.750376
vt 0.586930 0.746555
vt 0.590334 0.799564
vt 0.586545 0.792374
vt 0.466110 0.892742
vt 0.460838 0.887497
vt 0.573038 0.773538
vt 0.558275 0.760908
vt 0.432159 0.817972
vt 0.352096 0.850491
vt 0.577905 0.779965
vt 0.441331 0.758200
vt 0.426761 0.857105
vt 0.348941 0.836020
vt 0.350801 0.816595
vt 0.603316 0.883396
vt 0.414892 0.850334
vt 0.422147 0.801287
vt 0.406016 0.753974
vt 0.445504 0.755133
vt 0.451788 0.751150
vt 0.437211 0.762021
vt 0.431467 0.767313
vt 0.424630 0.773547
vt 0.460728 0.746749
vt 0.419277 0.779881
vt 0.471499 0.743759
vt 0.420740 0.740801
vt 0.349073 0.845624
vt 0.468938 0.898646
vt 0.601863 0.892264
vt 0.600635 0.896321
vt 0.597723 0.899917
vt 0.413838 0.790423
vt 0.442768 0.908649
vt 0.580347 0.734840
vt 0.359169 0.808595
vt 0.459141 0.917730
vt 0.456700 0.917910
vt 0.586635 0.740581
vt 0.367834 0.850684
vt 0.488137 0.740844
vt 0.510832 0.743225
vt 0.518093 0.744598
vt 0.496501 0.741672
vt 0.504417 0.742093
vt 0.459863 0.749041
vt 0.417617 0.795825
vt 0.481730 0.743451
vt 0.434845 0.820711
vt 0.528172 0.747760
vt 0.417722 0.790534
vt 0.444081 0.842099
vt 0.427449 0.806384
vt 0.454644 0.874453
vt 0.437581 0.824880
vt 0.433047 0.816375
vt 0.453212 0.866466
vt 0.454359 0.871407
vt 0.447836 0.851431
vt 0.441650 0.834616
vt 0.451698 0.861456
vt 0.416331 0.792016
vt 0.440352 0.829734
vt 0.044381 0.646140
vt 0.046010 0.634328
vt 0.046010 0.647498
vt 0.551394 0.166919
vt 0.553078 0.166770
vt 0.550423 0.175383
vt 0.552725 0.157178
vt 0.553770 0.170235
vt 0.555008 0.163631
vt 0.554503 0.152051
vt 0.551907 0.150354
vt 0.549624 0.139157
vt 0.549462 0.174506
vt 0.545205 0.181821
vt 0.555702 0.155450
vt 0.543171 0.180758
vt 0.550409 0.178379
vt 0.540716 0.186149
vt 0.539697 0.184050
vt 0.532166 0.189201
vt 0.549245 0.183388
vt 0.556602 0.175166
vt 0.567536 0.164791
vt 0.569791 0.176542
vt 0.590109 0.176367
vt 0.592164 0.164101
vt 0.564734 0.181498
vt 0.598788 0.181228
vt 0.607806 0.175614
vt 0.613543 0.179971
vt 0.610376 0.169769
vt 0.610009 0.162293
vt 0.617156 0.186565
vt 0.621964 0.185488
vt 0.562716 0.184928
vt 0.599012 0.158694
vt 0.555971 0.158839
vt 0.599400 0.186293
vt 0.632329 0.189201
vt 0.610121 0.156142
vt 0.616625 0.176617
vt 0.623798 0.183831
vt 0.613317 0.172028
vt 0.611366 0.165966
vt 0.600399 0.154993
vt 0.232150 0.972344
vt 0.234972 0.974978
vt 0.229970 0.974978
vt 0.239007 0.972701
vt 0.223534 0.973124
vt 0.428746 0.372776
vt 0.428642 0.335821
vt 0.428117 0.342930
vt 0.427932 0.373691
vt 0.428642 0.377085
vt 0.270223 0.314683
vt 0.266694 0.312886
vt 0.272342 0.313127
vt 0.272711 0.317105
vt 0.267670 0.315435
vt 0.269460 0.318262
vt 0.269032 0.310790
vt 0.270659 0.308842
vt 0.273208 0.312177
vt 0.272711 0.305970
vt 0.905029 0.782766
vt 0.911523 0.787418
vt 0.907815 0.786779
vt 0.903649 0.783961
vt 0.898588 0.780070
vt 0.911393 0.790313
vt 0.914429 0.791738
vt 0.900467 0.784336
vt 0.904474 0.786276
vt 0.912687 0.793983
vt 0.915135 0.797989
vt 0.907826 0.789450
vt 0.916737 0.799609
vt 0.849902 0.823288
vt 0.854279 0.816950
vt 0.854302 0.821945
vt 0.861955 0.821191
vt 0.862338 0.812781
vt 0.868979 0.820257
vt 0.873943 0.813300
vt 0.873972 0.822048
vt 0.852835 0.808693
vt 0.858063 0.803967
vt 0.849172 0.813942
vt 0.846326 0.819904
vt 0.870659 0.804373
vt 0.865630 0.799681
vt 0.875443 0.796574
vt 0.870910 0.797400
vt 0.880940 0.799737
vt 0.879393 0.822564
vt 0.884642 0.824454
vt 0.885704 0.808385
vt 0.895409 0.824429
vt 0.882760 0.792181
vt 0.891352 0.794449
vt 0.892713 0.809241
vt 0.843285 0.823179
vt 0.887797 0.788049
vt 0.891743 0.826982
vt 0.899854 0.827480
vt 0.873966 0.793066
vt 0.870630 0.795077
vt 0.893827 0.789057
vt 0.866084 0.823334
vt 0.873033 0.823592
vt 0.899595 0.812586
vt 0.902459 0.825496
vt 0.899600 0.797253
vt 0.881160 0.788220
vt 0.899918 0.789945
vt 0.861595 0.823379
vt 0.857102 0.823928
vt 0.879005 0.825330
vt 0.904189 0.804181
vt 0.905113 0.793696
vt 0.903509 0.817511
vt 0.909451 0.822866
vt 0.894240 0.783998
vt 0.884633 0.826591
vt 0.851968 0.825061
vt 0.910119 0.807462
vt 0.915590 0.807395
vt 0.917160 0.805152
vt 0.917345 0.810267
vt 0.916092 0.816260
vt 0.914937 0.814936
vt 0.913336 0.821156
vt 0.914678 0.822208
vt 0.888212 0.785795
vt 0.842427 0.827480
vt 0.845947 0.818824
vt 0.969385 0.771008
vt 0.968251 0.769327
vt 0.965686 0.773597
vt 0.971091 0.774054
vt 0.970395 0.781897
vt 0.966852 0.778884
vt 0.966320 0.785476
vt 0.969346 0.784388
vt 0.971091 0.786216
vt 0.961563 0.784561
vt 0.961664 0.777412
vt 0.957300 0.780151
vt 0.963132 0.772440
vt 0.960491 0.773454
vt 0.961003 0.766828
vt 0.964774 0.766023
vt 0.957248 0.769561
vt 0.953990 0.046093
vt 0.950635 0.041703
vt 0.949919 0.046093
vt 0.664902 0.938704
vt 0.667345 0.939855
vt 0.665992 0.941615
vt 0.665992 0.936348
vt 0.288095 0.013175
vt 0.286055 0.016398
vt 0.287561 0.007375
vt 0.289670 0.018156
vt 0.288701 0.009084
vt 0.288092 0.019759
vt 0.290303 0.013089
vt 0.290493 0.007038
vt 0.287353 0.001795
vt 0.284609 0.000439
vt 0.297016 0.001435
vt 0.304505 0.006926
vt 0.332276 0.006936
vt 0.343998 0.001208
vt 0.342668 0.007329
vt 0.346498 0.002155
vt 0.344860 0.008345
vt 0.342917 0.013210
vt 0.344735 0.015747
vt 0.308908 0.267918
vt 0.291240 0.269546
vt 0.314441 0.256998
vt 0.291227 0.256061
vt 0.290796 0.231921
vt 0.342815 0.255321
vt 0.313495 0.229123
vt 0.343751 0.229815
vt 0.342836 0.283419
vt 0.317103 0.290769
vt 0.291423 0.293092
vt 0.315792 0.332804
vt 0.291224 0.336375
vt 0.291823 0.365557
vt 0.315519 0.361186
vt 0.297082 0.400615
vt 0.291857 0.409989
vt 0.318609 0.426157
vt 0.291930 0.453151
vt 0.329870 0.435125
vt 0.342480 0.398266
vt 0.342429 0.371616
vt 0.344319 0.330357
vt 0.344244 0.273900
vt 0.344368 0.421358
vt 0.328800 0.473879
vt 0.293294 0.473397
vt 0.293530 0.508045
vt 0.343118 0.509951
vt 0.343311 0.472369
vt 0.343218 0.521141
vt 0.292555 0.524467
vt 0.290622 0.201868
vt 0.309078 0.122747
vt 0.308617 0.083966
vt 0.321666 0.093631
vt 0.330311 0.111204
vt 0.313251 0.151840
vt 0.342859 0.206320
vt 0.316437 0.188938
vt 0.333333 0.174598
vt 0.342110 0.147906
vt 0.341742 0.078193
vt 0.341506 0.031000
vt 0.324317 0.051058
vt 0.325254 0.029073
vt 0.301123 0.049558
vt 0.301968 0.030436
vt 0.291595 0.069614
vt 0.291364 0.035262
vt 0.290355 0.111524
vt 0.290677 0.145981
vt 0.290787 0.169292
vt 0.308881 0.023063
vt 0.290131 0.023691
vt 0.291767 0.484597
vt 0.341698 0.022748
vt 0.325454 0.021809
vt 0.343277 0.525650
vt 0.344696 0.368861
vt 0.344169 0.115372
vt 0.343724 0.066675
vt 0.344605 0.025252
vt 0.344272 0.183856
vt 0.289326 0.072395
vt 0.288702 0.028702
vt 0.303511 0.529287
vt 0.292509 0.529939
vt 0.344724 0.477354
vt 0.345062 0.525334
vt 0.342918 0.017781
vt 0.343591 0.529819
vt 0.344937 0.091815
vt 0.315254 0.018516
vt 0.345062 0.255344
vt 0.291066 0.426208
vt 0.291235 0.529455
vt 0.344448 0.534946
vt 0.333015 0.535119
vt 0.317171 0.534972
vt 0.292567 0.535119
vt 0.345377 0.432241
vt 0.289576 0.266734
vt 0.289323 0.151062
vt 0.290426 0.332160
vt 0.345513 0.316804
vt 0.017175 0.831196
vt 0.013542 0.830978
vt 0.016887 0.832475
vt 0.013338 0.825564
vt 0.014673 0.835475
vt 0.011980 0.833406
vt 0.015900 0.827133
vt 0.020590 0.826581
vt 0.011764 0.830094
vt 0.009698 0.827284
vt 0.019027 0.777150
vt 0.021528 0.785125
vt 0.021318 0.774595
vt 0.016825 0.792907
vt 0.016917 0.806150
vt 0.014438 0.809281
vt 0.022134 0.797478
vt 0.025298 0.775296
vt 0.026332 0.787419
vt 0.024327 0.807277
vt 0.019903 0.819459
vt 0.015319 0.819811
vt 0.035755 0.796728
vt 0.037116 0.781529
vt 0.030750 0.776508
vt 0.033283 0.811722
vt 0.024908 0.821617
vt 0.030392 0.825798
vt 0.011753 0.816527
vt 0.037178 0.767159
vt 0.037963 0.811623
vt 0.023020 0.766453
vt 0.040412 0.783265
vt 0.041430 0.793385
vt 0.042200 0.772933
vt 0.042281 0.760858
vt 0.030516 0.756277
vt 0.033727 0.753757
vt 0.020221 0.767856
vt 0.027978 0.745497
vt 0.033531 0.741142
vt 0.020745 0.754517
vt 0.040089 0.745929
vt 0.037433 0.819138
vt 0.024962 0.731303
vt 0.018506 0.739107
vt 0.019141 0.731052
vt 0.034073 0.827661
vt 0.027521 0.831181
vt 0.024324 0.828051
vt 0.024115 0.720488
vt 0.020112 0.715724
vt 0.025331 0.716620
vt 0.023484 0.703256
vt 0.016540 0.753819
vt 0.020276 0.692834
vt 0.035993 0.733219
vt 0.030753 0.727630
vt 0.017501 0.716593
vt 0.022185 0.684741
vt 0.026653 0.707948
vt 0.012425 0.804843
vt 0.018345 0.671858
vt 0.033433 0.832454
vt 0.041060 0.730161
vt 0.040416 0.805428
vt 0.036993 0.718633
vt 0.017029 0.690245
vt 0.023435 0.832039
vt 0.024178 0.838028
vt 0.043055 0.742489
vt 0.044220 0.784388
vt 0.037333 0.827125
vt 0.043662 0.720388
vt 0.042186 0.705972
vt 0.040545 0.820846
vt 0.015266 0.772472
vt 0.016342 0.784212
vt 0.012034 0.789521
vt 0.020067 0.830340
vt 0.023210 0.673487
vt 0.015368 0.662564
vt 0.014658 0.735487
vt 0.033235 0.836447
vt 0.024807 0.685418
vt 0.028147 0.698709
vt 0.035485 0.714116
vt 0.008519 0.799694
vt 0.020388 0.663052
vt 0.045883 0.728587
vt 0.014409 0.703868
vt 0.012977 0.757925
vt 0.045989 0.768427
vt 0.041591 0.689995
vt 0.046010 0.706194
vt 0.034595 0.692806
vt 0.034189 0.683461
vt 0.044472 0.798445
vt 0.013246 0.678842
vt 0.040824 0.676963
vt 0.032587 0.674289
vt 0.017183 0.655621
vt 0.039193 0.670047
vt 0.010239 0.821487
vt 0.013517 0.668575
vt 0.022446 0.657614
vt 0.006278 0.802879
vt 0.038651 0.834026
vt 0.018927 0.832260
vt 0.045989 0.746156
vt 0.004479 0.788832
vt 0.006763 0.774896
vt 0.018436 0.836636
vt 0.042920 0.677413
vt 0.007114 0.814820
vt 0.009757 0.749526
vt 0.021725 0.652635
vt 0.033459 0.843334
vt 0.018897 0.649792
vt 0.018966 0.840343
vt 0.025751 0.846387
vt 0.020182 0.846468
vt 0.023450 0.646547
vt 0.022126 0.639075
vt 0.018472 0.637840
vt 0.039976 0.840706
vt 0.028277 0.862304
vt 0.034380 0.850212
vt 0.021856 0.860934
vt 0.031278 0.869144
vt 0.039191 0.873776
vt 0.038359 0.861845
vt 0.046010 0.874890
vt 0.045262 0.864703
vt 0.043539 0.857185
vt 0.040528 0.847217
vt 0.041960 0.653498
vt 0.038166 0.656479
vt 0.042212 0.656633
vt 0.038681 0.658501
vt 0.043567 0.658911
vt 0.035552 0.658629
vt 0.035728 0.654814
vt 0.040215 0.651191
vt 0.043567 0.650132
vt 0.036934 0.650842
vt 0.033795 0.652483
vt 0.424572 0.878441
vt 0.425407 0.883031
vt 0.426666 0.878231
vt 0.425914 0.875969
vt 0.423036 0.881194
vt 0.427932 0.874306
vt 0.423970 0.885150
vt 0.424565 0.889091
vt 0.422295 0.885624
vt 0.423638 0.890221
vt 0.421417 0.874012
vt 0.427932 0.894205
vt 0.075419 0.599346
vt 0.074978 0.597071
vt 0.078308 0.598650
vt 0.071358 0.599045
vt 0.071086 0.595420
vt 0.078259 0.596098
vt 0.063754 0.596486
vt 0.064229 0.600270
vt 0.058622 0.598895
vt 0.057271 0.596908
vt 0.051761 0.603054
vt 0.056974 0.593942
vt 0.045517 0.597861
vt 0.047423 0.602101
vt 0.040309 0.608353
vt 0.081436 0.599096
vt 0.049366 0.606427
vt 0.056330 0.603697
vt 0.042974 0.611501
vt 0.068102 0.603105
vt 0.048788 0.610548
vt 0.057400 0.606554
vt 0.079310 0.601044
vt 0.079316 0.602715
vt 0.070782 0.609149
vt 0.064903 0.607498
vt 0.057712 0.608964
vt 0.076565 0.610188
vt 0.084283 0.607214
vt 0.082557 0.611501
vt 0.708876 0.390255
vt 0.705728 0.390900
vt 0.708000 0.392279
vt 0.707322 0.395481
vt 0.706470 0.406745
vt 0.705828 0.400875
vt 0.704586 0.408369
vt 0.706008 0.417413
vt 0.703410 0.413495
vt 0.704561 0.419275
vt 0.705043 0.427884
vt 0.703728 0.425931
vt 0.704195 0.432144
vt 0.703360 0.401853
vt 0.702855 0.432388
vt 0.705886 0.396274
vt 0.706533 0.437165
vt 0.704262 0.436545
vt 0.701455 0.423110
vt 0.702370 0.398962
vt 0.701157 0.435449
vt 0.700668 0.414187
vt 0.699919 0.406916
vt 0.702218 0.442941
vt 0.707721 0.443364
vt 0.708876 0.449956
vt 0.209691 0.956541
vt 0.212948 0.956541
vt 0.212277 0.953907
vt 0.728420 0.551433
vt 0.729940 0.549856
vt 0.729069 0.548877
vt 0.732314 0.539505
vt 0.732990 0.550580
vt 0.730904 0.538978
vt 0.735403 0.510205
vt 0.729998 0.530210
vt 0.733633 0.508516
vt 0.738287 0.492455
vt 0.738353 0.479707
vt 0.739533 0.477150
vt 0.741130 0.462707
vt 0.744176 0.464962
vt 0.744299 0.460202
vt 0.746298 0.452327
vt 0.745000 0.450491
vt 0.747407 0.443078
vt 0.764377 0.516025
vt 0.765065 0.498253
vt 0.762237 0.504070
vt 0.761707 0.485396
vt 0.761873 0.526391
vt 0.756588 0.528199
vt 0.758333 0.496096
vt 0.759102 0.510597
vt 0.757944 0.554244
vt 0.760999 0.551352
vt 0.760772 0.563058
vt 0.764023 0.565571
vt 0.752047 0.546964
vt 0.757981 0.479993
vt 0.762260 0.468618
vt 0.758704 0.468272
vt 0.760088 0.458711
vt 0.755827 0.559626
vt 0.748546 0.523503
vt 0.735844 0.536836
vt 0.744377 0.545057
vt 0.753013 0.515575
vt 0.740947 0.514762
vt 0.748080 0.506583
vt 0.737533 0.544474
vt 0.755144 0.458570
vt 0.755639 0.451352
vt 0.758796 0.448318
vt 0.755394 0.441642
vt 0.750700 0.438432
vt 0.750342 0.431112
vt 0.742863 0.488432
vt 0.748736 0.487380
vt 0.749331 0.472882
vt 0.748537 0.460408
vt 0.753040 0.503519
vt 0.755634 0.471329
vt 0.738944 0.551167
vt 0.747293 0.558095
vt 0.756171 0.565799
vt 0.748255 0.444958
vt 0.761092 0.571070
vt 0.764319 0.574308
vt 0.760870 0.578423
vt 0.762429 0.584317
vt 0.765065 0.589790
vt 0.761299 0.597548
vt 0.757412 0.438389
vt 0.752535 0.428877
vt 0.740645 0.558285
vt 0.752413 0.569509
vt 0.746642 0.562952
vt 0.751484 0.423617
vt 0.749099 0.434309
vt 0.756579 0.569815
vt 0.763314 0.598332
vt 0.759433 0.571636
vt 0.756330 0.575898
vt 0.746731 0.566773
vt 0.752184 0.575404
vt 0.753893 0.579329
vt 0.848619 0.558894
vt 0.843241 0.553906
vt 0.848941 0.543898
vt 0.844983 0.563137
vt 0.848941 0.567603
vt 0.592427 0.855060
vt 0.594870 0.851185
vt 0.594864 0.862791
vt 0.592427 0.862806
vt 0.594870 0.870500
vt 0.910016 0.037391
vt 0.918425 0.037313
vt 0.913507 0.039069
vt 0.918937 0.039069
vt 0.925489 0.037371
vt 0.895027 0.862599
vt 0.897801 0.864152
vt 0.892645 0.866111
vt 0.892394 0.863859
vt 0.889658 0.864152
vt 0.974303 0.028534
vt 0.966982 0.029842
vt 0.968298 0.031216
vt 0.974733 0.029769
vt 0.981678 0.031216
vt 0.966854 0.032046
vt 0.965391 0.030038
vt 0.905189 0.849214
vt 0.898442 0.849581
vt 0.898366 0.844481
vt 0.908327 0.844216
vt 0.892296 0.849627
vt 0.892735 0.844799
vt 0.885409 0.849725
vt 0.886235 0.845775
vt 0.918570 0.844373
vt 0.917385 0.848950
vt 0.924425 0.848352
vt 0.922660 0.843753
vt 0.933686 0.843216
vt 0.935261 0.846294
vt 0.932797 0.848955
vt 0.924407 0.852063
vt 0.913944 0.843724
vt 0.884303 0.845459
vt 0.877521 0.850574
vt 0.877540 0.846401
vt 0.863290 0.852063
vt 0.862312 0.848561
vt 0.843241 0.851409
vt 0.882259 0.845317
vt 0.882734 0.841528
vt 0.903508 0.844271
vt 0.910060 0.850223
vt 0.210630 0.980246
vt 0.240635 0.982002
vt 0.189332 0.982002
f 4042/4042 4041/4041 4046/4046
f 7880/7880 7879/7879 7883/7883
f 4491/4491 4490/4490 4529/4529
f 7878/7878 7877/7877 7879/7879
f 7879/7879 7877/7877 7876/7876
f 4540/4540 4559/4559 4542/4542
f 4542/4542 4491/4491 4540/4540
f 7878/7878 7879/7879 7880/7880
f 4529/4529 4576/4576 4559/4559
f 4560/4560 4542/4542 4559/4559
f 7881/7881 7878/7878 7880/7880
f 4575/4575 4559/4559 4577/4577
f 7874/7874 7875/7875 7876/7876
f 4540/4540 4529/4529 4559/4559
f 7886/7886 7889/7889 7888/7888
f 4491/4491 4529/4529 4540/4540
f 4575/4575 4560/4560 4559/4559
f 7879/7879 7876/7876 7884/7884
f 7879/7879 7884/7884 7883/7883
f 4577/4577 4559/4559 4576/4576
f 7884/7884 7876/7876 7886/7886
f 7886/7886 7888/7888 7887/7887
f 7886/7886 7887/7887 7884/7884
f 7883/7883 7884/7884 7885/7885
f 7875/7875 7886/7886 7876/7876
f 8156/8156 8157/8157 8151/8151
f 7887/7887 7888/7888 7890/7890
f 7876/7876 7877/7877 7874/7874
f 7886/7886 7875/7875 7889/7889
f 4529/4529 4490/4490 4534/4534
f 5893/5893 6063/6063 5900/5900
f 5888/5888 5892/5892 5894/5894
f 5888/5888 5894/5894 5904/5904
f 5904/5904 6063/6063 5893/5893
f 5902/5902 6064/6064 6065/6065
f 5893/5893 5888/5888 5904/5904
f 5902/5902 5900/5900 6063/6063
f 5902/5902 6063/6063 6064/6064
f 6065/6065 5903/5903 5902/5902
f 6065/6065 6046/6046 5903/5903
f 4589/4589 4545/4545 4588/4588
f 4546/4546 4545/4545 4589/4589
f 4589/4589 4591/4591 4590/4590
f 4590/4590 4591/4591 4592/4592
f 7782/7782 7783/7783 7784/7784
f 4556/4556 4550/4550 4545/4545
f 4589/4589 4590/4590 4546/4546
f 4550/4550 4588/4588 4545/4545
f 7815/7815 7816/7816 7817/7817
f 7226/7226 7225/7225 7224/7224
f 7225/7225 7221/7221 7224/7224
f 7218/7218 7212/7212 7214/7214
f 7214/7214 7217/7217 7218/7218
f 7204/7204 7206/7206 7209/7209
f 7223/7223 7220/7220 7222/7222
f 7222/7222 7217/7217 7223/7223
f 7218/7218 7217/7217 7222/7222
f 7212/7212 7211/7211 7209/7209
f 7227/7227 7225/7225 7295/7295
f 7221/7221 7220/7220 7224/7224
f 7206/7206 7210/7210 7209/7209
f 7223/7223 7262/7262 7224/7224
f 7212/7212 7209/7209 7214/7214
f 7204/7204 7205/7205 7206/7206
f 7221/7221 7228/7228 7229/7229
f 7214/7214 7210/7210 7216/7216
f 7222/7222 7220/7220 7218/7218
f 7206/7206 7264/7264 7210/7210
f 7264/7264 7269/7269 7210/7210
f 7205/7205 7264/7264 7206/7206
f 7212/7212 7213/7213 7211/7211
f 7221/7221 7229/7229 7213/7213
f 7262/7262 7226/7226 7224/7224
f 7228/7228 7221/7221 7227/7227
f 7295/7295 7225/7225 7226/7226
f 7212/7212 7221/7221 7213/7213
f 7223/7223 7224/7224 7220/7220
f 7214/7214 7216/7216 7217/7217
f 7225/7225 7227/7227 7221/7221
f 7212/7212 7218/7218 7220/7220
f 7204/7204 7209/7209 7211/7211
f 7212/7212 7220/7220 7221/7221
f 7216/7216 7210/7210 7292/7292
f 7214/7214 7209/7209 7210/7210
f 7292/7292 7210/7210 7269/7269
f 5192/5192 5193/5193 5190/5190
f 4658/4658 4650/4650 4657/4657
f 4657/4657 4650/4650 4655/4655
f 4650/4650 4652/4652 4655/4655
f 4652/4652 4656/4656 4655/4655
f 4650/4650 4651/4651 4652/4652
f 4652/4652 4653/4653 4656/4656
f 4651/4651 4653/4653 4652/4652
f 4651/4651 4654/4654 4653/4653
f 4818/4818 4816/4816 4819/4819
f 5184/5184 5191/5191 5190/5190
f 5191/5191 5192/5192 5190/5190
f 4817/4817 4814/4814 4816/4816
f 4818/4818 4817/4817 4816/4816
f 4816/4816 4814/4814 4815/4815
f 5181/5181 5184/5184 5182/5182
f 5658/5658 5552/5552 5659/5659
f 5659/5659 5552/5552 5551/5551
f 4817/4817 4824/4824 4814/4814
f 4814/4814 4813/4813 4815/4815
f 5181/5181 5182/5182 5183/5183
f 5640/5640 5552/5552 5658/5658
f 5556/5556 5619/5619 5620/5620
f 4814/4814 4824/4824 4811/4811
f 4814/4814 4811/4811 4813/4813
f 5185/5185 5181/5181 5183/5183
f 5553/5553 5640/5640 5658/5658
f 4811/4811 4824/4824 4821/4821
f 4811/4811 4812/4812 4813/4813
f 5185/5185 5183/5183 5186/5186
f 5550/5550 5549/5549 5556/5556
f 4821/4821 4820/4820 4811/4811
f 4811/4811 4820/4820 4812/4812
f 5187/5187 5185/5185 5186/5186
f 5553/5553 5552/5552 5640/5640
f 5551/5551 5548/5548 5550/5550
f 5556/5556 5557/5557 5619/5619
f 5619/5619 5557/5557 5621/5621
f 5621/5621 5557/5557 5652/5652
f 4820/4820 4822/4822 4812/4812
f 5551/5551 5552/5552 5548/5548
f 4820/4820 4823/4823 4822/4822
f 5189/5189 5187/5187 5188/5188
f 5639/5639 5624/5624 5553/5553
f 5556/5556 5549/5549 5557/5557
f 5652/5652 5557/5557 5559/5559
f 4716/4716 4715/4715 4713/4713
f 2933/2933 2934/2934 2931/2931
f 2931/2931 2932/2932 2933/2933
f 5624/5624 5554/5554 5553/5553
f 5558/5558 5559/5559 5557/5557
f 5554/5554 5548/5548 5553/5553
f 5549/5549 5558/5558 5557/5557
f 4715/4715 4714/4714 4713/4713
f 4714/4714 4710/4710 4713/4713
f 4713/4713 4710/4710 4712/4712
f 5552/5552 5553/5553 5548/5548
f 4826/4826 4830/4830 4827/4827
f 5548/5548 5549/5549 5550/5550
f 4830/4830 4826/4826 4918/4918
f 4830/4830 4838/4838 4827/4827
f 6517/6517 6519/6519 6520/6520
f 4830/4830 4839/4839 4838/4838
f 4830/4830 4918/4918 4853/4853
f 4830/4830 4853/4853 4839/4839
f 6517/6517 6518/6518 6519/6519
f 4839/4839 4840/4840 4838/4838
f 4839/4839 4851/4851 4840/4840
f 4839/4839 4853/4853 4851/4851
f 4710/4710 4711/4711 4712/4712
f 2932/2932 2931/2931 2927/2927
f 2927/2927 2931/2931 2928/2928
f 4825/4825 4827/4827 4828/4828
f 4825/4825 4826/4826 4827/4827
f 4825/4825 4917/4917 4826/4826
f 4826/4826 4917/4917 4918/4918
f 4853/4853 4918/4918 4921/4921
f 4851/4851 4853/4853 4852/4852
f 4851/4851 4850/4850 4840/4840
f 4849/4849 4850/4850 4851/4851
f 4851/4851 4852/4852 4849/4849
f 2925/2925 2932/2932 2927/2927
f 5603/5603 5555/5555 5554/5554
f 4829/4829 4828/4828 4831/4831
f 4829/4829 4825/4825 4828/4828
f 4829/4829 4836/4836 4825/4825
f 4825/4825 4836/4836 4906/4906
f 4825/4825 4906/4906 4917/4917
f 4917/4917 4906/4906 4913/4913
f 4917/4917 4913/4913 4918/4918
f 4918/4918 4913/4913 4915/4915
f 4918/4918 4915/4915 4921/4921
f 4853/4853 4921/4921 4852/4852
f 4852/4852 4921/4921 4876/4876
f 4849/4849 4848/4848 4850/4850
f 4709/4709 4710/4710 4714/4714
f 4709/4709 4702/4702 4710/4710
f 4710/4710 4702/4702 4711/4711
f 4832/4832 4831/4831 4833/4833
f 4832/4832 4829/4829 4831/4831
f 4832/4832 4836/4836 4829/4829
f 4907/4907 4906/4906 4836/4836
f 4912/4912 4913/4913 4906/4906
f 7737/7737 7738/7738 7739/7739
f 4912/4912 4914/4914 4913/4913
f 4922/4922 4910/4910 4914/4914
f 4914/4914 4915/4915 4913/4913
f 4914/4914 4916/4916 4915/4915
f 4914/4914 4910/4910 4916/4916
f 4916/4916 4921/4921 4915/4915
f 4916/4916 4877/4877 4921/4921
f 4877/4877 4876/4876 4921/4921
f 4852/4852 4876/4876 4856/4856
f 4852/4852 4856/4856 4849/4849
f 4849/4849 4843/4843 4848/4848
f 4849/4849 4856/4856 4843/4843
f 4848/4848 4843/4843 4847/4847
f 5558/5558 5560/5560 5559/5559
f 4832/4832 4835/4835 4909/4909
f 4832/4832 4909/4909 4836/4836
f 4909/4909 4907/4907 4836/4836
f 4905/4905 4906/4906 4907/4907
f 4905/4905 4910/4910 4906/4906
f 4905/4905 4955/4955 4910/4910
f 4910/4910 4912/4912 4906/4906
f 4910/4910 4922/4922 4912/4912
f 5548/5548 5547/5547 5549/5549
f 4910/4910 4961/4961 4916/4916
f 4877/4877 4916/4916 4963/4963
f 4877/4877 4875/4875 4876/4876
f 4877/4877 4963/4963 4875/4875
f 4875/4875 4856/4856 4876/4876
f 4875/4875 4855/4855 4856/4856
f 4855/4855 4854/4854 4843/4843
f 4856/4856 4855/4855 4843/4843
f 4843/4843 4854/4854 4841/4841
f 4843/4843 4842/4842 4847/4847
f 4841/4841 4842/4842 4843/4843
f 5602/5602 5555/5555 5603/5603
f 4834/4834 4832/4832 4833/4833
f 4834/4834 4833/4833 4837/4837
f 4834/4834 4835/4835 4832/4832
f 4835/4835 4919/4919 4909/4909
f 4908/4908 4905/4905 4907/4907
f 4908/4908 4907/4907 4909/4909
f 4905/4905 4908/4908 4955/4955
f 4910/4910 4955/4955 4954/4954
f 4875/4875 4874/4874 4855/4855
f 4875/4875 4963/4963 5124/5124
f 4875/4875 5124/5124 4874/4874
f 4874/4874 4854/4854 4855/4855
f 4841/4841 4854/4854 4858/4858
f 4858/4858 4844/4844 4841/4841
f 4844/4844 4846/4846 4842/4842
f 4841/4841 4844/4844 4842/4842
f 4709/4709 4700/4700 4702/4702
f 5555/5555 5548/5548 5554/5554
f 4927/4927 4920/4920 4835/4835
f 4834/4834 4927/4927 4835/4835
f 4835/4835 4920/4920 4919/4919
f 4911/4911 4909/4909 4919/4919
f 4911/4911 4908/4908 4909/4909
f 4955/4955 4908/4908 4954/4954
f 6453/6453 6455/6455 6442/6442
f 6442/6442 6455/6455 6458/6458
f 4954/4954 4961/4961 4910/4910
f 6455/6455 6459/6459 6458/6458
f 4431/4431 4432/4432 4433/4433
f 6453/6453 6454/6454 6455/6455
f 6455/6455 6456/6456 6459/6459
f 6454/6454 6456/6456 6455/6455
f 4431/4431 4434/4434 4432/4432
f 6456/6456 6457/6457 6459/6459
f 4432/4432 4434/4434 4435/4435
f 6454/6454 6457/6457 6456/6456
f 6457/6457 6460/6460 6459/6459
f 4961/4961 4962/4962 4916/4916
f 6457/6457 6462/6462 6460/6460
f 4435/4435 4434/4434 4436/4436
f 4916/4916 4962/4962 4963/4963
f 5547/5547 5558/5558 5549/5549
f 4874/4874 4873/4873 4854/4854
f 4874/4874 5124/5124 4965/4965
f 4874/4874 4965/4965 4873/4873
f 4873/4873 4858/4858 4854/4854
f 4844/4844 4858/4858 4862/4862
f 4844/4844 4845/4845 4846/4846
f 4709/4709 4717/4717 4700/4700
f 2924/2924 2926/2926 2929/2929
f 4243/4243 4244/4244 4242/4242
f 4924/4924 4927/4927 4834/4834
f 4923/4923 4911/4911 4919/4919
f 4923/4923 4919/4919 4920/4920
f 6441/6441 6442/6442 6440/6440
f 6440/6440 6442/6442 6461/6461
f 6442/6442 6458/6458 6461/6461
f 4439/4439 4427/4427 4541/4541
f 4439/4439 4433/4433 4440/4440
f 6441/6441 6453/6453 6442/6442
f 6458/6458 6459/6459 6467/6467
f 6467/6467 6459/6459 6470/6470
f 4439/4439 4541/4541 4445/4445
f 4439/4439 4443/4443 4431/4431
f 4439/4439 4445/4445 4443/4443
f 6460/6460 6471/6471 6470/6470
f 6459/6459 6460/6460 6470/6470
f 4443/4443 4434/4434 4431/4431
f 6463/6463 6464/6464 6462/6462
f 4443/4443 4441/4441 4434/4434
f 4434/4434 4437/4437 4436/4436
f 6463/6463 6465/6465 6464/6464
f 4434/4434 4441/4441 4438/4438
f 4434/4434 4438/4438 4437/4437
f 4873/4873 4872/4872 4858/4858
f 4873/4873 4965/4965 4872/4872
f 4872/4872 4862/4862 4858/4858
f 4844/4844 4862/4862 4861/4861
f 4844/4844 4861/4861 4857/4857
f 4844/4844 4857/4857 4845/4845
f 7323/7323 7322/7322 7324/7324
f 4717/4717 4703/4703 4700/4700
f 4700/4700 4701/4701 4702/4702
f 4924/4924 4925/4925 4926/4926
f 4924/4924 4926/4926 4927/4927
f 4927/4927 5128/5128 4920/4920
f 4923/4923 4920/4920 4956/4956
f 6438/6438 6440/6440 6439/6439
f 6439/6439 6440/6440 6466/6466
f 6446/6446 6441/6441 6438/6438
f 6438/6438 6441/6441 6440/6440
f 6440/6440 6461/6461 6466/6466
f 4425/4425 4427/4427 4440/4440
f 4427/4427 4439/4439 4440/4440
f 4445/4445 4500/4500 4443/4443
f 4443/4443 4500/4500 4499/4499
f 4443/4443 4499/4499 4441/4441
f 4441/4441 4442/4442 4438/4438
f 4962/4962 4964/4964 4963/4963
f 4333/4333 4313/4313 4315/4315
f 4315/4315 4313/4313 4314/4314
f 4313/4313 4312/4312 4314/4314
f 4314/4314 4312/4312 4319/4319
f 4312/4312 4323/4323 4319/4319
f 4963/4963 4964/4964 4965/4965
f 4963/4963 4965/4965 5124/5124
f 4872/4872 4861/4861 4862/4862
f 4857/4857 4861/4861 4863/4863
f 4845/4845 4857/4857 4859/4859
f 7323/7323 7317/7317 7322/7322
f 4700/4700 4703/4703 4701/4701
f 5602/5602 5604/5604 5555/5555
f 4235/4235 4242/4242 4236/4236
f 4926/4926 5126/5126 4927/4927
f 4927/4927 5126/5126 5128/5128
f 4957/4957 4956/4956 5128/5128
f 6438/6438 6439/6439 6436/6436
f 6439/6439 6466/6466 6468/6468
f 4908/4908 4949/4949 4954/4954
f 4425/4425 4422/4422 4426/4426
f 3993/3993 3994/3994 3992/3992
f 4425/4425 4426/4426 4427/4427
f 4427/4427 4426/4426 4541/4541
f 4954/4954 4952/4952 4961/4961
f 4952/4952 5076/5076 4961/4961
f 4541/4541 4426/4426 4445/4445
f 4445/4445 4426/4426 4500/4500
f 4961/4961 5076/5076 4962/4962
f 5076/5076 5038/5038 4962/4962
f 4962/4962 5038/5038 4964/4964
f 4441/4441 4499/4499 4446/4446
f 4441/4441 4446/4446 4442/4442
f 4442/4442 4444/4444 4438/4438
f 4446/4446 4444/4444 4442/4442
f 4444/4444 4458/4458 4438/4438
f 4333/4333 4332/4332 4313/4313
f 4332/4332 4310/4310 4313/4313
f 4965/4965 4968/4968 4872/4872
f 4872/4872 4871/4871 4861/4861
f 4872/4872 4968/4968 4871/4871
f 4871/4871 4863/4863 4861/4861
f 4863/4863 4860/4860 4857/4857
f 4857/4857 4860/4860 4859/4859
f 7317/7317 7319/7319 7322/7322
f 7317/7317 7318/7318 7319/7319
f 5560/5560 5564/5564 5617/5617
f 4703/4703 4705/4705 4704/4704
f 4703/4703 4704/4704 4701/4701
f 2930/2930 2929/2929 2935/2935
f 4928/4928 5126/5126 4926/4926
f 4925/4925 4928/4928 4926/4926
f 5126/5126 4957/4957 5128/5128
f 4956/4956 4946/4946 4923/4923
f 6439/6439 6468/6468 6469/6469
f 6436/6436 6439/6439 6469/6469
f 4923/4923 4946/4946 4911/4911
f 6434/6434 6447/6447 6438/6438
f 6434/6434 6438/6438 6436/6436
f 4911/4911 4946/4946 4908/4908
f 6447/6447 6446/6446 6438/6438
f 4420/4420 4422/4422 4425/4425
f 4908/4908 4946/4946 4949/4949
f 3985/3985 3992/3992 3987/3987
f 4949/4949 4952/4952 4954/4954
f 4949/4949 4951/4951 4952/4952
f 4952/4952 4951/4951 4953/4953
f 7787/7787 7789/7789 7790/7790
f 7787/7787 7788/7788 7789/7789
f 4351/4351 4348/4348 4350/4350
f 4348/4348 4349/4349 4350/4350
f 4499/4499 4500/4500 4498/4498
f 4498/4498 4492/4492 4499/4499
f 5038/5038 5000/5000 4964/4964
f 4965/4965 4964/4964 4966/4966
f 4312/4312 4310/4310 4309/4309
f 4309/4309 4320/4320 4312/4312
f 4871/4871 4867/4867 4863/4863
f 4871/4871 4968/4968 4867/4867
f 4867/4867 4860/4860 4863/4863
f 4859/4859 4860/4860 4864/4864
f 4859/4859 4864/4864 4865/4865
f 4235/4235 4236/4236 4233/4233
f 4928/4928 5072/5072 5126/5126
f 5126/5126 5072/5072 4958/4958
f 5126/5126 4958/4958 4957/4957
f 6434/6434 6436/6436 6435/6435
f 6435/6435 6436/6436 6469/6469
f 3984/3984 3985/3985 3986/3986
f 4420/4420 4421/4421 4422/4422
f 4421/4421 4426/4426 4422/4422
f 4950/4950 4951/4951 4949/4949
f 4013/4013 4015/4015 4017/4017
f 4507/4507 4502/4502 4426/4426
f 4426/4426 4502/4502 4500/4500
f 4502/4502 4501/4501 4500/4500
f 4492/4492 4446/4446 4499/4499
f 5000/5000 4990/4990 4964/4964
f 4446/4446 4492/4492 4486/4486
f 4964/4964 4990/4990 4966/4966
f 4446/4446 4486/4486 4447/4447
f 4446/4446 4447/4447 4444/4444
f 4965/4965 4966/4966 4967/4967
f 4444/4444 4448/4448 4458/4458
f 4332/4332 4330/4330 4310/4310
f 4310/4310 4307/4307 4309/4309
f 4965/4965 4967/4967 4968/4968
f 5629/5629 5564/5564 5565/5565
f 4703/4703 4708/4708 4705/4705
f 4929/4929 4928/4928 4925/4925
f 5072/5072 4959/4959 4958/4958
f 6433/6433 6434/6434 6435/6435
f 6435/6435 6469/6469 6472/6472
f 6433/6433 6448/6448 6434/6434
f 4957/4957 4958/4958 4946/4946
f 6448/6448 6447/6447 6434/6434
f 4418/4418 4417/4417 4420/4420
f 3984/3984 3986/3986 3988/3988
f 4420/4420 4417/4417 4421/4421
f 4949/4949 4945/4945 4950/4950
f 4507/4507 4426/4426 4421/4421
f 4500/4500 4501/4501 4498/4498
f 4990/4990 5040/5040 4966/4966
f 4320/4320 4321/4321 4362/4362
f 4320/4320 4309/4309 4321/4321
f 4447/4447 4448/4448 4444/4444
f 4330/4330 4311/4311 4310/4310
f 4310/4310 4311/4311 4307/4307
f 4307/4307 4308/4308 4309/4309
f 4867/4867 4866/4866 4860/4860
f 4867/4867 4968/4968 4969/4969
f 4867/4867 4969/4969 4866/4866
f 4866/4866 4864/4864 4860/4860
f 4929/4929 5072/5072 4928/4928
f 6433/6433 6435/6435 6437/6437
f 6437/6437 6435/6435 6472/6472
f 4959/4959 4948/4948 4958/4958
f 3989/3989 3988/3988 3990/3990
f 4958/4958 4948/4948 4946/4946
f 4946/4946 4945/4945 4949/4949
f 4421/4421 4508/4508 4507/4507
f 5040/5040 5039/5039 4966/4966
f 5039/5039 4972/4972 4966/4966
f 4966/4966 4972/4972 4967/4967
f 4447/4447 4486/4486 4450/4450
f 4308/4308 4325/4325 4321/4321
f 4449/4449 4448/4448 4447/4447
f 4447/4447 4450/4450 4449/4449
f 4449/4449 4457/4457 4448/4448
f 4330/4330 4331/4331 4311/4311
f 4307/4307 4311/4311 4308/4308
f 7318/7318 7321/7321 7320/7320
f 4865/4865 4864/4864 4868/4868
f 5558/5558 5564/5564 5560/5560
f 4705/4705 4708/4708 4706/4706
f 4705/4705 4706/4706 4704/4704
f 5600/5600 5555/5555 5604/5604
f 4232/4232 4233/4233 4234/4234
f 5072/5072 4960/4960 4959/4959
f 4408/4408 4409/4409 4419/4419
f 6443/6443 6433/6433 6437/6437
f 6437/6437 6472/6472 6451/6451
f 4959/4959 4960/4960 4948/4948
f 4409/4409 4418/4418 4419/4419
f 4409/4409 4417/4417 4418/4418
f 3989/3989 3990/3990 3991/3991
f 4416/4416 4421/4421 4417/4417
f 4945/4945 4946/4946 4947/4947
f 4502/4502 4503/4503 4501/4501
f 4501/4501 4503/4503 4498/4498
f 4498/4498 4497/4497 4492/4492
f 4492/4492 4485/4485 4486/4486
f 4324/4324 4366/4366 4325/4325
f 4308/4308 4324/4324 4325/4325
f 4967/4967 4969/4969 4968/4968
f 4331/4331 4334/4334 4311/4311
f 4866/4866 4894/4894 4864/4864
f 4706/4706 4707/4707 4704/4704
f 4929/4929 5037/5037 5072/5072
f 6443/6443 6437/6437 6444/6444
f 6444/6444 6437/6437 6451/6451
f 4409/4409 4416/4416 4417/4417
f 4944/4944 4946/4946 4948/4948
f 4416/4416 4508/4508 4421/4421
f 4944/4944 4947/4947 4946/4946
f 4508/4508 4502/4502 4507/4507
f 4502/4502 4506/4506 4503/4503
f 4497/4497 4485/4485 4492/4492
f 4486/4486 4485/4485 4450/4450
f 4450/4450 4485/4485 4482/4482
f 4450/4450 4482/4482 4451/4451
f 4967/4967 4970/4970 4969/4969
f 4334/4334 4317/4317 4311/4311
f 4311/4311 4317/4317 4316/4316
f 4970/4970 4898/4898 4866/4866
f 4969/4969 4970/4970 4866/4866
f 4866/4866 4898/4898 4894/4894
f 4864/4864 4869/4869 4868/4868
f 7321/7321 7325/7325 7320/7320
f 4869/4869 4870/4870 4868/4868
f 5558/5558 5563/5563 5564/5564
f 4237/4237 4232/4232 4234/4234
f 4929/4929 5032/5032 5037/5037
f 5037/5037 4960/4960 5072/5072
f 4396/4396 4406/4406 4408/4408
f 6445/6445 6443/6443 6444/6444
f 6444/6444 6451/6451 6452/6452
f 3998/3998 3999/3999 4000/4000
f 4960/4960 4941/4941 4948/4948
f 4943/4943 4944/4944 4948/4948
f 4508/4508 4509/4509 4502/4502
f 4502/4502 4519/4519 4506/4506
f 4503/4503 4516/4516 4497/4497
f 4972/4972 4971/4971 4967/4967
f 4967/4967 4971/4971 4970/4970
f 4450/4450 4451/4451 4449/4449
f 4449/4449 4455/4455 4457/4457
f 4316/4316 4317/4317 4318/4318
f 4894/4894 4869/4869 4864/4864
f 7309/7309 7311/7311 7316/7316
f 2936/2936 2937/2937 2938/2938
f 4238/4238 4237/4237 4234/4234
f 5037/5037 4994/4994 4960/4960
f 6445/6445 6444/6444 6449/6449
f 6449/6449 6444/6444 6452/6452
f 4960/4960 4938/4938 4941/4941
f 4409/4409 4406/4406 4416/4416
f 4943/4943 4948/4948 4941/4941
f 4941/4941 4942/4942 4943/4943
f 4942/4942 4944/4944 4943/4943
f 4510/4510 4509/4509 4508/4508
f 4509/4509 4519/4519 4502/4502
f 4519/4519 4531/4531 4506/4506
f 4506/4506 4528/4528 4503/4503
f 4503/4503 4528/4528 4532/4532
f 4503/4503 4532/4532 4516/4516
f 4485/4485 4488/4488 4482/4482
f 4451/4451 4452/4452 4449/4449
f 4449/4449 4452/4452 4455/4455
f 4334/4334 4335/4335 4317/4317
f 5563/5563 5565/5565 5564/5564
f 4395/4395 4396/4396 4394/4394
f 6450/6450 6445/6445 6449/6449
f 4396/4396 4395/4395 4405/4405
f 4003/4003 4000/4000 4001/4001
f 4406/4406 4405/4405 4561/4561
f 4406/4406 4524/4524 4416/4416
f 4938/4938 4940/4940 4941/4941
f 4940/4940 4942/4942 4941/4941
f 4531/4531 4568/4568 4528/4528
f 4528/4528 4566/4566 4532/4532
f 4497/4497 4504/4504 4485/4485
f 4318/4318 4317/4317 4322/4322
f 4452/4452 4456/4456 4455/4455
f 4334/4334 4345/4345 4335/4335
f 4317/4317 4335/4335 4322/4322
f 4869/4869 4894/4894 4870/4870
f 6505/6505 6503/6503 6504/6504
f 7311/7311 7312/7312 7313/7313
f 5600/5600 5585/5585 5555/5555
f 5032/5032 5030/5030 5037/5037
f 4960/4960 4994/4994 4938/4938
f 4406/4406 4561/4561 4524/4524
f 4512/4512 4508/4508 4416/4416
f 6569/6569 6740/6740 6568/6568
f 4519/4519 4571/4571 4531/4531
f 4531/4531 4572/4572 4568/4568
f 4568/4568 4567/4567 4528/4528
f 4528/4528 4567/4567 4566/4566
f 4532/4532 4543/4543 4516/4516
f 4516/4516 4543/4543 4517/4517
f 4516/4516 4517/4517 4497/4497
f 4497/4497 4517/4517 4504/4504
f 4971/4971 4973/4973 4970/4970
f 4452/4452 4454/4454 4456/4456
f 4870/4870 4894/4894 4890/4890
f 7309/7309 7310/7310 7311/7311
f 7311/7311 7310/7310 7312/7312
f 6146/6146 6135/6135 6137/6137
f 6135/6135 6136/6136 6137/6137
f 6135/6135 6131/6131 6136/6136
f 2939/2939 2936/2936 2938/2938
f 6131/6131 6129/6129 6136/6136
f 5601/5601 5585/5585 5600/5600
f 6128/6128 6129/6129 6130/6130
f 6130/6130 6129/6129 6131/6131
f 5032/5032 4936/4936 5030/5030
f 5030/5030 4996/4996 5037/5037
f 5037/5037 4996/4996 4994/4994
f 5393/5393 5387/5387 5382/5382
f 4395/4395 4393/4393 4405/4405
f 4003/4003 4004/4004 4005/4005
f 4937/4937 4940/4940 4938/4938
f 4524/4524 4512/4512 4416/4416
f 4512/4512 4510/4510 4508/4508
f 4509/4509 4523/4523 4519/4519
f 4519/4519 4523/4523 4569/4569
f 4519/4519 4569/4569 4571/4571
f 4531/4531 4571/4571 4572/4572
f 4567/4567 4582/4582 4566/4566
f 4566/4566 4543/4543 4532/4532
f 4504/4504 4494/4494 4485/4485
f 4485/4485 4494/4494 4488/4488
f 4971/4971 4981/4981 4973/4973
f 4451/4451 4482/4482 4453/4453
f 4451/4451 4453/4453 4452/4452
f 4452/4452 4453/4453 4454/4454
f 4335/4335 4336/4336 4322/4322
f 4336/4336 4337/4337 4322/4322
f 4345/4345 4341/4341 4335/4335
f 4335/4335 4341/4341 4336/4336
f 4970/4970 4897/4897 4898/4898
f 4898/4898 4897/4897 4894/4894
f 4894/4894 4897/4897 4889/4889
f 4889/4889 4890/4890 4894/4894
f 4889/4889 4888/4888 4890/4890
f 5402/5402 5399/5399 5407/5407
f 5402/5402 5418/5418 5417/5417
f 7701/7701 7634/7634 7682/7682
f 7682/7682 7634/7634 7587/7587
f 6128/6128 6127/6127 6129/6129
f 6126/6126 6127/6127 6128/6128
f 4005/4005 4004/4004 4006/4006
f 4994/4994 4995/4995 4938/4938
f 4938/4938 4995/4995 4939/4939
f 4509/4509 4510/4510 4511/4511
f 5309/5309 5298/5298 5311/5311
f 5212/5212 5211/5211 5216/5216
f 5212/5212 5217/5217 5213/5213
f 5213/5213 5209/5209 5212/5212
f 5212/5212 5209/5209 5211/5211
f 5209/5209 5210/5210 5211/5211
f 7625/7625 7626/7626 7707/7707
f 5213/5213 5215/5215 5209/5209
f 7707/7707 7626/7626 7711/7711
f 5209/5209 5214/5214 5210/5210
f 5215/5215 5214/5214 5209/5209
f 5547/5547 5561/5561 5558/5558
f 4790/4790 4781/4781 4792/4792
f 5215/5215 5218/5218 5214/5214
f 4582/4582 4587/4587 4586/4586
f 4767/4767 4772/4772 4768/4768
f 4543/4543 4544/4544 4517/4517
f 4517/4517 4544/4544 4504/4504
f 4981/4981 4986/4986 4973/4973
f 4454/4454 4459/4459 4456/4456
f 4345/4345 4346/4346 4341/4341
f 4970/4970 4973/4973 4897/4897
f 6503/6503 6499/6499 6502/6502
f 5407/5407 5409/5409 5410/5410
f 4405/4405 4524/4524 4561/4561
f 5548/5548 5546/5546 5547/5547
f 4511/4511 4523/4523 4509/4509
f 4523/4523 4570/4570 4569/4569
f 5297/5297 5343/5343 5303/5303
f 5303/5303 5343/5343 5304/5304
f 5304/5304 5344/5344 5345/5345
f 5304/5304 5345/5345 5306/5306
f 4299/4299 4304/4304 4293/4293
f 5306/5306 5345/5345 5320/5320
f 7711/7711 7626/7626 7710/7710
f 4790/4790 4783/4783 4781/4781
f 4781/4781 4782/4782 4792/4792
f 6347/6347 6345/6345 6346/6346
f 6499/6499 6500/6500 6501/6501
f 7310/7310 7314/7314 7312/7312
f 5400/5400 5417/5417 5401/5401
f 5409/5409 5412/5412 5410/5410
f 7701/7701 7686/7686 7634/7634
f 4241/4241 4239/4239 4240/4240
f 7587/7587 7586/7586 7713/7713
f 4936/4936 5029/5029 5030/5030
f 5585/5585 5546/5546 5555/5555
f 5382/5382 5381/5381 5378/5378
f 4996/4996 4995/4995 4994/4994
f 4005/4005 4006/4006 4007/4007
f 5555/5555 5546/5546 5548/5548
f 4393/4393 4407/4407 4405/4405
f 4405/4405 4407/4407 4524/4524
f 4523/4523 4562/4562 4570/4570
f 5297/5297 5293/5293 5343/5343
f 5343/5343 5356/5356 5344/5344
f 4293/4293 4294/4294 4289/4289
f 4289/4289 4294/4294 4297/4297
f 6925/6925 6853/6853 6854/6854
f 2579/2579 2580/2580 2524/2524
f 2580/2580 2527/2527 2520/2520
f 2524/2524 2580/2580 2520/2520
f 7625/7625 7622/7622 7626/7626
f 2580/2580 2803/2803 2527/2527
f 2580/2580 2714/2714 2803/2803
f 7622/7622 7624/7624 7626/7626
f 7626/7626 7624/7624 7710/7710
f 4781/4781 4775/4775 4782/4782
f 4782/4782 4775/4775 4784/4784
f 4782/4782 4784/4784 4785/4785
f 4790/4790 4791/4791 4783/4783
f 6359/6359 6405/6405 6345/6345
f 6359/6359 6345/6345 6347/6347
f 4504/4504 4520/4520 4494/4494
f 4494/4494 4487/4487 4488/4488
f 4488/4488 4487/4487 4482/4482
f 4986/4986 4985/4985 4973/4973
f 4482/4482 4480/4480 4453/4453
f 4341/4341 4340/4340 4336/4336
f 4336/4336 4340/4340 4337/4337
f 4346/4346 4342/4342 4341/4341
f 4897/4897 4973/4973 4896/4896
f 4897/4897 4896/4896 4889/4889
f 4889/4889 4885/4885 4888/4888
f 4888/4888 4885/4885 4887/4887
f 5567/5567 5565/5565 5566/5566
f 5567/5567 5566/5566 5599/5599
f 7315/7315 7314/7314 7310/7310
f 5399/5399 5400/5400 5401/5401
f 7587/7587 7585/7585 7586/7586
f 5029/5029 4996/4996 5030/5030
f 4022/4022 4047/4047 4048/4048
f 4511/4511 4562/4562 4523/4523
f 5291/5291 5292/5292 5293/5293
f 5293/5293 5338/5338 5343/5343
f 5343/5343 5338/5338 5356/5356
f 2523/2523 2540/2540 2522/2522
f 2523/2523 2522/2522 2516/2516
f 2562/2562 2522/2522 2540/2540
f 2516/2516 2522/2522 2510/2510
f 2516/2516 2510/2510 2497/2497
f 2510/2510 2489/2489 2497/2497
f 5344/5344 5323/5323 5345/5345
f 4283/4283 4300/4300 4299/4299
f 5345/5345 5323/5323 5346/5346
f 2562/2562 2571/2571 2522/2522
f 2522/2522 2524/2524 2510/2510
f 2575/2575 2571/2571 2556/2556
f 2556/2556 2571/2571 2562/2562
f 2571/2571 2524/2524 2522/2522
f 2524/2524 2520/2520 2510/2510
f 2510/2510 2512/2512 2489/2489
f 2512/2512 2493/2493 2489/2489
f 2520/2520 2512/2512 2510/2510
f 2583/2583 2577/2577 2584/2584
f 2571/2571 2575/2575 2578/2578
f 2571/2571 2578/2578 2579/2579
f 2571/2571 2579/2579 2524/2524
f 2520/2520 2527/2527 2512/2512
f 2527/2527 2519/2519 2512/2512
f 2512/2512 2519/2519 2493/2493
f 2583/2583 2582/2582 2577/2577
f 2577/2577 2582/2582 2581/2581
f 2577/2577 2581/2581 2575/2575
f 2575/2575 2581/2581 2578/2578
f 2578/2578 2581/2581 2579/2579
f 2583/2583 2592/2592 2582/2582
f 2803/2803 2790/2790 2527/2527
f 2527/2527 2790/2790 2519/2519
f 2579/2579 2591/2591 2580/2580
f 2580/2580 2591/2591 2714/2714
f 2714/2714 2790/2790 2803/2803
f 2582/2582 2586/2586 2581/2581
f 2586/2586 2590/2590 2581/2581
f 2581/2581 2590/2590 2591/2591
f 2581/2581 2591/2591 2579/2579
f 2714/2714 2713/2713 2790/2790
f 2582/2582 2587/2587 2586/2586
f 2586/2586 2705/2705 2590/2590
f 2591/2591 2712/2712 2714/2714
f 2714/2714 2712/2712 2713/2713
f 2590/2590 2705/2705 2591/2591
f 6405/6405 6344/6344 6345/6345
f 2705/2705 2712/2712 2591/2591
f 2712/2712 2711/2711 2713/2713
f 4781/4781 4773/4773 4775/4775
f 6344/6344 6343/6343 6345/6345
f 2587/2587 2588/2588 2586/2586
f 2586/2586 2588/2588 2589/2589
f 2586/2586 2589/2589 2705/2705
f 2705/2705 2709/2709 2712/2712
f 2709/2709 2711/2711 2712/2712
f 2588/2588 2708/2708 2589/2589
f 6345/6345 6343/6343 6346/6346
f 6346/6346 6343/6343 6342/6342
f 4544/4544 4557/4557 4504/4504
f 4504/4504 4557/4557 4520/4520
f 4487/4487 4483/4483 4482/4482
f 4985/4985 4984/4984 4973/4973
f 4482/4482 4483/4483 4480/4480
f 4453/4453 4480/4480 4454/4454
f 4454/4454 4471/4471 4459/4459
f 4454/4454 4480/4480 4471/4471
f 4889/4889 4896/4896 4885/4885
f 5404/5404 5409/5409 5399/5399
f 5610/5610 5585/5585 5601/5601
f 7634/7634 7585/7585 7587/7587
f 4932/4932 4931/4931 4936/4936
f 6126/6126 6133/6133 6132/6132
f 6126/6126 6132/6132 6127/6127
f 6133/6133 6134/6134 6132/6132
f 4393/4393 4402/4402 4407/4407
f 4996/4996 4998/4998 4995/4995
f 4407/4407 4525/4525 4524/4524
f 4510/4510 4513/4513 4511/4511
f 4511/4511 4527/4527 4562/4562
f 5292/5292 5334/5334 5293/5293
f 5293/5293 5334/5334 5338/5338
f 5338/5338 5328/5328 5327/5327
f 5328/5328 5324/5324 5327/5327
f 5327/5327 5324/5324 5326/5326
f 2585/2585 2559/2559 2555/2555
f 2555/2555 2556/2556 2554/2554
f 2559/2559 2556/2556 2555/2555
f 2497/2497 2489/2489 2487/2487
f 2489/2489 2441/2441 2487/2487
f 4283/4283 4295/4295 4300/4300
f 2559/2559 2576/2576 2556/2556
f 2556/2556 2576/2576 2575/2575
f 2441/2441 2489/2489 2439/2439
f 7641/7641 7621/7621 7625/7625
f 2576/2576 2577/2577 2575/2575
f 2489/2489 2493/2493 2439/2439
f 2493/2493 2492/2492 2439/2439
f 2493/2493 2511/2511 2492/2492
f 2790/2790 2793/2793 2519/2519
f 2519/2519 2793/2793 2511/2511
f 2790/2790 2713/2713 2715/2715
f 2790/2790 2715/2715 2793/2793
f 4784/4784 4787/4787 4788/4788
f 4791/4791 4780/4780 4783/4783
f 2713/2713 2711/2711 2715/2715
f 4783/4783 4780/4780 4773/4773
f 2711/2711 2716/2716 2715/2715
f 2705/2705 2704/2704 2709/2709
f 2589/2589 2703/2703 2704/2704
f 2589/2589 2704/2704 2705/2705
f 2709/2709 2710/2710 2711/2711
f 2710/2710 2716/2716 2711/2711
f 6343/6343 6344/6344 6339/6339
f 2589/2589 2708/2708 2703/2703
f 2704/2704 2706/2706 2709/2709
f 2708/2708 2886/2886 2703/2703
f 6343/6343 6339/6339 6342/6342
f 6339/6339 6337/6337 6342/6342
f 6342/6342 6337/6337 6348/6348
f 4494/4494 4496/4496 4487/4487
f 4984/4984 4983/4983 4973/4973
f 4887/4887 4885/4885 4886/4886
f 5404/5404 5399/5399 5403/5403
f 7686/7686 7630/7630 7634/7634
f 7634/7634 7630/7630 7585/7585
f 4931/4931 5029/5029 4936/4936
f 6133/6133 6143/6143 6134/6134
f 4402/4402 4393/4393 4380/4380
f 4402/4402 4411/4411 4407/4407
f 4525/4525 4514/4514 4524/4524
f 4512/4512 4513/4513 4510/4510
f 4527/4527 4580/4580 4562/4562
f 5310/5310 5300/5300 5294/5294
f 5296/5296 5334/5334 5292/5292
f 5334/5334 5330/5330 5338/5338
f 5338/5338 5330/5330 5328/5328
f 2529/2529 2523/2523 2526/2526
f 2526/2526 2523/2523 2525/2525
f 2529/2529 2540/2540 2523/2523
f 2523/2523 2516/2516 2525/2525
f 2525/2525 2516/2516 2517/2517
f 2560/2560 2555/2555 2553/2553
f 2553/2553 2555/2555 2554/2554
f 2550/2550 2554/2554 2561/2561
f 2516/2516 2497/2497 2517/2517
f 2517/2517 2497/2497 2507/2507
f 2561/2561 2562/2562 2540/2540
f 2497/2497 2487/2487 2507/2507
f 2487/2487 2457/2457 2507/2507
f 2554/2554 2556/2556 2561/2561
f 5324/5324 5323/5323 5326/5326
f 2487/2487 2441/2441 2472/2472
f 2492/2492 2467/2467 2439/2439
f 7625/7625 7621/7621 7622/7622
f 2492/2492 2511/2511 2467/2467
f 2511/2511 2494/2494 2467/2467
f 2511/2511 2515/2515 2494/2494
f 2511/2511 2793/2793 2515/2515
f 7622/7622 7623/7623 7624/7624
f 2793/2793 2719/2719 2515/2515
f 2793/2793 2715/2715 2719/2719
f 4784/4784 4774/4774 4786/4786
f 4784/4784 4786/4786 4787/4787
f 4780/4780 4776/4776 4773/4773
f 4773/4773 4776/4776 4774/4774
f 4773/4773 4774/4774 4775/4775
f 6355/6355 6354/6354 6344/6344
f 2715/2715 2716/2716 2718/2718
f 6344/6344 6354/6354 6339/6339
f 6354/6354 6353/6353 6339/6339
f 2706/2706 2710/2710 2709/2709
f 2702/2702 2706/2706 2704/2704
f 2703/2703 2702/2702 2704/2704
f 2703/2703 2701/2701 2702/2702
f 6339/6339 6353/6353 6338/6338
f 2886/2886 2881/2881 2701/2701
f 6339/6339 6338/6338 6337/6337
f 6337/6337 6336/6336 6348/6348
f 4520/4520 4496/4496 4494/4494
f 4471/4471 4465/4465 4459/4459
f 4346/4346 4344/4344 4342/4342
f 4342/4342 4343/4343 4340/4340
f 4973/4973 4974/4974 4896/4896
f 6509/6509 6510/6510 6508/6508
f 4885/4885 4884/4884 4886/4886
f 5565/5565 5563/5563 5566/5566
f 5409/5409 5411/5411 5412/5412
f 5610/5610 5596/5596 5585/5585
f 7125/7125 7130/7130 7129/7129
f 4930/4930 4931/4931 4932/4932
f 7585/7585 7582/7582 7586/7586
f 5029/5029 5001/5001 4996/4996
f 4996/4996 5001/5001 4998/4998
f 4411/4411 4525/4525 4407/4407
f 4524/4524 4514/4514 4512/4512
f 4514/4514 4513/4513 4512/4512
f 4527/4527 4579/4579 4580/4580
f 2551/2551 2553/2553 2550/2550
f 5330/5330 5324/5324 5328/5328
f 2550/2550 2561/2561 2529/2529
f 2553/2553 2554/2554 2550/2550
f 2472/2472 2455/2455 2457/2457
f 2472/2472 2434/2434 2455/2455
f 5324/5324 5321/5321 5323/5323
f 6085/6085 6062/6062 6084/6084
f 5974/5974 5969/5969 5962/5962
f 2472/2472 2441/2441 2434/2434
f 5321/5321 5322/5322 5323/5323
f 5962/5962 5969/5969 5963/5963
f 2441/2441 2439/2439 2434/2434
f 5323/5323 5322/5322 5359/5359
f 2434/2434 2439/2439 2433/2433
f 2439/2439 2467/2467 2433/2433
f 2467/2467 2494/2494 2469/2469
f 2515/2515 2514/2514 2494/2494
f 2515/2515 2721/2721 2514/2514
f 2515/2515 2719/2719 2721/2721
f 2715/2715 2718/2718 2719/2719
f 2719/2719 2718/2718 2720/2720
f 2716/2716 2730/2730 2718/2718
f 2716/2716 2717/2717 2730/2730
f 2710/2710 2717/2717 2716/2716
f 2706/2706 2707/2707 2738/2738
f 2706/2706 2738/2738 2710/2710
f 2710/2710 2738/2738 2717/2717
f 2702/2702 2701/2701 2697/2697
f 2702/2702 2697/2697 2706/2706
f 2706/2706 2697/2697 2707/2707
f 2701/2701 2881/2881 2698/2698
f 2701/2701 2698/2698 2697/2697
f 2881/2881 2880/2880 2698/2698
f 6337/6337 6338/6338 6335/6335
f 6337/6337 6335/6335 6336/6336
f 4557/4557 4558/4558 4520/4520
f 4520/4520 4522/4522 4496/4496
f 4480/4480 4476/4476 4471/4471
f 5710/5710 5711/5711 5712/5712
f 4459/4459 4465/4465 4466/4466
f 4342/4342 4344/4344 4343/4343
f 4885/4885 4883/4883 4884/4884
f 5264/5264 5261/5261 5263/5263
f 5404/5404 5408/5408 5409/5409
f 4380/4380 4398/4398 4402/4402
f 6143/6143 6144/6144 6134/6134
f 4398/4398 4411/4411 4402/4402
f 4021/4021 4024/4024 4025/4025
f 4513/4513 4527/4527 4511/4511
f 4527/4527 4578/4578 4579/4579
f 5299/5299 5302/5302 5296/5296
f 5296/5296 5302/5302 5332/5332
f 5296/5296 5332/5332 5334/5334
f 5332/5332 5330/5330 5334/5334
f 2539/2539 2526/2526 2537/2537
f 2552/2552 2551/2551 2546/2546
f 2539/2539 2546/2546 2529/2529
f 2539/2539 2529/2529 2526/2526
f 2526/2526 2525/2525 2537/2537
f 2551/2551 2550/2550 2546/2546
f 2546/2546 2550/2550 2529/2529
f 2525/2525 2517/2517 2536/2536
f 5330/5330 5329/5329 5324/5324
f 5324/5324 5325/5325 5321/5321
f 2434/2434 2458/2458 2455/2455
f 2458/2458 2434/2434 2424/2424
f 2434/2434 2433/2433 2424/2424
f 2467/2467 2436/2436 2433/2433
f 7213/7213 7229/7229 7232/7232
f 2469/2469 2494/2494 2483/2483
f 4776/4776 4777/4777 4774/4774
f 4774/4774 4777/4777 4786/4786
f 2514/2514 2721/2721 2518/2518
f 4791/4791 4779/4779 4780/4780
f 4780/4780 4779/4779 4776/4776
f 2719/2719 2720/2720 2721/2721
f 2730/2730 2753/2753 2718/2718
f 2718/2718 2753/2753 2729/2729
f 2717/2717 2741/2741 2730/2730
f 2738/2738 2741/2741 2717/2717
f 6353/6353 6363/6363 6338/6338
f 2707/2707 2748/2748 2738/2738
f 2738/2738 2748/2748 2741/2741
f 2697/2697 2735/2735 2707/2707
f 2707/2707 2735/2735 2748/2748
f 2880/2880 2879/2879 2698/2698
f 6336/6336 6335/6335 6334/6334
f 4471/4471 4470/4470 4465/4465
f 4471/4471 4476/4476 4470/4470
f 4974/4974 4892/4892 4896/4896
f 4896/4896 4892/4892 4885/4885
f 4885/4885 4892/4892 4883/4883
f 5264/5264 5266/5266 5261/5261
f 5408/5408 5411/5411 5409/5409
f 7687/7687 7630/7630 7686/7686
f 7630/7630 7581/7581 7585/7585
f 4930/4930 4933/4933 4931/4931
f 5374/5374 5371/5371 5370/5370
f 4998/4998 5001/5001 5002/5002
f 4411/4411 4514/4514 4525/4525
f 5313/5313 5301/5301 5312/5312
f 5301/5301 5316/5316 5302/5302
f 5299/5299 5301/5301 5302/5302
f 5302/5302 5316/5316 5332/5332
f 5332/5332 5331/5331 5330/5330
f 2557/2557 2546/2546 2558/2558
f 2558/2558 2546/2546 2539/2539
f 2552/2552 2546/2546 2557/2557
f 5330/5330 5331/5331 5329/5329
f 6070/6070 6073/6073 6054/6054
f 5325/5325 5324/5324 5329/5329
f 7236/7236 7241/7241 7247/7247
f 2456/2456 2455/2455 2451/2451
f 2455/2455 2458/2458 2449/2449
f 5321/5321 5325/5325 5336/5336
f 5321/5321 5336/5336 5322/5322
f 4295/4295 4292/4292 4303/4303
f 4303/4303 4301/4301 4295/4295
f 2433/2433 2436/2436 2422/2422
f 2424/2424 2433/2433 2422/2422
f 7229/7229 7228/7228 7230/7230
f 7229/7229 7230/7230 7232/7232
f 2469/2469 2444/2444 2436/2436
f 2469/2469 2483/2483 2444/2444
f 5952/5952 5954/5954 5932/5932
f 2494/2494 2500/2500 2483/2483
f 2494/2494 2514/2514 2500/2500
f 2514/2514 2518/2518 2500/2500
f 7623/7623 7702/7702 7624/7624
f 4779/4779 4778/4778 4776/4776
f 2721/2721 2722/2722 2518/2518
f 2721/2721 2720/2720 2722/2722
f 2720/2720 2718/2718 2729/2729
f 2729/2729 2723/2723 2720/2720
f 2753/2753 2730/2730 2758/2758
f 2795/2795 2794/2794 2753/2753
f 2758/2758 2795/2795 2753/2753
f 2741/2741 2783/2783 2758/2758
f 2741/2741 2758/2758 2730/2730
f 2748/2748 2783/2783 2741/2741
f 2748/2748 2779/2779 2783/2783
f 2748/2748 2735/2735 2779/2779
f 6363/6363 6364/6364 6338/6338
f 2697/2697 2677/2677 2735/2735
f 2698/2698 2676/2676 2697/2697
f 2697/2697 2676/2676 2677/2677
f 6338/6338 6364/6364 6340/6340
f 6338/6338 6340/6340 6335/6335
f 2879/2879 2676/2676 2698/2698
f 2879/2879 2858/2858 2676/2676
f 4520/4520 4558/4558 4522/4522
f 4496/4496 4495/4495 4487/4487
f 4487/4487 4495/4495 4483/4483
f 4983/4983 4982/4982 4973/4973
f 4982/4982 4975/4975 4973/4973
f 5710/5710 5707/5707 5711/5711
f 4973/4973 4975/4975 4974/4974
f 4465/4465 4462/4462 4466/4466
f 5261/5261 5258/5258 5263/5263
f 5668/5668 5669/5669 5670/5670
f 4933/4933 5006/5006 4931/4931
f 4931/4931 5006/5006 5029/5029
f 7585/7585 7581/7581 7582/7582
f 7582/7582 7581/7581 7562/7562
f 5743/5743 5744/5744 5747/5747
f 4411/4411 4547/4547 4514/4514
f 4527/4527 4555/4555 4578/4578
f 5313/5313 5314/5314 5301/5301
f 5301/5301 5314/5314 5316/5316
f 2564/2564 2557/2557 2563/2563
f 2557/2557 2558/2558 2563/2563
f 2569/2569 2558/2558 2539/2539
f 2539/2539 2537/2537 2569/2569
f 5331/5331 5333/5333 5329/5329
f 2538/2538 2532/2532 2535/2535
f 5546/5546 5545/5545 5547/5547
f 6054/6054 6073/6073 6079/6079
f 5329/5329 5333/5333 5325/5325
f 5333/5333 5337/5337 5325/5325
f 5337/5337 5354/5354 5325/5325
f 7483/7483 7481/7481 7482/7482
f 5325/5325 5354/5354 5355/5355
f 5325/5325 5355/5355 5336/5336
f 2458/2458 2424/2424 2421/2421
f 2458/2458 2421/2421 2449/2449
f 7655/7655 7618/7618 7641/7641
f 4302/4302 4282/4282 4286/4286
f 7641/7641 7618/7618 7621/7621
f 2422/2422 2436/2436 2426/2426
f 2436/2436 2444/2444 2426/2426
f 5954/5954 5958/5958 5930/5930
f 7622/7622 7620/7620 7623/7623
f 2722/2722 2720/2720 2723/2723
f 2723/2723 2724/2724 2722/2722
f 2729/2729 2753/2753 2740/2740
f 2729/2729 2740/2740 2723/2723
f 2753/2753 2794/2794 2740/2740
f 2794/2794 2799/2799 2740/2740
f 2783/2783 2809/2809 2795/2795
f 2783/2783 2795/2795 2758/2758
f 3035/3035 3012/3012 3041/3041
f 2779/2779 2808/2808 2783/2783
f 2783/2783 2808/2808 2809/2809
f 2735/2735 2672/2672 2779/2779
f 2735/2735 2677/2677 2672/2672
f 2676/2676 2671/2671 2677/2677
f 2676/2676 2674/2674 2671/2671
f 6335/6335 6333/6333 6334/6334
f 6334/6334 6333/6333 6332/6332
f 2858/2858 2686/2686 2674/2674
f 5558/5558 5562/5562 5563/5563
f 4483/4483 4481/4481 4480/4480
f 4470/4470 4460/4460 4465/4465
f 4465/4465 4460/4460 4462/4462
f 5729/5729 5701/5701 5730/5730
f 5701/5701 5702/5702 5710/5710
f 4344/4344 4347/4347 4343/4343
f 4884/4884 4883/4883 4882/4882
f 6513/6513 6512/6512 6511/6511
f 7630/7630 7636/7636 7581/7581
f 4383/4383 4385/4385 4398/4398
f 4398/4398 4549/4549 4411/4411
f 5001/5001 5003/5003 5002/5002
f 4411/4411 4548/4548 4547/4547
f 5747/5747 5746/5746 5743/5743
f 4547/4547 4538/4538 4514/4514
f 4514/4514 4515/4515 4513/4513
f 5314/5314 5315/5315 5316/5316
f 5316/5316 5315/5315 5332/5332
f 2564/2564 2563/2563 2565/2565
f 2563/2563 2558/2558 2568/2568
f 5315/5315 5333/5333 5332/5332
f 5332/5332 5333/5333 5331/5331
f 2574/2574 2536/2536 2538/2538
f 5546/5546 5544/5544 5545/5545
f 7254/7254 7257/7257 7268/7268
f 6079/6079 6080/6080 5978/5978
f 2532/2532 2456/2456 2454/2454
f 5333/5333 5342/5342 5337/5337
f 5337/5337 5362/5362 5354/5354
f 2451/2451 2449/2449 2450/2450
f 7481/7481 7478/7478 7482/7482
f 2421/2421 2422/2422 2420/2420
f 7621/7621 7618/7618 7620/7620
f 2444/2444 2428/2428 2426/2426
f 7621/7621 7620/7620 7622/7622
f 2444/2444 2483/2483 2428/2428
f 2483/2483 2476/2476 2428/2428
f 2483/2483 2495/2495 2476/2476
f 2483/2483 2500/2500 2495/2495
f 5547/5547 5545/5545 5561/5561
f 2500/2500 2513/2513 2495/2495
f 2500/2500 2518/2518 2513/2513
f 2518/2518 2722/2722 2724/2724
f 2518/2518 2724/2724 2513/2513
f 2723/2723 2725/2725 2724/2724
f 2723/2723 2739/2739 2725/2725
f 2799/2799 2786/2786 2739/2739
f 2740/2740 2799/2799 2739/2739
f 2740/2740 2739/2739 2723/2723
f 2795/2795 2890/2890 2835/2835
f 2795/2795 2835/2835 2794/2794
f 2808/2808 2800/2800 2809/2809
f 2779/2779 2736/2736 2808/2808
f 2677/2677 2658/2658 2672/2672
f 2658/2658 2656/2656 2672/2672
f 2677/2677 2671/2671 2658/2658
f 5561/5561 5562/5562 5558/5558
f 2671/2671 2670/2670 2658/2658
f 6335/6335 6340/6340 6333/6333
f 2671/2671 2674/2674 2670/2670
f 2658/2658 2670/2670 2657/2657
f 2674/2674 2682/2682 2670/2670
f 6942/6942 6943/6943 6947/6947
f 4558/4558 4563/4563 4522/4522
f 4496/4496 4522/4522 4495/4495
f 5701/5701 5700/5700 5702/5702
f 4892/4892 4893/4893 4883/4883
f 7687/7687 7642/7642 7630/7630
f 7630/7630 7642/7642 7636/7636
f 7636/7636 7610/7610 7581/7581
f 7581/7581 7560/7560 7562/7562
f 4385/4385 4399/4399 4398/4398
f 4398/4398 4399/4399 4549/4549
f 5001/5001 5004/5004 5003/5003
f 4549/4549 4548/4548 4411/4411
f 4514/4514 4518/4518 4515/4515
f 4515/4515 4555/4555 4527/4527
f 5313/5313 5317/5317 5315/5315
f 5314/5314 5313/5313 5315/5315
f 2567/2567 2565/2565 2566/2566
f 5317/5317 5335/5335 5315/5315
f 2566/2566 2565/2565 2563/2563
f 2566/2566 2563/2563 2568/2568
f 2568/2568 2569/2569 2606/2606
f 2606/2606 2569/2569 2570/2570
f 2606/2606 2570/2570 2604/2604
f 5315/5315 5335/5335 5333/5333
f 2570/2570 2574/2574 2604/2604
f 7245/7245 7265/7265 7257/7257
f 6117/6117 6115/6115 6088/6088
f 6115/6115 6078/6078 6088/6088
f 5335/5335 5342/5342 5333/5333
f 2535/2535 2532/2532 2531/2531
f 2451/2451 2450/2450 2452/2452
f 7476/7476 7478/7478 7479/7479
f 7617/7617 7618/7618 7656/7656
f 2450/2450 2449/2449 2445/2445
f 7656/7656 7618/7618 7655/7655
f 5973/5973 6008/6008 5958/5958
f 4779/4779 4789/4789 4778/4778
f 2725/2725 2726/2726 2724/2724
f 2739/2739 2786/2786 2725/2725
f 2794/2794 2835/2835 2799/2799
f 2795/2795 2877/2877 2890/2890
f 2809/2809 2800/2800 2877/2877
f 2809/2809 2877/2877 2795/2795
f 2736/2736 2690/2690 2808/2808
f 2690/2690 2800/2800 2808/2808
f 2673/2673 2675/2675 2736/2736
f 2672/2672 2673/2673 2736/2736
f 2672/2672 2656/2656 2673/2673
f 2658/2658 2657/2657 2656/2656
f 6364/6364 6368/6368 6340/6340
f 2657/2657 2670/2670 2669/2669
f 6333/6333 6340/6340 6341/6341
f 2682/2682 2669/2669 2670/2670
f 6333/6333 6341/6341 6330/6330
f 2686/2686 2682/2682 2674/2674
f 6333/6333 6330/6330 6332/6332
f 2686/2686 2751/2751 2682/2682
f 6332/6332 6330/6330 6331/6331
f 2686/2686 2889/2889 2751/2751
f 4563/4563 4564/4564 4522/4522
f 4495/4495 4493/4493 4483/4483
f 4483/4483 4493/4493 4481/4481
f 4982/4982 4989/4989 4975/4975
f 4480/4480 4481/4481 4476/4476
f 4893/4893 4881/4881 4883/4883
f 4883/4883 4881/4881 4882/4882
f 5563/5563 5568/5568 5566/5566
f 5266/5266 5256/5256 5261/5261
f 5261/5261 5256/5256 5258/5258
f 7611/7611 7610/7610 7636/7636
f 7124/7124 7125/7125 7126/7126
f 7125/7125 7127/7127 7126/7126
f 4930/4930 4934/4934 4933/4933
f 7610/7610 7490/7490 7581/7581
f 5029/5029 5006/5006 5001/5001
f 4548/4548 4550/4550 4547/4547
f 4550/4550 4556/4556 4538/4538
f 4547/4547 4550/4550 4538/4538
f 4538/4538 4518/4518 4514/4514
f 5743/5743 5741/5741 5742/5742
f 5743/5743 5746/5746 5741/5741
f 6807/6807 6808/6808 6752/6752
f 4555/4555 4584/4584 4578/4578
f 5318/5318 5317/5317 5313/5313
f 2594/2594 2566/2566 2593/2593
f 2566/2566 2568/2568 2593/2593
f 2593/2593 2568/2568 2605/2605
f 2605/2605 2568/2568 2606/2606
f 6115/6115 6081/6081 6078/6078
f 5335/5335 5353/5353 5342/5342
f 7293/7293 7274/7274 7252/7252
f 2454/2454 2530/2530 2531/2531
f 7476/7476 7474/7474 7478/7478
f 7476/7476 7479/7479 7470/7470
f 2452/2452 2450/2450 2445/2445
f 5979/5979 5981/5981 5980/5980
f 2421/2421 2409/2409 2445/2445
f 2449/2449 2421/2421 2445/2445
f 2421/2421 2420/2420 2409/2409
f 7618/7618 7619/7619 7620/7620
f 2408/2408 2428/2428 2427/2427
f 2476/2476 2440/2440 2427/2427
f 2428/2428 2476/2476 2427/2427
f 7678/7678 7677/7677 7620/7620
f 2476/2476 2495/2495 2440/2440
f 7620/7620 7677/7677 7623/7623
f 7296/7296 7216/7216 7294/7294
f 7294/7294 7216/7216 7292/7292
f 2513/2513 2752/2752 2506/2506
f 2513/2513 2724/2724 2752/2752
f 2724/2724 2726/2726 2752/2752
f 2725/2725 2732/2732 2726/2726
f 2993/2993 2965/2965 2983/2983
f 2890/2890 2893/2893 2835/2835
f 2835/2835 2893/2893 2799/2799
f 2893/2893 2882/2882 2799/2799
f 2799/2799 2882/2882 2786/2786
f 2736/2736 2675/2675 2690/2690
f 2673/2673 2656/2656 2675/2675
f 2656/2656 2657/2657 2655/2655
f 2655/2655 2657/2657 2660/2660
f 6368/6368 6367/6367 6340/6340
f 2669/2669 2660/2660 2657/2657
f 6340/6340 6367/6367 6341/6341
f 2682/2682 2689/2689 2669/2669
f 2669/2669 2689/2689 2683/2683
f 2751/2751 2754/2754 2682/2682
f 2682/2682 2754/2754 2689/2689
f 4989/4989 4999/4999 4975/4975
f 4460/4460 4461/4461 4462/4462
f 4892/4892 4974/4974 4893/4893
f 5256/5256 5257/5257 5258/5258
f 5411/5411 5414/5414 5415/5415
f 7642/7642 7611/7611 7636/7636
f 4934/4934 4935/4935 4933/4933
f 5006/5006 5005/5005 5001/5001
f 5001/5001 5005/5005 5004/5004
f 4399/4399 4552/4552 4549/4549
f 4549/4549 4551/4551 4548/4548
f 7562/7562 7560/7560 7561/7561
f 4548/4548 4551/4551 4550/4550
f 5746/5746 5745/5745 5741/5741
f 5741/5741 5731/5731 5740/5740
f 5741/5741 5745/5745 5731/5731
f 2595/2595 2594/2594 2593/2593
f 5340/5340 5339/5339 5317/5317
f 5317/5317 5339/5339 5335/5335
f 5335/5335 5339/5339 5348/5348
f 470/470 406/406 355/355
f 355/355 187/187 474/474
f 5335/5335 5348/5348 5353/5353
f 2602/2602 2535/2535 2531/2531
f 6080/6080 6116/6116 6075/6075
f 2454/2454 2453/2453 2530/2530
f 6047/6047 6076/6076 6061/6061
f 2454/2454 2452/2452 2453/2453
f 7469/7469 7474/7474 7470/7470
f 7618/7618 7617/7617 7494/7494
f 2445/2445 2409/2409 2446/2446
f 7618/7618 7494/7494 7619/7619
f 2408/2408 2427/2427 2417/2417
f 7619/7619 7672/7672 7620/7620
f 7672/7672 7678/7678 7620/7620
f 2427/2427 2440/2440 2417/2417
f 2726/2726 2734/2734 2752/2752
f 2725/2725 2786/2786 2776/2776
f 2882/2882 2776/2776 2786/2786
f 2877/2877 2885/2885 2890/2890
f 2994/2994 2998/2998 2995/2995
f 2800/2800 2690/2690 2757/2757
f 2800/2800 2757/2757 2877/2877
f 2690/2690 2634/2634 2757/2757
f 2675/2675 2635/2635 2690/2690
f 2675/2675 2656/2656 2635/2635
f 2656/2656 2655/2655 2635/2635
f 2655/2655 2651/2651 2635/2635
f 2655/2655 2661/2661 2651/2651
f 2655/2655 2660/2660 2661/2661
f 2660/2660 2669/2669 2668/2668
f 2669/2669 2683/2683 2668/2668
f 2754/2754 2782/2782 2689/2689
f 2782/2782 2768/2768 2689/2689
f 6330/6330 6329/6329 6331/6331
f 2889/2889 2805/2805 2751/2751
f 2751/2751 2805/2805 2754/2754
f 6331/6331 6329/6329 6216/6216
f 4481/4481 4479/4479 4476/4476
f 4476/4476 4479/4479 4470/4470
f 5707/5707 5700/5700 5708/5708
f 4460/4460 4470/4470 4461/4461
f 4881/4881 4880/4880 4882/4882
f 5597/5597 5587/5587 5596/5596
f 5596/5596 5587/5587 5585/5585
f 4933/4933 4935/4935 5006/5006
f 7490/7490 7560/7560 7581/7581
f 5367/5367 5368/5368 5366/5366
f 4552/4552 4551/4551 4549/4549
f 4551/4551 4588/4588 4550/4550
f 7560/7560 7551/7551 7561/7561
f 4556/4556 4545/4545 4538/4538
f 4518/4518 4536/4536 4515/4515
f 4515/4515 4536/4536 4555/4555
f 4555/4555 4536/4536 4583/4583
f 5731/5731 5736/5736 5737/5737
f 4555/4555 4583/4583 4584/4584
f 5731/5731 5733/5733 5736/5736
f 5318/5318 5319/5319 5317/5317
f 5731/5731 5732/5732 5733/5733
f 5731/5731 5745/5745 5732/5732
f 791/791 777/777 611/611
f 594/594 607/607 577/577
f 7266/7266 7282/7282 7265/7265
f 472/472 183/183 406/406
f 406/406 183/183 355/355
f 183/183 178/178 355/355
f 355/355 178/178 187/187
f 5339/5339 5349/5349 5348/5348
f 6122/6122 6116/6116 6121/6121
f 6116/6116 6089/6089 6075/6075
f 6075/6075 6089/6089 6076/6076
f 7472/7472 7469/7469 7471/7471
f 7472/7472 7475/7475 7469/7469
f 6076/6076 6089/6089 6061/6061
f 7475/7475 7474/7474 7469/7469
f 6047/6047 6061/6061 6020/6020
f 2453/2453 2445/2445 2447/2447
f 2409/2409 2438/2438 2446/2446
f 2409/2409 2407/2407 2438/2438
f 6008/6008 5986/5986 5966/5966
f 2409/2409 2408/2408 2407/2407
f 5966/5966 5986/5986 5975/5975
f 2440/2440 2495/2495 2485/2485
f 2495/2495 2506/2506 2485/2485
f 2506/2506 2760/2760 2505/2505
f 2506/2506 2752/2752 2760/2760
f 2752/2752 2734/2734 2760/2760
f 2726/2726 2732/2732 2734/2734
f 2725/2725 2776/2776 2732/2732
f 2890/2890 2885/2885 2893/2893
f 2885/2885 2899/2899 2893/2893
f 2893/2893 2899/2899 2882/2882
f 2757/2757 2696/2696 2877/2877
f 2877/2877 2696/2696 2885/2885
f 2634/2634 2632/2632 2757/2757
f 2690/2690 2635/2635 2634/2634
f 2634/2634 2635/2635 2633/2633
f 2635/2635 2651/2651 2633/2633
f 2661/2661 2660/2660 2663/2663
f 2660/2660 2668/2668 2664/2664
f 2660/2660 2664/2664 2663/2663
f 2668/2668 2683/2683 2687/2687
f 2689/2689 2700/2700 2683/2683
f 2683/2683 2700/2700 2687/2687
f 2689/2689 2768/2768 2700/2700
f 2805/2805 2811/2811 2754/2754
f 4564/4564 4530/4530 4522/4522
f 4522/4522 4530/4530 4521/4521
f 4522/4522 4521/4521 4495/4495
f 4975/4975 4976/4976 4974/4974
f 4461/4461 4463/4463 4462/4462
f 5729/5729 5699/5699 5701/5701
f 5699/5699 5700/5700 5701/5701
f 6512/6512 6515/6515 6671/6671
f 7124/7124 7131/7131 7133/7133
f 7610/7610 7611/7611 7490/7490
f 4385/4385 4400/4400 4399/4399
f 3982/3982 4030/4030 3979/3979
f 4552/4552 4553/4553 4551/4551
f 4551/4551 4589/4589 4588/4588
f 7560/7560 7559/7559 7551/7551
f 4545/4545 4537/4537 4538/4538
f 4538/4538 4537/4537 4518/4518
f 4518/4518 4537/4537 4536/4536
f 5317/5317 5341/5341 5340/5340
f 7551/7551 7499/7499 7689/7689
f 6833/6833 6834/6834 6835/6835
f 812/812 822/822 602/602
f 5732/5732 5734/5734 5733/5733
f 7689/7689 7499/7499 7685/7685
f 5733/5733 5735/5735 5736/5736
f 5340/5340 5350/5350 5339/5339
f 5733/5733 5734/5734 5735/5735
f 5339/5339 5350/5350 5349/5349
f 400/400 290/290 183/183
f 178/178 179/179 187/187
f 187/187 179/179 186/186
f 186/186 166/166 404/404
f 166/166 324/324 404/404
f 7475/7475 7472/7472 7477/7477
f 7685/7685 7499/7499 7495/7495
f 7685/7685 7495/7495 7616/7616
f 5738/5738 5739/5739 5735/5735
f 5734/5734 5738/5738 5735/5735
f 7472/7472 7471/7471 7473/7473
f 7471/7471 7485/7485 7473/7473
f 2453/2453 2447/2447 2462/2462
f 2530/2530 2453/2453 2462/2462
f 7495/7495 7494/7494 7616/7616
f 7616/7616 7494/7494 7617/7617
f 7200/7200 7183/7183 7180/7180
f 2447/2447 2446/2446 2448/2448
f 2446/2446 2438/2438 2448/2448
f 7619/7619 7628/7628 7672/7672
f 7672/7672 7628/7628 7727/7727
f 2417/2417 2440/2440 2414/2414
f 5975/5975 6026/6026 5940/5940
f 2440/2440 2485/2485 2432/2432
f 2506/2506 2505/2505 2485/2485
f 2899/2899 2897/2897 2882/2882
f 2776/2776 2882/2882 2875/2875
f 2882/2882 2897/2897 2875/2875
f 2757/2757 2632/2632 2696/2696
f 2634/2634 2633/2633 2632/2632
f 2632/2632 2633/2633 2631/2631
f 2651/2651 2631/2631 2633/2633
f 2651/2651 2662/2662 2631/2631
f 2661/2661 2663/2663 2662/2662
f 6341/6341 6367/6367 6350/6350
f 6341/6341 6350/6350 6330/6330
f 2668/2668 2687/2687 2664/2664
f 6330/6330 6350/6350 6328/6328
f 6330/6330 6328/6328 6329/6329
f 2782/2782 2802/2802 2768/2768
f 6329/6329 6328/6328 6216/6216
f 2805/2805 2878/2878 2811/2811
f 4495/4495 4521/4521 4493/4493
f 4999/4999 4991/4991 4975/4975
f 4470/4470 4479/4479 4469/4469
f 4470/4470 4469/4469 4461/4461
f 4974/4974 4976/4976 4893/4893
f 4893/4893 4976/4976 4895/4895
f 4893/4893 4895/4895 4881/4881
f 4881/4881 4895/4895 4878/4878
f 4878/4878 4880/4880 4881/4881
f 4878/4878 4879/4879 4880/4880
f 5256/5256 5260/5260 5259/5259
f 5256/5256 5259/5259 5257/5257
f 7642/7642 7709/7709 7611/7611
f 4399/4399 4400/4400 4552/4552
f 5005/5005 5011/5011 5027/5027
f 5005/5005 5027/5027 5004/5004
f 4553/4553 4591/4591 4551/4551
f 4551/4551 4591/4591 4589/4589
f 7559/7559 7550/7550 7551/7551
f 4537/4537 4539/4539 4536/4536
f 7551/7551 7550/7550 7499/7499
f 6836/6836 6995/6995 6819/6819
f 6855/6855 6996/6996 6836/6836
f 4539/4539 4585/4585 4583/4583
f 4536/4536 4539/4539 4583/4583
f 5319/5319 5358/5358 5341/5341
f 5340/5340 5352/5352 5350/5350
f 290/290 271/271 183/183
f 271/271 175/175 183/183
f 175/175 176/176 183/183
f 183/183 176/176 178/178
f 176/176 177/177 178/178
f 178/178 177/177 179/179
f 179/179 181/181 186/186
f 181/181 166/166 186/186
f 7196/7196 7199/7199 7186/7186
f 7199/7199 7180/7180 7186/7186
f 2601/2601 2530/2530 2599/2599
f 2462/2462 2447/2447 2463/2463
f 2463/2463 2447/2447 2464/2464
f 2447/2447 2448/2448 2464/2464
f 2448/2448 2484/2484 2470/2470
f 2448/2448 2438/2438 2484/2484
f 7494/7494 7627/7627 7619/7619
f 7627/7627 7628/7628 7619/7619
f 7628/7628 7731/7731 7727/7727
f 2425/2425 2407/2407 2406/2406
f 5975/5975 6025/6025 6026/6026
f 6026/6026 5970/5970 5940/5940
f 2776/2776 2764/2764 2732/2732
f 2696/2696 2774/2774 2885/2885
f 2774/2774 2894/2894 2885/2885
f 2885/2885 2894/2894 2899/2899
f 2632/2632 2630/2630 2696/2696
f 2632/2632 2631/2631 2630/2630
f 2630/2630 2631/2631 2629/2629
f 2631/2631 2662/2662 2629/2629
f 2662/2662 2665/2665 2629/2629
f 2662/2662 2663/2663 2665/2665
f 3108/3108 3088/3088 3096/3096
f 2663/2663 2664/2664 2654/2654
f 2664/2664 2684/2684 2654/2654
f 2687/2687 2727/2727 2684/2684
f 2687/2687 2684/2684 2664/2664
f 2700/2700 2785/2785 2727/2727
f 2700/2700 2727/2727 2687/2687
f 2811/2811 2810/2810 2754/2754
f 2754/2754 2810/2810 2782/2782
f 2782/2782 2810/2810 2802/2802
f 2768/2768 2802/2802 2785/2785
f 2768/2768 2785/2785 2700/2700
f 6216/6216 6328/6328 6207/6207
f 4493/4493 4484/4484 4481/4481
f 4481/4481 4484/4484 4479/4479
f 5699/5699 5698/5698 5700/5700
f 5563/5563 5569/5569 5568/5568
f 5568/5568 5569/5569 5623/5623
f 7709/7709 7493/7493 7611/7611
f 4255/4255 4256/4256 4257/4257
f 7490/7490 7488/7488 7560/7560
f 4387/4387 4401/4401 4400/4400
f 4553/4553 4592/4592 4591/4591
f 7488/7488 7559/7559 7560/7560
f 4545/4545 4546/4546 4537/4537
f 6819/6819 6995/6995 6837/6837
f 4537/4537 4573/4573 4539/4539
f 4573/4573 4581/4581 4539/4539
f 6855/6855 6997/6997 6996/6996
f 4581/4581 4585/4585 4539/4539
f 7826/7826 7839/7839 7873/7873
f 7192/7192 7193/7193 7194/7194
f 7891/7891 7892/7892 7893/7893
f 7192/7192 7195/7195 7181/7181
f 7192/7192 7181/7181 7193/7193
f 5360/5360 5357/5357 5341/5341
f 5358/5358 5360/5360 5341/5341
f 7195/7195 7190/7190 7181/7181
f 5341/5341 5357/5357 5347/5347
f 5341/5341 5347/5347 5340/5340
f 859/859 812/812 811/811
f 7550/7550 7500/7500 7499/7499
f 7190/7190 7179/7179 7181/7181
f 5340/5340 5347/5347 5352/5352
f 7500/7500 7497/7497 7499/7499
f 175/175 174/174 176/176
f 7190/7190 7186/7186 7179/7179
f 7186/7186 7182/7182 7179/7179
f 181/181 165/165 166/166
f 166/166 165/165 157/157
f 324/324 262/262 433/433
f 6106/6106 6093/6093 6061/6061
f 6060/6060 6077/6077 5984/5984
f 2448/2448 2470/2470 2464/2464
f 2425/2425 2431/2431 2438/2438
f 6026/6026 6053/6053 6074/6074
f 2398/2398 2432/2432 2415/2415
f 2432/2432 2485/2485 2435/2435
f 2760/2760 2883/2883 2505/2505
f 2732/2732 2764/2764 2734/2734
f 2875/2875 2840/2840 2776/2776
f 2776/2776 2840/2840 2764/2764
f 2897/2897 2896/2896 2875/2875
f 2896/2896 2840/2840 2875/2875
f 2774/2774 2755/2755 2894/2894
f 2894/2894 2898/2898 2899/2899
f 2899/2899 2898/2898 2897/2897
f 2774/2774 2696/2696 2627/2627
f 2630/2630 2628/2628 2696/2696
f 2696/2696 2628/2628 2627/2627
f 2630/2630 2629/2629 2628/2628
f 2663/2663 2652/2652 2665/2665
f 2663/2663 2654/2654 2652/2652
f 2654/2654 2684/2684 2685/2685
f 2684/2684 2728/2728 2685/2685
f 2684/2684 2727/2727 2728/2728
f 2785/2785 2791/2791 2727/2727
f 2810/2810 2831/2831 2802/2802
f 2831/2831 2785/2785 2802/2802
f 2900/2900 2812/2812 2878/2878
f 2878/2878 2812/2812 2811/2811
f 4975/4975 4991/4991 4976/4976
f 6514/6514 6516/6516 6515/6515
f 7611/7611 7493/7493 7490/7490
f 5028/5028 5006/5006 4935/4935
f 4387/4387 4397/4397 4401/4401
f 5005/5005 5009/5009 5011/5011
f 4401/4401 4412/4412 4400/4400
f 4400/4400 4412/4412 4552/4552
f 4552/4552 4412/4412 4553/4553
f 4553/4553 4412/4412 4554/4554
f 4553/4553 4554/4554 4592/4592
f 4546/4546 4574/4574 4537/4537
f 4537/4537 4574/4574 4573/4573
f 6855/6855 6988/6988 6997/6997
f 8218/8218 8219/8219 8220/8220
f 7897/7897 7895/7895 7894/7894
f 7894/7894 7895/7895 7896/7896
f 5357/5357 5361/5361 5347/5347
f 485/485 389/389 418/418
f 418/418 389/389 290/290
f 290/290 389/389 271/271
f 177/177 172/172 179/179
f 179/179 180/180 181/181
f 181/181 180/180 167/167
f 591/591 606/606 572/572
f 550/550 591/591 572/572
f 181/181 167/167 165/165
f 7499/7499 7497/7497 7495/7495
f 157/157 262/262 324/324
f 264/264 343/343 262/262
f 2599/2599 2598/2598 2600/2600
f 6106/6106 6123/6123 6093/6093
f 7494/7494 7495/7495 7496/7496
f 6093/6093 6077/6077 6060/6060
f 5984/5984 6077/6077 6024/6024
f 2470/2470 2471/2471 2464/2464
f 2470/2470 2498/2498 2471/2471
f 2470/2470 2484/2484 2498/2498
f 2484/2484 2460/2460 2498/2498
f 7628/7628 7627/7627 7730/7730
f 2484/2484 2438/2438 2460/2460
f 2438/2438 2431/2431 2460/2460
f 6025/6025 6007/6007 6053/6053
f 2406/2406 2405/2405 2397/2397
f 2505/2505 2496/2496 2485/2485
f 2505/2505 2883/2883 2496/2496
f 2883/2883 2760/2760 2773/2773
f 2760/2760 2761/2761 2762/2762
f 2760/2760 2762/2762 2773/2773
f 2734/2734 2761/2761 2760/2760
f 2734/2734 2764/2764 2761/2761
f 2755/2755 2771/2771 2894/2894
f 2894/2894 2771/2771 2898/2898
f 2898/2898 2896/2896 2897/2897
f 2987/2987 2989/2989 3010/3010
f 2774/2774 2627/2627 2755/2755
f 2627/2627 2628/2628 2626/2626
f 2626/2626 2620/2620 2627/2627
f 2628/2628 2629/2629 2626/2626
f 2629/2629 2665/2665 2626/2626
f 2665/2665 2667/2667 2626/2626
f 2665/2665 2652/2652 2667/2667
f 2652/2652 2653/2653 2650/2650
f 2654/2654 2685/2685 2653/2653
f 6350/6350 6413/6413 6326/6326
f 6350/6350 6326/6326 6328/6328
f 2727/2727 2791/2791 2728/2728
f 2811/2811 2812/2812 2810/2810
f 2812/2812 2813/2813 2810/2810
f 2810/2810 2813/2813 2831/2831
f 5698/5698 5706/5706 5709/5709
f 4461/4461 4464/4464 4463/4463
f 5699/5699 5694/5694 5698/5698
f 6516/6516 6541/6541 6515/6515
f 6542/6542 6516/6516 6514/6514
f 7493/7493 7489/7489 7490/7490
f 5006/5006 5007/5007 5005/5005
f 7490/7490 7489/7489 7488/7488
f 4401/4401 4410/4410 4412/4412
f 5011/5011 5009/5009 5075/5075
f 4592/4592 4554/4554 4590/4590
f 6732/6732 6733/6733 6698/6698
f 6995/6995 7012/7012 6838/6838
f 6995/6995 6838/6838 6837/6837
f 7014/7014 7012/7012 6995/6995
f 7559/7559 7605/7605 7550/7550
f 7550/7550 7605/7605 7502/7502
f 852/852 811/811 814/814
f 7550/7550 7502/7502 7500/7500
f 7181/7181 7173/7173 7175/7175
f 7267/7267 7284/7284 7285/7285
f 7267/7267 7285/7285 7283/7283
f 7500/7500 7502/7502 7497/7497
f 271/271 389/389 270/270
f 271/271 270/270 175/175
f 175/175 173/173 174/174
f 174/174 172/172 177/177
f 172/172 180/180 179/179
f 167/167 158/158 165/165
f 165/165 158/158 157/157
f 158/158 156/156 157/157
f 157/157 154/154 262/262
f 262/262 154/154 264/264
f 7495/7495 7497/7497 7496/7496
f 6123/6123 6082/6082 6077/6077
f 6077/6077 6082/6082 6024/6024
f 6024/6024 6010/6010 5990/5990
f 7018/7018 7019/7019 7020/7020
f 7018/7018 7020/7020 7021/7021
f 2498/2498 2460/2460 2499/2499
f 2431/2431 2418/2418 2460/2460
f 6007/6007 6011/6011 6053/6053
f 2415/2415 2435/2435 2416/2416
f 5959/5959 5906/5906 5960/5960
f 2485/2485 2466/2466 2435/2435
f 2485/2485 2496/2496 2466/2466
f 2496/2496 2883/2883 2773/2773
f 2896/2896 2895/2895 2840/2840
f 2771/2771 2807/2807 2898/2898
f 2898/2898 2807/2807 2896/2896
f 2755/2755 2620/2620 2747/2747
f 2755/2755 2747/2747 2771/2771
f 2627/2627 2620/2620 2755/2755
f 2626/2626 2667/2667 2666/2666
f 5561/5561 5580/5580 5562/5562
f 3161/3161 3159/3159 3127/3127
f 2667/2667 2652/2652 2666/2666
f 2653/2653 2679/2679 2650/2650
f 2685/2685 2728/2728 2679/2679
f 2685/2685 2679/2679 2653/2653
f 2791/2791 2792/2792 2728/2728
f 2869/2869 2792/2792 2791/2791
f 2785/2785 2830/2830 2791/2791
f 2830/2830 2869/2869 2791/2791
f 6328/6328 6327/6327 6207/6207
f 2812/2812 2814/2814 2813/2813
f 2813/2813 2826/2826 2831/2831
f 6958/6958 6963/6963 6968/6968
f 2900/2900 2814/2814 2812/2812
f 4991/4991 4992/4992 4976/4976
f 4469/4469 4467/4467 4461/4461
f 4461/4461 4467/4467 4464/4464
f 6516/6516 6532/6532 6541/6541
f 5260/5260 5262/5262 5259/5259
f 5606/5606 5587/5587 5597/5597
f 4255/4255 4253/4253 4256/4256
f 5028/5028 5007/5007 5006/5006
f 7489/7489 7486/7486 7488/7488
f 4401/4401 4397/4397 4410/4410
f 7486/7486 7487/7487 7488/7488
f 7488/7488 7487/7487 7491/7491
f 7786/7786 7782/7782 7784/7784
f 7488/7488 7491/7491 7559/7559
f 7782/7782 7785/7785 7783/7783
f 6732/6732 6815/6815 6733/6733
f 7491/7491 7605/7605 7559/7559
f 541/541 540/540 539/539
f 534/534 572/572 537/537
f 588/588 817/817 609/609
f 2549/2549 2463/2463 2465/2465
f 2465/2465 2464/2464 2473/2473
f 2464/2464 2471/2471 2473/2473
f 7496/7496 7629/7629 7494/7494
f 7494/7494 7629/7629 7627/7627
f 2471/2471 2498/2498 2474/2474
f 7627/7627 7629/7629 7734/7734
f 2460/2460 2461/2461 2499/2499
f 2460/2460 2418/2418 2461/2461
f 6074/6074 6055/6055 5907/5907
f 2415/2415 2416/2416 2400/2400
f 2435/2435 2466/2466 2416/2416
f 2765/2765 2763/2763 2761/2761
f 2807/2807 2841/2841 2896/2896
f 2896/2896 2841/2841 2895/2895
f 2619/2619 2613/2613 2771/2771
f 2747/2747 2619/2619 2771/2771
f 2613/2613 2615/2615 2771/2771
f 2771/2771 2615/2615 2807/2807
f 2620/2620 2619/2619 2747/2747
f 2618/2618 2613/2613 2619/2619
f 2620/2620 2626/2626 2618/2618
f 2620/2620 2618/2618 2619/2619
f 2626/2626 2666/2666 2618/2618
f 2666/2666 2649/2649 2618/2618
f 2666/2666 2652/2652 2649/2649
f 2652/2652 2650/2650 2649/2649
f 2728/2728 2733/2733 2679/2679
f 2728/2728 2792/2792 2784/2784
f 2728/2728 2784/2784 2733/2733
f 6328/6328 6326/6326 6327/6327
f 2785/2785 2831/2831 2830/2830
f 2831/2831 2826/2826 2830/2830
f 2813/2813 2817/2817 2826/2826
f 6963/6963 6962/6962 6968/6968
f 4521/4521 4505/4505 4493/4493
f 4493/4493 4505/4505 4484/4484
f 4992/4992 4993/4993 4976/4976
f 4479/4479 4475/4475 4469/4469
f 4388/4388 4391/4391 4397/4397
f 4397/4397 4413/4413 4410/4410
f 7515/7515 7512/7512 7519/7519
f 5005/5005 5008/5008 5009/5009
f 7519/7519 7512/7512 7517/7517
f 7487/7487 7492/7492 7491/7491
f 7491/7491 7607/7607 7506/7506
f 7491/7491 7506/7506 7605/7605
f 7012/7012 6815/6815 6838/6838
f 7605/7605 7506/7506 7635/7635
f 7506/7506 7507/7507 7635/7635
f 7287/7287 7290/7290 7289/7289
f 7635/7635 7507/7507 7502/7502
f 331/331 405/405 414/414
f 414/414 405/405 320/320
f 395/395 320/320 394/394
f 395/395 394/394 389/389
f 389/389 394/394 270/270
f 175/175 270/270 173/173
f 174/174 173/173 172/172
f 172/172 182/182 180/180
f 182/182 188/188 180/180
f 180/180 188/188 167/167
f 167/167 188/188 158/158
f 158/158 168/168 156/156
f 588/588 609/609 547/547
f 168/168 155/155 156/156
f 156/156 155/155 154/154
f 154/154 150/150 264/264
f 7497/7497 7498/7498 7496/7496
f 264/264 150/150 343/343
f 2596/2596 2549/2549 2572/2572
f 6024/6024 6082/6082 6010/6010
f 2471/2471 2474/2474 2473/2473
f 2498/2498 2499/2499 2502/2502
f 2498/2498 2502/2502 2474/2474
f 2499/2499 2461/2461 2502/2502
f 2418/2418 2419/2419 2461/2461
f 2418/2418 2397/2397 2419/2419
f 6055/6055 6018/6018 5908/5908
f 6055/6055 5908/5908 5907/5907
f 5907/5907 5908/5908 5896/5896
f 2400/2400 2416/2416 2402/2402
f 5906/5906 5896/5896 5905/5905
f 2416/2416 2410/2410 2402/2402
f 5927/5927 5937/5937 5928/5928
f 2496/2496 2370/2370 2466/2466
f 2762/2762 2767/2767 2773/2773
f 3008/3008 2981/2981 3007/3007
f 2761/2761 2763/2763 2762/2762
f 2895/2895 2839/2839 2840/2840
f 2840/2840 2839/2839 2765/2765
f 2841/2841 2857/2857 2895/2895
f 2857/2857 2778/2778 2895/2895
f 2615/2615 2622/2622 2807/2807
f 2807/2807 2622/2622 2841/2841
f 2613/2613 2614/2614 2615/2615
f 2613/2613 2618/2618 2617/2617
f 2613/2613 2617/2617 2614/2614
f 2618/2618 2659/2659 2617/2617
f 2618/2618 2649/2649 2659/2659
f 2659/2659 2647/2647 2617/2617
f 2649/2649 2647/2647 2659/2659
f 2649/2649 2648/2648 2647/2647
f 2649/2649 2650/2650 2648/2648
f 2679/2679 2678/2678 2650/2650
f 2650/2650 2678/2678 2648/2648
f 2679/2679 2733/2733 2678/2678
f 2792/2792 2804/2804 2784/2784
f 6413/6413 6412/6412 6326/6326
f 2869/2869 2832/2832 2792/2792
f 2869/2869 2830/2830 2832/2832
f 2817/2817 2821/2821 2826/2826
f 2814/2814 2815/2815 2813/2813
f 4505/4505 4489/4489 4484/4484
f 4469/4469 4475/4475 4467/4467
f 5693/5693 5697/5697 5694/5694
f 4895/4895 4891/4891 4878/4878
f 4878/4878 4891/4891 4879/4879
f 6542/6542 6533/6533 6516/6516
f 5260/5260 5265/5265 5262/5262
f 5587/5587 5586/5586 5585/5585
f 5007/5007 5008/5008 5005/5005
f 7512/7512 7510/7510 7517/7517
f 7517/7517 7510/7510 7518/7518
f 7518/7518 7510/7510 7608/7608
f 7608/7608 7510/7510 7607/7607
f 7013/7013 7008/7008 7012/7012
f 450/450 445/445 451/451
f 445/445 331/331 414/414
f 451/451 445/445 414/414
f 7507/7507 7501/7501 7502/7502
f 7501/7501 7497/7497 7502/7502
f 173/173 171/171 172/172
f 172/172 171/171 170/170
f 172/172 170/170 182/182
f 158/158 188/188 168/168
f 168/168 148/148 155/155
f 154/154 155/155 146/146
f 154/154 146/146 150/150
f 2597/2597 2596/2596 2573/2573
f 343/343 150/150 342/342
f 7658/7658 7629/7629 7496/7496
f 7020/7020 7037/7037 7030/7030
f 7044/7044 7037/7037 7020/7020
f 2473/2473 2474/2474 2475/2475
f 2419/2419 2459/2459 2461/2461
f 2459/2459 2419/2419 2413/2413
f 2419/2419 2397/2397 2413/2413
f 5905/5905 5896/5896 5895/5895
f 5905/5905 5895/5895 5972/5972
f 2466/2466 2374/2374 2410/2410
f 2466/2466 2370/2370 2374/2374
f 2496/2496 2773/2773 2370/2370
f 2773/2773 2365/2365 2370/2370
f 2773/2773 2767/2767 2365/2365
f 2763/2763 2766/2766 2762/2762
f 2765/2765 2789/2789 2763/2763
f 2778/2778 2839/2839 2895/2895
f 2841/2841 2622/2622 2857/2857
f 2615/2615 2621/2621 2622/2622
f 2614/2614 2616/2616 2615/2615
f 2615/2615 2616/2616 2621/2621
f 2614/2614 2617/2617 2616/2616
f 2617/2617 2647/2647 2616/2616
f 2647/2647 2645/2645 2616/2616
f 2648/2648 2646/2646 2647/2647
f 2647/2647 2646/2646 2645/2645
f 2648/2648 2678/2678 2646/2646
f 2733/2733 2784/2784 2756/2756
f 2832/2832 2854/2854 2792/2792
f 2792/2792 2854/2854 2804/2804
f 2826/2826 2821/2821 2830/2830
f 2821/2821 2824/2824 2830/2830
f 2817/2817 2819/2819 2821/2821
f 6207/6207 6327/6327 6204/6204
f 2814/2814 2884/2884 2815/2815
f 2815/2815 2816/2816 2813/2813
f 2813/2813 2816/2816 2817/2817
f 2834/2834 2815/2815 2884/2884
f 4479/4479 4484/4484 4475/4475
f 5562/5562 5569/5569 5563/5563
f 4976/4976 4899/4899 4895/4895
f 4895/4895 4899/4899 4891/4891
f 4879/4879 4891/4891 4904/4904
f 5667/5667 5674/5674 5673/5673
f 5161/5161 5018/5018 5028/5028
f 5018/5018 5007/5007 5028/5028
f 4391/4391 4403/4403 4397/4397
f 4397/4397 4403/4403 4413/4413
f 7510/7510 7506/7506 7607/7607
f 7012/7012 7006/7006 6815/6815
f 7506/7506 7501/7501 7507/7507
f 331/331 320/320 405/405
f 394/394 272/272 270/270
f 270/270 253/253 173/173
f 173/173 253/253 171/171
f 182/182 152/152 188/188
f 168/168 188/188 159/159
f 155/155 148/148 146/146
f 6120/6120 6119/6119 6082/6082
f 7615/7615 7658/7658 7496/7496
f 7498/7498 7615/7615 7496/7496
f 6082/6082 6027/6027 6010/6010
f 2474/2474 2477/2477 2475/2475
f 2475/2475 2477/2477 2478/2478
f 2477/2477 2474/2474 2503/2503
f 2474/2474 2502/2502 2503/2503
f 5908/5908 5909/5909 5896/5896
f 5909/5909 5897/5897 5896/5896
f 5896/5896 5897/5897 5891/5891
f 5896/5896 5891/5891 5895/5895
f 5891/5891 5890/5890 5895/5895
f 5972/5972 5898/5898 5941/5941
f 2762/2762 2766/2766 2767/2767
f 2765/2765 2839/2839 2789/2789
f 2839/2839 2798/2798 2789/2789
f 2622/2622 2624/2624 2857/2857
f 2857/2857 2624/2624 2778/2778
f 2621/2621 2616/2616 2622/2622
f 2645/2645 2625/2625 2616/2616
f 3074/3074 3075/3075 3076/3076
f 2646/2646 2678/2678 2691/2691
f 2691/2691 2688/2688 2646/2646
f 2678/2678 2756/2756 2691/2691
f 2854/2854 2856/2856 2804/2804
f 6412/6412 6411/6411 6326/6326
f 2830/2830 2824/2824 2832/2832
f 6326/6326 6325/6325 6204/6204
f 6327/6327 6326/6326 6204/6204
f 6325/6325 6205/6205 6204/6204
f 2815/2815 2828/2828 2816/2816
f 4530/4530 4526/4526 4521/4521
f 4521/4521 4526/4526 4505/4505
f 4993/4993 4997/4997 4976/4976
f 4997/4997 4979/4979 4976/4976
f 4467/4467 4468/4468 4464/4464
f 5694/5694 5692/5692 5693/5693
f 5265/5265 5267/5267 5262/5262
f 5606/5606 5605/5605 5587/5587
f 4392/4392 4404/4404 4391/4391
f 5007/5007 5010/5010 5008/5008
f 7515/7515 7513/7513 7512/7512
f 7512/7512 7511/7511 7510/7510
f 447/447 446/446 445/445
f 774/774 834/834 763/763
f 331/331 321/321 320/320
f 394/394 320/320 272/272
f 270/270 272/272 253/253
f 7501/7501 7498/7498 7497/7497
f 152/152 144/144 188/188
f 188/188 144/144 159/159
f 146/146 137/137 150/150
f 150/150 137/137 149/149
f 150/150 149/149 342/342
f 342/342 149/149 344/344
f 6082/6082 6069/6069 6027/6027
f 2475/2475 2479/2479 2508/2508
f 2475/2475 2478/2478 2479/2479
f 2503/2503 2509/2509 2477/2477
f 2502/2502 2430/2430 2503/2503
f 2502/2502 2459/2459 2430/2430
f 2459/2459 2413/2413 2430/2430
f 2413/2413 2399/2399 2430/2430
f 6017/6017 6019/6019 5909/5909
f 5908/5908 6017/6017 5909/5909
f 5895/5895 5890/5890 5898/5898
f 2411/2411 2374/2374 2373/2373
f 2370/2370 2363/2363 2373/2373
f 2374/2374 2370/2370 2373/2373
f 2370/2370 2365/2365 2363/2363
f 2767/2767 2366/2366 2365/2365
f 2763/2763 2770/2770 2766/2766
f 2763/2763 2789/2789 2770/2770
f 2624/2624 2622/2622 2623/2623
f 2622/2622 2616/2616 2623/2623
f 2616/2616 2625/2625 2623/2623
f 2625/2625 2645/2645 2644/2644
f 2645/2645 2643/2643 2644/2644
f 2645/2645 2646/2646 2643/2643
f 2646/2646 2688/2688 2643/2643
f 2819/2819 2822/2822 2821/2821
f 2834/2834 2828/2828 2815/2815
f 2828/2828 2827/2827 2816/2816
f 2827/2827 2818/2818 2816/2816
f 2816/2816 2818/2818 2817/2817
f 2817/2817 2818/2818 2819/2819
f 2819/2819 2818/2818 2820/2820
f 4530/4530 4565/4565 4526/4526
f 4484/4484 4489/4489 4475/4475
f 4976/4976 4977/4977 4899/4899
f 6533/6533 6534/6534 6532/6532
f 4891/4891 4903/4903 4904/4904
f 4391/4391 4404/4404 4403/4403
f 7513/7513 7511/7511 7512/7512
f 5585/5585 5586/5586 5546/5546
f 7006/7006 7002/7002 6815/6815
f 447/447 452/452 446/446
f 446/446 444/444 445/445
f 7506/7506 7505/7505 7501/7501
f 445/445 444/444 331/331
f 753/753 603/603 831/831
f 834/834 753/753 831/831
f 7501/7501 7503/7503 7498/7498
f 182/182 170/170 152/152
f 168/168 159/159 148/148
f 148/148 138/138 146/146
f 146/146 138/138 137/137
f 149/149 329/329 344/344
f 7615/7615 7725/7725 7658/7658
f 7038/7038 7039/7039 7030/7030
f 6082/6082 6119/6119 6069/6069
f 6027/6027 6069/6069 6004/6004
f 2477/2477 2481/2481 2478/2478
f 2477/2477 2509/2509 2481/2481
f 2503/2503 2504/2504 2509/2509
f 2503/2503 2430/2430 2437/2437
f 2503/2503 2437/2437 2504/2504
f 2430/2430 2401/2401 2437/2437
f 2401/2401 2403/2403 2437/2437
f 5897/5897 5909/5909 5892/5892
f 5892/5892 5888/5888 5891/5891
f 5897/5897 5892/5892 5891/5891
f 5891/5891 5888/5888 5890/5890
f 5888/5888 5889/5889 5890/5890
f 5890/5890 5889/5889 5898/5898
f 5898/5898 5889/5889 5899/5899
f 2411/2411 2373/2373 2429/2429
f 2767/2767 2766/2766 2366/2366
f 2789/2789 2769/2769 2770/2770
f 2789/2789 2798/2798 2769/2769
f 2624/2624 2636/2636 2778/2778
f 2778/2778 2636/2636 2699/2699
f 2778/2778 2699/2699 2839/2839
f 2839/2839 2699/2699 2798/2798
f 2699/2699 2737/2737 2798/2798
f 2624/2624 2623/2623 2636/2636
f 2623/2623 2625/2625 2636/2636
f 3157/3157 3104/3104 3148/3148
f 2644/2644 2643/2643 2639/2639
f 2643/2643 2688/2688 2642/2642
f 2688/2688 2731/2731 2642/2642
f 2691/2691 2744/2744 2688/2688
f 2756/2756 2772/2772 2744/2744
f 2756/2756 2744/2744 2691/2691
f 2804/2804 2772/2772 2756/2756
f 2804/2804 2856/2856 2772/2772
f 6411/6411 6414/6414 6325/6325
f 6411/6411 6325/6325 6326/6326
f 2824/2824 2825/2825 2832/2832
f 2821/2821 2823/2823 2824/2824
f 6325/6325 6324/6324 6205/6205
f 2821/2821 2822/2822 2823/2823
f 2819/2819 2820/2820 2822/2822
f 2818/2818 2827/2827 2820/2820
f 4565/4565 4533/4533 4526/4526
f 4467/4467 4475/4475 4473/4473
f 6534/6534 6536/6536 6532/6532
f 6535/6535 6534/6534 6533/6533
f 5161/5161 5020/5020 5018/5018
f 7662/7662 7513/7513 7515/7515
f 5007/5007 5013/5013 5012/5012
f 7510/7510 7505/7505 7506/7506
f 6815/6815 7002/7002 6816/6816
f 452/452 448/448 446/446
f 444/444 407/407 331/331
f 407/407 354/354 331/331
f 354/354 321/321 331/331
f 321/321 316/316 320/320
f 320/320 316/316 272/272
f 831/831 603/603 829/829
f 272/272 267/267 253/253
f 253/253 162/162 171/171
f 171/171 162/162 170/170
f 159/159 142/142 148/148
f 137/137 136/136 149/149
f 149/149 151/151 329/329
f 7039/7039 7032/7032 7030/7030
f 6119/6119 6118/6118 6069/6069
f 2479/2479 2478/2478 2480/2480
f 2478/2478 2481/2481 2480/2480
f 2504/2504 2437/2437 2468/2468
f 2437/2437 2403/2403 2468/2468
f 2403/2403 2423/2423 2468/2468
f 2403/2403 2404/2404 2423/2423
f 6028/6028 5894/5894 5892/5892
f 5909/5909 6028/6028 5892/5892
f 5888/5888 5893/5893 5889/5889
f 2411/2411 2429/2429 2412/2412
f 2363/2363 2365/2365 2343/2343
f 2365/2365 2366/2366 2344/2344
f 2365/2365 2344/2344 2343/2343
f 3004/3004 2996/2996 2991/2991
f 2798/2798 2737/2737 2769/2769
f 2636/2636 2638/2638 2699/2699
f 2636/2636 2637/2637 2638/2638
f 2636/2636 2625/2625 2637/2637
f 2625/2625 2644/2644 2639/2639
f 2625/2625 2639/2639 2637/2637
f 2639/2639 2643/2643 2642/2642
f 2688/2688 2743/2743 2731/2731
f 2744/2744 2743/2743 2688/2688
f 2744/2744 2772/2772 2745/2745
f 2866/2866 2865/2865 2856/2856
f 2865/2865 2772/2772 2856/2856
f 2833/2833 2856/2856 2854/2854
f 2832/2832 2833/2833 2854/2854
f 2823/2823 2825/2825 2824/2824
f 2820/2820 2823/2823 2822/2822
f 2834/2834 2887/2887 2828/2828
f 2887/2887 2888/2888 2828/2828
f 2828/2828 2888/2888 2827/2827
f 2239/2239 2143/2143 2166/2166
f 2827/2827 2859/2859 2820/2820
f 2859/2859 2838/2838 2820/2820
f 2820/2820 2838/2838 2823/2823
f 4526/4526 4489/4489 4505/4505
f 5706/5706 5705/5705 5718/5718
f 4473/4473 4472/4472 4467/4467
f 4467/4467 4472/4472 4468/4468
f 4979/4979 4977/4977 4976/4976
f 4977/4977 4900/4900 4899/4899
f 4899/4899 4900/4900 4891/4891
f 2949/2949 2948/2948 2951/2951
f 5018/5018 5014/5014 5007/5007
f 5007/5007 5014/5014 5013/5013
f 7662/7662 7516/7516 7513/7513
f 7513/7513 7514/7514 7511/7511
f 7511/7511 7508/7508 7510/7510
f 7510/7510 7508/7508 7505/7505
f 446/446 448/448 444/444
f 763/763 831/831 755/755
f 272/272 316/316 267/267
f 267/267 162/162 253/253
f 170/170 162/162 143/143
f 170/170 143/143 152/152
f 152/152 143/143 144/144
f 144/144 142/142 159/159
f 7498/7498 7583/7583 7615/7615
f 148/148 142/142 138/138
f 138/138 134/134 137/137
f 2544/2544 2541/2541 2543/2543
f 344/344 329/329 419/419
f 2481/2481 2509/2509 2490/2490
f 2509/2509 2504/2504 2490/2490
f 2504/2504 2468/2468 2442/2442
f 2504/2504 2442/2442 2490/2490
f 2468/2468 2423/2423 2442/2442
f 2423/2423 2412/2412 2442/2442
f 5889/5889 5893/5893 5900/5900
f 5889/5889 5900/5900 5899/5899
f 5899/5899 5900/5900 5901/5901
f 2412/2412 2429/2429 2377/2377
f 5899/5899 5901/5901 6029/6029
f 2429/2429 2373/2373 2377/2377
f 2373/2373 2367/2367 2377/2377
f 2373/2373 2363/2363 2367/2367
f 2363/2363 2343/2343 2349/2349
f 2366/2366 2345/2345 2344/2344
f 2766/2766 2788/2788 2345/2345
f 2766/2766 2345/2345 2366/2366
f 2766/2766 2775/2775 2788/2788
f 2996/2996 3006/3006 2979/2979
f 2770/2770 2775/2775 2766/2766
f 2770/2770 2749/2749 2775/2775
f 2770/2770 2769/2769 2749/2749
f 2737/2737 2694/2694 2769/2769
f 2699/2699 2638/2638 2737/2737
f 2737/2737 2638/2638 2694/2694
f 5580/5580 5570/5570 5562/5562
f 2639/2639 2642/2642 2641/2641
f 2772/2772 2801/2801 2745/2745
f 2856/2856 2833/2833 2866/2866
f 6414/6414 6349/6349 6325/6325
f 2825/2825 2829/2829 2832/2832
f 2829/2829 2833/2833 2832/2832
f 6325/6325 6349/6349 6324/6324
f 2825/2825 2823/2823 2829/2829
f 6324/6324 6209/6209 6205/6205
f 2836/2836 2829/2829 2823/2823
f 2207/2207 2131/2131 2143/2143
f 2823/2823 2838/2838 2836/2836
f 4489/4489 4478/4478 4475/4475
f 4475/4475 4478/4478 4473/4473
f 5692/5692 5686/5686 5693/5693
f 4900/4900 4901/4901 4891/4891
f 4891/4891 4901/4901 4903/4903
f 4404/4404 4414/4414 4403/4403
f 5007/5007 5012/5012 5010/5010
f 444/444 409/409 407/407
f 321/321 354/354 316/316
f 829/829 596/596 830/830
f 596/596 549/549 615/615
f 7503/7503 7583/7583 7498/7498
f 143/143 140/140 144/144
f 144/144 140/140 142/142
f 142/142 135/135 138/138
f 138/138 135/135 134/134
f 137/137 134/134 136/136
f 149/149 136/136 151/151
f 2480/2480 2481/2481 2482/2482
f 2481/2481 2490/2490 2482/2482
f 2490/2490 2488/2488 2482/2482
f 2490/2490 2442/2442 2491/2491
f 2490/2490 2491/2491 2488/2488
f 2442/2442 2443/2443 2491/2491
f 2442/2442 2412/2412 2443/2443
f 2412/2412 2377/2377 2443/2443
f 5900/5900 5902/5902 5901/5901
f 2363/2363 2349/2349 2367/2367
f 2769/2769 2694/2694 2749/2749
f 2638/2638 2637/2637 2640/2640
f 2637/2637 2639/2639 2640/2640
f 2639/2639 2641/2641 2640/2640
f 2642/2642 2695/2695 2641/2641
f 3071/3071 3282/3282 3292/3292
f 2745/2745 2746/2746 2743/2743
f 2745/2745 2801/2801 2746/2746
f 3272/3272 3252/3252 3273/3273
f 3255/3255 3254/3254 3366/3366
f 2829/2829 2874/2874 2833/2833
f 2131/2131 2130/2130 2143/2143
f 2143/2143 2130/2130 2127/2127
f 2143/2143 2127/2127 2166/2166
f 2166/2166 2127/2127 2169/2169
f 5692/5692 5691/5691 5686/5686
f 5018/5018 5020/5020 5014/5014
f 5013/5013 5015/5015 5012/5012
f 448/448 494/494 449/449
f 448/448 449/449 444/444
f 444/444 449/449 409/409
f 757/757 756/756 737/737
f 407/407 350/350 354/354
f 7505/7505 7504/7504 7501/7501
f 316/316 330/330 267/267
f 830/830 596/596 841/841
f 596/596 615/615 841/841
f 7503/7503 7614/7614 7583/7583
f 162/162 131/131 143/143
f 143/143 145/145 140/140
f 142/142 140/140 135/135
f 136/136 147/147 151/151
f 151/151 147/147 329/329
f 2542/2542 2541/2541 2534/2534
f 2534/2534 2479/2479 2528/2528
f 2479/2479 2480/2480 2486/2486
f 2480/2480 2482/2482 2486/2486
f 5901/5901 5902/5902 5903/5903
f 2377/2377 2367/2367 2357/2357
f 2349/2349 2346/2346 2358/2358
f 2367/2367 2349/2349 2358/2358
f 2349/2349 2343/2343 2337/2337
f 2638/2638 2640/2640 2694/2694
f 2694/2694 2640/2640 2681/2681
f 2641/2641 2695/2695 2680/2680
f 2731/2731 2742/2742 2695/2695
f 2743/2743 2742/2742 2731/2731
f 2743/2743 2746/2746 2742/2742
f 2865/2865 2867/2867 2772/2772
f 2772/2772 2867/2867 2801/2801
f 2833/2833 2868/2868 2866/2866
f 2866/2866 2864/2864 2865/2865
f 6324/6324 6322/6322 6209/6209
f 2836/2836 2874/2874 2829/2829
f 2131/2131 2129/2129 2130/2130
f 2129/2129 2127/2127 2130/2130
f 2127/2127 2126/2126 2169/2169
f 6210/6210 6222/6222 6224/6224
f 4533/4533 4489/4489 4526/4526
f 5616/5616 5573/5573 5628/5628
f 4404/4404 4415/4415 4414/4414
f 7513/7513 7516/7516 7514/7514
f 407/407 409/409 350/350
f 7504/7504 7503/7503 7501/7501
f 354/354 387/387 316/316
f 316/316 387/387 330/330
f 830/830 841/841 743/743
f 841/841 615/615 842/842
f 163/163 131/131 162/162
f 145/145 141/141 140/140
f 134/134 119/119 136/136
f 136/136 116/116 147/147
f 419/419 329/329 265/265
f 2528/2528 2479/2479 2486/2486
f 2482/2482 2382/2382 2486/2486
f 2482/2482 2488/2488 2382/2382
f 2488/2488 2491/2491 2375/2375
f 2491/2491 2372/2372 2375/2375
f 2491/2491 2443/2443 2372/2372
f 2443/2443 2377/2377 2372/2372
f 2343/2343 2344/2344 2328/2328
f 2343/2343 2328/2328 2337/2337
f 2344/2344 2345/2345 2328/2328
f 2345/2345 2333/2333 2328/2328
f 2694/2694 2681/2681 2749/2749
f 3125/3125 3119/3119 3064/3064
f 2640/2640 2641/2641 2680/2680
f 2640/2640 2680/2680 2681/2681
f 2695/2695 2750/2750 2680/2680
f 2742/2742 2787/2787 2695/2695
f 2864/2864 2863/2863 2865/2865
f 2865/2865 2863/2863 2867/2867
f 2870/2870 2868/2868 2833/2833
f 2868/2868 2864/2864 2866/2866
f 2874/2874 2870/2870 2833/2833
f 2836/2836 2873/2873 2874/2874
f 2131/2131 2132/2132 2129/2129
f 2169/2169 2140/2140 2212/2212
f 2129/2129 2128/2128 2127/2127
f 2127/2127 2128/2128 2124/2124
f 2127/2127 2124/2124 2126/2126
f 6218/6218 6222/6222 6210/6210
f 4533/4533 4534/4534 4489/4489
f 4979/4979 4980/4980 4977/4977
f 4478/4478 4474/4474 4473/4473
f 6486/6486 6483/6483 6485/6485
f 6485/6485 6483/6483 6484/6484
f 7511/7511 7536/7536 7508/7508
f 7011/7011 7005/7005 6816/6816
f 449/449 458/458 409/409
f 5586/5586 5544/5544 5546/5546
f 350/350 313/313 354/354
f 313/313 387/387 354/354
f 7503/7503 7681/7681 7614/7614
f 7614/7614 7681/7681 7722/7722
f 323/323 163/163 267/267
f 267/267 163/163 162/162
f 163/163 153/153 131/131
f 153/153 130/130 131/131
f 848/848 576/576 593/593
f 131/131 128/128 143/143
f 143/143 128/128 145/145
f 140/140 141/141 139/139
f 140/140 139/139 135/135
f 135/135 120/120 134/134
f 134/134 120/120 119/119
f 119/119 116/116 136/136
f 116/116 118/118 147/147
f 329/329 147/147 265/265
f 6051/6051 6090/6090 6052/6052
f 6002/6002 6021/6021 6022/6022
f 2357/2357 2356/2356 2372/2372
f 5903/5903 6046/6046 6036/6036
f 5545/5545 5580/5580 5561/5561
f 2346/2346 2337/2337 2329/2329
f 5780/5780 5772/5772 5792/5792
f 3147/3147 3146/3146 3020/3020
f 2788/2788 2339/2339 2345/2345
f 2775/2775 2777/2777 2788/2788
f 2749/2749 2693/2693 2777/2777
f 2681/2681 2693/2693 2749/2749
f 2680/2680 2692/2692 2681/2681
f 2680/2680 2750/2750 2692/2692
f 2695/2695 2787/2787 2781/2781
f 2695/2695 2781/2781 2750/2750
f 2806/2806 2837/2837 2746/2746
f 2742/2742 2746/2746 2787/2787
f 2746/2746 2837/2837 2787/2787
f 2801/2801 2849/2849 2806/2806
f 2867/2867 2851/2851 2801/2801
f 3256/3256 3365/3365 3366/3366
f 3254/3254 3256/3256 3366/3366
f 6349/6349 6358/6358 6323/6323
f 6349/6349 6323/6323 6324/6324
f 6324/6324 6323/6323 6322/6322
f 2874/2874 2873/2873 2870/2870
f 2132/2132 2136/2136 2129/2129
f 2212/2212 2140/2140 2211/2211
f 2126/2126 2140/2140 2169/2169
f 6224/6224 6222/6222 6231/6231
f 4534/4534 4490/4490 4489/4489
f 4489/4489 4490/4490 4478/4478
f 4478/4478 4490/4490 4474/4474
f 4473/4473 4474/4474 4472/4472
f 5685/5685 5704/5704 5703/5703
f 5686/5686 5685/5685 5703/5703
f 5691/5691 5684/5684 5686/5686
f 5569/5569 5573/5573 5616/5616
f 2947/2947 2946/2946 2948/2948
f 2949/2949 2947/2947 2948/2948
f 2946/2946 2950/2950 2948/2948
f 3969/3969 3965/3965 3958/3958
f 5588/5588 5586/5586 5587/5587
f 7514/7514 7535/7535 7511/7511
f 7511/7511 7535/7535 7536/7536
f 7011/7011 7015/7015 7005/7005
f 492/492 490/490 491/491
f 491/491 490/490 449/449
f 490/490 458/458 449/449
f 7508/7508 7504/7504 7505/7505
f 313/313 308/308 387/387
f 387/387 308/308 408/408
f 7504/7504 7645/7645 7503/7503
f 7041/7041 7042/7042 7036/7036
f 7645/7645 7729/7729 7681/7681
f 7503/7503 7645/7645 7681/7681
f 841/841 842/842 733/733
f 330/330 388/388 323/323
f 323/323 388/388 163/163
f 842/842 848/848 863/863
f 848/848 593/593 860/860
f 863/863 848/848 860/860
f 130/130 128/128 131/131
f 128/128 126/126 145/145
f 556/556 570/570 564/564
f 135/135 139/139 120/120
f 147/147 118/118 265/265
f 6103/6103 6104/6104 6090/6090
f 6090/6090 6105/6105 6102/6102
f 6090/6090 6102/6102 6052/6052
f 2375/2375 2368/2368 2382/2382
f 2375/2375 2372/2372 2368/2368
f 2372/2372 2356/2356 2360/2360
f 2357/2357 2347/2347 2356/2356
f 2357/2357 2358/2358 2347/2347
f 2337/2337 2328/2328 2329/2329
f 2788/2788 2777/2777 2339/2339
f 2681/2681 2692/2692 2693/2693
f 2806/2806 2849/2849 2837/2837
f 2801/2801 2851/2851 2849/2849
f 2863/2863 2851/2851 2867/2867
f 2873/2873 2872/2872 2870/2870
f 2870/2870 2872/2872 2868/2868
f 2868/2868 2872/2872 2864/2864
f 6322/6322 6219/6219 6209/6209
f 2129/2129 2122/2122 2128/2128
f 2128/2128 2125/2125 2124/2124
f 2126/2126 2124/2124 2117/2117
f 2126/2126 2117/2117 2140/2140
f 6222/6222 6232/6232 6231/6231
f 5887/5887 5873/5873 5876/5876
f 5876/5876 5873/5873 5875/5875
f 4980/4980 4978/4978 4977/4977
f 5691/5691 5695/5695 5684/5684
f 5684/5684 5685/5685 5686/5686
f 4977/4977 4978/4978 4900/4900
f 4900/4900 4902/4902 4901/4901
f 4280/4280 4278/4278 4279/4279
f 5605/5605 5589/5589 5587/5587
f 5020/5020 5021/5021 5014/5014
f 7536/7536 7633/7633 7508/7508
f 7005/7005 7017/7017 6829/6829
f 7508/7508 7509/7509 7504/7504
f 7504/7504 7509/7509 7631/7631
f 7631/7631 7645/7645 7504/7504
f 301/301 302/302 408/408
f 5288/5288 5282/5282 5289/5289
f 330/330 408/408 388/388
f 733/733 843/843 746/746
f 8217/8217 8216/8216 8215/8215
f 8215/8215 8216/8216 8209/8209
f 8215/8215 8209/8209 8212/8212
f 130/130 129/129 128/128
f 860/860 593/593 599/599
f 145/145 126/126 141/141
f 126/126 133/133 141/141
f 141/141 133/133 139/139
f 119/119 120/120 117/117
f 119/119 117/117 116/116
f 265/265 118/118 121/121
f 265/265 121/121 311/311
f 2609/2609 2534/2534 2603/2603
f 2603/2603 2528/2528 2533/2533
f 6052/6052 6086/6086 6033/6033
f 2501/2501 2382/2382 2387/2387
f 2382/2382 2368/2368 2376/2376
f 2356/2356 2348/2348 2360/2360
f 2358/2358 2346/2346 2347/2347
f 2346/2346 2329/2329 2336/2336
f 2692/2692 2759/2759 2693/2693
f 2692/2692 2750/2750 2759/2759
f 2750/2750 2797/2797 2759/2759
f 2781/2781 2842/2842 2750/2750
f 2787/2787 2844/2844 2781/2781
f 2837/2837 2844/2844 2787/2787
f 2851/2851 2850/2850 2849/2849
f 2872/2872 2871/2871 2864/2864
f 2871/2871 2862/2862 2864/2864
f 2864/2864 2862/2862 2863/2863
f 2129/2129 2136/2136 2122/2122
f 2122/2122 2123/2123 2128/2128
f 2140/2140 2142/2142 2211/2211
f 2211/2211 2142/2142 2227/2227
f 4490/4490 4491/4491 4474/4474
f 4980/4980 5140/5140 4978/4978
f 4474/4474 4477/4477 4472/4472
f 5014/5014 5019/5019 5013/5013
f 5013/5013 5016/5016 5015/5015
f 7536/7536 7535/7535 7600/7600
f 7508/7508 7633/7633 7509/7509
f 350/350 309/309 313/313
f 5289/5289 5282/5282 5279/5279
f 843/843 863/863 849/849
f 863/863 835/835 849/849
f 860/860 599/599 835/835
f 863/863 860/860 835/835
f 130/130 153/153 248/248
f 130/130 248/248 129/129
f 128/128 129/129 94/94
f 94/94 93/93 126/126
f 128/128 94/94 126/126
f 835/835 599/599 574/574
f 133/133 95/95 139/139
f 121/121 169/169 311/311
f 169/169 312/312 311/311
f 311/311 312/312 442/442
f 442/442 312/312 441/441
f 2486/2486 2547/2547 2533/2533
f 5773/5773 5771/5771 5781/5781
f 2328/2328 2320/2320 2329/2329
f 2333/2333 2339/2339 2324/2324
f 2339/2339 2338/2338 2324/2324
f 2777/2777 2780/2780 2339/2339
f 2693/2693 2759/2759 2780/2780
f 2797/2797 2796/2796 2759/2759
f 2781/2781 2844/2844 2842/2842
f 2837/2837 2845/2845 2844/2844
f 2849/2849 2850/2850 2848/2848
f 2849/2849 2848/2848 2837/2837
f 3233/3233 3352/3352 3351/3351
f 2863/2863 2862/2862 2851/2851
f 6913/6913 6887/6887 6974/6974
f 2132/2132 2141/2141 2136/2136
f 2128/2128 2123/2123 2125/2125
f 2142/2142 2151/2151 2227/2227
f 2227/2227 2151/2151 2234/2234
f 2124/2124 2116/2116 2117/2117
f 2140/2140 2117/2117 2142/2142
f 5019/5019 5017/5017 5013/5013
f 5013/5013 5017/5017 5016/5016
f 7536/7536 7600/7600 7633/7633
f 8318/8318 8317/8317 8319/8319
f 7633/7633 7690/7690 7509/7509
f 6416/6416 6396/6396 6397/6397
f 409/409 351/351 350/350
f 350/350 351/351 309/309
f 308/308 300/300 301/301
f 301/301 298/298 302/302
f 302/302 298/298 303/303
f 302/302 303/303 305/305
f 5283/5283 5284/5284 5274/5274
f 5274/5274 5286/5286 5272/5272
f 723/723 722/722 721/721
f 724/724 723/723 721/721
f 835/835 820/820 849/849
f 8209/8209 8208/8208 8206/8206
f 8209/8209 8206/8206 8212/8212
f 126/126 93/93 133/133
f 139/139 95/95 125/125
f 117/117 115/115 116/116
f 115/115 113/113 116/116
f 116/116 113/113 118/118
f 118/118 113/113 121/121
f 121/121 122/122 169/169
f 6086/6086 6087/6087 6033/6033
f 6033/6033 6087/6087 6066/6066
f 6033/6033 6066/6066 6035/6035
f 5772/5772 5777/5777 5793/5793
f 2328/2328 2318/2318 2320/2320
f 2333/2333 2324/2324 2318/2318
f 2780/2780 2338/2338 2339/2339
f 2759/2759 2796/2796 2780/2780
f 2750/2750 2842/2842 2797/2797
f 3304/3304 3271/3271 3280/3280
f 2837/2837 2847/2847 2845/2845
f 2837/2837 2848/2848 2847/2847
f 2851/2851 2860/2860 2850/2850
f 6358/6358 6321/6321 6323/6323
f 2862/2862 2861/2861 2851/2851
f 2851/2851 2861/2861 2860/2860
f 6323/6323 6321/6321 6322/6322
f 2876/2876 2861/2861 2862/2862
f 2124/2124 2125/2125 2116/2116
f 2151/2151 2187/2187 2234/2234
f 2871/2871 2876/2876 2862/2862
f 6871/6871 6887/6887 6913/6913
f 2116/2116 2111/2111 2117/2117
f 2117/2117 2118/2118 2142/2142
f 2142/2142 2118/2118 2151/2151
f 6222/6222 6233/6233 6232/6232
f 5873/5873 5881/5881 5874/5874
f 5873/5873 5874/5874 5875/5875
f 5875/5875 5874/5874 5877/5877
f 5140/5140 5139/5139 4978/4978
f 4978/4978 5139/5139 5138/5138
f 5695/5695 5687/5687 5684/5684
f 5684/5684 5687/5687 5685/5685
f 7535/7535 7514/7514 7537/7537
f 7537/7537 7600/7600 7535/7535
f 6417/6417 6395/6395 6396/6396
f 458/458 410/410 409/409
f 409/409 410/410 351/351
f 309/309 300/300 308/308
f 313/313 309/309 308/308
f 301/301 300/300 298/298
f 4681/4681 4671/4671 4670/4670
f 303/303 304/304 305/305
f 305/305 304/304 306/306
f 305/305 306/306 310/310
f 5285/5285 5280/5280 5286/5286
f 5286/5286 5280/5280 5272/5272
f 5272/5272 5280/5280 5276/5276
f 849/849 854/854 853/853
f 8296/8296 8298/8298 8299/8299
f 849/849 820/820 854/854
f 820/820 614/614 854/854
f 8212/8212 8206/8206 8210/8210
f 153/153 255/255 248/248
f 248/248 256/256 129/129
f 129/129 256/256 94/94
f 94/94 90/90 93/93
f 93/93 90/90 92/92
f 92/92 95/95 133/133
f 95/95 106/106 125/125
f 125/125 117/117 120/120
f 113/113 122/122 121/121
f 2348/2348 2342/2342 2354/2354
f 5787/5787 5770/5770 5783/5783
f 5770/5770 5768/5768 5783/5783
f 2347/2347 2335/2335 2342/2342
f 5783/5783 5768/5768 5773/5773
f 5773/5773 5762/5762 5771/5771
f 5793/5793 5777/5777 5801/5801
f 2780/2780 2371/2371 2338/2338
f 3032/3032 3050/3050 3056/3056
f 2796/2796 2371/2371 2780/2780
f 2797/2797 2853/2853 2796/2796
f 2842/2842 2843/2843 2797/2797
f 2844/2844 2845/2845 2843/2843
f 2844/2844 2843/2843 2842/2842
f 2850/2850 2860/2860 2848/2848
f 6358/6358 6305/6305 6321/6321
f 2141/2141 2216/2216 2133/2133
f 2141/2141 2133/2133 2136/2136
f 2136/2136 2133/2133 2122/2122
f 6887/6887 6888/6888 6974/6974
f 2115/2115 2116/2116 2125/2125
f 2117/2117 2111/2111 2118/2118
f 2151/2151 2118/2118 2164/2164
f 2151/2151 2164/2164 2187/2187
f 2234/2234 2187/2187 2215/2215
f 6226/6226 6227/6227 6222/6222
f 6222/6222 6227/6227 6233/6233
f 5874/5874 5878/5878 5877/5877
f 5877/5877 5878/5878 5879/5879
f 7594/7594 7593/7593 7590/7590
f 7594/7594 7590/7590 7666/7666
f 7666/7666 7590/7590 7603/7603
f 4491/4491 4535/4535 4474/4474
f 4474/4474 4535/4535 4477/4477
f 5687/5687 5688/5688 5685/5685
f 5685/5685 5688/5688 5690/5690
f 5569/5569 5572/5572 5573/5573
f 5021/5021 5019/5019 5014/5014
f 7600/7600 7657/7657 7706/7706
f 6395/6395 6393/6393 6396/6396
f 6396/6396 6393/6393 6397/6397
f 458/458 471/471 410/410
f 298/298 304/304 303/303
f 853/853 854/854 739/739
f 739/739 854/854 717/717
f 717/717 854/854 862/862
f 854/854 614/614 862/862
f 614/614 590/590 862/862
f 8202/8202 8203/8203 8204/8204
f 8204/8204 8203/8203 8206/8206
f 8206/8206 8203/8203 8210/8210
f 248/248 255/255 256/256
f 94/94 256/256 90/90
f 90/90 91/91 92/92
f 92/92 91/91 95/95
f 565/565 583/583 568/568
f 106/106 127/127 125/125
f 117/117 127/127 115/115
f 115/115 112/112 113/113
f 113/113 123/123 122/122
f 312/312 273/273 357/357
f 6086/6086 6125/6125 6087/6087
f 2547/2547 2387/2387 2385/2385
f 6035/6035 6066/6066 6068/6068
f 6035/6035 6068/6068 6056/6056
f 5787/5787 5786/5786 5770/5770
f 5772/5772 5766/5766 5777/5777
f 3050/3050 3163/3163 3057/3057
f 2855/2855 2332/2332 2371/2371
f 2796/2796 2855/2855 2371/2371
f 2796/2796 2853/2853 2855/2855
f 2843/2843 2852/2852 2797/2797
f 2845/2845 2846/2846 2843/2843
f 2214/2214 2205/2205 2209/2209
f 2228/2228 2203/2203 2214/2214
f 2111/2111 2110/2110 2118/2118
f 2164/2164 2147/2147 2187/2187
f 5878/5878 5882/5882 5879/5879
f 8151/8151 8154/8154 8156/8156
f 4900/4900 4988/4988 4902/4902
f 6483/6483 6481/6481 6484/6484
f 2947/2947 2944/2944 2946/2946
f 2946/2946 2945/2945 2950/2950
f 5021/5021 5022/5022 5019/5019
f 4415/4415 4423/4423 4414/4414
f 7516/7516 7520/7520 7514/7514
f 7537/7537 7599/7599 7600/7600
f 7599/7599 7657/7657 7600/7600
f 7657/7657 7698/7698 7706/7706
f 7706/7706 7698/7698 7724/7724
f 7017/7017 6994/6994 6829/6829
f 6395/6395 6392/6392 6393/6393
f 6393/6393 6388/6388 6404/6404
f 6397/6397 6393/6393 6404/6404
f 309/309 299/299 300/300
f 4681/4681 4670/4670 4669/4669
f 4670/4670 4667/4667 4669/4669
f 8320/8320 8322/8322 8323/8323
f 717/717 862/862 750/750
f 8293/8293 8278/8278 8289/8289
f 862/862 590/590 861/861
f 861/861 590/590 851/851
f 590/590 589/589 851/851
f 402/402 403/403 90/90
f 403/403 96/96 90/90
f 90/90 96/96 91/91
f 91/91 97/97 95/95
f 97/97 100/100 106/106
f 95/95 97/97 106/106
f 100/100 104/104 106/106
f 106/106 104/104 127/127
f 256/256 402/402 90/90
f 127/127 124/124 115/115
f 124/124 114/114 115/115
f 112/112 111/111 113/113
f 312/312 169/169 273/273
f 357/357 328/328 436/436
f 2547/2547 2385/2385 2611/2611
f 6066/6066 6124/6124 6068/6068
f 5796/5796 5785/5785 5786/5786
f 2320/2320 2312/2312 2323/2323
f 5777/5777 5766/5766 5775/5775
f 2338/2338 2371/2371 2332/2332
f 2338/2338 2332/2332 2324/2324
f 2852/2852 2853/2853 2797/2797
f 2214/2214 2203/2203 2205/2205
f 2204/2204 2203/2203 2228/2228
f 2133/2133 2120/2120 2122/2122
f 2204/2204 2228/2228 2230/2230
f 2116/2116 2115/2115 2107/2107
f 2116/2116 2107/2107 2111/2111
f 2111/2111 2107/2107 2110/2110
f 2215/2215 2197/2197 2230/2230
f 2110/2110 2109/2109 2118/2118
f 2118/2118 2121/2121 2164/2164
f 2187/2187 2168/2168 2215/2215
f 5878/5878 5883/5883 5882/5882
f 8155/8155 8160/8160 8153/8153
f 8150/8150 8152/8152 8153/8153
f 8153/8153 8152/8152 8155/8155
f 8154/8154 8151/8151 8150/8150
f 8150/8150 8151/8151 8152/8152
f 8154/8154 8158/8158 8156/8156
f 8158/8158 8157/8157 8156/8156
f 8158/8158 8159/8159 8157/8157
f 7589/7589 7590/7590 7593/7593
f 7100/7100 7092/7092 7114/7114
f 7114/7114 7092/7092 7093/7093
f 5162/5162 5173/5173 5022/5022
f 5162/5162 5022/5022 5021/5021
f 4424/4424 4423/4423 4415/4415
f 5019/5019 5156/5156 5017/5017
f 5017/5017 5156/5156 5157/5157
f 6418/6418 6392/6392 6395/6395
f 6388/6388 6407/6407 6404/6404
f 299/299 296/296 300/300
f 300/300 296/296 298/298
f 298/298 296/296 297/297
f 298/298 297/297 304/304
f 4669/4669 4667/4667 4668/4668
f 304/304 297/297 307/307
f 304/304 307/307 306/306
f 306/306 307/307 499/499
f 861/861 851/851 850/850
f 8289/8289 8297/8297 8298/8298
f 589/589 580/580 851/851
f 8202/8202 8199/8199 8201/8201
f 8202/8202 8201/8201 8203/8203
f 8203/8203 8201/8201 8210/8210
f 91/91 96/96 97/97
f 97/97 99/99 100/100
f 104/104 105/105 127/127
f 105/105 124/124 127/127
f 8210/8210 8201/8201 8200/8200
f 255/255 381/381 256/256
f 256/256 381/381 402/402
f 113/113 111/111 123/123
f 273/273 328/328 357/357
f 6087/6087 6124/6124 6066/6066
f 5796/5796 5788/5788 5785/5785
f 5785/5785 5755/5755 5770/5770
f 5770/5770 5753/5753 5768/5768
f 5768/5768 5753/5753 5754/5754
f 5768/5768 5754/5754 5762/5762
f 2327/2327 2323/2323 2313/2313
f 5777/5777 5775/5775 5795/5795
f 2324/2324 2314/2314 2315/2315
f 2324/2324 2332/2332 2319/2319
f 2891/2891 2383/2383 2855/2855
f 2853/2853 2891/2891 2855/2855
f 2892/2892 2891/2891 2853/2853
f 2853/2853 2852/2852 2892/2892
f 2210/2210 2237/2237 2246/2246
f 2240/2240 2210/2210 2246/2246
f 2232/2232 2199/2199 2240/2240
f 2240/2240 2199/2199 2210/2210
f 2201/2201 2199/2199 2232/2232
f 2209/2209 2201/2201 2232/2232
f 2205/2205 2208/2208 2209/2209
f 2198/2198 2208/2208 2205/2205
f 2203/2203 2198/2198 2205/2205
f 2120/2120 2108/2108 2122/2122
f 2122/2122 2108/2108 2123/2123
f 2216/2216 2144/2144 2133/2133
f 2123/2123 2108/2108 2115/2115
f 2108/2108 2107/2107 2115/2115
f 2230/2230 2197/2197 2204/2204
f 2118/2118 2109/2109 2121/2121
f 2215/2215 2168/2168 2197/2197
f 2121/2121 2147/2147 2164/2164
f 2187/2187 2147/2147 2168/2168
f 6226/6226 6228/6228 6227/6227
f 5881/5881 5880/5880 5874/5874
f 5874/5874 5880/5880 5878/5878
f 8150/8150 8160/8160 8154/8154
f 5690/5690 5688/5688 5681/5681
f 6483/6483 6482/6482 6481/6481
f 5589/5589 5588/5588 5587/5587
f 4042/4042 4046/4046 3960/3960
f 3959/3959 4042/4042 3960/3960
f 7516/7516 7538/7538 7520/7520
f 7520/7520 7521/7521 7514/7514
f 307/307 479/479 499/499
f 8323/8323 8324/8324 8320/8320
f 750/750 850/850 716/716
f 8277/8277 8290/8290 8289/8289
f 851/851 580/580 850/850
f 850/850 580/580 581/581
f 99/99 101/101 100/100
f 100/100 101/101 104/104
f 104/104 101/101 105/105
f 97/97 96/96 98/98
f 97/97 98/98 99/99
f 8210/8210 8200/8200 8213/8213
f 403/403 459/459 96/96
f 123/123 160/160 122/122
f 122/122 160/160 169/169
f 169/169 160/160 273/273
f 328/328 412/412 436/436
f 6125/6125 6124/6124 6087/6087
f 5809/5809 5798/5798 5796/5796
f 2385/2385 2378/2378 2384/2384
f 5544/5544 5543/5543 5545/5545
f 5796/5796 5798/5798 5788/5788
f 5545/5545 5543/5543 5580/5580
f 5770/5770 5755/5755 5753/5753
f 5754/5754 5761/5761 5762/5762
f 5766/5766 5761/5761 5775/5775
f 5775/5775 5778/5778 5795/5795
f 2324/2324 2319/2319 2314/2314
f 3175/3175 3177/3177 3163/3163
f 2208/2208 2201/2201 2209/2209
f 2174/2174 2198/2198 2203/2203
f 2106/2106 2109/2109 2107/2107
f 2107/2107 2109/2109 2110/2110
f 6871/6871 6876/6876 6887/6887
f 2145/2145 2146/2146 2121/2121
f 2109/2109 2145/2145 2121/2121
f 2121/2121 2146/2146 2147/2147
f 6227/6227 6229/6229 6233/6233
f 5881/5881 5886/5886 5880/5880
f 5880/5880 5884/5884 5878/5878
f 7705/7705 7703/7703 7704/7704
f 7665/7665 7588/7588 7589/7589
f 7590/7590 7573/7573 7603/7603
f 5687/5687 5689/5689 5688/5688
f 4978/4978 4987/4987 4900/4900
f 4900/4900 4987/4987 4988/4988
f 4278/4278 4266/4266 4279/4279
f 5019/5019 5155/5155 5156/5156
f 7521/7521 7537/7537 7514/7514
f 6392/6392 6389/6389 6393/6393
f 6393/6393 6389/6389 6388/6388
f 351/351 317/317 309/309
f 309/309 295/295 299/299
f 299/299 295/295 296/296
f 296/296 294/294 297/297
f 297/297 294/294 314/314
f 297/297 314/314 307/307
f 307/307 318/318 479/479
f 850/850 581/581 824/824
f 99/99 98/98 101/101
f 96/96 425/425 98/98
f 105/105 107/107 124/124
f 124/124 107/107 114/114
f 8201/8201 8199/8199 8200/8200
f 459/459 425/425 96/96
f 114/114 109/109 112/112
f 381/381 371/371 402/402
f 371/371 397/397 402/402
f 402/402 397/397 403/403
f 2611/2611 2389/2389 2612/2612
f 436/436 412/412 478/478
f 436/436 478/478 500/500
f 5809/5809 5810/5810 5798/5798
f 5785/5785 5788/5788 5755/5755
f 5753/5753 5755/5755 5750/5750
f 5753/5753 5750/5750 5749/5749
f 5753/5753 5749/5749 5754/5754
f 5749/5749 5760/5760 5761/5761
f 5775/5775 5761/5761 5778/5778
f 5795/5795 5778/5778 5804/5804
f 2314/2314 2319/2319 2310/2310
f 2383/2383 2316/2316 2319/2319
f 2247/2247 2256/2256 2263/2263
f 2210/2210 2192/2192 2237/2237
f 2199/2199 2192/2192 2210/2210
f 2208/2208 2198/2198 2201/2201
f 2133/2133 2134/2134 2120/2120
f 2120/2120 2119/2119 2108/2108
f 2204/2204 2174/2174 2203/2203
f 6322/6322 6319/6319 6219/6219
f 6219/6219 6319/6319 6225/6225
f 2109/2109 2172/2172 2145/2145
f 2168/2168 2165/2165 2197/2197
f 2147/2147 2146/2146 2150/2150
f 2150/2150 2156/2156 2168/2168
f 2147/2147 2150/2150 2168/2168
f 6228/6228 6229/6229 6227/6227
f 7704/7704 7703/7703 7651/7651
f 7704/7704 7651/7651 7665/7665
f 7665/7665 7651/7651 7588/7588
f 7589/7589 7573/7573 7590/7590
f 5022/5022 5023/5023 5019/5019
f 6418/6418 6391/6391 6392/6392
f 351/351 410/410 317/317
f 309/309 317/317 295/295
f 295/295 294/294 296/296
f 4663/4663 4666/4666 4664/4664
f 98/98 102/102 101/101
f 101/101 102/102 103/103
f 101/101 103/103 105/105
f 105/105 103/103 107/107
f 107/107 109/109 114/114
f 568/568 584/584 566/566
f 8199/8199 8198/8198 8200/8200
f 459/459 468/468 425/425
f 109/109 111/111 112/112
f 111/111 132/132 123/123
f 123/123 132/132 161/161
f 403/403 397/397 459/459
f 160/160 161/161 164/164
f 273/273 160/160 259/259
f 273/273 259/259 327/327
f 5798/5798 5810/5810 5799/5799
f 5798/5798 5799/5799 5788/5788
f 5755/5755 5757/5757 5750/5750
f 5749/5749 5750/5750 5751/5751
f 5761/5761 5779/5779 5778/5778
f 2383/2383 2390/2390 2316/2316
f 2192/2192 2217/2217 2237/2237
f 2188/2188 2199/2199 2201/2201
f 2198/2198 2188/2188 2201/2201
f 2119/2119 2112/2112 2108/2108
f 2112/2112 2104/2104 2108/2108
f 6321/6321 6319/6319 6322/6322
f 6888/6888 6889/6889 6901/6901
f 2108/2108 2104/2104 2107/2107
f 2107/2107 2104/2104 2106/2106
f 2197/2197 2174/2174 2204/2204
f 2109/2109 2106/2106 2172/2172
f 2172/2172 2182/2182 2145/2145
f 2182/2182 2181/2181 2145/2145
f 2145/2145 2181/2181 2163/2163
f 2145/2145 2163/2163 2146/2146
f 2163/2163 2154/2154 2146/2146
f 2146/2146 2154/2154 2150/2150
f 2168/2168 2156/2156 2165/2165
f 7092/7092 7084/7084 7093/7093
f 5689/5689 5679/5679 5688/5688
f 5688/5688 5679/5679 5681/5681
f 5138/5138 5077/5077 4978/4978
f 4275/4275 4266/4266 4278/4278
f 5589/5589 5590/5590 5588/5588
f 7599/7599 7597/7597 7657/7657
f 7657/7657 7597/7597 7698/7698
f 6418/6418 6421/6421 6391/6391
f 6392/6392 6391/6391 6389/6389
f 294/294 285/285 314/314
f 5586/5586 5542/5542 5544/5544
f 479/479 318/318 504/504
f 8245/8245 8260/8260 8246/8246
f 708/708 716/716 706/706
f 824/824 833/833 618/618
f 102/102 291/291 103/103
f 107/107 103/103 108/108
f 425/425 461/461 98/98
f 98/98 461/461 102/102
f 107/107 108/108 109/109
f 8200/8200 8198/8198 8205/8205
f 8200/8200 8205/8205 8213/8213
f 8213/8213 8205/8205 8214/8214
f 371/371 368/368 397/397
f 328/328 327/327 412/412
f 327/327 420/420 412/412
f 412/412 420/420 478/478
f 5816/5816 5810/5810 5809/5809
f 5810/5810 5811/5811 5799/5799
f 5799/5799 5790/5790 5788/5788
f 5790/5790 5758/5758 5755/5755
f 5755/5755 5758/5758 5757/5757
f 5750/5750 5752/5752 5751/5751
f 5749/5749 5751/5751 5760/5760
f 5760/5760 5774/5774 5761/5761
f 5779/5779 5805/5805 5778/5778
f 3177/3177 3357/3357 3354/3354
f 2390/2390 2317/2317 2316/2316
f 2247/2247 2250/2250 2256/2256
f 2217/2217 2250/2250 2247/2247
f 2189/2189 2192/2192 2199/2199
f 2188/2188 2189/2189 2199/2199
f 2198/2198 2177/2177 2188/2188
f 2120/2120 2134/2134 2119/2119
f 2104/2104 2105/2105 2106/2106
f 2105/2105 2170/2170 2106/2106
f 2106/2106 2170/2170 2171/2171
f 2106/2106 2171/2171 2172/2172
f 2165/2165 2174/2174 2197/2197
f 6230/6230 6288/6288 6229/6229
f 5886/5886 5885/5885 5880/5880
f 7688/7688 7651/7651 7703/7703
f 5880/5880 5885/5885 5884/5884
f 7573/7573 7601/7601 7603/7603
f 7100/7100 7091/7091 7092/7092
f 5678/5678 5679/5679 5680/5680
f 5138/5138 5083/5083 5077/5077
f 5569/5569 5571/5571 5572/5572
f 5572/5572 5612/5612 5573/5573
f 5573/5573 5612/5612 5613/5613
f 2944/2944 2943/2943 2945/2945
f 5589/5589 5634/5634 5590/5590
f 4424/4424 4428/4428 4423/4423
f 5019/5019 5025/5025 5155/5155
f 7537/7537 7529/7529 7599/7599
f 4663/4663 4664/4664 4659/4659
f 307/307 314/314 318/318
f 8176/8176 8178/8178 8180/8180
f 8180/8180 8178/8178 8182/8182
f 103/103 291/291 254/254
f 108/108 110/110 109/109
f 109/109 110/110 111/111
f 468/468 487/487 425/425
f 425/425 487/487 461/461
f 132/132 184/184 161/161
f 8205/8205 8211/8211 8214/8214
f 368/368 399/399 397/397
f 459/459 397/397 468/468
f 397/397 399/399 468/468
f 600/600 749/749 747/747
f 5790/5790 5797/5797 5758/5758
f 2350/2350 2340/2340 2364/2364
f 5758/5758 5767/5767 5757/5757
f 2340/2340 2330/2330 2364/2364
f 5767/5767 5763/5763 5757/5757
f 2334/2334 2331/2331 2340/2340
f 2340/2340 2331/2331 2330/2330
f 5757/5757 5759/5759 5750/5750
f 2334/2334 2321/2321 2322/2322
f 2334/2334 2322/2322 2331/2331
f 5750/5750 5759/5759 5752/5752
f 5751/5751 5756/5756 5760/5760
f 5760/5760 5776/5776 5774/5774
f 2310/2310 2316/2316 2300/2300
f 2256/2256 2250/2250 2262/2262
f 2133/2133 2144/2144 2134/2134
f 2174/2174 2177/2177 2198/2198
f 2172/2172 2171/2171 2182/2182
f 2150/2150 2154/2154 2155/2155
f 2150/2150 2155/2155 2156/2156
f 2182/2182 2235/2235 2181/2181
f 2235/2235 2163/2163 2181/2181
f 7098/7098 7091/7091 7100/7100
f 7091/7091 7084/7084 7092/7092
f 6482/6482 6477/6477 6481/6481
f 2944/2944 2941/2941 2943/2943
f 5023/5023 5025/5025 5019/5019
f 5588/5588 5542/5542 5586/5586
f 7521/7521 7529/7529 7537/7537
f 7599/7599 7529/7529 7597/7597
f 471/471 411/411 410/410
f 294/294 287/287 285/285
f 318/318 314/314 322/322
f 8176/8176 8174/8174 8175/8175
f 8176/8176 8175/8175 8178/8178
f 461/461 488/488 102/102
f 488/488 456/456 291/291
f 102/102 488/488 291/291
f 291/291 277/277 254/254
f 103/103 254/254 108/108
f 111/111 110/110 132/132
f 8196/8196 8197/8197 8198/8198
f 164/164 205/205 160/160
f 8198/8198 8197/8197 8205/8205
f 371/371 370/370 368/368
f 160/160 205/205 259/259
f 5810/5810 5816/5816 5811/5811
f 5790/5790 5799/5799 5797/5797
f 5758/5758 5797/5797 5789/5789
f 2364/2364 2353/2353 2369/2369
f 2364/2364 2330/2330 2353/2353
f 5758/5758 5789/5789 5767/5767
f 5757/5757 5763/5763 5759/5759
f 2331/2331 2322/2322 2306/2306
f 2322/2322 2292/2292 2306/2306
f 2322/2322 2321/2321 2292/2292
f 5752/5752 5756/5756 5751/5751
f 2321/2321 2291/2291 2292/2292
f 2321/2321 2311/2311 2291/2291
f 2311/2311 2309/2309 2293/2293
f 2311/2311 2293/2293 2291/2291
f 5760/5760 5756/5756 5776/5776
f 5776/5776 5779/5779 5774/5774
f 5779/5779 5814/5814 5805/5805
f 5805/5805 5814/5814 5815/5815
f 2250/2250 2261/2261 2262/2262
f 2217/2217 2213/2213 2250/2250
f 2192/2192 2191/2191 2213/2213
f 2189/2189 2191/2191 2192/2192
f 2188/2188 2185/2185 2189/2189
f 6305/6305 6303/6303 6321/6321
f 2112/2112 2105/2105 2104/2104
f 6321/6321 6303/6303 6319/6319
f 6319/6319 6320/6320 6225/6225
f 2165/2165 2159/2159 2174/2174
f 6225/6225 6320/6320 6287/6287
f 2170/2170 2242/2242 2171/2171
f 2157/2157 2159/2159 2165/2165
f 2156/2156 2157/2157 2165/2165
f 6230/6230 6287/6287 6288/6288
f 2171/2171 2244/2244 2182/2182
f 2182/2182 2244/2244 2245/2245
f 2182/2182 2245/2245 2235/2235
f 2235/2235 2231/2231 2163/2163
f 2163/2163 2231/2231 2154/2154
f 7588/7588 7571/7571 7573/7573
f 5562/5562 5570/5570 5569/5569
f 7091/7091 7080/7080 7084/7084
f 5689/5689 5682/5682 5679/5679
f 5569/5569 5570/5570 5571/5571
f 5613/5613 5612/5612 5637/5637
f 7698/7698 7597/7597 7696/7696
f 6991/6991 6862/6862 6814/6814
f 410/410 411/411 317/317
f 295/295 288/288 294/294
f 294/294 288/288 287/287
f 314/314 285/285 322/322
f 8175/8175 8172/8172 8178/8178
f 291/291 456/456 277/277
f 277/277 246/246 108/108
f 254/254 277/277 108/108
f 108/108 246/246 110/110
f 8276/8276 8225/8225 8288/8288
f 496/496 488/488 461/461
f 8196/8196 8195/8195 8197/8197
f 461/461 487/487 496/496
f 164/164 189/189 205/205
f 399/399 428/428 468/468
f 468/468 428/428 487/487
f 370/370 360/360 368/368
f 368/368 373/373 399/399
f 259/259 345/345 327/327
f 5544/5544 5542/5542 5543/5543
f 327/327 345/345 420/420
f 5816/5816 5837/5837 5811/5811
f 5811/5811 5832/5832 5799/5799
f 5799/5799 5832/5832 5831/5831
f 5799/5799 5831/5831 5797/5797
f 5752/5752 5807/5807 5756/5756
f 2293/2293 2289/2289 2291/2291
f 5776/5776 5812/5812 5779/5779
f 5779/5779 5812/5812 5814/5814
f 5579/5579 5570/5570 5580/5580
f 2250/2250 2253/2253 2261/2261
f 2213/2213 2253/2253 2250/2250
f 2189/2189 2190/2190 2191/2191
f 2185/2185 2190/2190 2189/2189
f 2176/2176 2185/2185 2188/2188
f 2177/2177 2176/2176 2188/2188
f 6305/6305 6304/6304 6303/6303
f 2144/2144 2251/2251 2135/2135
f 2144/2144 2135/2135 2134/2134
f 6889/6889 6891/6891 6901/6901
f 2159/2159 2176/2176 2174/2174
f 2105/2105 2167/2167 2170/2170
f 2170/2170 2243/2243 2242/2242
f 2171/2171 2242/2242 2244/2244
f 2154/2154 2162/2162 2155/2155
f 6288/6288 6287/6287 6286/6286
f 2235/2235 2238/2238 2231/2231
f 7644/7644 7651/7651 7688/7688
f 7644/7644 7571/7571 7651/7651
f 7651/7651 7571/7571 7588/7588
f 7571/7571 7572/7572 7573/7573
f 7573/7573 7572/7572 7601/7601
f 7084/7084 7080/7080 7082/7082
f 7055/7055 7053/7053 7064/7064
f 6391/6391 6390/6390 6389/6389
f 317/317 325/325 295/295
f 295/295 325/325 315/315
f 295/295 315/315 288/288
f 8182/8182 8178/8178 8179/8179
f 4659/4659 4660/4660 4661/4661
f 608/608 612/612 702/702
f 277/277 396/396 246/246
f 110/110 246/246 185/185
f 110/110 185/185 132/132
f 132/132 185/185 184/184
f 161/161 184/184 189/189
f 161/161 189/189 164/164
f 8197/8197 8207/8207 8205/8205
f 8205/8205 8207/8207 8211/8211
f 487/487 428/428 496/496
f 368/368 360/360 361/361
f 368/368 361/361 373/373
f 259/259 249/249 345/345
f 345/345 467/467 420/420
f 420/420 467/467 478/478
f 5789/5789 5769/5769 5767/5767
f 5767/5767 5769/5769 5765/5765
f 5767/5767 5765/5765 5763/5763
f 5763/5763 5765/5765 5764/5764
f 5763/5763 5764/5764 5752/5752
f 5543/5543 5579/5579 5580/5580
f 5807/5807 5806/5806 5756/5756
f 5756/5756 5806/5806 5776/5776
f 5776/5776 5806/5806 5813/5813
f 5776/5776 5813/5813 5812/5812
f 2134/2134 2114/2114 2119/2119
f 2112/2112 2113/2113 2105/2105
f 6303/6303 6318/6318 6319/6319
f 2105/2105 2113/2113 2149/2149
f 6319/6319 6318/6318 6320/6320
f 2149/2149 2167/2167 2105/2105
f 2170/2170 2167/2167 2248/2248
f 2170/2170 2248/2248 2243/2243
f 6320/6320 6356/6356 6287/6287
f 2156/2156 2155/2155 2157/2157
f 2238/2238 2173/2173 2231/2231
f 2231/2231 2173/2173 2154/2154
f 2244/2244 2236/2236 2245/2245
f 2245/2245 2236/2236 2233/2233
f 2245/2245 2233/2233 2235/2235
f 2233/2233 2238/2238 2235/2235
f 4266/4266 4263/4263 4267/4267
f 6477/6477 6475/6475 6480/6480
f 5022/5022 5174/5174 5023/5023
f 5025/5025 5142/5142 5180/5180
f 7597/7597 7529/7529 7596/7596
f 6421/6421 6422/6422 6390/6390
f 6421/6421 6390/6390 6391/6391
f 288/288 284/284 287/287
f 4661/4661 4660/4660 4675/4675
f 8178/8178 8172/8172 8179/8179
f 702/702 612/612 613/613
f 396/396 247/247 246/246
f 488/488 489/489 456/456
f 456/456 455/455 277/277
f 277/277 455/455 396/396
f 185/185 195/195 184/184
f 184/184 190/190 189/189
f 496/496 457/457 488/488
f 428/428 457/457 496/496
f 205/205 249/249 259/259
f 399/399 373/373 369/369
f 369/369 428/428 399/399
f 5837/5837 5832/5832 5811/5811
f 5832/5832 5825/5825 5831/5831
f 5831/5831 5825/5825 5827/5827
f 5827/5827 5828/5828 5831/5831
f 5831/5831 5828/5828 5797/5797
f 5797/5797 5828/5828 5789/5789
f 5789/5789 5828/5828 5769/5769
f 5764/5764 5808/5808 5752/5752
f 5752/5752 5808/5808 5807/5807
f 5808/5808 5869/5869 5807/5807
f 5807/5807 5869/5869 5806/5806
f 5813/5813 5872/5872 5812/5812
f 3369/3369 3370/3370 3368/3368
f 3369/3369 3368/3368 3367/3367
f 2253/2253 2258/2258 2261/2261
f 2213/2213 2259/2259 2257/2257
f 2213/2213 2257/2257 2253/2253
f 1790/1790 1789/1789 1788/1788
f 1792/1792 1791/1791 1790/1790
f 2191/2191 2260/2260 2213/2213
f 2190/2190 2195/2195 2191/2191
f 1802/1802 1801/1801 1800/1800
f 1801/1801 1805/1805 1897/1897
f 2119/2119 2114/2114 2112/2112
f 2114/2114 2113/2113 2112/2112
f 2175/2175 2176/2176 2159/2159
f 6318/6318 6356/6356 6320/6320
f 2159/2159 2158/2158 2175/2175
f 2157/2157 2158/2158 2159/2159
f 6287/6287 6276/6276 6286/6286
f 2154/2154 2173/2173 2162/2162
f 2242/2242 2236/2236 2244/2244
f 5083/5083 5079/5079 5077/5077
f 4987/4987 5145/5145 4988/4988
f 4275/4275 4262/4262 4266/4266
f 6477/6477 6473/6473 6475/6475
f 2941/2941 2953/2953 2942/2942
f 2942/2942 2952/2952 2943/2943
f 5023/5023 5024/5024 5025/5025
f 7691/7691 7637/7637 7538/7538
f 7538/7538 7637/7637 7520/7520
f 7696/7696 7597/7597 7695/7695
f 6991/6991 6969/6969 6862/6862
f 6390/6390 6387/6387 6389/6389
f 6389/6389 6387/6387 6388/6388
f 6388/6388 6403/6403 6407/6407
f 471/471 475/475 411/411
f 411/411 325/325 317/317
f 284/284 283/283 285/285
f 287/287 284/284 285/285
f 4674/4674 4676/4676 4673/4673
f 8175/8175 8174/8174 8171/8171
f 8175/8175 8171/8171 8172/8172
f 8172/8172 8170/8170 8179/8179
f 8172/8172 8171/8171 8170/8170
f 246/246 247/247 185/185
f 184/184 195/195 190/190
f 457/457 489/489 488/488
f 456/456 489/489 455/455
f 8195/8195 8193/8193 8207/8207
f 8207/8207 8193/8193 8211/8211
f 370/370 372/372 360/360
f 345/345 430/430 467/467
f 5832/5832 5829/5829 5825/5825
f 5827/5827 5819/5819 5828/5828
f 5828/5828 5819/5819 5769/5769
f 5769/5769 5817/5817 5765/5765
f 5764/5764 5765/5765 5808/5808
f 5806/5806 5870/5870 5813/5813
f 2298/2298 2301/2301 2294/2294
f 5813/5813 5870/5870 5872/5872
f 2261/2261 2258/2258 2269/2269
f 2257/2257 2258/2258 2253/2253
f 1821/1821 1790/1790 1788/1788
f 2213/2213 2260/2260 2259/2259
f 2195/2195 2268/2268 2260/2260
f 2195/2195 2260/2260 2191/2191
f 1800/1800 1813/1813 1802/1802
f 2185/2185 2193/2193 2194/2194
f 1965/1965 1973/1973 2002/2002
f 1804/1804 1801/1801 1803/1803
f 2185/2185 2180/2180 2193/2193
f 1804/1804 1806/1806 1805/1805
f 2134/2134 2135/2135 2114/2114
f 2176/2176 2175/2175 2180/2180
f 2113/2113 2148/2148 2149/2149
f 2167/2167 2266/2266 2248/2248
f 6276/6276 6284/6284 6286/6286
f 2155/2155 2158/2158 2157/2157
f 7644/7644 7661/7661 7570/7570
f 2242/2242 2243/2243 2241/2241
f 2173/2173 2160/2160 2162/2162
f 7644/7644 7570/7570 7571/7571
f 2242/2242 2241/2241 2236/2236
f 2173/2173 2218/2218 2196/2196
f 2233/2233 2218/2218 2238/2238
f 2238/2238 2218/2218 2173/2173
f 5083/5083 5082/5082 5079/5079
f 6480/6480 6475/6475 6479/6479
f 6540/6540 6710/6710 6649/6649
f 5590/5590 5591/5591 5588/5588
f 5174/5174 5041/5041 5023/5023
f 5023/5023 5026/5026 5024/5024
f 5252/5252 5247/5247 5254/5254
f 7521/7521 7522/7522 7529/7529
f 6969/6969 6863/6863 6862/6862
f 6422/6422 6387/6387 6390/6390
f 315/315 293/293 288/288
f 285/285 283/283 286/286
f 285/285 286/286 322/322
f 4676/4676 4674/4674 4677/4677
f 322/322 286/286 341/341
f 8174/8174 8173/8173 8171/8171
f 8183/8183 8179/8179 8181/8181
f 8183/8183 8181/8181 8188/8188
f 8188/8188 8181/8181 8187/8187
f 8179/8179 8170/8170 8169/8169
f 8179/8179 8169/8169 8181/8181
f 8265/8265 8268/8268 8264/8264
f 8170/8170 8168/8168 8169/8169
f 189/189 191/191 205/205
f 191/191 249/249 205/205
f 8195/8195 8194/8194 8193/8193
f 457/457 413/413 489/489
f 360/360 359/359 361/361
f 428/428 375/375 457/457
f 249/249 339/339 345/345
f 345/345 339/339 430/430
f 5837/5837 5846/5846 5834/5834
f 5837/5837 5834/5834 5829/5829
f 5837/5837 5829/5829 5832/5832
f 5827/5827 5825/5825 5822/5822
f 5827/5827 5822/5822 5819/5819
f 5819/5819 5818/5818 5769/5769
f 5769/5769 5818/5818 5817/5817
f 5817/5817 5808/5808 5765/5765
f 5808/5808 5864/5864 5869/5869
f 5864/5864 5863/5863 5869/5869
f 5869/5869 5863/5863 5806/5806
f 5870/5870 5867/5867 5872/5872
f 2029/2029 1869/1869 1916/1916
f 2269/2269 2279/2279 2275/2275
f 1784/1784 1818/1818 1821/1821
f 1837/1837 1794/1794 1790/1790
f 7431/7431 7385/7385 7444/7444
f 1817/1817 1798/1798 1794/1794
f 1813/1813 1798/1798 1817/1817
f 7400/7400 7431/7431 7448/7448
f 1813/1813 1803/1803 1802/1802
f 1829/1829 1807/1807 1804/1804
f 6300/6300 6299/6299 6304/6304
f 6304/6304 6299/6299 6303/6303
f 2251/2251 2252/2252 2135/2135
f 1808/1808 1811/1811 1806/1806
f 1808/1808 1806/1806 1807/1807
f 2175/2175 2265/2265 2180/2180
f 2149/2149 2148/2148 2167/2167
f 2148/2148 2266/2266 2167/2167
f 2178/2178 2179/2179 2158/2158
f 2158/2158 2179/2179 2175/2175
f 2162/2162 2160/2160 2155/2155
f 2155/2155 2160/2160 2158/2158
f 2196/2196 2160/2160 2173/2173
f 2236/2236 2241/2241 2224/2224
f 2236/2236 2223/2223 2233/2233
f 2223/2223 2218/2218 2233/2233
f 7091/7091 7081/7081 7080/7080
f 7080/7080 7081/7081 7082/7082
f 5682/5682 5683/5683 5680/5680
f 2923/2923 2920/2920 2922/2922
f 5025/5025 5024/5024 5142/5142
f 7597/7597 7596/7596 7695/7695
f 6387/6387 6385/6385 6388/6388
f 475/475 434/434 411/411
f 411/411 434/434 325/325
f 315/315 325/325 356/356
f 356/356 293/293 315/315
f 293/293 289/289 288/288
f 288/288 289/289 284/284
f 4679/4679 4676/4676 4678/4678
f 4676/4676 4677/4677 4678/4678
f 4677/4677 4683/4683 4678/4678
f 8187/8187 8181/8181 8186/8186
f 8171/8171 8173/8173 8168/8168
f 8171/8171 8168/8168 8170/8170
f 8181/8181 8169/8169 8165/8165
f 8169/8169 8168/8168 8165/8165
f 8168/8168 8166/8166 8165/8165
f 210/210 197/197 185/185
f 247/247 210/210 185/185
f 455/455 377/377 396/396
f 396/396 377/377 247/247
f 8192/8192 8193/8193 8194/8194
f 8164/8164 8167/8167 8177/8177
f 249/249 258/258 339/339
f 372/372 358/358 360/360
f 360/360 358/358 359/359
f 361/361 362/362 373/373
f 373/373 362/362 369/369
f 369/369 375/375 428/428
f 375/375 413/413 457/457
f 5822/5822 5818/5818 5819/5819
f 5818/5818 5821/5821 5820/5820
f 5818/5818 5820/5820 5817/5817
f 5817/5817 5820/5820 5808/5808
f 5806/5806 5863/5863 5870/5870
f 5870/5870 5863/5863 5867/5867
f 7458/7458 7449/7449 7457/7457
f 7453/7453 7393/7393 7449/7449
f 7445/7445 7393/7393 7453/7453
f 1844/1844 1837/1837 1821/1821
f 7385/7385 7445/7445 7444/7444
f 7431/7431 7386/7386 7385/7385
f 1873/1873 1872/1872 1817/1817
f 7381/7381 7386/7386 7431/7431
f 1872/1872 1813/1813 1817/1817
f 1874/1874 1803/1803 1813/1813
f 1874/1874 1813/1813 1872/1872
f 1853/1853 1803/1803 1874/1874
f 7398/7398 7378/7378 7400/7400
f 1853/1853 1829/1829 1803/1803
f 1853/1853 1807/1807 1829/1829
f 2135/2135 2139/2139 2114/2114
f 2114/2114 2137/2137 2113/2113
f 1808/1808 1807/1807 1853/1853
f 6299/6299 6302/6302 6303/6303
f 2113/2113 2138/2138 2148/2148
f 6303/6303 6302/6302 6317/6317
f 6303/6303 6317/6317 6318/6318
f 6318/6318 6317/6317 6357/6357
f 6357/6357 6273/6273 6356/6356
f 2158/2158 2161/2161 2178/2178
f 2160/2160 2161/2161 2158/2158
f 2243/2243 2248/2248 2229/2229
f 2243/2243 2229/2229 2241/2241
f 2196/2196 2161/2161 2160/2160
f 2218/2218 2219/2219 2196/2196
f 2241/2241 2229/2229 2224/2224
f 2220/2220 2219/2219 2218/2218
f 2236/2236 2224/2224 2223/2223
f 2223/2223 2220/2220 2218/2218
f 7098/7098 7094/7094 7091/7091
f 7094/7094 7081/7081 7091/7091
f 7081/7081 7083/7083 7082/7082
f 2921/2921 2919/2919 2920/2920
f 5079/5079 5078/5078 5077/5077
f 4987/4987 5078/5078 5145/5145
f 5571/5571 5574/5574 5572/5572
f 7596/7596 7694/7694 7695/7695
f 6422/6422 6427/6427 6387/6387
f 6385/6385 6383/6383 6388/6388
f 6388/6388 6383/6383 6403/6403
f 325/325 434/434 424/424
f 4678/4678 4683/4683 4684/4684
f 4683/4683 4687/4687 4684/4684
f 286/286 245/245 341/341
f 245/245 278/278 341/341
f 341/341 278/278 378/378
f 8181/8181 8185/8185 8186/8186
f 8186/8186 8185/8185 8189/8189
f 378/378 278/278 349/349
f 8181/8181 8165/8165 8162/8162
f 8181/8181 8162/8162 8185/8185
f 8166/8166 8163/8163 8165/8165
f 8165/8165 8163/8163 8162/8162
f 872/872 808/808 871/871
f 185/185 197/197 195/195
f 189/189 190/190 191/191
f 8163/8163 8166/8166 8167/8167
f 8162/8162 8163/8163 8164/8164
f 8162/8162 8164/8164 8184/8184
f 8223/8223 8224/8224 8226/8226
f 247/247 377/377 210/210
f 249/249 191/191 258/258
f 8163/8163 8167/8167 8164/8164
f 379/379 358/358 372/372
f 489/489 374/374 455/455
f 361/361 359/359 362/362
f 369/369 365/365 375/375
f 5834/5834 5835/5835 5833/5833
f 5834/5834 5833/5833 5829/5829
f 5833/5833 5826/5826 5829/5829
f 5829/5829 5826/5826 5825/5825
f 5826/5826 5824/5824 5825/5825
f 5825/5825 5824/5824 5822/5822
f 5822/5822 5823/5823 5818/5818
f 5818/5818 5823/5823 5821/5821
f 5820/5820 5861/5861 5808/5808
f 5808/5808 5861/5861 5864/5864
f 5864/5864 5861/5861 5863/5863
f 5867/5867 5871/5871 5872/5872
f 1735/1735 1731/1731 1733/1733
f 7449/7449 7435/7435 7457/7457
f 1816/1816 1844/1844 1818/1818
f 7445/7445 7389/7389 7393/7393
f 5570/5570 5579/5579 5578/5578
f 1866/1866 1837/1837 1844/1844
f 1879/1879 1817/1817 1837/1837
f 1886/1886 1873/1873 1879/1879
f 1879/1879 1873/1873 1817/1817
f 1886/1886 1872/1872 1873/1873
f 7381/7381 7383/7383 7386/7386
f 1902/1902 1872/1872 1886/1886
f 1903/1903 1926/1926 1874/1874
f 1903/1903 1874/1874 1902/1902
f 1902/1902 1874/1874 1872/1872
f 1906/1906 2025/2025 1926/1926
f 1894/1894 2036/2036 1906/1906
f 1906/1906 2028/2028 2025/2025
f 2025/2025 1853/1853 1926/1926
f 1926/1926 1853/1853 1874/1874
f 2036/2036 2034/2034 1906/1906
f 1906/1906 2034/2034 2028/2028
f 7375/7375 7377/7377 7378/7378
f 2028/2028 2034/2034 1853/1853
f 2028/2028 1853/1853 2025/2025
f 2034/2034 1899/1899 1853/1853
f 2252/2252 2202/2202 2186/2186
f 2135/2135 2186/2186 2139/2139
f 2139/2139 2137/2137 2114/2114
f 1899/1899 1808/1808 1853/1853
f 1899/1899 1835/1835 1808/1808
f 2267/2267 2266/2266 2148/2148
f 1826/1826 1825/1825 1811/1811
f 1826/1826 1811/1811 1835/1835
f 7437/7437 7369/7369 7436/7436
f 1825/1825 1826/1826 1827/1827
f 6274/6274 6284/6284 6276/6276
f 6900/6900 6755/6755 6753/6753
f 2266/2266 2255/2255 2248/2248
f 2248/2248 2255/2255 2229/2229
f 7099/7099 7094/7094 7098/7098
f 7572/7572 7602/7602 7601/7601
f 2953/2953 2952/2952 2942/2942
f 4637/4637 4628/4628 4638/4638
f 4639/4639 4637/4637 4638/4638
f 5142/5142 5024/5024 5143/5143
f 7691/7691 7700/7700 7637/7637
f 7637/7637 7523/7523 7520/7520
f 7523/7523 7522/7522 7520/7520
f 6863/6863 6721/6721 6712/6712
f 6969/6969 6883/6883 6863/6863
f 475/475 502/502 434/434
f 325/325 424/424 384/384
f 325/325 384/384 356/356
f 356/356 383/383 293/293
f 283/283 245/245 286/286
f 245/245 250/250 278/278
f 8189/8189 8185/8185 8190/8190
f 8189/8189 8190/8190 8191/8191
f 278/278 347/347 349/349
f 871/871 804/804 873/873
f 349/349 347/347 379/379
f 333/333 210/210 377/377
f 191/191 211/211 258/258
f 347/347 358/358 379/379
f 455/455 374/374 377/377
f 374/374 333/333 377/377
f 365/365 366/366 375/375
f 375/375 366/366 413/413
f 413/413 374/374 489/489
f 413/413 366/366 374/374
f 362/362 365/365 369/369
f 339/339 439/439 430/430
f 5846/5846 5842/5842 5834/5834
f 5823/5823 5840/5840 5821/5821
f 5821/5821 5850/5850 5820/5820
f 5863/5863 5862/5862 5867/5867
f 1907/1907 1864/1864 1869/1869
f 1864/1864 1787/1787 1869/1869
f 1816/1816 1818/1818 1732/1732
f 1866/1866 1844/1844 1816/1816
f 1891/1891 1879/1879 1837/1837
f 1891/1891 1837/1837 1866/1866
f 1903/1903 1902/1902 1892/1892
f 1892/1892 1902/1902 1886/1886
f 1860/1860 1887/1887 1831/1831
f 1887/1887 1903/1903 1888/1888
f 1860/1860 1906/1906 1887/1887
f 1906/1906 1903/1903 1887/1887
f 1852/1852 1894/1894 1860/1860
f 1860/1860 1894/1894 1906/1906
f 1894/1894 1919/1919 2036/2036
f 1919/1919 1899/1899 2036/2036
f 2036/2036 1899/1899 2034/2034
f 7374/7374 7377/7377 7375/7375
f 2137/2137 2152/2152 2138/2138
f 1919/1919 1877/1877 1835/1835
f 1919/1919 1835/1835 1899/1899
f 2138/2138 2153/2153 2148/2148
f 2148/2148 2153/2153 2267/2267
f 1877/1877 1826/1826 1835/1835
f 7369/7369 7368/7368 7374/7374
f 6317/6317 6273/6273 6357/6357
f 2267/2267 2281/2281 2266/2266
f 2161/2161 2206/2206 2178/2178
f 5570/5570 5578/5578 5571/5571
f 2196/2196 2200/2200 2161/2161
f 2196/2196 2222/2222 2200/2200
f 7569/7569 7572/7572 7571/7571
f 2219/2219 2222/2222 2196/2196
f 2229/2229 2225/2225 2224/2224
f 2224/2224 2221/2221 2223/2223
f 2223/2223 2221/2221 2220/2220
f 5082/5082 5080/5080 5079/5079
f 6473/6473 6474/6474 6475/6475
f 7596/7596 7595/7595 7684/7684
f 7596/7596 7684/7684 7694/7694
f 6969/6969 6920/6920 6883/6883
f 6427/6427 6426/6426 6387/6387
f 6387/6387 6386/6386 6385/6385
f 6383/6383 6402/6402 6403/6403
f 356/356 384/384 383/383
f 293/293 332/332 289/289
f 690/690 846/846 686/686
f 250/250 236/236 278/278
f 278/278 236/236 347/347
f 236/236 348/348 347/347
f 846/846 873/873 845/845
f 873/873 804/804 865/865
f 795/795 797/797 769/769
f 804/804 802/802 865/865
f 865/865 802/802 856/856
f 856/856 802/802 828/828
f 828/828 802/802 800/800
f 828/828 800/800 801/801
f 801/801 800/800 798/798
f 210/210 268/268 204/204
f 210/210 204/204 197/197
f 197/197 204/204 196/196
f 196/196 193/193 195/195
f 197/197 196/196 195/195
f 195/195 193/193 190/190
f 192/192 211/211 191/191
f 190/190 192/192 191/191
f 348/348 352/352 347/347
f 333/333 268/268 210/210
f 347/347 352/352 358/358
f 335/335 333/333 374/374
f 258/258 385/385 339/339
f 358/358 352/352 359/359
f 352/352 364/364 359/359
f 359/359 364/364 363/363
f 365/365 363/363 366/366
f 366/366 363/363 338/338
f 366/366 338/338 374/374
f 374/374 338/338 335/335
f 339/339 385/385 439/439
f 5542/5542 5535/5535 5543/5543
f 5834/5834 5842/5842 5835/5835
f 5833/5833 5830/5830 5826/5826
f 5826/5826 5830/5830 5824/5824
f 5822/5822 5824/5824 5823/5823
f 3464/3464 3455/3455 3456/3456
f 5820/5820 5850/5850 5861/5861
f 5860/5860 5862/5862 5861/5861
f 5862/5862 5866/5866 5867/5867
f 5867/5867 5866/5866 5871/5871
f 8121/8121 8125/8125 8126/8126
f 8121/8121 8126/8126 8127/8127
f 7389/7389 7390/7390 7391/7391
f 1892/1892 1886/1886 1891/1891
f 1891/1891 1886/1886 1879/1879
f 1832/1832 1888/1888 1892/1892
f 1831/1831 1887/1887 1888/1888
f 1888/1888 1903/1903 1892/1892
f 1830/1830 1860/1860 1831/1831
f 1852/1852 1860/1860 1830/1830
f 1884/1884 2033/2033 1894/1894
f 1884/1884 1894/1894 1852/1852
f 2033/2033 1919/1919 1894/1894
f 2000/2000 1973/1973 1947/1947
f 6298/6298 6299/6299 6300/6300
f 2202/2202 2139/2139 2186/2186
f 6301/6301 6317/6317 6302/6302
f 6299/6299 6301/6301 6302/6302
f 2138/2138 2152/2152 2153/2153
f 7366/7366 7368/7368 7369/7369
f 2266/2266 2281/2281 2255/2255
f 2281/2281 2272/2272 2255/2255
f 2161/2161 2200/2200 2206/2206
f 2255/2255 2272/2272 2249/2249
f 2255/2255 2249/2249 2229/2229
f 2229/2229 2249/2249 2225/2225
f 2221/2221 2222/2222 2219/2219
f 2220/2220 2221/2221 2219/2219
f 2224/2224 2225/2225 2221/2221
f 7094/7094 7085/7085 7081/7081
f 7081/7081 7085/7085 7083/7083
f 5150/5150 5080/5080 5082/5082
f 5078/5078 5144/5144 5145/5145
f 4262/4262 4260/4260 4263/4263
f 5041/5041 5074/5074 5026/5026
f 5588/5588 5591/5591 5542/5542
f 5026/5026 5031/5031 5024/5024
f 7700/7700 7654/7654 7637/7637
f 7637/7637 7654/7654 7523/7523
f 6426/6426 6386/6386 6387/6387
f 6386/6386 6384/6384 6385/6385
f 424/424 438/438 384/384
f 383/383 332/332 293/293
f 289/289 280/280 284/284
f 284/284 282/282 283/283
f 283/283 282/282 245/245
f 845/845 865/865 810/810
f 856/856 828/828 857/857
f 864/864 856/856 857/857
f 681/681 795/795 768/768
f 681/681 768/768 680/680
f 865/865 856/856 864/864
f 857/857 828/828 801/801
f 801/801 798/798 796/796
f 796/796 798/798 795/795
f 193/193 192/192 190/190
f 192/192 263/263 211/211
f 333/333 334/334 268/268
f 263/263 353/353 211/211
f 211/211 353/353 258/258
f 335/335 337/337 336/336
f 335/335 336/336 334/334
f 335/335 334/334 333/333
f 258/258 353/353 385/385
f 352/352 415/415 364/364
f 364/364 367/367 363/363
f 363/363 367/367 338/338
f 338/338 367/367 337/337
f 5842/5842 5839/5839 5835/5835
f 5839/5839 5836/5836 5835/5835
f 5835/5835 5836/5836 5833/5833
f 5833/5833 5836/5836 5830/5830
f 3455/3455 3451/3451 3452/3452
f 5861/5861 5850/5850 5860/5860
f 5862/5862 5859/5859 5866/5866
f 1907/1907 1893/1893 1864/1864
f 3943/3943 3904/3904 3468/3468
f 8104/8104 8119/8119 8121/8121
f 8084/8084 8091/8091 8104/8104
f 1823/1823 1866/1866 1816/1816
f 8107/8107 8065/8065 8084/8084
f 1880/1880 1891/1891 1823/1823
f 1880/1880 1832/1832 1892/1892
f 1831/1831 1888/1888 1832/1832
f 7406/7406 7410/7410 7404/7404
f 1947/1947 1944/1944 2000/2000
f 2030/2030 1919/1919 2033/2033
f 6298/6298 6297/6297 6299/6299
f 6299/6299 6297/6297 6301/6301
f 2202/2202 2280/2280 2270/2270
f 2202/2202 2270/2270 2139/2139
f 2030/2030 1883/1883 1919/1919
f 2153/2153 2284/2284 2267/2267
f 1991/1991 2004/2004 2015/2015
f 1883/1883 1877/1877 1919/1919
f 7365/7365 7367/7367 7419/7419
f 6317/6317 6265/6265 6273/6273
f 1883/1883 1828/1828 1877/1877
f 7370/7370 7361/7361 7366/7366
f 7660/7660 7570/7570 7661/7661
f 1828/1828 1862/1862 1843/1843
f 1828/1828 1843/1843 1842/1842
f 7371/7371 7361/7361 7370/7370
f 7570/7570 7569/7569 7571/7571
f 2222/2222 2254/2254 2200/2200
f 7569/7569 7575/7575 7572/7572
f 7572/7572 7575/7575 7602/7602
f 2225/2225 2226/2226 2221/2221
f 7099/7099 7096/7096 7094/7094
f 5080/5080 5078/5078 5079/5079
f 6473/6473 6476/6476 6474/6474
f 7523/7523 7524/7524 7522/7522
f 7522/7522 7524/7524 7529/7529
f 7596/7596 7529/7529 7595/7595
f 6384/6384 6383/6383 6385/6385
f 502/502 477/477 434/434
f 434/434 477/477 424/424
f 383/383 437/437 281/281
f 383/383 281/281 332/332
f 289/289 332/332 280/280
f 284/284 280/280 282/282
f 245/245 235/235 250/250
f 686/686 810/810 687/687
f 810/810 864/864 782/782
f 864/864 857/857 782/782
f 782/782 857/857 847/847
f 250/250 235/235 236/236
f 857/857 796/796 847/847
f 796/796 795/795 681/681
f 236/236 234/234 348/348
f 234/234 401/401 348/348
f 196/196 198/198 193/193
f 415/415 460/460 364/364
f 460/460 519/519 398/398
f 337/337 398/398 416/416
f 337/337 416/416 336/336
f 353/353 431/431 385/385
f 385/385 431/431 484/484
f 5853/5853 5847/5847 5842/5842
f 5842/5842 5847/5847 5839/5839
f 5836/5836 5844/5844 5830/5830
f 5830/5830 5841/5841 5824/5824
f 5824/5824 5838/5838 5823/5823
f 5823/5823 5838/5838 5840/5840
f 5840/5840 5838/5838 5849/5849
f 5840/5840 5849/5849 5821/5821
f 5821/5821 5849/5849 5850/5850
f 5850/5850 5859/5859 5860/5860
f 1923/1923 1921/1921 1893/1893
f 1893/1893 1907/1907 1923/1923
f 1731/1731 1787/1787 1854/1854
f 8104/8104 8108/8108 8119/8119
f 8104/8104 8091/8091 8108/8108
f 1838/1838 1880/1880 1823/1823
f 1810/1810 1832/1832 1880/1880
f 1810/1810 1880/1880 1838/1838
f 1814/1814 1832/1832 1810/1810
f 1814/1814 1831/1831 1832/1832
f 1786/1786 1831/1831 1814/1814
f 1815/1815 1852/1852 1830/1830
f 1815/1815 1884/1884 1852/1852
f 2270/2270 2183/2183 2139/2139
f 2183/2183 2184/2184 2137/2137
f 2139/2139 2183/2183 2137/2137
f 2137/2137 2184/2184 2152/2152
f 2030/2030 2031/2031 1883/1883
f 6301/6301 6315/6315 6317/6317
f 2267/2267 2284/2284 2285/2285
f 2267/2267 2285/2285 2281/2281
f 1883/1883 1862/1862 1828/1828
f 7361/7361 7365/7365 7366/7366
f 6271/6271 6282/6282 6272/6272
f 2015/2015 1982/1982 1925/1925
f 7570/7570 7568/7568 7569/7569
f 2272/2272 2273/2273 2249/2249
f 2249/2249 2273/2273 2225/2225
f 2225/2225 2264/2264 2226/2226
f 2221/2221 2226/2226 2254/2254
f 2221/2221 2254/2254 2222/2222
f 7094/7094 7096/7096 7085/7085
f 7085/7085 7086/7086 7083/7083
f 2919/2919 2915/2915 2918/2918
f 5150/5150 5084/5084 5080/5080
f 4262/4262 4258/4258 4260/4260
f 5206/5206 5205/5205 5204/5204
f 5206/5206 5204/5204 5207/5207
f 5590/5590 5611/5611 5591/5591
f 5074/5074 5033/5033 5026/5026
f 5024/5024 5031/5031 5136/5136
f 5024/5024 5136/5136 5143/5143
f 7529/7529 7524/7524 7528/7528
f 7529/7529 7528/7528 7595/7595
f 7684/7684 7595/7595 7692/7692
f 6426/6426 6423/6423 6386/6386
f 477/477 438/438 424/424
f 384/384 438/438 437/437
f 384/384 437/437 383/383
f 687/687 810/810 782/782
f 782/782 847/847 767/767
f 245/245 231/231 235/235
f 847/847 796/796 767/767
f 767/767 796/796 681/681
f 235/235 234/234 236/236
f 417/417 213/213 268/268
f 268/268 213/213 204/204
f 204/204 213/213 198/198
f 204/204 198/198 196/196
f 193/193 194/194 192/192
f 482/482 483/483 505/505
f 482/482 505/505 415/415
f 519/519 524/524 520/520
f 263/263 376/376 431/431
f 263/263 431/431 353/353
f 5847/5847 5851/5851 5839/5839
f 5839/5839 5843/5843 5836/5836
f 5843/5843 5844/5844 5836/5836
f 5830/5830 5844/5844 5841/5841
f 5824/5824 5841/5841 5838/5838
f 5850/5850 5849/5849 5859/5859
f 3463/3463 3466/3466 3457/3457
f 5868/5868 5866/5866 5859/5859
f 3904/3904 3895/3895 3470/3470
f 3899/3899 3895/3895 3904/3904
f 8065/8065 8083/8083 8084/8084
f 8084/8084 8083/8083 8091/8091
f 1742/1742 1838/1838 1823/1823
f 8070/8070 8058/8058 8065/8065
f 1742/1742 1810/1810 1838/1838
f 1773/1773 1814/1814 1810/1810
f 7396/7396 7395/7395 7388/7388
f 1773/1773 1778/1778 1814/1814
f 1819/1819 1884/1884 1815/1815
f 1895/1895 2033/2033 1884/1884
f 1895/1895 2030/2030 2033/2033
f 2035/2035 2030/2030 1895/1895
f 1991/1991 2014/2014 1974/1974
f 2035/2035 2031/2031 2030/2030
f 6297/6297 6315/6315 6301/6301
f 2280/2280 2271/2271 2270/2270
f 2277/2277 2278/2278 2152/2152
f 2152/2152 2278/2278 2153/2153
f 2153/2153 2278/2278 2284/2284
f 6317/6317 6315/6315 6266/6266
f 6317/6317 6266/6266 6265/6265
f 7467/7467 7465/7465 7468/7468
f 7660/7660 7568/7568 7570/7570
f 1982/1982 1885/1885 1925/1925
f 1859/1859 1843/1843 1862/1862
f 2281/2281 2282/2282 2272/2272
f 1851/1851 1850/1850 1843/1843
f 2272/2272 2282/2282 2273/2273
f 2225/2225 2273/2273 2264/2264
f 7441/7441 7387/7387 7446/7446
f 7446/7446 7387/7387 7402/7402
f 7102/7102 7096/7096 7099/7099
f 2915/2915 2917/2917 2918/2918
f 5081/5081 5078/5078 5080/5080
f 5078/5078 5081/5081 5144/5144
f 7123/7123 7122/7122 7121/7121
f 5026/5026 5033/5033 5031/5031
f 6423/6423 6384/6384 6386/6386
f 6384/6384 6382/6382 6383/6383
f 6383/6383 6400/6400 6402/6402
f 502/502 512/512 477/477
f 437/437 486/486 432/432
f 437/437 432/432 281/281
f 674/674 782/782 682/682
f 332/332 281/281 280/280
f 282/282 233/233 245/245
f 234/234 274/274 401/401
f 401/401 274/274 482/482
f 482/482 274/274 483/483
f 213/213 201/201 198/198
f 417/417 480/480 319/319
f 417/417 319/319 213/213
f 192/192 376/376 263/263
f 5855/5855 5854/5854 5847/5847
f 5854/5854 5851/5851 5847/5847
f 5851/5851 5848/5848 5839/5839
f 5848/5848 5843/5843 5839/5839
f 5841/5841 5845/5845 5838/5838
f 5838/5838 5845/5845 5849/5849
f 5865/5865 5859/5859 5849/5849
f 1102/1102 1100/1100 1501/1501
f 1100/1100 1098/1098 1501/1501
f 5543/5543 5537/5537 5579/5579
f 1870/1870 1840/1840 1854/1854
f 1723/1723 1731/1731 1840/1840
f 1739/1739 1738/1738 1726/1726
f 3928/3928 3901/3901 3897/3897
f 3928/3928 3897/3897 3899/3899
f 1737/1737 1740/1740 1741/1741
f 8062/8062 8083/8083 8065/8065
f 1743/1743 1810/1810 1742/1742
f 8093/8093 8061/8061 8070/8070
f 1778/1778 1786/1786 1814/1814
f 7412/7412 7413/7413 7408/7408
f 1819/1819 1895/1895 1884/1884
f 1943/1943 2000/2000 1944/1944
f 6409/6409 6295/6295 6298/6298
f 2270/2270 2271/2271 2183/2183
f 2184/2184 2277/2277 2152/2152
f 3659/3659 3657/3657 3660/3660
f 2031/2031 1914/1914 1883/1883
f 2014/2014 1925/1925 2011/2011
f 1914/1914 1862/1862 1883/1883
f 6271/6271 6269/6269 6282/6282
f 1859/1859 1862/1862 1914/1914
f 7468/7468 7465/7465 7462/7462
f 1885/1885 1850/1850 1863/1863
f 1863/1863 1850/1850 1851/1851
f 7096/7096 7087/7087 7085/7085
f 5084/5084 5085/5085 5081/5081
f 5084/5084 5081/5081 5080/5080
f 5031/5031 5137/5137 5136/5136
f 7654/7654 7525/7525 7523/7523
f 7595/7595 7693/7693 7692/7692
f 6423/6423 6425/6425 6384/6384
f 6384/6384 6394/6394 6382/6382
f 438/438 486/486 437/437
f 432/432 427/427 281/281
f 281/281 243/243 280/280
f 280/280 233/233 282/282
f 675/675 663/663 669/669
f 245/245 233/233 231/231
f 234/234 237/237 274/274
f 292/292 202/202 319/319
f 202/202 201/201 213/213
f 319/319 202/202 213/213
f 201/201 200/200 198/198
f 198/198 200/200 199/199
f 198/198 199/199 193/193
f 193/193 199/199 194/194
f 194/194 269/269 192/192
f 192/192 269/269 376/376
f 5857/5857 5856/5856 5855/5855
f 5855/5855 5856/5856 5854/5854
f 1157/1157 1471/1471 1362/1362
f 1157/1157 1155/1155 1471/1471
f 5843/5843 5852/5852 5844/5844
f 5852/5852 5841/5841 5844/5844
f 1355/1355 1138/1138 1375/1375
f 1355/1355 1134/1134 1138/1138
f 1138/1138 1346/1346 1375/1375
f 5858/5858 5849/5849 5845/5845
f 5858/5858 5865/5865 5849/5849
f 1097/1097 1098/1098 1100/1100
f 1097/1097 1095/1095 1098/1098
f 1915/1915 1870/1870 1893/1893
f 1915/1915 1893/1893 1921/1921
f 1870/1870 1854/1854 1893/1893
f 3896/3896 3891/3891 3895/3895
f 1740/1740 1752/1752 1741/1741
f 8061/8061 8054/8054 8058/8058
f 8061/8061 8058/8058 8070/8070
f 5579/5579 5537/5537 5578/5578
f 8118/8118 8094/8094 8085/8085
f 7415/7415 7417/7417 7413/7413
f 7415/7415 7413/7413 7412/7412
f 1833/1833 1895/1895 1819/1819
f 1833/1833 1896/1896 1895/1895
f 1932/1932 1974/1974 1972/1972
f 1896/1896 2035/2035 1895/1895
f 6298/6298 6295/6295 6297/6297
f 2184/2184 2276/2276 2277/2277
f 1974/1974 2013/2013 1972/1972
f 6297/6297 6313/6313 6315/6315
f 2035/2035 2032/2032 2031/2031
f 7467/7467 7466/7466 7465/7465
f 2032/2032 1914/1914 2031/2031
f 1918/1918 1925/1925 1863/1863
f 1875/1875 1851/1851 1859/1859
f 1863/1863 1851/1851 1875/1875
f 7443/7443 7373/7373 7441/7441
f 7460/7460 7443/7443 7441/7441
f 7085/7085 7087/7087 7086/7086
f 2915/2915 2916/2916 2917/2917
f 4272/4272 4259/4259 4258/4258
f 4258/4258 4259/4259 4260/4260
f 5031/5031 5129/5129 5137/5137
f 4636/4636 4626/4626 4628/4628
f 7523/7523 7525/7525 7524/7524
f 6425/6425 6394/6394 6384/6384
f 6383/6383 6382/6382 6380/6380
f 6383/6383 6380/6380 6400/6400
f 512/512 510/510 477/477
f 477/477 510/510 503/503
f 477/477 503/503 438/438
f 438/438 503/503 486/486
f 486/486 463/463 432/432
f 463/463 427/427 432/432
f 281/281 427/427 279/279
f 281/281 279/279 243/243
f 243/243 233/233 280/280
f 233/233 229/229 231/231
f 235/235 231/231 234/234
f 393/393 214/214 386/386
f 386/386 207/207 292/292
f 274/274 237/237 392/392
f 274/274 392/392 483/483
f 194/194 199/199 269/269
f 269/269 453/453 376/376
f 453/453 497/497 376/376
f 1353/1353 1159/1159 1474/1474
f 1353/1353 1161/1161 1159/1159
f 1159/1159 1393/1393 1474/1474
f 1159/1159 1362/1362 1393/1393
f 1159/1159 1157/1157 1362/1362
f 1134/1134 1355/1355 1155/1155
f 1106/1106 1346/1346 1138/1138
f 1106/1106 1102/1102 1346/1346
f 1106/1106 1101/1101 1102/1102
f 1101/1101 1100/1100 1102/1102
f 1101/1101 1099/1099 1100/1100
f 1099/1099 1097/1097 1100/1100
f 1099/1099 1096/1096 1097/1097
f 1096/1096 1095/1095 1097/1097
f 3901/3901 3900/3900 3897/3897
f 8087/8087 8083/8083 8062/8062
f 8054/8054 8056/8056 8058/8058
f 8085/8085 8057/8057 8048/8048
f 8085/8085 8048/8048 8049/8049
f 8085/8085 8049/8049 8061/8061
f 8094/8094 8114/8114 8079/8079
f 8109/8109 8090/8090 8113/8113
f 1938/1938 1941/1941 1933/1933
f 1933/1933 1941/1941 1934/1934
f 1932/1932 1972/1972 1930/1930
f 1896/1896 2037/2037 2035/2035
f 6291/6291 6313/6313 6297/6297
f 6295/6295 6291/6291 6297/6297
f 6905/6905 6916/6916 6903/6903
f 2271/2271 2274/2274 2183/2183
f 2184/2184 2183/2183 2276/2276
f 3653/3653 3642/3642 3661/3661
f 3661/3661 3642/3642 3655/3655
f 1972/1972 2013/2013 1928/1928
f 6315/6315 6313/6313 6266/6266
f 2011/2011 2009/2009 1928/1928
f 2013/2013 2011/2011 1928/1928
f 2037/2037 2032/2032 2035/2035
f 3657/3657 3656/3656 3665/3665
f 6264/6264 6265/6265 6266/6266
f 2011/2011 1918/1918 2009/2009
f 2032/2032 1917/1917 1914/1914
f 7659/7659 7568/7568 7660/7660
f 1917/1917 1875/1875 1914/1914
f 7465/7465 7461/7461 7454/7454
f 1918/1918 1863/1863 1876/1876
f 1875/1875 1859/1859 1914/1914
f 1876/1876 1863/1863 1875/1875
f 7462/7462 7454/7454 7443/7443
f 7454/7454 7434/7434 7443/7443
f 7087/7087 7088/7088 7086/7086
f 5085/5085 5086/5086 5081/5081
f 4259/4259 4261/4261 4260/4260
f 6476/6476 6478/6478 6474/6474
f 5033/5033 5034/5034 5031/5031
f 5031/5031 5034/5034 5036/5036
f 5031/5031 5036/5036 5129/5129
f 4626/4626 4627/4627 4628/4628
f 5542/5542 5538/5538 5535/5535
f 521/521 510/510 512/512
f 6400/6400 6380/6380 6398/6398
f 643/643 636/636 637/637
f 663/663 675/675 678/678
f 393/393 238/238 215/215
f 215/215 214/214 393/393
f 237/237 238/238 392/392
f 392/392 238/238 393/393
f 292/292 207/207 202/202
f 206/206 203/203 202/202
f 202/202 203/203 200/200
f 200/200 212/212 199/199
f 199/199 212/212 275/275
f 275/275 346/346 199/199
f 199/199 346/346 269/269
f 269/269 346/346 453/453
f 1539/1539 1369/1369 1353/1353
f 1353/1353 1369/1369 1348/1348
f 1348/1348 1161/1161 1353/1353
f 1159/1159 1158/1158 1157/1157
f 1158/1158 1154/1154 1157/1157
f 1154/1154 1155/1155 1157/1157
f 1154/1154 1131/1131 1155/1155
f 1131/1131 1134/1134 1155/1155
f 1117/1117 1138/1138 1134/1134
f 1117/1117 1107/1107 1138/1138
f 1107/1107 1106/1106 1138/1138
f 1104/1104 1106/1106 1107/1107
f 1104/1104 1101/1101 1106/1106
f 3462/3462 3458/3458 3453/3453
f 1103/1103 1101/1101 1104/1104
f 1111/1111 1099/1099 1103/1103
f 1103/1103 1099/1099 1101/1101
f 1915/1915 1871/1871 1870/1870
f 3912/3912 3892/3892 3891/3891
f 1840/1840 1871/1871 1834/1834
f 3898/3898 3912/3912 3896/3896
f 8062/8062 8063/8063 8088/8088
f 8062/8062 8088/8088 8087/8087
f 8049/8049 8053/8053 8054/8054
f 8054/8054 8053/8053 8055/8055
f 8054/8054 8055/8055 8056/8056
f 8058/8058 8056/8056 8062/8062
f 8079/8079 8057/8057 8094/8094
f 8090/8090 8081/8081 8113/8113
f 7418/7418 7420/7420 7417/7417
f 1930/1930 1972/1972 1927/1927
f 1833/1833 1867/1867 1896/1896
f 1833/1833 1776/1776 1867/1867
f 6409/6409 6292/6292 6295/6295
f 3663/3663 3652/3652 3662/3662
f 3662/3662 3652/3652 3653/3653
f 3642/3642 3643/3643 3655/3655
f 3655/3655 3643/3643 3649/3649
f 1867/1867 2037/2037 1896/1896
f 6905/6905 6907/6907 6916/6916
f 1917/1917 2032/2032 2037/2037
f 1867/1867 1917/1917 2037/2037
f 6904/6904 6754/6754 6759/6759
f 2009/2009 1918/1918 1924/1924
f 1924/1924 1918/1918 1911/1911
f 7659/7659 7567/7567 7568/7568
f 1918/1918 1876/1876 1911/1911
f 1911/1911 1876/1876 1875/1875
f 7569/7569 7574/7574 7575/7575
f 2915/2915 2914/2914 2916/2916
f 5133/5133 5100/5100 5085/5085
f 5085/5085 5100/5100 5086/5086
f 5086/5086 5087/5087 5081/5081
f 5203/5203 5202/5202 5204/5204
f 6425/6425 6428/6428 6382/6382
f 6425/6425 6382/6382 6394/6394
f 214/214 209/209 207/207
f 503/503 509/509 486/486
f 486/486 508/508 463/463
f 427/427 423/423 279/279
f 243/243 228/228 233/233
f 233/233 228/228 229/229
f 229/229 230/230 231/231
f 231/231 230/230 234/234
f 234/234 230/230 237/237
f 237/237 230/230 232/232
f 237/237 232/232 238/238
f 207/207 206/206 202/202
f 200/200 203/203 212/212
f 346/346 275/275 454/454
f 346/346 454/454 453/453
f 1160/1160 1159/1159 1161/1161
f 1160/1160 1158/1158 1159/1159
f 1131/1131 1117/1117 1134/1134
f 1109/1109 1107/1107 1117/1117
f 1109/1109 1108/1108 1107/1107
f 1108/1108 1104/1104 1107/1107
f 1108/1108 1113/1113 1104/1104
f 1113/1113 1105/1105 1104/1104
f 1105/1105 1103/1103 1104/1104
f 1105/1105 1110/1110 1103/1103
f 1105/1105 1112/1112 1110/1110
f 1110/1110 1111/1111 1103/1103
f 1111/1111 1127/1127 1099/1099
f 1127/1127 1096/1096 1099/1099
f 1915/1915 1834/1834 1871/1871
f 8088/8088 8099/8099 8087/8087
f 8056/8056 8055/8055 8063/8063
f 8057/8057 8044/8044 8048/8048
f 8048/8048 8047/8047 8049/8049
f 8049/8049 8047/8047 8053/8053
f 8079/8079 8041/8041 8057/8057
f 8081/8081 8080/8080 8079/8079
f 8090/8090 8064/8064 8081/8081
f 8109/8109 8064/8064 8090/8090
f 1772/1772 1776/1776 1833/1833
f 1945/1945 1943/1943 1939/1939
f 6366/6366 6292/6292 6409/6409
f 1776/1776 1780/1780 1867/1867
f 6295/6295 6292/6292 6291/6291
f 3611/3611 3642/3642 3653/3653
f 1865/1865 1867/1867 1780/1780
f 3663/3663 3645/3645 3652/3652
f 3649/3649 3648/3648 3656/3656
f 1865/1865 2020/2020 1867/1867
f 6313/6313 6270/6270 6266/6266
f 1928/1928 2009/2009 1868/1868
f 1868/1868 2009/2009 2019/2019
f 2019/2019 1911/1911 2020/2020
f 2020/2020 1917/1917 1867/1867
f 2009/2009 1924/1924 2019/2019
f 2019/2019 1924/1924 1911/1911
f 2020/2020 1911/1911 1917/1917
f 7566/7566 7574/7574 7569/7569
f 7568/7568 7566/7566 7569/7569
f 7096/7096 7089/7089 7087/7087
f 4271/4271 4259/4259 4272/4272
f 5571/5571 5575/5575 5574/5574
f 5203/5203 5199/5199 5202/5202
f 5036/5036 5135/5135 5129/5129
f 4627/4627 4626/4626 4624/4624
f 7654/7654 7671/7671 7525/7525
f 7693/7693 7595/7595 7697/7697
f 7693/7693 7697/7697 7719/7719
f 219/219 216/216 215/215
f 228/228 223/223 229/229
f 229/229 223/223 230/230
f 238/238 232/232 219/219
f 209/209 208/208 207/207
f 207/207 208/208 206/206
f 1535/1535 1514/1514 1532/1532
f 463/463 423/423 427/427
f 279/279 266/266 243/243
f 243/243 266/266 228/228
f 206/206 251/251 203/203
f 486/486 509/509 508/508
f 508/508 507/507 463/463
f 203/203 251/251 252/252
f 203/203 252/252 212/212
f 212/212 252/252 275/275
f 1540/1540 1369/1369 1539/1539
f 1369/1369 1202/1202 1201/1201
f 1369/1369 1201/1201 1348/1348
f 1201/1201 1161/1161 1348/1348
f 1201/1201 1162/1162 1161/1161
f 1162/1162 1160/1160 1161/1161
f 1156/1156 1158/1158 1160/1160
f 1156/1156 1154/1154 1158/1158
f 1135/1135 1128/1128 1131/1131
f 1128/1128 1117/1117 1131/1131
f 1128/1128 1115/1115 1117/1117
f 1115/1115 1109/1109 1117/1117
f 1116/1116 1132/1132 1108/1108
f 1116/1116 1108/1108 1115/1115
f 1115/1115 1108/1108 1109/1109
f 1132/1132 1133/1133 1113/1113
f 1133/1133 1114/1114 1113/1113
f 1114/1114 1105/1105 1113/1113
f 1130/1130 1105/1105 1114/1114
f 1130/1130 1118/1118 1105/1105
f 1118/1118 1119/1119 1112/1112
f 1118/1118 1112/1112 1105/1105
f 1112/1112 1125/1125 1110/1110
f 1125/1125 1126/1126 1110/1110
f 1126/1126 1111/1111 1110/1110
f 1126/1126 1127/1127 1111/1111
f 1062/1062 1096/1096 1127/1127
f 1062/1062 1063/1063 1095/1095
f 1062/1062 1095/1095 1096/1096
f 1063/1063 1068/1068 1095/1095
f 3913/3913 3902/3902 3912/3912
f 1747/1747 1748/1748 1745/1745
f 1747/1747 1745/1745 1746/1746
f 8057/8057 8041/8041 8044/8044
f 8044/8044 8047/8047 8048/8048
f 8079/8079 8013/8013 8041/8041
f 8080/8080 8013/8013 8079/8079
f 8081/8081 8016/8016 8080/8080
f 8064/8064 8016/8016 8081/8081
f 1940/1940 1939/1939 1937/1937
f 1928/1928 1868/1868 1927/1927
f 3645/3645 3612/3612 3652/3652
f 6291/6291 6289/6289 6313/6313
f 1868/1868 2019/2019 1858/1858
f 1858/1858 2020/2020 1865/1865
f 6313/6313 6289/6289 6270/6270
f 1858/1858 2019/2019 2020/2020
f 6268/6268 6266/6266 6270/6270
f 6908/6908 6759/6759 6972/6972
f 6283/6283 6281/6281 6280/6280
f 6283/6283 6280/6280 6267/6267
f 7609/7609 7567/7567 7659/7659
f 7567/7567 7566/7566 7568/7568
f 7434/7434 7447/7447 7430/7430
f 7574/7574 7650/7650 7575/7575
f 7102/7102 7097/7097 7096/7096
f 7087/7087 7089/7089 7088/7088
f 2910/2910 2913/2913 2914/2914
f 5134/5134 5100/5100 5133/5133
f 7121/7121 7120/7120 7115/7115
f 5611/5611 5534/5534 5591/5591
f 6163/6163 6162/6162 6164/6164
f 5034/5034 5035/5035 5036/5036
f 4626/4626 4625/4625 4624/4624
f 7525/7525 7671/7671 7527/7527
f 7525/7525 7526/7526 7524/7524
f 5591/5591 5592/5592 5542/5542
f 7595/7595 7528/7528 7584/7584
f 7595/7595 7584/7584 7697/7697
f 6428/6428 6381/6381 6382/6382
f 6382/6382 6381/6381 6380/6380
f 219/219 218/218 216/216
f 215/215 216/216 209/209
f 209/209 216/216 217/217
f 209/209 217/217 208/208
f 228/228 226/226 223/223
f 230/230 223/223 232/232
f 232/232 223/223 221/221
f 232/232 221/221 219/219
f 208/208 251/251 206/206
f 1535/1535 1541/1541 1514/1514
f 423/423 422/422 279/279
f 279/279 422/422 266/266
f 1532/1532 1512/1512 1531/1531
f 507/507 462/462 463/463
f 463/463 462/462 423/423
f 251/251 340/340 252/252
f 252/252 340/340 426/426
f 252/252 426/426 275/275
f 426/426 454/454 275/275
f 426/426 501/501 454/454
f 1377/1377 1369/1369 1540/1540
f 1202/1202 1164/1164 1201/1201
f 1164/1164 1162/1162 1201/1201
f 1163/1163 1162/1162 1164/1164
f 1163/1163 1160/1160 1162/1162
f 1163/1163 1251/1251 1254/1254
f 1163/1163 1254/1254 1160/1160
f 1254/1254 1156/1156 1160/1160
f 1154/1154 1135/1135 1131/1131
f 1341/1341 1132/1132 1116/1116
f 1341/1341 1133/1133 1132/1132
f 5472/5472 5511/5511 5489/5489
f 5470/5470 5510/5510 5472/5472
f 5472/5472 5510/5510 5511/5511
f 1343/1343 1120/1120 1118/1118
f 1343/1343 1118/1118 1130/1130
f 1120/1120 1119/1119 1118/1118
f 1120/1120 1121/1121 1119/1119
f 1121/1121 1267/1267 1119/1119
f 1119/1119 1125/1125 1112/1112
f 1267/1267 1125/1125 1119/1119
f 1125/1125 1129/1129 1126/1126
f 1129/1129 1127/1127 1126/1126
f 3902/3902 3749/3749 3880/3880
f 3902/3902 3880/3880 3892/3892
f 1729/1729 1716/1716 1724/1724
f 8063/8063 8089/8089 8088/8088
f 8060/8060 8055/8055 8053/8053
f 8041/8041 8034/8034 8044/8044
f 8044/8044 8042/8042 8047/8047
f 8013/8013 8015/8015 8041/8041
f 8080/8080 8016/8016 8013/8013
f 8018/8018 8016/8016 8064/8064
f 1936/1936 1937/1937 1933/1933
f 8031/8031 8018/8018 8064/8064
f 1930/1930 1927/1927 1929/1929
f 1765/1765 1767/1767 1776/1776
f 1765/1765 1776/1776 1772/1772
f 1765/1765 1772/1772 1763/1763
f 8106/8106 8006/8006 8031/8031
f 3643/3643 3646/3646 3648/3648
f 6290/6290 6289/6289 6291/6291
f 6292/6292 6290/6290 6291/6291
f 3652/3652 3612/3612 3611/3611
f 1868/1868 1858/1858 1781/1781
f 1781/1781 1858/1858 1780/1780
f 7096/7096 7097/7097 7089/7089
f 4271/4271 4264/4264 4259/4259
f 4259/4259 4264/4264 4261/4261
f 5591/5591 5534/5534 5533/5533
f 5036/5036 5035/5035 5135/5135
f 5135/5135 5035/5035 5146/5146
f 7525/7525 7527/7527 7526/7526
f 7524/7524 7526/7526 7528/7528
f 6882/6882 6923/6923 6856/6856
f 5592/5592 5538/5538 5542/5542
f 645/645 652/652 646/646
f 221/221 220/220 219/219
f 219/219 220/220 218/218
f 216/216 218/218 217/217
f 217/217 261/261 208/208
f 6380/6380 6378/6378 6398/6398
f 223/223 222/222 221/221
f 261/261 260/260 208/208
f 208/208 260/260 251/251
f 266/266 226/226 228/228
f 423/423 462/462 422/422
f 251/251 260/260 340/340
f 1514/1514 1512/1512 1532/1532
f 508/508 509/509 507/507
f 1529/1529 1241/1241 1377/1377
f 1170/1170 1369/1369 1377/1377
f 1170/1170 1202/1202 1369/1369
f 1165/1165 1163/1163 1164/1164
f 1167/1167 1166/1166 1165/1165
f 1166/1166 1163/1163 1165/1165
f 1167/1167 1192/1192 1166/1166
f 1166/1166 1246/1246 1163/1163
f 1246/1246 1251/1251 1163/1163
f 1135/1135 1154/1154 1156/1156
f 1272/1272 1115/1115 1128/1128
f 1115/1115 1341/1341 1116/1116
f 5513/5513 5489/5489 5512/5512
f 5513/5513 5488/5488 5489/5489
f 1537/1537 1120/1120 1343/1343
f 1123/1123 1122/1122 1120/1120
f 1122/1122 1121/1121 1120/1120
f 1122/1122 1267/1267 1121/1121
f 1125/1125 1137/1137 1129/1129
f 1064/1064 1127/1127 1129/1129
f 1064/1064 1062/1062 1127/1127
f 1062/1062 1060/1060 1063/1063
f 1060/1060 1061/1061 1068/1068
f 1836/1836 1729/1729 1834/1834
f 8102/8102 8116/8116 8105/8105
f 8099/8099 8098/8098 8096/8096
f 8099/8099 8096/8096 8102/8102
f 8088/8088 8089/8089 8098/8098
f 8055/8055 8060/8060 8063/8063
f 8034/8034 8039/8039 8044/8044
f 8013/8013 8014/8014 8015/8015
f 8015/8015 8034/8034 8041/8041
f 8016/8016 8014/8014 8013/8013
f 8016/8016 8017/8017 8014/8014
f 1946/1946 1945/1945 1940/1940
f 1946/1946 1940/1940 1937/1937
f 8018/8018 8017/8017 8016/8016
f 1931/1931 1930/1930 1929/1929
f 6366/6366 6365/6365 6293/6293
f 8031/8031 8024/8024 8017/8017
f 8031/8031 8017/8017 8018/8018
f 6293/6293 6290/6290 6292/6292
f 6366/6366 6293/6293 6292/6292
f 1927/1927 1781/1781 1929/1929
f 1781/1781 1908/1908 1929/1929
f 8006/8006 8024/8024 8031/8031
f 3648/3648 3646/3646 3658/3658
f 8011/8011 8006/8006 8012/8012
f 8008/8008 8007/8007 8004/8004
f 8008/8008 8004/8004 8011/8011
f 7349/7349 7343/7343 7348/7348
f 5578/5578 5577/5577 5571/5571
f 4264/4264 4265/4265 4261/4261
f 5199/5199 5198/5198 5202/5202
f 5533/5533 5593/5593 5591/5591
f 5034/5034 5042/5042 5035/5035
f 6381/6381 6379/6379 6380/6380
f 221/221 222/222 220/220
f 220/220 224/224 218/218
f 218/218 239/239 217/217
f 217/217 239/239 240/240
f 217/217 240/240 391/391
f 217/217 391/391 261/261
f 223/223 226/226 222/222
f 261/261 443/443 260/260
f 266/266 276/276 226/226
f 1528/1528 1514/1514 1541/1541
f 6398/6398 6378/6378 6399/6399
f 260/260 473/473 340/340
f 340/340 481/481 426/426
f 1514/1514 1472/1472 1512/1512
f 509/509 517/517 507/507
f 1242/1242 1241/1241 1529/1529
f 1241/1241 1170/1170 1377/1377
f 1170/1170 1168/1168 1202/1202
f 1168/1168 1164/1164 1202/1202
f 1168/1168 1167/1167 1165/1165
f 1168/1168 1165/1165 1164/1164
f 1233/1233 1232/1232 1193/1193
f 1232/1232 1194/1194 1193/1193
f 1233/1233 1193/1193 1209/1209
f 1193/1193 1166/1166 1192/1192
f 1209/1209 1193/1193 1192/1192
f 1194/1194 1259/1259 1166/1166
f 1193/1193 1194/1194 1166/1166
f 1259/1259 1246/1246 1166/1166
f 1259/1259 1251/1251 1246/1246
f 1278/1278 1273/1273 1254/1254
f 1254/1254 1273/1273 1156/1156
f 1273/1273 1135/1135 1156/1156
f 1273/1273 1272/1272 1135/1135
f 1272/1272 1128/1128 1135/1135
f 1272/1272 1337/1337 1115/1115
f 1337/1337 1341/1341 1115/1115
f 1337/1337 1364/1364 1341/1341
f 1364/1364 1133/1133 1341/1341
f 5467/5467 5466/5466 5469/5469
f 5466/5466 5501/5501 5469/5469
f 1124/1124 1122/1122 1123/1123
f 1391/1391 1124/1124 1123/1123
f 1124/1124 1139/1139 1122/1122
f 1139/1139 1261/1261 1122/1122
f 1122/1122 1261/1261 1267/1267
f 1137/1137 1125/1125 1267/1267
f 1137/1137 1064/1064 1129/1129
f 1137/1137 1066/1066 1064/1064
f 1057/1057 1062/1062 1064/1064
f 1057/1057 1060/1060 1062/1062
f 3748/3748 3746/3746 3749/3749
f 8060/8060 8069/8069 8063/8063
f 8063/8063 8069/8069 8089/8089
f 8039/8039 8042/8042 8044/8044
f 8042/8042 8043/8043 8047/8047
f 8014/8014 8020/8020 8015/8015
f 8015/8015 8020/8020 8034/8034
f 1946/1946 1984/1984 1945/1945
f 8017/8017 8019/8019 8014/8014
f 1931/1931 1929/1929 1960/1960
f 8024/8024 8023/8023 8017/8017
f 3644/3644 3609/3609 3612/3612
f 1908/1908 1781/1781 1769/1769
f 1769/1769 1781/1781 1780/1780
f 1769/1769 1780/1780 1767/1767
f 8006/8006 8009/8009 8024/8024
f 6290/6290 6261/6261 6289/6289
f 8003/8003 8009/8009 8006/8006
f 8004/8004 8003/8003 8006/8006
f 6912/6912 6915/6915 6914/6914
f 8007/8007 8005/8005 8004/8004
f 6289/6289 6261/6261 6270/6270
f 7795/7795 7797/7797 7796/7796
f 6279/6279 6278/6278 6275/6275
f 6279/6279 6283/6283 6278/6278
f 7353/7353 7363/7363 7343/7343
f 7609/7609 7564/7564 7567/7567
f 7564/7564 7566/7566 7567/7567
f 7097/7097 7095/7095 7089/7089
f 7089/7089 7095/7095 7090/7090
f 7089/7089 7090/7090 7088/7088
f 2912/2912 2911/2911 2910/2910
f 5097/5097 5089/5089 5100/5100
f 5134/5134 5097/5097 5100/5100
f 5100/5100 5089/5089 5086/5086
f 5089/5089 5088/5088 5086/5086
f 4270/4270 4264/4264 4271/4271
f 5086/5086 5088/5088 5087/5087
f 5035/5035 5147/5147 5146/5146
f 7671/7671 7639/7639 7527/7527
f 7528/7528 7526/7526 7530/7530
f 7530/7530 7540/7540 7584/7584
f 7528/7528 7530/7530 7584/7584
f 7697/7697 7699/7699 7719/7719
f 7697/7697 7584/7584 7699/7699
f 6428/6428 6419/6419 6381/6381
f 218/218 241/241 239/239
f 239/239 465/465 464/464
f 239/239 464/464 240/240
f 240/240 464/464 391/391
f 226/226 276/276 244/244
f 226/226 244/244 222/222
f 391/391 443/443 261/261
f 266/266 421/421 276/276
f 443/443 473/473 260/260
f 462/462 421/421 422/422
f 473/473 481/481 340/340
f 1493/1493 1239/1239 1242/1242
f 1514/1514 1528/1528 1472/1472
f 1472/1472 1453/1453 1512/1512
f 1512/1512 1513/1513 1531/1531
f 1512/1512 1453/1453 1513/1513
f 1531/1531 1513/1513 1536/1536
f 1169/1169 1168/1168 1170/1170
f 1169/1169 1184/1184 1167/1167
f 1169/1169 1167/1167 1168/1168
f 1184/1184 1265/1265 1192/1192
f 1184/1184 1192/1192 1167/1167
f 1360/1360 1237/1237 1248/1248
f 1360/1360 1248/1248 1479/1479
f 1479/1479 1248/1248 1478/1478
f 1248/1248 1233/1233 1478/1478
f 1478/1478 1233/1233 1265/1265
f 1236/1236 1234/1234 1237/1237
f 1237/1237 1234/1234 1248/1248
f 1234/1234 1233/1233 1248/1248
f 1233/1233 1209/1209 1265/1265
f 1236/1236 1235/1235 1234/1234
f 1234/1234 1235/1235 1232/1232
f 1234/1234 1232/1232 1233/1233
f 1236/1236 1263/1263 1235/1235
f 1263/1263 1354/1354 1235/1235
f 1235/1235 1354/1354 1232/1232
f 1232/1232 1354/1354 1194/1194
f 2082/2082 2066/2066 2101/2101
f 2066/2066 2076/2076 2101/2101
f 2066/2066 2067/2067 2076/2076
f 2101/2101 2076/2076 2102/2102
f 2076/2076 2098/2098 2102/2102
f 1259/1259 1279/1279 1251/1251
f 1279/1279 1278/1278 1254/1254
f 1251/1251 1279/1279 1254/1254
f 1273/1273 1274/1274 1272/1272
f 1274/1274 1337/1337 1272/1272
f 3809/3809 3828/3828 3824/3824
f 3807/3807 3875/3875 3809/3809
f 5543/5543 5535/5535 5537/5537
f 1390/1390 1124/1124 1391/1391
f 1390/1390 1141/1141 1124/1124
f 1141/1141 1140/1140 1124/1124
f 1140/1140 1139/1139 1124/1124
f 1140/1140 1384/1384 1139/1139
f 1384/1384 1268/1268 1139/1139
f 1268/1268 1261/1261 1139/1139
f 1261/1261 1137/1137 1267/1267
f 1066/1066 1057/1057 1064/1064
f 1057/1057 1055/1055 1060/1060
f 3748/3748 3744/3744 3746/3746
f 1841/1841 1729/1729 1846/1846
f 1809/1809 1729/1729 1841/1841
f 8043/8043 8059/8059 8047/8047
f 8047/8047 8059/8059 8060/8060
f 8014/8014 8021/8021 8020/8020
f 1950/1950 1937/1937 1951/1951
f 8019/8019 8021/8021 8014/8014
f 8017/8017 8022/8022 8019/8019
f 1929/1929 1908/1908 1975/1975
f 8023/8023 8022/8022 8017/8017
f 6293/6293 6294/6294 6290/6290
f 3646/3646 3669/3669 3658/3658
f 6290/6290 6294/6294 6316/6316
f 8009/8009 8029/8029 8023/8023
f 8009/8009 8023/8023 8024/8024
f 6290/6290 6316/6316 6261/6261
f 8003/8003 8010/8010 8009/8009
f 7464/7464 7463/7463 7459/7459
f 7463/7463 7452/7452 7459/7459
f 7459/7459 7452/7452 7451/7451
f 7795/7795 7792/7792 7794/7794
f 7792/7792 7793/7793 7794/7794
f 6279/6279 6275/6275 6277/6277
f 6277/6277 6275/6275 6261/6261
f 7363/7363 7341/7341 7343/7343
f 7609/7609 7579/7579 7564/7564
f 7566/7566 7565/7565 7574/7574
f 7565/7565 7650/7650 7574/7574
f 2910/2910 2909/2909 2913/2913
f 5134/5134 5096/5096 5097/5097
f 7115/7115 7116/7116 7117/7117
f 5571/5571 5576/5576 5575/5575
f 5199/5199 5194/5194 5198/5198
f 5035/5035 5042/5042 5043/5043
f 4625/4625 4623/4623 4624/4624
f 5035/5035 5148/5148 5147/5147
f 6419/6419 6379/6379 6381/6381
f 257/257 225/225 222/222
f 244/244 257/257 222/222
f 222/222 225/225 220/220
f 220/220 225/225 224/224
f 218/218 242/242 241/241
f 1525/1525 1526/1526 1482/1482
f 380/380 257/257 244/244
f 276/276 380/380 244/244
f 464/464 443/443 391/391
f 1525/1525 1482/1482 1524/1524
f 421/421 380/380 276/276
f 6380/6380 6379/6379 6378/6378
f 462/462 506/506 421/421
f 507/507 506/506 462/462
f 517/517 518/518 507/507
f 507/507 518/518 506/506
f 1239/1239 1171/1171 1242/1242
f 1242/1242 1171/1171 1241/1241
f 1472/1472 1427/1427 1453/1453
f 1513/1513 1489/1489 1536/1536
f 1171/1171 1170/1170 1241/1241
f 1171/1171 1172/1172 1169/1169
f 1171/1171 1169/1169 1170/1170
f 1172/1172 1184/1184 1169/1169
f 1256/1256 1378/1378 1172/1172
f 1172/1172 1378/1378 1265/1265
f 1172/1172 1265/1265 1184/1184
f 1504/1504 1360/1360 1486/1486
f 1486/1486 1479/1479 1378/1378
f 1544/1544 1503/1503 1504/1504
f 1504/1504 1503/1503 1360/1360
f 1503/1503 1238/1238 1237/1237
f 1503/1503 1237/1237 1360/1360
f 1238/1238 1231/1231 1236/1236
f 1238/1238 1236/1236 1237/1237
f 1231/1231 1245/1245 1236/1236
f 1245/1245 1263/1263 1236/1236
f 2090/2090 2058/2058 2089/2089
f 2089/2089 2058/2058 2054/2054
f 2089/2089 2054/2054 2082/2082
f 2054/2054 2066/2066 2082/2082
f 2066/2066 2054/2054 2055/2055
f 2055/2055 2060/2060 2066/2066
f 2066/2066 2060/2060 2067/2067
f 2067/2067 2077/2077 2076/2076
f 2076/2076 2077/2077 2098/2098
f 1487/1487 1279/1279 1259/1259
f 1278/1278 1275/1275 1273/1273
f 1275/1275 1274/1274 1273/1273
f 1274/1274 1364/1364 1337/1337
f 1274/1274 1357/1357 1364/1364
f 5497/5497 5471/5471 5488/5488
f 5497/5497 5488/5488 5515/5515
f 3875/3875 3828/3828 3809/3809
f 5457/5457 5468/5468 5466/5466
f 5468/5468 5455/5455 5500/5500
f 1141/1141 1142/1142 1140/1140
f 1142/1142 1143/1143 1140/1140
f 1143/1143 1384/1384 1140/1140
f 1268/1268 1088/1088 1261/1261
f 1261/1261 1088/1088 1137/1137
f 1088/1088 1067/1067 1137/1137
f 1137/1137 1067/1067 1066/1066
f 1067/1067 1056/1056 1066/1066
f 1056/1056 1057/1057 1066/1066
f 1056/1056 1054/1054 1055/1055
f 1056/1056 1055/1055 1057/1057
f 1054/1054 1053/1053 1055/1055
f 3762/3762 3742/3742 3748/3748
f 8069/8069 8077/8077 8089/8089
f 1703/1703 1704/1704 1705/1705
f 8059/8059 8067/8067 8060/8060
f 8060/8060 8067/8067 8069/8069
f 8039/8039 8040/8040 8042/8042
f 8042/8042 8040/8040 8043/8043
f 8020/8020 8027/8027 8034/8034
f 8034/8034 8027/8027 8039/8039
f 6365/6365 6406/6406 6296/6296
f 8021/8021 8027/8027 8020/8020
f 6365/6365 6296/6296 6293/6293
f 8022/8022 8021/8021 8019/8019
f 5537/5537 5577/5577 5578/5578
f 3610/3610 3647/3647 3646/3646
f 3604/3604 3608/3608 3611/3611
f 6977/6977 6915/6915 6978/6978
f 8009/8009 8010/8010 8029/8029
f 7800/7800 7794/7794 7799/7799
f 7800/7800 7799/7799 7801/7801
f 7794/7794 7798/7798 7799/7799
f 7668/7668 7579/7579 7609/7609
f 7452/7452 7433/7433 7451/7451
f 7564/7564 7565/7565 7566/7566
f 5097/5097 5096/5096 5089/5089
f 5577/5577 5576/5576 5571/5571
f 5194/5194 5196/5196 5198/5198
f 5034/5034 5055/5055 5042/5042
f 5035/5035 5043/5043 5148/5148
f 5593/5593 5592/5592 5591/5591
f 4624/4624 4623/4623 4620/4620
f 7584/7584 7604/7604 7699/7699
f 225/225 227/227 224/224
f 224/224 227/227 218/218
f 241/241 326/326 239/239
f 239/239 326/326 466/466
f 239/239 466/466 465/465
f 465/465 466/466 495/495
f 1526/1526 1361/1361 1482/1482
f 1482/1482 1493/1493 1524/1524
f 1482/1482 1257/1257 1493/1493
f 1257/1257 1239/1239 1493/1493
f 1257/1257 1183/1183 1239/1239
f 1183/1183 1174/1174 1239/1239
f 6378/6378 6376/6376 6399/6399
f 1174/1174 1171/1171 1239/1239
f 1528/1528 1470/1470 1472/1472
f 1489/1489 1534/1534 1536/1536
f 1174/1174 1173/1173 1171/1171
f 1513/1513 1453/1453 1452/1452
f 1513/1513 1452/1452 1489/1489
f 1255/1255 1256/1256 1175/1175
f 1175/1175 1256/1256 1173/1173
f 1173/1173 1256/1256 1172/1172
f 1173/1173 1172/1172 1171/1171
f 1255/1255 1378/1378 1256/1256
f 1486/1486 1378/1378 1255/1255
f 1370/1370 1238/1238 1544/1544
f 1229/1229 1231/1231 1370/1370
f 1370/1370 1231/1231 1238/1238
f 1229/1229 1230/1230 1231/1231
f 1230/1230 1473/1473 1245/1245
f 1230/1230 1245/1245 1231/1231
f 2090/2090 2069/2069 2058/2058
f 2058/2058 2050/2050 2054/2054
f 2054/2054 2050/2050 2053/2053
f 2054/2054 2053/2053 2055/2055
f 2055/2055 2053/2053 2056/2056
f 2055/2055 2056/2056 2060/2060
f 2060/2060 2074/2074 2067/2067
f 2067/2067 2074/2074 2077/2077
f 1278/1278 1277/1277 1275/1275
f 1276/1276 1274/1274 1275/1275
f 1274/1274 1344/1344 1357/1357
f 1344/1344 1542/1542 1357/1357
f 5491/5491 5467/5467 5471/5471
f 5491/5491 5492/5492 5467/5467
f 5491/5491 5471/5471 5497/5497
f 3805/3805 3911/3911 3807/3807
f 1389/1389 1142/1142 1141/1141
f 1389/1389 1141/1141 1390/1390
f 1144/1144 1143/1143 1142/1142
f 1144/1144 1347/1347 1143/1143
f 1347/1347 1153/1153 1143/1143
f 1143/1143 1153/1153 1384/1384
f 1384/1384 1153/1153 1268/1268
f 1153/1153 1088/1088 1268/1268
f 1088/1088 1058/1058 1067/1067
f 1058/1058 1056/1056 1067/1067
f 1058/1058 1052/1052 1054/1054
f 1058/1058 1054/1054 1056/1056
f 1052/1052 1053/1053 1054/1054
f 1052/1052 1050/1050 1053/1053
f 3742/3742 3744/3744 3748/3748
f 8069/8069 8076/8076 8077/8077
f 8069/8069 8067/8067 8076/8076
f 1959/1959 1958/1958 1960/1960
f 8027/8027 8032/8032 8039/8039
f 6296/6296 6294/6294 6293/6293
f 3646/3646 3672/3672 3669/3669
f 8023/8023 8029/8029 8022/8022
f 6259/6259 6279/6279 6277/6277
f 6259/6259 6277/6277 6261/6261
f 8129/8129 8123/8123 8124/8124
f 8131/8131 8129/8129 8124/8124
f 8052/8052 8029/8029 8010/8010
f 7668/7668 7667/7667 7579/7579
f 4264/4264 4268/4268 4265/4265
f 5055/5055 5044/5044 5042/5042
f 5148/5148 5043/5043 5151/5151
f 4623/4623 4607/4607 4620/4620
f 7540/7540 7604/7604 7584/7584
f 257/257 382/382 225/225
f 382/382 390/390 225/225
f 225/225 390/390 227/227
f 218/218 227/227 242/242
f 241/241 242/242 326/326
f 7604/7604 7653/7653 7699/7699
f 6419/6419 6420/6420 6379/6379
f 257/257 440/440 382/382
f 421/421 440/440 380/380
f 1361/1361 1257/1257 1482/1482
f 506/506 440/440 421/421
f 6379/6379 6377/6377 6378/6378
f 1257/1257 1180/1180 1183/1183
f 1180/1180 1176/1176 1183/1183
f 1183/1183 1176/1176 1174/1174
f 1176/1176 1175/1175 1174/1174
f 1175/1175 1173/1173 1174/1174
f 6399/6399 6376/6376 6401/6401
f 1470/1470 1427/1427 1472/1472
f 1175/1175 1250/1250 1255/1255
f 1427/1427 1426/1426 1453/1453
f 1426/1426 1424/1424 1452/1452
f 1453/1453 1426/1426 1452/1452
f 1452/1452 1424/1424 1489/1489
f 1518/1518 1486/1486 1250/1250
f 1518/1518 1545/1545 1544/1544
f 1226/1226 1229/1229 1530/1530
f 1530/1530 1229/1229 1370/1370
f 1226/1226 1224/1224 1229/1229
f 1224/1224 1228/1228 1229/1229
f 1228/1228 1230/1230 1229/1229
f 1228/1228 1473/1473 1230/1230
f 2080/2080 2057/2057 2090/2090
f 2090/2090 2057/2057 2069/2069
f 2057/2057 2049/2049 2069/2069
f 2050/2050 2043/2043 2051/2051
f 2069/2069 2049/2049 2058/2058
f 2049/2049 2048/2048 2058/2058
f 2058/2058 2048/2048 2050/2050
f 2052/2052 2056/2056 2053/2053
f 2074/2074 2097/2097 2077/2077
f 2077/2077 2097/2097 2098/2098
f 1277/1277 1276/1276 1275/1275
f 1276/1276 1344/1344 1274/1274
f 1344/1344 1523/1523 1542/1542
f 3803/3803 3911/3911 3805/3805
f 1145/1145 1142/1142 1389/1389
f 1145/1145 1144/1144 1142/1142
f 1144/1144 1153/1153 1347/1347
f 1074/1074 1088/1088 1153/1153
f 1074/1074 1059/1059 1088/1088
f 1088/1088 1059/1059 1058/1058
f 1059/1059 1052/1052 1058/1058
f 1059/1059 1039/1039 1052/1052
f 1039/1039 1038/1038 1050/1050
f 1039/1039 1050/1050 1052/1052
f 1038/1038 1051/1051 1050/1050
f 1719/1719 1720/1720 1820/1820
f 8076/8076 8097/8097 8077/8077
f 1719/1719 1707/1707 1710/1710
f 1719/1719 1710/1710 1720/1720
f 1956/1956 1950/1950 1964/1964
f 1950/1950 1952/1952 1964/1964
f 1952/1952 1951/1951 1959/1959
f 8059/8059 8045/8045 8067/8067
f 1951/1951 1958/1958 1959/1959
f 8043/8043 8045/8045 8059/8059
f 8039/8039 8032/8032 8040/8040
f 8040/8040 8032/8032 8045/8045
f 8040/8040 8045/8045 8043/8043
f 8026/8026 8032/8032 8027/8027
f 6296/6296 6262/6262 6294/6294
f 3647/3647 3672/3672 3646/3646
f 6294/6294 6262/6262 6316/6316
f 8132/8132 8129/8129 8131/8131
f 6316/6316 6262/6262 6261/6261
f 8029/8029 8028/8028 8022/8022
f 6258/6258 6259/6259 6257/6257
f 6258/6258 6285/6285 6259/6259
f 6257/6257 6259/6259 6261/6261
f 6285/6285 6279/6279 6259/6259
f 8124/8124 8123/8123 8072/8072
f 8071/8071 8052/8052 8082/8082
f 8072/8072 8071/8071 8111/8111
f 7563/7563 7613/7613 7565/7565
f 7565/7565 7613/7613 7650/7650
f 7097/7097 7077/7077 7095/7095
f 7077/7077 7079/7079 7095/7095
f 7095/7095 7079/7079 7090/7090
f 2911/2911 2905/2905 2910/2910
f 2910/2910 2905/2905 2909/2909
f 4270/4270 4269/4269 4264/4264
f 5575/5575 5576/5576 5654/5654
f 6147/6147 6156/6156 6162/6162
f 5055/5055 5149/5149 5044/5044
f 5042/5042 5044/5044 5043/5043
f 5043/5043 5044/5044 5045/5045
f 7527/7527 7639/7639 7531/7531
f 7527/7527 7531/7531 7526/7526
f 6878/6878 6818/6818 6857/6857
f 227/227 390/390 476/476
f 227/227 476/476 242/242
f 242/242 476/476 435/435
f 242/242 435/435 326/326
f 440/440 498/498 382/382
f 1538/1538 1349/1349 1206/1206
f 1538/1538 1206/1206 1519/1519
f 7653/7653 7721/7721 7699/7699
f 1519/1519 1206/1206 1361/1361
f 6420/6420 6377/6377 6379/6379
f 514/514 516/516 440/440
f 1361/1361 1206/1206 1179/1179
f 1179/1179 1257/1257 1361/1361
f 506/506 514/514 440/440
f 1179/1179 1180/1180 1257/1257
f 506/506 518/518 514/514
f 1179/1179 1176/1176 1180/1180
f 6378/6378 6377/6377 6376/6376
f 1176/1176 1177/1177 1175/1175
f 1177/1177 1249/1249 1250/1250
f 1177/1177 1250/1250 1175/1175
f 1249/1249 1518/1518 1250/1250
f 1424/1424 1459/1459 1489/1489
f 1548/1548 1225/1225 1226/1226
f 1225/1225 1224/1224 1226/1226
f 1227/1227 1228/1228 1224/1224
f 1227/1227 1506/1506 1473/1473
f 1227/1227 1473/1473 1228/1228
f 2080/2080 2059/2059 2057/2057
f 2049/2049 2045/2045 2048/2048
f 2048/2048 2041/2041 2050/2050
f 2050/2050 2041/2041 2043/2043
f 2043/2043 2044/2044 2051/2051
f 2051/2051 2044/2044 2052/2052
f 2044/2044 2068/2068 2052/2052
f 2052/2052 2068/2068 2056/2056
f 2057/2057 2045/2045 2049/2049
f 2056/2056 2068/2068 2060/2060
f 2060/2060 2068/2068 2074/2074
f 1488/1488 1373/1373 1487/1487
f 1373/1373 1279/1279 1487/1487
f 1279/1279 1281/1281 1278/1278
f 1281/1281 1277/1277 1278/1278
f 1280/1280 1276/1276 1277/1277
f 1276/1276 1330/1330 1344/1344
f 1330/1330 1523/1523 1344/1344
f 5465/5465 5492/5492 5487/5487
f 1465/1465 1387/1387 1145/1145
f 1146/1146 1144/1144 1145/1145
f 1146/1146 1136/1136 1144/1144
f 1146/1146 1090/1090 1136/1136
f 1144/1144 1136/1136 1153/1153
f 1136/1136 1090/1090 1074/1074
f 1136/1136 1074/1074 1153/1153
f 1038/1038 1037/1037 1051/1051
f 3761/3761 3732/3732 3742/3742
f 1969/1969 1956/1956 1964/1964
f 1719/1719 1822/1822 1721/1721
f 1964/1964 1952/1952 1970/1970
f 1970/1970 1952/1952 1959/1959
f 8067/8067 8073/8073 8076/8076
f 6406/6406 6362/6362 6296/6296
f 8045/8045 8073/8073 8067/8067
f 6307/6307 6306/6306 6296/6296
f 6296/6296 6306/6306 6262/6262
f 3599/3599 3601/3601 3604/3604
f 8021/8021 8026/8026 8027/8027
f 8025/8025 8026/8026 8021/8021
f 8022/8022 8025/8025 8021/8021
f 6257/6257 6261/6261 6262/6262
f 8030/8030 8028/8028 8029/8029
f 8052/8052 8051/8051 8030/8030
f 8052/8052 8030/8030 8029/8029
f 8071/8071 8051/8051 8052/8052
f 7579/7579 7556/7556 7564/7564
f 7564/7564 7563/7563 7565/7565
f 2905/2905 2908/2908 2909/2909
f 5098/5098 5091/5091 5096/5096
f 5096/5096 5091/5091 5089/5089
f 4273/4273 4269/4269 4270/4270
f 5089/5089 5090/5090 5088/5088
f 5577/5577 5582/5582 5576/5576
f 5043/5043 5045/5045 5158/5158
f 5043/5043 5158/5158 5151/5151
f 954/954 953/953 776/776
f 7604/7604 7539/7539 7653/7653
f 498/498 390/390 382/382
f 1448/1448 1207/1207 1349/1349
f 1349/1349 1207/1207 1204/1204
f 1207/1207 1203/1203 1204/1204
f 1349/1349 1204/1204 1206/1206
f 440/440 516/516 498/498
f 1499/1499 1446/1446 1485/1485
f 1204/1204 1203/1203 1181/1181
f 1204/1204 1181/1181 1206/1206
f 1181/1181 1179/1179 1206/1206
f 1181/1181 1178/1178 1179/1179
f 1178/1178 1176/1176 1179/1179
f 1534/1534 1480/1480 1533/1533
f 1178/1178 1177/1177 1176/1176
f 1534/1534 1515/1515 1480/1480
f 1178/1178 1185/1185 1177/1177
f 1185/1185 1249/1249 1177/1177
f 6376/6376 6375/6375 6401/6401
f 1489/1489 1480/1480 1515/1515
f 1185/1185 1342/1342 1249/1249
f 6375/6375 6372/6372 6401/6401
f 1549/1549 1545/1545 1342/1342
f 1470/1470 1416/1416 1427/1427
f 1427/1427 1416/1416 1426/1426
f 1243/1243 1225/1225 1546/1546
f 1416/1416 1414/1414 1426/1426
f 1414/1414 1424/1424 1426/1426
f 1424/1424 1429/1429 1459/1459
f 1223/1223 1224/1224 1225/1225
f 1243/1243 1223/1223 1225/1225
f 1223/1223 1222/1222 1224/1224
f 1222/1222 1227/1227 1224/1224
f 1222/1222 1506/1506 1227/1227
f 2041/2041 2040/2040 2043/2043
f 2043/2043 2040/2040 2044/2044
f 2081/2081 2059/2059 2080/2080
f 2059/2059 2046/2046 2057/2057
f 2046/2046 2045/2045 2057/2057
f 2045/2045 2038/2038 2048/2048
f 2048/2048 2038/2038 2041/2041
f 2044/2044 2072/2072 2068/2068
f 2068/2068 2072/2072 2091/2091
f 2068/2068 2091/2091 2074/2074
f 2074/2074 2091/2091 2097/2097
f 1373/1373 1286/1286 1279/1279
f 1286/1286 1281/1281 1279/1279
f 1281/1281 1280/1280 1277/1277
f 1283/1283 1276/1276 1280/1280
f 1283/1283 1330/1330 1276/1276
f 1330/1330 1388/1388 1523/1523
f 5509/5509 5492/5492 5491/5491
f 3911/3911 3885/3885 3872/3872
f 3800/3800 3885/3885 3803/3803
f 1147/1147 1145/1145 1387/1387
f 1148/1148 1146/1146 1147/1147
f 1147/1147 1146/1146 1145/1145
f 1148/1148 1090/1090 1146/1146
f 1090/1090 1073/1073 1074/1074
f 1073/1073 1059/1059 1074/1074
f 1034/1034 1059/1059 1073/1073
f 1034/1034 1039/1039 1059/1059
f 1034/1034 1030/1030 1038/1038
f 1034/1034 1038/1038 1039/1039
f 1030/1030 1037/1037 1038/1038
f 1969/1969 1964/1964 1979/1979
f 1031/1031 1072/1072 1037/1037
f 3758/3758 3732/3732 3761/3761
f 1989/1989 1956/1956 1969/1969
f 1970/1970 1959/1959 1971/1971
f 8073/8073 8092/8092 8076/8076
f 6362/6362 6307/6307 6296/6296
f 8045/8045 8038/8038 8073/8073
f 3601/3601 3603/3603 3610/3610
f 8037/8037 8038/8038 8032/8032
f 8032/8032 8038/8038 8045/8045
f 3647/3647 3671/3671 3672/3672
f 8032/8032 8026/8026 8037/8037
f 6306/6306 6263/6263 6262/6262
f 8132/8132 8133/8133 8129/8129
f 8134/8134 8130/8130 8129/8129
f 8028/8028 8025/8025 8022/8022
f 6285/6285 6258/6258 6256/6256
f 6256/6256 6258/6258 6257/6257
f 6256/6256 6257/6257 6253/6253
f 8311/8311 8314/8314 8313/8313
f 6979/6979 6966/6966 6981/6981
f 8129/8129 8130/8130 8120/8120
f 8123/8123 8120/8120 8072/8072
f 8072/8072 8086/8086 8066/8066
f 8072/8072 8066/8066 8071/8071
f 8071/8071 8066/8066 8051/8051
f 7564/7564 7556/7556 7563/7563
f 7101/7101 7077/7077 7097/7097
f 5089/5089 5091/5091 5090/5090
f 5194/5194 5195/5195 5196/5196
f 5158/5158 5045/5045 5159/5159
f 6724/6724 6725/6725 6597/6597
f 7604/7604 7540/7540 7539/7539
f 1485/1485 1446/1446 1484/1484
f 1484/1484 1446/1446 1366/1366
f 1484/1484 1366/1366 1448/1448
f 1448/1448 1366/1366 1244/1244
f 1448/1448 1244/1244 1207/1207
f 1244/1244 1203/1203 1207/1207
f 1244/1244 1189/1189 1203/1203
f 1189/1189 1182/1182 1203/1203
f 1203/1203 1182/1182 1181/1181
f 7653/7653 7714/7714 7721/7721
f 1499/1499 1458/1458 1446/1446
f 6420/6420 6429/6429 6377/6377
f 1533/1533 1458/1458 1499/1499
f 1181/1181 1182/1182 1178/1178
f 1533/1533 1480/1480 1458/1458
f 1182/1182 1186/1186 1185/1185
f 1182/1182 1185/1185 1178/1178
f 6376/6376 6377/6377 6374/6374
f 6376/6376 6374/6374 6375/6375
f 1186/1186 1252/1252 1342/1342
f 1186/1186 1342/1342 1185/1185
f 1469/1469 1416/1416 1470/1470
f 1459/1459 1429/1429 1428/1428
f 1264/1264 1221/1221 1223/1223
f 1264/1264 1223/1223 1243/1243
f 1221/1221 1222/1222 1223/1223
f 1414/1414 1422/1422 1424/1424
f 1424/1424 1422/1422 1429/1429
f 1222/1222 1505/1505 1506/1506
f 2038/2038 2040/2040 2041/2041
f 2061/2061 2047/2047 2059/2059
f 2081/2081 2061/2061 2059/2059
f 2047/2047 2046/2046 2059/2059
f 2045/2045 2046/2046 2042/2042
f 2045/2045 2042/2042 2038/2038
f 2044/2044 2040/2040 2072/2072
f 1516/1516 1374/1374 1373/1373
f 1516/1516 1373/1373 1488/1488
f 5509/5509 5487/5487 5492/5492
f 3800/3800 3798/3798 3885/3885
f 5459/5459 5503/5503 5460/5460
f 3794/3794 3796/3796 3797/3797
f 1150/1150 1148/1148 1149/1149
f 1149/1149 1148/1148 1147/1147
f 1150/1150 1091/1091 1148/1148
f 1148/1148 1091/1091 1090/1090
f 1091/1091 1065/1065 1090/1090
f 1065/1065 1073/1073 1090/1090
f 1032/1032 1034/1034 1065/1065
f 1065/1065 1034/1034 1073/1073
f 1032/1032 1029/1029 1034/1034
f 1034/1034 1029/1029 1030/1030
f 1979/1979 1964/1964 1986/1986
f 1981/1981 1989/1989 1969/1969
f 1981/1981 1969/1969 1979/1979
f 1964/1964 1970/1970 1986/1986
f 1029/1029 1028/1028 1030/1030
f 1028/1028 1027/1027 1031/1031
f 1959/1959 1962/1962 1967/1967
f 1027/1027 1049/1049 1031/1031
f 3751/3751 3729/3729 3758/3758
f 6308/6308 6247/6247 6306/6306
f 6307/6307 6308/6308 6306/6306
f 3603/3603 3613/3613 3647/3647
f 3613/3613 3671/3671 3647/3647
f 6306/6306 6247/6247 6263/6263
f 8026/8026 8035/8035 8037/8037
f 8133/8133 8134/8134 8129/8129
f 2001/2001 1905/1905 1994/1994
f 8025/8025 8035/8035 8026/8026
f 7667/7667 7580/7580 7579/7579
f 7580/7580 7556/7556 7579/7579
f 8120/8120 8086/8086 8072/8072
f 8051/8051 8066/8066 8050/8050
f 8051/8051 8050/8050 8030/8030
f 7077/7077 7078/7078 7079/7079
f 2905/2905 2906/2906 2908/2908
f 5098/5098 5099/5099 5091/5091
f 4273/4273 4274/4274 4269/4269
f 5044/5044 5046/5046 5045/5045
f 7526/7526 7531/7531 7530/7530
f 1446/1446 1247/1247 1366/1366
f 1366/1366 1200/1200 1244/1244
f 1366/1366 1247/1247 1200/1200
f 1200/1200 1190/1190 1244/1244
f 1190/1190 1189/1189 1244/1244
f 1458/1458 1262/1262 1446/1446
f 1446/1446 1262/1262 1247/1247
f 1190/1190 1187/1187 1189/1189
f 1187/1187 1182/1182 1189/1189
f 1187/1187 1186/1186 1182/1182
f 1480/1480 1359/1359 1458/1458
f 1458/1458 1359/1359 1262/1262
f 1187/1187 1188/1188 1186/1186
f 1188/1188 1195/1195 1252/1252
f 1188/1188 1252/1252 1186/1186
f 5538/5538 5540/5540 5535/5535
f 1480/1480 1459/1459 1392/1392
f 1480/1480 1392/1392 1359/1359
f 1195/1195 1543/1543 1252/1252
f 6375/6375 6371/6371 6372/6372
f 1459/1459 1260/1260 1392/1392
f 1258/1258 1221/1221 1464/1464
f 1464/1464 1221/1221 1264/1264
f 1428/1428 1260/1260 1459/1459
f 1258/1258 1218/1218 1221/1221
f 1416/1416 1469/1469 1411/1411
f 1218/1218 1219/1219 1221/1221
f 1219/1219 1222/1222 1221/1221
f 2042/2042 2039/2039 2038/2038
f 2038/2038 2039/2039 2040/2040
f 1411/1411 1408/1408 1414/1414
f 1416/1416 1411/1411 1414/1414
f 1408/1408 1422/1422 1414/1414
f 1429/1429 1422/1422 1428/1428
f 1219/1219 1505/1505 1222/1222
f 2083/2083 2075/2075 2065/2065
f 2083/2083 2065/2065 2081/2081
f 2081/2081 2065/2065 2061/2061
f 2046/2046 2047/2047 2042/2042
f 2039/2039 2079/2079 2040/2040
f 2040/2040 2079/2079 2072/2072
f 2079/2079 2095/2095 2091/2091
f 2079/2079 2091/2091 2072/2072
f 1374/1374 1335/1335 1373/1373
f 1335/1335 1286/1286 1373/1373
f 1283/1283 1320/1320 1330/1330
f 1320/1320 1388/1388 1330/1330
f 1320/1320 1326/1326 1388/1388
f 3861/3861 3830/3830 3872/3872
f 5504/5504 5487/5487 5509/5509
f 1149/1149 1151/1151 1150/1150
f 5459/5459 5436/5436 5475/5475
f 1151/1151 1152/1152 1150/1150
f 1150/1150 1152/1152 1091/1091
f 1077/1077 1065/1065 1091/1091
f 2005/2005 1979/1979 1986/1986
f 1026/1026 1029/1029 1032/1032
f 6362/6362 6360/6360 6309/6309
f 1986/1986 1970/1970 1990/1990
f 1970/1970 1971/1971 1988/1988
f 1990/1990 1970/1970 1988/1988
f 1026/1026 1023/1023 1027/1027
f 1026/1026 1027/1027 1028/1028
f 1026/1026 1028/1028 1029/1029
f 6309/6309 6308/6308 6307/6307
f 6362/6362 6309/6309 6307/6307
f 1023/1023 1049/1049 1027/1027
f 1734/1734 1702/1702 1718/1718
f 1071/1071 1049/1049 1023/1023
f 1993/1993 1994/1994 1905/1905
f 6252/6252 6253/6253 6251/6251
f 8311/8311 8313/8313 8312/8312
f 8310/8310 8311/8311 8312/8312
f 8025/8025 8036/8036 8035/8035
f 7675/7675 7580/7580 7667/7667
f 8025/8025 8033/8033 8036/8036
f 6966/6966 6746/6746 6747/6747
f 1775/1775 1697/1697 1777/1777
f 8028/8028 8033/8033 8025/8025
f 8030/8030 8046/8046 8033/8033
f 8030/8030 8033/8033 8028/8028
f 8030/8030 8050/8050 8046/8046
f 5093/5093 5091/5091 5099/5099
f 4276/4276 4274/4274 4273/4273
f 5091/5091 5092/5092 5090/5090
f 4269/4269 4274/4274 4268/4268
f 5427/5427 5425/5425 5426/5426
f 5533/5533 5519/5519 5593/5593
f 5149/5149 5047/5047 5044/5044
f 5045/5045 5160/5160 5159/5159
f 4607/4607 4609/4609 4620/4620
f 7639/7639 7640/7640 7531/7531
f 7530/7530 7531/7531 7532/7532
f 7530/7530 7532/7532 7540/7540
f 7653/7653 7539/7539 7652/7652
f 7653/7653 7652/7652 7714/7714
f 1247/1247 1198/1198 1200/1200
f 1200/1200 1191/1191 1190/1190
f 1191/1191 1187/1187 1190/1190
f 7714/7714 7652/7652 7717/7717
f 6429/6429 6424/6424 6377/6377
f 1262/1262 1205/1205 1247/1247
f 1247/1247 1205/1205 1198/1198
f 1198/1198 1191/1191 1200/1200
f 6424/6424 6374/6374 6377/6377
f 1359/1359 1240/1240 1262/1262
f 1262/1262 1240/1240 1205/1205
f 1191/1191 1196/1196 1195/1195
f 1191/1191 1195/1195 1187/1187
f 1187/1187 1195/1195 1188/1188
f 1359/1359 1212/1212 1240/1240
f 1196/1196 1527/1527 1195/1195
f 1359/1359 1392/1392 1212/1212
f 1392/1392 1260/1260 1212/1212
f 1196/1196 1550/1550 1527/1527
f 1266/1266 1258/1258 1199/1199
f 1199/1199 1464/1464 1196/1196
f 1253/1253 1216/1216 1218/1218
f 1266/1266 1218/1218 1258/1258
f 1216/1216 1215/1215 1217/1217
f 1216/1216 1217/1217 1218/1218
f 1215/1215 1381/1381 1217/1217
f 1217/1217 1219/1219 1218/1218
f 6372/6372 6371/6371 6370/6370
f 1469/1469 1425/1425 1411/1411
f 1428/1428 1368/1368 1260/1260
f 1381/1381 1386/1386 1217/1217
f 1381/1381 1511/1511 1386/1386
f 1217/1217 1386/1386 1219/1219
f 1386/1386 1505/1505 1219/1219
f 2083/2083 2084/2084 2075/2075
f 2061/2061 2064/2064 2047/2047
f 2047/2047 2064/2064 2063/2063
f 2063/2063 2062/2062 2047/2047
f 2047/2047 2062/2062 2042/2042
f 2062/2062 2073/2073 2042/2042
f 2042/2042 2073/2073 2039/2039
f 2039/2039 2073/2073 2079/2079
f 1422/1422 1368/1368 1428/1428
f 2079/2079 2093/2093 2095/2095
f 1422/1422 1410/1410 1368/1368
f 1396/1396 1374/1374 1516/1516
f 1408/1408 1410/1410 1422/1422
f 1335/1335 1285/1285 1286/1286
f 1286/1286 1285/1285 1281/1281
f 1285/1285 1282/1282 1281/1281
f 1282/1282 1280/1280 1281/1281
f 1282/1282 1283/1283 1280/1280
f 1326/1326 1492/1492 1388/1388
f 3796/3796 3938/3938 3894/3894
f 3796/3796 3894/3894 3798/3798
f 3795/3795 3938/3938 3796/3796
f 5451/5451 5475/5475 5436/5436
f 3791/3791 3788/3788 3795/3795
f 1086/1086 1152/1152 1151/1151
f 1078/1078 1077/1077 1152/1152
f 1086/1086 1078/1078 1152/1152
f 1152/1152 1077/1077 1091/1091
f 1443/1443 1447/1447 1442/1442
f 1442/1442 1476/1476 1445/1445
f 1445/1445 1476/1476 1495/1495
f 1040/1040 1065/1065 1077/1077
f 1443/1443 1475/1475 1447/1447
f 1447/1447 1450/1450 1442/1442
f 1442/1442 1450/1450 1476/1476
f 2005/2005 1986/1986 1990/1990
f 1040/1040 1032/1032 1065/1065
f 1040/1040 1022/1022 1032/1032
f 1022/1022 1026/1026 1032/1032
f 1988/1988 1971/1971 1985/1985
f 1022/1022 1023/1023 1026/1026
f 3726/3726 3725/3725 3727/3727
f 6308/6308 6246/6246 6247/6247
f 3613/3613 3650/3650 3671/3671
f 1839/1839 1701/1701 1734/1734
f 6237/6237 6252/6252 6251/6251
f 6251/6251 6263/6263 6247/6247
f 8135/8135 8134/8134 8133/8133
f 7675/7675 7676/7676 7580/7580
f 8035/8035 8074/8074 8037/8037
f 1905/1905 1900/1900 1999/1999
f 1900/1900 1777/1777 1855/1855
f 8134/8134 8138/8138 8130/8130
f 8033/8033 8068/8068 8036/8036
f 8130/8130 8138/8138 8120/8120
f 8120/8120 8110/8110 8086/8086
f 8086/8086 8110/8110 8066/8066
f 8110/8110 8075/8075 8066/8066
f 8066/8066 8075/8075 8050/8050
f 8050/8050 8075/8075 8046/8046
f 7563/7563 7612/7612 7613/7613
f 5093/5093 5092/5092 5091/5091
f 4274/4274 4281/4281 4268/4268
f 5533/5533 5523/5523 5519/5519
f 5044/5044 5047/5047 5046/5046
f 7540/7540 7532/7532 7539/7539
f 1205/1205 1197/1197 1198/1198
f 1198/1198 1197/1197 1191/1191
f 1240/1240 1208/1208 1205/1205
f 1205/1205 1208/1208 1197/1197
f 1197/1197 1196/1196 1191/1191
f 1199/1199 1196/1196 1197/1197
f 1240/1240 1212/1212 1208/1208
f 1208/1208 1210/1210 1197/1197
f 1210/1210 1199/1199 1197/1197
f 1212/1212 1211/1211 1208/1208
f 1208/1208 1211/1211 1210/1210
f 1253/1253 1266/1266 1210/1210
f 1210/1210 1266/1266 1199/1199
f 1260/1260 1220/1220 1213/1213
f 1260/1260 1213/1213 1212/1212
f 1212/1212 1213/1213 1211/1211
f 1210/1210 1211/1211 1216/1216
f 1210/1210 1216/1216 1253/1253
f 6375/6375 6374/6374 6371/6371
f 1213/1213 1214/1214 1211/1211
f 1211/1211 1214/1214 1215/1215
f 1211/1211 1215/1215 1216/1216
f 1213/1213 1220/1220 1214/1214
f 1214/1214 1270/1270 1215/1215
f 1260/1260 1271/1271 1220/1220
f 1270/1270 1381/1381 1215/1215
f 1260/1260 1368/1368 1271/1271
f 2085/2085 2078/2078 2084/2084
f 2084/2084 2078/2078 2075/2075
f 2078/2078 2071/2071 2075/2075
f 2075/2075 2071/2071 2065/2065
f 2065/2065 2071/2071 2070/2070
f 2065/2065 2064/2064 2061/2061
f 2065/2065 2070/2070 2064/2064
f 2073/2073 2093/2093 2079/2079
f 1396/1396 1328/1328 1374/1374
f 1411/1411 1425/1425 1406/1406
f 1411/1411 1406/1406 1408/1408
f 1406/1406 1402/1402 1408/1408
f 1408/1408 1402/1402 1410/1410
f 1410/1410 1399/1399 1368/1368
f 1328/1328 1335/1335 1374/1374
f 1402/1402 1399/1399 1410/1410
f 1284/1284 1283/1283 1282/1282
f 1287/1287 1320/1320 1283/1283
f 1284/1284 1287/1287 1283/1283
f 1287/1287 1326/1326 1320/1320
f 1087/1087 1085/1085 1084/1084
f 1087/1087 1084/1084 1086/1086
f 3782/3782 3787/3787 3788/3788
f 1084/1084 1078/1078 1086/1086
f 1078/1078 1040/1040 1077/1077
f 6360/6360 6310/6310 6309/6309
f 1024/1024 1022/1022 1040/1040
f 6309/6309 6246/6246 6308/6308
f 1985/1985 1967/1967 1987/1987
f 1022/1022 1020/1020 1023/1023
f 3596/3596 3573/3573 3567/3567
f 1020/1020 1025/1025 1023/1023
f 3613/3613 3602/3602 3650/3650
f 1995/1995 1993/1993 1999/1999
f 1856/1856 1722/1722 1839/1839
f 3752/3752 3731/3731 3726/3726
f 6237/6237 6251/6251 6235/6235
f 6235/6235 6251/6251 6247/6247
f 8135/8135 8136/8136 8134/8134
f 1861/1861 1696/1696 1856/1856
f 1856/1856 1696/1696 1722/1722
f 3763/3763 3731/3731 3752/3752
f 8074/8074 8095/8095 8037/8037
f 8134/8134 8136/8136 8137/8137
f 1082/1082 1079/1079 1046/1046
f 1046/1046 1079/1079 1013/1013
f 1847/1847 1696/1696 1861/1861
f 1079/1079 1080/1080 1013/1013
f 1847/1847 1714/1714 1696/1696
f 7580/7580 7555/7555 7556/7556
f 8046/8046 8078/8078 8033/8033
f 8033/8033 8078/8078 8068/8068
f 8120/8120 8128/8128 8110/8110
f 7077/7077 7073/7073 7078/7078
f 5095/5095 5093/5093 5099/5099
f 4276/4276 4277/4277 4274/4274
f 5426/5426 5425/5425 5424/5424
f 5197/5197 5200/5200 5195/5195
f 5045/5045 5046/5046 5053/5053
f 5045/5045 5053/5053 5054/5054
f 5045/5045 5054/5054 5160/5160
f 5227/5227 5229/5229 5228/5228
f 6589/6589 6591/6591 6596/6596
f 7652/7652 7539/7539 7591/7591
f 7652/7652 7718/7718 7717/7717
f 6424/6424 6432/6432 6374/6374
f 6374/6374 6373/6373 6371/6371
f 1269/1269 1382/1382 1270/1270
f 1214/1214 1269/1269 1270/1270
f 1382/1382 1502/1502 1381/1381
f 1270/1270 1382/1382 1381/1381
f 1381/1381 1502/1502 1511/1511
f 2064/2064 2070/2070 2063/2063
f 2070/2070 2088/2088 2063/2063
f 2063/2063 2088/2088 2062/2062
f 2062/2062 2088/2088 2096/2096
f 2062/2062 2096/2096 2073/2073
f 2073/2073 2096/2096 2093/2093
f 6371/6371 6373/6373 6352/6352
f 6371/6371 6352/6352 6370/6370
f 1271/1271 1269/1269 1220/1220
f 1220/1220 1269/1269 1214/1214
f 2078/2078 2087/2087 2071/2071
f 1462/1462 1333/1333 1396/1396
f 1396/1396 1333/1333 1328/1328
f 1420/1420 1406/1406 1425/1425
f 6370/6370 6352/6352 6369/6369
f 1368/1368 1371/1371 1271/1271
f 1328/1328 1306/1306 1335/1335
f 1406/1406 1403/1403 1402/1402
f 1399/1399 1398/1398 1368/1368
f 1306/1306 1285/1285 1335/1335
f 1406/1406 1420/1420 1403/1403
f 1403/1403 1401/1401 1402/1402
f 1402/1402 1401/1401 1399/1399
f 1399/1399 1401/1401 1400/1400
f 1399/1399 1400/1400 1398/1398
f 1306/1306 1288/1288 1284/1284
f 1306/1306 1284/1284 1285/1285
f 1285/1285 1284/1284 1282/1282
f 1287/1287 1304/1304 1326/1326
f 1304/1304 1340/1340 1326/1326
f 3867/3867 3840/3840 3861/3861
f 1340/1340 1492/1492 1326/1326
f 1340/1340 1483/1483 1492/1492
f 5507/5507 5493/5493 5474/5474
f 5535/5535 5536/5536 5537/5537
f 3788/3788 3931/3931 3938/3938
f 3788/3788 3938/3938 3795/3795
f 1417/1417 1443/1443 1442/1442
f 1417/1417 1442/1442 1418/1418
f 1417/1417 1423/1423 1443/1443
f 1418/1418 1442/1442 1445/1445
f 1418/1418 1445/1445 1508/1508
f 1508/1508 1445/1445 1509/1509
f 1075/1075 1084/1084 1085/1085
f 3784/3784 3780/3780 3787/3787
f 1423/1423 1475/1475 1443/1443
f 6361/6361 6311/6311 6360/6360
f 2012/2012 1990/1990 2008/2008
f 1075/1075 1070/1070 1084/1084
f 6311/6311 6310/6310 6360/6360
f 1084/1084 1070/1070 1033/1033
f 1033/1033 1041/1041 1084/1084
f 1084/1084 1041/1041 1078/1078
f 1041/1041 1040/1040 1078/1078
f 1990/1990 1988/1988 2008/2008
f 1041/1041 1024/1024 1040/1040
f 6310/6310 6236/6236 6309/6309
f 1988/1988 1985/1985 2006/2006
f 1024/1024 1000/1000 1022/1022
f 6309/6309 6236/6236 6246/6246
f 1000/1000 999/999 1020/1020
f 1000/1000 1020/1020 1022/1022
f 3602/3602 3606/3606 3650/3650
f 1002/1002 1003/1003 999/999
f 1003/1003 1020/1020 999/999
f 1083/1083 1082/1082 1047/1047
f 3731/3731 3720/3720 3722/3722
f 6234/6234 6237/6237 6235/6235
f 1082/1082 1046/1046 1047/1047
f 6990/6990 7000/7000 6989/6989
f 1047/1047 1046/1046 1015/1015
f 1004/1004 1005/1005 1002/1002
f 1002/1002 1005/1005 1003/1003
f 7676/7676 7555/7555 7580/7580
f 1046/1046 1013/1013 1015/1015
f 1015/1015 1013/1013 1012/1012
f 1012/1012 1013/1013 1004/1004
f 1004/1004 1006/1006 1005/1005
f 1013/1013 1006/1006 1004/1004
f 3750/3750 3731/3731 3763/3763
f 8078/8078 8100/8100 8068/8068
f 7555/7555 7554/7554 7556/7556
f 3760/3760 3759/3759 3757/3757
f 7556/7556 7554/7554 7563/7563
f 7103/7103 7075/7075 7101/7101
f 7101/7101 7075/7075 7077/7077
f 2901/2901 2907/2907 2902/2902
f 2901/2901 2902/2902 2903/2903
f 5095/5095 5094/5094 5093/5093
f 7591/7591 7669/7669 7652/7652
f 7652/7652 7669/7669 7715/7715
f 7652/7652 7715/7715 7718/7718
f 6432/6432 6431/6431 6374/6374
f 6431/6431 6373/6373 6374/6374
f 2087/2087 2086/2086 2071/2071
f 2071/2071 2086/2086 2070/2070
f 2086/2086 2088/2088 2070/2070
f 1269/1269 1383/1383 1382/1382
f 2085/2085 2092/2092 2078/2078
f 2092/2092 2087/2087 2078/2078
f 1367/1367 1333/1333 1462/1462
f 1271/1271 1371/1371 1269/1269
f 1269/1269 1371/1371 1383/1383
f 1333/1333 1307/1307 1328/1328
f 1368/1368 1380/1380 1371/1371
f 1307/1307 1306/1306 1328/1328
f 1368/1368 1398/1398 1380/1380
f 6352/6352 6314/6314 6369/6369
f 1400/1400 1380/1380 1398/1398
f 1419/1419 1404/1404 1403/1403
f 1420/1420 1419/1419 1403/1403
f 1403/1403 1404/1404 1401/1401
f 1405/1405 1413/1413 1401/1401
f 1401/1401 1413/1413 1400/1400
f 1404/1404 1405/1405 1401/1401
f 1289/1289 1287/1287 1288/1288
f 1288/1288 1287/1287 1284/1284
f 1419/1419 1421/1421 1404/1404
f 1405/1405 1415/1415 1413/1413
f 1289/1289 1303/1303 1304/1304
f 1289/1289 1304/1304 1287/1287
f 1404/1404 1409/1409 1407/1407
f 1404/1404 1421/1421 1409/1409
f 1404/1404 1407/1407 1405/1405
f 1405/1405 1412/1412 1415/1415
f 3859/3859 3840/3840 3867/3867
f 1407/1407 1412/1412 1405/1405
f 1412/1412 1436/1436 1415/1415
f 5540/5540 5536/5536 5535/5535
f 1409/1409 1417/1417 1407/1407
f 1412/1412 1418/1418 1436/1436
f 1417/1417 1418/1418 1412/1412
f 1407/1407 1417/1417 1412/1412
f 5493/5493 5495/5495 5453/5453
f 3938/3938 3893/3893 3894/3894
f 1409/1409 1423/1423 1417/1417
f 6408/6408 6312/6312 6361/6361
f 6312/6312 6311/6311 6361/6361
f 5435/5435 5473/5473 5433/5433
f 3787/3787 3931/3931 3788/3788
f 1508/1508 1509/1509 1521/1521
f 5445/5445 5450/5450 5430/5430
f 3780/3780 3889/3889 3787/3787
f 1069/1069 1042/1042 1070/1070
f 1069/1069 1070/1070 1075/1075
f 1042/1042 1035/1035 1070/1070
f 1035/1035 1033/1033 1070/1070
f 1521/1521 1509/1509 1522/1522
f 2008/2008 1988/1988 2006/2006
f 1035/1035 1000/1000 1033/1033
f 1033/1033 1000/1000 1024/1024
f 1033/1033 1024/1024 1041/1041
f 6310/6310 6240/6240 6236/6236
f 3555/3555 3562/3562 3567/3567
f 1985/1985 1987/1987 1997/1997
f 1001/1001 999/999 998/998
f 998/998 999/999 1000/1000
f 1007/1007 1001/1001 1008/1008
f 6234/6234 6235/6235 6236/6236
f 6236/6236 6235/6235 6246/6246
f 1987/1987 1995/1995 1996/1996
f 1997/1997 1987/1987 1996/1996
f 1001/1001 1002/1002 999/999
f 7676/7676 7683/7683 7555/7555
f 1017/1017 1083/1083 1047/1047
f 1047/1047 1015/1015 1016/1016
f 1016/1016 1015/1015 1012/1012
f 1007/1007 1004/1004 1001/1001
f 1004/1004 1002/1002 1001/1001
f 3606/3606 3666/3666 3650/3650
f 1012/1012 1004/1004 1007/1007
f 2902/2902 2904/2904 2903/2903
f 5093/5093 5094/5094 5092/5092
f 4736/4736 4735/4735 4741/4741
f 5593/5593 5519/5519 5592/5592
f 5046/5046 5049/5049 5053/5053
f 4609/4609 4606/4606 4618/4618
f 5538/5538 5592/5592 5594/5594
f 7531/7531 7534/7534 7533/7533
f 7531/7531 7533/7533 7532/7532
f 5538/5538 5539/5539 5540/5540
f 6430/6430 6373/6373 6431/6431
f 7715/7715 7669/7669 7716/7716
f 6430/6430 6352/6352 6373/6373
f 2099/2099 2086/2086 2087/2087
f 2099/2099 2094/2094 2086/2086
f 2088/2088 2103/2103 2096/2096
f 1481/1481 1449/1449 1367/1367
f 1481/1481 1367/1367 1462/1462
f 1382/1382 1507/1507 1502/1502
f 2092/2092 2100/2100 2087/2087
f 1367/1367 1327/1327 1333/1333
f 1382/1382 1383/1383 1507/1507
f 1327/1327 1307/1307 1333/1333
f 1380/1380 1437/1437 1371/1371
f 1437/1437 1455/1455 1371/1371
f 6352/6352 6351/6351 6314/6314
f 1380/1380 1431/1431 1437/1437
f 1307/1307 1290/1290 1306/1306
f 1290/1290 1288/1288 1306/1306
f 1380/1380 1400/1400 1431/1431
f 6314/6314 6415/6415 6369/6369
f 1400/1400 1430/1430 1431/1431
f 1400/1400 1413/1413 1430/1430
f 6314/6314 6410/6410 6415/6415
f 1413/1413 1415/1415 1433/1433
f 1413/1413 1433/1433 1430/1430
f 1303/1303 1315/1315 1304/1304
f 6410/6410 6314/6314 6312/6312
f 1415/1415 1436/1436 1433/1433
f 6312/6312 6408/6408 6410/6410
f 1315/1315 1483/1483 1340/1340
f 1315/1315 1332/1332 1483/1483
f 1418/1418 1444/1444 1436/1436
f 1436/1436 1444/1444 1435/1435
f 1418/1418 1508/1508 1444/1444
f 3931/3931 3869/3869 3893/3893
f 6312/6312 6241/6241 6311/6311
f 1508/1508 1521/1521 1444/1444
f 5473/5473 5432/5432 5433/5433
f 3787/3787 3887/3887 3931/3931
f 3889/3889 3887/3887 3787/3787
f 6311/6311 6241/6241 6310/6310
f 5447/5447 5476/5476 5445/5445
f 3739/3739 3889/3889 3780/3780
f 1044/1044 1043/1043 1042/1042
f 5476/5476 5452/5452 5479/5479
f 6310/6310 6241/6241 6240/6240
f 1043/1043 1010/1010 1042/1042
f 1010/1010 1045/1045 1036/1036
f 1010/1010 1036/1036 1009/1009
f 1010/1010 998/998 1042/1042
f 998/998 1000/1000 1035/1035
f 1042/1042 998/998 1035/1035
f 1011/1011 1008/1008 1009/1009
f 1010/1010 1009/1009 1001/1001
f 1001/1001 998/998 1010/1010
f 6238/6238 6236/6236 6239/6239
f 6239/6239 6236/6236 6240/6240
f 2006/2006 1997/1997 2016/2016
f 1011/1011 1014/1014 1008/1008
f 1009/1009 1008/1008 1001/1001
f 5537/5537 5536/5536 5577/5577
f 7683/7683 7679/7679 7557/7557
f 1014/1014 1016/1016 1012/1012
f 1014/1014 1012/1012 1008/1008
f 6238/6238 6234/6234 6236/6236
f 1017/1017 1016/1016 1014/1014
f 6998/6998 6990/6990 6864/6864
f 7683/7683 7557/7557 7555/7555
f 6990/6990 6748/6748 6864/6864
f 3728/3728 3723/3723 3720/3720
f 5536/5536 5581/5581 5577/5577
f 7554/7554 7577/7577 7563/7563
f 7563/7563 7577/7577 7612/7612
f 7103/7103 7074/7074 7075/7075
f 5425/5425 5423/5423 5424/5424
f 5047/5047 5048/5048 5046/5046
f 5046/5046 5048/5048 5049/5049
f 5054/5054 5053/5053 5056/5056
f 5054/5054 5056/5056 5154/5154
f 4618/4618 4606/4606 4608/4608
f 4618/4618 4608/4608 4617/4617
f 7532/7532 7533/7533 7539/7539
f 7533/7533 7541/7541 7539/7539
f 7539/7539 7541/7541 7591/7591
f 7591/7591 7592/7592 7669/7669
f 7669/7669 7670/7670 7716/7716
f 7669/7669 7592/7592 7670/7670
f 2086/2086 2094/2094 2088/2088
f 6430/6430 6260/6260 6352/6352
f 7716/7716 7670/7670 7723/7723
f 2100/2100 2099/2099 2087/2087
f 2088/2088 2094/2094 2103/2103
f 1449/1449 1358/1358 1367/1367
f 6260/6260 6351/6351 6352/6352
f 1367/1367 1358/1358 1327/1327
f 1383/1383 1371/1371 1455/1455
f 1383/1383 1455/1455 1498/1498
f 1383/1383 1498/1498 1507/1507
f 1327/1327 1309/1309 1307/1307
f 1437/1437 1440/1440 1455/1455
f 1309/1309 1290/1290 1307/1307
f 6351/6351 6255/6255 6314/6314
f 1437/1437 1431/1431 1440/1440
f 1290/1290 1289/1289 1288/1288
f 6255/6255 6245/6245 6314/6314
f 1303/1303 1310/1310 1315/1315
f 6314/6314 6245/6245 6312/6312
f 1436/1436 1435/1435 1433/1433
f 6312/6312 6245/6245 6244/6244
f 1310/1310 1332/1332 1315/1315
f 1379/1379 1517/1517 1332/1332
f 3869/3869 3859/3859 3893/3893
f 5505/5505 5473/5473 5517/5517
f 6312/6312 6244/6244 6241/6241
f 6242/6242 6250/6250 6239/6239
f 3552/3552 3570/3570 3550/3550
f 6239/6239 6240/6240 6241/6241
f 6242/6242 6239/6239 6241/6241
f 1521/1521 1522/1522 1092/1092
f 1018/1018 1011/1011 1036/1036
f 6250/6250 6238/6238 6239/6239
f 1019/1019 1014/1014 1018/1018
f 1018/1018 1014/1014 1011/1011
f 1089/1089 1017/1017 1048/1048
f 1092/1092 1089/1089 1048/1048
f 1048/1048 1017/1017 1021/1021
f 1021/1021 1017/1017 1014/1014
f 1021/1021 1014/1014 1019/1019
f 6973/6973 6864/6864 6847/6847
f 6864/6864 6748/6748 6700/6700
f 3770/3770 3771/3771 3766/3766
f 7557/7557 7548/7548 7555/7555
f 7548/7548 7554/7554 7555/7555
f 7104/7104 7074/7074 7103/7103
f 7074/7074 7069/7069 7075/7075
f 5577/5577 5581/5581 5582/5582
f 7070/7070 7068/7068 7071/7071
f 5104/5104 5102/5102 5094/5094
f 5056/5056 5153/5153 5154/5154
f 6824/6824 6715/6715 6707/6707
f 7591/7591 7541/7541 7592/7592
f 7670/7670 7592/7592 7576/7576
f 1496/1496 1449/1449 1497/1497
f 1507/1507 1460/1460 1496/1496
f 1358/1358 1317/1317 1327/1327
f 1455/1455 1467/1467 1498/1498
f 1498/1498 1467/1467 1507/1507
f 1317/1317 1309/1309 1327/1327
f 6260/6260 6255/6255 6351/6351
f 1440/1440 1468/1468 1455/1455
f 1309/1309 1296/1296 1290/1290
f 1431/1431 1438/1438 1440/1440
f 1430/1430 1432/1432 1431/1431
f 1431/1431 1432/1432 1438/1438
f 1291/1291 1289/1289 1290/1290
f 1291/1291 1292/1292 1289/1289
f 1292/1292 1303/1303 1289/1289
f 1430/1430 1433/1433 1432/1432
f 1292/1292 1310/1310 1303/1303
f 1433/1433 1435/1435 1434/1434
f 1433/1433 1434/1434 1432/1432
f 1432/1432 1434/1434 1439/1439
f 1310/1310 1316/1316 1332/1332
f 1316/1316 1379/1379 1332/1332
f 5540/5540 5539/5539 5536/5536
f 1435/1435 1444/1444 1434/1434
f 1444/1444 1461/1461 1434/1434
f 1500/1500 1461/1461 1444/1444
f 3887/3887 3856/3856 3869/3869
f 6243/6243 6241/6241 6244/6244
f 5449/5449 5432/5432 5505/5505
f 6248/6248 6242/6242 6243/6243
f 6243/6243 6242/6242 6241/6241
f 6248/6248 6250/6250 6242/6242
f 1521/1521 1491/1491 1500/1500
f 3889/3889 3739/3739 3857/3857
f 3889/3889 3857/3857 3887/3887
f 7679/7679 7680/7680 7558/7558
f 3561/3561 3571/3571 3575/3575
f 1521/1521 1092/1092 1491/1491
f 7679/7679 7558/7558 7557/7557
f 1048/1048 1021/1021 1081/1081
f 3765/3765 3942/3942 3756/3756
f 3768/3768 3920/3920 3765/3765
f 5102/5102 5101/5101 5094/5094
f 5101/5101 5127/5127 5092/5092
f 5094/5094 5101/5101 5092/5092
f 4799/4799 4798/4798 4800/4800
f 5049/5049 5056/5056 5053/5053
f 5594/5594 5539/5539 5538/5538
f 7541/7541 7576/7576 7592/7592
f 1496/1496 1460/1460 1376/1376
f 1496/1496 1376/1376 1449/1449
f 1507/1507 1467/1467 1460/1460
f 1331/1331 1314/1314 1358/1358
f 1314/1314 1317/1317 1358/1358
f 1455/1455 1457/1457 1467/1467
f 1317/1317 1296/1296 1309/1309
f 7670/7670 7673/7673 7723/7723
f 7670/7670 7576/7576 7673/7673
f 6260/6260 6254/6254 6255/6255
f 1440/1440 1438/1438 1468/1468
f 1296/1296 1291/1291 1290/1290
f 6254/6254 6245/6245 6255/6255
f 6254/6254 6249/6249 6245/6245
f 1432/1432 1439/1439 1438/1438
f 1434/1434 1456/1456 1439/1439
f 1292/1292 1316/1316 1310/1310
f 6248/6248 6243/6243 6245/6245
f 6249/6249 6248/6248 6245/6245
f 6245/6245 6243/6243 6244/6244
f 3545/3545 3544/3544 3546/3546
f 7680/7680 7649/7649 7558/7558
f 1434/1434 1461/1461 1456/1456
f 1316/1316 1463/1463 1379/1379
f 1316/1316 1494/1494 1463/1463
f 3856/3856 3846/3846 3851/3851
f 1461/1461 1500/1500 1490/1490
f 1500/1500 1491/1491 1490/1490
f 3857/3857 3856/3856 3887/3887
f 1491/1491 1092/1092 1093/1093
f 5462/5462 5490/5490 5481/5481
f 1092/1092 1048/1048 1093/1093
f 1093/1093 1048/1048 1094/1094
f 1048/1048 1081/1081 1094/1094
f 5508/5508 5499/5499 5486/5486
f 3756/3756 3866/3866 3755/3755
f 3755/3755 3866/3866 3747/3747
f 3765/3765 3920/3920 3942/3942
f 7558/7558 7548/7548 7557/7557
f 3914/3914 3919/3919 3769/3769
f 4731/4731 4730/4730 4736/4736
f 5423/5423 5420/5420 5424/5424
f 5519/5519 5522/5522 5592/5592
f 6596/6596 6591/6591 6598/6598
f 4608/4608 4610/4610 4617/4617
f 7534/7534 7546/7546 7533/7533
f 7533/7533 7542/7542 7541/7541
f 7541/7541 7542/7542 7576/7576
f 3712/3712 3711/3711 3706/3706
f 1449/1449 1376/1376 1331/1331
f 1449/1449 1331/1331 1358/1358
f 1460/1460 1352/1352 1376/1376
f 1455/1455 1468/1468 1457/1457
f 1314/1314 1296/1296 1317/1317
f 7576/7576 7578/7578 7673/7673
f 3563/3563 3574/3574 3565/3565
f 1438/1438 1439/1439 1441/1441
f 1293/1293 1292/1292 1291/1291
f 7673/7673 7578/7578 7649/7649
f 1293/1293 1302/1302 1292/1292
f 1302/1302 1316/1316 1292/1292
f 1302/1302 1338/1338 1316/1316
f 7649/7649 7578/7578 7558/7558
f 1461/1461 1454/1454 1456/1456
f 1338/1338 1494/1494 1316/1316
f 1461/1461 1490/1490 1454/1454
f 1351/1351 1494/1494 1338/1338
f 3857/3857 3847/3847 3856/3856
f 5518/5518 5464/5464 5514/5514
f 7558/7558 7578/7578 7548/7548
f 5490/5490 5496/5496 5482/5482
f 5490/5490 5482/5482 5481/5481
f 3866/3866 3854/3854 3857/3857
f 3866/3866 3857/3857 3747/3747
f 3916/3916 3879/3879 3756/3756
f 3756/3756 3879/3879 3866/3866
f 3927/3927 3925/3925 3914/3914
f 3932/3932 3939/3939 3920/3920
f 3939/3939 3907/3907 3920/3920
f 3920/3920 3907/3907 3916/3916
f 3920/3920 3916/3916 3942/3942
f 7548/7548 7553/7553 7554/7554
f 7553/7553 7577/7577 7554/7554
f 7638/7638 7646/7646 7577/7577
f 7104/7104 7076/7076 7074/7074
f 7076/7076 7072/7072 7074/7074
f 5581/5581 5583/5583 5582/5582
f 5104/5104 5105/5105 5102/5102
f 5583/5583 5618/5618 5582/5582
f 4730/4730 4729/4729 4734/4734
f 5522/5522 5525/5525 5592/5592
f 5049/5049 5057/5057 5056/5056
f 5056/5056 5057/5057 5153/5153
f 5592/5592 5525/5525 5594/5594
f 5153/5153 5057/5057 5132/5132
f 5057/5057 5131/5131 5132/5132
f 7534/7534 7663/7663 7546/7546
f 7546/7546 7543/7543 7533/7533
f 1467/1467 1363/1363 1460/1460
f 1363/1363 1352/1352 1460/1460
f 1376/1376 1352/1352 1336/1336
f 1376/1376 1336/1336 1331/1331
f 1336/1336 1312/1312 1331/1331
f 1457/1457 1350/1350 1363/1363
f 1457/1457 1363/1363 1467/1467
f 1331/1331 1312/1312 1314/1314
f 1312/1312 1295/1295 1314/1314
f 1457/1457 1468/1468 1350/1350
f 1314/1314 1295/1295 1296/1296
f 1468/1468 1438/1438 1350/1350
f 1438/1438 1441/1441 1350/1350
f 7576/7576 7542/7542 7578/7578
f 1295/1295 1291/1291 1296/1296
f 1441/1441 1439/1439 1451/1451
f 1456/1456 1454/1454 1385/1385
f 1302/1302 1322/1322 1338/1338
f 1490/1490 1397/1397 1454/1454
f 1322/1322 1345/1345 1351/1351
f 1322/1322 1351/1351 1338/1338
f 1490/1490 1491/1491 1397/1397
f 1491/1491 1093/1093 1397/1397
f 1093/1093 1477/1477 1397/1397
f 1395/1395 1520/1520 1345/1345
f 1345/1345 1520/1520 1351/1351
f 3578/3578 3615/3615 3571/3571
f 1093/1093 1094/1094 1477/1477
f 1477/1477 1094/1094 1510/1510
f 3925/3925 3932/3932 3919/3919
f 7548/7548 7547/7547 7553/7553
f 7105/7105 7076/7076 7104/7104
f 7065/7065 7066/7066 7067/7067
f 5102/5102 5103/5103 5101/5101
f 5048/5048 5050/5050 5049/5049
f 5050/5050 5051/5051 5049/5049
f 5049/5049 5051/5051 5057/5057
f 7546/7546 7663/7663 7643/7643
f 7533/7533 7543/7543 7542/7542
f 7542/7542 7543/7543 7544/7544
f 1363/1363 1350/1350 1339/1339
f 1363/1363 1339/1339 1325/1325
f 1363/1363 1325/1325 1352/1352
f 1352/1352 1325/1325 1336/1336
f 1325/1325 1312/1312 1336/1336
f 1297/1297 1295/1295 1312/1312
f 1441/1441 1372/1372 1350/1350
f 1297/1297 1294/1294 1295/1295
f 1294/1294 1291/1291 1295/1295
f 1441/1441 1451/1451 1372/1372
f 1294/1294 1293/1293 1291/1291
f 1451/1451 1385/1385 1372/1372
f 1294/1294 1301/1301 1302/1302
f 1294/1294 1302/1302 1293/1293
f 1451/1451 1456/1456 1385/1385
f 5539/5539 5541/5541 5536/5536
f 7578/7578 7542/7542 7548/7548
f 1301/1301 1322/1322 1302/1302
f 3579/3579 3621/3621 3578/3578
f 1454/1454 1365/1365 1385/1385
f 1301/1301 1321/1321 1322/1322
f 1454/1454 1397/1397 1365/1365
f 1321/1321 1345/1345 1322/1322
f 3578/3578 3617/3617 3615/3615
f 1477/1477 1394/1394 1397/1397
f 1356/1356 1466/1466 1334/1334
f 1334/1334 1466/1466 1395/1395
f 1334/1334 1395/1395 1345/1345
f 1477/1477 1510/1510 1394/1394
f 1394/1394 1510/1510 1466/1466
f 1394/1394 1466/1466 1356/1356
f 3858/3858 3853/3853 3854/3854
f 3907/3907 3858/3858 3916/3916
f 3932/3932 3903/3903 3939/3939
f 3939/3939 3903/3903 3907/3907
f 5103/5103 5105/5105 5106/5106
f 5103/5103 5141/5141 5101/5101
f 4731/4731 4728/4728 4730/4730
f 4730/4730 4728/4728 4729/4729
f 4798/4798 4804/4804 4805/4805
f 5131/5131 5057/5057 5130/5130
f 4610/4610 4611/4611 4619/4619
f 1350/1350 1318/1318 1339/1339
f 1339/1339 1318/1318 1325/1325
f 1318/1318 1305/1305 1325/1325
f 1325/1325 1305/1305 1312/1312
f 1312/1312 1305/1305 1297/1297
f 1350/1350 1372/1372 1319/1319
f 1350/1350 1319/1319 1318/1318
f 1305/1305 1298/1298 1297/1297
f 1298/1298 1294/1294 1297/1297
f 1372/1372 1324/1324 1319/1319
f 1298/1298 1299/1299 1294/1294
f 1372/1372 1385/1385 1324/1324
f 1299/1299 1301/1301 1294/1294
f 7542/7542 7544/7544 7547/7547
f 7542/7542 7547/7547 7548/7548
f 1385/1385 1365/1365 1324/1324
f 1299/1299 1313/1313 1301/1301
f 1313/1313 1321/1321 1301/1301
f 1365/1365 1397/1397 1329/1329
f 1323/1323 1334/1334 1313/1313
f 1313/1313 1334/1334 1321/1321
f 1323/1323 1356/1356 1334/1334
f 1397/1397 1394/1394 1329/1329
f 1329/1329 1394/1394 1323/1323
f 1323/1323 1394/1394 1356/1356
f 5130/5130 5057/5057 5058/5058
f 5130/5130 5058/5058 5107/5107
f 7543/7543 7546/7546 7552/7552
f 1319/1319 1308/1308 1318/1318
f 1318/1318 1308/1308 1305/1305
f 1308/1308 1298/1298 1305/1305
f 1324/1324 1311/1311 1319/1319
f 1319/1319 1311/1311 1308/1308
f 1308/1308 1311/1311 1300/1300
f 1308/1308 1300/1300 1298/1298
f 1300/1300 1299/1299 1298/1298
f 1324/1324 1329/1329 1311/1311
f 1311/1311 1329/1329 1323/1323
f 1311/1311 1323/1323 1300/1300
f 1300/1300 1313/1313 1299/1299
f 1365/1365 1329/1329 1324/1324
f 1323/1323 1313/1313 1300/1300
f 7632/7632 7638/7638 7553/7553
f 8342/8342 8336/8336 8337/8337
f 5108/5108 5103/5103 5106/5106
f 5108/5108 5109/5109 5103/5103
f 5109/5109 5141/5141 5103/5103
f 5526/5526 5527/5527 5525/5525
f 5525/5525 5527/5527 5594/5594
f 5051/5051 5050/5050 5052/5052
f 5051/5051 5052/5052 5057/5057
f 5057/5057 5052/5052 5058/5058
f 5107/5107 5058/5058 5073/5073
f 7546/7546 7643/7643 7552/7552
f 7105/7105 7106/7106 7076/7076
f 7106/7106 7109/7109 7076/7076
f 8342/8342 8353/8353 8336/8336
f 5581/5581 5584/5584 5583/5583
f 4733/4733 4722/4722 4728/4728
f 4055/4055 4053/4053 4065/4065
f 5594/5594 5609/5609 5539/5539
f 5073/5073 5058/5058 5063/5063
f 4611/4611 4593/4593 4612/4612
f 4619/4619 4612/4612 4621/4621
f 7543/7543 7552/7552 7545/7545
f 7543/7543 7545/7545 7544/7544
f 7544/7544 7549/7549 7547/7547
f 5541/5541 5608/5608 5536/5536
f 7107/7107 7106/7106 7105/7105
f 5595/5595 5584/5584 5581/5581
f 5108/5108 5111/5111 5110/5110
f 5108/5108 5110/5110 5109/5109
f 4732/4732 4722/4722 4733/4733
f 5584/5584 5638/5638 5583/5583
f 5527/5527 5530/5530 5594/5594
f 5052/5052 5059/5059 5058/5058
f 5058/5058 5059/5059 5063/5063
f 5063/5063 5059/5059 5062/5062
f 4612/4612 4614/4614 4621/4621
f 5539/5539 5614/5614 5541/5541
f 5615/5615 5608/5608 5541/5541
f 7545/7545 7549/7549 7544/7544
f 7547/7547 7549/7549 7553/7553
f 7549/7549 7606/7606 7553/7553
f 7553/7553 7606/7606 7632/7632
f 5581/5581 5536/5536 5607/5607
f 7106/7106 7112/7112 7109/7109
f 5607/5607 5595/5595 5581/5581
f 4718/4718 4722/4722 4732/4732
f 7337/7337 7336/7336 7332/7332
f 4065/4065 4053/4053 4049/4049
f 5052/5052 5060/5060 5059/5059
f 5539/5539 5609/5609 5614/5614
f 4612/4612 4613/4613 4614/4614
f 5614/5614 5615/5615 5541/5541
f 7545/7545 7598/7598 7549/7549
f 7606/7606 7674/7674 7632/7632
f 7107/7107 7108/7108 7106/7106
f 5536/5536 5608/5608 5607/5607
f 7108/7108 7110/7110 7106/7106
f 7106/7106 7110/7110 7112/7112
f 5114/5114 5112/5112 5113/5113
f 5113/5113 5112/5112 5111/5111
f 5112/5112 5110/5110 5111/5111
f 4737/4737 4719/4719 4732/4732
f 4719/4719 4718/4718 4732/4732
f 5584/5584 5595/5595 5635/5635
f 5635/5635 5638/5638 5584/5584
f 5594/5594 5530/5530 5609/5609
f 5060/5060 5061/5061 5059/5059
f 5059/5059 5061/5061 5062/5062
f 5061/5061 5064/5064 5062/5062
f 4614/4614 4613/4613 4615/4615
f 4621/4621 4614/4614 4622/4622
f 5615/5615 5622/5622 5608/5608
f 7549/7549 7598/7598 7606/7606
f 7108/7108 7111/7111 7110/7110
f 5608/5608 5622/5622 5607/5607
f 4718/4718 4719/4719 4720/4720
f 5530/5530 5649/5649 5609/5609
f 5060/5060 5152/5152 5061/5061
f 5609/5609 5649/5649 5614/5614
f 5061/5061 5065/5065 5064/5064
f 5614/5614 5625/5625 5615/5615
f 5064/5064 5065/5065 5066/5066
f 4615/4615 4616/4616 4614/4614
f 4616/4616 4622/4622 4614/4614
f 7664/7664 7648/7648 7552/7552
f 7552/7552 7648/7648 7545/7545
f 5630/5630 5631/5631 5615/5615
f 5615/5615 5631/5631 5622/5622
f 7545/7545 7648/7648 7647/7647
f 7545/7545 7647/7647 7598/7598
f 5622/5622 5631/5631 5632/5632
f 7598/7598 7647/7647 7606/7606
f 7606/7606 7647/7647 7674/7674
f 7108/7108 7113/7113 7111/7111
f 5622/5622 5632/5632 5607/5607
f 5116/5116 5115/5115 5114/5114
f 5114/5114 5115/5115 5112/5112
f 4738/4738 4724/4724 4737/4737
f 5607/5607 5636/5636 5595/5595
f 4724/4724 4719/4719 4737/4737
f 5636/5636 5635/5635 5595/5595
f 5614/5614 5649/5649 5657/5657
f 5614/5614 5657/5657 5626/5626
f 5626/5626 5625/5625 5614/5614
f 5615/5615 5625/5625 5630/5630
f 5066/5066 5065/5065 5067/5067
f 7647/7647 7708/7708 7674/7674
f 7674/7674 7708/7708 7712/7712
f 5123/5123 5119/5119 5117/5117
f 5632/5632 5633/5633 5607/5607
f 5117/5117 5118/5118 5115/5115
f 5117/5117 5115/5115 5116/5116
f 5117/5117 5116/5116 5122/5122
f 5061/5061 5152/5152 5068/5068
f 5061/5061 5068/5068 5065/5065
f 5625/5625 5644/5644 5630/5630
f 5065/5065 5070/5070 5067/5067
f 5065/5065 5068/5068 5069/5069
f 5065/5065 5069/5069 5070/5070
f 5644/5644 5642/5642 5630/5630
f 4622/4622 4629/4629 4630/4630
f 4629/4629 4631/4631 4630/4630
f 5630/5630 5642/5642 5631/5631
f 4631/4631 4633/4633 4632/4632
f 4630/4630 4631/4631 4632/4632
f 5631/5631 5642/5642 5643/5643
f 4633/4633 4634/4634 4632/4632
f 5631/5631 5643/5643 5632/5632
f 5121/5121 5120/5120 5119/5119
f 5632/5632 5643/5643 5646/5646
f 5119/5119 5120/5120 5118/5118
f 5119/5119 5118/5118 5117/5117
f 5632/5632 5646/5646 5633/5633
f 4739/4739 4725/4725 4738/4738
f 5633/5633 5641/5641 5607/5607
f 5607/5607 5641/5641 5636/5636
f 4738/4738 4725/4725 4724/4724
f 7326/7326 7329/7329 7327/7327
f 5626/5626 5627/5627 5625/5625
f 5625/5625 5627/5627 5645/5645
f 5625/5625 5645/5645 5644/5644
f 5068/5068 5071/5071 5069/5069
f 5069/5069 5163/5163 5164/5164
f 5163/5163 5177/5177 5164/5164
f 8348/8348 8350/8350 8346/8346
f 5120/5120 5125/5125 5118/5118
f 7330/7330 7333/7333 7334/7334
f 4740/4740 4725/4725 4739/4739
f 5646/5646 5647/5647 5633/5633
f 7755/7755 7750/7750 7754/7754
f 6493/6493 6498/6498 6497/6497
f 5627/5627 5660/5660 5645/5645
f 5644/5644 5650/5650 5656/5656
f 5644/5644 5656/5656 5655/5655
f 5071/5071 5163/5163 5069/5069
f 5644/5644 5655/5655 5642/5642
f 5642/5642 5655/5655 5653/5653
f 8354/8354 8355/8355 8356/8356
f 5642/5642 5653/5653 5643/5643
f 8348/8348 8351/8351 8350/8350
f 5643/5643 5651/5651 5646/5646
f 5643/5643 5653/5653 5651/5651
f 5120/5120 5166/5166 5125/5125
f 1603/1603 1577/1577 1582/1582
f 1603/1603 1582/1582 1607/1607
f 5646/5646 5651/5651 5647/5647
f 5647/5647 5648/5648 5633/5633
f 7749/7749 7750/7750 7752/7752
f 5633/5633 5648/5648 5641/5641
f 5071/5071 5168/5168 5165/5165
f 5071/5071 5165/5165 5163/5163
f 7912/7912 7910/7910 7911/7911
f 7910/7910 7908/7908 7911/7911
f 5163/5163 5165/5165 5166/5166
f 5166/5166 5165/5165 5167/5167
f 7908/7908 7909/7909 7905/7905
f 1582/1582 1578/1578 1612/1612
f 7908/7908 7905/7905 7906/7906
f 1577/1577 1578/1578 1582/1582
f 5651/5651 5648/5648 5647/5647
f 1680/1680 1664/1664 1665/1665
f 7913/7913 7914/7914 7912/7912
f 7913/7913 7912/7912 7911/7911
f 7910/7910 7909/7909 7908/7908
f 5165/5165 5168/5168 5167/5167
f 5167/5167 5169/5169 5166/5166
f 1577/1577 1575/1575 1576/1576
f 1577/1577 1576/1576 1578/1578
f 7905/7905 7900/7900 7906/7906
f 7900/7900 7907/7907 7906/7906
f 7740/7740 7742/7742 7749/7749
f 7742/7742 7744/7744 7753/7753
f 1665/1665 1673/1673 1682/1682
f 1665/1665 1660/1660 1673/1673
f 5170/5170 5169/5169 5168/5168
f 5168/5168 5169/5169 5167/5167
f 1577/1577 1591/1591 1575/1575
f 7902/7902 7900/7900 7905/7905
f 7741/7741 7744/7744 7742/7742
f 7740/7740 7741/7741 7742/7742
f 7914/7914 7915/7915 7912/7912
f 7914/7914 7916/7916 7915/7915
f 5175/5175 5171/5171 5168/5168
f 5168/5168 5171/5171 5170/5170
f 7915/7915 7910/7910 7912/7912
f 7994/7994 7995/7995 7988/7988
f 5170/5170 5171/5171 5172/5172
f 5170/5170 5172/5172 5169/5169
f 7915/7915 7904/7904 7909/7909
f 7915/7915 7909/7909 7910/7910
f 7996/7996 7983/7983 7988/7988
f 7995/7995 7996/7996 7988/7988
f 7996/7996 7997/7997 7983/7983
f 7904/7904 7905/7905 7909/7909
f 7997/7997 7984/7984 7983/7983
f 1604/1604 1574/1574 1611/1611
f 7904/7904 7902/7902 7905/7905
f 1604/1604 1576/1576 1574/1574
f 7904/7904 7898/7898 7902/7902
f 7902/7902 7898/7898 7900/7900
f 1649/1649 1659/1659 1660/1660
f 5179/5179 5171/5171 5175/5175
f 1640/1640 1675/1675 1639/1639
f 7998/7998 7985/7985 7941/7941
f 7998/7998 7941/7941 7976/7976
f 7916/7916 7987/7987 7915/7915
f 7994/7994 7988/7988 7986/7986
f 7986/7986 7988/7988 7975/7975
f 7986/7986 7975/7975 7947/7947
f 7947/7947 7945/7945 7986/7986
f 7986/7986 7945/7945 7985/7985
f 7945/7945 7946/7946 7985/7985
f 7985/7985 7946/7946 7941/7941
f 7941/7941 7937/7937 7976/7976
f 7937/7937 7938/7938 7976/7976
f 7938/7938 7939/7939 7976/7976
f 7946/7946 7936/7936 7941/7941
f 7941/7941 7936/7936 7937/7937
f 7987/7987 7990/7990 7915/7915
f 7942/7942 7936/7936 7946/7946
f 7945/7945 7942/7942 7946/7946
f 7988/7988 7983/7983 7975/7975
f 7936/7936 7934/7934 7937/7937
f 7939/7939 7931/7931 7928/7928
f 7938/7938 7931/7931 7939/7939
f 7990/7990 7904/7904 7915/7915
f 7983/7983 7948/7948 7975/7975
f 7975/7975 7948/7948 7947/7947
f 5171/5171 5178/5178 5172/5172
f 7937/7937 7932/7932 7938/7938
f 7945/7945 7944/7944 7942/7942
f 7936/7936 7935/7935 7934/7934
f 7934/7934 7932/7932 7937/7937
f 7938/7938 7932/7932 7931/7931
f 7948/7948 7944/7944 7947/7947
f 7947/7947 7944/7944 7945/7945
f 7944/7944 7943/7943 7942/7942
f 7942/7942 7943/7943 7935/7935
f 7942/7942 7935/7935 7936/7936
f 7931/7931 7932/7932 7930/7930
f 7935/7935 7933/7933 7934/7934
f 7934/7934 7933/7933 7932/7932
f 7930/7930 7928/7928 7931/7931
f 7990/7990 7901/7901 7904/7904
f 7983/7983 7984/7984 7948/7948
f 7928/7928 7930/7930 7929/7929
f 7932/7932 7933/7933 7930/7930
f 7944/7944 7948/7948 7972/7972
f 7944/7944 7972/7972 7943/7943
f 7972/7972 7935/7935 7943/7943
f 1576/1576 1575/1575 1574/1574
f 7984/7984 7993/7993 7948/7948
f 7948/7948 7993/7993 7972/7972
f 1574/1574 1572/1572 1595/1595
f 1595/1595 1572/1572 1569/1569
f 7972/7972 7992/7992 7935/7935
f 1595/1595 1569/1569 1596/1596
f 1596/1596 1569/1569 1559/1559
f 7935/7935 7992/7992 7933/7933
f 1559/1559 1579/1579 1596/1596
f 7933/7933 7992/7992 7930/7930
f 1579/1579 1580/1580 1596/1596
f 7930/7930 7992/7992 7929/7929
f 7992/7992 8001/8001 7929/7929
f 7901/7901 7898/7898 7904/7904
f 7901/7901 7899/7899 7898/7898
f 7743/7743 7741/7741 7740/7740
f 7898/7898 7899/7899 7900/7900
f 7741/7741 7745/7745 7744/7744
f 1632/1632 1639/1639 1650/1650
f 1632/1632 1650/1650 1630/1630
f 1650/1650 1636/1636 1630/1630
f 1653/1653 1677/1677 1654/1654
f 1654/1654 1677/1677 1683/1683
f 7939/7939 7940/7940 8002/8002
f 8002/8002 7940/7940 7991/7991
f 7940/7940 7924/7924 7991/7991
f 7991/7991 7924/7924 7980/7980
f 7989/7989 7977/7977 7978/7978
f 7989/7989 7978/7978 7979/7979
f 7979/7979 7987/7987 7916/7916
f 7939/7939 7925/7925 7940/7940
f 7925/7925 7922/7922 7940/7940
f 7940/7940 7922/7922 7924/7924
f 7924/7924 7955/7955 7958/7958
f 7924/7924 7958/7958 7980/7980
f 7980/7980 7958/7958 7977/7977
f 7977/7977 7958/7958 7959/7959
f 7977/7977 7959/7959 7978/7978
f 7959/7959 7960/7960 7978/7978
f 7978/7978 7960/7960 7979/7979
f 7979/7979 7960/7960 7973/7973
f 7979/7979 7973/7973 7987/7987
f 88/88 82/82 86/86
f 7955/7955 7957/7957 7958/7958
f 7958/7958 7953/7953 7959/7959
f 7959/7959 7953/7953 7960/7960
f 7960/7960 7953/7953 7961/7961
f 7928/7928 7925/7925 7939/7939
f 7922/7922 7919/7919 7923/7923
f 7922/7922 7923/7923 7924/7924
f 7960/7960 7961/7961 7962/7962
f 7960/7960 7962/7962 7973/7973
f 7962/7962 7974/7974 7973/7973
f 7973/7973 7974/7974 7987/7987
f 7925/7925 7919/7919 7922/7922
f 7974/7974 7990/7990 7987/7987
f 7926/7926 7917/7917 7925/7925
f 7925/7925 7917/7917 7919/7919
f 7955/7955 7923/7923 7956/7956
f 7955/7955 7956/7956 7957/7957
f 7953/7953 7952/7952 7961/7961
f 7923/7923 7955/7955 7924/7924
f 7958/7958 7954/7954 7953/7953
f 7954/7954 7950/7950 7953/7953
f 7953/7953 7950/7950 7952/7952
f 7952/7952 7951/7951 7961/7961
f 7957/7957 7956/7956 7958/7958
f 7928/7928 7926/7926 7925/7925
f 7962/7962 7970/7970 7974/7974
f 7951/7951 7963/7963 7961/7961
f 7961/7961 7964/7964 7962/7962
f 7974/7974 7970/7970 7990/7990
f 7962/7962 7964/7964 7970/7970
f 7923/7923 7949/7949 7956/7956
f 7950/7950 7951/7951 7952/7952
f 7917/7917 7918/7918 7919/7919
f 7918/7918 7920/7920 7919/7919
f 7949/7949 7969/7969 7956/7956
f 5178/5178 5176/5176 5172/5172
f 7919/7919 7920/7920 7921/7921
f 7919/7919 7921/7921 7923/7923
f 7951/7951 7965/7965 7963/7963
f 7961/7961 7963/7963 7964/7964
f 7964/7964 7971/7971 7970/7970
f 7926/7926 7918/7918 7917/7917
f 7921/7921 7949/7949 7923/7923
f 7950/7950 7967/7967 7951/7951
f 7970/7970 7971/7971 7990/7990
f 7929/7929 7927/7927 7928/7928
f 7928/7928 7927/7927 7926/7926
f 7926/7926 7927/7927 7918/7918
f 7967/7967 7965/7965 7951/7951
f 7963/7963 7966/7966 7964/7964
f 7968/7968 7967/7967 7950/7950
f 7963/7963 7965/7965 7966/7966
f 7971/7971 7901/7901 7990/7990
f 7964/7964 7966/7966 7971/7971
f 7967/7967 7981/7981 7965/7965
f 7965/7965 7981/7981 7966/7966
f 7981/7981 7982/7982 7966/7966
f 7966/7966 7982/7982 7971/7971
f 1575/1575 1573/1573 1574/1574
f 1573/1573 1572/1572 1574/1574
f 1569/1569 1557/1557 1559/1559
f 1559/1559 1557/1557 1554/1554
f 1559/1559 1554/1554 1579/1579
f 1579/1579 1554/1554 1580/1580
f 1554/1554 1553/1553 1580/1580
f 1580/1580 1553/1553 1555/1555
f 7929/7929 8001/8001 7927/7927
f 7927/7927 8001/8001 7999/7999
f 1580/1580 1555/1555 1585/1585
f 7927/7927 7999/7999 7918/7918
f 7918/7918 7999/7999 7920/7920
f 7920/7920 7999/7999 7921/7921
f 1585/1585 1586/1586 1608/1608
f 1608/1608 1586/1586 1597/1597
f 7982/7982 7903/7903 7971/7971
f 1588/1588 1589/1589 1590/1590
f 7971/7971 7903/7903 7901/7901
f 7903/7903 7899/7899 7901/7901
f 7743/7743 7745/7745 7741/7741
f 7956/7956 7954/7954 7958/7958
f 7956/7956 7969/7969 7968/7968
f 7956/7956 7968/7968 7954/7954
f 7954/7954 7968/7968 7950/7950
f 1573/1573 1571/1571 1572/1572
f 1572/1572 1571/1571 1569/1569
f 1569/1569 1571/1571 1570/1570
f 1569/1569 1570/1570 1557/1557
f 1557/1557 1556/1556 1554/1554
f 1556/1556 1551/1551 1554/1554
f 1554/1554 1551/1551 1553/1553
f 1555/1555 1561/1561 1585/1585
f 1585/1585 1561/1561 1586/1586
f 1586/1586 1561/1561 1563/1563
f 1586/1586 1563/1563 1597/1597
f 1563/1563 1564/1564 1597/1597
f 7949/7949 8000/8000 7969/7969
f 1597/1597 1564/1564 1594/1594
f 7969/7969 8000/8000 7968/7968
f 7968/7968 8000/8000 7967/7967
f 1594/1594 1564/1564 1567/1567
f 1594/1594 1593/1593 1606/1606
f 1594/1594 1567/1567 1593/1593
f 1606/1606 1593/1593 1592/1592
f 1567/1567 1568/1568 1592/1592
f 1593/1593 1567/1567 1592/1592
f 1592/1592 1568/1568 1588/1588
f 1588/1588 1568/1568 1587/1587
f 1588/1588 1587/1587 1589/1589
f 7747/7747 7746/7746 7743/7743
f 7746/7746 7745/7745 7743/7743
f 1623/1623 1622/1622 1635/1635
f 66/66 56/56 67/67
f 1605/1605 1581/1581 1573/1573
f 1573/1573 1581/1581 1571/1571
f 1581/1581 1584/1584 1571/1571
f 1571/1571 1584/1584 1570/1570
f 1584/1584 1558/1558 1570/1570
f 1570/1570 1558/1558 1557/1557
f 1557/1557 1558/1558 1556/1556
f 1558/1558 1551/1551 1556/1556
f 1551/1551 1552/1552 1553/1553
f 1553/1553 1552/1552 1555/1555
f 1555/1555 1552/1552 1560/1560
f 1555/1555 1560/1560 1561/1561
f 1561/1561 1560/1560 1562/1562
f 1561/1561 1562/1562 1563/1563
f 1563/1563 1562/1562 1564/1564
f 1562/1562 1565/1565 1564/1564
f 1564/1564 1565/1565 1566/1566
f 1564/1564 1566/1566 1567/1567
f 1567/1567 1566/1566 1568/1568
f 1568/1568 1566/1566 1583/1583
f 1568/1568 1583/1583 1587/1587
f 7748/7748 7746/7746 7747/7747
f 42/42 45/45 81/81
f 81/81 45/45 89/89
f 1609/1609 1601/1601 1551/1551
f 1558/1558 1609/1609 1551/1551
f 1551/1551 1601/1601 1552/1552
f 1552/1552 1601/1601 1598/1598
f 1552/1552 1598/1598 1560/1560
f 1560/1560 1598/1598 1562/1562
f 1562/1562 1598/1598 1599/1599
f 1599/1599 1600/1600 1562/1562
f 1562/1562 1600/1600 1565/1565
f 1565/1565 1600/1600 1566/1566
f 1600/1600 1602/1602 1566/1566
f 1566/1566 1602/1602 1583/1583
f 10/10 12/12 11/11
f 11/11 12/12 84/84
f 1598/1598 1610/1610 1599/1599
f 1599/1599 1610/1610 1600/1600
f 12/12 55/55 85/85
f 4198/4198 4208/4208 4173/4173
f 4208/4208 4218/4218 4191/4191
f 4173/4173 4208/4208 4191/4191
f 5184/5184 5190/5190 5182/5182
f 4174/4174 4219/4219 4230/4230
f 4174/4174 4230/4230 4198/4198
f 4174/4174 4198/4198 4173/4173
f 5598/5598 5551/5551 5550/5550
f 4173/4173 4191/4191 4166/4166
f 4166/4166 4191/4191 4192/4192
f 4171/4171 4229/4229 4219/4219
f 4171/4171 4219/4219 4174/4174
f 4169/4169 4174/4174 4173/4173
f 4166/4166 4192/4192 4167/4167
f 4171/4171 4174/4174 4169/4169
f 4166/4166 4169/4169 4173/4173
f 4184/4184 4229/4229 4171/4171
f 4166/4166 4167/4167 4108/4108
f 4168/4168 4167/4167 4190/4190
f 5187/5187 5186/5186 5188/5188
f 4170/4170 4171/4171 4169/4169
f 4169/4169 4166/4166 4165/4165
f 4108/4108 4167/4167 4168/4168
f 4168/4168 4190/4190 4189/4189
f 4184/4184 4171/4171 4172/4172
f 4172/4172 4171/4171 4170/4170
f 4165/4165 4166/4166 4108/4108
f 4109/4109 4168/4168 4189/4189
f 4109/4109 4189/4189 4188/4188
f 4183/4183 4184/4184 4172/4172
f 4170/4170 4169/4169 4165/4165
f 4109/4109 4188/4188 4187/4187
f 4182/4182 4183/4183 4172/4172
f 6520/6520 6519/6519 6523/6523
f 6523/6523 6519/6519 6521/6521
f 6519/6519 6518/6518 6521/6521
f 6524/6524 6525/6525 6520/6520
f 6524/6524 6520/6520 6523/6523
f 6524/6524 6523/6523 6521/6521
f 6521/6521 6518/6518 6522/6522
f 6518/6518 6530/6530 6522/6522
f 2925/2925 2927/2927 2926/2926
f 2926/2926 2927/2927 2928/2928
f 6526/6526 6525/6525 6524/6524
f 6522/6522 6524/6524 6521/6521
f 6530/6530 6783/6783 6522/6522
f 6528/6528 6526/6526 6527/6527
f 6527/6527 6526/6526 6524/6524
f 6522/6522 6783/6783 6668/6668
f 6783/6783 6779/6779 6668/6668
f 4108/4108 4168/4168 4109/4109
f 4111/4111 4109/4109 4187/4187
f 2924/2924 2925/2925 2926/2926
f 6529/6529 6528/6528 6527/6527
f 6522/6522 6668/6668 6666/6666
f 6668/6668 6779/6779 6667/6667
f 6779/6779 6813/6813 6667/6667
f 4179/4179 4182/4182 4172/4172
f 4170/4170 4165/4165 4172/4172
f 6672/6672 6522/6522 6675/6675
f 6522/6522 6666/6666 6675/6675
f 6668/6668 6667/6667 6666/6666
f 6667/6667 6813/6813 6757/6757
f 4110/4110 4109/4109 4111/4111
f 4711/4711 4702/4702 4701/4701
f 4243/4243 4245/4245 4244/4244
f 6529/6529 6531/6531 6528/6528
f 6556/6556 6524/6524 6672/6672
f 4439/4439 4431/4431 4433/4433
f 6524/6524 6522/6522 6672/6672
f 6462/6462 6457/6457 6463/6463
f 4178/4178 4226/4226 4179/4179
f 6560/6560 6880/6880 6531/6531
f 6560/6560 6531/6531 6529/6529
f 4179/4179 4172/4172 4176/4176
f 6527/6527 6524/6524 6529/6529
f 3995/3995 3996/3996 3994/3994
f 3994/3994 3996/3996 3997/3997
f 4164/4164 4165/4165 4108/4108
f 4328/4328 4329/4329 4327/4327
f 4328/4328 4327/4327 4326/4326
f 4326/4326 4327/4327 4314/4314
f 4326/4326 4314/4314 4319/4319
f 4108/4108 4109/4109 4104/4104
f 6666/6666 6667/6667 6665/6665
f 6667/6667 6757/6757 6665/6665
f 6665/6665 6757/6757 6751/6751
f 2930/2930 2924/2924 2929/2929
f 4235/4235 4243/4243 4242/4242
f 4956/4956 4920/4920 5128/5128
f 3993/3993 3995/3995 3994/3994
f 4357/4357 4359/4359 4354/4354
f 4359/4359 4355/4355 4354/4354
f 6556/6556 6672/6672 6678/6678
f 4175/4175 4172/4172 4164/4164
f 4164/4164 4172/4172 4165/4165
f 4354/4354 4355/4355 4351/4351
f 4351/4351 4355/4355 4328/4328
f 4351/4351 4328/4328 4356/4356
f 4356/4356 4328/4328 4326/4326
f 4356/4356 4326/4326 4319/4319
f 6881/6881 6880/6880 6560/6560
f 6555/6555 6529/6529 6524/6524
f 3985/3985 3993/3993 3992/3992
f 6555/6555 6524/6524 6556/6556
f 4360/4360 4357/4357 4358/4358
f 4357/4357 4354/4354 4353/4353
f 4358/4358 4357/4357 4353/4353
f 4353/4353 4354/4354 4351/4351
f 4351/4351 4356/4356 4348/4348
f 4348/4348 4356/4356 4319/4319
f 4348/4348 4319/4319 4323/4323
f 4323/4323 4312/4312 4320/4320
f 4312/4312 4313/4313 4310/4310
f 6663/6663 6666/6666 6665/6665
f 6665/6665 6751/6751 6664/6664
f 6664/6664 6751/6751 6806/6806
f 4178/4178 4179/4179 4176/4176
f 6555/6555 6560/6560 6529/6529
f 3986/3986 3985/3985 3987/3987
f 3987/3987 3992/3992 4013/4013
f 3992/3992 4015/4015 4013/4013
f 7791/7791 7787/7787 7790/7790
f 6674/6674 6672/6672 6675/6675
f 4164/4164 4108/4108 4104/4104
f 4349/4349 4348/4348 4352/4352
f 4352/4352 4348/4348 4323/4323
f 6663/6663 6665/6665 6664/6664
f 6559/6559 6881/6881 6560/6560
f 6553/6553 6560/6560 6555/6555
f 4946/4946 4956/4956 4957/4957
f 3986/3986 3987/3987 4002/4002
f 3987/3987 4013/4013 4014/4014
f 4002/4002 3987/3987 4014/4014
f 4014/4014 4013/4013 4017/4017
f 4352/4352 4323/4323 4361/4361
f 4361/4361 4323/4323 4362/4362
f 4362/4362 4323/4323 4320/4320
f 6673/6673 6675/6675 6666/6666
f 6664/6664 6806/6806 6662/6662
f 2936/2936 2930/2930 2935/2935
f 4232/4232 4235/4235 4233/4233
f 6559/6559 6560/6560 6553/6553
f 3989/3989 3984/3984 3988/3988
f 3986/3986 4002/4002 4012/4012
f 3988/3988 3986/3986 4012/4012
f 4012/4012 4002/4002 4014/4014
f 4176/4176 4172/4172 4175/4175
f 6678/6678 6672/6672 6677/6677
f 6677/6677 6672/6672 6674/6674
f 6673/6673 6674/6674 6675/6675
f 4361/4361 4362/4362 4363/4363
f 6673/6673 6666/6666 6676/6676
f 4321/4321 4309/4309 4308/4308
f 6663/6663 6664/6664 6662/6662
f 6662/6662 6806/6806 6781/6781
f 7319/7319 7318/7318 7320/7320
f 4112/4112 4110/4110 4155/4155
f 3990/3990 3988/3988 4008/4008
f 4008/4008 3988/3988 4012/4012
f 4363/4363 4362/4362 4364/4364
f 6676/6676 6666/6666 6663/6663
f 4364/4364 4362/4362 4321/4321
f 4364/4364 4321/4321 4325/4325
f 6662/6662 6781/6781 6660/6660
f 4109/4109 4110/4110 4112/4112
f 2936/2936 2935/2935 2937/2937
f 6558/6558 6559/6559 6553/6553
f 3999/3999 3998/3998 3991/3991
f 3998/3998 3989/3989 3991/3991
f 3991/3991 3990/3990 4009/4009
f 3990/3990 4008/4008 4009/4009
f 6553/6553 6555/6555 6554/6554
f 6554/6554 6555/6555 6556/6556
f 4163/4163 4175/4175 4164/4164
f 6678/6678 6677/6677 6694/6694
f 6693/6693 6678/6678 6694/6694
f 6694/6694 6677/6677 6674/6674
f 4364/4364 4325/4325 4365/4365
f 4365/4365 4325/4325 4366/4366
f 4324/4324 4308/4308 4316/4316
f 4104/4104 4109/4109 4106/4106
f 4316/4316 4308/4308 4311/4311
f 6658/6658 6663/6663 6662/6662
f 4106/4106 4109/4109 4112/4112
f 4180/4180 4223/4223 4197/4197
f 4246/4246 4234/4234 4233/4233
f 3999/3999 3991/3991 4010/4010
f 4010/4010 3991/3991 4009/4009
f 6554/6554 6556/6556 6569/6569
f 6556/6556 6678/6678 6569/6569
f 6569/6569 6678/6678 6693/6693
f 6743/6743 6693/6693 6694/6694
f 6743/6743 6694/6694 6744/6744
f 6694/6694 6674/6674 6687/6687
f 4497/4497 4498/4498 4503/4503
f 6687/6687 6674/6674 6673/6673
f 6658/6658 6662/6662 6660/6660
f 6660/6660 6781/6781 6506/6506
f 4180/4180 4197/4197 4178/4178
f 4158/4158 4178/4178 4176/4176
f 4409/4409 4408/4408 4406/4406
f 4001/4001 4000/4000 3999/3999
f 4019/4019 4010/4010 4009/4009
f 4177/4177 4176/4176 4175/4175
f 4177/4177 4175/4175 4163/4163
f 6569/6569 6693/6693 6742/6742
f 6742/6742 6693/6693 6743/6743
f 6744/6744 6694/6694 6760/6760
f 6760/6760 6694/6694 6687/6687
f 4367/4367 4365/4365 4366/4366
f 6676/6676 6663/6663 6658/6658
f 4366/4366 4324/4324 4339/4339
f 4324/4324 4316/4316 4318/4318
f 4324/4324 4318/4318 4339/4339
f 6507/6507 6505/6505 6506/6506
f 4158/4158 4176/4176 4177/4177
f 6557/6557 6558/6558 6553/6553
f 4001/4001 3999/3999 4011/4011
f 3999/3999 4010/4010 4011/4011
f 4011/4011 4010/4010 4020/4020
f 4020/4020 4010/4010 4019/4019
f 6741/6741 6569/6569 6742/6742
f 6765/6765 6742/6742 6743/6743
f 6765/6765 6743/6743 6744/6744
f 6765/6765 6744/6744 6768/6768
f 6768/6768 6744/6744 6760/6760
f 6768/6768 6760/6760 6769/6769
f 6760/6760 6687/6687 6763/6763
f 6687/6687 6673/6673 6685/6685
f 4366/4366 4339/4339 4368/4368
f 6660/6660 6506/6506 6661/6661
f 6506/6506 6505/6505 6504/6504
f 4112/4112 4155/4155 4154/4154
f 4180/4180 4178/4178 4158/4158
f 4239/4239 4237/4237 4238/4238
f 4238/4238 4234/4234 4246/4246
f 4406/4406 4396/4396 4405/4405
f 4004/4004 4001/4001 4011/4011
f 4506/4506 4531/4531 4528/4528
f 6765/6765 6768/6768 6767/6767
f 6769/6769 6760/6760 6827/6827
f 6827/6827 6760/6760 6763/6763
f 6763/6763 6687/6687 6685/6685
f 6685/6685 6673/6673 6676/6676
f 4367/4367 4366/4366 4368/4368
f 6676/6676 6658/6658 6656/6656
f 4339/4339 4318/4318 4322/4322
f 6657/6657 6658/6658 6660/6660
f 6661/6661 6506/6506 6504/6504
f 5413/5413 5407/5407 5410/5410
f 6135/6135 6130/6130 6131/6131
f 4003/4003 4001/4001 4004/4004
f 4004/4004 4011/4011 4016/4016
f 4016/4016 4011/4011 4023/4023
f 4023/4023 4011/4011 4020/4020
f 6552/6552 6553/6553 6554/6554
f 6554/6554 6569/6569 6568/6568
f 6740/6740 6569/6569 6741/6741
f 6741/6741 6742/6742 6764/6764
f 6742/6742 6765/6765 6764/6764
f 6764/6764 6765/6765 6766/6766
f 6766/6766 6765/6765 6767/6767
f 6767/6767 6768/6768 6780/6780
f 6780/6780 6768/6768 6769/6769
f 4369/4369 4367/4367 4368/4368
f 4368/4368 4339/4339 4338/4338
f 4339/4339 4322/4322 4338/4338
f 6656/6656 6658/6658 6657/6657
f 6661/6661 6504/6504 6502/6502
f 6504/6504 6503/6503 6502/6502
f 6140/6140 6137/6137 6136/6136
f 6140/6140 6136/6136 6141/6141
f 2939/2939 2938/2938 2940/2940
f 6141/6141 6136/6136 6129/6129
f 4393/4393 4395/4395 4394/4394
f 5382/5382 5387/5387 5381/5381
f 6741/6741 6764/6764 6777/6777
f 6764/6764 6766/6766 6848/6848
f 6766/6766 6767/6767 6848/6848
f 6848/6848 6767/6767 6780/6780
f 6780/6780 6769/6769 6817/6817
f 4163/4163 4164/4164 4103/4103
f 6817/6817 6769/6769 6827/6827
f 6817/6817 6827/6827 6859/6859
f 4164/4164 4104/4104 4103/4103
f 6826/6826 6827/6827 6763/6763
f 6762/6762 6763/6763 6685/6685
f 4338/4338 4322/4322 4337/4337
f 6657/6657 6660/6660 6661/6661
f 5399/5399 5402/5402 5400/5400
f 5400/5400 5402/5402 5417/5417
f 7867/7867 7870/7870 7869/7869
f 6141/6141 6129/6129 6142/6142
f 6142/6142 6129/6129 6139/6139
f 6139/6139 6129/6129 6127/6127
f 6561/6561 6558/6558 6557/6557
f 5388/5388 5393/5393 5382/5382
f 4006/4006 4004/4004 4018/4018
f 4004/4004 4016/4016 4018/4018
f 6557/6557 6553/6553 6552/6552
f 4018/4018 4016/4016 4023/4023
f 4937/4937 4938/4938 4939/4939
f 6552/6552 6554/6554 6567/6567
f 6554/6554 6568/6568 6567/6567
f 6740/6740 6741/6741 6778/6778
f 6778/6778 6741/6741 6777/6777
f 5311/5311 5298/5298 5305/5305
f 5298/5298 5303/5303 5304/5304
f 5305/5305 5298/5298 5304/5304
f 6777/6777 6764/6764 6850/6850
f 5305/5305 5304/5304 5306/5306
f 5307/5307 5311/5311 5305/5305
f 5307/5307 5305/5305 5306/5306
f 4304/4304 4298/4298 4293/4293
f 4293/4293 4298/4298 4294/4294
f 5307/5307 5306/5306 5320/5320
f 6854/6854 6764/6764 6848/6848
f 6854/6854 6848/6848 6985/6985
f 6985/6985 6848/6848 6780/6780
f 6928/6928 6985/6985 6780/6780
f 4103/4103 4162/4162 4163/4163
f 4566/4566 4582/4582 4586/4586
f 6780/6780 6817/6817 6928/6928
f 4770/4770 4771/4771 4767/4767
f 4770/4770 4767/4767 4764/4764
f 6817/6817 6859/6859 6932/6932
f 6932/6932 6859/6859 6933/6933
f 6859/6859 6827/6827 6826/6826
f 4761/4761 4770/4770 4764/4764
f 6859/6859 6826/6826 6976/6976
f 6826/6826 6763/6763 6762/6762
f 4369/4369 4368/4368 4370/4370
f 4368/4368 4338/4338 4371/4371
f 4370/4370 4368/4368 4371/4371
f 5728/5728 5714/5714 5713/5713
f 6661/6661 6502/6502 6501/6501
f 6502/6502 6499/6499 6501/6501
f 5409/5409 5407/5407 5399/5399
f 7868/7868 7867/7867 7869/7869
f 7868/7868 7869/7869 7859/7859
f 7859/7859 7849/7849 7858/7858
f 6139/6139 6127/6127 6138/6138
f 4239/4239 4238/4238 4240/4240
f 4393/4393 4394/4394 4381/4381
f 4022/4022 4018/4018 4023/4023
f 4022/4022 4023/4023 4047/4047
f 6750/6750 6568/6568 6740/6740
f 5298/5298 5309/5309 5295/5295
f 5295/5295 5297/5297 5298/5298
f 5298/5298 5297/5297 5303/5303
f 6785/6785 6740/6740 6778/6778
f 6778/6778 6777/6777 6850/6850
f 6850/6850 6764/6764 6851/6851
f 6764/6764 6854/6854 6851/6851
f 6854/6854 6985/6985 6926/6926
f 6928/6928 6926/6926 6985/6985
f 6926/6926 6928/6928 6927/6927
f 6928/6928 6929/6929 6927/6927
f 4793/4793 4782/4782 4785/4785
f 6929/6929 6928/6928 6817/6817
f 4765/4765 4767/4767 4768/4768
f 6932/6932 6929/6929 6817/6817
f 4764/4764 4767/4767 4765/4765
f 4765/4765 4768/4768 4766/4766
f 4764/4764 4765/4765 4763/4763
f 4763/4763 4765/4765 4766/4766
f 6976/6976 6933/6933 6859/6859
f 6826/6826 6762/6762 6840/6840
f 6685/6685 6676/6676 6684/6684
f 7866/7866 7867/7867 7864/7864
f 7864/7864 7867/7867 7868/7868
f 7868/7868 7859/7859 7858/7858
f 7842/7842 7841/7841 7835/7835
f 5385/5385 5388/5388 5382/5382
f 5385/5385 5382/5382 5378/5378
f 5378/5378 5381/5381 5380/5380
f 4007/4007 4006/4006 4021/4021
f 4006/4006 4018/4018 4022/4022
f 4021/4021 4006/4006 4022/4022
f 6719/6719 6567/6567 6568/6568
f 6750/6750 6740/6740 6785/6785
f 5309/5309 5308/5308 5295/5295
f 5295/5295 5293/5293 5297/5297
f 5304/5304 5343/5343 5344/5344
f 4299/4299 4293/4293 4283/4283
f 4283/4283 4293/4293 4289/4289
f 6851/6851 6854/6854 6853/6853
f 6925/6925 6854/6854 6926/6926
f 6925/6925 6926/6926 6927/6927
f 2582/2582 2592/2592 2587/2587
f 6930/6930 6927/6927 6929/6929
f 6930/6930 6929/6929 6931/6931
f 6929/6929 6932/6932 6931/6931
f 6931/6931 6932/6932 6933/6933
f 6931/6931 6933/6933 6934/6934
f 4763/4763 4766/4766 4755/4755
f 6933/6933 6976/6976 6935/6935
f 6934/6934 6933/6933 6935/6935
f 4761/4761 4764/4764 4756/4756
f 4764/4764 4763/4763 4756/4756
f 4756/4756 4763/4763 4755/4755
f 6935/6935 6976/6976 6826/6826
f 6935/6935 6826/6826 6975/6975
f 6840/6840 6975/6975 6826/6826
f 6762/6762 6685/6685 6761/6761
f 6840/6840 6762/6762 6761/6761
f 6761/6761 6685/6685 6684/6684
f 6684/6684 6676/6676 6656/6656
f 4371/4371 4338/4338 4372/4372
f 5728/5728 5713/5713 5727/5727
f 5713/5713 5714/5714 5712/5712
f 4340/4340 4341/4341 4342/4342
f 6661/6661 6501/6501 6508/6508
f 6508/6508 6501/6501 6500/6500
f 7864/7864 7868/7868 7863/7863
f 5672/5672 5671/5671 5670/5670
f 7863/7863 7868/7868 7858/7858
f 4181/4181 4196/4196 4180/4180
f 6138/6138 6127/6127 6132/6132
f 4393/4393 4381/4381 4380/4380
f 4380/4380 4381/4381 4382/4382
f 5385/5385 5378/5378 5374/5374
f 5374/5374 5378/5378 5377/5377
f 5377/5377 5378/5378 5380/5380
f 6719/6719 6568/6568 6750/6750
f 5308/5308 5291/5291 5295/5295
f 5295/5295 5291/5291 5293/5293
f 6785/6785 6778/6778 6794/6794
f 6794/6794 6778/6778 6849/6849
f 5344/5344 5356/5356 5327/5327
f 6778/6778 6850/6850 6849/6849
f 5344/5344 5327/5327 5326/5326
f 6850/6850 6851/6851 6849/6849
f 6849/6849 6851/6851 6852/6852
f 5323/5323 5344/5344 5326/5326
f 6851/6851 6853/6853 6852/6852
f 4283/4283 4289/4289 4284/4284
f 6852/6852 6853/6853 6917/6917
f 4289/4289 4297/4297 4291/4291
f 4284/4284 4289/4289 4291/4291
f 2576/2576 2584/2584 2577/2577
f 2493/2493 2519/2519 2511/2511
f 4773/4773 4781/4781 4783/4783
f 6954/6954 6931/6931 6946/6946
f 6946/6946 6931/6931 6934/6934
f 4756/4756 4755/4755 4754/4754
f 4754/4754 4755/4755 4748/4748
f 6934/6934 6935/6935 6936/6936
f 4761/4761 4756/4756 4759/4759
f 4759/4759 4756/4756 4754/4754
f 6937/6937 6935/6935 6975/6975
f 6936/6936 6935/6935 6937/6937
f 6937/6937 6975/6975 6939/6939
f 6975/6975 6840/6840 6886/6886
f 4371/4371 4372/4372 4373/4373
f 6657/6657 6661/6661 6669/6669
f 6669/6669 6661/6661 6508/6508
f 4154/4154 4199/4199 4153/4153
f 5399/5399 5401/5401 5403/5403
f 7865/7865 7866/7866 7864/7864
f 4181/4181 4215/4215 4196/4196
f 7858/7858 7849/7849 7848/7848
f 7848/7848 7849/7849 7835/7835
f 7849/7849 7842/7842 7835/7835
f 6983/6983 6561/6561 6565/6565
f 4045/4045 4007/4007 4025/4025
f 4025/4025 4007/4007 4021/4021
f 4021/4021 4022/4022 4024/4024
f 4024/4024 4022/4022 4048/4048
f 6564/6564 6557/6557 6552/6552
f 6564/6564 6552/6552 6567/6567
f 6720/6720 6567/6567 6719/6719
f 6719/6719 6750/6750 6788/6788
f 5308/5308 5310/5310 5294/5294
f 5291/5291 5294/5294 5292/5292
f 6788/6788 6750/6750 6785/6785
f 5308/5308 5294/5294 5291/5291
f 6785/6785 6794/6794 6793/6793
f 6791/6791 6785/6785 6793/6793
f 6793/6793 6794/6794 6795/6795
f 5356/5356 5338/5338 5327/5327
f 6794/6794 6849/6849 6796/6796
f 6795/6795 6794/6794 6796/6796
f 2560/2560 2585/2585 2555/2555
f 2556/2556 2562/2562 2561/2561
f 4295/4295 4283/4283 4292/4292
f 4282/4282 4283/4283 4284/4284
f 4284/4284 4291/4291 4288/4288
f 2703/2703 2886/2886 2701/2701
f 6946/6946 6934/6934 6945/6945
f 6945/6945 6934/6934 6936/6936
f 6936/6936 6937/6937 6938/6938
f 4759/4759 4754/4754 4746/4746
f 4746/4746 4754/4754 4748/4748
f 6938/6938 6937/6937 6939/6939
f 4761/4761 4759/4759 4758/4758
f 6886/6886 6939/6939 6975/6975
f 6886/6886 6840/6840 6761/6761
f 6886/6886 6761/6761 6885/6885
f 6655/6655 6656/6656 6654/6654
f 5727/5727 5713/5713 5725/5725
f 6654/6654 6656/6656 6657/6657
f 5713/5713 5712/5712 5711/5711
f 6508/6508 6500/6500 6509/6509
f 4153/4153 4199/4199 4200/4200
f 5404/5404 5403/5403 5405/5405
f 7863/7863 7858/7858 7856/7856
f 7835/7835 7841/7841 7833/7833
f 7841/7841 7861/7861 7833/7833
f 7833/7833 7861/7861 7855/7855
f 4383/4383 4380/4380 4382/4382
f 6563/6563 6557/6557 6564/6564
f 4043/4043 4045/4045 4025/4025
f 6709/6709 6567/6567 6720/6720
f 5294/5294 5296/5296 5292/5292
f 6789/6789 6788/6788 6785/6785
f 6789/6789 6785/6785 6791/6791
f 6793/6793 6795/6795 6800/6800
f 6795/6795 6796/6796 6800/6800
f 2551/2551 2560/2560 2553/2553
f 2561/2561 2540/2540 2529/2529
f 2457/2457 2487/2487 2472/2472
f 4292/4292 4283/4283 4282/4282
f 6094/6094 6067/6067 6083/6083
f 6083/6083 6067/6067 5976/5976
f 6083/6083 5976/5976 5977/5977
f 6098/6098 6094/6094 6083/6083
f 6098/6098 6083/6083 6100/6100
f 6100/6100 6083/6083 5977/5977
f 4774/4774 4784/4784 4775/4775
f 6945/6945 6936/6936 6944/6944
f 6944/6944 6936/6936 6938/6938
f 4746/4746 4748/4748 4747/4747
f 4758/4758 4759/4759 4746/4746
f 6885/6885 6939/6939 6886/6886
f 6885/6885 6761/6761 6776/6776
f 6776/6776 6761/6761 6684/6684
f 6684/6684 6656/6656 6686/6686
f 4374/4374 4373/4373 4372/4372
f 5725/5725 5713/5713 5711/5711
f 4107/4107 4106/4106 4112/4112
f 4112/4112 4154/4154 4153/4153
f 7865/7865 7864/7864 7812/7812
f 7814/7814 7865/7865 7812/7812
f 5670/5670 5671/5671 5668/5668
f 7856/7856 7858/7858 7848/7848
f 7125/7125 7129/7129 7128/7128
f 7834/7834 7835/7835 7833/7833
f 6562/6562 6565/6565 6561/6561
f 4129/4129 4180/4180 4158/4158
f 6562/6562 6561/6561 6557/6557
f 6564/6564 6567/6567 6709/6709
f 6720/6720 6719/6719 6787/6787
f 6719/6719 6788/6788 6787/6787
f 5300/5300 5299/5299 5294/5294
f 5294/5294 5299/5299 5296/5296
f 6787/6787 6788/6788 6789/6789
f 6792/6792 6789/6789 6791/6791
f 6791/6791 6793/6793 6799/6799
f 6799/6799 6793/6793 6800/6800
f 2507/2507 2457/2457 2456/2456
f 5976/5976 6062/6062 5974/5974
f 6084/6084 6062/6062 6067/6067
f 6067/6067 6062/6062 5976/5976
f 5976/5976 5974/5974 5962/5962
f 6095/6095 6085/6085 6084/6084
f 4284/4284 4288/4288 4285/4285
f 6084/6084 6067/6067 6094/6094
f 5976/5976 5962/5962 5961/5961
f 6095/6095 6084/6084 6094/6094
f 5977/5977 5976/5976 5961/5961
f 5962/5962 5963/5963 5955/5955
f 2467/2467 2469/2469 2436/2436
f 7219/7219 7243/7243 7248/7248
f 7243/7243 7219/7219 7235/7235
f 6096/6096 6095/6095 6094/6094
f 5961/5961 5962/5962 5955/5955
f 6096/6096 6094/6094 6098/6098
f 6096/6096 6098/6098 6108/6108
f 5977/5977 5961/5961 6092/6092
f 7244/7244 7219/7219 7248/7248
f 5961/5961 5955/5955 5949/5949
f 7244/7244 7248/7248 7258/7258
f 6107/6107 6096/6096 6108/6108
f 6099/6099 6100/6100 5977/5977
f 6099/6099 5977/5977 6092/6092
f 6092/6092 5961/5961 5949/5949
f 6100/6100 6108/6108 6098/6098
f 6101/6101 6100/6100 6099/6099
f 7208/7208 7219/7219 7244/7244
f 6107/6107 6108/6108 6109/6109
f 6109/6109 6108/6108 6100/6100
f 3171/3171 3160/3160 3152/3152
f 3160/3160 3164/3164 3134/3134
f 3164/3164 3162/3162 3134/3134
f 7215/7215 7244/7244 7258/7258
f 3166/3166 3173/3173 3158/3158
f 3158/3158 3173/3173 3171/3171
f 3158/3158 3171/3171 3152/3152
f 7207/7207 7208/7208 7215/7215
f 7215/7215 7208/7208 7244/7244
f 6110/6110 6107/6107 6109/6109
f 3152/3152 3160/3160 3134/3134
f 6112/6112 6113/6113 6110/6110
f 7207/7207 7291/7291 7205/7205
f 3129/3129 3152/3152 3134/3134
f 6112/6112 6110/6110 6111/6111
f 6111/6111 6110/6110 6109/6109
f 3166/3166 3158/3158 3144/3144
f 3129/3129 3158/3158 3152/3152
f 6114/6114 6112/6112 6111/6111
f 3165/3165 3166/3166 3144/3144
f 3144/3144 3158/3158 3129/3129
f 3149/3149 3165/3165 3144/3144
f 3150/3150 3165/3165 3149/3149
f 3174/3174 3150/3150 3138/3138
f 6948/6948 6944/6944 6938/6938
f 4758/4758 4746/4746 4742/4742
f 4742/4742 4746/4746 4743/4743
f 4743/4743 4746/4746 4747/4747
f 4757/4757 4758/4758 4742/4742
f 6939/6939 6941/6941 6940/6940
f 6938/6938 6939/6939 6940/6940
f 4769/4769 4758/4758 4757/4757
f 6941/6941 6939/6939 6885/6885
f 6941/6941 6885/6885 6943/6943
f 6885/6885 6776/6776 6884/6884
f 6776/6776 6684/6684 6773/6773
f 6773/6773 6684/6684 6686/6686
f 6686/6686 6656/6656 6655/6655
f 4374/4374 4372/4372 4375/4375
f 6669/6669 6508/6508 6510/6510
f 6510/6510 6509/6509 6511/6511
f 7812/7812 7864/7864 7863/7863
f 7848/7848 7835/7835 7838/7838
f 7838/7838 7835/7835 7834/7834
f 4383/4383 4382/4382 4384/4384
f 5383/5383 5385/5385 5374/5374
f 5383/5383 5374/5374 5370/5370
f 6562/6562 6557/6557 6563/6563
f 7832/7832 7833/7833 7855/7855
f 4398/4398 4380/4380 4383/4383
f 5374/5374 5377/5377 5371/5371
f 7832/7832 7855/7855 7847/7847
f 4044/4044 4045/4045 4043/4043
f 6145/6145 6134/6134 6144/6144
f 4025/4025 4024/4024 4026/4026
f 6803/6803 6720/6720 6787/6787
f 6792/6792 6791/6791 6798/6798
f 6798/6798 6791/6791 6799/6799
f 2537/2537 2525/2525 2536/2536
f 2536/2536 2517/2517 2538/2538
f 2538/2538 2517/2517 2507/2507
f 2538/2538 2507/2507 2532/2532
f 2507/2507 2456/2456 2532/2532
f 2456/2456 2457/2457 2455/2455
f 6062/6062 6070/6070 5974/5974
f 6091/6091 6072/6072 6062/6062
f 7237/7237 7247/7247 7255/7255
f 6085/6085 6091/6091 6062/6062
f 7243/7243 7237/7237 7255/7255
f 4282/4282 4284/4284 4285/4285
f 7235/7235 7237/7237 7243/7243
f 5955/5955 5963/5963 5964/5964
f 7232/7232 7235/7235 7219/7219
f 5955/5955 5964/5964 5953/5953
f 7213/7213 7232/7232 7219/7219
f 5955/5955 5953/5953 5951/5951
f 5949/5949 5955/5955 5951/5951
f 7211/7211 7213/7213 7208/7208
f 7208/7208 7213/7213 7219/7219
f 5949/5949 5951/5951 5950/5950
f 7204/7204 7211/7211 7208/7208
f 5948/5948 5949/5949 5950/5950
f 7204/7204 7208/7208 7207/7207
f 3134/3134 3162/3162 3120/3120
f 3120/3120 3162/3162 3140/3140
f 7205/7205 7204/7204 7207/7207
f 3129/3129 3134/3134 3093/3093
f 3134/3134 3120/3120 3093/3093
f 3144/3144 3129/3129 3103/3103
f 3103/3103 3129/3129 3092/3092
f 3129/3129 3093/3093 3092/3092
f 3149/3149 3144/3144 3117/3117
f 3117/3117 3144/3144 3103/3103
f 3117/3117 3103/3103 3035/3035
f 3150/3150 3149/3149 3117/3117
f 3138/3138 3150/3150 3117/3117
f 3143/3143 3174/3174 3138/3138
f 6948/6948 6938/6938 6949/6949
f 4104/4104 4106/4106 4105/4105
f 6949/6949 6938/6938 6940/6940
f 6943/6943 6885/6885 6884/6884
f 6884/6884 6776/6776 6773/6773
f 6669/6669 6510/6510 6670/6670
f 5408/5408 5404/5404 5406/5406
f 5406/5406 5404/5404 5405/5405
f 7808/7808 7814/7814 7812/7812
f 7832/7832 7847/7847 7822/7822
f 4044/4044 4043/4043 4027/4027
f 4027/4027 4043/4043 4025/4025
f 4158/4158 4177/4177 4159/4159
f 4159/4159 4177/4177 4160/4160
f 5312/5312 5301/5301 5300/5300
f 5300/5300 5301/5301 5299/5299
f 4160/4160 4177/4177 4163/4163
f 6789/6789 6792/6792 6798/6798
f 6797/6797 6789/6789 6798/6798
f 2570/2570 2537/2537 2536/2536
f 6072/6072 6071/6071 6062/6062
f 6062/6062 6071/6071 6070/6070
f 6070/6070 6054/6054 5974/5974
f 5974/5974 6054/6054 5978/5978
f 5974/5974 5978/5978 5969/5969
f 5969/5969 5978/5978 5971/5971
f 7236/7236 7247/7247 7237/7237
f 2451/2451 2455/2455 2449/2449
f 7233/7233 7236/7236 7237/7237
f 5969/5969 5971/5971 5963/5963
f 5963/5963 5971/5971 5965/5965
f 4300/4300 4295/4295 4301/4301
f 4303/4303 4292/4292 4302/4302
f 4302/4302 4292/4292 4282/4282
f 4282/4282 4285/4285 4286/4286
f 5359/5359 5322/5322 5351/5351
f 7233/7233 7237/7237 7235/7235
f 5963/5963 5965/5965 5964/5964
f 2424/2424 2422/2422 2421/2421
f 7233/7233 7235/7235 7232/7232
f 7230/7230 7233/7233 7232/7232
f 5964/5964 5965/5965 5953/5953
f 5953/5953 5965/5965 5952/5952
f 5951/5951 5953/5953 5952/5952
f 5951/5951 5952/5952 5950/5950
f 5950/5950 5952/5952 5932/5932
f 5948/5948 5950/5950 5932/5932
f 5919/5919 5948/5948 5932/5932
f 3120/3120 3140/3140 3055/3055
f 4777/4777 4776/4776 4778/4778
f 3055/3055 3140/3140 3137/3137
f 3093/3093 3120/3120 3055/3055
f 3092/3092 3093/3093 3037/3037
f 3093/3093 3055/3055 3037/3037
f 3033/3033 3092/3092 3036/3036
f 3092/3092 3037/3037 3036/3036
f 3103/3103 3092/3092 3033/3033
f 3035/3035 3103/3103 3034/3034
f 3103/3103 3033/3033 3034/3034
f 3117/3117 3035/3035 3042/3042
f 3138/3138 3117/3117 3042/3042
f 3143/3143 3138/3138 3042/3042
f 3132/3132 3143/3143 3042/3042
f 2676/2676 2858/2858 2674/2674
f 4742/4742 4743/4743 4744/4744
f 4769/4769 4757/4757 4760/4760
f 4757/4757 4742/4742 4745/4745
f 4760/4760 4757/4757 4745/4745
f 6941/6941 6943/6943 6942/6942
f 6940/6940 6941/6941 6942/6942
f 6943/6943 6884/6884 6950/6950
f 4374/4374 4375/4375 4376/4376
f 6657/6657 6669/6669 6670/6670
f 4153/4153 4200/4200 4152/4152
f 7808/7808 7812/7812 7811/7811
f 7812/7812 7863/7863 7856/7856
f 7850/7850 7856/7856 7848/7848
f 7125/7125 7128/7128 7127/7127
f 4181/4181 4180/4180 4129/4129
f 4385/4385 4383/4383 4384/4384
f 5370/5370 5371/5371 5369/5369
f 7821/7821 7832/7832 7822/7822
f 3983/3983 4044/4044 4027/4027
f 4027/4027 4025/4025 4026/4026
f 5748/5748 5747/5747 5744/5744
f 4527/4527 4513/4513 4515/4515
f 6709/6709 6720/6720 6752/6752
f 6752/6752 6720/6720 6807/6807
f 6807/6807 6720/6720 6803/6803
f 6803/6803 6787/6787 6801/6801
f 6801/6801 6787/6787 6790/6790
f 6790/6790 6787/6787 6789/6789
f 6790/6790 6789/6789 6797/6797
f 2568/2568 2558/2558 2569/2569
f 2569/2569 2537/2537 2570/2570
f 6072/6072 6088/6088 6071/6071
f 7241/7241 7254/7254 7247/7247
f 6091/6091 6097/6097 6072/6072
f 6071/6071 6073/6073 6070/6070
f 6054/6054 6079/6079 5978/5978
f 7238/7238 7241/7241 7236/7236
f 5978/5978 6050/6050 5971/5971
f 7238/7238 7236/7236 7234/7234
f 7234/7234 7236/7236 7233/7233
f 7481/7481 7483/7483 7480/7480
f 7480/7480 7483/7483 7484/7484
f 5965/5965 5971/5971 5968/5968
f 7231/7231 7234/7234 7230/7230
f 7230/7230 7234/7234 7233/7233
f 4286/4286 4285/4285 4287/4287
f 4285/4285 4296/4296 4287/4287
f 5322/5322 5336/5336 5351/5351
f 7297/7297 7231/7231 7228/7228
f 7298/7298 7297/7297 7228/7228
f 7228/7228 7231/7231 7230/7230
f 4287/4287 4296/4296 4305/4305
f 4305/4305 4296/4296 4306/4306
f 5965/5965 5968/5968 5952/5952
f 5952/5952 5968/5968 5954/5954
f 5932/5932 5954/5954 5930/5930
f 5916/5916 5932/5932 5911/5911
f 5911/5911 5932/5932 5930/5930
f 5919/5919 5932/5932 5916/5916
f 5916/5916 5911/5911 5910/5910
f 5919/5919 5916/5916 5910/5910
f 3055/3055 3137/3137 3038/3038
f 3038/3038 3137/3137 3111/3111
f 3024/3024 3055/3055 3038/3038
f 3037/3037 3055/3055 3024/3024
f 3036/3036 3037/3037 3016/3016
f 3037/3037 3024/3024 3016/3016
f 3033/3033 3036/3036 3013/3013
f 3013/3013 3036/3036 3016/3016
f 3034/3034 3033/3033 3001/3001
f 3001/3001 3033/3033 3013/3013
f 3035/3035 3034/3034 3012/3012
f 3034/3034 3001/3001 3012/3012
f 3042/3042 3035/3035 3041/3041
f 3132/3132 3042/3042 3041/3041
f 2736/2736 2779/2779 2672/2672
f 6959/6959 6949/6949 6940/6940
f 4745/4745 4742/4742 4744/4744
f 4749/4749 4745/4745 4744/4744
f 6959/6959 6940/6940 6942/6942
f 6947/6947 6943/6943 6950/6950
f 6654/6654 6657/6657 6659/6659
f 6657/6657 6670/6670 6659/6659
f 6510/6510 6511/6511 6512/6512
f 7807/7807 7808/7808 7811/7811
f 7811/7811 7812/7812 7857/7857
f 7812/7812 7856/7856 7857/7857
f 7857/7857 7856/7856 7850/7850
f 7850/7850 7848/7848 7838/7838
f 6566/6566 6565/6565 6562/6562
f 5367/5367 5370/5370 5369/5369
f 7821/7821 7822/7822 7820/7820
f 7820/7820 7822/7822 7847/7847
f 4027/4027 4026/4026 4028/4028
f 7820/7820 7847/7847 7846/7846
f 6708/6708 6564/6564 6709/6709
f 2565/2565 2567/2567 2564/2564
f 2570/2570 2536/2536 2574/2574
f 2574/2574 2538/2538 2535/2535
f 6097/6097 6088/6088 6072/6072
f 6071/6071 6088/6088 6078/6078
f 6073/6073 6071/6071 6078/6078
f 2532/2532 2454/2454 2531/2531
f 6050/6050 5978/5978 6075/6075
f 2456/2456 2451/2451 2454/2454
f 7239/7239 7238/7238 7234/7234
f 7478/7478 7481/7481 7479/7479
f 7242/7242 7239/7239 7234/7234
f 7479/7479 7481/7481 7480/7480
f 5971/5971 5979/5979 5968/5968
f 7202/7202 7203/7203 7185/7185
f 7242/7242 7234/7234 7231/7231
f 7185/7185 7203/7203 7189/7189
f 5954/5954 5968/5968 5973/5973
f 2422/2422 2426/2426 2408/2408
f 5954/5954 5973/5973 5958/5958
f 5930/5930 5958/5958 5944/5944
f 5911/5911 5930/5930 5913/5913
f 5910/5910 5911/5911 5912/5912
f 5912/5912 5911/5911 5913/5913
f 3038/3038 3111/3111 3079/3079
f 3024/3024 3038/3038 3019/3019
f 3016/3016 3024/3024 2993/2993
f 2993/2993 3024/3024 3019/3019
f 2999/2999 3016/3016 2993/2993
f 3000/3000 3016/3016 2999/2999
f 3013/3013 3016/3016 3000/3000
f 3001/3001 3013/3013 3000/3000
f 3012/3012 3001/3001 3002/3002
f 3002/3002 3001/3001 2995/2995
f 3041/3041 3012/3012 3026/3026
f 6959/6959 6942/6942 6957/6957
f 4760/4760 4745/4745 4750/4750
f 4750/4750 4745/4745 4749/4749
f 6957/6957 6942/6942 6947/6947
f 4769/4769 4760/4760 4762/4762
f 4762/4762 4760/4760 4750/4750
f 6950/6950 6884/6884 6879/6879
f 6879/6879 6884/6884 6773/6773
f 6688/6688 6686/6686 6655/6655
f 4377/4377 4376/4376 4375/4375
f 4377/4377 4375/4375 4378/4378
f 5725/5725 5711/5711 5720/5720
f 5720/5720 5711/5711 5707/5707
f 5707/5707 5710/5710 5702/5702
f 6670/6670 6510/6510 6671/6671
f 6671/6671 6510/6510 6512/6512
f 7803/7803 7808/7808 7807/7807
f 7807/7807 7811/7811 7813/7813
f 7813/7813 7811/7811 7857/7857
f 4128/4128 4215/4215 4181/4181
f 7834/7834 7833/7833 7831/7831
f 7831/7831 7833/7833 7832/7832
f 4385/4385 4384/4384 4386/4386
f 5384/5384 5383/5383 5370/5370
f 5384/5384 5370/5370 5376/5376
f 5376/5376 5370/5370 5367/5367
f 5367/5367 5369/5369 5368/5368
f 3983/3983 4027/4027 3982/3982
f 7820/7820 7846/7846 7818/7818
f 7818/7818 7846/7846 7853/7853
f 6563/6563 6564/6564 6571/6571
f 5744/5744 5743/5743 5742/5742
f 6571/6571 6564/6564 6708/6708
f 6708/6708 6709/6709 6734/6734
f 6734/6734 6709/6709 6752/6752
f 6807/6807 6803/6803 6804/6804
f 6804/6804 6803/6803 6801/6801
f 6802/6802 6801/6801 6790/6790
f 2594/2594 2567/2567 2566/2566
f 7245/7245 7257/7257 7254/7254
f 7241/7241 7245/7245 7254/7254
f 6073/6073 6078/6078 6079/6079
f 6079/6079 6078/6078 6080/6080
f 7240/7240 7245/7245 7241/7241
f 7238/7238 7240/7240 7241/7241
f 5978/5978 6080/6080 6075/6075
f 6050/6050 6075/6075 6076/6076
f 5337/5337 5342/5342 5362/5362
f 7239/7239 7240/7240 7238/7238
f 7240/7240 7239/7239 7253/7253
f 7252/7252 7240/7240 7253/7253
f 6050/6050 6076/6076 6047/6047
f 2454/2454 2451/2451 2452/2452
f 5971/5971 6050/6050 6047/6047
f 7479/7479 7480/7480 7470/7470
f 7242/7242 7253/7253 7239/7239
f 5971/5971 6047/6047 5979/5979
f 7201/7201 7202/7202 7184/7184
f 7184/7184 7202/7202 7185/7185
f 5968/5968 5979/5979 5980/5980
f 7185/7185 7189/7189 7187/7187
f 4286/4286 4287/4287 4290/4290
f 2420/2420 2422/2422 2408/2408
f 2420/2420 2408/2408 2409/2409
f 5973/5973 5968/5968 5980/5980
f 5973/5973 5980/5980 6008/6008
f 2408/2408 2426/2426 2428/2428
f 5944/5944 5958/5958 5957/5957
f 5930/5930 5944/5944 5931/5931
f 5930/5930 5931/5931 5915/5915
f 5913/5913 5930/5930 5915/5915
f 2495/2495 2513/2513 2506/2506
f 5913/5913 5915/5915 5914/5914
f 5912/5912 5913/5913 5914/5914
f 3038/3038 3079/3079 3023/3023
f 3019/3019 3038/3038 3023/3023
f 3019/3019 3023/3023 3003/3003
f 3003/3003 2993/2993 3019/3019
f 2986/2986 3001/3001 3000/3000
f 2986/2986 3000/3000 2983/2983
f 2995/2995 3001/3001 2986/2986
f 2995/2995 2986/2986 2994/2994
f 3026/3026 3012/3012 3002/3002
f 3041/3041 3026/3026 3045/3045
f 4103/4103 4104/4104 4102/4102
f 3132/3132 3041/3041 3046/3046
f 3046/3046 3041/3041 3045/3045
f 3133/3133 3132/3132 3046/3046
f 4102/4102 4104/4104 4105/4105
f 6950/6950 6879/6879 6952/6952
f 6879/6879 6773/6773 6774/6774
f 6773/6773 6686/6686 6774/6774
f 6659/6659 6670/6670 6671/6671
f 7803/7803 7807/7807 7804/7804
f 7804/7804 7807/7807 7813/7813
f 5665/5665 5669/5669 5668/5668
f 5665/5665 5668/5668 5666/5666
f 7813/7813 7857/7857 7810/7810
f 7810/7810 7857/7857 7852/7852
f 7850/7850 7838/7838 7837/7837
f 7837/7837 7838/7838 7834/7834
f 7831/7831 7832/7832 7821/7821
f 3981/3981 3983/3983 3982/3982
f 7821/7821 7820/7820 7819/7819
f 7819/7819 7820/7820 7818/7818
f 7818/7818 7853/7853 7854/7854
f 5740/5740 5742/5742 5741/5741
f 6734/6734 6752/6752 6808/6808
f 6808/6808 6807/6807 6830/6830
f 6830/6830 6807/6807 6804/6804
f 6804/6804 6801/6801 6805/6805
f 6805/6805 6801/6801 6802/6802
f 611/611 777/777 765/765
f 594/594 765/765 766/766
f 594/594 766/766 607/607
f 766/766 792/792 607/607
f 6078/6078 6081/6081 6080/6080
f 7246/7246 7245/7245 7240/7240
f 7474/7474 7476/7476 7470/7470
f 7293/7293 7252/7252 7253/7253
f 7183/7183 7201/7201 7184/7184
f 7184/7184 7185/7185 7159/7159
f 7185/7185 7187/7187 7159/7159
f 5980/5980 5981/5981 6008/6008
f 5958/5958 6008/6008 5966/5966
f 5958/5958 5966/5966 5957/5957
f 5944/5944 5957/5957 5931/5931
f 5915/5915 5931/5931 5917/5917
f 5915/5915 5917/5917 5914/5914
f 3079/3079 3118/3118 3080/3080
f 3079/3079 3080/3080 3023/3023
f 3003/3003 3023/3023 2997/2997
f 2993/2993 3003/3003 2977/2977
f 2999/2999 2993/2993 2983/2983
f 2973/2973 2983/2983 2965/2965
f 3000/3000 2999/2999 2983/2983
f 2980/2980 2986/2986 2983/2983
f 3026/3026 3002/3002 3022/3022
f 3045/3045 3026/3026 3022/3022
f 3046/3046 3045/3045 3052/3052
f 3113/3113 3133/3133 3046/3046
f 6957/6957 6947/6947 6955/6955
f 4750/4750 4749/4749 4751/4751
f 4752/4752 4750/4750 4751/4751
f 4762/4762 4750/4750 4752/4752
f 6947/6947 6950/6950 6951/6951
f 6955/6955 6947/6947 6951/6951
f 6951/6951 6950/6950 6952/6952
f 6774/6774 6686/6686 6688/6688
f 6655/6655 6654/6654 6653/6653
f 4379/4379 4377/4377 4378/4378
f 5720/5720 5707/5707 5708/5708
f 5707/5707 5702/5702 5700/5700
f 6512/6512 6513/6513 6514/6514
f 4107/4107 4112/4112 4153/4153
f 5411/5411 5408/5408 5414/5414
f 7802/7802 7803/7803 7804/7804
f 7804/7804 7813/7813 7810/7810
f 7857/7857 7850/7850 7852/7852
f 4030/4030 3982/3982 4027/4027
f 4030/4030 4027/4027 4029/4029
f 4029/4029 4027/4027 4028/4028
f 7818/7818 7854/7854 7817/7817
f 7817/7817 7854/7854 7862/7862
f 5737/5737 5740/5740 5731/5731
f 6836/6836 6808/6808 6830/6830
f 6830/6830 6804/6804 6831/6831
f 6804/6804 6834/6834 6833/6833
f 6831/6831 6804/6804 6833/6833
f 6834/6834 6804/6804 6805/6805
f 822/822 823/823 791/791
f 765/765 594/594 585/585
f 611/611 765/765 585/585
f 607/607 792/792 606/606
f 606/606 792/792 818/818
f 606/606 818/818 816/816
f 7265/7265 7277/7277 7257/7257
f 7257/7257 7277/7277 7280/7280
f 470/470 355/355 474/474
f 6081/6081 6121/6121 6080/6080
f 7251/7251 7249/7249 7240/7240
f 7249/7249 7246/7246 7240/7240
f 7274/7274 7251/7251 7252/7252
f 7251/7251 7240/7240 7252/7252
f 7469/7469 7470/7470 7471/7471
f 7471/7471 7470/7470 7485/7485
f 7200/7200 7201/7201 7183/7183
f 5979/5979 6047/6047 6020/6020
f 2453/2453 2452/2452 2445/2445
f 7183/7183 7184/7184 7167/7167
f 5979/5979 6020/6020 5982/5982
f 5979/5979 5982/5982 5981/5981
f 7167/7167 7184/7184 7159/7159
f 7167/7167 7159/7159 7157/7157
f 7157/7157 7159/7159 7158/7158
f 7188/7188 7159/7159 7187/7187
f 7159/7159 7188/7188 7158/7158
f 2408/2408 2417/2417 2405/2405
f 5931/5931 5957/5957 5966/5966
f 5931/5931 5966/5966 5956/5956
f 5931/5931 5956/5956 5935/5935
f 5931/5931 5935/5935 5924/5924
f 5917/5917 5931/5931 5924/5924
f 5914/5914 5917/5917 5918/5918
f 3080/3080 3118/3118 3091/3091
f 3028/3028 3080/3080 3091/3091
f 3023/3023 3080/3080 3028/3028
f 2997/2997 3023/3023 3028/3028
f 2977/2977 3003/3003 2997/2997
f 2965/2965 2993/2993 2977/2977
f 2964/2964 2965/2965 2977/2977
f 2980/2980 2983/2983 2973/2973
f 2994/2994 2986/2986 2980/2980
f 3022/3022 3002/3002 2995/2995
f 3045/3045 3022/3022 3052/3052
f 3046/3046 3052/3052 3094/3094
f 3095/3095 3046/3046 3094/3094
f 3114/3114 3133/3133 3113/3113
f 6217/6217 6221/6221 6220/6220
f 6951/6951 6952/6952 6953/6953
f 6953/6953 6952/6952 6879/6879
f 4105/4105 4106/4106 4107/4107
f 5726/5726 5720/5720 5708/5708
f 5726/5726 5708/5708 5716/5716
f 6512/6512 6514/6514 6515/6515
f 4107/4107 4153/4153 4152/4152
f 7802/7802 7804/7804 7805/7805
f 7805/7805 7804/7804 7810/7810
f 5665/5665 5666/5666 5667/5667
f 7809/7809 7810/7810 7852/7852
f 7852/7852 7850/7850 7845/7845
f 7850/7850 7837/7837 7845/7845
f 6858/6858 6566/6566 6572/6572
f 6572/6572 6566/6566 6562/6562
f 4128/4128 4181/4181 4129/4129
f 4387/4387 4385/4385 4386/4386
f 5376/5376 5367/5367 5364/5364
f 5364/5364 5367/5367 5366/5366
f 7831/7831 7821/7821 7829/7829
f 7827/7827 7821/7821 7819/7819
f 7819/7819 7818/7818 7816/7816
f 7816/7816 7818/7818 7817/7817
f 6571/6571 6708/6708 6734/6734
f 7817/7817 7862/7862 7815/7815
f 6734/6734 6808/6808 6819/6819
f 7815/7815 7862/7862 7872/7872
f 7195/7195 7198/7198 7197/7197
f 822/822 791/791 602/602
f 602/602 791/791 611/611
f 579/579 611/611 585/585
f 585/585 594/594 545/545
f 545/545 594/594 577/577
f 7256/7256 7266/7266 7245/7245
f 7245/7245 7266/7266 7265/7265
f 7246/7246 7256/7256 7245/7245
f 2602/2602 2531/2531 2601/2601
f 7270/7270 7249/7249 7251/7251
f 7274/7274 7270/7270 7251/7251
f 6121/6121 6116/6116 6080/6080
f 2601/2601 2531/2531 2530/2530
f 2447/2447 2445/2445 2446/2446
f 7183/7183 7167/7167 7169/7169
f 7261/7261 7263/7263 7262/7262
f 2407/2407 2408/2408 2405/2405
f 2407/2407 2405/2405 2406/2406
f 7260/7260 7261/7261 7223/7223
f 7223/7223 7261/7261 7262/7262
f 7281/7281 7260/7260 7259/7259
f 7259/7259 7260/7260 7223/7223
f 7217/7217 7281/7281 7259/7259
f 5956/5956 5966/5966 5975/5975
f 7217/7217 7259/7259 7223/7223
f 5917/5917 5924/5924 5921/5921
f 5917/5917 5921/5921 5920/5920
f 5917/5917 5920/5920 5918/5918
f 2997/2997 3028/3028 3005/3005
f 2977/2977 2997/2997 2982/2982
f 2972/2972 2973/2973 2970/2970
f 2970/2970 2973/2973 2965/2965
f 2980/2980 2973/2973 2972/2972
f 2998/2998 2994/2994 2980/2980
f 2995/2995 2998/2998 3022/3022
f 3052/3052 3022/3022 3101/3101
f 3052/3052 3101/3101 3124/3124
f 2651/2651 2661/2661 2662/2662
f 3052/3052 3124/3124 3107/3107
f 3052/3052 3107/3107 3094/3094
f 3113/3113 3046/3046 3095/3095
f 4753/4753 4752/4752 4751/4751
f 6217/6217 6220/6220 6215/6215
f 6953/6953 6879/6879 6958/6958
f 6958/6958 6879/6879 6775/6775
f 6879/6879 6774/6774 6775/6775
f 6774/6774 6688/6688 6775/6775
f 6688/6688 6655/6655 6653/6653
f 7809/7809 7805/7805 7810/7810
f 7809/7809 7852/7852 7860/7860
f 7860/7860 7852/7852 7845/7845
f 7131/7131 7124/7124 7126/7126
f 7837/7837 7834/7834 7836/7836
f 7836/7836 7834/7834 7831/7831
f 4400/4400 4385/4385 4387/4387
f 3980/3980 3981/3981 3979/3979
f 3981/3981 3982/3982 3979/3979
f 7829/7829 7821/7821 7827/7827
f 4031/4031 4030/4030 4029/4029
f 6819/6819 6808/6808 6836/6836
f 7815/7815 7872/7872 7839/7839
f 6836/6836 6830/6830 6832/6832
f 6855/6855 6836/6836 6832/6832
f 5317/5317 5319/5319 5341/5341
f 6832/6832 6830/6830 6831/6831
f 6832/6832 6831/6831 6835/6835
f 6831/6831 6833/6833 6835/6835
f 602/602 611/611 579/579
f 579/579 585/585 546/546
f 585/585 545/545 546/546
f 7195/7195 7197/7197 7196/7196
f 7195/7195 7196/7196 7186/7186
f 577/577 607/607 591/591
f 591/591 607/607 606/606
f 7266/7266 7278/7278 7282/7282
f 7270/7270 7271/7271 7249/7249
f 7250/7250 7256/7256 7246/7246
f 7249/7249 7250/7250 7246/7246
f 7199/7199 7200/7200 7180/7180
f 6020/6020 6061/6061 6060/6060
f 7180/7180 7183/7183 7169/7169
f 4160/4160 4163/4163 4162/4162
f 7155/7155 7169/7169 7167/7167
f 7155/7155 7167/7167 7157/7157
f 5981/5981 5982/5982 5983/5983
f 5981/5981 5983/5983 5986/5986
f 7157/7157 7158/7158 7156/7156
f 2438/2438 2407/2407 2425/2425
f 7026/7026 7024/7024 7021/7021
f 6008/6008 5981/5981 5986/5986
f 7024/7024 7025/7025 7023/7023
f 7021/7021 7024/7024 7023/7023
f 7046/7046 7023/7023 7025/7025
f 5986/5986 6025/6025 5975/5975
f 2405/2405 2417/2417 2414/2414
f 2414/2414 2440/2440 2432/2432
f 5956/5956 5975/5975 5940/5940
f 5935/5935 5956/5956 5940/5940
f 5935/5935 5940/5940 5936/5936
f 5935/5935 5936/5936 5924/5924
f 3091/3091 3115/3115 3029/3029
f 3028/3028 3091/3091 3029/3029
f 2982/2982 2997/2997 3005/3005
f 2964/2964 2977/2977 2959/2959
f 2959/2959 2977/2977 2982/2982
f 2959/2959 2982/2982 2967/2967
f 2965/2965 2964/2964 2958/2958
f 2958/2958 2964/2964 2959/2959
f 2987/2987 2980/2980 2972/2972
f 3022/3022 2998/2998 3040/3040
f 3022/3022 3040/3040 3101/3101
f 3139/3139 3124/3124 3101/3101
f 3107/3107 3124/3124 3139/3139
f 3094/3094 3107/3107 3099/3099
f 3095/3095 3094/3094 3099/3099
f 3112/3112 3095/3095 3100/3100
f 3095/3095 3099/3099 3100/3100
f 3114/3114 3113/3113 3095/3095
f 6956/6956 6955/6955 6951/6951
f 6956/6956 6951/6951 6953/6953
f 5722/5722 5726/5726 5716/5716
f 6659/6659 6671/6671 6541/6541
f 6541/6541 6671/6671 6515/6515
f 5667/5667 5666/5666 5676/5676
f 5416/5416 5415/5415 5414/5414
f 7806/7806 7802/7802 7805/7805
f 7806/7806 7805/7805 7809/7809
f 7860/7860 7845/7845 7840/7840
f 7845/7845 7837/7837 7840/7840
f 7840/7840 7837/7837 7836/7836
f 4126/4126 4128/4128 4129/4129
f 5372/5372 5384/5384 5376/5376
f 5372/5372 5376/5376 5364/5364
f 5364/5364 5366/5366 5365/5365
f 7819/7819 7816/7816 7823/7823
f 6571/6571 6734/6734 6732/6732
f 6732/6732 6734/6734 6819/6819
f 7816/7816 7815/7815 7826/7826
f 6995/6995 6836/6836 6996/6996
f 7815/7815 7839/7839 7826/7826
f 6832/6832 6835/6835 6988/6988
f 812/812 602/602 811/811
f 601/601 602/602 579/579
f 7190/7190 7195/7195 7186/7186
f 550/550 577/577 591/591
f 7272/7272 7250/7250 7249/7249
f 7271/7271 7272/7272 7249/7249
f 7256/7256 7278/7278 7266/7266
f 2602/2602 2601/2601 2600/2600
f 2600/2600 2601/2601 2599/2599
f 404/404 324/324 433/433
f 7186/7186 7180/7180 7182/7182
f 2599/2599 2530/2530 2462/2462
f 2599/2599 2462/2462 2598/2598
f 6061/6061 6089/6089 6106/6106
f 7180/7180 7169/7169 7168/7168
f 7182/7182 7180/7180 7168/7168
f 5982/5982 6020/6020 5984/5984
f 7168/7168 7169/7169 7155/7155
f 5982/5982 5984/5984 5983/5983
f 7155/7155 7157/7157 7156/7156
f 5983/5983 5988/5988 5987/5987
f 5986/5986 5983/5983 5987/5987
f 7028/7028 7026/7026 7021/7021
f 2425/2425 2406/2406 2431/2431
f 7022/7022 7021/7021 7023/7023
f 6025/6025 5986/5986 5987/5987
f 2405/2405 2414/2414 2398/2398
f 2414/2414 2432/2432 2398/2398
f 5924/5924 5936/5936 5925/5925
f 5924/5924 5925/5925 5921/5921
f 5920/5920 5921/5921 5922/5922
f 3115/3115 3121/3121 3029/3029
f 3028/3028 3029/3029 3005/3005
f 4162/4162 4103/4103 4088/4088
f 2982/2982 3005/3005 2988/2988
f 2958/2958 2970/2970 2965/2965
f 2955/2955 2958/2958 2959/2959
f 2972/2972 2970/2970 2969/2969
f 2998/2998 2980/2980 2987/2987
f 3101/3101 3040/3040 3145/3145
f 3101/3101 3145/3145 3170/3170
f 3139/3139 3101/3101 3170/3170
f 3139/3139 3170/3170 3108/3108
f 3107/3107 3139/3139 3108/3108
f 3099/3099 3107/3107 3096/3096
f 3107/3107 3108/3108 3096/3096
f 3100/3100 3099/3099 3098/3098
f 3098/3098 3099/3099 3096/3096
f 3114/3114 3095/3095 3135/3135
f 3312/3312 3114/3114 3135/3135
f 3135/3135 3095/3095 3112/3112
f 6956/6956 6953/6953 6958/6958
f 6215/6215 6216/6216 6207/6207
f 6223/6223 6217/6217 6213/6213
f 6213/6213 6217/6217 6215/6215
f 6775/6775 6688/6688 6739/6739
f 5716/5716 5708/5708 5709/5709
f 5709/5709 5708/5708 5700/5700
f 5709/5709 5700/5700 5698/5698
f 5673/5673 5665/5665 5667/5667
f 6195/6195 6196/6196 6194/6194
f 7860/7860 7840/7840 7871/7871
f 4130/4130 4128/4128 4126/4126
f 7836/7836 7831/7831 7829/7829
f 4387/4387 4386/4386 4388/4388
f 4388/4388 4386/4386 4389/4389
f 5372/5372 5364/5364 5363/5363
f 5363/5363 5364/5364 5365/5365
f 3977/3977 3980/3980 3979/3979
f 3978/3978 3977/3977 3979/3979
f 7829/7829 7827/7827 7828/7828
f 3979/3979 4030/4030 4032/4032
f 4032/4032 4030/4030 4031/4031
f 6563/6563 6571/6571 6570/6570
f 7824/7824 7819/7819 7823/7823
f 6698/6698 6571/6571 6732/6732
f 7823/7823 7816/7816 7825/7825
f 6732/6732 6819/6819 6837/6837
f 7816/7816 7826/7826 7825/7825
f 7825/7825 7826/7826 7873/7873
f 6855/6855 6832/6832 6988/6988
f 811/811 602/602 601/601
f 601/601 579/579 578/578
f 578/578 579/579 546/546
f 578/578 546/546 541/541
f 541/541 546/546 540/540
f 540/540 546/546 545/545
f 7272/7272 7273/7273 7250/7250
f 7267/7267 7283/7283 7256/7256
f 7250/7250 7267/7267 7256/7256
f 7256/7256 7283/7283 7279/7279
f 545/545 577/577 550/550
f 7256/7256 7279/7279 7278/7278
f 400/400 418/418 290/290
f 7179/7179 7182/7182 7172/7172
f 606/606 816/816 588/588
f 588/588 816/816 817/817
f 166/166 157/157 324/324
f 2462/2462 2463/2463 2549/2549
f 6060/6060 6061/6061 6093/6093
f 7172/7172 7182/7182 7168/7168
f 6020/6020 6060/6060 5984/5984
f 5983/5983 5984/5984 5985/5985
f 5983/5983 5985/5985 5988/5988
f 7018/7018 7021/7021 7022/7022
f 2397/2397 2405/2405 2398/2398
f 6026/6026 6074/6074 5970/5970
f 2415/2415 2432/2432 2435/2435
f 5940/5940 5970/5970 5936/5936
f 5921/5921 5925/5925 5923/5923
f 5922/5922 5921/5921 5923/5923
f 3029/3029 3121/3121 3011/3011
f 3005/3005 3029/3029 3011/3011
f 2967/2967 2982/2982 2971/2971
f 2971/2971 2982/2982 2988/2988
f 2955/2955 2959/2959 2956/2956
f 2956/2956 2959/2959 2960/2960
f 2959/2959 2967/2967 2966/2966
f 2969/2969 2970/2970 2958/2958
f 2987/2987 2972/2972 2969/2969
f 3051/3051 2998/2998 3010/3010
f 2998/2998 2987/2987 3010/3010
f 3040/3040 2998/2998 3051/3051
f 4103/4103 4102/4102 4088/4088
f 3040/3040 3051/3051 3145/3145
f 3170/3170 3145/3145 3172/3172
f 3108/3108 3170/3170 3141/3141
f 3170/3170 3172/3172 3141/3141
f 3108/3108 3141/3141 3088/3088
f 2653/2653 2652/2652 2654/2654
f 3098/3098 3096/3096 3097/3097
f 3097/3097 3096/3096 3087/3087
f 3135/3135 3112/3112 3308/3308
f 3112/3112 3100/3100 3308/3308
f 3308/3308 3100/3100 3098/3098
f 3308/3308 3098/3098 3290/3290
f 6213/6213 6215/6215 6214/6214
f 6214/6214 6215/6215 6207/6207
f 6961/6961 6958/6958 6775/6775
f 6961/6961 6775/6775 6739/6739
f 5722/5722 5716/5716 5709/5709
f 4107/4107 4152/4152 4151/4151
f 4150/4150 4151/4151 4231/4231
f 6192/6192 6195/6195 6194/6194
f 7131/7131 7126/7126 7132/7132
f 4644/4644 4645/4645 4643/4643
f 4643/4643 4645/4645 4649/4649
f 6573/6573 6572/6572 6562/6562
f 7840/7840 7836/7836 7851/7851
f 7871/7871 7840/7840 7851/7851
f 4388/4388 4389/4389 4390/4390
f 5373/5373 5372/5372 5363/5363
f 7851/7851 7836/7836 7829/7829
f 7851/7851 7829/7829 7843/7843
f 4397/4397 4387/4387 4388/4388
f 7843/7843 7829/7829 7830/7830
f 7830/7830 7829/7829 7828/7828
f 7827/7827 7819/7819 7824/7824
f 7828/7828 7827/7827 7824/7824
f 6570/6570 6571/6571 6698/6698
f 7014/7014 6995/6995 6996/6996
f 868/868 869/869 832/832
f 832/832 869/869 852/852
f 852/852 859/859 811/811
f 811/811 601/601 761/761
f 814/814 811/811 761/761
f 7181/7181 7179/7179 7173/7173
f 7273/7273 7275/7275 7267/7267
f 7173/7173 7179/7179 7171/7171
f 7273/7273 7267/7267 7250/7250
f 540/540 545/545 535/535
f 535/535 545/545 550/550
f 7179/7179 7172/7172 7170/7170
f 7171/7171 7179/7179 7170/7170
f 572/572 606/606 588/588
f 2598/2598 2462/2462 2549/2549
f 7152/7152 7172/7172 7168/7168
f 7152/7152 7168/7168 7155/7155
f 5984/5984 6024/6024 5985/5985
f 7155/7155 7156/7156 7154/7154
f 7027/7027 7028/7028 7021/7021
f 5987/5987 5988/5988 5989/5989
f 7628/7628 7730/7730 7731/7731
f 5987/5987 6007/6007 6025/6025
f 2431/2431 2406/2406 2418/2418
f 2418/2418 2406/2406 2397/2397
f 6026/6026 6025/6025 6053/6053
f 5936/5936 5970/5970 5959/5959
f 4160/4160 4162/4162 4161/4161
f 5925/5925 5936/5936 5959/5959
f 3011/3011 3121/3121 3130/3130
f 2988/2988 3005/3005 3011/3011
f 2971/2971 2988/2988 2976/2976
f 2960/2960 2959/2959 2966/2966
f 2966/2966 2967/2967 2971/2971
f 2969/2969 2958/2958 2968/2968
f 2954/2954 2958/2958 2955/2955
f 2989/2989 2987/2987 2969/2969
f 3051/3051 3010/3010 3089/3089
f 3167/3167 3051/3051 3089/3089
f 3145/3145 3051/3051 3167/3167
f 3172/3172 3145/3145 3167/3167
f 3172/3172 3167/3167 3161/3161
f 3141/3141 3172/3172 3161/3161
f 3141/3141 3161/3161 3106/3106
f 3088/3088 3141/3141 3106/3106
f 3088/3088 3106/3106 3084/3084
f 3096/3096 3088/3088 3087/3087
f 3087/3087 3088/3088 3084/3084
f 3087/3087 3084/3084 3086/3086
f 3309/3309 3097/3097 3087/3087
f 3290/3290 3098/3098 3097/3097
f 6223/6223 6213/6213 6212/6212
f 6963/6963 6958/6958 6961/6961
f 6739/6739 6688/6688 6653/6653
f 6651/6651 6659/6659 6541/6541
f 4113/4113 4107/4107 4151/4151
f 6192/6192 6194/6194 6193/6193
f 6187/6187 6192/6192 6193/6193
f 6186/6186 6187/6187 6188/6188
f 6186/6186 6188/6188 6189/6189
f 3976/3976 3977/3977 3975/3975
f 3975/3975 3977/3977 3978/3978
f 7844/7844 7843/7843 7830/7830
f 3979/3979 4032/4032 4033/4033
f 6562/6562 6563/6563 6570/6570
f 4158/4158 4159/4159 4157/4157
f 6732/6732 6837/6837 6838/6838
f 832/832 852/852 814/814
f 7275/7275 7276/7276 7267/7267
f 601/601 578/578 605/605
f 578/578 541/541 552/552
f 485/485 395/395 389/389
f 539/539 540/540 535/535
f 535/535 550/550 534/534
f 534/534 550/550 572/572
f 176/176 174/174 177/177
f 2600/2600 2598/2598 2597/2597
f 7170/7170 7172/7172 7152/7152
f 2596/2596 2598/2598 2549/2549
f 6093/6093 6123/6123 6077/6077
f 2463/2463 2464/2464 2465/2465
f 7152/7152 7155/7155 7154/7154
f 5985/5985 6024/6024 5990/5990
f 5988/5988 5985/5985 5990/5990
f 5988/5988 5990/5990 5989/5989
f 7027/7027 7021/7021 7020/7020
f 5987/5987 5989/5989 6006/6006
f 6007/6007 5987/5987 6006/6006
f 6074/6074 6053/6053 6055/6055
f 6074/6074 5907/5907 5970/5970
f 5970/5970 5907/5907 5959/5959
f 5959/5959 5907/5907 5906/5906
f 5925/5925 5959/5959 5960/5960
f 5925/5925 5960/5960 5938/5938
f 5925/5925 5938/5938 5927/5927
f 5923/5923 5925/5925 5926/5926
f 5925/5925 5927/5927 5926/5926
f 5923/5923 5926/5926 5947/5947
f 3130/3130 3054/3054 3011/3011
f 2988/2988 3011/3011 3007/3007
f 2966/2966 2971/2971 2974/2974
f 2974/2974 2971/2971 2976/2976
f 2968/2968 2958/2958 2954/2954
f 2954/2954 2955/2955 2956/2956
f 2956/2956 2960/2960 2961/2961
f 2765/2765 2761/2761 2764/2764
f 2765/2765 2764/2764 2840/2840
f 2990/2990 2989/2989 2969/2969
f 2990/2990 2969/2969 2968/2968
f 3039/3039 2989/2989 2990/2990
f 3010/3010 2989/2989 3039/3039
f 3010/3010 3039/3039 3090/3090
f 3089/3089 3010/3010 3090/3090
f 3167/3167 3089/3089 3161/3161
f 3161/3161 3089/3089 3090/3090
f 3161/3161 3127/3127 3106/3106
f 3290/3290 3097/3097 3309/3309
f 3309/3309 3087/3087 3086/3086
f 3291/3291 3312/3312 3135/3135
f 3291/3291 3135/3135 3268/3268
f 3268/3268 3135/3135 3308/3308
f 3268/3268 3308/3308 3288/3288
f 3308/3308 3290/3290 3288/3288
f 6206/6206 6213/6213 6214/6214
f 6206/6206 6214/6214 6207/6207
f 6212/6212 6213/6213 6206/6206
f 5721/5721 5722/5722 5709/5709
f 6654/6654 6659/6659 6651/6651
f 5706/5706 5698/5698 5696/5696
f 4150/4150 4231/4231 4224/4224
f 5667/5667 5676/5676 5675/5675
f 4253/4253 4255/4255 4254/4254
f 6186/6186 6192/6192 6187/6187
f 4391/4391 4388/4388 4390/4390
f 5375/5375 5373/5373 5363/5363
f 6189/6189 6188/6188 6190/6190
f 6189/6189 6190/6190 6191/6191
f 4035/4035 3978/3978 3979/3979
f 4035/4035 3979/3979 4034/4034
f 4090/4090 4129/4129 4158/4158
f 4034/4034 3979/3979 4033/4033
f 6191/6191 6190/6190 6198/6198
f 4090/4090 4158/4158 4157/4157
f 6815/6815 6732/6732 6838/6838
f 7012/7012 7014/7014 7013/7013
f 868/868 832/832 819/819
f 7605/7605 7635/7635 7502/7502
f 7287/7287 7286/7286 7276/7276
f 7288/7288 7287/7287 7276/7276
f 7178/7178 7175/7175 7174/7174
f 7276/7276 7286/7286 7267/7267
f 7267/7267 7286/7286 7284/7284
f 7174/7174 7175/7175 7173/7173
f 761/761 601/601 605/605
f 605/605 578/578 552/552
f 7173/7173 7171/7171 7166/7166
f 7166/7166 7171/7171 7170/7170
f 572/572 588/588 537/537
f 157/157 156/156 154/154
f 2597/2597 2598/2598 2596/2596
f 7160/7160 7170/7170 7152/7152
f 2549/2549 2465/2465 2545/2545
f 7152/7152 7154/7154 7151/7151
f 7730/7730 7627/7627 7734/7734
f 6007/6007 6006/6006 6005/6005
f 6011/6011 6007/6007 6005/6005
f 6053/6053 6011/6011 6055/6055
f 2397/2397 2398/2398 2399/2399
f 2398/2398 2415/2415 2400/2400
f 3011/3011 3054/3054 3008/3008
f 3007/3007 3011/3011 3008/3008
f 2976/2976 2988/2988 2981/2981
f 2981/2981 2988/2988 3007/3007
f 2968/2968 2954/2954 2963/2963
f 2954/2954 2956/2956 2957/2957
f 2963/2963 2954/2954 2957/2957
f 2957/2957 2956/2956 2961/2961
f 2962/2962 2960/2960 2966/2966
f 3039/3039 2990/2990 3128/3128
f 3039/3039 3128/3128 3090/3090
f 3090/3090 3128/3128 3176/3176
f 3090/3090 3176/3176 3159/3159
f 3161/3161 3090/3090 3159/3159
f 3106/3106 3127/3127 3082/3082
f 3084/3084 3106/3106 3082/3082
f 3086/3086 3084/3084 3083/3083
f 3083/3083 3084/3084 3082/3082
f 3086/3086 3083/3083 3085/3085
f 3286/3286 3086/3086 3085/3085
f 3290/3290 3309/3309 3289/3289
f 3289/3289 3309/3309 3286/3286
f 3309/3309 3086/3086 3286/3286
f 3285/3285 3288/3288 3290/3290
f 6206/6206 6207/6207 6204/6204
f 6962/6962 6963/6963 6961/6961
f 4105/4105 4107/4107 4113/4113
f 5721/5721 5709/5709 5706/5706
f 5721/5721 5706/5706 5719/5719
f 5696/5696 5698/5698 5694/5694
f 4391/4391 4390/4390 4392/4392
f 5386/5386 5373/5373 5379/5379
f 6573/6573 6562/6562 6574/6574
f 5379/5379 5373/5373 5375/5375
f 3974/3974 3976/3976 3975/3975
f 3975/3975 3978/3978 4035/4035
f 6574/6574 6562/6562 6570/6570
f 6197/6197 6189/6189 6191/6191
f 6197/6197 6191/6191 6199/6199
f 6199/6199 6191/6191 6198/6198
f 6197/6197 6199/6199 6200/6200
f 6200/6200 6199/6199 6201/6201
f 6570/6570 6698/6698 6699/6699
f 6699/6699 6698/6698 6733/6733
f 819/819 832/832 774/774
f 7287/7287 7289/7289 7286/7286
f 7177/7177 7178/7178 7174/7174
f 832/832 814/814 774/774
f 774/774 814/814 813/813
f 7286/7286 7289/7289 7284/7284
f 813/813 814/814 761/761
f 813/813 761/761 753/753
f 753/753 761/761 605/605
f 414/414 320/320 395/395
f 605/605 552/552 604/604
f 4156/4156 4159/4159 4160/4160
f 552/552 541/541 539/539
f 538/538 539/539 535/535
f 536/536 535/535 532/532
f 532/532 535/535 534/534
f 537/537 588/588 547/547
f 547/547 609/609 586/586
f 7166/7166 7170/7170 7160/7160
f 7149/7149 7160/7160 7152/7152
f 2572/2572 2549/2549 2545/2545
f 343/343 342/342 429/429
f 7029/7029 7027/7027 7020/7020
f 5990/5990 6010/6010 5991/5991
f 5989/5989 5990/5990 5991/5991
f 7044/7044 7020/7020 7019/7019
f 5989/5989 5991/5991 5992/5992
f 6006/6006 5989/5989 6005/6005
f 5989/5989 5992/5992 6005/6005
f 6055/6055 6011/6011 6018/6018
f 2399/2399 2398/2398 2400/2400
f 5906/5906 5907/5907 5896/5896
f 5960/5960 5906/5906 5905/5905
f 2410/2410 2416/2416 2466/2466
f 5938/5938 5960/5960 5905/5905
f 5938/5938 5905/5905 5937/5937
f 5927/5927 5938/5938 5937/5937
f 5926/5926 5927/5927 5928/5928
f 5926/5926 5928/5928 5929/5929
f 5947/5947 5926/5926 5946/5946
f 5926/5926 5929/5929 5946/5946
f 3008/3008 3054/3054 3053/3053
f 2974/2974 2976/2976 2981/2981
f 2962/2962 2966/2966 2975/2975
f 2975/2975 2966/2966 2974/2974
f 2968/2968 2963/2963 3027/3027
f 2961/2961 2960/2960 2962/2962
f 2990/2990 2968/2968 3027/3027
f 2990/2990 3027/3027 3128/3128
f 3128/3128 3027/3027 3153/3153
f 3176/3176 3128/3128 3153/3153
f 3159/3159 3176/3176 3168/3168
f 3159/3159 3168/3168 3154/3154
f 3127/3127 3159/3159 3154/3154
f 3082/3082 3127/3127 3081/3081
f 3083/3083 3082/3082 3076/3076
f 3285/3285 3290/3290 3289/3289
f 3268/3268 3288/3288 3267/3267
f 6962/6962 6961/6961 6960/6960
f 6961/6961 6739/6739 6960/6960
f 6960/6960 6739/6739 6874/6874
f 6738/6738 6739/6739 6653/6653
f 5696/5696 5694/5694 5697/5697
f 4151/4151 4150/4150 4148/4148
f 4127/4127 4130/4130 4126/4126
f 6695/6695 6572/6572 6573/6573
f 4126/4126 4129/4129 4090/4090
f 6202/6202 6200/6200 6201/6201
f 7491/7491 7608/7608 7607/7607
f 4157/4157 4159/4159 4156/4156
f 7176/7176 7177/7177 7174/7174
f 7176/7176 7174/7174 7165/7165
f 7174/7174 7173/7173 7165/7165
f 753/753 605/605 604/604
f 7165/7165 7173/7173 7166/7166
f 552/552 539/539 551/551
f 538/538 535/535 536/536
f 532/532 534/534 530/530
f 530/530 534/534 533/533
f 533/533 534/534 537/537
f 533/533 537/537 547/547
f 586/586 609/609 587/587
f 587/587 609/609 616/616
f 2573/2573 2596/2596 2572/2572
f 7149/7149 7152/7152 7151/7151
f 2465/2465 2473/2473 2521/2521
f 2545/2545 2465/2465 2521/2521
f 7029/7029 7020/7020 7030/7030
f 5991/5991 6010/6010 5994/5994
f 5991/5991 5994/5994 5993/5993
f 5992/5992 5991/5991 5993/5993
f 5992/5992 5993/5993 5995/5995
f 5992/5992 5995/5995 6013/6013
f 6005/6005 5992/5992 6013/6013
f 6005/6005 6013/6013 6014/6014
f 2502/2502 2461/2461 2459/2459
f 6011/6011 6005/6005 6014/6014
f 6018/6018 6011/6011 6014/6014
f 2413/2413 2397/2397 2399/2399
f 2399/2399 2400/2400 2401/2401
f 5937/5937 5905/5905 5972/5972
f 5937/5937 5972/5972 5941/5941
f 4161/4161 4162/4162 4088/4088
f 3053/3053 3017/3017 3008/3008
f 2974/2974 2981/2981 2979/2979
f 2963/2963 2957/2957 2992/2992
f 2992/2992 2957/2957 2961/2961
f 2992/2992 2961/2961 2985/2985
f 2985/2985 2961/2961 2962/2962
f 2985/2985 2962/2962 2984/2984
f 3027/3027 2963/2963 3105/3105
f 3105/3105 2963/2963 2992/2992
f 3153/3153 3027/3027 3105/3105
f 3176/3176 3153/3153 3105/3105
f 3176/3176 3105/3105 3168/3168
f 3127/3127 3154/3154 3123/3123
f 3127/3127 3123/3123 3081/3081
f 3081/3081 3123/3123 3074/3074
f 3082/3082 3081/3081 3076/3076
f 3083/3083 3076/3076 3085/3085
f 3277/3277 3286/3286 3085/3085
f 2678/2678 2733/2733 2756/2756
f 3267/3267 3288/3288 3285/3285
f 3285/3285 3289/3289 3287/3287
f 3287/3287 3289/3289 3286/3286
f 2756/2756 2784/2784 2804/2804
f 3284/3284 3291/3291 3268/3268
f 6203/6203 6212/6212 6206/6206
f 6203/6203 6206/6206 6204/6204
f 6211/6211 6223/6223 6212/6212
f 6211/6211 6212/6212 6203/6203
f 6874/6874 6739/6739 6738/6738
f 6738/6738 6653/6653 6717/6717
f 6653/6653 6654/6654 6651/6651
f 6651/6651 6541/6541 6532/6532
f 6532/6532 6516/6516 6533/6533
f 5674/5674 5667/5667 5662/5662
f 5667/5667 5675/5675 5662/5662
f 3971/3971 3974/3974 3973/3973
f 3973/3973 3974/3974 3975/3975
f 6574/6574 6570/6570 6575/6575
f 6575/6575 6570/6570 6689/6689
f 6699/6699 6733/6733 6815/6815
f 7006/7006 7012/7012 7008/7008
f 870/870 819/819 793/793
f 793/793 819/819 774/774
f 450/450 447/447 445/445
f 834/834 774/774 813/813
f 834/834 813/813 753/753
f 753/753 604/604 603/603
f 603/603 604/604 552/552
f 603/603 552/552 551/551
f 536/536 532/532 531/531
f 530/530 533/533 528/528
f 569/569 547/547 586/586
f 569/569 586/586 587/587
f 2573/2573 2572/2572 2548/2548
f 7149/7149 7151/7151 7150/7150
f 7031/7031 7029/7029 7030/7030
f 2521/2521 2473/2473 2475/2475
f 2521/2521 2475/2475 2508/2508
f 6010/6010 6027/6027 5994/5994
f 7629/7629 7658/7658 7732/7732
f 7038/7038 7030/7030 7037/7037
f 6013/6013 5995/5995 6015/6015
f 6018/6018 6014/6014 6017/6017
f 6018/6018 6017/6017 5908/5908
f 2401/2401 2400/2400 2402/2402
f 2401/2401 2402/2402 2403/2403
f 2410/2410 2374/2374 2411/2411
f 5928/5928 5937/5937 5941/5941
f 5929/5929 5928/5928 5933/5933
f 5946/5946 5929/5929 5939/5939
f 5929/5929 5933/5933 5939/5939
f 3017/3017 3053/3053 3018/3018
f 3053/3053 3116/3116 3018/3018
f 2981/2981 3008/3008 2991/2991
f 2984/2984 2962/2962 2975/2975
f 3015/3015 2985/2985 2984/2984
f 3015/3015 2984/2984 3014/3014
f 3105/3105 2992/2992 3110/3110
f 2992/2992 2985/2985 3110/3110
f 3110/3110 2985/2985 3015/3015
f 3168/3168 3105/3105 3110/3110
f 3168/3168 3110/3110 3156/3156
f 3154/3154 3168/3168 3156/3156
f 3154/3154 3156/3156 3109/3109
f 3154/3154 3109/3109 3123/3123
f 3074/3074 3123/3123 3109/3109
f 3081/3081 3074/3074 3076/3076
f 3277/3277 3085/3085 3310/3310
f 3085/3085 3076/3076 3310/3310
f 3287/3287 3286/3286 3273/3273
f 3273/3273 3286/3286 3277/3277
f 3284/3284 3268/3268 3258/3258
f 6203/6203 6204/6204 6205/6205
f 4105/4105 4113/4113 4114/4114
f 5719/5719 5706/5706 5718/5718
f 5706/5706 5696/5696 5697/5697
f 5379/5379 5375/5375 5389/5389
f 5389/5389 5375/5375 5390/5390
f 3973/3973 3975/3975 4036/4036
f 4036/4036 3975/3975 4035/4035
f 6689/6689 6570/6570 6699/6699
f 7006/7006 7008/7008 7007/7007
f 784/784 870/870 793/793
f 757/757 774/774 763/763
f 551/551 539/539 538/538
f 538/538 536/536 531/531
f 531/531 532/532 530/530
f 569/569 533/533 547/547
f 598/598 587/587 616/616
f 2548/2548 2572/2572 2544/2544
f 2572/2572 2545/2545 2544/2544
f 2544/2544 2545/2545 2521/2521
f 7045/7045 7038/7038 7037/7037
f 5994/5994 6027/6027 5993/5993
f 5993/5993 6027/6027 6004/6004
f 5993/5993 6004/6004 5996/5996
f 5995/5995 5993/5993 5996/5996
f 4160/4160 4161/4161 4156/4156
f 6014/6014 6013/6013 6015/6015
f 6014/6014 6015/6015 6016/6016
f 6017/6017 6014/6014 6016/6016
f 2430/2430 2399/2399 2401/2401
f 2403/2403 2402/2402 2404/2404
f 2404/2404 2402/2402 2410/2410
f 2404/2404 2410/2410 2411/2411
f 5972/5972 5895/5895 5898/5898
f 5941/5941 5898/5898 5942/5942
f 5928/5928 5941/5941 5942/5942
f 5928/5928 5942/5942 5934/5934
f 5928/5928 5934/5934 5933/5933
f 3008/3008 3017/3017 2991/2991
f 2991/2991 2979/2979 2981/2981
f 2978/2978 2984/2984 2975/2975
f 3014/3014 2984/2984 2978/2978
f 3014/3014 2978/2978 3025/3025
f 3015/3015 3014/3014 3104/3104
f 3110/3110 3015/3015 3104/3104
f 3157/3157 3110/3110 3104/3104
f 3156/3156 3110/3110 3157/3157
f 3148/3148 3156/3156 3157/3157
f 3109/3109 3156/3156 3122/3122
f 3156/3156 3148/3148 3122/3122
f 3109/3109 3122/3122 3073/3073
f 3074/3074 3109/3109 3073/3073
f 3311/3311 3076/3076 3075/3075
f 3310/3310 3076/3076 3311/3311
f 3275/3275 3310/3310 3311/3311
f 3277/3277 3310/3310 3275/3275
f 3274/3274 3277/3277 3275/3275
f 3273/3273 3277/3277 3274/3274
f 3259/3259 3284/3284 3258/3258
f 3268/3268 3267/3267 3258/3258
f 3258/3258 3267/3267 3257/3257
f 3257/3257 3267/3267 3285/3285
f 6717/6717 6653/6653 6652/6652
f 6652/6652 6653/6653 6651/6651
f 4148/4148 4113/4113 4151/4151
f 4253/4253 4254/4254 4251/4251
f 4641/4641 4644/4644 4643/4643
f 5394/5394 5386/5386 5392/5392
f 5392/5392 5386/5386 5379/5379
f 6699/6699 6815/6815 6816/6816
f 793/793 774/774 757/757
f 7164/7164 7176/7176 7165/7165
f 834/834 831/831 763/763
f 7165/7165 7166/7166 7162/7162
f 603/603 551/551 829/829
f 829/829 551/551 596/596
f 596/596 551/551 538/538
f 596/596 538/538 549/549
f 549/549 538/538 531/531
f 549/549 531/531 548/548
f 7162/7162 7166/7166 7148/7148
f 531/531 530/530 526/526
f 7166/7166 7160/7160 7148/7148
f 530/530 528/528 526/526
f 528/528 533/533 529/529
f 7148/7148 7160/7160 7149/7149
f 569/569 587/587 598/598
f 598/598 616/616 788/788
f 7045/7045 7039/7039 7038/7038
f 5995/5995 5996/5996 5997/5997
f 5995/5995 5997/5997 6000/6000
f 5995/5995 6000/6000 6058/6058
f 6015/6015 5995/5995 6016/6016
f 6016/6016 5995/5995 6058/6058
f 6017/6017 6016/6016 6019/6019
f 2404/2404 2411/2411 2412/2412
f 5942/5942 5898/5898 6029/6029
f 5942/5942 6029/6029 5967/5967
f 5942/5942 5967/5967 5934/5934
f 5803/5803 5800/5800 5802/5802
f 3018/3018 3116/3116 3044/3044
f 2991/2991 3017/3017 3018/3018
f 2979/2979 2991/2991 2996/2996
f 2978/2978 2975/2975 2974/2974
f 2978/2978 2974/2974 2979/2979
f 3014/3014 3025/3025 3104/3104
f 3122/3122 3148/3148 3078/3078
f 3122/3122 3078/3078 3073/3073
f 3075/3075 3074/3074 3072/3072
f 3074/3074 3073/3073 3072/3072
f 3275/3275 3311/3311 3276/3276
f 3257/3257 3285/3285 3266/3266
f 3285/3285 3287/3287 3266/3266
f 3266/3266 3287/3287 3261/3261
f 6211/6211 6203/6203 6208/6208
f 6208/6208 6203/6203 6205/6205
f 6873/6873 6960/6960 6874/6874
f 6874/6874 6738/6738 6860/6860
f 5706/5706 5697/5697 5705/5705
f 6651/6651 6532/6532 6536/6536
f 4150/4150 4224/4224 4213/4213
f 4252/4252 4253/4253 4251/4251
f 3965/3965 3971/3971 3966/3966
f 7002/7002 7006/7006 7007/7007
f 784/784 793/793 757/757
f 757/757 763/763 756/756
f 756/756 763/763 755/755
f 830/830 831/831 829/829
f 548/548 531/531 526/526
f 526/526 528/528 527/527
f 529/529 533/533 543/543
f 533/533 569/569 543/543
f 7148/7148 7149/7149 7144/7144
f 569/569 598/598 571/571
f 7149/7149 7150/7150 7144/7144
f 2548/2548 2544/2544 2543/2543
f 598/598 788/788 821/821
f 7033/7033 7031/7031 7032/7032
f 7031/7031 7030/7030 7032/7032
f 2544/2544 2521/2521 2541/2541
f 2541/2541 2521/2521 2508/2508
f 2541/2541 2508/2508 2479/2479
f 5996/5996 6004/6004 5998/5998
f 5996/5996 5998/5998 5997/5997
f 6019/6019 6016/6016 6028/6028
f 5909/5909 6019/6019 6028/6028
f 2423/2423 2404/2404 2412/2412
f 5898/5898 5899/5899 6029/6029
f 4156/4156 4161/4161 4088/4088
f 5934/5934 5967/5967 5943/5943
f 5933/5933 5934/5934 5943/5943
f 5802/5802 5800/5800 5794/5794
f 5800/5800 5791/5791 5794/5794
f 2991/2991 3018/3018 3004/3004
f 2978/2978 2979/2979 3006/3006
f 3025/3025 2978/2978 3047/3047
f 3104/3104 3025/3025 3136/3136
f 3025/3025 3047/3047 3136/3136
f 3104/3104 3136/3136 3151/3151
f 3148/3148 3104/3104 3151/3151
f 3078/3078 3151/3151 3126/3126
f 3148/3148 3151/3151 3078/3078
f 3073/3073 3078/3078 3070/3070
f 3072/3072 3073/3073 3070/3070
f 3292/3292 3075/3075 3072/3072
f 3292/3292 3072/3072 3071/3071
f 3311/3311 3075/3075 3292/3292
f 2743/2743 2744/2744 2745/2745
f 3272/3272 3274/3274 3275/3275
f 3272/3272 3275/3275 3276/3276
f 3273/3273 3274/3274 3272/3272
f 3255/3255 3259/3259 3258/3258
f 3239/3239 3258/3258 3236/3236
f 3258/3258 3257/3257 3236/3236
f 3261/3261 3287/3287 3273/3273
f 6210/6210 6211/6211 6208/6208
f 6873/6873 6874/6874 6860/6860
f 6738/6738 6717/6717 6749/6749
f 5705/5705 5697/5697 5703/5703
f 5703/5703 5697/5697 5693/5693
f 4149/4149 4150/4150 4213/4213
f 4641/4641 4643/4643 4642/4642
f 5392/5392 5379/5379 5391/5391
f 5391/5391 5379/5379 5389/5389
f 3966/3966 3971/3971 3967/3967
f 3967/3967 3971/3971 3973/3973
f 6816/6816 7002/7002 7009/7009
f 7009/7009 7002/7002 7007/7007
f 7009/7009 7007/7007 7010/7010
f 755/755 831/831 830/830
f 7143/7143 7162/7162 7148/7148
f 615/615 549/549 548/548
f 527/527 528/528 529/529
f 543/543 569/569 567/567
f 567/567 569/569 571/571
f 597/597 598/598 821/821
f 7034/7034 7033/7033 7032/7032
f 2543/2543 2541/2541 2542/2542
f 7615/7615 7733/7733 7725/7725
f 7039/7039 7043/7043 7032/7032
f 2541/2541 2479/2479 2534/2534
f 6004/6004 6069/6069 6034/6034
f 5997/5997 5998/5998 5999/5999
f 5997/5997 5999/5999 6000/6000
f 6058/6058 6000/6000 6057/6057
f 6058/6058 6057/6057 6059/6059
f 6016/6016 6058/6058 6059/6059
f 6016/6016 6059/6059 5904/5904
f 6028/6028 6016/6016 5904/5904
f 6028/6028 5904/5904 5894/5894
f 4087/4087 4156/4156 4088/4088
f 5967/5967 6029/6029 6030/6030
f 5967/5967 6030/6030 5943/5943
f 5933/5933 5943/5943 5945/5945
f 3047/3047 2978/2978 3048/3048
f 3048/3048 2978/2978 3006/3006
f 3136/3136 3047/3047 3048/3048
f 3078/3078 3126/3126 3077/3077
f 3070/3070 3078/3078 3077/3077
f 3072/3072 3070/3070 3071/3071
f 3276/3276 3311/3311 3292/3292
f 3282/3282 3276/3276 3292/3292
f 3255/3255 3258/3258 3239/3239
f 3261/3261 3273/3273 3253/3253
f 3236/3236 3257/3257 3228/3228
f 3228/3228 3257/3257 3241/3241
f 3257/3257 3266/3266 3241/3241
f 3241/3241 3266/3266 3225/3225
f 3266/3266 3261/3261 3225/3225
f 6208/6208 6205/6205 6209/6209
f 6224/6224 6211/6211 6210/6210
f 6860/6860 6738/6738 6749/6749
f 5723/5723 5718/5718 5705/5705
f 5703/5703 5693/5693 5686/5686
f 6646/6646 6651/6651 6536/6536
f 4148/4148 4150/4150 4149/4149
f 3967/3967 3973/3973 4036/4036
f 807/807 784/784 748/748
f 748/748 784/784 757/757
f 494/494 448/448 452/452
f 7147/7147 7164/7164 7165/7165
f 756/756 755/755 737/737
f 737/737 755/755 732/732
f 7153/7153 7165/7165 7162/7162
f 7153/7153 7162/7162 7143/7143
f 7143/7143 7148/7148 7144/7144
f 615/615 548/548 576/576
f 548/548 526/526 576/576
f 576/576 526/526 525/525
f 525/525 526/526 527/527
f 571/571 598/598 597/597
f 2607/2607 2543/2543 2542/2542
f 7615/7615 7583/7583 7733/7733
f 7043/7043 7034/7034 7032/7032
f 6118/6118 6103/6103 6069/6069
f 6069/6069 6103/6103 6034/6034
f 6004/6004 6034/6034 5998/5998
f 5998/5998 6034/6034 6003/6003
f 5999/5999 5998/5998 6003/6003
f 6000/6000 5999/5999 6001/6001
f 6000/6000 6001/6001 6012/6012
f 6057/6057 6000/6000 6012/6012
f 5943/5943 6030/6030 6031/6031
f 5943/5943 6048/6048 5945/5945
f 5794/5794 5791/5791 5780/5780
f 3004/3004 3018/3018 3020/3020
f 3018/3018 3044/3044 3020/3020
f 3006/3006 2996/2996 3009/3009
f 2996/2996 3004/3004 3009/3009
f 3048/3048 3006/3006 3049/3049
f 3136/3136 3048/3048 3125/3125
f 3151/3151 3136/3136 3125/3125
f 3151/3151 3125/3125 3126/3126
f 3077/3077 3126/3126 3065/3065
f 3068/3068 3077/3077 3065/3065
f 3070/3070 3077/3077 3068/3068
f 3069/3069 3070/3070 3068/3068
f 2695/2695 2642/2642 2731/2731
f 3071/3071 3070/3070 3069/3069
f 3260/3260 3276/3276 3283/3283
f 3283/3283 3276/3276 3282/3282
f 3253/3253 3273/3273 3252/3252
f 3239/3239 3236/3236 3237/3237
f 3225/3225 3261/3261 3224/3224
f 6872/6872 6873/6873 6860/6860
f 6536/6536 6534/6534 6535/6535
f 5674/5674 5662/5662 5661/5661
f 3964/3964 3966/3966 3967/3967
f 6689/6689 6699/6699 6704/6704
f 7011/7011 6816/6816 7009/7009
f 7011/7011 7009/7009 7010/7010
f 7161/7161 7164/7164 7147/7147
f 737/737 748/748 757/757
f 7147/7147 7165/7165 7153/7153
f 737/737 732/732 736/736
f 755/755 830/830 743/743
f 7035/7035 7033/7033 7034/7034
f 527/527 529/529 542/542
f 542/542 529/529 543/543
f 567/567 571/571 570/570
f 570/570 571/571 597/597
f 7583/7583 7736/7736 7733/7733
f 2607/2607 2542/2542 2608/2608
f 6034/6034 6051/6051 6003/6003
f 5999/5999 6003/6003 6002/6002
f 6001/6001 5999/5999 6002/6002
f 6057/6057 6012/6012 6063/6063
f 6063/6063 6012/6012 6045/6045
f 6059/6059 6057/6057 6063/6063
f 6059/6059 6063/6063 5904/5904
f 6029/6029 5901/5901 5903/5903
f 6029/6029 5903/5903 6030/6030
f 6030/6030 5903/5903 6031/6031
f 2357/2357 2367/2367 2358/2358
f 5943/5943 6031/6031 6048/6048
f 2346/2346 2349/2349 2337/2337
f 5791/5791 5782/5782 5780/5780
f 5794/5794 5780/5780 5792/5792
f 3044/3044 3131/3131 3020/3020
f 3004/3004 3020/3020 3021/3021
f 3009/3009 3004/3004 3021/3021
f 3030/3030 3006/3006 3009/3009
f 3049/3049 3006/3006 3030/3030
f 2775/2775 2749/2749 2777/2777
f 3048/3048 3049/3049 3142/3142
f 3125/3125 3048/3048 3142/3142
f 3065/3065 3126/3126 3125/3125
f 3306/3306 3071/3071 3069/3069
f 3282/3282 3071/3071 3306/3306
f 2806/2806 2746/2746 2801/2801
f 3252/3252 3272/3272 3230/3230
f 3254/3254 3255/3255 3239/3239
f 3254/3254 3239/3239 3237/3237
f 3236/3236 3228/3228 3234/3234
f 3224/3224 3261/3261 3253/3253
f 3228/3228 3241/3241 3225/3225
f 6210/6210 6208/6208 6209/6209
f 6861/6861 6860/6860 6749/6749
f 6749/6749 6717/6717 6718/6718
f 6718/6718 6717/6717 6652/6652
f 5723/5723 5705/5705 5724/5724
f 6652/6652 6651/6651 6641/6641
f 4125/4125 4127/4127 4126/4126
f 4415/4415 4404/4404 4430/4430
f 5395/5395 5394/5394 5392/5392
f 3965/3965 3966/3966 3964/3964
f 4037/4037 3967/3967 4036/4036
f 4036/4036 4039/4039 4038/4038
f 6704/6704 6699/6699 6828/6828
f 6699/6699 6816/6816 6828/6828
f 858/858 807/807 806/806
f 806/806 807/807 748/748
f 491/491 449/449 494/494
f 735/735 737/737 736/736
f 732/732 755/755 734/734
f 7153/7153 7143/7143 7141/7141
f 734/734 755/755 743/743
f 7141/7141 7143/7143 7142/7142
f 267/267 330/330 323/323
f 7143/7143 7144/7144 7142/7142
f 842/842 615/615 848/848
f 848/848 615/615 576/576
f 7035/7035 7036/7036 7033/7033
f 576/576 525/525 593/593
f 593/593 525/525 544/544
f 544/544 525/525 527/527
f 542/542 543/543 553/553
f 543/543 567/567 554/554
f 553/553 543/543 554/554
f 554/554 567/567 570/570
f 7583/7583 7614/7614 7728/7728
f 7583/7583 7728/7728 7736/7736
f 2608/2608 2542/2542 2534/2534
f 6034/6034 6090/6090 6051/6051
f 6003/6003 6051/6051 6052/6052
f 6003/6003 6052/6052 6009/6009
f 6002/6002 6003/6003 6009/6009
f 6012/6012 6001/6001 6002/6002
f 2382/2382 2488/2488 2375/2375
f 6022/6022 6012/6012 6002/6002
f 6063/6063 6045/6045 6049/6049
f 6063/6063 6049/6049 6064/6064
f 2372/2372 2377/2377 2357/2357
f 5903/5903 6036/6036 6031/6031
f 3020/3020 3131/3131 3147/3147
f 3031/3031 3009/3009 3021/3021
f 3030/3030 3009/3009 3031/3031
f 3049/3049 3030/3030 3102/3102
f 3142/3142 3049/3049 3102/3102
f 3142/3142 3102/3102 3119/3119
f 3125/3125 3142/3142 3119/3119
f 3065/3065 3125/3125 3064/3064
f 3068/3068 3065/3065 3066/3066
f 3069/3069 3068/3068 3067/3067
f 3306/3306 3069/3069 3305/3305
f 3230/3230 3272/3272 3276/3276
f 3237/3237 3236/3236 3235/3235
f 3235/3235 3236/3236 3234/3234
f 3224/3224 3253/3253 3252/3252
f 3234/3234 3228/3228 3233/3233
f 3233/3233 3228/3228 3227/3227
f 3228/3228 3225/3225 3227/3227
f 3225/3225 3224/3224 3223/3223
f 6218/6218 6210/6210 6209/6209
f 6913/6913 6872/6872 6871/6871
f 6872/6872 6860/6860 6871/6871
f 6871/6871 6860/6860 6861/6861
f 6641/6641 6651/6651 6646/6646
f 5704/5704 5705/5705 5703/5703
f 5395/5395 5392/5392 5391/5391
f 4037/4037 4036/4036 4038/4038
f 6828/6828 6816/6816 7005/7005
f 836/836 858/858 806/806
f 745/745 748/748 737/737
f 745/745 737/737 735/735
f 735/735 736/736 730/730
f 7147/7147 7153/7153 7141/7141
f 730/730 736/736 732/732
f 730/730 732/732 728/728
f 728/728 732/732 734/734
f 743/743 841/841 733/733
f 7040/7040 7036/7036 7035/7035
f 7614/7614 7722/7722 7728/7728
f 527/527 542/542 544/544
f 554/554 570/570 556/556
f 570/570 597/597 564/564
f 564/564 597/597 610/610
f 2609/2609 2608/2608 2534/2534
f 6034/6034 6103/6103 6090/6090
f 2528/2528 2486/2486 2533/2533
f 2501/2501 2486/2486 2382/2382
f 6045/6045 6012/6012 6022/6022
f 6049/6049 6045/6045 6041/6041
f 6064/6064 6049/6049 6065/6065
f 6031/6031 6036/6036 6037/6037
f 6040/6040 6031/6031 6037/6037
f 6048/6048 6031/6031 6040/6040
f 5782/5782 5784/5784 5781/5781
f 5782/5782 5781/5781 5771/5771
f 5782/5782 5771/5771 5780/5780
f 2333/2333 2345/2345 2339/2339
f 3021/3021 3020/3020 3043/3043
f 3102/3102 3030/3030 3060/3060
f 3060/3060 3030/3030 3031/3031
f 4088/4088 4102/4102 4089/4089
f 3066/3066 3065/3065 3063/3063
f 3063/3063 3065/3065 3064/3064
f 3068/3068 3066/3066 3067/3067
f 3305/3305 3069/3069 3067/3067
f 3305/3305 3067/3067 3280/3280
f 3281/3281 3306/3306 3305/3305
f 3283/3283 3282/3282 3279/3279
f 3282/3282 3306/3306 3281/3281
f 3279/3279 3282/3282 3281/3281
f 3242/3242 3260/3260 3283/3283
f 3230/3230 3276/3276 3260/3260
f 3211/3211 3230/3230 3260/3260
f 3256/3256 3254/3254 3237/3237
f 3237/3237 3235/3235 3264/3264
f 3235/3235 3234/3234 3233/3233
f 3220/3220 3224/3224 3252/3252
f 3227/3227 3225/3225 3226/3226
f 3226/3226 3225/3225 3223/3223
f 3223/3223 3224/3224 3220/3220
f 4115/4115 4105/4105 4114/4114
f 6218/6218 6209/6209 6219/6219
f 6861/6861 6749/6749 6718/6718
f 7882/7882 7881/7881 7880/7880
f 4/4 5/5 6/6
f 4114/4114 4113/4113 4148/4148
f 6536/6536 6535/6535 6537/6537
f 4206/4206 4127/4127 4079/4079
f 4247/4247 4252/4252 4251/4251
f 6696/6696 6695/6695 6580/6580
f 6695/6695 6573/6573 6580/6580
f 6573/6573 6574/6574 6580/6580
f 3958/3958 3965/3965 3964/3964
f 4124/4124 4126/4126 4090/4090
f 6575/6575 6689/6689 6704/6704
f 806/806 748/748 785/785
f 785/785 748/748 745/745
f 7146/7146 7163/7163 7161/7161
f 7146/7146 7161/7161 7145/7145
f 7161/7161 7147/7147 7145/7145
f 745/745 735/735 780/780
f 7145/7145 7147/7147 7135/7135
f 7147/7147 7141/7141 7135/7135
f 729/729 730/730 728/728
f 729/729 728/728 727/727
f 7135/7135 7141/7141 7137/7137
f 728/728 734/734 743/743
f 728/728 743/743 733/733
f 7141/7141 7142/7142 7137/7137
f 387/387 408/408 330/330
f 733/733 842/842 843/843
f 7681/7681 7729/7729 7722/7722
f 7040/7040 7041/7041 7036/7036
f 843/843 842/842 863/863
f 593/593 544/544 599/599
f 564/564 610/610 583/583
f 583/583 610/610 762/762
f 2534/2534 2528/2528 2603/2603
f 4156/4156 4087/4087 4091/4091
f 6002/6002 6009/6009 6021/6021
f 6023/6023 6022/6022 6021/6021
f 6045/6045 6022/6022 6041/6041
f 2368/2368 2372/2372 2360/2360
f 6046/6046 6049/6049 6041/6041
f 6046/6046 6041/6041 6038/6038
f 6065/6065 6049/6049 6046/6046
f 6046/6046 6038/6038 6036/6036
f 6036/6036 6038/6038 6037/6037
f 5780/5780 5771/5771 5772/5772
f 3020/3020 3146/3146 3043/3043
f 3119/3119 3102/3102 3062/3062
f 3062/3062 3102/3102 3060/3060
f 4089/4089 4102/4102 4100/4100
f 3064/3064 3119/3119 3062/3062
f 3064/3064 3062/3062 3063/3063
f 3067/3067 3066/3066 3063/3063
f 3067/3067 3063/3063 3302/3302
f 3304/3304 3067/3067 3302/3302
f 3281/3281 3305/3305 3280/3280
f 3211/3211 3260/3260 3242/3242
f 3220/3220 3252/3252 3230/3230
f 3233/3233 3227/3227 3269/3269
f 6226/6226 6222/6222 6218/6218
f 5715/5715 5724/5724 5705/5705
f 5661/5661 5662/5662 5663/5663
f 4079/4079 4127/4127 4125/4125
f 5021/5021 5020/5020 5162/5162
f 4640/4640 4641/4641 4642/4642
f 5395/5395 5391/5391 5396/5396
f 3968/3968 3969/3969 3958/3958
f 4037/4037 4038/4038 4040/4040
f 6704/6704 6828/6828 6829/6829
f 6828/6828 7005/7005 6829/6829
f 836/836 806/806 785/785
f 7146/7146 7145/7145 7138/7138
f 7138/7138 7145/7145 7135/7135
f 4697/4697 4695/4695 4696/4696
f 735/735 730/730 731/731
f 7136/7136 7135/7135 7137/7137
f 308/308 301/301 408/408
f 731/731 730/730 729/729
f 729/729 727/727 740/740
f 727/727 728/728 724/724
f 7048/7048 7042/7042 7047/7047
f 728/728 733/733 724/724
f 724/724 733/733 723/723
f 723/723 733/733 746/746
f 7047/7047 7042/7042 7041/7041
f 544/544 542/542 574/574
f 599/599 544/544 574/574
f 574/574 542/542 553/553
f 553/553 554/554 555/555
f 617/617 762/762 783/783
f 6090/6090 6104/6104 6105/6105
f 2547/2547 2486/2486 2501/2501
f 6009/6009 6052/6052 6033/6033
f 6021/6021 6009/6009 6033/6033
f 2387/2387 2382/2382 2376/2376
f 2359/2359 2376/2376 2368/2368
f 6041/6041 6022/6022 6023/6023
f 2355/2355 2360/2360 2348/2348
f 6038/6038 6041/6041 6039/6039
f 6037/6037 6038/6038 6039/6039
f 2348/2348 2356/2356 2347/2347
f 6037/6037 6039/6039 6040/6040
f 2347/2347 2346/2346 2336/2336
f 4087/4087 4088/4088 4089/4089
f 5792/5792 5772/5772 5793/5793
f 2318/2318 2328/2328 2333/2333
f 3021/3021 3043/3043 3032/3032
f 3031/3031 3021/3021 3032/3032
f 3058/3058 3031/3031 3032/3032
f 3060/3060 3031/3031 3058/3058
f 2777/2777 2693/2693 2780/2780
f 3062/3062 3060/3060 3058/3058
f 3059/3059 3062/3062 3058/3058
f 3063/3063 3062/3062 3061/3061
f 3061/3061 3062/3062 3059/3059
f 3302/3302 3063/3063 3061/3061
f 3280/3280 3067/3067 3304/3304
f 4100/4100 4102/4102 4105/4105
f 3245/3245 3242/3242 3283/3283
f 3245/3245 3283/3283 3279/3279
f 3265/3265 3256/3256 3237/3237
f 3265/3265 3237/3237 3264/3264
f 3264/3264 3235/3235 3233/3233
f 3264/3264 3233/3233 3351/3351
f 3210/3210 3220/3220 3230/3230
f 3210/3210 3230/3230 3211/3211
f 3214/3214 3211/3211 3242/3242
f 3352/3352 3233/3233 3269/3269
f 3269/3269 3227/3227 3231/3231
f 3331/3331 3269/3269 3231/3231
f 3227/3227 3226/3226 3231/3231
f 3226/3226 3223/3223 3208/3208
f 3208/3208 3223/3223 3220/3220
f 4100/4100 4105/4105 4115/4115
f 6718/6718 6652/6652 6643/6643
f 5715/5715 5705/5705 5704/5704
f 6646/6646 6536/6536 6650/6650
f 6650/6650 6536/6536 6538/6538
f 4247/4247 4251/4251 4248/4248
f 3964/3964 3967/3967 3959/3959
f 3959/3959 3967/3967 4037/4037
f 7005/7005 7015/7015 7016/7016
f 837/837 836/836 785/785
f 492/492 522/522 490/490
f 7140/7140 7146/7146 7138/7138
f 7139/7139 7140/7140 7138/7138
f 7134/7134 7138/7138 7135/7135
f 4698/4698 4697/4697 4696/4696
f 7134/7134 7135/7135 7136/7136
f 4695/4695 4686/4686 4681/4681
f 4686/4686 4682/4682 4681/4681
f 7645/7645 7631/7631 7726/7726
f 731/731 729/729 741/741
f 729/729 740/740 741/741
f 740/740 727/727 726/726
f 726/726 727/727 724/724
f 5288/5288 5287/5287 5282/5282
f 723/723 746/746 722/722
f 746/746 843/843 738/738
f 738/738 843/843 849/849
f 4157/4157 4156/4156 4091/4091
f 835/835 574/574 820/820
f 573/573 574/574 553/553
f 553/553 555/555 559/559
f 555/555 554/554 556/556
f 557/557 555/555 556/556
f 564/564 583/583 565/565
f 583/583 762/762 617/617
f 139/139 125/125 120/120
f 2603/2603 2533/2533 2610/2610
f 6052/6052 6102/6102 6086/6086
f 2547/2547 2501/2501 2387/2387
f 6021/6021 6033/6033 6035/6035
f 6021/6021 6035/6035 6032/6032
f 6023/6023 6021/6021 6032/6032
f 2368/2368 2360/2360 2355/2355
f 2359/2359 2368/2368 2355/2355
f 6041/6041 6023/6023 6042/6042
f 6039/6039 6041/6041 6042/6042
f 6039/6039 6042/6042 6043/6043
f 6040/6040 6039/6039 6043/6043
f 5784/5784 5783/5783 5773/5773
f 5781/5781 5784/5784 5773/5773
f 3271/3271 3304/3304 3302/3302
f 3278/3278 3281/3281 3280/3280
f 3279/3279 3281/3281 3278/3278
f 3214/3214 3242/3242 3218/3218
f 3218/3218 3242/3242 3245/3245
f 3208/3208 3220/3220 3210/3210
f 3231/3231 3226/3226 3208/3208
f 6875/6875 6871/6871 6861/6861
f 5715/5715 5704/5704 5690/5690
f 5690/5690 5704/5704 5685/5685
f 4415/4415 4430/4430 4424/4424
f 3958/3958 3964/3964 3957/3957
f 3957/3957 3964/3964 3959/3959
f 7017/7017 7005/7005 7016/7016
f 837/837 785/785 787/787
f 7134/7134 7139/7139 7138/7138
f 7191/7191 7139/7139 7134/7134
f 7631/7631 7509/7509 7690/7690
f 8308/8308 8307/8307 8309/8309
f 7631/7631 7690/7690 7726/7726
f 4681/4681 4682/4682 4671/4671
f 764/764 731/731 741/741
f 8321/8321 8326/8326 8325/8325
f 8294/8294 8284/8284 8285/8285
f 8285/8285 8284/8284 8283/8283
f 8283/8283 8284/8284 8281/8281
f 5287/5287 5283/5283 5282/5282
f 726/726 724/724 725/725
f 725/725 724/724 721/721
f 5283/5283 5274/5274 5282/5282
f 722/722 746/746 738/738
f 5282/5282 5274/5274 5279/5279
f 5274/5274 5272/5272 5273/5273
f 738/738 849/849 739/739
f 739/739 849/849 853/853
f 5279/5279 5274/5274 5273/5273
f 5273/5273 5272/5272 5269/5269
f 5269/5269 5272/5272 5270/5270
f 5268/5268 5269/5269 5270/5270
f 5268/5268 5270/5270 5271/5271
f 5273/5273 5269/5269 5275/5275
f 5279/5279 5273/5273 5275/5275
f 614/614 820/820 574/574
f 574/574 573/573 614/614
f 573/573 553/553 559/559
f 557/557 556/556 564/564
f 557/557 564/564 560/560
f 617/617 783/783 772/772
f 2610/2610 2533/2533 2547/2547
f 2359/2359 2355/2355 2354/2354
f 6042/6042 6023/6023 6032/6032
f 6042/6042 6032/6032 6044/6044
f 2354/2354 2355/2355 2348/2348
f 6042/6042 6044/6044 6043/6043
f 2348/2348 2347/2347 2342/2342
f 2335/2335 2347/2347 2336/2336
f 2336/2336 2329/2329 2323/2323
f 2323/2323 2329/2329 2320/2320
f 3043/3043 3146/3146 3155/3155
f 3032/3032 3043/3043 3050/3050
f 3056/3056 3058/3058 3032/3032
f 3059/3059 3058/3058 3056/3056
f 3061/3061 3059/3059 3056/3056
f 3303/3303 3302/3302 3061/3061
f 3271/3271 3302/3302 3301/3301
f 3278/3278 3280/3280 3246/3246
f 3243/3243 3279/3279 3278/3278
f 3245/3245 3279/3279 3243/3243
f 3325/3325 3264/3264 3326/3326
f 3264/3264 3351/3351 3326/3326
f 3352/3352 3269/3269 3331/3331
f 3207/3207 3210/3210 3211/3211
f 3207/3207 3211/3211 3212/3212
f 3212/3212 3211/3211 3213/3213
f 3213/3213 3211/3211 3214/3214
f 3213/3213 3214/3214 3215/3215
f 3215/3215 3214/3214 3218/3218
f 6870/6870 6861/6861 6731/6731
f 6731/6731 6861/6861 6718/6718
f 6731/6731 6718/6718 6643/6643
f 6643/6643 6652/6652 6641/6641
f 6538/6538 6536/6536 6537/6537
f 5677/5677 5674/5674 5661/5661
f 6577/6577 6574/6574 6576/6576
f 6576/6576 6574/6574 6575/6575
f 6575/6575 6704/6704 6711/6711
f 7633/7633 7600/7600 7706/7706
f 7633/7633 7706/7706 7735/7735
f 8315/8315 8316/8316 8317/8317
f 7720/7720 7633/7633 7735/7735
f 8315/8315 8317/8317 8318/8318
f 838/838 837/837 787/787
f 7690/7690 7633/7633 7720/7720
f 787/787 785/785 786/786
f 8305/8305 8306/8306 8307/8307
f 786/786 785/785 745/745
f 8308/8308 8305/8305 8307/8307
f 4699/4699 4697/4697 4698/4698
f 8321/8321 8325/8325 8322/8322
f 5284/5284 5290/5290 5285/5285
f 5285/5285 5290/5290 5280/5280
f 8283/8283 8281/8281 8282/8282
f 8282/8282 8281/8281 8280/8280
f 8281/8281 8250/8250 8249/8249
f 8280/8280 8281/8281 8249/8249
f 5274/5274 5284/5284 5285/5285
f 5274/5274 5285/5285 5286/5286
f 721/721 722/722 719/719
f 722/722 738/738 719/719
f 719/719 738/738 739/739
f 5272/5272 5276/5276 5270/5270
f 5270/5270 5276/5276 5271/5271
f 8206/8206 8208/8208 8204/8204
f 614/614 573/573 590/590
f 590/590 573/573 559/559
f 590/590 559/559 589/589
f 559/559 555/555 558/558
f 555/555 557/557 558/558
f 560/560 564/564 565/565
f 93/93 92/92 133/133
f 583/583 617/617 584/584
f 441/441 312/312 357/357
f 441/441 357/357 469/469
f 772/772 826/826 778/778
f 6032/6032 6035/6035 6056/6056
f 6044/6044 6032/6032 6056/6056
f 3050/3050 3043/3043 3155/3155
f 3301/3301 3302/3302 3303/3303
f 3271/3271 3301/3301 3270/3270
f 3246/3246 3280/3280 3271/3271
f 2846/2846 2845/2845 2847/2847
f 3243/3243 3278/3278 3246/3246
f 3265/3265 3264/3264 3325/3325
f 3326/3326 3351/3351 3341/3341
f 3351/3351 3352/3352 3341/3341
f 3364/3364 3365/3365 3256/3256
f 3353/3353 3352/3352 3331/3331
f 3208/3208 3210/3210 3207/3207
f 6875/6875 6861/6861 6870/6870
f 8159/8159 8161/8161 8157/8157
f 6641/6641 6646/6646 6645/6645
f 5717/5717 5715/5715 5690/5690
f 6538/6538 6537/6537 6539/6539
f 3959/3959 4037/4037 4041/4041
f 6580/6580 6574/6574 6577/6577
f 4037/4037 4040/4040 4041/4041
f 6576/6576 6575/6575 6711/6711
f 4696/4696 4695/4695 4694/4694
f 4695/4695 4681/4681 4694/4694
f 4670/4670 4671/4671 4667/4667
f 8320/8320 8321/8321 8322/8322
f 5276/5276 5280/5280 5281/5281
f 5276/5276 5281/5281 5278/5278
f 744/744 725/725 721/721
f 8249/8249 8250/8250 8248/8248
f 744/744 721/721 720/720
f 721/721 719/719 720/720
f 719/719 739/739 718/718
f 718/718 739/739 717/717
f 5276/5276 5278/5278 5277/5277
f 5271/5271 5276/5276 5277/5277
f 8296/8296 8293/8293 8289/8289
f 589/589 559/559 580/580
f 580/580 559/559 558/558
f 560/560 565/565 568/568
f 568/568 583/583 584/584
f 125/125 127/127 117/117
f 584/584 617/617 760/760
f 760/760 617/617 772/772
f 772/772 778/778 760/760
f 469/469 357/357 436/436
f 2385/2385 2387/2387 2376/2376
f 2385/2385 2376/2376 2378/2378
f 2378/2378 2376/2376 2359/2359
f 2327/2327 2335/2335 2336/2336
f 5773/5773 5768/5768 5762/5762
f 5771/5771 5762/5762 5766/5766
f 5772/5772 5771/5771 5766/5766
f 2312/2312 2320/2320 2318/2318
f 3056/3056 3050/3050 3057/3057
f 3318/3318 3056/3056 3057/3057
f 3061/3061 3056/3056 3318/3318
f 3303/3303 3061/3061 3318/3318
f 3303/3303 3318/3318 3307/3307
f 3247/3247 3246/3246 3271/3271
f 3341/3341 3352/3352 3353/3353
f 3353/3353 3331/3331 3205/3205
f 3218/3218 3245/3245 3219/3219
f 3219/3219 3245/3245 3243/3243
f 3205/3205 3331/3331 3231/3231
f 2123/2123 2115/2115 2125/2125
f 5717/5717 5690/5690 5681/5681
f 6645/6645 6646/6646 6650/6650
f 4068/4068 4073/4073 4070/4070
f 5664/5664 5661/5661 5663/5663
f 4247/4247 4248/4248 4249/4249
f 5395/5395 5396/5396 5397/5397
f 3968/3968 3958/3958 3955/3955
f 3970/3970 3968/3968 3955/3955
f 3955/3955 3958/3958 3957/3957
f 6711/6711 6704/6704 6829/6829
f 6994/6994 7017/7017 7016/7016
f 786/786 964/964 912/912
f 964/964 962/962 912/912
f 912/912 962/962 913/913
f 913/913 962/962 935/935
f 4694/4694 4681/4681 4669/4669
f 8278/8278 8280/8280 8249/8249
f 8278/8278 8249/8249 8256/8256
f 8249/8249 8248/8248 8247/8247
f 8256/8256 8249/8249 8247/8247
f 720/720 719/719 714/714
f 719/719 718/718 714/714
f 714/714 718/718 717/717
f 8293/8293 8295/8295 8280/8280
f 8293/8293 8280/8280 8278/8278
f 750/750 862/862 861/861
f 8298/8298 8296/8296 8289/8289
f 558/558 557/557 560/560
f 115/115 114/114 112/112
f 2378/2378 2359/2359 2361/2361
f 2361/2361 2359/2359 2354/2354
f 5786/5786 5785/5785 5770/5770
f 2351/2351 2354/2354 2342/2342
f 2326/2326 2335/2335 2327/2327
f 4087/4087 4089/4089 4095/4095
f 2327/2327 2336/2336 2323/2323
f 2313/2313 2323/2323 2312/2312
f 2312/2312 2318/2318 2315/2315
f 5801/5801 5777/5777 5795/5795
f 2315/2315 2318/2318 2324/2324
f 3163/3163 3050/3050 3155/3155
f 3303/3303 3307/3307 3298/3298
f 3295/3295 3301/3301 3303/3303
f 3270/3270 3301/3301 3295/3295
f 3247/3247 3271/3271 3270/3270
f 3243/3243 3246/3246 3244/3244
f 3364/3364 3256/3256 3334/3334
f 3256/3256 3265/3265 3333/3333
f 3334/3334 3256/3256 3333/3333
f 3205/3205 3231/3231 3204/3204
f 3231/3231 3208/3208 3204/3204
f 3204/3204 3208/3208 3207/3207
f 3204/3204 3207/3207 3203/3203
f 3203/3203 3207/3207 3209/3209
f 3207/3207 3212/3212 3209/3209
f 3212/3212 3213/3213 3209/3209
f 3209/3209 3213/3213 3216/3216
f 3213/3213 3215/3215 3216/3216
f 3216/3216 3215/3215 3217/3217
f 3217/3217 3215/3215 3218/3218
f 6226/6226 6218/6218 6225/6225
f 6225/6225 6218/6218 6219/6219
f 5678/5678 5717/5717 5681/5681
f 4079/4079 4125/4125 4123/4123
f 4250/4250 4247/4247 4249/4249
f 7052/7052 7062/7062 7050/7050
f 4646/4646 4640/4640 4642/4642
f 3959/3959 4041/4041 4042/4042
f 4125/4125 4126/4126 4124/4124
f 837/837 838/838 840/840
f 8247/8247 8248/8248 8243/8243
f 715/715 744/744 720/720
f 715/715 720/720 714/714
f 715/715 714/714 713/713
f 714/714 717/717 712/712
f 712/712 717/717 750/750
f 750/750 861/861 850/850
f 580/580 558/558 581/581
f 563/563 560/560 568/568
f 778/778 826/826 827/827
f 2611/2611 2385/2385 2389/2389
f 4091/4091 4087/4087 4094/4094
f 2361/2361 2354/2354 2351/2351
f 2351/2351 2342/2342 2341/2341
f 2342/2342 2335/2335 2326/2326
f 2341/2341 2342/2342 2326/2326
f 5761/5761 5766/5766 5762/5762
f 2313/2313 2312/2312 2307/2307
f 2312/2312 2315/2315 2304/2304
f 3163/3163 3155/3155 3169/3169
f 2383/2383 2332/2332 2855/2855
f 3314/3314 3318/3318 3057/3057
f 3307/3307 3318/3318 3314/3314
f 3295/3295 3303/3303 3298/3298
f 3295/3295 3298/3298 3296/3296
f 3270/3270 3295/3295 3294/3294
f 3244/3244 3246/3246 3247/3247
f 3333/3333 3265/3265 3325/3325
f 3341/3341 3353/3353 3343/3343
f 3343/3343 3353/3353 3327/3327
f 3327/3327 3353/3353 3205/3205
f 3232/3232 3219/3219 3243/3243
f 3232/3232 3243/3243 3244/3244
f 3217/3217 3218/3218 3219/3219
f 6228/6228 6226/6226 6225/6225
f 6870/6870 6731/6731 6756/6756
f 8160/8160 8150/8150 8153/8153
f 4070/4070 4079/4079 4069/4069
f 4069/4069 4079/4079 4123/4123
f 4646/4646 4642/4642 4647/4647
f 4647/4647 4642/4642 4648/4648
f 5398/5398 5395/5395 5397/5397
f 6711/6711 6829/6829 6814/6814
f 6814/6814 6829/6829 6994/6994
f 787/787 786/786 905/905
f 4090/4090 4157/4157 4091/4091
f 912/912 913/913 899/899
f 913/913 935/935 907/907
f 907/907 935/935 915/915
f 4694/4694 4669/4669 4690/4690
f 4690/4690 4669/4669 4668/4668
f 4668/4668 4667/4667 4663/4663
f 714/714 712/712 713/713
f 713/713 712/712 711/711
f 712/712 750/750 716/716
f 8289/8289 8278/8278 8277/8277
f 581/581 558/558 582/582
f 561/561 558/558 560/560
f 779/779 778/778 827/827
f 2389/2389 2385/2385 2384/2384
f 2378/2378 2361/2361 2379/2379
f 4094/4094 4087/4087 4095/4095
f 2361/2361 2351/2351 2352/2352
f 2326/2326 2327/2327 2313/2313
f 2304/2304 2315/2315 2314/2314
f 3163/3163 3169/3169 3175/3175
f 3177/3177 3057/3057 3163/3163
f 2319/2319 2332/2332 2383/2383
f 4089/4089 4100/4100 4098/4098
f 3322/3322 3314/3314 3057/3057
f 3322/3322 3057/3057 3177/3177
f 3298/3298 3307/3307 3300/3300
f 3307/3307 3314/3314 3300/3300
f 3296/3296 3294/3294 3295/3295
f 3293/3293 3270/3270 3294/3294
f 3249/3249 3247/3247 3270/3270
f 3249/3249 3270/3270 3293/3293
f 3244/3244 3247/3247 3248/3248
f 3248/3248 3247/3247 3249/3249
f 3333/3333 3325/3325 3339/3339
f 3339/3339 3325/3325 3326/3326
f 3205/3205 3204/3204 3187/3187
f 3187/3187 3204/3204 3185/3185
f 3185/3185 3204/3204 3203/3203
f 3203/3203 3209/3209 3189/3189
f 3189/3189 3209/3209 3216/3216
f 6888/6888 6887/6887 6876/6876
f 6889/6889 6888/6888 6876/6876
f 6987/6987 6875/6875 6870/6870
f 6756/6756 6731/6731 6642/6642
f 6642/6642 6731/6731 6643/6643
f 6645/6645 6650/6650 6649/6649
f 6650/6650 6538/6538 6540/6540
f 4148/4148 4149/4149 4147/4147
f 4147/4147 4149/4149 4225/4225
f 2945/2945 2946/2946 2944/2944
f 3955/3955 3957/3957 3947/3947
f 3947/3947 3957/3957 3959/3959
f 3959/3959 3960/3960 3949/3949
f 6577/6577 6576/6576 6578/6578
f 840/840 838/838 839/839
f 839/839 838/838 787/787
f 839/839 787/787 900/900
f 900/900 787/787 905/905
f 905/905 786/786 898/898
f 786/786 912/912 898/898
f 898/898 912/912 899/899
f 899/899 913/913 907/907
f 4672/4672 4668/4668 4663/4663
f 4663/4663 4667/4667 4666/4666
f 711/711 712/712 710/710
f 8244/8244 8243/8243 8241/8241
f 8241/8241 8243/8243 8239/8239
f 712/712 716/716 710/710
f 8256/8256 8247/8247 8251/8251
f 8247/8247 8243/8243 8244/8244
f 8251/8251 8247/8247 8244/8244
f 716/716 850/850 824/824
f 8277/8277 8278/8278 8256/8256
f 824/824 581/581 833/833
f 833/833 581/581 582/582
f 8289/8289 8290/8290 8297/8297
f 582/582 558/558 561/561
f 561/561 560/560 562/562
f 562/562 560/560 563/563
f 566/566 563/563 568/568
f 584/584 760/760 749/749
f 749/749 760/760 778/778
f 779/779 827/827 825/825
f 2384/2384 2378/2378 2379/2379
f 2379/2379 2361/2361 2352/2352
f 2352/2352 2351/2351 2341/2341
f 5761/5761 5754/5754 5749/5749
f 2307/2307 2312/2312 2304/2304
f 2304/2304 2314/2314 2310/2310
f 2310/2310 2319/2319 2316/2316
f 3300/3300 3314/3314 3322/3322
f 3299/3299 3298/3298 3300/3300
f 3299/3299 3296/3296 3298/3298
f 3297/3297 3294/3294 3296/3296
f 3293/3293 3294/3294 3297/3297
f 3340/3340 3326/3326 3341/3341
f 3250/3250 3244/3244 3248/3248
f 3327/3327 3205/3205 3199/3199
f 3199/3199 3205/3205 3187/3187
f 3217/3217 3219/3219 3221/3221
f 6876/6876 6871/6871 6875/6875
f 6987/6987 6870/6870 6756/6756
f 4114/4114 4148/4148 4116/4116
f 6540/6540 6538/6538 6539/6539
f 3970/3970 3955/3955 3954/3954
f 5255/5255 5253/5253 5252/5252
f 3954/3954 3955/3955 3947/3947
f 3947/3947 3959/3959 3949/3949
f 6814/6814 6994/6994 6993/6993
f 6993/6993 6994/6994 6992/6992
f 4690/4690 4668/4668 4672/4672
f 8241/8241 8240/8240 8242/8242
f 709/709 711/711 710/710
f 8246/8246 8244/8244 8241/8241
f 8239/8239 8240/8240 8241/8241
f 708/708 710/710 716/716
f 716/716 824/824 706/706
f 8277/8277 8256/8256 8259/8259
f 8259/8259 8256/8256 8251/8251
f 833/833 582/582 618/618
f 618/618 582/582 561/561
f 592/592 566/566 584/584
f 600/600 584/584 749/749
f 123/123 161/161 160/160
f 749/749 778/778 747/747
f 778/778 779/779 747/747
f 328/328 273/273 327/327
f 2612/2612 2389/2389 2391/2391
f 2391/2391 2389/2389 2384/2384
f 2386/2386 2384/2384 2379/2379
f 2340/2340 2341/2341 2326/2326
f 2340/2340 2326/2326 2334/2334
f 2326/2326 2313/2313 2321/2321
f 2321/2321 2313/2313 2311/2311
f 2313/2313 2307/2307 2311/2311
f 5779/5779 5761/5761 5774/5774
f 5804/5804 5778/5778 5805/5805
f 3177/3177 3175/3175 3363/3363
f 3322/3322 3177/3177 3354/3354
f 3320/3320 3300/3300 3322/3322
f 3299/3299 3300/3300 3320/3320
f 2217/2217 2247/2247 2237/2237
f 3315/3315 3296/3296 3299/3299
f 3315/3315 3299/3299 3316/3316
f 3317/3317 3293/3293 3297/3297
f 3186/3186 3187/3187 3185/3185
f 3185/3185 3203/3203 3189/3189
f 3216/3216 3217/3217 3222/3222
f 3221/3221 3219/3219 3229/3229
f 3219/3219 3232/3232 3229/3229
f 6228/6228 6225/6225 6230/6230
f 6876/6876 6875/6875 6987/6987
f 7573/7573 7589/7589 7588/7588
f 6642/6642 6643/6643 6641/6641
f 5678/5678 5681/5681 5679/5679
f 4987/4987 4978/4978 5077/5077
f 6579/6579 6580/6580 6577/6577
f 4121/4121 4125/4125 4124/4124
f 899/899 907/907 902/902
f 8245/8245 8246/8246 8241/8241
f 8245/8245 8241/8241 8242/8242
f 710/710 708/708 709/709
f 8260/8260 8244/8244 8246/8246
f 706/706 824/824 742/742
f 8277/8277 8259/8259 8276/8276
f 562/562 563/563 566/566
f 8297/8297 8290/8290 8288/8288
f 592/592 584/584 600/600
f 2386/2386 2379/2379 2380/2380
f 2380/2380 2379/2379 2352/2352
f 2362/2362 2352/2352 2350/2350
f 5755/5755 5788/5788 5790/5790
f 2352/2352 2341/2341 2350/2350
f 2350/2350 2341/2341 2340/2340
f 2334/2334 2326/2326 2321/2321
f 2311/2311 2307/2307 2309/2309
f 3357/3357 3177/3177 3363/3363
f 3320/3320 3322/3322 3354/3354
f 3316/3316 3299/3299 3320/3320
f 3316/3316 3320/3320 3321/3321
f 3297/3297 3296/3296 3315/3315
f 3313/3313 3293/3293 3317/3317
f 3339/3339 3326/3326 3340/3340
f 3340/3340 3341/3341 3342/3342
f 3262/3262 3249/3249 3293/3293
f 3262/3262 3293/3293 3313/3313
f 3343/3343 3327/3327 3344/3344
f 3344/3344 3327/3327 3324/3324
f 3250/3250 3248/3248 3262/3262
f 3248/3248 3249/3249 3262/3262
f 3327/3327 3199/3199 3324/3324
f 3232/3232 3244/3244 3250/3250
f 3186/3186 3185/3185 3184/3184
f 3184/3184 3185/3185 3182/3182
f 3182/3182 3185/3185 3189/3189
f 3189/3189 3216/3216 3222/3222
f 3222/3222 3217/3217 3221/3221
f 6228/6228 6230/6230 6229/6229
f 6649/6649 6650/6650 6540/6540
f 6480/6480 6481/6481 6477/6477
f 4123/4123 4125/4125 4121/4121
f 4428/4428 4424/4424 4429/4429
f 5252/5252 5253/5253 5250/5250
f 3972/3972 3970/3970 3954/3954
f 6814/6814 6993/6993 6991/6991
f 6991/6991 6993/6993 6992/6992
f 898/898 899/899 890/890
f 907/907 915/915 914/914
f 4672/4672 4663/4663 4662/4662
f 4662/4662 4663/4663 4659/4659
f 709/709 708/708 707/707
f 708/708 706/706 707/707
f 8260/8260 8245/8245 8274/8274
f 8257/8257 8251/8251 8244/8244
f 8257/8257 8244/8244 8260/8260
f 742/742 824/824 618/618
f 618/618 561/561 608/608
f 608/608 561/561 562/562
f 575/575 562/562 566/566
f 8290/8290 8277/8277 8288/8288
f 8199/8199 8196/8196 8198/8198
f 747/747 779/779 794/794
f 794/794 779/779 825/825
f 2391/2391 2384/2384 2386/2386
f 2388/2388 2386/2386 2380/2380
f 2380/2380 2352/2352 2381/2381
f 2381/2381 2352/2352 2362/2362
f 2362/2362 2350/2350 2364/2364
f 2362/2362 2364/2364 2369/2369
f 2330/2330 2331/2331 2306/2306
f 2309/2309 2307/2307 2308/2308
f 2307/2307 2304/2304 2297/2297
f 2308/2308 2307/2307 2297/2297
f 2297/2297 2304/2304 2300/2300
f 2300/2300 2304/2304 2310/2310
f 2300/2300 2316/2316 2317/2317
f 3356/3356 3354/3354 3357/3357
f 3356/3356 3320/3320 3354/3354
f 3321/3321 3320/3320 3356/3356
f 4098/4098 4100/4100 4101/4101
f 4101/4101 4100/4100 4115/4115
f 3341/3341 3343/3343 3342/3342
f 3250/3250 3262/3262 3329/3329
f 2023/2023 2022/2022 2002/2002
f 3251/3251 3232/3232 3250/3250
f 3324/3324 3199/3199 3198/3198
f 3238/3238 3229/3229 3232/3232
f 3238/3238 3232/3232 3251/3251
f 3198/3198 3199/3199 3188/3188
f 3199/3199 3187/3187 3188/3188
f 3188/3188 3187/3187 3186/3186
f 3184/3184 3182/3182 3183/3183
f 3182/3182 3189/3189 3179/3179
f 3179/3179 3189/3189 3222/3222
f 6890/6890 6889/6889 6876/6876
f 6230/6230 6225/6225 6287/6287
f 4115/4115 4114/4114 4116/4116
f 4116/4116 4148/4148 4147/4147
f 3954/3954 3947/3947 3944/3944
f 3947/3947 3949/3949 3945/3945
f 5180/5180 5155/5155 5025/5025
f 4124/4124 4090/4090 4093/4093
f 890/890 899/899 902/902
f 902/902 907/907 914/914
f 4690/4690 4672/4672 4689/4689
f 4689/4689 4672/4672 4662/4662
f 8245/8245 8242/8242 8252/8252
f 8252/8252 8242/8242 8253/8253
f 707/707 706/706 705/705
f 705/705 706/706 703/703
f 8274/8274 8245/8245 8252/8252
f 706/706 742/742 703/703
f 8262/8262 8260/8260 8274/8274
f 742/742 618/618 608/608
f 8251/8251 8257/8257 8259/8259
f 608/608 562/562 575/575
f 8288/8288 8277/8277 8276/8276
f 592/592 600/600 677/677
f 794/794 825/825 844/844
f 844/844 825/825 855/855
f 844/844 855/855 866/866
f 3395/3395 3399/3399 3396/3396
f 2381/2381 2362/2362 2369/2369
f 4094/4094 4095/4095 4096/4096
f 2353/2353 2330/2330 2325/2325
f 2325/2325 2330/2330 2306/2306
f 2293/2293 2309/2309 2308/2308
f 3358/3358 3357/3357 3367/3367
f 3356/3356 3357/3357 3358/3358
f 1785/1785 1920/1920 1783/1783
f 1789/1789 1920/1920 1785/1785
f 1791/1791 1920/1920 1789/1789
f 2217/2217 2192/2192 2213/2213
f 3316/3316 3321/3321 3348/3348
f 3348/3348 3321/3321 3349/3349
f 3315/3315 3316/3316 3348/3348
f 3336/3336 3315/3315 3348/3348
f 3332/3332 3317/3317 3297/3297
f 3332/3332 3297/3297 3315/3315
f 3332/3332 3315/3315 3336/3336
f 3313/3313 3317/3317 3332/3332
f 3262/3262 3313/3313 3330/3330
f 3342/3342 3343/3343 3344/3344
f 3329/3329 3262/3262 3330/3330
f 3251/3251 3250/3250 3329/3329
f 3183/3183 3182/3182 3181/3181
f 3181/3181 3182/3182 3179/3179
f 3238/3238 3221/3221 3229/3229
f 3188/3188 3186/3186 3190/3190
f 3190/3190 3186/3186 3184/3184
f 3222/3222 3221/3221 3197/3197
f 6890/6890 6876/6876 6899/6899
f 6899/6899 6876/6876 6987/6987
f 6899/6899 6987/6987 6756/6756
f 4068/4068 4070/4070 4069/4069
f 3972/3972 3954/3954 3956/3956
f 3956/3956 3954/3954 3944/3944
f 3944/3944 3947/3947 3945/3945
f 6582/6582 6576/6576 6711/6711
f 839/839 900/900 882/882
f 905/905 898/898 887/887
f 898/898 890/890 888/888
f 914/914 915/915 916/916
f 4689/4689 4662/4662 4685/4685
f 4685/4685 4662/4662 4665/4665
f 4662/4662 4659/4659 4661/4661
f 4665/4665 4662/4662 4661/4661
f 8254/8254 8252/8252 8253/8253
f 8253/8253 8255/8255 8254/8254
f 703/703 742/742 702/702
f 8271/8271 8274/8274 8252/8252
f 702/702 742/742 608/608
f 8257/8257 8260/8260 8262/8262
f 608/608 575/575 612/612
f 8263/8263 8259/8259 8258/8258
f 575/575 566/566 595/595
f 595/595 566/566 592/592
f 677/677 600/600 747/747
f 844/844 866/866 867/867
f 3398/3398 3395/3395 3391/3391
f 3391/3391 3395/3395 3390/3390
f 3395/3395 3396/3396 3390/3390
f 3390/3390 3396/3396 3374/3374
f 3396/3396 3383/3383 3374/3374
f 3383/3383 3380/3380 3375/3375
f 3374/3374 3383/3383 3375/3375
f 3375/3375 3380/3380 3377/3377
f 3380/3380 3382/3382 3377/3377
f 3377/3377 3382/3382 3381/3381
f 2305/2305 2325/2325 2306/2306
f 2306/2306 2292/2292 2305/2305
f 2305/2305 2292/2292 2290/2290
f 2290/2290 2292/2292 2291/2291
f 2290/2290 2291/2291 2289/2289
f 2293/2293 2308/2308 2297/2297
f 2302/2302 2300/2300 2317/2317
f 2275/2275 2262/2262 2261/2261
f 1779/1779 1783/1783 2018/2018
f 1782/1782 1783/1783 1779/1779
f 1785/1785 1783/1783 1782/1782
f 1799/1799 1898/1898 1797/1797
f 1801/1801 1898/1898 1799/1799
f 3345/3345 3340/3340 3342/3342
f 1897/1897 1898/1898 1801/1801
f 3334/3334 3333/3333 3355/3355
f 3355/3355 3333/3333 3339/3339
f 3344/3344 3324/3324 3347/3347
f 3346/3346 3251/3251 3329/3329
f 3238/3238 3251/3251 3346/3346
f 3324/3324 3198/3198 3200/3200
f 3263/3263 3238/3238 3346/3346
f 2177/2177 2174/2174 2176/2176
f 6891/6891 6889/6889 6890/6890
f 3198/3198 3188/3188 3191/3191
f 3188/3188 3190/3190 3191/3191
f 3190/3190 3184/3184 3183/3183
f 3197/3197 3221/3221 3263/3263
f 3221/3221 3238/3238 3263/3263
f 6648/6648 6645/6645 6649/6649
f 2941/2941 2942/2942 2943/2943
f 7053/7053 7055/7055 7052/7052
f 7053/7053 7052/7052 7049/7049
f 7049/7049 7052/7052 7050/7050
f 6735/6735 6580/6580 6579/6579
f 4121/4121 4124/4124 4093/4093
f 6711/6711 6814/6814 6712/6712
f 6712/6712 6814/6814 6862/6862
f 6991/6991 6992/6992 6969/6969
f 937/937 839/839 882/882
f 900/900 905/905 887/887
f 4090/4090 4091/4091 4092/4092
f 887/887 898/898 888/888
f 901/901 902/902 914/914
f 4665/4665 4661/4661 4673/4673
f 8275/8275 8254/8254 8264/8264
f 8264/8264 8254/8254 8255/8255
f 705/705 703/703 704/704
f 8271/8271 8252/8252 8275/8275
f 8271/8271 8275/8275 8272/8272
f 8252/8252 8254/8254 8275/8275
f 8262/8262 8274/8274 8271/8271
f 8258/8258 8259/8259 8257/8257
f 8261/8261 8257/8257 8262/8262
f 595/595 592/592 619/619
f 8276/8276 8259/8259 8263/8263
f 619/619 592/592 677/677
f 747/747 794/794 752/752
f 752/752 794/794 809/809
f 4092/4092 4091/4091 4094/4094
f 3397/3397 3398/3398 3391/3391
f 3379/3379 3377/3377 3381/3381
f 5759/5759 5763/5763 5752/5752
f 3379/3379 3381/3381 3386/3386
f 2286/2286 2290/2290 2289/2289
f 2286/2286 2289/2289 2287/2287
f 2287/2287 2289/2289 2294/2294
f 2289/2289 2293/2293 2294/2294
f 2294/2294 2293/2293 2297/2297
f 2294/2294 2297/2297 2298/2298
f 2298/2298 2297/2297 2299/2299
f 2299/2299 2297/2297 2300/2300
f 2299/2299 2300/2300 2302/2302
f 1736/1736 2018/2018 1916/1916
f 3358/3358 3367/3367 3368/3368
f 1779/1779 2018/2018 1736/1736
f 1789/1789 1785/1785 1788/1788
f 1790/1790 1791/1791 1789/1789
f 1793/1793 1791/1791 1792/1792
f 1795/1795 1796/1796 1793/1793
f 1795/1795 1797/1797 1796/1796
f 1798/1798 1799/1799 1797/1797
f 1801/1801 1799/1799 1800/1800
f 3339/3339 3340/3340 3345/3345
f 3345/3345 3342/3342 3350/3350
f 2002/2002 2022/2022 1965/1965
f 3342/3342 3344/3344 3350/3350
f 1805/1805 1890/1890 1897/1897
f 1857/1857 1890/1890 1805/1805
f 1812/1812 1857/1857 1806/1806
f 3335/3335 3324/3324 3200/3200
f 1889/1889 1857/1857 1812/1812
f 3200/3200 3198/3198 3191/3191
f 3180/3180 3179/3179 3197/3197
f 3179/3179 3222/3222 3197/3197
f 6900/6900 6899/6899 6756/6756
f 4067/4067 4068/4068 4069/4069
f 7049/7049 7050/7050 7051/7051
f 3944/3944 3945/3945 3946/3946
f 3946/3946 3945/3945 3948/3948
f 6579/6579 6577/6577 6578/6578
f 882/882 900/900 887/887
f 890/890 902/902 901/901
f 901/901 914/914 918/918
f 4673/4673 4661/4661 4674/4674
f 4674/4674 4661/4661 4675/4675
f 8264/8264 8255/8255 8265/8265
f 8265/8265 8255/8255 8266/8266
f 704/704 703/703 701/701
f 703/703 702/702 701/701
f 8272/8272 8275/8275 8264/8264
f 701/701 702/702 613/613
f 613/613 612/612 575/575
f 8261/8261 8262/8262 8270/8270
f 8270/8270 8262/8262 8271/8271
f 8258/8258 8257/8257 8261/8261
f 8225/8225 8276/8276 8263/8263
f 8207/8207 8197/8197 8195/8195
f 677/677 747/747 752/752
f 809/809 794/794 844/844
f 3392/3392 3391/3391 3376/3376
f 3376/3376 3391/3391 3390/3390
f 3390/3390 3374/3374 3376/3376
f 3372/3372 3374/3374 3375/3375
f 3372/3372 3375/3375 3377/3377
f 3372/3372 3377/3377 3379/3379
f 3379/3379 3386/3386 3385/3385
f 2295/2295 2290/2290 2286/2286
f 1782/1782 1779/1779 1733/1733
f 1733/1733 1779/1779 1736/1736
f 1788/1788 1785/1785 1784/1784
f 1784/1784 1785/1785 1782/1782
f 1793/1793 1792/1792 1794/1794
f 1795/1795 1793/1793 1794/1794
f 1798/1798 1797/1797 1795/1795
f 1800/1800 1799/1799 1798/1798
f 1965/1965 1977/1977 1957/1957
f 1957/1957 1977/1977 1978/1978
f 1803/1803 1801/1801 1802/1802
f 3350/3350 3344/3344 3359/3359
f 1804/1804 1805/1805 1801/1801
f 3359/3359 3344/3344 3347/3347
f 1806/1806 1857/1857 1805/1805
f 1/1 2/2 3/3
f 6891/6891 6894/6894 6901/6901
f 3347/3347 3324/3324 3335/3335
f 1824/1824 1889/1889 1812/1812
f 6891/6891 6890/6890 6892/6892
f 3178/3178 3181/3181 3179/3179
f 3178/3178 3179/3179 3180/3180
f 3197/3197 3263/3263 3338/3338
f 6890/6890 6899/6899 6900/6900
f 6892/6892 6890/6890 6900/6900
f 3200/3200 3191/3191 3196/3196
f 3193/3193 3183/3183 3181/3181
f 3193/3193 3181/3181 3195/3195
f 6900/6900 6756/6756 6755/6755
f 3191/3191 3190/3190 3192/3192
f 3192/3192 3190/3190 3183/3183
f 3192/3192 3183/3183 3193/3193
f 6755/6755 6756/6756 6640/6640
f 6640/6640 6756/6756 6642/6642
f 6640/6640 6642/6642 6641/6641
f 5680/5680 5679/5679 5682/5682
f 4116/4116 4147/4147 4146/4146
f 3972/3972 3956/3956 3951/3951
f 3951/3951 3956/3956 3944/3944
f 6578/6578 6576/6576 6581/6581
f 6581/6581 6576/6576 6582/6582
f 6582/6582 6711/6711 6712/6712
f 4093/4093 4090/4090 4092/4092
f 875/875 887/887 888/888
f 888/888 890/890 889/889
f 914/914 916/916 917/917
f 918/918 914/914 917/917
f 916/916 922/922 917/917
f 4685/4685 4665/4665 4680/4680
f 4665/4665 4673/4673 4680/4680
f 4680/4680 4673/4673 4679/4679
f 4679/4679 4673/4673 4676/4676
f 8265/8265 8266/8266 8267/8267
f 8267/8267 8266/8266 8286/8286
f 701/701 613/613 699/699
f 8272/8272 8264/8264 8273/8273
f 613/613 575/575 699/699
f 699/699 575/575 595/595
f 8270/8270 8271/8271 8272/8272
f 8261/8261 8270/8270 8227/8227
f 8225/8225 8263/8263 8224/8224
f 8224/8224 8263/8263 8258/8258
f 752/752 809/809 759/759
f 3397/3397 3391/3391 3392/3392
f 3394/3394 3397/3397 3392/3392
f 4096/4096 4095/4095 4097/4097
f 2296/2296 2295/2295 2286/2286
f 4095/4095 4089/4089 4098/4098
f 2283/2283 2275/2275 2279/2279
f 2275/2275 2261/2261 2269/2269
f 1784/1784 1782/1782 1733/1733
f 1821/1821 1788/1788 1784/1784
f 1794/1794 1792/1792 1790/1790
f 1798/1798 1795/1795 1794/1794
f 1813/1813 1800/1800 1798/1798
f 1957/1957 1978/1978 1966/1966
f 2194/2194 2195/2195 2190/2190
f 2185/2185 2194/2194 2190/2190
f 1965/1965 1957/1957 1954/1954
f 1966/1966 1978/1978 1992/1992
f 1966/1966 1992/1992 1980/1980
f 1829/1829 1804/1804 1803/1803
f 1980/1980 1992/1992 2010/2010
f 1807/1807 1806/1806 1804/1804
f 2180/2180 2185/2185 2176/2176
f 1811/1811 1812/1812 1806/1806
f 1824/1824 1812/1812 1811/1811
f 3240/3240 3180/3180 3197/3197
f 3240/3240 3197/3197 3338/3338
f 3335/3335 3200/3200 3206/3206
f 3206/3206 3200/3200 3196/3196
f 3178/3178 3195/3195 3181/3181
f 6276/6276 6287/6287 6356/6356
f 3191/3191 3192/3192 3196/3196
f 3194/3194 3193/3193 3195/3195
f 6648/6648 6649/6649 6710/6710
f 4266/4266 4262/4262 4263/4263
f 4067/4067 4069/4069 4071/4071
f 4069/4069 4123/4123 4084/4084
f 5041/5041 5026/5026 5023/5023
f 6735/6735 6579/6579 6737/6737
f 5247/5247 5252/5252 5250/5250
f 6863/6863 6712/6712 6862/6862
f 874/874 887/887 875/875
f 875/875 888/888 889/889
f 889/889 890/890 901/901
f 901/901 918/918 903/903
f 903/903 918/918 919/919
f 918/918 917/917 919/919
f 8268/8268 8265/8265 8267/8267
f 8267/8267 8286/8286 8269/8269
f 8269/8269 8286/8286 8287/8287
f 701/701 699/699 700/700
f 8234/8234 8270/8270 8272/8272
f 8234/8234 8272/8272 8273/8273
f 8230/8230 8227/8227 8270/8270
f 8224/8224 8258/8258 8261/8261
f 8224/8224 8261/8261 8227/8227
f 8222/8222 8225/8225 8224/8224
f 677/677 752/752 692/692
f 692/692 752/752 759/759
f 759/759 809/809 815/815
f 815/815 809/809 844/844
f 3405/3405 3400/3400 3401/3401
f 3400/3400 3397/3397 3394/3394
f 3401/3401 3400/3400 3394/3394
f 3376/3376 3374/3374 3371/3371
f 3374/3374 3372/3372 3371/3371
f 3371/3371 3372/3372 3373/3373
f 3372/3372 3379/3379 3378/3378
f 3373/3373 3372/3372 3378/3378
f 3378/3378 3379/3379 3384/3384
f 3384/3384 3379/3379 3385/3385
f 2286/2286 2287/2287 2288/2288
f 2287/2287 2294/2294 2288/2288
f 2288/2288 2294/2294 2301/2301
f 2298/2298 2299/2299 2301/2301
f 2301/2301 2299/2299 2303/2303
f 1735/1735 1916/1916 1869/1869
f 2303/2303 2299/2299 2392/2392
f 1736/1736 1916/1916 1735/1735
f 1733/1733 1736/1736 1735/1735
f 1732/1732 1784/1784 1733/1733
f 1837/1837 1790/1790 1821/1821
f 1817/1817 1794/1794 1837/1837
f 1973/1973 1965/1965 1954/1954
f 2003/2003 2010/2010 2024/2024
f 3347/3347 3335/3335 3362/3362
f 1825/1825 1824/1824 1811/1811
f 6356/6356 6318/6318 6357/6357
f 1881/1881 1824/1824 1825/1825
f 3178/3178 3180/3180 3240/3240
f 3192/3192 3193/3193 3194/3194
f 4071/4071 4069/4069 4084/4084
f 7054/7054 7053/7053 7049/7049
f 7049/7049 7051/7051 7063/7063
f 6737/6737 6579/6579 6585/6585
f 5247/5247 5250/5250 5244/5244
f 3951/3951 3944/3944 3946/3946
f 937/937 882/882 910/910
f 882/882 887/887 874/874
f 901/901 903/903 889/889
f 919/919 917/917 920/920
f 917/917 922/922 920/920
f 920/920 922/922 923/923
f 4680/4680 4679/4679 4691/4691
f 4691/4691 4679/4679 4678/4678
f 8268/8268 8267/8267 8269/8269
f 8264/8264 8268/8268 8279/8279
f 699/699 595/595 621/621
f 700/700 699/699 621/621
f 621/621 595/595 620/620
f 8234/8234 8273/8273 8235/8235
f 8235/8235 8273/8273 8236/8236
f 8273/8273 8264/8264 8279/8279
f 8236/8236 8273/8273 8279/8279
f 8230/8230 8270/8270 8232/8232
f 8232/8232 8270/8270 8234/8234
f 620/620 595/595 619/619
f 8226/8226 8224/8224 8227/8227
f 626/626 619/619 677/677
f 626/626 677/677 692/692
f 8221/8221 8222/8222 8223/8223
f 8223/8223 8222/8222 8224/8224
f 3394/3394 3392/3392 3393/3393
f 3393/3393 3392/3392 3376/3376
f 3378/3378 3384/3384 3387/3387
f 2296/2296 2286/2286 2394/2394
f 2286/2286 2288/2288 2394/2394
f 2393/2393 2288/2288 2301/2301
f 2395/2395 2301/2301 2303/2303
f 1818/1818 1784/1784 1732/1732
f 1844/1844 1821/1821 1818/1818
f 7400/7400 7381/7381 7431/7431
f 1954/1954 1957/1957 1949/1949
f 1949/1949 1957/1957 1966/1966
f 1949/1949 1966/1966 1955/1955
f 1955/1955 1966/1966 1963/1963
f 1947/1947 1973/1973 1954/1954
f 1963/1963 1966/1966 1980/1980
f 1980/1980 2010/2010 2003/2003
f 2265/2265 2193/2193 2180/2180
f 2186/2186 2135/2135 2252/2252
f 2003/2003 2024/2024 2026/2026
f 1835/1835 1811/1811 1808/1808
f 6894/6894 6891/6891 6893/6893
f 2026/2026 2024/2024 2027/2027
f 6893/6893 6891/6891 6892/6892
f 1827/1827 1881/1881 1825/1825
f 2179/2179 2265/2265 2175/2175
f 6276/6276 6356/6356 6273/6273
f 6274/6274 6276/6276 6273/6273
f 3335/3335 3206/3206 3361/3361
f 3362/3362 3335/3335 3361/3361
f 1901/1901 1881/1881 1827/1827
f 1882/1882 1901/1901 1827/1827
f 3361/3361 3206/3206 3328/3328
f 3323/3323 3195/3195 3178/3178
f 3206/3206 3196/3196 3202/3202
f 3196/3196 3192/3192 3202/3202
f 3192/3192 3194/3194 3201/3201
f 4987/4987 5077/5077 5078/5078
f 4072/4072 4067/4067 4071/4071
f 3946/3946 3948/3948 3950/3950
f 3950/3950 3948/3948 3952/3952
f 7522/7522 7521/7521 7520/7520
f 984/984 937/937 910/910
f 910/910 882/882 881/881
f 882/882 874/874 881/881
f 875/875 889/889 877/877
f 889/889 903/903 894/894
f 903/903 919/919 933/933
f 933/933 919/919 920/920
f 920/920 923/923 924/924
f 923/923 925/925 924/924
f 4691/4691 4678/4678 4692/4692
f 4678/4678 4684/4684 4692/4692
f 8279/8279 8268/8268 8238/8238
f 8238/8238 8268/8268 8292/8292
f 8268/8268 8269/8269 8292/8292
f 8269/8269 8287/8287 8291/8291
f 8233/8233 8235/8235 8236/8236
f 8233/8233 8236/8236 8237/8237
f 8236/8236 8279/8279 8238/8238
f 8237/8237 8236/8236 8238/8238
f 8234/8234 8235/8235 8233/8233
f 8232/8232 8234/8234 8233/8233
f 620/620 619/619 626/626
f 871/871 808/808 804/804
f 804/804 808/808 805/805
f 804/804 805/805 803/803
f 8226/8226 8227/8227 8228/8228
f 8228/8228 8227/8227 8229/8229
f 8229/8229 8227/8227 8230/8230
f 8229/8229 8230/8230 8231/8231
f 8231/8231 8230/8230 8232/8232
f 692/692 759/759 781/781
f 759/759 815/815 781/781
f 4092/4092 4094/4094 4120/4120
f 3393/3393 3376/3376 3433/3433
f 3433/3433 3376/3376 3435/3435
f 3435/3435 3376/3376 3371/3371
f 3389/3389 3371/3371 3373/3373
f 3389/3389 3373/3373 3388/3388
f 3388/3388 3373/3373 3378/3378
f 3388/3388 3378/3378 3387/3387
f 3387/3387 3384/3384 3467/3467
f 3464/3464 3387/3387 3467/3467
f 2394/2394 2288/2288 2393/2393
f 2393/2393 2301/2301 2395/2395
f 1869/1869 2029/2029 1907/1907
f 1731/1731 1735/1735 1787/1787
f 1735/1735 1869/1869 1787/1787
f 7440/7440 7455/7455 7457/7457
f 7385/7385 7389/7389 7445/7445
f 7383/7383 7385/7385 7386/7386
f 1906/1906 1926/1926 1903/1903
f 7378/7378 7381/7381 7400/7400
f 1947/1947 1954/1954 1948/1948
f 1948/1948 1954/1954 1949/1949
f 1963/1963 1980/1980 1968/1968
f 7375/7375 7378/7378 7398/7398
f 1980/1980 2003/2003 1968/1968
f 1968/1968 2003/2003 2004/2004
f 2004/2004 2003/2003 2026/2026
f 7375/7375 7398/7398 7436/7436
f 6896/6896 6894/6894 6895/6895
f 2113/2113 2137/2137 2138/2138
f 7369/7369 7375/7375 7436/7436
f 6895/6895 6894/6894 6893/6893
f 6893/6893 6892/6892 6900/6900
f 6893/6893 6900/6900 6753/6753
f 6753/6753 6755/6755 6640/6640
f 3206/3206 3202/3202 3328/3328
f 3319/3319 3194/3194 3195/3195
f 3319/3319 3195/3195 3323/3323
f 3202/3202 3192/3192 3201/3201
f 3201/3201 3194/3194 3319/3319
f 6638/6638 6640/6640 6641/6641
f 3951/3951 3946/3946 3950/3950
f 6585/6585 6579/6579 6583/6583
f 6579/6579 6578/6578 6583/6583
f 6721/6721 6863/6863 6883/6883
f 883/883 877/877 889/889
f 883/883 889/889 894/894
f 921/921 903/903 933/933
f 924/924 925/925 926/926
f 4692/4692 4684/4684 4693/4693
f 4684/4684 4687/4687 4688/4688
f 695/695 683/683 679/679
f 679/679 683/683 631/631
f 622/622 621/621 620/620
f 622/622 620/620 626/626
f 769/769 695/695 768/768
f 8231/8231 8232/8232 8233/8233
f 804/804 803/803 802/802
f 803/803 799/799 802/802
f 802/802 799/799 800/800
f 799/799 797/797 798/798
f 800/800 799/799 798/798
f 3405/3405 3401/3401 3404/3404
f 3402/3402 3401/3401 3394/3394
f 3402/3402 3394/3394 3393/3393
f 3402/3402 3393/3393 3433/3433
f 3435/3435 3371/3371 3389/3389
f 3435/3435 3389/3389 3443/3443
f 3388/3388 3387/3387 3456/3456
f 3456/3456 3387/3387 3464/3464
f 3461/3461 3464/3464 3467/3467
f 5863/5863 5861/5861 5862/5862
f 3461/3461 3467/3467 3465/3465
f 2393/2393 2395/2395 2396/2396
f 4095/4095 4098/4098 4097/4097
f 7439/7439 7456/7456 7455/7455
f 7439/7439 7455/7455 7440/7440
f 1732/1732 1733/1733 1728/1728
f 1728/1728 1733/1733 1731/1731
f 1730/1730 1816/1816 1732/1732
f 7435/7435 7440/7440 7457/7457
f 7393/7393 7435/7435 7449/7449
f 7385/7385 7384/7384 7389/7389
f 7383/7383 7384/7384 7385/7385
f 7381/7381 7382/7382 7383/7383
f 7380/7380 7382/7382 7381/7381
f 7380/7380 7381/7381 7378/7378
f 7379/7379 7380/7380 7378/7378
f 1953/1953 1963/1963 1968/1968
f 7377/7377 7379/7379 7378/7378
f 7369/7369 7374/7374 7375/7375
f 1828/1828 1826/1826 1877/1877
f 1827/1827 1826/1826 1828/1828
f 2021/2021 2026/2026 2027/2027
f 2021/2021 2027/2027 2017/2017
f 1842/1842 1882/1882 1827/1827
f 2178/2178 2206/2206 2179/2179
f 7370/7370 7369/7369 7437/7437
f 3361/3361 3328/3328 3360/3360
f 1845/1845 1882/1882 1842/1842
f 3360/3360 3328/3328 3337/3337
f 3337/3337 3328/3328 3202/3202
f 1848/1848 1882/1882 1845/1845
f 3337/3337 3202/3202 3201/3201
f 2919/2919 2918/2918 2920/2920
f 2920/2920 2918/2918 2922/2922
f 6647/6647 6645/6645 6648/6648
f 6479/6479 6475/6475 6474/6474
f 7049/7049 7063/7063 7061/7061
f 6986/6986 6737/6737 6585/6585
f 5246/5246 5247/5247 5244/5244
f 6578/6578 6581/6581 6583/6583
f 6582/6582 6712/6712 6721/6721
f 874/874 875/875 876/876
f 894/894 903/903 921/921
f 894/894 921/921 895/895
f 921/921 933/933 934/934
f 933/933 920/920 934/934
f 920/920 924/924 928/928
f 934/934 920/920 928/928
f 689/689 690/690 686/686
f 686/686 846/846 845/845
f 679/679 631/631 628/628
f 623/623 631/631 624/624
f 623/623 624/624 621/621
f 768/768 695/695 679/679
f 680/680 768/768 679/679
f 845/845 873/873 865/865
f 795/795 769/769 768/768
f 798/798 797/797 795/795
f 688/688 626/626 692/692
f 3410/3410 3405/3405 3406/3406
f 3406/3406 3405/3405 3404/3404
f 362/362 359/359 363/363
f 362/362 363/363 365/365
f 3404/3404 3401/3401 3403/3403
f 3403/3403 3401/3401 3402/3402
f 3434/3434 3433/3433 3435/3435
f 3443/3443 3389/3389 3449/3449
f 3449/3449 3389/3389 3388/3388
f 3449/3449 3388/3388 3456/3456
f 3455/3455 3464/3464 3461/3461
f 3468/3468 3465/3465 3943/3943
f 1730/1730 1732/1732 1728/1728
f 7397/7397 7439/7439 7435/7435
f 7435/7435 7439/7439 7440/7440
f 7391/7391 7397/7397 7393/7393
f 7393/7393 7397/7397 7435/7435
f 1823/1823 1891/1891 1866/1866
f 7389/7389 7391/7391 7393/7393
f 1880/1880 1892/1892 1891/1891
f 7384/7384 7390/7390 7389/7389
f 7382/7382 7384/7384 7383/7383
f 7380/7380 7399/7399 7382/7382
f 7379/7379 7399/7399 7380/7380
f 1953/1953 1955/1955 1963/1963
f 7414/7414 7406/7406 7379/7379
f 1953/1953 1968/1968 1961/1961
f 7414/7414 7379/7379 7377/7377
f 1968/1968 2004/2004 1991/1991
f 7376/7376 7414/7414 7374/7374
f 7414/7414 7377/7377 7374/7374
f 2004/2004 2026/2026 2015/2015
f 7368/7368 7376/7376 7374/7374
f 6897/6897 6896/6896 6895/6895
f 6895/6895 6893/6893 6984/6984
f 2026/2026 2021/2021 2015/2015
f 6282/6282 6274/6274 6272/6272
f 6272/6272 6274/6274 6273/6273
f 6984/6984 6893/6893 6753/6753
f 1842/1842 1827/1827 1828/1828
f 7370/7370 7366/7366 7369/7369
f 6284/6284 6274/6274 6282/6282
f 2021/2021 2017/2017 1982/1982
f 1982/1982 2017/2017 1922/1922
f 7371/7371 7370/7370 7438/7438
f 1912/1912 1913/1913 1849/1849
f 1849/1849 1913/1913 1848/1848
f 6647/6647 6648/6648 6710/6710
f 7054/7054 7049/7049 7056/7056
f 7056/7056 7049/7049 7061/7061
f 5246/5246 5244/5244 5242/5242
f 3951/3951 3950/3950 3953/3953
f 5242/5242 5244/5244 5243/5243
f 6595/6595 6585/6585 6583/6583
f 6583/6583 6581/6581 6584/6584
f 911/911 984/984 910/910
f 881/881 874/874 876/876
f 876/876 875/875 877/877
f 883/883 894/894 893/893
f 894/894 895/895 893/893
f 921/921 934/934 906/906
f 906/906 934/934 928/928
f 924/924 926/926 927/927
f 927/927 926/926 689/689
f 686/686 845/845 810/810
f 628/628 631/631 623/623
f 623/623 621/621 622/622
f 810/810 865/865 864/864
f 857/857 801/801 796/796
f 622/622 626/626 672/672
f 672/672 626/626 688/688
f 688/688 692/692 770/770
f 692/692 781/781 770/770
f 770/770 781/781 978/978
f 335/335 338/338 337/337
f 3432/3432 3403/3403 3402/3402
f 3432/3432 3402/3402 3433/3433
f 3432/3432 3433/3433 3434/3434
f 3443/3443 3434/3434 3435/3435
f 3434/3434 3443/3443 3442/3442
f 3452/3452 3443/3443 3449/3449
f 3455/3455 3452/3452 3456/3456
f 3452/3452 3449/3449 3456/3456
f 3451/3451 3455/3455 3454/3454
f 3455/3455 3461/3461 3454/3454
f 5859/5859 5862/5862 5860/5860
f 3461/3461 3465/3465 3463/3463
f 1854/1854 1787/1787 1864/1864
f 1730/1730 1728/1728 1727/1727
f 1823/1823 1816/1816 1737/1737
f 1737/1737 1816/1816 1730/1730
f 7388/7388 7392/7392 7384/7384
f 7384/7384 7392/7392 7390/7390
f 4099/4099 4098/4098 4101/4101
f 1786/1786 1830/1830 1831/1831
f 7399/7399 7388/7388 7382/7382
f 7382/7382 7388/7388 7384/7384
f 7379/7379 7404/7404 7399/7399
f 7406/7406 7404/7404 7379/7379
f 7421/7421 7410/7410 7406/7406
f 1941/1941 1949/1949 1955/1955
f 1941/1941 1955/1955 1953/1953
f 7414/7414 7421/7421 7406/7406
f 7421/7421 7414/7414 7376/7376
f 1961/1961 1968/1968 1991/1991
f 7419/7419 7421/7421 7376/7376
f 7419/7419 7376/7376 7368/7368
f 6902/6902 6896/6896 6897/6897
f 7365/7365 7419/7419 7368/7368
f 6272/6272 6273/6273 6265/6265
f 7365/7365 7368/7368 7366/7366
f 2015/2015 2021/2021 1982/1982
f 6639/6639 6753/6753 6640/6640
f 1845/1845 1842/1842 1843/1843
f 1922/1922 1912/1912 1850/1850
f 1850/1850 1912/1912 1849/1849
f 1849/1849 1848/1848 1843/1843
f 1848/1848 1845/1845 1843/1843
f 6639/6639 6640/6640 6638/6638
f 4115/4115 4116/4116 4141/4141
f 6638/6638 6641/6641 6644/6644
f 6641/6641 6645/6645 6644/6644
f 4145/4145 4116/4116 4146/4146
f 4083/4083 4084/4084 4082/4082
f 4084/4084 4123/4123 4082/4082
f 7057/7057 7054/7054 7056/7056
f 4082/4082 4123/4123 4121/4121
f 3953/3953 3950/3950 3952/3952
f 6883/6883 6920/6920 6919/6919
f 911/911 910/910 881/881
f 876/876 877/877 878/878
f 877/877 883/883 878/878
f 893/893 895/895 897/897
f 895/895 921/921 897/897
f 897/897 921/921 906/906
f 928/928 924/924 668/668
f 924/924 927/927 668/668
f 927/927 689/689 669/669
f 689/689 686/686 669/669
f 669/669 686/686 685/685
f 685/685 686/686 687/687
f 681/681 680/680 649/649
f 680/680 679/679 628/628
f 649/649 680/680 628/628
f 348/348 401/401 415/415
f 348/348 415/415 352/352
f 417/417 268/268 334/334
f 364/364 460/460 367/367
f 460/460 398/398 367/367
f 367/367 398/398 337/337
f 3407/3407 3406/3406 3404/3404
f 3407/3407 3404/3404 3403/3403
f 3403/3403 3432/3432 3436/3436
f 3432/3432 3434/3434 3439/3439
f 3442/3442 3439/3439 3434/3434
f 3442/3442 3443/3443 3445/3445
f 3452/3452 3445/3445 3443/3443
f 3451/3451 3445/3445 3452/3452
f 3454/3454 3461/3461 3457/3457
f 3457/3457 3461/3461 3463/3463
f 3465/3465 3468/3468 3463/3463
f 8125/8125 8121/8121 8119/8119
f 1737/1737 1730/1730 1727/1727
f 1738/1738 1737/1737 1727/1727
f 8101/8101 8065/8065 8107/8107
f 7392/7392 7388/7388 7395/7395
f 8070/8070 8101/8101 8093/8093
f 7399/7399 7396/7396 7388/7388
f 1815/1815 1830/1830 1786/1786
f 7411/7411 7410/7410 7421/7421
f 1947/1947 1948/1948 1942/1942
f 1944/1944 1947/1947 1942/1942
f 1948/1948 1949/1949 1942/1942
f 1942/1942 1949/1949 1941/1941
f 1934/1934 1953/1953 1935/1935
f 1935/1935 1953/1953 1961/1961
f 7416/7416 7411/7411 7421/7421
f 1961/1961 1991/1991 1974/1974
f 7416/7416 7421/7421 7419/7419
f 7367/7367 7416/7416 7419/7419
f 1991/1991 2015/2015 2014/2014
f 6902/6902 6897/6897 6898/6898
f 6898/6898 6897/6897 6895/6895
f 6898/6898 6895/6895 6984/6984
f 2014/2014 2015/2015 1925/1925
f 6271/6271 6272/6272 6265/6265
f 6984/6984 6753/6753 6754/6754
f 1885/1885 1982/1982 1922/1922
f 1885/1885 1922/1922 1850/1850
f 1850/1850 1849/1849 1843/1843
f 7402/7402 7371/7371 7438/7438
f 7371/7371 7402/7402 7372/7372
f 6644/6644 6645/6645 6647/6647
f 4071/4071 4084/4084 4083/4083
f 5245/5245 5246/5246 5242/5242
f 3953/3953 3952/3952 3961/3961
f 6582/6582 6721/6721 6722/6722
f 879/879 881/881 876/876
f 878/878 883/883 884/884
f 884/884 883/883 666/666
f 666/666 883/883 893/893
f 666/666 893/893 897/897
f 666/666 897/897 660/660
f 687/687 782/782 674/674
f 782/782 767/767 682/682
f 897/897 906/906 660/660
f 660/660 906/906 662/662
f 906/906 928/928 668/668
f 662/662 906/906 668/668
f 668/668 927/927 669/669
f 632/632 767/767 681/681
f 649/649 628/628 629/629
f 622/622 672/672 673/673
f 672/672 688/688 773/773
f 688/688 770/770 973/973
f 773/773 688/688 973/973
f 401/401 482/482 415/415
f 493/493 417/417 334/334
f 336/336 493/493 334/334
f 973/973 770/770 978/978
f 415/415 505/505 460/460
f 460/460 505/505 519/519
f 398/398 519/519 520/520
f 398/398 520/520 416/416
f 520/520 493/493 416/416
f 416/416 493/493 336/336
f 3407/3407 3403/3403 3436/3436
f 3436/3436 3432/3432 3437/3437
f 3437/3437 3432/3432 3439/3439
f 3437/3437 3439/3439 3440/3440
f 4120/4120 4094/4094 4096/4096
f 3440/3440 3439/3439 3442/3442
f 3450/3450 3451/3451 3454/3454
f 3450/3450 3454/3454 3457/3457
f 3466/3466 3463/3463 3468/3468
f 1854/1854 1864/1864 1893/1893
f 3468/3468 3904/3904 3470/3470
f 1840/1840 1731/1731 1854/1854
f 1715/1715 1728/1728 1723/1723
f 1723/1723 1728/1728 1731/1731
f 3899/3899 3904/3904 3905/3905
f 1738/1738 1727/1727 1726/1726
f 1715/1715 1727/1727 1728/1728
f 1739/1739 1737/1737 1738/1738
f 4097/4097 4098/4098 4099/4099
f 1742/1742 1823/1823 1737/1737
f 1773/1773 1810/1810 1743/1743
f 8070/8070 8065/8065 8101/8101
f 7405/7405 7401/7401 7404/7404
f 7404/7404 7401/7401 7399/7399
f 7401/7401 7396/7396 7399/7399
f 1774/1774 1815/1815 1786/1786
f 7408/7408 7405/7405 7410/7410
f 7410/7410 7405/7405 7404/7404
f 7411/7411 7408/7408 7410/7410
f 7412/7412 7408/7408 7411/7411
f 1941/1941 1953/1953 1934/1934
f 7416/7416 7412/7412 7411/7411
f 7423/7423 7416/7416 7367/7367
f 7362/7362 7423/7423 7367/7367
f 6903/6903 6902/6902 6898/6898
f 7365/7365 7362/7362 7367/7367
f 7361/7361 7362/7362 7365/7365
f 1851/1851 1843/1843 1859/1859
f 7361/7361 7371/7371 7358/7358
f 7372/7372 7358/7358 7371/7371
f 6647/6647 6710/6710 6726/6726
f 4072/4072 4071/4071 4074/4074
f 4074/4074 4071/4071 4083/4083
f 4628/4628 4637/4637 4636/4636
f 5242/5242 5243/5243 5241/5241
f 3962/3962 3953/3953 3961/3961
f 6586/6586 6581/6581 6582/6582
f 6586/6586 6582/6582 6722/6722
f 6721/6721 6883/6883 6722/6722
f 6722/6722 6883/6883 6882/6882
f 6883/6883 6919/6919 6918/6918
f 908/908 911/911 881/881
f 908/908 881/881 879/879
f 880/880 876/876 878/878
f 658/658 666/666 660/660
f 669/669 685/685 675/675
f 685/685 687/687 675/675
f 675/675 687/687 674/674
f 682/682 767/767 632/632
f 660/660 662/662 661/661
f 661/661 662/662 663/663
f 662/662 668/668 663/663
f 663/663 668/668 669/669
f 632/632 681/681 649/649
f 632/632 649/649 629/629
f 627/627 628/628 623/623
f 627/627 623/623 625/625
f 625/625 623/623 622/622
f 625/625 622/622 673/673
f 673/673 672/672 773/773
f 505/505 483/483 519/519
f 483/483 513/513 519/519
f 524/524 523/523 520/520
f 520/520 523/523 480/480
f 520/520 480/480 493/493
f 493/493 480/480 417/417
f 519/519 513/513 524/524
f 3411/3411 3406/3406 3408/3408
f 3408/3408 3406/3406 3407/3407
f 3407/3407 3436/3436 3409/3409
f 3409/3409 3436/3436 3438/3438
f 3438/3438 3436/3436 3437/3437
f 3440/3440 3442/3442 3444/3444
f 3444/3444 3442/3442 3445/3445
f 3444/3444 3445/3445 3450/3450
f 3445/3445 3451/3451 3450/3450
f 3881/3881 3457/3457 3466/3466
f 3470/3470 3466/3466 3468/3468
f 1717/1717 1715/1715 1723/1723
f 3897/3897 3895/3895 3899/3899
f 3896/3896 3895/3895 3897/3897
f 1726/1726 1727/1727 1715/1715
f 1737/1737 1739/1739 1740/1740
f 1743/1743 1742/1742 1741/1741
f 1742/1742 1737/1737 1741/1741
f 7401/7401 7395/7395 7396/7396
f 7405/7405 7407/7407 7401/7401
f 1819/1819 1815/1815 1774/1774
f 7407/7407 7405/7405 7408/7408
f 1943/1943 1944/1944 1942/1942
f 1935/1935 1961/1961 1932/1932
f 1932/1932 1961/1961 1974/1974
f 7423/7423 7415/7415 7416/7416
f 7415/7415 7412/7412 7416/7416
f 1974/1974 2014/2014 2013/2013
f 6903/6903 6898/6898 6904/6904
f 2013/2013 2014/2014 2011/2011
f 7360/7360 7423/7423 7362/7362
f 6269/6269 6271/6271 6265/6265
f 7360/7360 7362/7362 7357/7357
f 6754/6754 6753/6753 6639/6639
f 1925/1925 1885/1885 1863/1863
f 7357/7357 7362/7362 7361/7361
f 7358/7358 7357/7357 7361/7361
f 7372/7372 7359/7359 7358/7358
f 4143/4143 4116/4116 4145/4145
f 4075/4075 4072/4072 4074/4074
f 6986/6986 6585/6585 6697/6697
f 6697/6697 6585/6585 6595/6595
f 5245/5245 5242/5242 5235/5235
f 5235/5235 5242/5242 5241/5241
f 3962/3962 3961/3961 3963/3963
f 6882/6882 6883/6883 6918/6918
f 879/879 876/876 880/880
f 878/878 884/884 886/886
f 675/675 674/674 678/678
f 674/674 682/682 643/643
f 643/643 682/682 632/632
f 659/659 658/658 660/660
f 659/659 660/660 661/661
f 627/627 629/629 628/628
f 625/625 673/673 751/751
f 515/515 511/511 523/523
f 523/523 511/511 480/480
f 480/480 511/511 319/319
f 513/513 515/515 524/524
f 524/524 515/515 523/523
f 3409/3409 3408/3408 3407/3407
f 3438/3438 3437/3437 3441/3441
f 3440/3440 3444/3444 3446/3446
f 3446/3446 3444/3444 3450/3450
f 3453/3453 3450/3450 3457/3457
f 3466/3466 3470/3470 3891/3891
f 3895/3895 3891/3891 3470/3470
f 1713/1713 1739/1739 1726/1726
f 1752/1752 1740/1740 1713/1713
f 1740/1740 1739/1739 1713/1713
f 8058/8058 8062/8062 8065/8065
f 1751/1751 1778/1778 1773/1773
f 1762/1762 1778/1778 1751/1751
f 7401/7401 7429/7429 7395/7395
f 8085/8085 8061/8061 8093/8093
f 1786/1786 1778/1778 1762/1762
f 7407/7407 7429/7429 7401/7401
f 1774/1774 1786/1786 1762/1762
f 7409/7409 7407/7407 7408/7408
f 7413/7413 7409/7409 7408/7408
f 1943/1943 1942/1942 1939/1939
f 1939/1939 1942/1942 1941/1941
f 7424/7424 7415/7415 7423/7423
f 6905/6905 6903/6903 6904/6904
f 6281/6281 6269/6269 6264/6264
f 6264/6264 6269/6269 6265/6265
f 6904/6904 6898/6898 6984/6984
f 6904/6904 6984/6984 6754/6754
f 2011/2011 1925/1925 1918/1918
f 6282/6282 6269/6269 6281/6281
f 6637/6637 6754/6754 6639/6639
f 7462/7462 7443/7443 7460/7460
f 7387/7387 7359/7359 7402/7402
f 7402/7402 7359/7359 7372/7372
f 6644/6644 6647/6647 6636/6636
f 4141/4141 4116/4116 4143/4143
f 7058/7058 7057/7057 7056/7056
f 7056/7056 7061/7061 7060/7060
f 6697/6697 6595/6595 6594/6594
f 6594/6594 6595/6595 6583/6583
f 5235/5235 5241/5241 5240/5240
f 6584/6584 6581/6581 6586/6586
f 6882/6882 6918/6918 6921/6921
f 909/909 908/908 879/879
f 880/880 878/878 885/885
f 885/885 878/878 886/886
f 886/886 884/884 657/657
f 657/657 884/884 666/666
f 657/657 666/666 658/658
f 657/657 658/658 655/655
f 658/658 659/659 655/655
f 636/636 643/643 632/632
f 636/636 632/632 630/630
f 653/653 659/659 661/661
f 661/661 663/663 670/670
f 630/630 632/632 629/629
f 630/630 629/629 627/627
f 515/515 393/393 511/511
f 393/393 386/386 511/511
f 511/511 386/386 319/319
f 319/319 386/386 292/292
f 751/751 673/673 773/773
f 483/483 392/392 513/513
f 392/392 393/393 513/513
f 393/393 515/515 513/513
f 773/773 973/973 971/971
f 3412/3412 3411/3411 3408/3408
f 3412/3412 3408/3408 3409/3409
f 3448/3448 3409/3409 3438/3438
f 3448/3448 3438/3438 3441/3441
f 3441/3441 3437/3437 3440/3440
f 3446/3446 3450/3450 3453/3453
f 3453/3453 3457/3457 3462/3462
f 3462/3462 3457/3457 3881/3881
f 3865/3865 3462/3462 3881/3881
f 3865/3865 3881/3881 3466/3466
f 1717/1717 1723/1723 1840/1840
f 1716/1716 1715/1715 1717/1717
f 3898/3898 3896/3896 3897/3897
f 1713/1713 1726/1726 1715/1715
f 1741/1741 1752/1752 1749/1749
f 1752/1752 1713/1713 1750/1750
f 1745/1745 1743/1743 1744/1744
f 1743/1743 1741/1741 1744/1744
f 1751/1751 1773/1773 1745/1745
f 1773/1773 1743/1743 1745/1745
f 8049/8049 8054/8054 8061/8061
f 8085/8085 8094/8094 8057/8057
f 8114/8114 8094/8094 8118/8118
f 1833/1833 1819/1819 1774/1774
f 1770/1770 1833/1833 1774/1774
f 1939/1939 1941/1941 1938/1938
f 1934/1934 1935/1935 1932/1932
f 7418/7418 7417/7417 7415/7415
f 7418/7418 7415/7415 7424/7424
f 7428/7428 7424/7424 7423/7423
f 6905/6905 6904/6904 6906/6906
f 3659/3659 3649/3649 3657/3657
f 7360/7360 7428/7428 7423/7423
f 6906/6906 6904/6904 6759/6759
f 7356/7356 7428/7428 7360/7360
f 6280/6280 6281/6281 6264/6264
f 7466/7466 7461/7461 7465/7465
f 7356/7356 7360/7360 7357/7357
f 7355/7355 7357/7357 7358/7358
f 7462/7462 7465/7465 7454/7454
f 7359/7359 7355/7355 7358/7358
f 7373/7373 7359/7359 7387/7387
f 7441/7441 7373/7373 7387/7387
f 6636/6636 6647/6647 6726/6726
f 7121/7121 7122/7122 7120/7120
f 5205/5205 5203/5203 5204/5204
f 7058/7058 7056/7056 7059/7059
f 7059/7059 7056/7056 7060/7060
f 5248/5248 5245/5245 5235/5235
f 5235/5235 5240/5240 5234/5234
f 6594/6594 6583/6583 6584/6584
f 5234/5234 5240/5240 5237/5237
f 6587/6587 6584/6584 6586/6586
f 892/892 909/909 879/879
f 879/879 880/880 891/891
f 885/885 886/886 664/664
f 678/678 674/674 640/640
f 640/640 674/674 643/643
f 640/640 643/643 637/637
f 653/653 661/661 670/670
f 670/670 663/663 678/678
f 650/650 627/627 625/625
f 386/386 214/214 207/207
f 625/625 751/751 696/696
f 751/751 773/773 968/968
f 201/201 202/202 200/200
f 968/968 773/773 971/971
f 3412/3412 3414/3414 3411/3411
f 4092/4092 4120/4120 4119/4119
f 3415/3415 3412/3412 3413/3413
f 3413/3413 3412/3412 3409/3409
f 3448/3448 3413/3413 3409/3409
f 3447/3447 3441/3441 3440/3440
f 3447/3447 3440/3440 3446/3446
f 3446/3446 3453/3453 3458/3458
f 3462/3462 3865/3865 3818/3818
f 3890/3890 3865/3865 3466/3466
f 3890/3890 3466/3466 3891/3891
f 3890/3890 3891/3891 3892/3892
f 1840/1840 1870/1870 1871/1871
f 1717/1717 1840/1840 1834/1834
f 3912/3912 3891/3891 3896/3896
f 1713/1713 1715/1715 1711/1711
f 1744/1744 1741/1741 1749/1749
f 1749/1749 1752/1752 1753/1753
f 1752/1752 1750/1750 1753/1753
f 3900/3900 3898/3898 3897/3897
f 3900/3900 3901/3901 3915/3915
f 1774/1774 1762/1762 1759/1759
f 1772/1772 1833/1833 1770/1770
f 8113/8113 8081/8081 8114/8114
f 8081/8081 8079/8079 8114/8114
f 1933/1933 1934/1934 1932/1932
f 3655/3655 3649/3649 3659/3659
f 6907/6907 6905/6905 6906/6906
f 3657/3657 3649/3649 3656/3656
f 6280/6280 6264/6264 6267/6267
f 6267/6267 6264/6264 6266/6266
f 6908/6908 6906/6906 6759/6759
f 1911/1911 1875/1875 1917/1917
f 7364/7364 7355/7355 7359/7359
f 7443/7443 7434/7434 7373/7373
f 7373/7373 7364/7364 7359/7359
f 4075/4075 4074/4074 4076/4076
f 4074/4074 4083/4083 4082/4082
f 4076/4076 4074/4074 4082/4082
f 5248/5248 5235/5235 5232/5232
f 5232/5232 5235/5235 5234/5234
f 6722/6722 6882/6882 6706/6706
f 6882/6882 6921/6921 6923/6923
f 892/892 879/879 891/891
f 891/891 880/880 885/885
f 664/664 886/886 657/657
f 646/646 678/678 640/640
f 637/637 636/636 635/635
f 635/635 636/636 630/630
f 657/657 655/655 656/656
f 655/655 659/659 653/653
f 652/652 653/653 670/670
f 630/630 627/627 633/633
f 633/633 627/627 650/650
f 650/650 625/625 696/696
f 696/696 751/751 967/967
f 967/967 751/751 968/968
f 972/972 968/968 971/971
f 3417/3417 3414/3414 3416/3416
f 3416/3416 3414/3414 3412/3412
f 3416/3416 3412/3412 3415/3415
f 3471/3471 3415/3415 3413/3413
f 3471/3471 3413/3413 3448/3448
f 3469/3469 3471/3471 3448/3448
f 3469/3469 3448/3448 3441/3441
f 3459/3459 3469/3469 3441/3441
f 3459/3459 3441/3441 3447/3447
f 3460/3460 3459/3459 3447/3447
f 3460/3460 3447/3447 3446/3446
f 3460/3460 3446/3446 3458/3458
f 1132/1132 1113/1113 1108/1108
f 3818/3818 3458/3458 3462/3462
f 3864/3864 3818/3818 3865/3865
f 3877/3877 3864/3864 3865/3865
f 3880/3880 3877/3877 3865/3865
f 3880/3880 3865/3865 3890/3890
f 1724/1724 1717/1717 1834/1834
f 3892/3892 3912/3912 3902/3902
f 1716/1716 1717/1717 1724/1724
f 3913/3913 3912/3912 3898/3898
f 1711/1711 1715/1715 1716/1716
f 1712/1712 1713/1713 1711/1711
f 3926/3926 3913/3913 3900/3900
f 3900/3900 3913/3913 3898/3898
f 1758/1758 1744/1744 1749/1749
f 1749/1749 1753/1753 1706/1706
f 1753/1753 1750/1750 1712/1712
f 1750/1750 1713/1713 1712/1712
f 1746/1746 1745/1745 1744/1744
f 1746/1746 1744/1744 1758/1758
f 1748/1748 1751/1751 1745/1745
f 8056/8056 8063/8063 8062/8062
f 1762/1762 1751/1751 1748/1748
f 1770/1770 1774/1774 1759/1759
f 1939/1939 1938/1938 1937/1937
f 1931/1931 1932/1932 1930/1930
f 1945/1945 1939/1939 1940/1940
f 1927/1927 1972/1972 1928/1928
f 7425/7425 7420/7420 7424/7424
f 7420/7420 7418/7418 7424/7424
f 3649/3649 3643/3643 3648/3648
f 7352/7352 7425/7425 7424/7424
f 6907/6907 6910/6910 6916/6916
f 7352/7352 7424/7424 7428/7428
f 6907/6907 6906/6906 6908/6908
f 6268/6268 6267/6267 6266/6266
f 7352/7352 7428/7428 7356/7356
f 7454/7454 7461/7461 7447/7447
f 7356/7356 7357/7357 7355/7355
f 7350/7350 7356/7356 7355/7355
f 7454/7454 7447/7447 7434/7434
f 7354/7354 7350/7350 7355/7355
f 7364/7364 7354/7354 7355/7355
f 6636/6636 6726/6726 6727/6727
f 5232/5232 5234/5234 5233/5233
f 5234/5234 5237/5237 5236/5236
f 6586/6586 6722/6722 6706/6706
f 939/939 909/909 892/892
f 6923/6923 6921/6921 6924/6924
f 939/939 892/892 938/938
f 938/938 892/892 932/932
f 932/932 892/892 931/931
f 931/931 892/892 891/891
f 639/639 646/646 640/640
f 639/639 640/640 637/637
f 891/891 885/885 896/896
f 896/896 885/885 664/664
f 670/670 678/678 646/646
f 635/635 630/630 634/634
f 664/664 657/657 656/656
f 656/656 655/655 654/654
f 654/654 655/655 653/653
f 634/634 630/630 633/633
f 219/219 215/215 238/238
f 215/215 209/209 214/214
f 3478/3478 3415/3415 3471/3471
f 3814/3814 3460/3460 3458/3458
f 5489/5489 5511/5511 5512/5512
f 3818/3818 3814/3814 3458/3458
f 3890/3890 3892/3892 3880/3880
f 1758/1758 1749/1749 1706/1706
f 1709/1709 1753/1753 1712/1712
f 3926/3926 3900/3900 3915/3915
f 1755/1755 1762/1762 1748/1748
f 1759/1759 1762/1762 1755/1755
f 1757/1757 1759/1759 1755/1755
f 1770/1770 1759/1759 1757/1757
f 1937/1937 1938/1938 1933/1933
f 1933/1933 1932/1932 1931/1931
f 1763/1763 1772/1772 1757/1757
f 1757/1757 1772/1772 1770/1770
f 8117/8117 8031/8031 8109/8109
f 8031/8031 8064/8064 8109/8109
f 1781/1781 1927/1927 1868/1868
f 1858/1858 1865/1865 1780/1780
f 7426/7426 7420/7420 7425/7425
f 3652/3652 3611/3611 3653/3653
f 6911/6911 6910/6910 6909/6909
f 7432/7432 7425/7425 7351/7351
f 7351/7351 7425/7425 7352/7352
f 6910/6910 6907/6907 6909/6909
f 6275/6275 6268/6268 6270/6270
f 6909/6909 6907/6907 6908/6908
f 6909/6909 6908/6908 6972/6972
f 6283/6283 6267/6267 6268/6268
f 7350/7350 7352/7352 7356/7356
f 6759/6759 6754/6754 6637/6637
f 7434/7434 7430/7430 7403/7403
f 7434/7434 7403/7403 7373/7373
f 7403/7403 7364/7364 7373/7373
f 6637/6637 6639/6639 6638/6638
f 2912/2912 2910/2910 2915/2915
f 2915/2915 2910/2910 2914/2914
f 6162/6162 6163/6163 6148/6148
f 6786/6786 6697/6697 6594/6594
f 5233/5233 5234/5234 5236/5236
f 6588/6588 6586/6586 6706/6706
f 6706/6706 6882/6882 6856/6856
f 938/938 932/932 931/931
f 645/645 646/646 639/639
f 639/639 637/637 638/638
f 638/638 637/637 635/635
f 931/931 891/891 896/896
f 654/654 653/653 651/651
f 651/651 653/653 652/652
f 652/652 670/670 646/646
f 896/896 664/664 904/904
f 904/904 664/664 671/671
f 664/664 656/656 671/671
f 671/671 656/656 654/654
f 633/633 650/650 694/694
f 694/694 650/650 696/696
f 966/966 696/696 967/967
f 970/970 967/967 968/968
f 970/970 968/968 972/972
f 3418/3418 3417/3417 3416/3416
f 3420/3420 3416/3416 3415/3415
f 3420/3420 3415/3415 3478/3478
f 3476/3476 3478/3478 3471/3471
f 3476/3476 3471/3471 3469/3469
f 3472/3472 3476/3476 3469/3469
f 3472/3472 3469/3469 3459/3459
f 3817/3817 3459/3459 3460/3460
f 3814/3814 3817/3817 3460/3460
f 3812/3812 3814/3814 3818/3818
f 3819/3819 3812/3812 3818/3818
f 3826/3826 3819/3819 3818/3818
f 3826/3826 3818/3818 3864/3864
f 1060/1060 1068/1068 1063/1063
f 1729/1729 1724/1724 1834/1834
f 8099/8099 8102/8102 8103/8103
f 8102/8102 8105/8105 8103/8103
f 1708/1708 1712/1712 1711/1711
f 1706/1706 1753/1753 1709/1709
f 1709/1709 1712/1712 1708/1708
f 8088/8088 8098/8098 8099/8099
f 1758/1758 1706/1706 1704/1704
f 1754/1754 1748/1748 1747/1747
f 1755/1755 1748/1748 1754/1754
f 8060/8060 8053/8053 8047/8047
f 1757/1757 1755/1755 1756/1756
f 1936/1936 1933/1933 1931/1931
f 1780/1780 1776/1776 1767/1767
f 8106/8106 8031/8031 8117/8117
f 7427/7427 7426/7426 7425/7425
f 3673/3673 3644/3644 3645/3645
f 3645/3645 3644/3644 3612/3612
f 3656/3656 3648/3648 3658/3658
f 8148/8148 8149/8149 8145/8145
f 7427/7427 7425/7425 7432/7432
f 6912/6912 6911/6911 6909/6909
f 3656/3656 3658/3658 3664/3664
f 8140/8140 8145/8145 8144/8144
f 8140/8140 8144/8144 8142/8142
f 3665/3665 3656/3656 3664/3664
f 7347/7347 7351/7351 7348/7348
f 7348/7348 7351/7351 7352/7352
f 6283/6283 6268/6268 6278/6278
f 6278/6278 6268/6268 6275/6275
f 7447/7447 7461/7461 7450/7450
f 7348/7348 7352/7352 7350/7350
f 7349/7349 7348/7348 7350/7350
f 6736/6736 6759/6759 6637/6637
f 6736/6736 6637/6637 6627/6627
f 7353/7353 7349/7349 7350/7350
f 7364/7364 7353/7353 7354/7354
f 7353/7353 7350/7350 7354/7354
f 4101/4101 4115/4115 4139/4139
f 4139/4139 4115/4115 4141/4141
f 4077/4077 4075/4075 4076/4076
f 6148/6148 6152/6152 6149/6149
f 6786/6786 6594/6594 6593/6593
f 5249/5249 5248/5248 5232/5232
f 5233/5233 5236/5236 5238/5238
f 6705/6705 6706/6706 6856/6856
f 6923/6923 6924/6924 6922/6922
f 946/946 939/939 938/938
f 651/651 652/652 645/645
f 635/635 634/634 648/648
f 931/931 896/896 930/930
f 4093/4093 4092/4092 4119/4119
f 694/694 696/696 966/966
f 3422/3422 3428/3428 3418/3418
f 3428/3428 3417/3417 3418/3418
f 3419/3419 3418/3418 3416/3416
f 3419/3419 3416/3416 3420/3420
f 3479/3479 3420/3420 3478/3478
f 3477/3477 3479/3479 3478/3478
f 3477/3477 3478/3478 3476/3476
f 3473/3473 3472/3472 3459/3459
f 3817/3817 3473/3473 3459/3459
f 3816/3816 3817/3817 3814/3814
f 3813/3813 3816/3816 3814/3814
f 5467/5467 5470/5470 5471/5471
f 5471/5471 5470/5470 5472/5472
f 5469/5469 5470/5470 5467/5467
f 3810/3810 3813/3813 3812/3812
f 3813/3813 3814/3814 3812/3812
f 1123/1123 1120/1120 1537/1537
f 3811/3811 3810/3810 3812/3812
f 3815/3815 3811/3811 3812/3812
f 3815/3815 3812/3812 3819/3819
f 3815/3815 3819/3819 3826/3826
f 3826/3826 3864/3864 3877/3877
f 3786/3786 3877/3877 3880/3880
f 3749/3749 3786/3786 3880/3880
f 3748/3748 3749/3749 3902/3902
f 1720/1720 1716/1716 1729/1729
f 1711/1711 1716/1716 1720/1720
f 1710/1710 1708/1708 1711/1711
f 1705/1705 1706/1706 1709/1709
f 1747/1747 1746/1746 1760/1760
f 1746/1746 1758/1758 1760/1760
f 1760/1760 1758/1758 1704/1704
f 4097/4097 4099/4099 4117/4117
f 1756/1756 1755/1755 1754/1754
f 1763/1763 1757/1757 1761/1761
f 3611/3611 3610/3610 3642/3642
f 3642/3642 3610/3610 3643/3643
f 3643/3643 3610/3610 3646/3646
f 7427/7427 7442/7442 7426/7426
f 6914/6914 6911/6911 6912/6912
f 8146/8146 8148/8148 8145/8145
f 6912/6912 6909/6909 6972/6972
f 8147/8147 8146/8146 8139/8139
f 8139/8139 8146/8146 8145/8145
f 8139/8139 8145/8145 8140/8140
f 8139/8139 8140/8140 8141/8141
f 8141/8141 8140/8140 8142/8142
f 7450/7450 7461/7461 7459/7459
f 7347/7347 7348/7348 7343/7343
f 6971/6971 6972/6972 6736/6736
f 6736/6736 6972/6972 6759/6759
f 7450/7450 7422/7422 7447/7447
f 7447/7447 7422/7422 7430/7430
f 7403/7403 7353/7353 7364/7364
f 6634/6634 6637/6637 6638/6638
f 6634/6634 6638/6638 6644/6644
f 6634/6634 6644/6644 6636/6636
f 7115/7115 7120/7120 7116/7116
f 4085/4085 4082/4082 4121/4121
f 6593/6593 6594/6594 6584/6584
f 5233/5233 5238/5238 5222/5222
f 6587/6587 6586/6586 6588/6588
f 6588/6588 6706/6706 6705/6705
f 6856/6856 6923/6923 6922/6922
f 651/651 645/645 644/644
f 644/644 645/645 639/639
f 644/644 639/639 642/642
f 642/642 639/639 641/641
f 641/641 639/639 638/638
f 641/641 638/638 635/635
f 641/641 635/635 647/647
f 948/948 946/946 938/938
f 697/697 654/654 665/665
f 654/654 651/651 665/665
f 647/647 635/635 648/648
f 676/676 648/648 634/634
f 698/698 671/671 654/654
f 698/698 654/654 697/697
f 634/634 633/633 676/676
f 676/676 633/633 694/694
f 930/930 896/896 929/929
f 929/929 896/896 904/904
f 929/929 904/904 671/671
f 929/929 671/671 698/698
f 775/775 694/694 966/966
f 966/966 967/967 969/969
f 969/969 967/967 970/970
f 3424/3424 3428/3428 3422/3422
f 3479/3479 3419/3419 3420/3420
f 1265/1265 1209/1209 1192/1192
f 3481/3481 3479/3479 3477/3477
f 3472/3472 3475/3475 3476/3476
f 3824/3824 3816/3816 3813/3813
f 5471/5471 5472/5472 5488/5488
f 5472/5472 5489/5489 5488/5488
f 3810/3810 3824/3824 3813/3813
f 3809/3809 3824/3824 3810/3810
f 3809/3809 3810/3810 3808/3808
f 5468/5468 5501/5501 5466/5466
f 3811/3811 3808/3808 3810/3810
f 3823/3823 3811/3811 3815/3815
f 3823/3823 3815/3815 3826/3826
f 3825/3825 3823/3823 3826/3826
f 3825/3825 3826/3826 3877/3877
f 3825/3825 3877/3877 3786/3786
f 1055/1055 1061/1061 1060/1060
f 1846/1846 1729/1729 1836/1836
f 1809/1809 1720/1720 1729/1729
f 1710/1710 1711/1711 1720/1720
f 8096/8096 8098/8098 8089/8089
f 1704/1704 1706/1706 1705/1705
f 1705/1705 1709/1709 1708/1708
f 1754/1754 1747/1747 1685/1685
f 1946/1946 1937/1937 1950/1950
f 1937/1937 1936/1936 1951/1951
f 1958/1958 1936/1936 1931/1931
f 1958/1958 1931/1931 1960/1960
f 1761/1761 1757/1757 1756/1756
f 1960/1960 1929/1929 1975/1975
f 1764/1764 1763/1763 1761/1761
f 1764/1764 1765/1765 1763/1763
f 1909/1909 1908/1908 1769/1769
f 1769/1769 1767/1767 1768/1768
f 1768/1768 1767/1767 1766/1766
f 1766/1766 1767/1767 1765/1765
f 1766/1766 1765/1765 1764/1764
f 6977/6977 6914/6914 6915/6915
f 8004/8004 8006/8006 8011/8011
f 8003/8003 8004/8004 8005/8005
f 7795/7795 7796/7796 7792/7792
f 7792/7792 7796/7796 7793/7793
f 6275/6275 6270/6270 6261/6261
f 6912/6912 6972/6972 6971/6971
f 8143/8143 8141/8141 8142/8142
f 7450/7450 7459/7459 7451/7451
f 7347/7347 7343/7343 7342/7342
f 7450/7450 7451/7451 7422/7422
f 7353/7353 7343/7343 7349/7349
f 7430/7430 7422/7422 7403/7403
f 7403/7403 7422/7422 7353/7353
f 6636/6636 6727/6727 6728/6728
f 4144/4144 4141/4141 4143/4143
f 4080/4080 4082/4082 4085/4085
f 5249/5249 5232/5232 5219/5219
f 5232/5232 5233/5233 5222/5222
f 5219/5219 5232/5232 5222/5222
f 5222/5222 5238/5238 5239/5239
f 6724/6724 6705/6705 6856/6856
f 6857/6857 6856/6856 6922/6922
f 665/665 651/651 644/644
f 948/948 938/938 943/943
f 943/943 938/938 931/931
f 936/936 929/929 698/698
f 775/775 676/676 694/694
f 421/421 266/266 422/422
f 3421/3421 3422/3422 3418/3418
f 3421/3421 3418/3418 3419/3419
f 1486/1486 1360/1360 1479/1479
f 1479/1479 1478/1478 1378/1378
f 1478/1478 1265/1265 1378/1378
f 3480/3480 3419/3419 3479/3479
f 3480/3480 3479/3479 3481/3481
f 3490/3490 3481/3481 3477/3477
f 3475/3475 3477/3477 3476/3476
f 3474/3474 3475/3475 3472/3472
f 3474/3474 3472/3472 3473/3473
f 3473/3473 3817/3817 3827/3827
f 3827/3827 3817/3817 3816/3816
f 5515/5515 5488/5488 5513/5513
f 3828/3828 3827/3827 3816/3816
f 3828/3828 3816/3816 3824/3824
f 3806/3806 3807/3807 3808/3808
f 3808/3808 3807/3807 3809/3809
f 4096/4096 4097/4097 4118/4118
f 3820/3820 3806/3806 3808/3808
f 3820/3820 3808/3808 3811/3811
f 3811/3811 3823/3823 3792/3792
f 3792/3792 3823/3823 3825/3825
f 3746/3746 3786/3786 3749/3749
f 1053/1053 1061/1061 1055/1055
f 8096/8096 8116/8116 8102/8102
f 1684/1684 1754/1754 1685/1685
f 1975/1975 1908/1908 1910/1910
f 1699/1699 1764/1764 1761/1761
f 1910/1910 1908/1908 1909/1909
f 3611/3611 3608/3608 3610/3610
f 3609/3609 3604/3604 3612/3612
f 6970/6970 6915/6915 6912/6912
f 6970/6970 6912/6912 6971/6971
f 7794/7794 7793/7793 7798/7798
f 6970/6970 6971/6971 6736/6736
f 7341/7341 7342/7342 7343/7343
f 6626/6626 6736/6736 6627/6627
f 7422/7422 7363/7363 7353/7353
f 4139/4139 4141/4141 4142/4142
f 6634/6634 6636/6636 6635/6635
f 6635/6635 6636/6636 6728/6728
f 4144/4144 4143/4143 4228/4228
f 4078/4078 4077/4077 4076/4076
f 4076/4076 4082/4082 4080/4080
f 4078/4078 4076/4076 4080/4080
f 6772/6772 6786/6786 6593/6593
f 5251/5251 5249/5249 5219/5219
f 6705/6705 6724/6724 6597/6597
f 6724/6724 6856/6856 6857/6857
f 665/665 644/644 667/667
f 667/667 644/644 642/642
f 642/642 641/641 667/667
f 684/684 641/641 647/647
f 684/684 647/647 758/758
f 758/758 647/647 648/648
f 648/648 676/676 789/789
f 6922/6922 6877/6877 6878/6878
f 698/698 697/697 950/950
f 789/789 676/676 790/790
f 676/676 775/775 790/790
f 936/936 698/698 945/945
f 945/945 698/698 950/950
f 790/790 775/775 965/965
f 943/943 931/931 941/941
f 931/931 930/930 941/941
f 941/941 930/930 940/940
f 940/940 930/930 929/929
f 965/965 775/775 966/966
f 965/965 966/966 969/969
f 3423/3423 3424/3424 3422/3422
f 3421/3421 3423/3423 3422/3422
f 3482/3482 3419/3419 3480/3480
f 1238/1238 1503/1503 1544/1544
f 3485/3485 3482/3482 3480/3480
f 3485/3485 3480/3480 3481/3481
f 3486/3486 3485/3485 3481/3481
f 3486/3486 3481/3481 3490/3490
f 3594/3594 3490/3490 3477/3477
f 3594/3594 3477/3477 3593/3593
f 3593/3593 3477/3477 3475/3475
f 3874/3874 3827/3827 3828/3828
f 5457/5457 5466/5466 5465/5465
f 5466/5466 5467/5467 5465/5465
f 5455/5455 5468/5468 5457/5457
f 3805/3805 3807/3807 3806/3806
f 3805/3805 3806/3806 3804/3804
f 3804/3804 3806/3806 3820/3820
f 3822/3822 3820/3820 3811/3811
f 3822/3822 3811/3811 3792/3792
f 3792/3792 3825/3825 3746/3746
f 3746/3746 3825/3825 3786/3786
f 8089/8089 8077/8077 8096/8096
f 1707/1707 1708/1708 1710/1710
f 1705/1705 1708/1708 1707/1707
f 1695/1695 1747/1747 1760/1760
f 1695/1695 1760/1760 1704/1704
f 1956/1956 1946/1946 1950/1950
f 1950/1950 1951/1951 1952/1952
f 1685/1685 1747/1747 1695/1695
f 1983/1983 1946/1946 1956/1956
f 1951/1951 1936/1936 1958/1958
f 1756/1756 1754/1754 1684/1684
f 1984/1984 1946/1946 1983/1983
f 1690/1690 1761/1761 1756/1756
f 1976/1976 1975/1975 1910/1910
f 1910/1910 1909/1909 1769/1769
f 1910/1910 1769/1769 1771/1771
f 3609/3609 3605/3605 3604/3604
f 3612/3612 3604/3604 3611/3611
f 1771/1771 1769/1769 1768/1768
f 1768/1768 1766/1766 1700/1700
f 1771/1771 1768/1768 1700/1700
f 1766/1766 1764/1764 1700/1700
f 1700/1700 1764/1764 1699/1699
f 7341/7341 7344/7344 7342/7342
f 7451/7451 7433/7433 7422/7422
f 7341/7341 7363/7363 7394/7394
f 7422/7422 7433/7433 7394/7394
f 7422/7422 7394/7394 7363/7363
f 6622/6622 6627/6627 6637/6637
f 6622/6622 6637/6637 6634/6634
f 7117/7117 7116/7116 7118/7118
f 5533/5533 5534/5534 5532/5532
f 6162/6162 6148/6148 6147/6147
f 6147/6147 6148/6148 6149/6149
f 6147/6147 6149/6149 6150/6150
f 6584/6584 6587/6587 6593/6593
f 5222/5222 5239/5239 5220/5220
f 5219/5219 5222/5222 5220/5220
f 6588/6588 6705/6705 6597/6597
f 693/693 665/665 667/667
f 691/691 667/667 641/641
f 691/691 641/641 684/684
f 776/776 697/697 665/665
f 776/776 665/665 693/693
f 758/758 648/648 789/789
f 6857/6857 6922/6922 6878/6878
f 950/950 697/697 776/776
f 6878/6878 6877/6877 6868/6868
f 6868/6868 6877/6877 6869/6869
f 949/949 948/948 943/943
f 983/983 965/965 969/969
f 3425/3425 3424/3424 3423/3423
f 1534/1534 1489/1489 1515/1515
f 3483/3483 3423/3423 3421/3421
f 3483/3483 3421/3421 3419/3419
f 1250/1250 1486/1486 1255/1255
f 3482/3482 3483/3483 3419/3419
f 1518/1518 1504/1504 1486/1486
f 1518/1518 1544/1544 1504/1504
f 3484/3484 3482/3482 3485/3485
f 3584/3584 3486/3486 3490/3490
f 3584/3584 3490/3490 3594/3594
f 3593/3593 3475/3475 3474/3474
f 3827/3827 3474/3474 3473/3473
f 5492/5492 5465/5465 5467/5467
f 3803/3803 3805/3805 3804/3804
f 5478/5478 5500/5500 5455/5455
f 3802/3802 3803/3803 3804/3804
f 3822/3822 3792/3792 3785/3785
f 3785/3785 3792/3792 3746/3746
f 3745/3745 3785/3785 3746/3746
f 3745/3745 3746/3746 3744/3744
f 1820/1820 1809/1809 1841/1841
f 1720/1720 1809/1809 1820/1820
f 8077/8077 8097/8097 8096/8096
f 3761/3761 3742/3742 3762/3762
f 1703/1703 1705/1705 1707/1707
f 1695/1695 1704/1704 1703/1703
f 1959/1959 1960/1960 1962/1962
f 1998/1998 1975/1975 1976/1976
f 1688/1688 1690/1690 1756/1756
f 1699/1699 1761/1761 1690/1690
f 6979/6979 6978/6978 6915/6915
f 8052/8052 8010/8010 8082/8082
f 6970/6970 6736/6736 6745/6745
f 6745/6745 6736/6736 6626/6626
f 7345/7345 7346/7346 7344/7344
f 7341/7341 7345/7345 7344/7344
f 4085/4085 4121/4121 4122/4122
f 5251/5251 5219/5219 5223/5223
f 5223/5223 5219/5219 5221/5221
f 5219/5219 5220/5220 5221/5221
f 6592/6592 6593/6593 6587/6587
f 5221/5221 5220/5220 5231/5231
f 6587/6587 6588/6588 6589/6589
f 693/693 667/667 754/754
f 754/754 667/667 691/691
f 691/691 684/684 771/771
f 771/771 684/684 758/758
f 789/789 790/790 960/960
f 945/945 950/950 776/776
f 790/790 965/965 963/963
f 942/942 929/929 936/936
f 440/440 257/257 380/380
f 3427/3427 3429/3429 3425/3425
f 3426/3426 3425/3425 3423/3423
f 3426/3426 3423/3423 3483/3483
f 3484/3484 3483/3483 3482/3482
f 1548/1548 1226/1226 1530/1530
f 1530/1530 1370/1370 1545/1545
f 1545/1545 1370/1370 1544/1544
f 3489/3489 3484/3484 3485/3485
f 3488/3488 3489/3489 3485/3485
f 3488/3488 3485/3485 3486/3486
f 3584/3584 3488/3488 3486/3486
f 3488/3488 3584/3584 3618/3618
f 2051/2051 2052/2052 2050/2050
f 2050/2050 2052/2052 2053/2053
f 3830/3830 3827/3827 3874/3874
f 3875/3875 3874/3874 3828/3828
f 5456/5456 5457/5457 5465/5465
f 3911/3911 3875/3875 3807/3807
f 5455/5455 5457/5457 5456/5456
f 5477/5477 5478/5478 5454/5454
f 5454/5454 5478/5478 5455/5455
f 3801/3801 3803/3803 3802/3802
f 1145/1145 1389/1389 1465/1465
f 3801/3801 3802/3802 3799/3799
f 3799/3799 3802/3802 3821/3821
f 3821/3821 3802/3802 3804/3804
f 3821/3821 3804/3804 3820/3820
f 3821/3821 3820/3820 3822/3822
f 3785/3785 3821/3821 3822/3822
f 1037/1037 1072/1072 1051/1051
f 1962/1962 1960/1960 1975/1975
f 1962/1962 1975/1975 1998/1998
f 1688/1688 1756/1756 1684/1684
f 3608/3608 3601/3601 3610/3610
f 2001/2001 1976/1976 1910/1910
f 6980/6980 6978/6978 6979/6979
f 2001/2001 1910/1910 1904/1904
f 1693/1693 1699/1699 1690/1690
f 1904/1904 1910/1910 1771/1771
f 6979/6979 6915/6915 6967/6967
f 1771/1771 1700/1700 1725/1725
f 1725/1725 1700/1700 1698/1698
f 1700/1700 1699/1699 1698/1698
f 1698/1698 1699/1699 1693/1693
f 6915/6915 6970/6970 6967/6967
f 6967/6967 6970/6970 6745/6745
f 8124/8124 8072/8072 8122/8122
f 8115/8115 8122/8122 8072/8072
f 8072/8072 8111/8111 8115/8115
f 6626/6626 6627/6627 6622/6622
f 4142/4142 4141/4141 4144/4144
f 6772/6772 6593/6593 6592/6592
f 4122/4122 4121/4121 4093/4093
f 4122/4122 4093/4093 4119/4119
f 955/955 776/776 693/693
f 955/955 693/693 754/754
f 771/771 758/758 959/959
f 758/758 789/789 959/959
f 6724/6724 6857/6857 6818/6818
f 960/960 790/790 963/963
f 6818/6818 6878/6878 6868/6868
f 942/942 936/936 945/945
f 3430/3430 3429/3429 3427/3427
f 940/940 929/929 942/942
f 944/944 941/941 940/940
f 3426/3426 3427/3427 3425/3425
f 3491/3491 3426/3426 3487/3487
f 3487/3487 3426/3426 3483/3483
f 3492/3492 3491/3491 3487/3487
f 3487/3487 3483/3483 3484/3484
f 1342/1342 1545/1545 1249/1249
f 1545/1545 1518/1518 1249/1249
f 3492/3492 3487/3487 3489/3489
f 1225/1225 1548/1548 1547/1547
f 1546/1546 1225/1225 1547/1547
f 1548/1548 1530/1530 1547/1547
f 8303/8303 8301/8301 8300/8300
f 8300/8300 8301/8301 8302/8302
f 3487/3487 3484/3484 3489/3489
f 3494/3494 3492/3492 3489/3489
f 3494/3494 3489/3489 3488/3488
f 3618/3618 3584/3584 3688/3688
f 3688/3688 3584/3584 3687/3687
f 3687/3687 3584/3584 3594/3594
f 3686/3686 3594/3594 3593/3593
f 3829/3829 3593/3593 3474/3474
f 3829/3829 3474/3474 3827/3827
f 3873/3873 3830/3830 3874/3874
f 3873/3873 3874/3874 3875/3875
f 3911/3911 3872/3872 3875/3875
f 5456/5456 5465/5465 5487/5487
f 5444/5444 5455/5455 5456/5456
f 5454/5454 5455/5455 5444/5444
f 5441/5441 5477/5477 5454/5454
f 3800/3800 3803/3803 3801/3801
f 5461/5461 5477/5477 5441/5441
f 3799/3799 3800/3800 3801/3801
f 3799/3799 3821/3821 3789/3789
f 3789/3789 3821/3821 3785/3785
f 3773/3773 3789/3789 3785/3785
f 3745/3745 3773/3773 3785/3785
f 3743/3743 3773/3773 3745/3745
f 3743/3743 3745/3745 3744/3744
f 3743/3743 3744/3744 3742/3742
f 3733/3733 3743/3743 3742/3742
f 1707/1707 1719/1719 1721/1721
f 1983/1983 1956/1956 1989/1989
f 1692/1692 1703/1703 1721/1721
f 1721/1721 1703/1703 1707/1707
f 1695/1695 1703/1703 1692/1692
f 1685/1685 1695/1695 1692/1692
f 1686/1686 1685/1685 1692/1692
f 1684/1684 1685/1685 1686/1686
f 1998/1998 1976/1976 2001/2001
f 3654/3654 3600/3600 3605/3605
f 3600/3600 3599/3599 3604/3604
f 3605/3605 3600/3600 3604/3604
f 3604/3604 3601/3601 3608/3608
f 6980/6980 6979/6979 6981/6981
f 1904/1904 1771/1771 1725/1725
f 6966/6966 6979/6979 6967/6967
f 6746/6746 6967/6967 6745/6745
f 4264/4264 4269/4269 4268/4268
f 4607/4607 4623/4623 4605/4605
f 5221/5221 5231/5231 5224/5224
f 5223/5223 5221/5221 5224/5224
f 6589/6589 6592/6592 6587/6587
f 6588/6588 6597/6597 6590/6590
f 955/955 754/754 956/956
f 956/956 754/754 691/691
f 957/957 691/691 771/771
f 957/957 771/771 958/958
f 771/771 959/959 958/958
f 954/954 776/776 955/955
f 960/960 959/959 789/789
f 953/953 945/945 776/776
f 974/974 960/960 979/979
f 979/979 960/960 963/963
f 953/953 942/942 945/945
f 3431/3431 3430/3430 3427/3427
f 947/947 942/942 953/953
f 6868/6868 6869/6869 6867/6867
f 949/949 943/943 951/951
f 943/943 941/941 944/944
f 951/951 943/943 944/944
f 944/944 940/940 942/942
f 3493/3493 3427/3427 3426/3426
f 3493/3493 3426/3426 3491/3491
f 1480/1480 1489/1489 1459/1459
f 1252/1252 1549/1549 1342/1342
f 3506/3506 3507/3507 3508/3508
f 3507/3507 3491/3491 3492/3492
f 3508/3508 3507/3507 3492/3492
f 1546/1546 1547/1547 1543/1543
f 8304/8304 8303/8303 8300/8300
f 3506/3506 3508/3508 3525/3525
f 3690/3690 3506/3506 3525/3525
f 3525/3525 3508/3508 3494/3494
f 3508/3508 3492/3492 3494/3494
f 3718/3718 3525/3525 3696/3696
f 3525/3525 3494/3494 3488/3488
f 3696/3696 3525/3525 3488/3488
f 3695/3695 3696/3696 3488/3488
f 3695/3695 3488/3488 3618/3618
f 3695/3695 3618/3618 3688/3688
f 3686/3686 3687/3687 3594/3594
f 3829/3829 3686/3686 3593/3593
f 3829/3829 3827/3827 3830/3830
f 4118/4118 4120/4120 4096/4096
f 3872/3872 3873/3873 3875/3875
f 3885/3885 3911/3911 3803/3803
f 5441/5441 5454/5454 5444/5444
f 5443/5443 5441/5441 5444/5444
f 5460/5460 5461/5461 5438/5438
f 5438/5438 5461/5461 5441/5441
f 5503/5503 5461/5461 5460/5460
f 3798/3798 3800/3800 3799/3799
f 3797/3797 3798/3798 3799/3799
f 3790/3790 3797/3797 3799/3799
f 4118/4118 4097/4097 4117/4117
f 3789/3789 3790/3790 3799/3799
f 3775/3775 3790/3790 3789/3789
f 3775/3775 3789/3789 3773/3773
f 3775/3775 3773/3773 3743/3743
f 1031/1031 1037/1037 1030/1030
f 1028/1028 1031/1031 1030/1030
f 3732/3732 3733/3733 3742/3742
f 1718/1718 1721/1721 1822/1822
f 8092/8092 8097/8097 8076/8076
f 1702/1702 1692/1692 1718/1718
f 1692/1692 1721/1721 1718/1718
f 1994/1994 1962/1962 1998/1998
f 1686/1686 1692/1692 1702/1702
f 1687/1687 1684/1684 1686/1686
f 3610/3610 3603/3603 3647/3647
f 1689/1689 1688/1688 1687/1687
f 1688/1688 1684/1684 1687/1687
f 3600/3600 3654/3654 3675/3675
f 1690/1690 1688/1688 1689/1689
f 6982/6982 6980/6980 6981/6981
f 1691/1691 1690/1690 1689/1689
f 1905/1905 2001/2001 1904/1904
f 1693/1693 1690/1690 1691/1691
f 6966/6966 6967/6967 6746/6746
f 1904/1904 1725/1725 1775/1775
f 1725/1725 1698/1698 1697/1697
f 1698/1698 1693/1693 1697/1697
f 8129/8129 8120/8120 8123/8123
f 6746/6746 6745/6745 6626/6626
f 4099/4099 4101/4101 4139/4139
f 6633/6633 6634/6634 6635/6635
f 6729/6729 6635/6635 6728/6728
f 7119/7119 7117/7117 7118/7118
f 6156/6156 6147/6147 6151/6151
f 6151/6151 6147/6147 6150/6150
f 5223/5223 5224/5224 5225/5225
f 6589/6589 6588/6588 6590/6590
f 6590/6590 6597/6597 6683/6683
f 956/956 691/691 957/957
f 6683/6683 6597/6597 6725/6725
f 955/955 956/956 954/954
f 958/958 959/959 974/974
f 953/953 954/954 977/977
f 974/974 959/959 960/960
f 6725/6725 6724/6724 6818/6818
f 3496/3496 3431/3431 3427/3427
f 3496/3496 3427/3427 3493/3493
f 952/952 949/949 951/951
f 944/944 942/942 947/947
f 3495/3495 3496/3496 3493/3493
f 3495/3495 3493/3493 3491/3491
f 3505/3505 3495/3495 3507/3507
f 3495/3495 3491/3491 3507/3507
f 1543/1543 1549/1549 1252/1252
f 3500/3500 3505/3505 3506/3506
f 3506/3506 3505/3505 3507/3507
f 1264/1264 1243/1243 1550/1550
f 1550/1550 1243/1243 1546/1546
f 1550/1550 1546/1546 1527/1527
f 1527/1527 1546/1546 1543/1543
f 3521/3521 3500/3500 3506/3506
f 3521/3521 3506/3506 3690/3690
f 3690/3690 3525/3525 3718/3718
f 3718/3718 3696/3696 3713/3713
f 3696/3696 3695/3695 3713/3713
f 3694/3694 3688/3688 3687/3687
f 3694/3694 3687/3687 3686/3686
f 3935/3935 3686/3686 3829/3829
f 3872/3872 3830/3830 3873/3873
f 5474/5474 5456/5456 5487/5487
f 5463/5463 5444/5444 5474/5474
f 5444/5444 5456/5456 5474/5474
f 5440/5440 5438/5438 5441/5441
f 5440/5440 5441/5441 5443/5443
f 5438/5438 5459/5459 5460/5460
f 3796/3796 3798/3798 3797/3797
f 3794/3794 3797/3797 3783/3783
f 3783/3783 3797/3797 3790/3790
f 3790/3790 3775/3775 3776/3776
f 3733/3733 3776/3776 3775/3775
f 3775/3775 3743/3743 3733/3733
f 1971/1971 1959/1959 1967/1967
f 3729/3729 3732/3732 3758/3758
f 1701/1701 1686/1686 1702/1702
f 8112/8112 8092/8092 8073/8073
f 3600/3600 3597/3597 3599/3599
f 3599/3599 3597/3597 3595/3595
f 3599/3599 3595/3595 3601/3601
f 1994/1994 1998/1998 2001/2001
f 1687/1687 1686/1686 1701/1701
f 1694/1694 1689/1689 1687/1687
f 6252/6252 6256/6256 6253/6253
f 6285/6285 6256/6256 6252/6252
f 6982/6982 6981/6981 6966/6966
f 1905/1905 1904/1904 1775/1775
f 1905/1905 1775/1775 1777/1777
f 1693/1693 1691/1691 1697/1697
f 1775/1775 1725/1725 1697/1697
f 6747/6747 6746/6746 6625/6625
f 6625/6625 6746/6746 6626/6626
f 6622/6622 6634/6634 6621/6621
f 6633/6633 6635/6635 6729/6729
f 5194/5194 5197/5197 5195/5195
f 4081/4081 4078/4078 4080/4080
f 4081/4081 4080/4080 4085/4085
f 6544/6544 6772/6772 6592/6592
f 4607/4607 4605/4605 4603/4603
f 4603/4603 4605/4605 4604/4604
f 5226/5226 5223/5223 5225/5225
f 6592/6592 6589/6589 6596/6596
f 961/961 954/954 956/956
f 961/961 956/956 957/957
f 975/975 957/957 958/958
f 958/958 974/974 985/985
f 6725/6725 6818/6818 6713/6713
f 3592/3592 3641/3641 3497/3497
f 3497/3497 3641/3641 3431/3431
f 3497/3497 3431/3431 3496/3496
f 980/980 947/947 953/953
f 980/980 953/953 977/977
f 6868/6868 6867/6867 6865/6865
f 6818/6818 6868/6868 6865/6865
f 3497/3497 3496/3496 3495/3495
f 982/982 944/944 981/981
f 981/981 944/944 947/947
f 981/981 947/947 980/980
f 951/951 944/944 982/982
f 3500/3500 3495/3495 3505/3505
f 1527/1527 1543/1543 1195/1195
f 1464/1464 1264/1264 1550/1550
f 1196/1196 1464/1464 1550/1550
f 3502/3502 3500/3500 3521/3521
f 1199/1199 1258/1258 1464/1464
f 3521/3521 3690/3690 3719/3719
f 3719/3719 3690/3690 3718/3718
f 3710/3710 3713/3713 3695/3695
f 3695/3695 3688/3688 3694/3694
f 3710/3710 3695/3695 3694/3694
f 3707/3707 3694/3694 3686/3686
f 3885/3885 3861/3861 3872/3872
f 5474/5474 5487/5487 5504/5504
f 5453/5453 5443/5443 5463/5463
f 5443/5443 5444/5444 5463/5463
f 5440/5440 5443/5443 5453/5453
f 5436/5436 5459/5459 5438/5438
f 3795/3795 3796/3796 3794/3794
f 3791/3791 3795/3795 3794/3794
f 3783/3783 3791/3791 3794/3794
f 1989/1989 1981/1981 2007/2007
f 3727/3727 3776/3776 3733/3733
f 1971/1971 1967/1967 1985/1985
f 3727/3727 3733/3733 3732/3732
f 3727/3727 3732/3732 3729/3729
f 1967/1967 1962/1962 1987/1987
f 1987/1987 1962/1962 1993/1993
f 1962/1962 1994/1994 1993/1993
f 1701/1701 1702/1702 1734/1734
f 3601/3601 3595/3595 3603/3603
f 8038/8038 8095/8095 8073/8073
f 8095/8095 8112/8112 8073/8073
f 3598/3598 3597/3597 3600/3600
f 3675/3675 3598/3598 3600/3600
f 1993/1993 1905/1905 1999/1999
f 1696/1696 1687/1687 1722/1722
f 1722/1722 1687/1687 1701/1701
f 1694/1694 1687/1687 1696/1696
f 1691/1691 1689/1689 1696/1696
f 1689/1689 1694/1694 1696/1696
f 6965/6965 6982/6982 6966/6966
f 1900/1900 1905/1905 1777/1777
f 1697/1697 1691/1691 1714/1714
f 6628/6628 6747/6747 6625/6625
f 6625/6625 6626/6626 6622/6622
f 5533/5533 5532/5532 5523/5523
f 5523/5523 5532/5532 5528/5528
f 6151/6151 6150/6150 6153/6153
f 6155/6155 6156/6156 6151/6151
f 961/961 957/957 975/975
f 976/976 954/954 961/961
f 975/975 958/958 985/985
f 6683/6683 6725/6725 6713/6713
f 977/977 954/954 976/976
f 3499/3499 3592/3592 3497/3497
f 3498/3498 3499/3499 3497/3497
f 3498/3498 3497/3497 3495/3495
f 6865/6865 6867/6867 6866/6866
f 3498/3498 3495/3495 3500/3500
f 3501/3501 3498/3498 3500/3500
f 952/952 951/951 992/992
f 992/992 951/951 990/990
f 990/990 951/951 982/982
f 3503/3503 3501/3501 3502/3502
f 3501/3501 3500/3500 3502/3502
f 3503/3503 3502/3502 3691/3691
f 1253/1253 1218/1218 1266/1266
f 3691/3691 3502/3502 3521/3521
f 3719/3719 3718/3718 3703/3703
f 3703/3703 3718/3718 3713/3713
f 4119/4119 4120/4120 4118/4118
f 3710/3710 3694/3694 3707/3707
f 3935/3935 3707/3707 3686/3686
f 3832/3832 3935/3935 3829/3829
f 3831/3831 3832/3832 3829/3829
f 3831/3831 3829/3829 3830/3830
f 3861/3861 3831/3831 3830/3830
f 3867/3867 3861/3861 3885/3885
f 3798/3798 3867/3867 3885/3885
f 5453/5453 5463/5463 5493/5493
f 5493/5493 5463/5463 5474/5474
f 5439/5439 5440/5440 5453/5453
f 5437/5437 5436/5436 5438/5438
f 5437/5437 5438/5438 5439/5439
f 5439/5439 5438/5438 5440/5440
f 5434/5434 5451/5451 5436/5436
f 1086/1086 1151/1151 1087/1087
f 3783/3783 3790/3790 3776/3776
f 3781/3781 3783/3783 3776/3776
f 3781/3781 3776/3776 3727/3727
f 3726/3726 3727/3727 3729/3729
f 1025/1025 1071/1071 1023/1023
f 3751/3751 3726/3726 3729/3729
f 3598/3598 3596/3596 3597/3597
f 6999/6999 7001/7001 7000/7000
f 3596/3596 3595/3595 3597/3597
f 3595/3595 3569/3569 3603/3603
f 3603/3603 3602/3602 3613/3613
f 1722/1722 1701/1701 1839/1839
f 3752/3752 3726/3726 3751/3751
f 7000/7000 7001/7001 6982/6982
f 7000/7000 6982/6982 6989/6989
f 8037/8037 8095/8095 8038/8038
f 6989/6989 6982/6982 6965/6965
f 1714/1714 1691/1691 1696/1696
f 6965/6965 6966/6966 6747/6747
f 1777/1777 1697/1697 1714/1714
f 1855/1855 1777/1777 1714/1714
f 4117/4117 4099/4099 4139/4139
f 2905/2905 2903/2903 2906/2906
f 2903/2903 2905/2905 2901/2901
f 4142/4142 4144/4144 4222/4222
f 4142/4142 4222/4222 4221/4221
f 6546/6546 6592/6592 6596/6596
f 5226/5226 5225/5225 5227/5227
f 4620/4620 4609/4609 4618/4618
f 6591/6591 6589/6589 6590/6590
f 986/986 961/961 975/975
f 6683/6683 6713/6713 6599/6599
f 976/976 961/961 989/989
f 989/989 961/961 986/986
f 993/993 986/986 975/975
f 993/993 975/975 985/985
f 977/977 976/976 987/987
f 987/987 976/976 989/989
f 3531/3531 3592/3592 3499/3499
f 3511/3511 3531/3531 3499/3499
f 6713/6713 6818/6818 6865/6865
f 980/980 977/977 987/987
f 3511/3511 3499/3499 3498/3498
f 988/988 980/980 987/987
f 981/981 980/980 988/988
f 3504/3504 3498/3498 3501/3501
f 994/994 952/952 992/992
f 3509/3509 3504/3504 3503/3503
f 3504/3504 3501/3501 3503/3503
f 3509/3509 3503/3503 3614/3614
f 3614/3614 3503/3503 3691/3691
f 3691/3691 3521/3521 3719/3719
f 3716/3716 3691/3691 3719/3719
f 3941/3941 3710/3710 3707/3707
f 5507/5507 5474/5474 5504/5504
f 3894/3894 3867/3867 3798/3798
f 5434/5434 5436/5436 5435/5435
f 5435/5435 5436/5436 5437/5437
f 5446/5446 5451/5451 5434/5434
f 3782/3782 3788/3788 3791/3791
f 3782/3782 3791/3791 3783/3783
f 3781/3781 3782/3782 3783/3783
f 3774/3774 3782/3782 3781/3781
f 3725/3725 3774/3774 3781/3781
f 3724/3724 3774/3774 3725/3725
f 3725/3725 3781/3781 3727/3727
f 3722/3722 3724/3724 3725/3725
f 3722/3722 3725/3725 3726/3726
f 6998/6998 6999/6999 6990/6990
f 3596/3596 3567/3567 3595/3595
f 3595/3595 3567/3567 3569/3569
f 3603/3603 3569/3569 3602/3602
f 1987/1987 1993/1993 1995/1995
f 1003/1003 1025/1025 1020/1020
f 6990/6990 6999/6999 7000/7000
f 1855/1855 1714/1714 1878/1878
f 1013/1013 1076/1076 1006/1006
f 8036/8036 8074/8074 8035/8035
f 8134/8134 8137/8137 8138/8138
f 8120/8120 8138/8138 8128/8128
f 6620/6620 6625/6625 6622/6622
f 6621/6621 6634/6634 6633/6633
f 6633/6633 6729/6729 6770/6770
f 4609/4609 4607/4607 4603/4603
f 5226/5226 5227/5227 5228/5228
f 6599/6599 6590/6590 6683/6683
f 989/989 986/986 997/997
f 3576/3576 3670/3670 3517/3517
f 3517/3517 3670/3670 3531/3531
f 3511/3511 3517/3517 3531/3531
f 3676/3676 3685/3685 3581/3581
f 3581/3581 3685/3685 3576/3576
f 987/987 989/989 996/996
f 3517/3517 3511/3511 3510/3510
f 3510/3510 3511/3511 3498/3498
f 6713/6713 6865/6865 6839/6839
f 988/988 987/987 996/996
f 3512/3512 3510/3510 3504/3504
f 3510/3510 3498/3498 3504/3504
f 6839/6839 6865/6865 6866/6866
f 3512/3512 3504/3504 3513/3513
f 995/995 994/994 992/992
f 990/990 982/982 991/991
f 982/982 981/981 991/991
f 991/991 981/981 988/988
f 3513/3513 3504/3504 3509/3509
f 3582/3582 3679/3679 3678/3678
f 3587/3587 3509/3509 3614/3614
f 3614/3614 3691/3691 3716/3716
f 3716/3716 3719/3719 3703/3703
f 3704/3704 3703/3703 3713/3713
f 3704/3704 3713/3713 3710/3710
f 3704/3704 3710/3710 3941/3941
f 3924/3924 3941/3941 3707/3707
f 3924/3924 3707/3707 3935/3935
f 3832/3832 3924/3924 3935/3935
f 5458/5458 5439/5439 5453/5453
f 5437/5437 5439/5439 5458/5458
f 5435/5435 5437/5437 5458/5458
f 5431/5431 5446/5446 5434/5434
f 5433/5433 5434/5434 5435/5435
f 5450/5450 5446/5446 5431/5431
f 5430/5430 5450/5450 5431/5431
f 3784/3784 3787/3787 3782/3782
f 3784/3784 3782/3782 3774/3774
f 6235/6235 6247/6247 6246/6246
f 3731/3731 3722/3722 3726/3726
f 6989/6989 6965/6965 6748/6748
f 6748/6748 6965/6965 6747/6747
f 6748/6748 6747/6747 6628/6628
f 8100/8100 8074/8074 8036/8036
f 8068/8068 8100/8100 8036/8036
f 6628/6628 6625/6625 6620/6620
f 8075/8075 8078/8078 8046/8046
f 5197/5197 5201/5201 5200/5200
f 5523/5523 5528/5528 5520/5520
f 4081/4081 4085/4085 4086/4086
f 4086/4086 4085/4085 4195/4195
f 6154/6154 6151/6151 6153/6153
f 6544/6544 6592/6592 6546/6546
f 4602/4602 4603/4603 4604/4604
f 5226/5226 5228/5228 5230/5230
f 6590/6590 6599/6599 6591/6591
f 3581/3581 3576/3576 3524/3524
f 3524/3524 3576/3576 3518/3518
f 3518/3518 3576/3576 3517/3517
f 3518/3518 3517/3517 3512/3512
f 3512/3512 3517/3517 3510/3510
f 6713/6713 6839/6839 6707/6707
f 3580/3580 3676/3676 3581/3581
f 3514/3514 3518/3518 3512/3512
f 3514/3514 3512/3512 3513/3513
f 3680/3680 3676/3676 3580/3580
f 3518/3518 3514/3514 3519/3519
f 3585/3585 3682/3682 3681/3681
f 3678/3678 3680/3680 3583/3583
f 3680/3680 3580/3580 3583/3583
f 3516/3516 3514/3514 3515/3515
f 3515/3515 3514/3514 3513/3513
f 3515/3515 3513/3513 3509/3509
f 3585/3585 3681/3681 3586/3586
f 3586/3586 3681/3681 3679/3679
f 3679/3679 3582/3582 3586/3586
f 3582/3582 3678/3678 3583/3583
f 3529/3529 3515/3515 3587/3587
f 3587/3587 3515/3515 3509/3509
f 3715/3715 3587/3587 3614/3614
f 3614/3614 3716/3716 3709/3709
f 3701/3701 3716/3716 3703/3703
f 3702/3702 3703/3703 3704/3704
f 3936/3936 3704/3704 3941/3941
f 3924/3924 3936/3936 3941/3941
f 3833/3833 3924/3924 3832/3832
f 3831/3831 3833/3833 3832/3832
f 3840/3840 3831/3831 3861/3861
f 1315/1315 1340/1340 1304/1304
f 3859/3859 3867/3867 3894/3894
f 5495/5495 5493/5493 5507/5507
f 5458/5458 5453/5453 5495/5495
f 5473/5473 5435/5435 5458/5458
f 5431/5431 5434/5434 5433/5433
f 5442/5442 5445/5445 5430/5430
f 5442/5442 5430/5430 5429/5429
f 5429/5429 5430/5430 5431/5431
f 1044/1044 1042/1042 1069/1069
f 3772/3772 3780/3780 3784/3784
f 3772/3772 3784/3784 3774/3774
f 2006/2006 1985/1985 1997/1997
f 3772/3772 3724/3724 3721/3721
f 3772/3772 3774/3774 3724/3724
f 3553/3553 3549/3549 3567/3567
f 3567/3567 3549/3549 3555/3555
f 3573/3573 3553/3553 3567/3567
f 3569/3569 3567/3567 3562/3562
f 1012/1012 1007/1007 1008/1008
f 6237/6237 6234/6234 6238/6238
f 3569/3569 3568/3568 3602/3602
f 1017/1017 1047/1047 1016/1016
f 3720/3720 3721/3721 3722/3722
f 3721/3721 3724/3724 3722/3722
f 6990/6990 6989/6989 6748/6748
f 3602/3602 3568/3568 3606/3606
f 3650/3650 3666/3666 3667/3667
f 3730/3730 3720/3720 3731/3731
f 3667/3667 3666/3666 3668/3668
f 3668/3668 3666/3666 3793/3793
f 3750/3750 3730/3730 3731/3731
f 3668/3668 3793/3793 3940/3940
f 3738/3738 3730/3730 3750/3750
f 6629/6629 6628/6628 6620/6620
f 3940/3940 3793/3793 3930/3930
f 3930/3930 3793/3793 3779/3779
f 3741/3741 3738/3738 3757/3757
f 3757/3757 3738/3738 3750/3750
f 3930/3930 3779/3779 3759/3759
f 3779/3779 3754/3754 3759/3759
f 3754/3754 3741/3741 3757/3757
f 3759/3759 3754/3754 3757/3757
f 7077/7077 7075/7075 7073/7073
f 5519/5519 5523/5523 5520/5520
f 6154/6154 6155/6155 6151/6151
f 4601/4601 4603/4603 4602/4602
f 4609/4609 4603/4603 4601/4601
f 4606/4606 4609/4609 4601/4601
f 5230/5230 5228/5228 5229/5229
f 7534/7534 7531/7531 7640/7640
f 6599/6599 6713/6713 6707/6707
f 3580/3580 3581/3581 3524/3524
f 3526/3526 3580/3580 3524/3524
f 3524/3524 3518/3518 3519/3519
f 6707/6707 6839/6839 6824/6824
f 3522/3522 3526/3526 3524/3524
f 3522/3522 3524/3524 3519/3519
f 3516/3516 3519/3519 3514/3514
f 6839/6839 6825/6825 6824/6824
f 3583/3583 3580/3580 3526/3526
f 3522/3522 3519/3519 3520/3520
f 3520/3520 3519/3519 3516/3516
f 3523/3523 3522/3522 3520/3520
f 3526/3526 3522/3522 3523/3523
f 6824/6824 6825/6825 6821/6821
f 3535/3535 3586/3586 3582/3582
f 3582/3582 3583/3583 3527/3527
f 3527/3527 3583/3583 3526/3526
f 3520/3520 3516/3516 3528/3528
f 3528/3528 3516/3516 3529/3529
f 3529/3529 3516/3516 3515/3515
f 3585/3585 3586/3586 3535/3535
f 3585/3585 3535/3535 3538/3538
f 3535/3535 3582/3582 3532/3532
f 3532/3532 3582/3582 3527/3527
f 3527/3527 3526/3526 3523/3523
f 3530/3530 3527/3527 3523/3523
f 3528/3528 3529/3529 3684/3684
f 3529/3529 3587/3587 3715/3715
f 3715/3715 3614/3614 3709/3709
f 3709/3709 3716/3716 3701/3701
f 3532/3532 3527/3527 3530/3530
f 3701/3701 3703/3703 3702/3702
f 3833/3833 3936/3936 3924/3924
f 1517/1517 1483/1483 1332/1332
f 3893/3893 3859/3859 3894/3894
f 5473/5473 5458/5458 5495/5495
f 5517/5517 5473/5473 5495/5495
f 3931/3931 3893/3893 3938/3938
f 1444/1444 1521/1521 1500/1500
f 5429/5429 5431/5431 5432/5432
f 5432/5432 5431/5431 5433/5433
f 5442/5442 5447/5447 5445/5445
f 5452/5452 5476/5476 5447/5447
f 3739/3739 3780/3780 3772/3772
f 1045/1045 1010/1010 1043/1043
f 1011/1011 1009/1009 1036/1036
f 3553/3553 3552/3552 3549/3549
f 3562/3562 3568/3568 3569/3569
f 6973/6973 6998/6998 6864/6864
f 3723/3723 3721/3721 3720/3720
f 3666/3666 3606/3606 3651/3651
f 3666/3666 3651/3651 3929/3929
f 3730/3730 3728/3728 3720/3720
f 6679/6679 6748/6748 6628/6628
f 3666/3666 3778/3778 3793/3793
f 3793/3793 3778/3778 3777/3777
f 3778/3778 3770/3770 3777/3777
f 3734/3734 3728/3728 3730/3730
f 6679/6679 6628/6628 6629/6629
f 3777/3777 3770/3770 3753/3753
f 3777/3777 3753/3753 3754/3754
f 3753/3753 3740/3740 3741/3741
f 3740/3740 3734/3734 3738/3738
f 3741/3741 3740/3740 3738/3738
f 3738/3738 3734/3734 3730/3730
f 3793/3793 3777/3777 3779/3779
f 3779/3779 3777/3777 3754/3754
f 3753/3753 3741/3741 3754/3754
f 4139/4139 4142/4142 4140/4140
f 4736/4736 4730/4730 4735/4735
f 6157/6157 6155/6155 6154/6154
f 6545/6545 6544/6544 6546/6546
f 4132/4132 4085/4085 4122/4122
f 7307/7307 7308/7308 7306/7306
f 4601/4601 4602/4602 4600/4600
f 7305/7305 7307/7307 7306/7306
f 6599/6599 6707/6707 6680/6680
f 3523/3523 3520/3520 3528/3528
f 3530/3530 3523/3523 3533/3533
f 3533/3533 3523/3523 3528/3528
f 3533/3533 3528/3528 3683/3683
f 3683/3683 3528/3528 3684/3684
f 3684/3684 3529/3529 3715/3715
f 3698/3698 3709/3709 3701/3701
f 3535/3535 3532/3532 3534/3534
f 3530/3530 3533/3533 3620/3620
f 3537/3537 3538/3538 3535/3535
f 3537/3537 3535/3535 3536/3536
f 3536/3536 3535/3535 3534/3534
f 3534/3534 3532/3532 3530/3530
f 3530/3530 3620/3620 3619/3619
f 3534/3534 3530/3530 3577/3577
f 3577/3577 3530/3530 3619/3619
f 3934/3934 3702/3702 3704/3704
f 3934/3934 3704/3704 3933/3933
f 3933/3933 3704/3704 3936/3936
f 3833/3833 3933/3933 3936/3936
f 3834/3834 3835/3835 3833/3833
f 3834/3834 3833/3833 3831/3831
f 3834/3834 3831/3831 3840/3840
f 3838/3838 3834/3834 3840/3840
f 3859/3859 3838/3838 3840/3840
f 5432/5432 5473/5473 5505/5505
f 5449/5449 5429/5429 5432/5432
f 3887/3887 3869/3869 3931/3931
f 5448/5448 5447/5447 5442/5442
f 5448/5448 5442/5442 5449/5449
f 5442/5442 5429/5429 5449/5449
f 5462/5462 5452/5452 5448/5448
f 5448/5448 5452/5452 5447/5447
f 5480/5480 5479/5479 5462/5462
f 5462/5462 5479/5479 5452/5452
f 3552/3552 3550/3550 3549/3549
f 3549/3549 3554/3554 3555/3555
f 5485/5485 5494/5494 5483/5483
f 5483/5483 5494/5494 5480/5480
f 3555/3555 3554/3554 3562/3562
f 1021/1021 1019/1019 1081/1081
f 3739/3739 3772/3772 3721/3721
f 3737/3737 3739/3739 3721/3721
f 3568/3568 3562/3562 3561/3561
f 3568/3568 3561/3561 3575/3575
f 6964/6964 6973/6973 6847/6847
f 3568/3568 3575/3575 3606/3606
f 3736/3736 3737/3737 3723/3723
f 3755/3755 3737/3737 3736/3736
f 3737/3737 3721/3721 3723/3723
f 6847/6847 6864/6864 6700/6700
f 3606/3606 3575/3575 3651/3651
f 3735/3735 3764/3764 3736/3736
f 3735/3735 3736/3736 3723/3723
f 6700/6700 6748/6748 6679/6679
f 3766/3766 3764/3764 3767/3767
f 3767/3767 3764/3764 3735/3735
f 3728/3728 3735/3735 3723/3723
f 3666/3666 3929/3929 3771/3771
f 3666/3666 3771/3771 3778/3778
f 3778/3778 3771/3771 3770/3770
f 3770/3770 3766/3766 3767/3767
f 3767/3767 3735/3735 3734/3734
f 3734/3734 3735/3735 3728/3728
f 3740/3740 3767/3767 3734/3734
f 3753/3753 3770/3770 3767/3767
f 3753/3753 3767/3767 3740/3740
f 6620/6620 6622/6622 6621/6621
f 7612/7612 7577/7577 7646/7646
f 7075/7075 7069/7069 7073/7073
f 4735/4735 4730/4730 4734/4734
f 4140/4140 4142/4142 4220/4220
f 4220/4220 4142/4142 4221/4221
f 5201/5201 5208/5208 5200/5200
f 6543/6543 6544/6544 6545/6545
f 4085/4085 4132/4132 4195/4195
f 4606/4606 4601/4601 4599/4599
f 4599/4599 4601/4601 4600/4600
f 6591/6591 6599/6599 6598/6598
f 4131/4131 4119/4119 4133/4133
f 6680/6680 6707/6707 6715/6715
f 3712/3712 3683/3683 3717/3717
f 3683/3683 3684/3684 3717/3717
f 3714/3714 3684/3684 3715/3715
f 3697/3697 3715/3715 3709/3709
f 3697/3697 3709/3709 3698/3698
f 3620/3620 3533/3533 3712/3712
f 3533/3533 3683/3683 3712/3712
f 3700/3700 3698/3698 3701/3701
f 6821/6821 6822/6822 6820/6820
f 3619/3619 3620/3620 3705/3705
f 3620/3620 3712/3712 3705/3705
f 3700/3700 3701/3701 3702/3702
f 3637/3637 3619/3619 3638/3638
f 3638/3638 3619/3619 3705/3705
f 6820/6820 6822/6822 6823/6823
f 3536/3536 3534/3534 3577/3577
f 3577/3577 3619/3619 3591/3591
f 3539/3539 3537/3537 3536/3536
f 3588/3588 3537/3537 3539/3539
f 3539/3539 3536/3536 3540/3540
f 3540/3540 3536/3536 3577/3577
f 3835/3835 3933/3933 3833/3833
f 3851/3851 3838/3838 3859/3859
f 3869/3869 3851/3851 3859/3859
f 5514/5514 5449/5449 5505/5505
f 3550/3550 3547/3547 3549/3549
f 3549/3549 3547/3547 3548/3548
f 3549/3549 3548/3548 3554/3554
f 5464/5464 5448/5448 5449/5449
f 5462/5462 5448/5448 5464/5464
f 5482/5482 5483/5483 5480/5480
f 5482/5482 5480/5480 5481/5481
f 5481/5481 5480/5480 5462/5462
f 6842/6842 6964/6964 6847/6847
f 3562/3562 3554/3554 3561/3561
f 5499/5499 5498/5498 5486/5486
f 5498/5498 5485/5485 5486/5486
f 5485/5485 5483/5483 5484/5484
f 3747/3747 3739/3739 3737/3737
f 3755/3755 3747/3747 3737/3737
f 3651/3651 3575/3575 3616/3616
f 3765/3765 3756/3756 3764/3764
f 3764/3764 3756/3756 3736/3736
f 3756/3756 3755/3755 3736/3736
f 6700/6700 6679/6679 6629/6629
f 3768/3768 3765/3765 3766/3766
f 3766/3766 3765/3765 3764/3764
f 3771/3771 3769/3769 3766/3766
f 3769/3769 3768/3768 3766/3766
f 7073/7073 7069/7069 7070/7070
f 6632/6632 6621/6621 6633/6633
f 6758/6758 6633/6633 6770/6770
f 5519/5519 5520/5520 5521/5521
f 5521/5521 5520/5520 5531/5531
f 5519/5519 5521/5521 5522/5522
f 6157/6157 6154/6154 6158/6158
f 7305/7305 7306/7306 7304/7304
f 4608/4608 4606/4606 4599/4599
f 4122/4122 4119/4119 4131/4131
f 6598/6598 6599/6599 6600/6600
f 6600/6600 6599/6599 6680/6680
f 4133/4133 4119/4119 4134/4134
f 6715/6715 6824/6824 6821/6821
f 6715/6715 6821/6821 6820/6820
f 6715/6715 6820/6820 6716/6716
f 3714/3714 3717/3717 3684/3684
f 3714/3714 3715/3715 3708/3708
f 3712/3712 3717/3717 3711/3711
f 3700/3700 3702/3702 3934/3934
f 6716/6716 6820/6820 6823/6823
f 4134/4134 4119/4119 4118/4118
f 3591/3591 3619/3619 3637/3637
f 3564/3564 3588/3588 3539/3539
f 3566/3566 3540/3540 3577/3577
f 3566/3566 3577/3577 3591/3591
f 3572/3572 3591/3591 3637/3637
f 3566/3566 3591/3591 3572/3572
f 3835/3835 3934/3934 3933/3933
f 3541/3541 3564/3564 3539/3539
f 3541/3541 3539/3539 3540/3540
f 3540/3540 3566/3566 3542/3542
f 3541/3541 3540/3540 3542/3542
f 3836/3836 3835/3835 3834/3834
f 3564/3564 3541/3541 3543/3543
f 3541/3541 3542/3542 3543/3543
f 3845/3845 3838/3838 3851/3851
f 3551/3551 3545/3545 3547/3547
f 3547/3547 3545/3545 3546/3546
f 3856/3856 3851/3851 3869/3869
f 3547/3547 3546/3546 3548/3548
f 3550/3550 3551/3551 3547/3547
f 3551/3551 3550/3550 3570/3570
f 6841/6841 6842/6842 6701/6701
f 3554/3554 3548/3548 3560/3560
f 5464/5464 5449/5449 5514/5514
f 3561/3561 3554/3554 3560/3560
f 3561/3561 3560/3560 3571/3571
f 5490/5490 5462/5462 5464/5464
f 6842/6842 6847/6847 6701/6701
f 5486/5486 5485/5485 5484/5484
f 5483/5483 5482/5482 5484/5484
f 3747/3747 3857/3857 3739/3739
f 6701/6701 6847/6847 6700/6700
f 6701/6701 6700/6700 6630/6630
f 6630/6630 6700/6700 6629/6629
f 3651/3651 3616/3616 3929/3929
f 3919/3919 3920/3920 3768/3768
f 3771/3771 3914/3914 3769/3769
f 3769/3769 3919/3919 3768/3768
f 7068/7068 7070/7070 7069/7069
f 7065/7065 7068/7068 7069/7069
f 4137/4137 4117/4117 4139/4139
f 6632/6632 6633/6633 6758/6758
f 4799/4799 4797/4797 4798/4798
f 4599/4599 4600/4600 4598/4598
f 7300/7300 7305/7305 7304/7304
f 7300/7300 7304/7304 7301/7301
f 6600/6600 6680/6680 6681/6681
f 6681/6681 6680/6680 6715/6715
f 6681/6681 6715/6715 6716/6716
f 3711/3711 3717/3717 3714/3714
f 3708/3708 3715/3715 3697/3697
f 3705/3705 3712/3712 3706/3706
f 3638/3638 3705/3705 3692/3692
f 3705/3705 3706/3706 3692/3692
f 3937/3937 3700/3700 3934/3934
f 6716/6716 6823/6823 6846/6846
f 3572/3572 3637/3637 3607/3607
f 3637/3637 3638/3638 3607/3607
f 3910/3910 3934/3934 3835/3835
f 6716/6716 6846/6846 6703/6703
f 3542/3542 3566/3566 3563/3563
f 3563/3563 3566/3566 3572/3572
f 3572/3572 3607/3607 3574/3574
f 3836/3836 3910/3910 3835/3835
f 3563/3563 3572/3572 3574/3574
f 6846/6846 6845/6845 6844/6844
f 6703/6703 6846/6846 6844/6844
f 3542/3542 3563/3563 3557/3557
f 3557/3557 3563/3563 3565/3565
f 3837/3837 3836/3836 3834/3834
f 3543/3543 3542/3542 3544/3544
f 3544/3544 3542/3542 3557/3557
f 6844/6844 6845/6845 6843/6843
f 3545/3545 3543/3543 3544/3544
f 3556/3556 3544/3544 3557/3557
f 3556/3556 3557/3557 3559/3559
f 3557/3557 3565/3565 3559/3559
f 1451/1451 1439/1439 1456/1456
f 6844/6844 6843/6843 6702/6702
f 3846/3846 3845/3845 3851/3851
f 6702/6702 6843/6843 6841/6841
f 3546/3546 3544/3544 3556/3556
f 3546/3546 3556/3556 3559/3559
f 3546/3546 3559/3559 3558/3558
f 6702/6702 6841/6841 6701/6701
f 3548/3548 3546/3546 3558/3558
f 3560/3560 3558/3558 3578/3578
f 3560/3560 3548/3548 3558/3558
f 3560/3560 3578/3578 3571/3571
f 5490/5490 5464/5464 5518/5518
f 5508/5508 5486/5486 5502/5502
f 5502/5502 5486/5486 5484/5484
f 5502/5502 5484/5484 5496/5496
f 5484/5484 5482/5482 5496/5496
f 3616/3616 3575/3575 3571/3571
f 3929/3929 3616/3616 3927/3927
f 3942/3942 3916/3916 3756/3756
f 3929/3929 3927/3927 3771/3771
f 3771/3771 3927/3927 3914/3914
f 3919/3919 3932/3932 3920/3920
f 6630/6630 6629/6629 6609/6609
f 6609/6609 6629/6629 6620/6620
f 6619/6619 6620/6620 6621/6621
f 7065/7065 7067/7067 7068/7068
f 4597/4597 4599/4599 4598/4598
f 4608/4608 4599/4599 4597/4597
f 6598/6598 6600/6600 6601/6601
f 6681/6681 6716/6716 6682/6682
f 3635/3635 3697/3697 3698/3698
f 3635/3635 3698/3698 3699/3699
f 3699/3699 3698/3698 3700/3700
f 3699/3699 3700/3700 3937/3937
f 3638/3638 3692/3692 3607/3607
f 3910/3910 3937/3937 3934/3934
f 6682/6682 6716/6716 6703/6703
f 3565/3565 3574/3574 3590/3590
f 6703/6703 6844/6844 6702/6702
f 3837/3837 3834/3834 3838/3838
f 3839/3839 3837/3837 3838/3838
f 3565/3565 3590/3590 3589/3589
f 3559/3559 3565/3565 3589/3589
f 3839/3839 3838/3838 3845/3845
f 3579/3579 3559/3559 3589/3589
f 3839/3839 3845/3845 3846/3846
f 3842/3842 3839/3839 3846/3846
f 3558/3558 3559/3559 3579/3579
f 3558/3558 3579/3579 3578/3578
f 3847/3847 3842/3842 3846/3846
f 3847/3847 3846/3846 3856/3856
f 6702/6702 6701/6701 6630/6630
f 3852/3852 3847/3847 3857/3857
f 5502/5502 5496/5496 5516/5516
f 5496/5496 5490/5490 5506/5506
f 5516/5516 5496/5496 5506/5506
f 3854/3854 3852/3852 3857/3857
f 3571/3571 3615/3615 3616/3616
f 3879/3879 3854/3854 3866/3866
f 3914/3914 3925/3925 3919/3919
f 4118/4118 4117/4117 4136/4136
f 4136/4136 4117/4117 4137/4137
f 7074/7074 7072/7072 7069/7069
f 7069/7069 7072/7072 7065/7065
f 5103/5103 5102/5102 5105/5105
f 6631/6631 6632/6632 6758/6758
f 4137/4137 4139/4139 4140/4140
f 5423/5423 5421/5421 5420/5420
f 4798/4798 4805/4805 4800/4800
f 5522/5522 5521/5521 5524/5524
f 5524/5524 5521/5521 5531/5531
f 5524/5524 5531/5531 5526/5526
f 6157/6157 6158/6158 6159/6159
f 6547/6547 6545/6545 6546/6546
f 4195/4195 4132/4132 4214/4214
f 6549/6549 6546/6546 6596/6596
f 6549/6549 6596/6596 6598/6598
f 4597/4597 4598/4598 4596/4596
f 7299/7299 7300/7300 7301/7301
f 4608/4608 4597/4597 4610/4610
f 7302/7302 7299/7299 7301/7301
f 4132/4132 4122/4122 4131/4131
f 6600/6600 6681/6681 6602/6602
f 6601/6601 6600/6600 6602/6602
f 6602/6602 6681/6681 6682/6682
f 3711/3711 3714/3714 3693/3693
f 3693/3693 3714/3714 3689/3689
f 3689/3689 3714/3714 3708/3708
f 3689/3689 3708/3708 3697/3697
f 3706/3706 3711/3711 3677/3677
f 3635/3635 3689/3689 3697/3697
f 3692/3692 3706/3706 3677/3677
f 3607/3607 3692/3692 3640/3640
f 3699/3699 3937/3937 3917/3917
f 3917/3917 3937/3937 3910/3910
f 3574/3574 3607/3607 3639/3639
f 3607/3607 3640/3640 3639/3639
f 3886/3886 3910/3910 3836/3836
f 3574/3574 3639/3639 3590/3590
f 3886/3886 3836/3836 3837/3837
f 6682/6682 6703/6703 6604/6604
f 6604/6604 6703/6703 6702/6702
f 1334/1334 1345/1345 1321/1321
f 6604/6604 6702/6702 6608/6608
f 6608/6608 6702/6702 6630/6630
f 3853/3853 3852/3852 3854/3854
f 3616/3616 3615/3615 3922/3922
f 3616/3616 3922/3922 3927/3927
f 3916/3916 3858/3858 3879/3879
f 3858/3858 3854/3854 3879/3879
f 6608/6608 6630/6630 6609/6609
f 3925/3925 3903/3903 3932/3932
f 8341/8341 8337/8337 8340/8340
f 8340/8340 8337/8337 8339/8339
f 6619/6619 6621/6621 6631/6631
f 6631/6631 6621/6621 6632/6632
f 5419/5419 5420/5420 5421/5421
f 5522/5522 5524/5524 5525/5525
f 4594/4594 4597/4597 4596/4596
f 4610/4610 4597/4597 4594/4594
f 7299/7299 7302/7302 7303/7303
f 6601/6601 6602/6602 6603/6603
f 3677/3677 3711/3711 3674/3674
f 3711/3711 3693/3693 3674/3674
f 3634/3634 3674/3674 3693/3693
f 3693/3693 3689/3689 3634/3634
f 3634/3634 3689/3689 3635/3635
f 3640/3640 3692/3692 3677/3677
f 3635/3635 3699/3699 3918/3918
f 3917/3917 3918/3918 3699/3699
f 3886/3886 3917/3917 3910/3910
f 6602/6602 6682/6682 6604/6604
f 3871/3871 3886/3886 3837/3837
f 4134/4134 4118/4118 4135/4135
f 3622/3622 3590/3590 3639/3639
f 3841/3841 3871/3871 3837/3837
f 3841/3841 3837/3837 3839/3839
f 3589/3589 3590/3590 3622/3622
f 3841/3841 3839/3839 3842/3842
f 3843/3843 3841/3841 3842/3842
f 3579/3579 3589/3589 3621/3621
f 3621/3621 3589/3589 3622/3622
f 3847/3847 3843/3843 3842/3842
f 3578/3578 3621/3621 3617/3617
f 3848/3848 3843/3843 3847/3847
f 3848/3848 3847/3847 3852/3852
f 3853/3853 3848/3848 3852/3852
f 3927/3927 3922/3922 3888/3888
f 3862/3862 3853/3853 3858/3858
f 3927/3927 3888/3888 3925/3925
f 3925/3925 3888/3888 3903/3903
f 3903/3903 3888/3888 3862/3862
f 3903/3903 3862/3862 3907/3907
f 3907/3907 3862/3862 3858/3858
f 4135/4135 4118/4118 4136/4136
f 7577/7577 7553/7553 7638/7638
f 6609/6609 6620/6620 6619/6619
f 8341/8341 8342/8342 8337/8337
f 8337/8337 8338/8338 8339/8339
f 6631/6631 6758/6758 6784/6784
f 4797/4797 4794/4794 4796/4796
f 4797/4797 4796/4796 4798/4798
f 4798/4798 4796/4796 4804/4804
f 6157/6157 6159/6159 6160/6160
f 6547/6547 6546/6546 6548/6548
f 6157/6157 6160/6160 6161/6161
f 6546/6546 6549/6549 6548/6548
f 4594/4594 4596/4596 4595/4595
f 6166/6166 6172/6172 6171/6171
f 4611/4611 4610/4610 4594/4594
f 6166/6166 6171/6171 6170/6170
f 6549/6549 6598/6598 6601/6601
f 3633/3633 3634/3634 3635/3635
f 3677/3677 3674/3674 3636/3636
f 3636/3636 3674/3674 3630/3630
f 3630/3630 3674/3674 3631/3631
f 3631/3631 3674/3674 3634/3634
f 3631/3631 3634/3634 3633/3633
f 3640/3640 3677/3677 3626/3626
f 3626/3626 3677/3677 3636/3636
f 3633/3633 3635/3635 3918/3918
f 3639/3639 3640/3640 3624/3624
f 3640/3640 3626/3626 3624/3624
f 3871/3871 3918/3918 3917/3917
f 3871/3871 3917/3917 3886/3886
f 3639/3639 3624/3624 3622/3622
f 3849/3849 3843/3843 3848/3848
f 3849/3849 3848/3848 3853/3853
f 3615/3615 3617/3617 3922/3922
f 3922/3922 3617/3617 3908/3908
f 3860/3860 3849/3849 3853/3853
f 3908/3908 3876/3876 3888/3888
f 3922/3922 3908/3908 3888/3888
f 3862/3862 3860/3860 3853/3853
f 3888/3888 3876/3876 3862/3862
f 3862/3862 3876/3876 3860/3860
f 6607/6607 6608/6608 6609/6609
f 8337/8337 8335/8335 8338/8338
f 4136/4136 4137/4137 4138/4138
f 4728/4728 4727/4727 4729/4729
f 5422/5422 5419/5419 5421/5421
f 5525/5525 5524/5524 5526/5526
f 4056/4056 4064/4064 4062/4062
f 6166/6166 6170/6170 6169/6169
f 4186/4186 4133/4133 4134/4134
f 3626/3626 3636/3636 3627/3627
f 3627/3627 3636/3636 3630/3630
f 3626/3626 3627/3627 3625/3625
f 3629/3629 3630/3630 3631/3631
f 3631/3631 3633/3633 3632/3632
f 6603/6603 6602/6602 6604/6604
f 3624/3624 3626/3626 3625/3625
f 3884/3884 3633/3633 3918/3918
f 3632/3632 3633/3633 3884/3884
f 3884/3884 3918/3918 3871/3871
f 3624/3624 3625/3625 3623/3623
f 3868/3868 3884/3884 3844/3844
f 3844/3844 3884/3884 3871/3871
f 3622/3622 3624/3624 3623/3623
f 3844/3844 3871/3871 3841/3841
f 3621/3621 3622/3622 3623/3623
f 3850/3850 3868/3868 3844/3844
f 3844/3844 3841/3841 3843/3843
f 3621/3621 3623/3623 3923/3923
f 3850/3850 3844/3844 3843/3843
f 6604/6604 6608/6608 6607/6607
f 3617/3617 3621/3621 3923/3923
f 3855/3855 3850/3850 3849/3849
f 3850/3850 3843/3843 3849/3849
f 3860/3860 3855/3855 3849/3849
f 3908/3908 3617/3617 3923/3923
f 3908/3908 3923/3923 3883/3883
f 3870/3870 3855/3855 3860/3860
f 3908/3908 3883/3883 3876/3876
f 3876/3876 3883/3883 3870/3870
f 3876/3876 3870/3870 3860/3860
f 6607/6607 6609/6609 6610/6610
f 6610/6610 6609/6609 6619/6619
f 8336/8336 8335/8335 8337/8337
f 6619/6619 6631/6631 6624/6624
f 6624/6624 6631/6631 6784/6784
f 4728/4728 4722/4722 4727/4727
f 4227/4227 4138/4138 4137/4137
f 4794/4794 4795/4795 4796/4796
f 4056/4056 4062/4062 4054/4054
f 6550/6550 6548/6548 6549/6549
f 4214/4214 4132/4132 4202/4202
f 4202/4202 4132/4132 4131/4131
f 4593/4593 4594/4594 4595/4595
f 6549/6549 6601/6601 6615/6615
f 4611/4611 4594/4594 4593/4593
f 6166/6166 6169/6169 6167/6167
f 4619/4619 4611/4611 4612/4612
f 6617/6617 6601/6601 6603/6603
f 3627/3627 3630/3630 3629/3629
f 3629/3629 3631/3631 3632/3632
f 3625/3625 3627/3627 3628/3628
f 3628/3628 3627/3627 3629/3629
f 3628/3628 3629/3629 3906/3906
f 3906/3906 3629/3629 3632/3632
f 3906/3906 3632/3632 3884/3884
f 3623/3623 3625/3625 3921/3921
f 3868/3868 3906/3906 3884/3884
f 3921/3921 3625/3625 3628/3628
f 3882/3882 3906/3906 3868/3868
f 3882/3882 3868/3868 3863/3863
f 3863/3863 3868/3868 3850/3850
f 3623/3623 3921/3921 3923/3923
f 3923/3923 3921/3921 3909/3909
f 3909/3909 3921/3921 3878/3878
f 3878/3878 3882/3882 3863/3863
f 3909/3909 3878/3878 3883/3883
f 3870/3870 3878/3878 3863/3863
f 3863/3863 3850/3850 3855/3855
f 3883/3883 3923/3923 3909/3909
f 3883/3883 3878/3878 3870/3870
f 3870/3870 3863/3863 3855/3855
f 8335/8335 8343/8343 8338/8338
f 6623/6623 6619/6619 6624/6624
f 7337/7337 7338/7338 7336/7336
f 4722/4722 4721/4721 4727/4727
f 5422/5422 5428/5428 5419/5419
f 4796/4796 4801/4801 4804/4804
f 5527/5527 5526/5526 5529/5529
f 6492/6492 6496/6496 6495/6495
f 4055/4055 4056/4056 4054/4054
f 5527/5527 5529/5529 5530/5530
f 4053/4053 4055/4055 4054/4054
f 6175/6175 6166/6166 6165/6165
f 6165/6165 6166/6166 6167/6167
f 4131/4131 4133/4133 4185/4185
f 4133/4133 4186/4186 4185/4185
f 6603/6603 6604/6604 6605/6605
f 3882/3882 3628/3628 3906/3906
f 3921/3921 3628/3628 3882/3882
f 6604/6604 6607/6607 6605/6605
f 3921/3921 3882/3882 3878/3878
f 4134/4134 4135/4135 4193/4193
f 4193/4193 4135/4135 4194/4194
f 4135/4135 4136/4136 4194/4194
f 6610/6610 6619/6619 6623/6623
f 8353/8353 8327/8327 8336/8336
f 8327/8327 8330/8330 8335/8335
f 8336/8336 8327/8327 8335/8335
f 8335/8335 8330/8330 8343/8343
f 6730/6730 6623/6623 6624/6624
f 4722/4722 4718/4718 4721/4721
f 4795/4795 4801/4801 4796/4796
f 4050/4050 4053/4053 4054/4054
f 6550/6550 6549/6549 6551/6551
f 6551/6551 6549/6549 6615/6615
f 4202/4202 4131/4131 4185/4185
f 4612/4612 4593/4593 4613/4613
f 6177/6177 6175/6175 6165/6165
f 6165/6165 6167/6167 6168/6168
f 6615/6615 6601/6601 6616/6616
f 6617/6617 6603/6603 6606/6606
f 4186/4186 4134/4134 4193/4193
f 6610/6610 6611/6611 6607/6607
f 8327/8327 8329/8329 8330/8330
f 8329/8329 8352/8352 8330/8330
f 7335/7335 7332/7332 7336/7336
f 4216/4216 4138/4138 4227/4227
f 6492/6492 6495/6495 6488/6488
f 4050/4050 4054/4054 4063/4063
f 4049/4049 4053/4053 4050/4050
f 4202/4202 4185/4185 4217/4217
f 6165/6165 6168/6168 6173/6173
f 6616/6616 6601/6601 6617/6617
f 6603/6603 6605/6605 6606/6606
f 6605/6605 6607/6607 6611/6611
f 8327/8327 8328/8328 8329/8329
f 6610/6610 6623/6623 6714/6714
f 6714/6714 6623/6623 6730/6730
f 4216/4216 4136/4136 4138/4138
f 4718/4718 4720/4720 4721/4721
f 4795/4795 4803/4803 4802/4802
f 4795/4795 4802/4802 4801/4801
f 6491/6491 6492/6492 6488/6488
f 4051/4051 4050/4050 4063/4063
f 6487/6487 6491/6491 6488/6488
f 4049/4049 4050/4050 4051/4051
f 6490/6490 6491/6491 6487/6487
f 4217/4217 4185/4185 4204/4204
f 6551/6551 6615/6615 6616/6616
f 4185/4185 4186/4186 4204/4204
f 4204/4204 4186/4186 4205/4205
f 6176/6176 6177/6177 6165/6165
f 6176/6176 6165/6165 6174/6174
f 6174/6174 6165/6165 6173/6173
f 4205/4205 4186/4186 4203/4203
f 4186/4186 4193/4193 4203/4203
f 4201/4201 4193/4193 4194/4194
f 6611/6611 6610/6610 6612/6612
f 8331/8331 8332/8332 8329/8329
f 8328/8328 8331/8331 8329/8329
f 4194/4194 4136/4136 4212/4212
f 7328/7328 7327/7327 7332/7332
f 4212/4212 4136/4136 4216/4216
f 7335/7335 7328/7328 7332/7332
f 6487/6487 6488/6488 6489/6489
f 4049/4049 4051/4051 4052/4052
f 7770/7770 7775/7775 7769/7769
f 6618/6618 6616/6616 6617/6617
f 6178/6178 6176/6176 6174/6174
f 6178/6178 6174/6174 6179/6179
f 6618/6618 6617/6617 6606/6606
f 6606/6606 6605/6605 6614/6614
f 4207/4207 4203/4203 4209/4209
f 4209/4209 4203/4203 4193/4193
f 6614/6614 6605/6605 6611/6611
f 4209/4209 4193/4193 4201/4201
f 6611/6611 6612/6612 6613/6613
f 8333/8333 8334/8334 8332/8332
f 5122/5122 5123/5123 5117/5117
f 8331/8331 8333/8333 8332/8332
f 6612/6612 6610/6610 6714/6714
f 4211/4211 4194/4194 4212/4212
f 4719/4719 4724/4724 4723/4723
f 4803/4803 4807/4807 4806/4806
f 4803/4803 4806/4806 4802/4802
f 7326/7326 7328/7328 7335/7335
f 4719/4719 4723/4723 4720/4720
f 6490/6490 6487/6487 6489/6489
f 4051/4051 4063/4063 4057/4057
f 4052/4052 4051/4051 4057/4057
f 7004/7004 6551/6551 6616/6616
f 7778/7778 7775/7775 7770/7770
f 6490/6490 6489/6489 6493/6493
f 6178/6178 6179/6179 6180/6180
f 4205/4205 4203/4203 4207/4207
f 4622/4622 4616/4616 4629/4629
f 6181/6181 6178/6178 6180/6180
f 6181/6181 6180/6180 6182/6182
f 8333/8333 8345/8345 8344/8344
f 8345/8345 8346/8346 8344/8344
f 8333/8333 8344/8344 8334/8334
f 4209/4209 4201/4201 4210/4210
f 4210/4210 4201/4201 4211/4211
f 4211/4211 4201/4201 4194/4194
f 7329/7329 7330/7330 7327/7327
f 7326/7326 7327/7327 7328/7328
f 7755/7755 7754/7754 7756/7756
f 4807/4807 4808/4808 4806/4806
f 4058/4058 4052/4052 4057/4057
f 5626/5626 5657/5657 5649/5649
f 4058/4058 4057/4057 4059/4059
f 7003/7003 7004/7004 6616/6616
f 6494/6494 6490/6490 6493/6493
f 6497/6497 6494/6494 6493/6493
f 7003/7003 6616/6616 6618/6618
f 7770/7770 7769/7769 7766/7766
f 7769/7769 7774/7774 7764/7764
f 6181/6181 6182/6182 6183/6183
f 6184/6184 6181/6181 6183/6183
f 6618/6618 6606/6606 6614/6614
f 7764/7764 7774/7774 7771/7771
f 6185/6185 6184/6184 6183/6183
f 4633/4633 4631/4631 4635/4635
f 8347/8347 8349/8349 8348/8348
f 7764/7764 7771/7771 7763/7763
f 8347/8347 8348/8348 8346/8346
f 4633/4633 4635/4635 4634/4634
f 8345/8345 8347/8347 8346/8346
f 6614/6614 6611/6611 6613/6613
f 7333/7333 7330/7330 7331/7331
f 7331/7331 7330/7330 7329/7329
f 7753/7753 7757/7757 7754/7754
f 4723/4723 4725/4725 4726/4726
f 4724/4724 4725/4725 4723/4723
f 4807/4807 4809/4809 4808/4808
f 5650/5650 5644/5644 5645/5645
f 4060/4060 4058/4058 4059/4059
f 4060/4060 4059/4059 4061/4061
f 4061/4061 4059/4059 4066/4066
f 7769/7769 7764/7764 7766/7766
f 6691/6691 6618/6618 6690/6690
f 6618/6618 6614/6614 6690/6690
f 6614/6614 6613/6613 6690/6690
f 6690/6690 6613/6613 6692/6692
f 1582/1582 1612/1612 1607/1607
f 7763/7763 7771/7771 7757/7757
f 7339/7339 7333/7333 7331/7331
f 7340/7340 7339/7339 7331/7331
f 7750/7750 7753/7753 7754/7754
f 7340/7340 7331/7331 7329/7329
f 4808/4808 4809/4809 4810/4810
f 7777/7777 7778/7778 7770/7770
f 1661/1661 1643/1643 1641/1641
f 1641/1641 1643/1643 1642/1642
f 1641/1641 1642/1642 1640/1640
f 1642/1642 1679/1679 1674/1674
f 1640/1640 1642/1642 1674/1674
f 6723/6723 6618/6618 6691/6691
f 7766/7766 7764/7764 7765/7765
f 7765/7765 7764/7764 7761/7761
f 6691/6691 6690/6690 6809/6809
f 7764/7764 7763/7763 7761/7761
f 7761/7761 7763/7763 7760/7760
f 7758/7758 7763/7763 7757/7757
f 7749/7749 7742/7742 7750/7750
f 7750/7750 7742/7742 7753/7753
f 1664/1664 1680/1680 1681/1681
f 7777/7777 7770/7770 7766/7766
f 7767/7767 7766/7766 7765/7765
f 6811/6811 6723/6723 6691/6691
f 6811/6811 6691/6691 6810/6810
f 6691/6691 6809/6809 6782/6782
f 6810/6810 6691/6691 6782/6782
f 6782/6782 6809/6809 6690/6690
f 6782/6782 6690/6690 6771/6771
f 7758/7758 7760/7760 7763/7763
f 6690/6690 6692/6692 6771/6771
f 7758/7758 7757/7757 7744/7744
f 7744/7744 7757/7757 7753/7753
f 1660/1660 1665/1665 1664/1664
f 7779/7779 7777/7777 7766/7766
f 7767/7767 7779/7779 7766/7766
f 1640/1640 1674/1674 1675/1675
f 7761/7761 7760/7760 7759/7759
f 6782/6782 6771/6771 6812/6812
f 7759/7759 7760/7760 7758/7758
f 6812/6812 6771/6771 6692/6692
f 1604/1604 1578/1578 1576/1576
f 1663/1663 1660/1660 1664/1664
f 1641/1641 1640/1640 1634/1634
f 1659/1659 1673/1673 1660/1660
f 7767/7767 7765/7765 7761/7761
f 7767/7767 7761/7761 7762/7762
f 7759/7759 7758/7758 7745/7745
f 1663/1663 1649/1649 1660/1660
f 1634/1634 1640/1640 1639/1639
f 1634/1634 1639/1639 1632/1632
f 1636/1636 1677/1677 1653/1653
f 7780/7780 7779/7779 7767/7767
f 7762/7762 7761/7761 7759/7759
f 7745/7745 7758/7758 7744/7744
f 1633/1633 1634/1634 1632/1632
f 1630/1630 1636/1636 1628/1628
f 1636/1636 1653/1653 1625/1625
f 1628/1628 1636/1636 1625/1625
f 1625/1625 1653/1653 1654/1654
f 1625/1625 1654/1654 1624/1624
f 1624/1624 1654/1654 1655/1655
f 1624/1624 1655/1655 1644/1644
f 1655/1655 1672/1672 1644/1644
f 1644/1644 1672/1672 1645/1645
f 1645/1645 1672/1672 1652/1652
f 1672/1672 1678/1678 1652/1652
f 1652/1652 1678/1678 1651/1651
f 1651/1651 1678/1678 1646/1646
f 1647/1647 1646/1646 1658/1658
f 1647/1647 1658/1658 1649/1649
f 1658/1658 1659/1659 1649/1649
f 7768/7768 7780/7780 7767/7767
f 7762/7762 7768/7768 7767/7767
f 5169/5169 5172/5172 5176/5176
f 1662/1662 1634/1634 1633/1633
f 1633/1633 1632/1632 1631/1631
f 1632/1632 1630/1630 1631/1631
f 1631/1631 1630/1630 1629/1629
f 1630/1630 1628/1628 1629/1629
f 1629/1629 1628/1628 1627/1627
f 1627/1627 1628/1628 1625/1625
f 1627/1627 1625/1625 1626/1626
f 1626/1626 1625/1625 1616/1616
f 1616/1616 1625/1625 1624/1624
f 1616/1616 1624/1624 1614/1614
f 1614/1614 1624/1624 1615/1615
f 1624/1624 1644/1644 1615/1615
f 1615/1615 1644/1644 1645/1645
f 1615/1615 1645/1645 1618/1618
f 1618/1618 1645/1645 1652/1652
f 1618/1618 1652/1652 1651/1651
f 1618/1618 1651/1651 1622/1622
f 1622/1622 1651/1651 1646/1646
f 1646/1646 1647/1647 1635/1635
f 1622/1622 1646/1646 1635/1635
f 1635/1635 1647/1647 1648/1648
f 1648/1648 1647/1647 1649/1649
f 1648/1648 1649/1649 1671/1671
f 1649/1649 1663/1663 1671/1671
f 7776/7776 7780/7780 7768/7768
f 86/86 82/82 77/77
f 7772/7772 7768/7768 7762/7762
f 7772/7772 7762/7762 7759/7759
f 7773/7773 7772/7772 7759/7759
f 87/87 86/86 78/78
f 86/86 77/77 78/78
f 7773/7773 7759/7759 7745/7745
f 1662/1662 1633/1633 1637/1637
f 1637/1637 1633/1633 1631/1631
f 1637/1637 1631/1631 1638/1638
f 1638/1638 1631/1631 1629/1629
f 1638/1638 1629/1629 1627/1627
f 1627/1627 1626/1626 1616/1616
f 1613/1613 1616/1616 1614/1614
f 1613/1613 1614/1614 1615/1615
f 1613/1613 1615/1615 1617/1617
f 1617/1617 1615/1615 1618/1618
f 1617/1617 1618/1618 1619/1619
f 1619/1619 1618/1618 1621/1621
f 1621/1621 1618/1618 1622/1622
f 1621/1621 1622/1622 1623/1623
f 1635/1635 1648/1648 1656/1656
f 1656/1656 1648/1648 1657/1657
f 1657/1657 1648/1648 1671/1671
f 77/77 82/82 65/65
f 7776/7776 7768/7768 7772/7772
f 7781/7781 7776/7776 7772/7772
f 77/77 65/65 66/66
f 7751/7751 7781/7781 7772/7772
f 7751/7751 7772/7772 7773/7773
f 77/77 66/66 67/67
f 78/78 77/77 67/67
f 7746/7746 7751/7751 7745/7745
f 7751/7751 7773/7773 7745/7745
f 1676/1676 1638/1638 1627/1627
f 1676/1676 1627/1627 1670/1670
f 1627/1627 1616/1616 1670/1670
f 1670/1670 1616/1616 1669/1669
f 1669/1669 1616/1616 1613/1613
f 1669/1669 1613/1613 1620/1620
f 1613/1613 1617/1617 1620/1620
f 1620/1620 1617/1617 1667/1667
f 1667/1667 1617/1617 1619/1619
f 1667/1667 1619/1619 1666/1666
f 1619/1619 1621/1621 1666/1666
f 1666/1666 1621/1621 1668/1668
f 1668/1668 1621/1621 1623/1623
f 1623/1623 1635/1635 1656/1656
f 1623/1623 1656/1656 1668/1668
f 1656/1656 1657/1657 1668/1668
f 61/61 75/75 54/54
f 57/57 83/83 43/43
f 43/43 83/83 36/36
f 54/54 75/75 33/33
f 33/33 75/75 63/63
f 63/63 75/75 70/70
f 57/57 43/43 44/44
f 69/69 63/63 70/70
f 31/31 54/54 33/33
f 43/43 36/36 39/39
f 35/35 36/36 37/37
f 35/35 39/39 36/36
f 33/33 63/63 60/60
f 34/34 33/33 60/60
f 65/65 57/57 56/56
f 44/44 43/43 39/39
f 56/56 57/57 44/44
f 66/66 65/65 56/56
f 32/32 31/31 33/33
f 41/41 44/44 39/39
f 32/32 33/33 34/34
f 60/60 63/63 64/64
f 64/64 63/63 69/69
f 41/41 56/56 44/44
f 64/64 69/69 73/73
f 42/42 41/41 39/39
f 59/59 60/60 64/64
f 40/40 41/41 42/42
f 42/42 39/39 35/35
f 34/34 60/60 59/59
f 40/40 56/56 41/41
f 32/32 34/34 30/30
f 67/67 56/56 58/58
f 58/58 56/56 40/40
f 30/30 34/34 59/59
f 58/58 40/40 81/81
f 81/81 40/40 42/42
f 71/71 30/30 59/59
f 71/71 59/59 64/64
f 37/37 36/36 62/62
f 37/37 62/62 47/47
f 47/47 62/62 74/74
f 47/47 74/74 48/48
f 48/48 74/74 49/49
f 49/49 74/74 79/79
f 49/49 79/79 50/50
f 79/79 80/80 50/50
f 50/50 80/80 52/52
f 52/52 80/80 76/76
f 52/52 76/76 51/51
f 51/51 76/76 61/61
f 51/51 61/61 53/53
f 53/53 61/61 54/54
f 37/37 47/47 38/38
f 19/19 47/47 48/48
f 50/50 52/52 22/22
f 19/19 48/48 8/8
f 8/8 48/48 49/49
f 49/49 50/50 8/8
f 8/8 50/50 9/9
f 9/9 50/50 22/22
f 52/52 51/51 25/25
f 53/53 54/54 31/31
f 38/38 47/47 19/19
f 22/22 52/52 25/25
f 25/25 51/51 31/31
f 31/31 51/51 53/53
f 15/15 19/19 8/8
f 35/35 37/37 38/38
f 20/20 38/38 19/19
f 15/15 8/8 7/7
f 7/7 8/8 9/9
f 22/22 25/25 23/23
f 28/28 25/25 31/31
f 7/7 9/9 10/10
f 20/20 19/19 18/18
f 10/10 9/9 21/21
f 26/26 25/25 28/28
f 9/9 22/22 21/21
f 18/18 19/19 16/16
f 16/16 19/19 15/15
f 23/23 25/25 26/26
f 28/28 31/31 29/29
f 29/29 31/31 32/32
f 21/21 22/22 23/23
f 38/38 20/20 35/35
f 17/17 18/18 16/16
f 16/16 15/15 14/14
f 14/14 15/15 7/7
f 11/11 7/7 10/10
f 17/17 16/16 14/14
f 13/13 14/14 7/7
f 13/13 7/7 11/11
f 27/27 26/26 28/28
f 21/21 23/23 24/24
f 27/27 28/28 29/29
f 45/45 35/35 20/20
f 20/20 18/18 46/46
f 46/46 18/18 17/17
f 12/12 10/10 21/21
f 27/27 23/23 26/26
f 42/42 35/35 45/45
f 45/45 20/20 46/46
f 29/29 32/32 30/30
f 24/24 23/23 55/55
f 55/55 23/23 27/27
f 27/27 29/29 30/30
f 45/45 46/46 68/68
f 68/68 46/46 17/17
f 68/68 17/17 14/14
f 68/68 14/14 13/13
f 68/68 13/13 84/84
f 13/13 11/11 84/84
f 85/85 55/55 27/27
f 85/85 27/27 72/72
f 27/27 30/30 72/72
f 72/72 30/30 71/71
f 12/12 21/21 24/24
f 12/12 24/24 55/55
