# https://github.com/mikedh/trimesh
mtllib material.mtl

o coador.obj
usemtl material_0
v 0.01084259 0.03198274 0.08826694
v 0.00882138 0.03223206 0.08781851
v 0.00588434 0.03229166 0.08729442
v -0.00473434 0.03899342 0.09442106
v -0.00511099 0.03564489 0.09430863
v -0.00501364 0.03731594 0.09432470
v 0.05325358 0.00156855 -0.00385989
v 0.05323557 -0.00626363 -0.00576661
v 0.05333562 -0.00632335 -0.01790097
v 0.05337563 0.00354998 -0.01616364
v 0.05335489 0.00943465 -0.00784062
v 0.05347858 0.00946556 -0.01701557
v 0.05333982 0.00927812 -0.00307495
v 0.05320665 0.00924296 0.00931333
v 0.05314081 -0.00051039 0.00881798
v 0.05303168 0.00301661 0.02144834
v 0.05315910 0.00924651 0.01847542
v 0.05296443 0.00459091 0.02624878
v 0.05300798 -0.00646796 0.02282970
v 0.05288620 0.00454082 0.03524864
v 0.05335974 0.00550545 -0.02724912
v 0.05322526 -0.00600176 -0.03326391
v 0.05323088 0.00831373 -0.04539093
v 0.05340918 0.00927560 -0.02829280
v 0.05303841 -0.00678860 -0.05400856
v 0.05311912 0.00286698 -0.05084650
v 0.05309869 0.00937606 -0.05572884
v 0.05300829 0.00259488 -0.05821614
v 0.05283171 0.00710585 -0.06848820
v 0.05259675 0.00953334 -0.08372844
v 0.05265351 -0.00579289 -0.07523992
v 0.05260820 0.00649512 -0.07805196
v 0.05255112 -0.01014752 -0.08635480
v 0.05251414 0.00559624 -0.08570489
v 0.05272918 0.00468055 0.05578895
v 0.05277553 -0.01007052 0.05650178
v 0.05282338 -0.00992064 0.04959430
v 0.05283230 -0.00642646 0.04204956
v 0.05265890 -0.00016027 0.06217009
v 0.05255941 0.00926432 0.08093620
v 0.05253197 0.00431142 0.08019714
v 0.05264487 0.00929777 0.06594317
v 0.05267760 -0.00990698 0.06599560
v 0.05255685 -0.00876791 0.08047619
v 0.05282181 0.00941048 0.05178507
v 0.05304864 0.00926883 0.02922750
v 0.05300847 -0.00997896 0.03001330
v 0.05317258 -0.00999170 0.01106058
v 0.05327151 -0.01003686 -0.00756136
v 0.05336891 -0.01006898 -0.01797258
v 0.05299567 -0.01016530 -0.06206438
v 0.05325973 -0.01003983 -0.03888164
v 0.05272132 -0.01020418 -0.07473707
v 0.05262698 -0.01035181 -0.08221263
v 0.05332710 0.00937405 -0.03476772
v 0.05243134 0.00540987 0.08321717
v 0.05246352 -0.00999444 0.08296189
v 0.05242261 0.00941131 0.08376190
v 0.05247610 0.00941611 -0.08708889
v 0.05239287 -0.00032627 -0.08734708
v 0.05279748 -0.01062629 -0.06598806
v 0.05290319 -0.01027214 0.03018099
v 0.05239783 -0.01010584 -0.08778102
v 0.05220165 0.00968170 -0.08851617
v 0.05205598 -0.00988339 0.08535102
v 0.05203642 -0.00122582 0.08549019
v 0.05202167 0.00933385 0.08563098
v 0.05298937 0.00954633 0.02091381
v 0.05191273 -0.00687026 -0.08946414
v 0.05181359 -0.01039930 -0.08985451
v 0.05249154 0.00988194 -0.08383131
v 0.05283813 0.00973475 -0.06142018
v 0.05184591 0.00935528 -0.08965129
v 0.05303739 -0.01031158 0.00933248
v 0.05235258 -0.01074105 -0.08587931
v 0.05299876 -0.01054738 -0.04140032
v 0.05131732 -0.00901425 0.08722896
v 0.05134009 0.00942612 0.08735919
v 0.05310527 -0.01047445 -0.01752658
v 0.05302833 -0.01041462 -0.03075986
v 0.05255563 0.00945623 0.06629908
v 0.05087786 -0.00998756 0.08766622
v 0.05258525 -0.01014669 0.06007633
v 0.05315041 0.00963889 -0.00713561
v 0.05305783 0.00966309 -0.03535311
v 0.05067629 -0.00598128 0.08823922
v 0.05068636 0.00946291 0.08826256
v 0.04976440 -0.00922319 0.08915278
v 0.05253095 0.00966815 0.05442103
v -0.00008649 -0.02085414 0.06100493
v 0.00099649 -0.02048387 0.05466216
v 0.00016610 -0.02042953 0.05502906
v -0.00100308 -0.02063441 0.05910261
v -0.00134907 -0.02091001 0.06229834
v 0.00012710 -0.02031756 0.05222413
v 0.00226329 -0.02032288 0.05501514
v 0.00186964 -0.02075329 0.05138508
v 0.00408289 -0.02104280 0.04737282
v 0.00267203 -0.02105827 0.04813678
v 0.00181025 -0.02097536 0.04708620
v 0.00365398 -0.02141716 0.04303032
v 0.00500172 -0.02127473 0.04397296
v 0.00472046 -0.02143081 0.03825594
v 0.00192945 -0.02104889 0.04389759
v 0.00295490 -0.02111325 0.03893453
v 0.00077459 -0.02052278 0.04797416
v 0.00419752 -0.02107306 0.03537772
v 0.00610801 -0.02097993 0.03277920
v 0.00473452 -0.02070977 0.03163022
v 0.00691480 -0.02087864 0.02711316
v 0.00508920 -0.02040778 0.02560383
v 0.00076521 -0.01983424 0.03032974
v -0.00057862 -0.01961494 0.02625327
v 0.00247720 -0.02029963 0.03404888
v 0.00042641 -0.01979116 0.03524628
v -0.00351495 -0.01903836 0.03426836
v -0.00103323 -0.01955927 0.04005766
v -0.00292819 -0.01912812 0.02905820
v -0.00401916 -0.01886294 0.04133423
v -0.00125608 -0.01946299 0.04356986
v -0.00264175 -0.01884700 0.02238644
v 0.00003401 -0.01945810 0.02223691
v 0.00224547 -0.01984561 0.02215449
v 0.00174988 -0.02034173 0.03720526
v -0.00077142 -0.01959556 0.04600701
v -0.00217352 -0.02032266 0.05919540
v 0.00068457 -0.02028420 0.04228339
v -0.00317714 -0.02051236 0.06379302
v -0.00220940 -0.02074402 0.06469247
v -0.00310286 -0.02073993 0.06728135
v -0.00472661 -0.02041931 0.06749911
v 0.00698092 -0.02031194 0.02248562
v -0.00125749 -0.01978489 0.05400430
v -0.00657616 -0.01788058 0.04500456
v -0.00527998 -0.01793608 0.04973415
v -0.00649901 -0.01796944 0.04046889
v -0.00874855 -0.01738184 0.04446888
v -0.00777090 -0.01780000 0.04821860
v -0.00308268 -0.01861112 0.05144368
v -0.00597250 -0.01813218 0.05555360
v -0.00391634 -0.01873486 0.05526447
v -0.00694201 -0.01795486 0.05579793
v -0.00680378 -0.01935581 0.06561063
v -0.00834884 -0.01849378 0.06271871
v -0.00520221 -0.01907239 0.05966260
v -0.01059741 -0.01732263 0.04837946
v -0.00499281 -0.01824370 0.03104296
v -0.00975519 -0.01784726 0.05237092
v -0.00930281 -0.01681904 0.04122300
v -0.01127080 -0.01667325 0.04621656
v -0.00709977 -0.01741638 0.03631180
v -0.00848262 -0.01900678 0.06589413
v -0.00178935 -0.02119293 0.06825333
v -0.01268483 -0.01746829 0.05264985
v -0.01137420 -0.01774769 0.05294340
v -0.01276116 -0.01795566 0.05775558
v -0.01443364 -0.01745474 0.05837592
v -0.01277385 -0.01844959 0.06099764
v -0.00813880 -0.01806033 0.05831439
v 0.00398434 -0.01916616 0.01619949
v 0.00549314 -0.01989260 0.01887928
v -0.00598925 -0.02080661 0.07121616
v -0.00312576 -0.02150821 0.07041957
v 0.00538740 -0.01945519 0.01651281
v -0.01487713 -0.01831314 0.06283502
v -0.01571233 -0.01845631 0.06451493
v -0.01318650 -0.01897435 0.06404770
v -0.01082767 -0.01818389 0.05816164
v -0.00085018 -0.01897426 0.02113907
v -0.00920681 -0.02006183 0.07143556
v -0.01010532 -0.02041325 0.07386388
v -0.01214621 -0.01991790 0.07337079
v -0.01208937 -0.02045667 0.07786144
v -0.01364136 -0.01999634 0.07799774
v -0.01475047 -0.02006698 0.08150129
v -0.01531788 -0.01962727 0.07868991
v -0.01547751 -0.01949949 0.07382532
v -0.01676752 -0.01904957 0.07364027
v -0.01561327 -0.01924015 0.06955186
v -0.01269150 -0.01945835 0.06712337
v -0.01489488 -0.01882549 0.06466437
v -0.01004081 -0.01969287 0.06935519
v -0.01677059 -0.01911182 0.08253746
v 0.00781467 -0.02011924 0.01978891
v 0.01011968 -0.02049096 0.02342128
v -0.01683973 -0.01822054 0.06683104
v -0.01782244 -0.01807121 0.07010801
v -0.01048746 -0.01862059 0.06201681
v 0.00950054 -0.01947017 0.01533038
v 0.01034573 -0.01993391 0.01795939
v 0.01222606 -0.01972259 0.01487071
v 0.01599858 -0.02049357 0.01759599
v 0.01529758 -0.02071881 0.02063021
v 0.01658501 -0.02084545 0.02063907
v 0.01184258 -0.02018790 0.02082032
v 0.01384838 -0.02046136 0.02334772
v 0.01234571 -0.02016966 0.02394995
v 0.01575336 -0.02109943 0.02394254
v 0.01807932 -0.02126487 0.02228636
v 0.01835358 -0.02184877 0.02524930
v 0.01722215 -0.02167345 0.02635905
v 0.01814077 -0.02229756 0.03004061
v 0.01936298 -0.02249938 0.02927184
v 0.01390095 -0.02027652 0.02586253
v 0.00847442 -0.01882395 0.01292178
v 0.01998989 -0.02331457 0.03244420
v 0.01875028 -0.02355069 0.03539683
v 0.02098436 -0.02419704 0.03599981
v 0.02003662 -0.02439141 0.03918328
v 0.01228622 -0.01989776 0.02620263
v 0.01344877 -0.01976651 0.01471611
v 0.01948947 -0.02177398 0.02463018
v 0.01602447 -0.02119327 0.02728325
v 0.01825725 -0.02371659 0.03995635
v 0.01937552 -0.02433887 0.05061739
v 0.02090896 -0.02482199 0.05088087
v 0.02206482 -0.02498447 0.03744787
v 0.02181217 -0.02502576 0.05335145
v 0.02044977 -0.02419855 0.05809841
v 0.02267279 -0.02469365 0.05920706
v 0.02154817 -0.02435599 0.06178256
v 0.02301966 -0.02456811 0.06275190
v 0.02100768 -0.02381651 0.06740814
v 0.02305890 -0.02500868 0.05576672
v 0.02479474 -0.02489108 0.05883411
v 0.02236758 -0.02375257 0.06936919
v 0.02609907 -0.02504559 0.05658130
v 0.02046887 -0.02350128 0.07194009
v 0.01887626 -0.02344804 0.07079465
v 0.01997188 -0.02360450 0.06664292
v 0.01765209 -0.02308269 0.06903020
v 0.01982047 -0.02363676 0.06368698
v 0.01798081 -0.02352567 0.07221364
v 0.01604156 -0.02217541 0.06523211
v 0.01619107 -0.02257088 0.06726490
v 0.01472281 -0.02229857 0.06749281
v 0.01793512 -0.02275439 0.06303767
v 0.01894628 -0.02348045 0.05816629
v 0.02310701 -0.02499974 0.04297675
v 0.02289685 -0.02498976 0.03755253
v 0.02424931 -0.02503661 0.04359839
v 0.02592388 -0.02502775 0.04376775
v 0.01901236 -0.02358373 0.07428057
v 0.02379535 -0.02422976 0.06613003
v 0.01488695 -0.02330057 0.07059093
v 0.00784755 -0.02085166 0.02815818
v 0.01045216 -0.02033614 0.02600325
v -0.00107018 -0.02068096 0.06610572
v 0.01007735 -0.01858813 0.01139761
v 0.01393692 -0.02281362 0.06939053
v 0.02106925 -0.02274535 0.03007367
v 0.02067177 -0.02187688 0.02625290
v -0.00906900 -0.02123243 0.07571341
v 0.00687452 -0.02097462 0.03396811
v 0.00120664 -0.02044842 0.06544290
v 0.00079864 -0.02030064 0.06419670
v 0.02465992 -0.02416774 0.06572322
v 0.01264249 -0.01879861 0.01181318
v 0.00633129 -0.01829606 0.01246804
v 0.02242333 -0.02347407 0.03323762
v 0.02288964 -0.02423613 0.03614202
v -0.01486658 -0.01646994 0.05282336
v 0.01547541 -0.01991371 0.01540098
v -0.01321100 -0.01672465 0.05030497
v -0.00370251 -0.01838573 0.02368364
v 0.02191548 -0.02318613 0.07368725
v -0.00674307 -0.02259553 0.07750920
v 0.01389969 -0.01973481 0.02799404
v 0.01816043 -0.02051615 0.01964253
v -0.01201874 -0.02116898 0.08057559
v -0.01504832 -0.02015469 0.08303569
v -0.00890408 -0.02248403 0.07920407
v 0.00235914 -0.01826192 0.01526707
v 0.01683474 -0.02204346 0.06201202
v 0.01992590 -0.02126803 0.02282550
v 0.02348001 -0.02342992 0.07080507
v 0.00785478 -0.02067360 0.03438350
v 0.01207488 -0.02168676 0.06785383
v 0.02015868 -0.02330685 0.07654255
v 0.01706646 -0.02384326 0.07373435
v 0.01710596 -0.02435618 0.07833736
v 0.01585950 -0.02363576 0.07193775
v 0.01303779 -0.02416502 0.07314307
v 0.01274872 -0.02485153 0.07540386
v 0.00884889 -0.02446990 0.07379714
v 0.01103071 -0.02363557 0.07189348
v 0.00806641 -0.02556011 0.07710101
v 0.00941831 -0.02643688 0.08121341
v 0.01306425 -0.02550271 0.07873512
v -0.01543918 -0.02018060 0.08443751
v 0.00586243 -0.02121809 0.03950295
v 0.01751899 -0.02217186 0.03121483
v 0.01213818 -0.02621024 0.08309635
v 0.00487487 -0.02678743 0.08030970
v 0.00608296 -0.02771266 0.08562203
v 0.00263749 -0.02703784 0.08055685
v 0.00219454 -0.02610644 0.07609117
v -0.00008881 -0.02672496 0.07903729
v 0.00240916 -0.02800864 0.08518325
v -0.00020903 -0.02771942 0.08385407
v -0.00238872 -0.02711659 0.08201597
v -0.00185041 -0.02635722 0.07871858
v -0.00102801 -0.02636853 0.07711901
v -0.00024065 -0.02622752 0.07589944
v -0.00092429 -0.02601236 0.07561847
v -0.00028771 -0.02632794 0.07444760
v 0.00284101 -0.02570007 0.07309612
v -0.00260925 -0.02778439 0.08442423
v 0.00130124 -0.02857695 0.08694282
v -0.00081238 -0.02608274 0.07465614
v -0.00329722 -0.01840884 0.02183768
v -0.00145456 -0.01824760 0.01980624
v -0.00289264 -0.02848043 0.08638009
v 0.00526908 -0.02536592 0.07463233
v 0.00949351 -0.02718593 0.08561310
v -0.00637794 -0.02439993 0.08163971
v 0.00647811 -0.02854812 0.08838577
v 0.00506872 -0.02521718 0.07173681
v 0.01654551 -0.02139652 0.03125620
v -0.01031862 -0.02443026 0.08466744
v -0.00796835 -0.02549578 0.08540336
v 0.00879628 -0.02384578 0.07173671
v -0.00508560 -0.02269915 0.07583492
v -0.01556438 -0.01677952 0.05821964
v 0.01049103 -0.02778521 0.08845711
v 0.02582671 -0.02456855 0.04276066
v 0.00561502 -0.01706193 0.01035363
v 0.00281385 -0.01688005 0.01202781
v -0.00692897 -0.01702985 0.03297584
v -0.00466540 -0.02381272 0.07805530
v -0.01073612 -0.02663883 0.08942830
v 0.01463158 -0.02519820 0.07890825
v 0.01338559 -0.01878865 0.03072454
v 0.01438763 -0.01900039 0.03084889
v 0.01351966 -0.01784664 0.03543401
v 0.01445494 -0.01845325 0.03310132
v 0.01426474 -0.01767944 0.03815950
v 0.01375276 -0.01725065 0.03997453
v 0.01216086 -0.01788483 0.00981792
v 0.02185108 -0.02202287 0.02806879
v 0.01125862 -0.02201345 0.06856626
v -0.01091869 -0.01592967 0.04161869
v -0.01343210 -0.01569847 0.04736252
v -0.00942256 -0.01596757 0.03672778
v 0.00920836 -0.01704809 0.00887300
v 0.01924760 -0.02058480 0.02081085
v 0.01276518 -0.01944843 0.06304155
v 0.01354941 -0.02011958 0.06383869
v 0.01190183 -0.01978943 0.06378738
v -0.00317092 -0.02929695 0.08818302
v 0.00122160 -0.02940104 0.08888929
v 0.01361141 -0.01798250 0.05952456
v 0.01492050 -0.01880295 0.01269238
v -0.00584713 -0.02641488 0.08546715
v -0.01809294 -0.01824872 0.07559453
v 0.01197365 -0.02666140 0.08592001
v 0.00009767 -0.01701550 0.01501862
v 0.01234696 -0.01773829 0.05997547
v 0.01248654 -0.01700963 0.05756923
v 0.00911967 -0.01766204 0.05930762
v 0.01060555 -0.01708719 0.05737056
v 0.01229026 -0.01672643 0.05415825
v 0.01349610 -0.01691836 0.05158331
v 0.01390179 -0.01723392 0.05552862
v 0.01264968 -0.01679180 0.04917284
v 0.01306434 -0.01705730 0.04169044
v 0.01427372 -0.01737352 0.04550016
v 0.00663952 -0.01803176 0.05982839
v 0.01170887 -0.01684695 0.05168483
v 0.00765068 -0.01820328 0.06085127
v 0.00497394 -0.01869944 0.06177235
v 0.01065757 -0.01807193 0.06037774
v 0.00979069 -0.01715200 0.05605868
v 0.01285108 -0.01795341 0.03556300
v 0.01213596 -0.01707232 0.04548189
v 0.01683736 -0.01980491 0.01592694
v 0.01249223 -0.01891387 0.03079622
v 0.01108707 -0.02102647 0.06609697
v 0.01175451 -0.01852791 0.06142171
v 0.02486562 -0.02355825 0.06873916
v 0.00327685 -0.01950177 0.06341085
v 0.02633272 -0.02428726 0.06102864
v 0.01396407 -0.02579621 0.08470797
v 0.01436512 -0.02594362 0.08675956
v 0.01409254 -0.01784337 0.01009472
v 0.01743369 -0.02306332 0.03880920
v -0.00434820 -0.02611331 0.08317431
v -0.00299260 -0.02291121 0.07349361
v -0.01360532 -0.02151885 0.08460017
v 0.02688244 -0.02441118 0.05808698
v 0.02341863 -0.02456761 0.03679922
v 0.01779795 -0.02268291 0.05780660
v 0.01786968 -0.02335679 0.05071848
v -0.01118818 -0.02223051 0.08207507
v -0.01329119 -0.02280639 0.08636436
v 0.00913709 -0.02046263 0.02860815
v 0.00473701 -0.01869445 0.06064500
v 0.01470845 -0.01776705 0.04347762
v 0.00697754 -0.01802362 0.05572249
v -0.01622765 -0.01980229 0.08644225
v 0.01507749 -0.02097210 0.06347254
v 0.00217295 -0.01985583 0.06258794
v 0.00252826 -0.02011051 0.05875737
v -0.01783081 -0.01625337 0.06171251
v -0.01144986 -0.02530212 0.08753364
v -0.01798366 -0.01828397 0.08115410
v -0.00673560 -0.02817130 0.08894060
v -0.00340976 -0.02564664 0.08043826
v -0.00303320 -0.03018206 0.08962654
v 0.00414651 -0.02971843 0.08994073
v 0.00937239 -0.02872930 0.08978391
v 0.00355740 -0.01568950 0.00947069
v 0.01225196 -0.01731449 0.04163376
v -0.01282810 -0.02525872 0.08905718
v 0.01453752 -0.01861301 0.05942157
v 0.01482584 -0.01842296 0.03522727
v 0.01552355 -0.02044296 0.02980708
v -0.01500710 -0.02117347 0.08696436
v -0.00720218 -0.01624160 0.02998486
v 0.00614788 -0.01549501 0.00777488
v 0.02455368 -0.02291837 0.07189591
v 0.02214688 -0.02279816 0.07574725
v 0.02096675 -0.02282363 0.07868535
v 0.01374185 -0.02685824 0.08881202
v 0.00456928 -0.02049033 0.04983157
v 0.02169249 -0.02125880 0.02538930
v 0.01889205 -0.02366211 0.07968853
v 0.00893351 -0.01799963 0.04974953
v -0.01131727 -0.01488094 0.03888520
v 0.01079267 -0.01650800 0.00792286
v 0.01620191 -0.01860031 0.01307721
v 0.01703553 -0.02437472 0.08268080
v -0.01693187 -0.01533301 0.05682550
v 0.01289689 -0.02779163 0.08987481
v 0.02674710 -0.02460541 0.04336104
v 0.00191788 -0.01540001 0.01038655
v 0.01600571 -0.02498863 0.08539615
v 0.01653450 -0.02539988 0.08818422
v 0.01398398 -0.01664521 0.00822635
v 0.02638596 -0.02338850 0.06679315
v -0.00274434 -0.01609727 0.01719537
v -0.00275399 -0.01747988 0.01999425
v 0.02392136 -0.02392582 0.03643336
v -0.00670316 -0.02996702 0.09146331
v -0.01054950 -0.02845236 0.09199398
v -0.00846608 -0.02927387 0.09197075
v -0.01035520 -0.02862679 0.09292917
v -0.00670106 -0.03003030 0.09210650
v -0.00469958 -0.03117720 0.09162668
v -0.01128826 -0.02798831 0.09292219
v -0.01159560 -0.02790017 0.09229683
v -0.00747536 -0.02906422 0.09267040
v 0.01925814 -0.01973218 0.01871355
v 0.02032880 -0.02048411 0.02155172
v 0.01124514 -0.01910731 0.03360478
v 0.00758109 -0.02047801 0.03872635
v 0.00983087 -0.01824855 0.04280568
v -0.00261876 -0.03112713 0.09069480
v 0.00373281 -0.01966375 0.05559224
v 0.01474680 -0.01792034 0.05539184
v 0.00601968 -0.02050859 0.04558513
v 0.02331209 -0.02196742 0.07746347
v 0.01920147 -0.02317763 0.08239814
v 0.02381902 -0.02456094 0.03761903
v 0.02456158 -0.02440920 0.04161247
v 0.02567143 -0.02417914 0.04223459
v 0.00886957 -0.01451049 0.00582573
v 0.00558246 -0.01883202 0.05415509
v -0.00112500 -0.01557593 0.01399307
v -0.01916013 -0.01734548 0.07736700
v 0.00633161 -0.03012978 0.09086818
v -0.01826571 -0.01778652 0.08370655
v 0.02382037 -0.02253686 0.03239814
v -0.01895388 -0.01719005 0.07133612
v 0.01179943 -0.02896769 0.09087594
v 0.02700735 -0.02459263 0.05620814
v 0.01643839 -0.02632178 0.08991654
v 0.00549814 -0.01408157 0.00642199
v 0.00363617 -0.02578547 0.07172651
v 0.01613639 -0.02103080 0.03336795
v 0.02344604 -0.02124120 0.02826086
v 0.01576705 -0.02101847 0.06191000
v 0.01672500 -0.02156383 0.05958402
v 0.01558550 -0.01708134 0.00987751
v -0.01452209 -0.02227706 0.08860001
v 0.01839875 -0.02367067 0.08611024
v 0.00717676 -0.01910821 0.04844979
v 0.00828864 -0.01992523 0.03946190
v 0.01138566 -0.01849859 0.03802281
v -0.00178122 -0.03223532 0.09153188
v -0.00356446 -0.03163986 0.09203250
v -0.00207663 -0.03211371 0.09211991
v 0.01538667 -0.01967755 0.03219972
v -0.00525290 -0.03047322 0.09235190
v 0.02575669 -0.02343873 0.04092203
v 0.00874052 -0.01877977 0.04362515
v 0.01828937 -0.01886507 0.01560795
v 0.02724120 -0.02362402 0.06215042
v 0.00146519 -0.02638740 0.07288153
v 0.00277151 -0.01270341 0.00680409
v 0.02163555 -0.02045958 0.02335498
v 0.01496657 -0.02780278 0.09088126
v 0.01942490 -0.02360711 0.08838822
v 0.00491602 -0.02582428 0.07044417
v 0.01546077 -0.01952629 0.05890604
v 0.02483385 -0.02165421 0.07568554
v 0.02183902 -0.02142507 0.08274804
v 0.02027370 -0.02224548 0.08436629
v 0.02154333 -0.02117285 0.08618106
v 0.01922575 -0.02460256 0.08989133
v 0.01683942 -0.02239327 0.03922534
v 0.01750136 -0.02657380 0.09087530
v 0.01668144 -0.02128882 0.05599017
v 0.02690004 -0.02125946 0.07277023
v 0.01679043 -0.02201194 0.05116513
v 0.02742395 -0.02230674 0.06808330
v 0.02322266 -0.02034549 0.08297084
v 0.02607335 -0.02035208 0.07678839
v 0.01545325 -0.01886208 0.05556179
v 0.01545982 -0.01918404 0.03609478
v 0.02024463 -0.02470476 0.09084002
v -0.00157534 -0.03267566 0.09185692
v 0.01618303 -0.02124229 0.04051252
v 0.01598280 -0.02010999 0.05287117
v -0.00548721 -0.02016562 0.05669285
v -0.00712062 -0.02015088 0.05974784
v -0.00538439 -0.01992945 0.05348226
v -0.00885714 -0.01968398 0.05308496
v -0.00716559 -0.01969432 0.04931576
v -0.01034861 -0.02000727 0.05801609
v -0.00888799 -0.02046712 0.06432129
v -0.01087656 -0.02050392 0.06415508
v -0.00952994 -0.01917455 0.04730732
v -0.01256477 -0.01992148 0.05832706
v -0.01302523 -0.02089123 0.06807764
v -0.01018834 -0.02113348 0.06891238
v -0.01191056 -0.01914523 0.04983039
v -0.00904849 -0.02151262 0.07073188
v -0.01079650 -0.02158306 0.07305545
v -0.01431283 -0.02122432 0.07412195
v -0.01380396 -0.02174868 0.07786360
v -0.00341289 -0.02011783 0.04743367
v -0.00644631 -0.01979967 0.04456428
v -0.00386275 -0.02014727 0.05220204
v -0.01562769 -0.02063471 0.07031483
v -0.01556650 -0.02141285 0.07861596
v -0.01111306 -0.01834169 0.04338619
v -0.00774221 -0.02077026 0.06504661
v -0.00778371 -0.02138202 0.06824031
v -0.01415670 -0.01990746 0.06175476
v -0.00936581 -0.02210904 0.07430280
v -0.01144291 -0.02220485 0.07724423
v -0.00212363 -0.02061385 0.04133403
v -0.00373132 -0.02044907 0.03651886
v -0.00178447 -0.02074839 0.03636391
v -0.00286714 -0.02045185 0.02823845
v -0.00022542 -0.02103454 0.02665669
v 0.00165618 -0.02126438 0.03061627
v -0.00054266 -0.02099531 0.03780089
v 0.00123554 -0.02116355 0.02296848
v 0.00475506 -0.02171844 0.02391325
v 0.00576811 -0.02172046 0.02163443
v 0.00338813 -0.02120407 0.01947761
v -0.00274311 -0.02029306 0.02504191
v -0.00064922 -0.02066897 0.02263501
v 0.00563112 -0.02119797 0.01694541
v -0.00572183 -0.01994888 0.03861302
v 0.00207680 -0.02077822 0.01857113
v -0.00859249 -0.01909286 0.04333768
v -0.00483930 -0.01994029 0.03124998
v -0.00688704 -0.01935173 0.03531328
v -0.01335911 -0.01916124 0.05391118
v -0.00118653 -0.02091168 0.04198588
v -0.00179157 -0.02066790 0.04487159
v 0.00741466 -0.02162193 0.01918266
v -0.00544772 -0.02062009 0.05947211
v -0.01627859 -0.02009469 0.06799594
v -0.01334604 -0.02227916 0.07977893
v -0.01577345 -0.02196011 0.08207115
v 0.00145845 -0.02144998 0.03406246
v 0.00235146 -0.02156053 0.03185397
v 0.00332488 -0.02164108 0.02831214
v -0.00142997 -0.02010938 0.02094152
v 0.00285489 -0.02025001 0.01561533
v -0.01706726 -0.02081200 0.07835352
v -0.01138224 -0.01788167 0.04162148
v -0.01024544 -0.01791367 0.03905049
v -0.01321731 -0.01854162 0.04912327
v 0.00063692 -0.02141026 0.03718373
v 0.00005387 -0.02146728 0.04060898
v -0.01546954 -0.01932447 0.06126684
v 0.00636138 -0.02074914 0.01455445
v -0.00395876 -0.02061493 0.05540727
v -0.01785640 -0.01997728 0.07351119
v 0.00981619 -0.02110557 0.01617903
v -0.00760607 -0.02195803 0.06977698
v -0.00562149 -0.01909461 0.02685338
v -0.00864475 -0.01848048 0.03659119
v -0.00273802 -0.02067984 0.05177404
v 0.00574175 -0.01973202 0.01201244
v -0.01381628 -0.02286583 0.08251284
v -0.01580693 -0.02296595 0.08627943
v -0.00941637 -0.02291141 0.07702375
v -0.01019851 -0.02291296 0.07823961
v -0.01194628 -0.02322813 0.08068024
v -0.01490349 -0.01877186 0.05659233
v -0.01765917 -0.01914306 0.06647370
v 0.00638725 -0.02214078 0.02219720
v -0.01216471 -0.01760130 0.04235388
v -0.00464960 -0.01894432 0.02321108
v -0.01723127 -0.02121562 0.08238183
v 0.00787885 -0.02208344 0.01997538
v 0.00948824 -0.02260475 0.01952888
v -0.00065817 -0.02136962 0.04346124
v -0.00619876 -0.02142003 0.06403865
v -0.01008467 -0.01742902 0.03645275
v -0.00172770 -0.01876333 0.01734747
v 0.00503673 -0.02222683 0.02526742
v 0.00979306 -0.02013857 0.01206462
v 0.01237977 -0.02153156 0.01405635
v 0.01202705 -0.02222649 0.01746384
v 0.01377772 -0.02236169 0.01616165
v 0.01549685 -0.02320857 0.02110470
v 0.01204737 -0.02234306 0.02001268
v 0.01817499 -0.02348015 0.02147855
v 0.01282812 -0.02104621 0.01178809
v 0.01819817 -0.02403264 0.02455167
v 0.01521578 -0.02327016 0.02307717
v 0.01693623 -0.02390796 0.02651958
v 0.01918187 -0.02492492 0.03124608
v 0.01227412 -0.02227252 0.02116117
v 0.01654330 -0.02402279 0.03208990
v 0.02096158 -0.02494953 0.02989441
v 0.02136567 -0.02566028 0.03456328
v 0.02147637 -0.02649561 0.04168422
v 0.01884845 -0.02536484 0.03671693
v 0.02007088 -0.02635758 0.04508310
v 0.02192854 -0.02697839 0.04788531
v 0.02169377 -0.02695396 0.05361535
v 0.01973377 -0.02631184 0.05084028
v 0.02373652 -0.02721396 0.04951399
v 0.02342856 -0.02715678 0.05491139
v 0.01787400 -0.02536107 0.04223688
v 0.02361260 -0.02687961 0.05940913
v 0.02218106 -0.02666027 0.05935899
v 0.02052778 -0.02632582 0.05737434
v 0.02350934 -0.02666298 0.04253737
v 0.02342408 -0.02629850 0.03937788
v 0.01539869 -0.02327047 0.02740210
v 0.02026531 -0.02437273 0.02629649
v 0.02229241 -0.02604048 0.06490356
v 0.02132409 -0.02582843 0.06421294
v 0.01981957 -0.02502426 0.06908979
v 0.02182073 -0.02533640 0.07071201
v 0.01891498 -0.02475894 0.07232654
v 0.02036227 -0.02507357 0.07311038
v 0.01882394 -0.02510651 0.07514986
v 0.01726394 -0.02431340 0.07129946
v 0.01801094 -0.02432546 0.07038934
v 0.01622481 -0.02330094 0.06657108
v 0.01712632 -0.02340812 0.06526766
v 0.01612034 -0.02321802 0.06391112
v 0.01706635 -0.02351056 0.06278746
v 0.02005245 -0.02521310 0.07686582
v 0.02365764 -0.02604857 0.06576604
v 0.01645823 -0.02463389 0.07306901
v 0.02477460 -0.02701221 0.05734218
v 0.01589559 -0.02367163 0.06096559
v 0.01586224 -0.02390643 0.05806457
v 0.02022575 -0.02535639 0.06447740
v 0.02163479 -0.02484189 0.07493359
v 0.01503374 -0.02223729 0.01546500
v 0.01678626 -0.02246896 0.01701714
v 0.01703181 -0.02506584 0.04982433
v 0.01705263 -0.02451464 0.05694534
v 0.02305789 -0.02544442 0.03400882
v 0.00946095 -0.01934790 0.00985108
v 0.01896721 -0.02562970 0.05692381
v 0.01322417 -0.02235220 0.02373187
v 0.01416686 -0.02251906 0.02678548
v 0.01560776 -0.02335469 0.03083364
v 0.01655959 -0.02470383 0.04223334
v 0.01200467 -0.02176294 0.02412465
v 0.02487005 -0.02694822 0.04800838
v 0.01570972 -0.02384410 0.05680076
v 0.01425480 -0.02326505 0.05695186
v 0.01534617 -0.02360530 0.05541829
v 0.01437502 -0.02111940 0.01196500
v 0.01400275 -0.02408318 0.05925789
v 0.01214179 -0.02414923 0.06072084
v 0.02630608 -0.02680558 0.05383104
v 0.01278519 -0.02004275 0.00933002
v 0.02584987 -0.02620744 0.06258562
v 0.02159286 -0.02445476 0.02787383
v 0.01204170 -0.02112743 0.02667864
v 0.02003294 -0.02341400 0.02221232
v 0.02289267 -0.02526202 0.07054154
v 0.02284705 -0.02456957 0.07414512
v 0.01052661 -0.02247774 0.01884050
v 0.01140620 -0.02248589 0.01914032
v 0.00936161 -0.02355976 0.02197446
v 0.00822765 -0.02332856 0.02211094
v 0.00755754 -0.02418951 0.02562473
v 0.00842537 -0.02410675 0.02517828
v 0.00740415 -0.02443301 0.02854497
v 0.00553537 -0.02432278 0.02945647
v 0.00614824 -0.02485241 0.03170617
v 0.00500267 -0.02487484 0.03324392
v 0.00533119 -0.02501466 0.03731319
v 0.00397216 -0.02506929 0.03683504
v 0.00322997 -0.02520658 0.04130975
v 0.00260285 -0.02513237 0.04109384
v 0.00216817 -0.02501725 0.04723422
v 0.00159693 -0.02505872 0.04654304
v 0.00226778 -0.02468639 0.05084385
v 0.00321107 -0.02444333 0.03540366
v 0.00079900 -0.02442544 0.04398185
v 0.00096635 -0.02484029 0.04722142
v 0.00029084 -0.02482331 0.05372222
v 0.00111499 -0.02485140 0.05459142
v -0.00053677 -0.02505890 0.05955172
v -0.00120517 -0.02479552 0.05866547
v -0.00214389 -0.02508611 0.06273967
v -0.00163456 -0.02563546 0.06511944
v -0.00068156 -0.02549691 0.06382464
v -0.00104781 -0.02584387 0.06675073
v -0.00232110 -0.02642503 0.07057138
v -0.00321030 -0.02613442 0.06984088
v -0.00252459 -0.02683614 0.07457343
v -0.00348947 -0.02713241 0.07745491
v -0.00174166 -0.02708752 0.07585322
v -0.00572953 -0.02628443 0.07631852
v -0.00317694 -0.02474902 0.06379349
v -0.00416616 -0.02584337 0.07040496
v -0.00319058 -0.02761235 0.07875738
v -0.00485150 -0.02675172 0.07717277
v -0.00478927 -0.02777606 0.08085693
v -0.00097267 -0.02432530 0.05432595
v -0.00019568 -0.02436788 0.05025108
v -0.00175887 -0.02648068 0.07189327
v -0.00127808 -0.02668754 0.07479227
v 0.00634424 -0.02361386 0.02550765
v -0.00416308 -0.02491207 0.06690449
v 0.00100980 -0.02476728 0.05921411
v -0.00214267 -0.03025711 0.08493498
v -0.00214015 -0.02428150 0.05865298
v 0.00682213 -0.01828554 0.00841264
v -0.00464315 -0.03044649 0.08673046
v 0.00425144 -0.01893288 0.01136431
v 0.00176431 -0.02442213 0.03980080
v 0.01823576 -0.02263926 0.01853541
v 0.00922358 -0.01822219 0.00757336
v -0.01029438 -0.02432086 0.08167801
v 0.02636995 -0.02662270 0.05825754
v -0.00664981 -0.02557611 0.07553083
v -0.00739670 -0.02693676 0.08146131
v -0.00779693 -0.02843843 0.08545142
v 0.02530313 -0.02637337 0.04364100
v 0.01073315 -0.01839923 0.00709810
v 0.00183346 -0.01853885 0.01270431
v -0.01266149 -0.02404503 0.08306545
v -0.00333252 -0.01863534 0.01957602
v -0.00896645 -0.02607097 0.08152950
v -0.00072082 -0.02673957 0.07457577
v -0.01902301 -0.01953787 0.07799365
v -0.01902885 -0.01891073 0.07111529
v 0.01564254 -0.02404462 0.04224824
v 0.01284102 -0.02135242 0.02778931
v 0.01236051 -0.02059860 0.03094457
v 0.01441586 -0.02004393 0.00961417
v 0.02618507 -0.02661949 0.04861023
v -0.00056371 -0.01721358 0.01246039
v 0.01683506 -0.02141527 0.01409448
v -0.01026777 -0.02791038 0.08694486
v 0.02335120 -0.02449125 0.03010669
v 0.02600009 -0.02527286 0.06740822
v -0.01834344 -0.02054627 0.08331613
v 0.00187850 -0.01695086 0.00959366
v 0.00474300 -0.01697716 0.00752196
v -0.00241610 -0.02860024 0.08028235
v 0.01274843 -0.01888202 0.00737116
v 0.01522307 -0.02379721 0.04915657
v -0.00219609 -0.01750913 0.01516938
v -0.00796083 -0.03056946 0.08931700
v -0.00252563 -0.03192223 0.08797942
v 0.00148359 -0.03116438 0.08504862
v 0.00096061 -0.03205871 0.08700742
v -0.00887782 -0.01761817 0.03324102
v 0.02543495 -0.02570971 0.03967215
v 0.02485469 -0.02475627 0.03387833
v -0.01803941 -0.02138756 0.08740881
v -0.01925500 -0.01778350 0.06561960
v -0.00952506 -0.02976150 0.08919740
v 0.00717694 -0.01678151 0.00594269
v 0.01336122 -0.02110206 0.03230885
v 0.01457551 -0.02242071 0.03358056
v 0.01220354 -0.01999453 0.03674372
v 0.01263197 -0.02009417 0.03868527
v 0.01198926 -0.01947420 0.04662478
v 0.01254657 -0.01980464 0.04533405
v 0.01311062 -0.02055483 0.04094068
v 0.01253324 -0.01969487 0.05353780
v 0.01197754 -0.01940626 0.05409859
v 0.01183670 -0.01993037 0.05798423
v 0.01112452 -0.01939416 0.05696857
v -0.00374423 -0.03236830 0.08929268
v -0.00594030 -0.03174135 0.08943474
v 0.01085469 -0.01922868 0.06040909
v 0.00952670 -0.01682282 0.00541876
v 0.01441344 -0.02267370 0.05463180
v -0.01440685 -0.02403188 0.08645284
v -0.01610128 -0.02386544 0.08919783
v -0.01114644 -0.02562619 0.08436984
v -0.01291417 -0.02535153 0.08555378
v 0.01202087 -0.01765916 0.00578607
v -0.01613767 -0.01777128 0.05654001
v -0.01413251 -0.01787397 0.04936903
v -0.01933460 -0.01591305 0.05945171
v -0.01112472 -0.02959945 0.08991208
v -0.00135426 -0.02143829 0.04744110
v -0.00719980 -0.01761918 0.02634446
v -0.01766978 -0.02212907 0.08911550
v -0.01822492 -0.02190342 0.08870560
v 0.00438169 -0.02342652 0.02960870
v 0.00474966 -0.01553289 0.00559429
v -0.00056037 -0.01538401 0.00958087
v 0.00271513 -0.01550187 0.00693833
v 0.01306605 -0.02023315 0.04684304
v -0.00788569 -0.02291031 0.07278490
v -0.00682472 -0.02463574 0.07311243
v -0.00845127 -0.02473420 0.07736904
v -0.01302553 -0.02772408 0.08942263
v 0.00383797 -0.02223667 0.02879406
v -0.00944532 -0.02573161 0.08169448
v -0.00209573 -0.02120181 0.05063449
v -0.00334475 -0.03307558 0.08994305
v -0.00075718 -0.03350423 0.08926562
v 0.00078050 -0.03319065 0.08861605
v 0.00597728 -0.03342562 0.08857643
v 0.00324557 -0.03380963 0.08894910
v -0.00498627 -0.02381094 0.06594721
v -0.00411781 -0.02306151 0.06129070
v -0.00274111 -0.02333261 0.05748422
v 0.00826484 -0.01499939 0.00361225
v 0.01337100 -0.02226251 0.05651126
v 0.01247876 -0.02244001 0.05823080
v 0.01490947 -0.02323644 0.04090042
v -0.00459302 -0.02136752 0.05918272
v -0.00142607 -0.02320725 0.05168799
v 0.00236120 -0.02343934 0.03517196
v 0.00131319 -0.02235621 0.03669299
v -0.01417448 -0.02666741 0.08951607
v -0.00082424 -0.02361321 0.04991246
v -0.00028868 -0.02334592 0.04577698
v 0.00545819 -0.01416345 0.00396324
v 0.01304385 -0.02028826 0.05259153
v 0.01410751 -0.02232911 0.04400006
v -0.00445362 -0.03297131 0.08984690
v -0.01500942 -0.02516144 0.08925357
v -0.00314770 -0.02141889 0.05482567
v 0.00115588 -0.02354922 0.03957928
v 0.00048049 -0.02349645 0.04228269
v -0.00274712 -0.02240992 0.05519888
v 0.01403085 -0.02218683 0.05317634
v 0.01331284 -0.02121093 0.05499246
v 0.00654766 -0.01208033 0.00190393
v 0.00871284 -0.01388549 0.00257492
v -0.01313034 -0.02824653 0.08990614
v -0.01464588 -0.02689968 0.08970619
v -0.01045736 -0.03014431 0.08976053
v 0.01150413 -0.02024488 0.06020804
v 0.01107312 -0.01975360 0.06189954
v 0.01216548 -0.02093307 0.05806515
v 0.01144747 -0.03010617 0.08384323
v 0.01132567 -0.02857239 0.07952531
v 0.01478174 -0.02863080 0.08301925
v 0.01304672 -0.02772076 0.07900045
v 0.01632491 -0.02701006 0.08007066
v 0.01756646 -0.02897522 0.08656320
v 0.01793665 -0.02718459 0.08201654
v 0.01379297 -0.03038590 0.08637938
v 0.00946197 -0.03191326 0.08675187
v 0.01381899 -0.02529792 0.07351245
v 0.01642361 -0.02539244 0.07584129
v 0.01939050 -0.02585189 0.07924001
v 0.01796279 -0.02577930 0.07778304
v 0.00898057 -0.03019646 0.08252117
v 0.00890491 -0.02882686 0.07853755
v 0.01112748 -0.02741373 0.07568226
v 0.00840807 -0.02850455 0.07691261
v 0.01968884 -0.02660619 0.08284057
v 0.01865620 -0.02860115 0.08683728
v 0.01472732 -0.02437059 0.07113032
v 0.01303256 -0.02528474 0.07211882
v 0.01413368 -0.02431911 0.06967917
v 0.02092806 -0.02517790 0.07964463
v 0.01532457 -0.02364003 0.06780321
v 0.00476436 -0.03010152 0.08161232
v 0.00390803 -0.02939688 0.07862445
v 0.00605693 -0.03222123 0.08681922
v 0.00953630 -0.02782811 0.07460527
v 0.00652205 -0.02869534 0.07568522
v 0.01100400 -0.02680706 0.07237959
v 0.02142529 -0.02479641 0.07736154
v 0.00520559 -0.03115059 0.08442917
v 0.01513530 -0.02351401 0.06577503
v 0.00409590 -0.02893718 0.07413434
v 0.01722542 -0.03049679 0.08875231
v 0.01865021 -0.02982478 0.08873928
v 0.01281303 -0.03123496 0.08723595
v 0.01557841 -0.03110242 0.08842487
v 0.00189935 -0.03016041 0.08197168
v 0.00181697 -0.02946028 0.07855298
v 0.00811202 -0.02824858 0.07110548
v 0.00436096 -0.02860102 0.07233836
v 0.00826286 -0.02787826 0.06953206
v 0.01004457 -0.02735583 0.06822214
v 0.00927654 -0.02787432 0.07115099
v 0.01073493 -0.02713504 0.06931542
v 0.01196135 -0.02635023 0.06613748
v 0.01391636 -0.02443380 0.06848710
v 0.00895556 -0.02729010 0.06809824
v 0.01079982 -0.02648220 0.06578113
v 0.01291957 -0.02544620 0.06334248
v 0.01170741 -0.02580438 0.06404515
v 0.01274298 -0.02512314 0.06201976
v 0.01520687 -0.02396999 0.05979398
v 0.01432458 -0.02462388 0.06290494
v 0.02336569 -0.02365718 0.07799133
v 0.02241860 -0.02431289 0.08091338
v 0.02182523 -0.02514297 0.08309991
v 0.02013597 -0.02742105 0.08634807
v 0.01205587 -0.02627640 0.06801024
v 0.01369303 -0.02505570 0.06510111
v 0.00158649 -0.02880531 0.07492525
v 0.02434301 -0.02350740 0.07578457
v 0.01067156 -0.03279503 0.08845029
v 0.02171025 -0.02608454 0.08637182
v 0.02074307 -0.02799533 0.08847028
v 0.02548773 -0.02191314 0.08101323
v 0.02557629 -0.02190743 0.08383849
v 0.02600934 -0.02203497 0.07725799
v 0.02518407 -0.02272751 0.08678516
v 0.02754574 -0.01999838 0.08254013
v 0.02566950 -0.02352800 0.07340136
v 0.02272847 -0.02634376 0.08894671
v 0.02761393 -0.02079845 0.07742741
v 0.02372087 -0.02499006 0.08851702
v 0.02606328 -0.02272354 0.08851761
v 0.02465994 -0.02471200 0.07091392
v 0.02797035 -0.01980044 0.08655719
v 0.02833005 -0.02042780 0.08854555
v 0.02794451 -0.02332430 0.07020211
v 0.02795364 -0.02495705 0.06447041
v 0.02717608 -0.02575139 0.06244182
v 0.02806222 -0.02589544 0.05718277
v 0.02799526 -0.02590872 0.05267558
v 0.02797332 -0.02555257 0.04857587
v 0.02695677 -0.02561552 0.04430567
v 0.02629042 -0.02483271 0.03805211
v 0.02907521 -0.02509178 0.05798569
v -0.00039136 -0.02926791 0.07990331
v 0.02622587 -0.02370600 0.03376364
v -0.00051029 -0.02994937 0.08283545
v 0.02492516 -0.02358906 0.03009751
v 0.02281992 -0.02332797 0.02545336
v 0.02067748 -0.02258328 0.02065445
v 0.01919223 -0.02170660 0.01707586
v 0.02351607 -0.02196184 0.02343655
v 0.02153710 -0.02161139 0.01977306
v 0.01861794 -0.02045421 0.01415889
v 0.02000968 -0.02062959 0.01615975
v 0.01653571 -0.01994944 0.01090036
v 0.02787074 -0.02439901 0.04219774
v 0.02922508 -0.02472337 0.05130830
v 0.02922138 -0.02403281 0.06377156
v 0.02903870 -0.02285553 0.06897527
v 0.01464622 -0.01860387 0.00752948
v 0.02739617 -0.02345994 0.03724879
v 0.02905033 -0.01962073 0.07738785
v 0.02946287 -0.01849612 0.07990114
v 0.02910273 -0.01835372 0.08316842
v 0.02518144 -0.02201626 0.02711870
v 0.01330794 -0.03211379 0.08848463
v 0.02890991 -0.02372055 0.04483349
v 0.02993622 -0.02404229 0.05655126
v 0.02985423 -0.02156775 0.06990151
v 0.03042978 -0.01790245 0.07746429
v 0.03005692 -0.02293036 0.06376876
v 0.03026712 -0.01661073 0.08567742
v 0.03065340 -0.01617192 0.08176114
v 0.03040876 -0.01671203 0.08745009
v 0.03000390 -0.02349646 0.05120405
v 0.02993621 -0.01808914 0.08843010
v 0.03098636 -0.01655090 0.08837097
v 0.03073710 -0.01984297 0.07092859
v 0.03066210 -0.02229407 0.06079337
v 0.03203753 0.01184210 0.04955327
v 0.03106278 0.01507069 0.04834245
v 0.03164988 0.01192913 0.04694080
v 0.03164441 0.01380606 0.05147067
v 0.03089607 0.01699987 0.05137770
v 0.03042904 0.01770774 0.04930390
v 0.03088671 0.01845330 0.05685646
v 0.03033906 0.01896885 0.05332713
v 0.03036118 0.02023847 0.05705392
v 0.03157095 0.01581676 0.05962843
v 0.03200810 0.01364146 0.05830687
v 0.03224264 0.01180673 0.05519345
v 0.03226970 0.01093362 0.05190072
v 0.03269945 0.01190848 0.06187301
v 0.03146552 0.01642768 0.06253870
v 0.03038173 0.02059421 0.05988949
v 0.03291275 0.01322452 0.06796253
v 0.03120297 0.01698128 0.06548917
v 0.03196699 0.01528862 0.06654278
v 0.03218490 0.01471916 0.07057641
v 0.03315277 0.01130730 0.06351698
v 0.03323863 0.01163183 0.06568697
v 0.03033747 0.01573820 0.04588828
v 0.03353082 0.01225779 0.06936803
v 0.03011646 0.01311291 0.04236567
v 0.02909692 0.01523593 0.04076557
v 0.03113616 0.01178098 0.04488653
v 0.02965697 0.01698453 0.04546831
v 0.02867076 0.01345396 0.03757107
v 0.02839051 0.01538306 0.03838172
v 0.02794391 0.01477464 0.03449461
v 0.02796783 0.01375776 0.03338283
v 0.02736259 0.01381823 0.03066843
v 0.02739509 0.01537838 0.03322473
v 0.02851309 0.01180216 0.03635849
v 0.03152656 0.01047920 0.04602586
v 0.02745710 0.01221769 0.03082652
v 0.03184799 0.01055648 0.04840758
v 0.03283163 0.01108585 0.05713455
v 0.02670982 0.01444833 0.02946454
v 0.02618162 0.01314116 0.02701176
v 0.02596298 0.01217716 0.02587698
v 0.02968413 0.01078321 0.04063118
v 0.03111091 0.01041543 0.04465397
v 0.03200709 0.01004950 0.04980396
v 0.03258211 0.01034899 0.05221601
v 0.03209220 0.00934173 0.04956934
v 0.03304797 0.01049743 0.05436143
v 0.03044305 0.01869178 0.06635635
v 0.03112365 0.01670709 0.06754816
v 0.03394670 0.01172863 0.07140122
v 0.02776973 0.01680048 0.03976491
v 0.02478398 0.01348554 0.02432346
v 0.02576495 0.01412659 0.02712592
v 0.02507376 0.01209982 0.02321549
v 0.02400400 0.01285022 0.02122157
v 0.02432928 0.01187132 0.02080319
v 0.02352374 0.01188418 0.01809824
v 0.02417205 0.01032293 0.01939758
v 0.02341754 0.01048642 0.01679851
v 0.02497939 0.00997553 0.02296890
v 0.02600586 0.01107064 0.02604555
v 0.02239559 0.01136253 0.01473950
v 0.02245211 0.01238625 0.01601004
v 0.02159029 0.00956091 0.01260933
v 0.02117005 0.01098951 0.01232930
v 0.02217938 0.00886661 0.01392928
v 0.02812589 0.01024820 0.03549318
v 0.02366556 0.00864841 0.01818933
v 0.02424542 0.00880163 0.02039475
v 0.02102416 0.01214806 0.01286624
v 0.03139290 0.00845198 0.04794168
v 0.03108132 0.00912778 0.04732977
v 0.02891046 0.01697004 0.04337535
v 0.02646031 0.01546763 0.03065134
v 0.02723177 0.01010428 0.03149982
v 0.02593807 0.00939636 0.02703364
v 0.03070638 0.00830679 0.04671010
v 0.02970251 0.02142781 0.05841112
v 0.02908303 0.00947706 0.03941525
v 0.03015718 0.00955690 0.04257795
v 0.02940770 0.02106677 0.06517895
v 0.02971112 0.02146566 0.06141164
v 0.03426432 0.01120816 0.06887053
v 0.03010341 0.01798189 0.06938550
v 0.03105178 0.01610259 0.07091627
v 0.03009482 0.00816964 0.04484218
v 0.03038055 0.00759275 0.04482087
v 0.02933111 0.00763303 0.04283733
v 0.02956920 0.00698997 0.04230139
v 0.02469592 0.00804629 0.02429101
v 0.03192874 0.01418059 0.07352791
v 0.02742574 0.00833341 0.03476904
v 0.02841460 0.00862406 0.03807939
v 0.03346928 0.01161464 0.07358585
v 0.03536753 0.00960015 0.07098848
v 0.03543812 0.00998643 0.06902172
v 0.01862632 0.01049672 0.00928305
v 0.01874823 0.00870500 0.00889495
v 0.01738954 0.00888487 0.00679247
v 0.01644425 0.00967105 0.00579954
v 0.01849417 0.00679619 0.00834096
v 0.01720356 0.00602205 0.00563821
v 0.01807758 0.00384589 0.00650892
v 0.01705226 0.00327068 0.00438545
v 0.01899490 0.00296590 0.00903927
v 0.01896472 0.00110374 0.00743790
v 0.01972333 0.00166320 0.01320594
v 0.01852658 -0.00025802 0.00558461
v 0.01896677 -0.00150968 0.00625450
v 0.01967050 -0.00132341 0.00864047
v 0.01972143 -0.00390712 0.00788214
v 0.01940259 0.00357971 0.01075903
v 0.01910468 0.00532830 0.00948609
v 0.02000086 0.00333727 0.01337894
v 0.01976842 0.00019840 0.01101349
v 0.02031077 0.00016031 0.01424397
v 0.02078058 -0.00468977 0.01026634
v 0.02060055 -0.00317180 0.01033081
v 0.01916819 -0.00515139 0.00688102
v 0.01995928 0.00202545 0.01742876
v 0.02005158 0.00274670 0.01702440
v 0.02068258 0.00254456 0.02091241
v 0.02074289 0.00353537 0.02033204
v 0.02141329 0.00384883 0.02255256
v 0.02142448 0.00275194 0.02284604
v 0.02221571 0.00386094 0.02465594
v 0.02117816 0.00578579 0.01531319
v 0.02043148 0.00620458 0.01214005
v 0.01996721 0.00722722 0.01076909
v 0.02083419 -0.00621777 0.01040242
v 0.02125868 0.00715277 0.01358419
v 0.02006439 0.00123218 0.01690478
v 0.01981581 -0.00772787 0.00900822
v 0.02037855 -0.00165310 0.01082706
v 0.02053507 -0.00101905 0.01228697
v 0.01845078 -0.00643098 0.00603057
v 0.02124714 -0.00761052 0.01149679
v 0.02656549 0.00782192 0.03212720
v 0.02312578 0.00723721 0.01833197
v 0.01769521 -0.00353275 0.00429212
v 0.02214605 0.00458329 0.02371403
v 0.02314263 0.00528148 0.02624046
v 0.02356136 0.00445014 0.02736954
v 0.02461349 0.00526157 0.03032148
v 0.02396645 0.00599818 0.02797840
v 0.02538431 0.00617067 0.03207908
v 0.02582293 0.00569935 0.03343582
v 0.02626358 0.00654007 0.03424512
v 0.02686311 0.00598677 0.03684428
v 0.02697379 0.00675131 0.03687206
v 0.02774023 0.00597815 0.03873663
v 0.02769341 0.00700108 0.03899286
v 0.02855159 0.00699780 0.04093506
v 0.02862023 0.00760465 0.04097679
v 0.02548347 0.00796381 0.02770655
v 0.02006844 -0.00946675 0.01044194
v 0.01764514 -0.00942711 0.00616005
v 0.02130395 -0.00935435 0.01282726
v 0.01786160 -0.01285173 0.00836300
v 0.01959884 -0.01145234 0.01097684
v 0.01821581 -0.01553448 0.01152812
v 0.02013970 -0.01298155 0.01404519
v 0.01940964 -0.01571877 0.01428102
v 0.02020232 -0.01447260 0.01541803
v 0.02142195 -0.01365410 0.01940672
v 0.02120122 -0.01766054 0.01970300
v 0.02168013 -0.01615292 0.02067904
v 0.02182547 -0.01337555 0.02138971
v 0.02204459 -0.01535543 0.02196024
v 0.02255842 -0.01821484 0.02308241
v 0.02354043 -0.01826922 0.02572803
v 0.02284210 -0.01939543 0.02440831
v 0.02420765 -0.01977315 0.02838752
v 0.02418244 -0.01811321 0.02883329
v 0.02478608 -0.01966936 0.03172032
v 0.02487130 -0.02078836 0.03262248
v 0.02543047 -0.01977004 0.03529158
v 0.02576551 -0.02076417 0.03638771
v 0.02654370 -0.01923655 0.03989664
v 0.02711855 -0.02043731 0.04226359
v 0.02659918 -0.02200527 0.04074648
v 0.02573444 -0.02171632 0.03666596
v 0.02725670 -0.02201753 0.04317305
v 0.02798351 -0.02119376 0.04667713
v 0.02502291 -0.02185333 0.03418489
v 0.02351946 -0.01704865 0.02616703
v 0.02730757 -0.01804033 0.04459330
v 0.02812156 -0.01874613 0.04775324
v 0.02907689 -0.01918607 0.05285624
v 0.02873951 -0.01875376 0.05108430
v 0.02811205 -0.02197229 0.04810244
v 0.02883486 -0.02135519 0.05240316
v 0.02950360 -0.01885829 0.05799732
v 0.02203352 -0.01385322 0.02304235
v 0.02221427 -0.01277505 0.02583606
v 0.02234953 -0.01220783 0.02767738
v 0.02885104 -0.01744837 0.05292080
v 0.02950166 -0.01676131 0.05911926
v 0.02986708 -0.01736094 0.06275923
v 0.02957538 -0.01938060 0.06067034
v 0.02963090 -0.01645469 0.06095883
v 0.02878245 -0.02198563 0.05565181
v 0.02038135 -0.01763342 0.01760990
v 0.02145038 -0.01863999 0.02088887
v 0.02738312 -0.02345467 0.04684801
v 0.02725676 -0.02382529 0.04366249
v 0.02966678 -0.01884520 0.06481167
v 0.02664763 -0.02321384 0.04230232
v 0.02737060 -0.02399820 0.05155852
v 0.02974489 -0.01691820 0.06929071
v 0.02236622 -0.01378904 0.02557145
v 0.02971573 -0.01600333 0.06819210
v 0.02978332 -0.01484277 0.07038014
v 0.02968121 -0.01647678 0.07290025
v 0.02998705 -0.01428363 0.07317163
v 0.03004323 -0.01336149 0.07108683
v 0.02931866 -0.01331565 0.06744257
v 0.02931633 -0.01437899 0.06754680
v 0.02876670 -0.01327123 0.06441208
v 0.02841146 -0.01378384 0.06328640
v 0.02821412 -0.01293782 0.06159056
v 0.03031458 -0.01278938 0.07473616
v 0.02749044 -0.01386106 0.05977361
v 0.02689854 -0.01349558 0.05695930
v 0.02685809 -0.01423677 0.05763566
v 0.02569004 -0.01415175 0.05304650
v 0.02612376 -0.01508069 0.05422682
v 0.02522704 -0.01521799 0.05090546
v 0.02600850 -0.01334468 0.05328578
v 0.02511332 -0.01331493 0.05062557
v 0.02435412 -0.01434967 0.04853170
v 0.02424659 -0.01338824 0.04780895
v 0.02369972 -0.01378734 0.04576405
v 0.02223922 -0.01272207 0.03138793
v 0.02221152 -0.01359299 0.03080695
v 0.02223599 -0.01342108 0.03568993
v 0.02238694 -0.01261029 0.03514940
v 0.02285926 -0.01318257 0.04069433
v 0.02300127 -0.01407059 0.04113937
v 0.02364450 -0.01445496 0.04479853
v 0.02429395 -0.02195552 0.03213127
v 0.02950826 -0.01770480 0.07120636
v 0.02337610 -0.02040444 0.02676437
v 0.02344604 -0.02124120 0.02826086
v 0.02681700 -0.01531761 0.05667742
v 0.02809642 -0.02286675 0.05105161
v 0.02394769 -0.01251071 0.04437175
v 0.02185644 -0.01283943 0.02012598
v 0.02890301 -0.02145158 0.06231083
v 0.02236607 -0.01434735 0.03513912
v 0.02639871 -0.01739507 0.04116417
v 0.02568170 -0.01788755 0.03810546
v 0.02194768 -0.01214861 0.01863404
v 0.02786078 -0.01715856 0.04898095
v 0.02945167 -0.01514879 0.06719827
v 0.02116888 -0.01148950 0.01519513
v 0.02503148 -0.01837898 0.03510769
v 0.02432913 -0.01783115 0.03175948
v 0.02551683 -0.02267190 0.03758910
v 0.02837145 -0.01450007 0.06243399
v 0.02240243 -0.01207562 0.02109911
v 0.02929030 -0.01473492 0.07726569
v 0.02310739 0.00587445 0.02168793
v 0.02896116 -0.02031982 0.06725427
v 0.02313979 -0.01219415 0.03919776
v 0.02751295 -0.01534289 0.05855169
v 0.02288235 -0.01485980 0.02634889
v 0.02942317 -0.01556949 0.06344587
v 0.02119353 0.00459198 0.01768174
v 0.02426527 0.00713271 0.02456332
v 0.03125758 -0.01071008 0.07234419
v 0.03007492 -0.01271311 0.06952928
v 0.03073385 -0.01082252 0.07714526
v 0.02276243 -0.00590492 0.01321235
v 0.02328049 -0.00699649 0.01454770
v 0.02430071 -0.00384870 0.01569571
v 0.02466345 -0.00620260 0.01713629
v 0.02602500 -0.00366092 0.01905622
v 0.02587620 -0.00629432 0.01978607
v 0.02395190 -0.00916155 0.01841700
v 0.02489862 -0.00925515 0.02127523
v 0.02733329 -0.00381992 0.02138923
v 0.02792154 -0.00571965 0.02385667
v 0.03012426 -0.00401942 0.02721861
v 0.02833963 -0.00299151 0.02321935
v 0.03075408 -0.00310929 0.02837323
v 0.02986036 -0.00645708 0.02845397
v 0.02811279 -0.00630074 0.02479598
v 0.03067917 -0.00169157 0.02800151
v 0.03213452 -0.00358940 0.03231184
v 0.03239839 -0.00155931 0.03249719
v 0.03356066 -0.00382100 0.03754461
v 0.03553560 -0.00158290 0.04272789
v 0.03479579 0.00015054 0.03996411
v 0.03614162 0.00022958 0.04455983
v 0.03743133 -0.00019413 0.05018245
v 0.03660968 -0.00350720 0.04929419
v 0.03535436 -0.00404181 0.04381924
v 0.03720432 -0.00283225 0.05173116
v 0.03833585 0.00017625 0.05834451
v 0.03804812 0.00273670 0.05485962
v 0.03843645 0.00293808 0.05853861
v 0.03729642 0.00287644 0.05019152
v 0.03615075 0.00281124 0.04523100
v 0.03247097 -0.00028381 0.03277451
v 0.03142684 -0.00027509 0.03010275
v 0.03807056 -0.00155567 0.05923735
v 0.03156467 -0.00639389 0.03263506
v 0.03236508 -0.00727525 0.03635639
v 0.03844017 0.00008257 0.06128728
v 0.03362460 -0.00630993 0.04066267
v 0.03359835 0.00133392 0.03646486
v 0.03851012 0.00284033 0.06246999
v 0.03693168 -0.00418369 0.05283021
v 0.03795698 0.00521225 0.05659926
v 0.03513649 -0.00647012 0.04682207
v 0.03256810 0.00109925 0.03365733
v 0.03456053 0.00297348 0.04058882
v 0.03471806 -0.00636206 0.04462964
v 0.03795085 -0.00193484 0.06472299
v 0.03821279 -0.00014472 0.06612103
v 0.02917117 -0.00181245 0.02494111
v 0.03723978 0.00588245 0.05314429
v 0.03634570 0.00487337 0.04825616
v 0.03814322 0.00581501 0.06134037
v 0.03827246 0.00283194 0.06599163
v 0.03735597 -0.00379150 0.06047821
v 0.02998287 -0.00019083 0.02692552
v 0.03298675 -0.00835554 0.04185145
v 0.03069779 -0.00971814 0.03455749
v 0.03805248 0.00589042 0.06389448
v 0.02706624 -0.00191752 0.02109142
v 0.03570268 -0.00672629 0.05208581
v 0.03315436 0.00277520 0.03623971
v 0.03140133 -0.00975435 0.03736407
v 0.03732153 0.00725560 0.05598275
v 0.02988718 -0.00899051 0.03138549
v 0.03645582 -0.00551230 0.05506881
v 0.02327233 -0.00408273 0.01404209
v 0.03564420 0.00513922 0.04581063
v 0.03726686 -0.00360614 0.06571557
v 0.03158424 0.00121898 0.03150543
v 0.02176389 -0.00331454 0.01222255
v 0.02715370 -0.01719915 0.04541554
v 0.02075345 0.00111690 0.01915674
v 0.02537833 -0.00201367 0.01858072
v 0.03664755 0.00750674 0.05296697
v 0.01750237 -0.00040275 0.00411582
v 0.02482491 0.00645962 0.02984687
v 0.01925073 -0.01793348 0.01584789
v 0.02674710 -0.02460541 0.04336104
v 0.03667715 -0.00371118 0.06916112
v 0.03572627 0.00793363 0.05026961
v 0.03653717 -0.00541425 0.06055484
v 0.01828937 -0.01886507 0.01560795
v 0.02284078 -0.01184752 0.03454133
v 0.01657402 -0.00631632 0.00356097
v 0.03722447 0.00819623 0.05930441
v 0.02423992 -0.00185338 0.01661386
v 0.03410888 -0.00820141 0.04713859
v 0.02896439 -0.01841117 0.07305656
v 0.02301708 -0.01514582 0.03806084
v 0.02575669 -0.02343873 0.04092203
v 0.01709187 -0.01454845 0.00862504
v 0.03647137 -0.00506368 0.06612546
v 0.02326531 -0.00276801 0.01449516
v 0.03750095 0.00572703 0.06777412
v 0.02805021 -0.02329321 0.05567652
v 0.03236269 -0.00982796 0.04362344
v 0.03043574 -0.00919141 0.08227067
v 0.02031013 -0.01920379 0.01934169
v 0.02447171 -0.01530281 0.04626119
v 0.03223902 -0.00814543 0.07480731
v 0.03752672 -0.00021203 0.06893281
v 0.02742620 -0.00814688 0.02616642
v 0.02933969 -0.00991875 0.03171016
v 0.01670801 -0.00381972 0.00316570
v 0.03572206 -0.00681611 0.05808366
v 0.02163555 -0.02045958 0.02335498
v 0.02389956 -0.01697865 0.03200891
v 0.03375346 0.00435093 0.03992464
v 0.03173695 -0.00648587 0.08108951
v 0.02981911 -0.01239506 0.06682962
v 0.03140260 -0.01054296 0.06935875
v 0.03221175 -0.00912309 0.07165917
v 0.02361748 0.00621068 0.02552623
v 0.03723231 0.00313596 0.06996284
v 0.02909980 -0.01209983 0.06209988
v 0.02635192 0.00507151 0.03419845
v 0.02817486 -0.00002424 0.02432663
v 0.02474130 0.00420242 0.02962362
v 0.02349962 0.00356838 0.02666647
v 0.02230113 0.00277229 0.02413762
v 0.02877216 -0.01600612 0.07742324
v 0.01697429 -0.01610005 0.01005559
v 0.03708050 0.00856082 0.06437671
v 0.03646440 0.00887224 0.05518726
v 0.03000244 -0.01121938 0.03598625
v 0.03707193 0.00735784 0.06783505
v 0.03076789 -0.00617908 0.08571481
v 0.03032176 -0.00688157 0.08738800
v 0.03097121 -0.00431592 0.08686768
v 0.03080163 -0.00434797 0.08853835
v 0.03011771 -0.00778321 0.08864229
v 0.03086626 -0.00523975 0.08957688
v 0.03153321 -0.00035288 0.08980670
v 0.03133606 -0.00033943 0.08872922
v 0.03041725 -0.00816758 0.08986127
v 0.03117803 0.00266306 0.08927392
v 0.02929927 -0.01018292 0.08853085
v 0.03170164 0.00368954 0.09063350
v 0.02949249 -0.00971262 0.08628721
v 0.02932798 -0.01108668 0.08978292
v 0.03125617 0.00267344 0.08802367
v 0.03143067 -0.00207698 0.08696214
v 0.02743007 -0.01413480 0.08835392
v 0.03164912 0.00030733 0.08692829
v 0.02784796 -0.01431376 0.08988908
v 0.03085765 0.00511970 0.08959382
v 0.03096551 0.00528290 0.08718628
v 0.03171100 -0.00213192 0.09041149
v 0.03141605 -0.00700319 0.09081026
v 0.03225731 0.00017761 0.09087871
v 0.02841629 -0.01213084 0.08644423
v 0.03105209 0.00765331 0.09084033
v 0.02663014 -0.01534624 0.08625331
v 0.03022824 -0.01094248 0.09083537
v 0.02622917 -0.01607563 0.08829403
v 0.02567365 -0.01794708 0.09002874
v 0.02842062 -0.01343195 0.08279465
v 0.02760337 -0.01413697 0.08480254
v 0.03305640 -0.00165975 0.08151822
v 0.03286950 -0.00403401 0.08004580
v 0.03384899 -0.00084838 0.07862746
v 0.03305208 0.00036279 0.08240155
v 0.03398022 0.00272495 0.07852641
v 0.03324512 0.00268297 0.08150036
v 0.03193515 0.00235126 0.08574485
v 0.03256460 -0.00658688 0.07704859
v 0.03443092 -0.00262451 0.07570807
v 0.03459528 0.00027675 0.07651348
v 0.03382533 -0.00469971 0.07552537
v 0.03647780 -0.00160060 0.07137505
v 0.02986761 0.00842150 0.08855504
v 0.03013258 0.00837923 0.08977121
v 0.03298519 0.00600966 0.08050829
v 0.02997421 0.00877753 0.08665672
v 0.02825935 -0.02234834 0.06350837
v 0.02851528 0.01230344 0.08980373
v 0.02700735 -0.02459263 0.05620814
v 0.03421528 -0.00888031 0.05204587
v 0.02805195 0.01280579 0.08874692
v 0.03664014 0.00000266 0.07151184
v 0.02478040 -0.01807687 0.08594487
v 0.02463626 -0.01844462 0.08840040
v 0.03631871 0.00571918 0.07182008
v 0.03340824 -0.00663554 0.07370485
v 0.03491346 0.00264659 0.07589944
v 0.03569022 -0.00545930 0.06927437
v 0.02814235 -0.02075600 0.07043530
v 0.02724726 -0.01567249 0.08258088
v 0.03551906 -0.00677036 0.06212908
v 0.03418492 0.00585117 0.07691142
v 0.03074987 -0.01155427 0.04162428
v 0.03367117 0.00570247 0.04185826
v 0.02824733 -0.01542262 0.05996761
v 0.02578672 0.00453354 0.03171817
v 0.03671944 0.00912319 0.05847524
v 0.03540012 -0.00631462 0.06781461
v 0.03559263 -0.00412114 0.07168028
v 0.02863980 -0.01439686 0.09085019
v 0.02644823 -0.01791279 0.09088502
v 0.01649263 -0.01274461 0.00660589
v 0.02388687 -0.02017316 0.09000121
v 0.02537275 -0.01239220 0.04887922
v 0.01720910 -0.01759070 0.01247314
v 0.02964172 0.01130115 0.09072287
v 0.02871260 0.01151452 0.08756245
v 0.03645235 0.00904441 0.06751747
v 0.02324678 -0.01588017 0.03127173
v 0.02291150 -0.01547351 0.03481204
v 0.02815772 -0.01922281 0.07411242
v 0.03159731 -0.01105239 0.04655363
v 0.02471584 -0.02369452 0.03787688
v 0.03155843 0.00261524 0.03302881
v 0.02688244 -0.02441118 0.05808698
v 0.02724120 -0.02362402 0.06215042
v 0.02444260 -0.01684268 0.03665435
v 0.02524804 -0.00979317 0.02406651
v 0.02665879 -0.00980591 0.02779681
v 0.02488520 -0.01865831 0.08347393
v 0.03555560 0.00694072 0.07317227
v 0.03502623 0.00893087 0.07299597
v 0.02979011 0.00161603 0.02826124
v 0.02382037 -0.02253686 0.03239814
v 0.03498807 0.00618053 0.04549100
v 0.02947105 0.01162808 0.08366168
v 0.03380494 -0.00913992 0.05741708
v 0.03333413 -0.00986899 0.05320856
v 0.03346278 -0.00782337 0.07029180
v 0.02742395 -0.02230674 0.06808330
v 0.03357870 0.00687132 0.07783864
v 0.01531145 0.00613556 0.00337121
v 0.03135012 -0.01062853 0.06567517
v 0.02349047 -0.01498576 0.04106367
v 0.02408022 -0.01613213 0.03833370
v 0.02811629 -0.01248944 0.05866781
v 0.02710699 -0.01249308 0.05370269
v 0.03326142 -0.00850452 0.06794111
v 0.03166174 0.00580417 0.08440720
v 0.03120442 0.00910492 0.08221348
v 0.03643717 0.00978301 0.06385745
v 0.03043110 -0.01151986 0.06458593
v 0.02207975 -0.02121760 0.08834279
v 0.02332291 -0.01958154 0.08626793
v 0.02196884 -0.02220593 0.08995012
v 0.02645957 -0.01895647 0.07892719
v 0.02837842 -0.01120345 0.03235520
v 0.03242779 0.00445079 0.03678130
v 0.02587446 -0.01686548 0.04050746
v 0.02567143 -0.02417914 0.04223459
v 0.03579524 0.00920374 0.05358483
v 0.03259223 0.00932915 0.07810253
v 0.03188278 0.01173849 0.07700466
v 0.02608626 -0.00087296 0.02040680
v 0.02392136 -0.02392582 0.03643336
v 0.02381902 -0.02456094 0.03761903
v 0.02456158 -0.02440920 0.04161247
v 0.02878035 -0.01663963 0.05539673
v 0.02375555 -0.02135453 0.09087573
v 0.02169249 -0.02125880 0.02538930
v 0.02528157 -0.01571146 0.04882287
v 0.02154333 -0.02117285 0.08618106
v 0.01942490 -0.02360711 0.08838822
v 0.02690004 -0.02125946 0.07277023
v 0.02607335 -0.02035208 0.07678839
v 0.01922575 -0.02460256 0.08989133
v 0.02322266 -0.02034549 0.08297084
v 0.02126659 0.00150525 0.02066905
v 0.02582671 -0.02456855 0.04276066
v 0.01925814 -0.01973218 0.01871355
v 0.02032880 -0.02048411 0.02155172
v 0.02024463 -0.02470476 0.09084002
v 0.02474608 -0.00100682 0.01873092
v 0.02826020 -0.01672128 0.05268865
v 0.02414138 -0.01555227 0.04193191
v 0.02623549 -0.01645623 0.04511008
v 0.02674436 -0.01579721 0.05423355
v 0.02661041 -0.01610549 0.05161940
v 0.02568887 -0.01562753 0.05114870
v 0.02743482 -0.01652616 0.04992962
v 0.02882176 -0.01630829 0.05821329
v 0.05258451 0.00978521 0.03000422
v 0.05267699 0.00970462 0.01735025
v 0.05090964 0.00972049 0.01816357
v 0.05078967 0.00971483 0.03975848
v 0.05103747 0.00983686 0.00861157
v 0.05193591 0.00973187 0.04115636
v 0.05167337 0.00978103 0.05602005
v 0.05253095 0.00966815 0.05442103
v 0.05026938 0.00965989 0.05483032
v 0.05260239 0.00984413 -0.00659293
v 0.05162894 0.00985266 -0.01038574
v 0.05256704 0.00992489 -0.01680823
v 0.05185001 0.00985701 -0.02545092
v 0.05183264 0.00985120 -0.03911970
v 0.05246195 0.00989176 -0.03782196
v 0.05242777 0.00991857 -0.06436471
v 0.05188538 0.00989795 -0.05893901
v 0.05179871 0.00999074 -0.07290915
v 0.05037820 0.00953030 0.06510991
v 0.05201747 0.00957581 0.06408561
v 0.05201947 0.00961445 0.07915823
v 0.05034327 0.00960426 0.08204436
v 0.05134009 0.00942612 0.08735919
v 0.04994012 0.00947450 0.08456212
v 0.05068636 0.00946291 0.08826256
v 0.04893966 0.00945020 0.08679141
v 0.04630816 0.00948857 0.08976700
v 0.04718052 0.00942105 0.08695913
v 0.05027101 0.00962358 0.03639846
v 0.05035819 0.00956185 0.01766973
v 0.05242261 0.00941131 0.08376190
v 0.04633890 0.00952872 0.08720210
v 0.05249154 0.00988194 -0.08383131
v 0.05255563 0.00945623 0.06629908
v 0.05088163 0.00972966 -0.00451839
v 0.05116179 0.00969273 -0.01465046
v 0.05173177 0.01011384 -0.08761771
v 0.05075774 0.00977885 -0.08525274
v 0.05093139 0.01007527 -0.08979764
v 0.05059068 0.00990275 -0.08836602
v 0.04885149 0.00926724 0.08959064
v 0.05088629 0.00961887 -0.07042251
v 0.05121814 0.00968179 -0.06095509
v 0.05128817 0.00963156 -0.04374314
v 0.05000211 0.00933957 0.06934928
v 0.04994791 0.00950354 0.04955284
v 0.05090768 0.00937469 -0.02651379
v 0.05315041 0.00963889 -0.00713561
v 0.05316008 0.00973440 -0.01858236
v 0.05305783 0.00966309 -0.03535311
v 0.05298937 0.00954633 0.02091381
v 0.05283813 0.00973475 -0.06142018
v 0.04570790 0.00978710 0.08939881
v 0.04873175 0.00915175 0.08628327
v 0.05202167 0.00933385 0.08563098
v 0.05084955 0.00931591 -0.05714747
v 0.04589733 0.00982421 0.08750705
v 0.05081150 0.00936100 -0.01632418
v 0.05282181 0.00941048 0.05178507
v 0.05347858 0.00946556 -0.01701557
v 0.04950472 0.00916385 0.08468467
v 0.04557560 0.00928183 0.08706154
v 0.05262883 -0.01052080 0.00201899
v 0.05191012 -0.01053496 0.00659871
v 0.05188809 -0.01064103 -0.01804522
v 0.05258037 -0.01041483 0.01951382
v 0.05254617 -0.01060558 -0.03082307
v 0.05192540 -0.01069985 -0.03960376
v 0.05257310 -0.01070436 -0.04143027
v 0.05310527 -0.01047445 -0.01752658
v 0.05252651 -0.01069494 -0.05691250
v 0.05181302 -0.01075540 -0.05975082
v 0.05241103 -0.01082195 -0.06192427
v 0.05107167 -0.01044564 0.00821942
v 0.05102518 -0.01042041 0.03153165
v 0.05194004 -0.01047846 0.03130179
v 0.05264597 -0.01036383 0.03681194
v 0.05101379 -0.01026885 0.05184587
v 0.05205238 -0.01026968 0.05637983
v 0.05055956 -0.01011100 0.06381877
v 0.05217004 -0.01014318 0.06595623
v 0.05055304 -0.01009597 0.08149491
v 0.05175942 -0.01004866 0.08457602
v 0.05087786 -0.00998756 0.08766622
v 0.05200148 -0.01088518 -0.07133181
v 0.05011964 -0.01017272 0.05167338
v 0.05246352 -0.00999444 0.08296189
v 0.05258525 -0.01014669 0.06007633
v 0.04998651 -0.00996620 0.08323790
v 0.04861172 -0.01002229 0.08694806
v 0.04908172 -0.00999638 0.08921327
v 0.04596724 -0.01021224 0.08730505
v 0.04577690 -0.01009067 0.08937802
v 0.05118706 -0.01049387 -0.01710765
v 0.05122766 -0.01042518 -0.03070754
v 0.05086716 -0.01057539 -0.06372887
v 0.05112022 -0.01069444 -0.07372682
v 0.05178653 -0.01089917 -0.08718549
v 0.05104783 -0.01081039 -0.08947966
v 0.05008511 -0.00992760 0.06696485
v 0.05116291 -0.01053617 -0.05585133
v 0.05119396 -0.01053739 -0.04337605
v 0.05048773 -0.01027993 0.03054707
v 0.05054812 -0.01027428 0.01254385
v 0.05071988 -0.01031360 -0.00829226
v 0.05248098 -0.01075336 -0.07171291
v 0.05235258 -0.01074105 -0.08587931
v 0.05066571 -0.01059445 -0.08631785
v 0.05006336 -0.01060926 -0.08953244
v 0.04918290 -0.01102769 -0.09245227
v 0.04806239 -0.00986185 0.08980076
v 0.05205598 -0.00988339 0.08535102
v 0.04984510 -0.01080207 -0.09252699
v 0.04828707 -0.01147879 -0.09384147
v 0.04790158 -0.01148711 -0.09329340
v 0.05299876 -0.01054738 -0.04140032
v 0.05302833 -0.01041462 -0.03075986
v 0.05279748 -0.01062629 -0.06598806
v 0.05303739 -0.01031158 0.00933248
v 0.05290319 -0.01027214 0.03018099
v 0.05181359 -0.01039930 -0.08985451
v 0.05082343 -0.01018077 -0.03252216
v 0.04882921 -0.01066730 -0.09181304
v 0.04769215 -0.00988121 0.08670508
v 0.04863701 -0.00979385 0.08625436
v 0.05277553 -0.01007052 0.05650178
v 0.05014039 -0.01005836 0.03018465
v 0.05077837 -0.01027437 -0.05573994
v 0.04585780 -0.01001798 0.08703953
v 0.04650345 -0.01279236 -0.09439190
v 0.04697596 -0.01265467 -0.09469097
v 0.04729070 -0.01133065 -0.09329489
v 0.05013799 -0.00997860 0.01713238
v 0.02632762 0.01968497 0.04947213
v 0.02567801 0.01889294 0.04676915
v 0.02746309 0.01877267 0.04652007
v 0.02814948 0.01981291 0.05051194
v 0.02661748 0.02065869 0.05359777
v 0.02816133 0.02112881 0.05546211
v 0.02690572 0.02154389 0.05660858
v 0.02873773 0.02143867 0.05667988
v 0.02712276 0.01780595 0.04242664
v 0.02668323 0.02313896 0.06064690
v 0.02871625 0.02052666 0.05361077
v 0.02565702 0.01819642 0.04307982
v 0.02951477 0.02001341 0.05315059
v 0.02839508 0.02257052 0.06038791
v 0.02656547 0.02362127 0.06264268
v 0.02503301 0.02343626 0.06143196
v 0.02478476 0.02418503 0.06434209
v 0.02889031 0.01843734 0.04695545
v 0.02802551 0.01757667 0.04322628
v 0.02585534 0.01754707 0.03746754
v 0.02310710 0.01772145 0.03670392
v 0.02350303 0.01731069 0.03331905
v 0.02065845 0.01750988 0.03297206
v 0.02590348 0.01683002 0.03413132
v 0.02222586 0.01687680 0.02904946
v 0.02137291 0.01730853 0.03026837
v 0.02339304 0.01609291 0.02792620
v 0.02039650 0.01605090 0.02251439
v 0.02053474 0.01697791 0.02680753
v 0.01821938 0.01680219 0.02288992
v 0.02970251 0.02142781 0.05841112
v 0.01723726 0.01602778 0.01642532
v 0.02013507 0.01521437 0.01825299
v 0.01748721 0.01513604 0.01374038
v 0.02776973 0.01680048 0.03976491
v 0.02646031 0.01546763 0.03065134
v 0.02329796 0.01519357 0.02524017
v 0.02709033 0.01680502 0.03693376
v 0.02975915 0.01840038 0.04879047
v 0.01668913 0.01514250 0.01214750
v 0.01985300 0.01422325 0.01512489
v 0.02667178 0.02366735 0.06428620
v 0.01692629 0.01639506 0.01841995
v 0.01497998 0.01673213 0.01574881
v 0.01455184 0.01615507 0.01063326
v 0.02170570 0.01408607 0.01803876
v 0.01403500 0.01732375 0.01553501
v 0.01504985 0.01533086 0.00917511
v 0.01215506 0.01816967 0.01153689
v 0.01113457 0.01862102 0.01064750
v 0.02891046 0.01697004 0.04337535
v 0.01122812 0.01753351 0.00824184
v 0.00874277 0.01903880 0.00920246
v 0.01524230 0.01724680 0.02310548
v 0.01562243 0.01681566 0.02065454
v 0.01623291 0.01670217 0.02257238
v 0.01705174 0.01705834 0.02732902
v 0.01735085 0.01745854 0.03258225
v 0.01597860 0.01803797 0.03086069
v 0.01690110 0.01807207 0.03626869
v 0.01897498 0.01753607 0.03832565
v 0.01898687 0.01802159 0.04163481
v 0.02059580 0.01766650 0.04200685
v 0.02114152 0.01820899 0.04554000
v 0.02049214 0.01876039 0.04718531
v 0.01876284 0.01728393 0.03430519
v 0.01874460 0.01720493 0.02647860
v 0.01885771 0.01907612 0.04548141
v 0.01776188 0.01721194 0.02974169
v 0.01914083 0.01737522 0.02894920
v 0.02182019 0.01940918 0.05009467
v 0.02102490 0.01986325 0.05149426
v 0.02189673 0.02026027 0.05354038
v 0.02102109 0.02158629 0.05728682
v 0.02012896 0.01744875 0.03878783
v 0.01956307 0.02106530 0.05388743
v 0.02303450 0.01788569 0.04061040
v 0.02276091 0.02133684 0.05687346
v 0.01932656 0.02019702 0.05011949
v 0.02145925 0.02333137 0.06162482
v 0.02320647 0.02337000 0.06191629
v 0.02176053 0.02395111 0.06350142
v 0.02312829 0.02393682 0.06465414
v 0.02213725 0.02434978 0.06543689
v 0.02326536 0.02404861 0.06645699
v 0.02308249 0.02400328 0.06750980
v 0.01928677 0.02241723 0.05742671
v 0.02500657 0.02398466 0.06614818
v 0.01954708 0.02383678 0.06070283
v 0.01638788 0.01900184 0.03916741
v 0.01845172 0.02207741 0.05503217
v 0.02799909 0.02291894 0.06382252
v 0.01993418 0.02500833 0.06335291
v 0.02878383 0.02242668 0.06268756
v 0.01631988 0.02024187 0.04358487
v 0.00793407 0.02087288 0.01176561
v 0.02069000 0.02545824 0.06581042
v 0.02161229 0.02509110 0.06837707
v 0.00854700 0.02142103 0.01316418
v 0.00620848 0.02139637 0.01222550
v 0.01022858 0.02057153 0.01351205
v 0.00729774 0.02306885 0.01492903
v 0.01572480 0.02224827 0.04793760
v 0.01376930 0.01535227 0.00746181
v 0.00857241 0.02307098 0.01601631
v 0.00758125 0.02432071 0.01719699
v 0.00923510 0.02440892 0.01914014
v 0.00738367 0.02560073 0.01994215
v 0.00869581 0.02579747 0.02150949
v 0.00777778 0.02679579 0.02277351
v 0.00941476 0.02659266 0.02449347
v 0.00879564 0.02732442 0.02548579
v 0.00763785 0.02747106 0.02469005
v 0.00782117 0.02800867 0.02706324
v 0.00961550 0.02753502 0.02782178
v 0.00815474 0.02894730 0.03003832
v 0.00896472 0.02887209 0.03089991
v 0.00847172 0.03024758 0.03401541
v 0.00918123 0.02966270 0.03339228
v 0.01024518 0.02947367 0.03560505
v 0.00962915 0.03077040 0.03890899
v 0.00869886 0.03101752 0.03785862
v 0.00895083 0.03209118 0.04186129
v 0.01052913 0.03097266 0.04210868
v 0.01104899 0.03182205 0.04543911
v 0.02434697 0.01425739 0.02499194
v 0.01539124 0.01896238 0.03394336
v 0.01049571 0.03276885 0.04669634
v 0.00891370 0.03289004 0.04452790
v 0.01063592 0.02767359 0.03194391
v 0.01504636 0.02103150 0.04231972
v 0.01553852 0.02383452 0.05237447
v 0.01300453 0.01850274 0.01678102
v 0.01061413 0.02609156 0.02623603
v 0.01168961 0.01925200 0.01361016
v 0.01658560 0.02396820 0.05551410
v 0.02576495 0.01412659 0.02712592
v 0.01041908 0.02143319 0.01589858
v 0.02739509 0.01537838 0.03322473
v 0.01476887 0.01813720 0.02548250
v 0.00984401 0.03355340 0.04874988
v 0.01135278 0.03355826 0.05204694
v 0.01243841 0.03265665 0.05174011
v 0.01213385 0.03390349 0.05418444
v 0.01362003 0.03289794 0.05428457
v 0.01046380 0.03000036 0.03897503
v 0.01367248 0.02402579 0.04736597
v 0.01375062 0.02305454 0.04394474
v 0.01428382 0.02091750 0.03659474
v 0.01771847 0.02425301 0.05846568
v 0.02102416 0.01214806 0.01286624
v 0.01187694 0.03198258 0.04874161
v 0.02245211 0.01238625 0.01601004
v 0.01103480 0.02337537 0.02089572
v 0.01510353 0.01892677 0.03074505
v 0.02965697 0.01698453 0.04546831
v 0.01779001 0.01355387 0.01117806
v 0.02478398 0.01348554 0.02432346
v 0.01342559 0.03487478 0.05755623
v 0.01515853 0.03570715 0.06128905
v 0.01157699 0.02065471 0.01739467
v 0.01339451 0.03581169 0.05952326
v 0.02400400 0.01285022 0.02122157
v 0.03036118 0.02023847 0.05705392
v 0.01304329 0.03660170 0.06135823
v 0.01424060 0.03657017 0.06290535
v 0.01527842 0.03602324 0.06468387
v 0.01616236 0.03512696 0.06270243
v 0.01298705 0.02538740 0.04875679
v 0.01120696 0.02973950 0.04167027
v 0.01553902 0.01421983 0.00822426
v 0.02971112 0.02146566 0.06141164
v 0.03042904 0.01770774 0.04930390
v 0.00800330 0.03213272 0.04077059
v 0.02031003 0.02655229 0.06776050
v 0.01658637 0.03350351 0.06064756
v 0.01249610 0.02551980 0.04713359
v 0.03033906 0.01896885 0.05332713
v 0.01546856 0.03312859 0.05795436
v 0.01722834 0.03394661 0.06606087
v 0.01404799 0.01428687 0.00641838
v 0.01980790 0.02669489 0.06580915
v 0.01290357 0.01954697 0.02019370
v 0.01907488 0.02668071 0.06390449
v 0.02017256 0.02662292 0.06955625
v 0.01155795 0.01613964 0.00656701
v 0.01799591 0.01220282 0.00972527
v 0.01953912 0.01206020 0.01128522
v 0.01130323 0.02679643 0.03230401
v 0.01125479 0.02524953 0.02648893
v 0.01121860 0.02808548 0.03670193
v 0.01789938 0.03290328 0.06379656
v 0.01823162 0.03256814 0.06555682
v 0.01299656 0.03165750 0.05141981
v 0.03038173 0.02059421 0.05988949
v 0.01250412 0.02225889 0.02466262
v 0.01420976 0.02025355 0.03027904
v 0.01043722 0.03400723 0.05327364
v 0.01186597 0.03514200 0.05704196
v 0.01457522 0.03153602 0.05449380
v 0.01463506 0.02555794 0.05264988
v 0.01573491 0.03511357 0.06725991
v 0.01220917 0.02456630 0.02981835
v 0.01259707 0.02482622 0.04284774
v 0.01339998 0.02311456 0.04010588
v 0.00805323 0.03357339 0.04670476
v 0.00727905 0.03111383 0.03703169
v 0.01349470 0.02023865 0.02490643
v 0.01347174 0.02195132 0.03041610
v 0.01568029 0.01218292 0.00644151
v 0.01215395 0.02685126 0.04856980
v 0.01608935 0.02596459 0.05688254
v 0.01800828 0.02637685 0.06132280
v 0.00758711 0.03044542 0.03399022
v 0.00630402 0.02979041 0.03152540
v 0.01194215 0.03106933 0.04765897
v 0.02940770 0.02106677 0.06517895
v 0.01048718 0.03487069 0.05651686
v 0.01194310 0.02594075 0.03419296
v 0.01232624 0.02543280 0.03755033
v 0.02693398 0.02288263 0.06670833
v 0.02834218 0.02146199 0.06745497
v 0.01172769 0.02688194 0.04633498
v 0.01333335 0.01387226 0.00549696
v 0.02245774 0.02401169 0.06929093
v 0.02346767 0.02356958 0.06855128
v 0.02416833 0.02293079 0.06923150
v 0.01923478 0.03056479 0.06601427
v 0.01342211 0.03661199 0.06467840
v 0.01236782 0.03687646 0.06271178
v 0.01714850 0.03196932 0.06045341
v 0.01862632 0.01049672 0.00928305
v 0.00909863 0.01722171 0.00687631
v 0.01911303 0.03017315 0.06434533
v 0.01787611 0.03227973 0.06829930
v 0.01307773 0.03020970 0.05051216
v 0.00576968 0.02452092 0.01705546
v 0.01644425 0.00967105 0.00579954
v 0.01381836 0.03584363 0.06776887
v 0.01458062 0.01088268 0.00459501
v 0.01900625 0.03043910 0.06777896
v 0.01630150 0.03342548 0.06967531
v 0.01182797 0.02690216 0.04023062
v 0.02031213 0.02489177 0.07301921
v 0.01922879 0.02711664 0.07149447
v 0.02274103 0.02172966 0.07335763
v 0.02018038 0.02403913 0.07579263
v 0.02096695 0.02298039 0.07733598
v 0.01881609 0.02499769 0.07752920
v 0.02011343 0.02337018 0.08421299
v 0.01732536 0.02578368 0.08231473
v 0.01639280 0.02682162 0.07960818
v 0.02234704 0.02109977 0.08389844
v 0.02117930 0.02229427 0.08841008
v 0.01923567 0.02410386 0.08730205
v 0.01884077 0.02465685 0.08971599
v 0.02065314 0.02316117 0.08994002
v 0.01553067 0.02694598 0.08482776
v 0.01593208 0.02672715 0.08964320
v 0.01756701 0.02611052 0.09075318
v 0.01517168 0.02747762 0.09065985
v 0.02106901 0.02350569 0.09084888
v 0.02295820 0.02058585 0.08984179
v 0.01320230 0.02845193 0.09065720
v 0.01373504 0.02797295 0.08973926
v 0.01299834 0.02833874 0.08596430
v 0.02436804 0.01849328 0.08848791
v 0.02380351 0.01931086 0.08512912
v 0.02525364 0.01759672 0.08438684
v 0.01404620 0.02835840 0.08098584
v 0.01078964 0.02925474 0.09018568
v 0.01268955 0.02872667 0.08348983
v 0.02538475 0.01748304 0.08986817
v 0.01013725 0.02938004 0.08660309
v 0.02374784 0.01986227 0.07781924
v 0.02619770 0.01711355 0.08046179
v 0.02388813 0.02007882 0.07516097
v 0.01459872 0.02865237 0.07839195
v 0.02731221 0.01687221 0.07710327
v 0.01225578 0.02965181 0.08020136
v 0.02606266 0.01610323 0.08845287
v 0.00850503 0.02995624 0.09033309
v 0.01019867 0.02963734 0.08339302
v 0.02886311 0.01527245 0.07790538
v 0.01279891 0.02993839 0.07838867
v 0.02707931 0.01494454 0.08999822
v 0.02702578 0.01512839 0.08519809
v 0.02805072 0.01496201 0.08121496
v 0.01765763 0.02680129 0.07544383
v 0.01088357 0.03009520 0.09161284
v 0.01641896 0.02766990 0.07666706
v 0.02377796 0.02105797 0.07243241
v 0.02497938 0.02113697 0.07115056
v 0.00699655 0.03004200 0.08754164
v 0.00860821 0.02981851 0.08449886
v 0.02805195 0.01280579 0.08874692
v 0.01084523 0.03035239 0.07956760
v 0.02851528 0.01230344 0.08980373
v 0.01439322 0.03507394 0.06923901
v 0.02532862 0.01838662 0.09077885
v 0.02276110 0.02181486 0.09088559
v 0.02999571 0.01379834 0.07821631
v 0.02801050 0.01324485 0.08633489
v 0.03075312 0.01522682 0.07446365
v 0.02975142 0.01267577 0.08089099
v 0.02763684 0.01508893 0.09087961
v 0.02947105 0.01162808 0.08366168
v 0.01448339 0.02975128 0.07636822
v 0.00885931 0.03051613 0.08037942
v 0.02935280 0.01796051 0.07135399
v 0.02844249 0.01806403 0.07273711
v 0.03105178 0.01610259 0.07091627
v 0.03218490 0.01471916 0.07057641
v 0.03192874 0.01418059 0.07352791
v 0.02686911 0.01877545 0.07351142
v 0.03010341 0.01798189 0.06938550
v 0.01532452 0.02827210 0.09158428
v 0.02701348 0.02136431 0.06956046
v 0.00820094 0.03095522 0.09179956
v 0.01105950 0.03142254 0.07676745
v 0.01278110 0.03102601 0.07632718
v 0.02871260 0.01151452 0.08756245
v 0.03188278 0.01173849 0.07700466
v 0.02964172 0.01130115 0.09072287
v 0.03120442 0.00910492 0.08221348
v 0.01844265 0.03040926 0.06954949
v 0.00975129 0.03126802 0.07775862
v 0.01710209 0.03085978 0.07167101
v 0.02997421 0.00877753 0.08665672
v 0.01696809 0.02928126 0.07355104
v 0.01560278 0.03002602 0.07466154
v 0.01448537 0.03286534 0.07248326
v 0.03346928 0.01161464 0.07358585
v 0.01253306 0.03525430 0.06997978
v 0.00705163 0.01908918 0.00888302
v 0.01955538 0.02884619 0.06762418
v 0.01954745 0.02820175 0.06574925
v 0.01360771 0.03384289 0.07179560
v 0.00500639 0.03068249 0.09080190
v 0.00369410 0.03143820 0.09175214
v 0.00948896 0.03215395 0.07595791
v 0.01162539 0.02826261 0.04226207
v 0.01230020 0.03281641 0.07410827
v 0.01171472 0.03405188 0.07234738
v 0.01177539 0.02908935 0.04483541
v 0.01017846 0.01559591 0.00560792
v 0.01495002 0.02954495 0.05421327
v 0.01599515 0.03031089 0.05711506
v 0.01808261 0.03012513 0.06177806
v 0.01448321 0.02662155 0.05287012
v 0.01191977 0.02984857 0.04614582
v 0.01672039 0.02724386 0.05889608
v 0.01226782 0.02967791 0.04829833
v 0.01823886 0.02790888 0.06218215
v 0.02803992 -0.01290070 0.04263806
v 0.02893797 -0.01287395 0.04273392
v 0.02778642 -0.01297632 0.03849716
v 0.02729033 -0.01289506 0.04064705
v 0.02880033 -0.01275977 0.04508409
v 0.02633321 -0.01284701 0.03716371
v 0.02690648 -0.01276691 0.03550885
v 0.02638185 -0.01185376 0.04516590
v 0.02755104 -0.01197435 0.04810457
v 0.02842447 -0.01190548 0.05134634
v 0.02556850 -0.01171824 0.04226328
v 0.02556359 -0.01169765 0.04428137
v 0.02499539 -0.01168262 0.03869231
v 0.02587890 -0.01233592 0.03525382
v 0.02573833 -0.01224362 0.03268417
v 0.02495070 -0.01168564 0.03211111
v 0.02387587 -0.01147290 0.03669808
v 0.02429012 -0.01132030 0.03085934
v 0.02580455 -0.01180239 0.03130459
v 0.02564076 -0.01176328 0.04608586
v 0.02425583 -0.01172287 0.04097424
v 0.02664570 -0.01195720 0.04953253
v 0.02537823 -0.01105485 0.02937789
v 0.02809785 -0.01190527 0.05292614
v 0.03001565 -0.01233502 0.04774643
v 0.03002589 -0.01221928 0.04995468
v 0.03022760 -0.01178995 0.05283081
v 0.02905340 -0.01171820 0.05601271
v 0.02310670 -0.01149823 0.03089355
v 0.02417136 -0.01106499 0.02743709
v 0.02681317 -0.01201223 0.03207178
v 0.02481106 -0.01186712 0.04401690
v 0.03107183 -0.01138824 0.05404279
v 0.03079005 -0.01115075 0.05836250
v 0.02776109 -0.01215447 0.03380097
v 0.03005461 -0.01234947 0.04347227
v 0.02598551 -0.01055231 0.02846865
v 0.02911025 -0.01183216 0.05895613
v 0.02345737 -0.01134053 0.02423041
v 0.02481972 -0.01057780 0.02594931
v 0.03081446 -0.01112353 0.06166626
v 0.02908488 -0.01211394 0.03675723
v 0.02537275 -0.01239220 0.04887922
v 0.02710699 -0.01249308 0.05370269
v 0.02284078 -0.01184752 0.03454133
v 0.02811629 -0.01248944 0.05866781
v 0.02909980 -0.01209983 0.06209988
v 0.03043110 -0.01151986 0.06458593
v 0.03239077 -0.01058829 0.05458234
v 0.03208246 -0.01021365 0.06044673
v 0.03216925 -0.01079460 0.05133137
v 0.02313979 -0.01219415 0.03919776
v 0.02394769 -0.01251071 0.04437175
v 0.02837842 -0.01120345 0.03235520
v 0.03135012 -0.01062853 0.06567517
v 0.03074987 -0.01155427 0.04162428
v 0.03333413 -0.00986899 0.05320856
v 0.03000244 -0.01121938 0.03598625
v 0.03159731 -0.01105239 0.04655363
v 0.02665879 -0.00980591 0.02779681
v 0.02524804 -0.00979317 0.02406651
v 0.03380494 -0.00913992 0.05741708
v 0.03326142 -0.00850452 0.06794111
v 0.02234953 -0.01220783 0.02767738
v 0.02240243 -0.01207562 0.02109911
v 0.03421528 -0.00888031 0.05204587
v 0.00521864 0.03210898 0.07956391
v 0.00647159 0.03242516 0.07862862
v 0.00375712 0.03320198 0.07442672
v 0.00233523 0.03321230 0.07412484
v 0.00271956 0.03189704 0.08090202
v 0.00304609 0.03399397 0.06906286
v 0.00145816 0.03379239 0.06955396
v -0.00009163 0.03373681 0.07021634
v 0.00716606 0.03189806 0.08208887
v 0.00934064 0.03183820 0.08092992
v 0.00977995 0.03146113 0.08415780
v 0.00073951 0.03284256 0.07709690
v -0.00026686 0.03348340 0.07366559
v -0.00237388 0.03392839 0.07106863
v -0.00002192 0.03408396 0.06356490
v 0.00662665 0.03180284 0.08446089
v 0.00236610 0.03198914 0.08552070
v 0.00169304 0.03449259 0.05921891
v -0.00029452 0.03235245 0.08403592
v -0.00022442 0.03237789 0.08226452
v -0.00404298 0.03415945 0.07626283
v -0.00161163 0.03332852 0.07807491
v -0.00488049 0.03422974 0.07526172
v -0.00621124 0.03445771 0.08047924
v -0.00487922 0.03421291 0.08106025
v -0.00482560 0.03385702 0.08732696
v -0.00621600 0.03413272 0.08683206
v -0.00584867 0.03388304 0.08835893
v -0.00374369 0.03374720 0.08825001
v 0.00151951 0.03223868 0.08683736
v 0.00699001 0.03187117 0.08611728
v 0.00985156 0.03164437 0.08699738
v -0.00249277 0.03314161 0.08694955
v 0.01302986 0.03036209 0.08298770
v 0.01176252 0.03135411 0.07995419
v 0.01274288 0.03057605 0.08661378
v -0.00341947 0.03384037 0.06971875
v -0.00122705 0.03296510 0.08759413
v -0.00212025 0.03383600 0.06708958
v -0.00724885 0.03404170 0.08684717
v 0.00588434 0.03229166 0.08729442
v 0.00345846 0.03454646 0.06214156
v 0.00282370 0.03472728 0.05667566
v 0.00201643 0.03484483 0.05200959
v 0.01091463 0.03232735 0.07803235
v 0.00854460 0.03265228 0.07826554
v 0.00461538 0.03526017 0.05118824
v -0.00107496 0.03389461 0.06223136
v 0.01355246 0.03038841 0.08025785
v 0.01349158 0.03114587 0.07824234
v 0.00617185 0.03540182 0.05470355
v 0.00822281 0.03564102 0.05053497
v 0.00555388 0.03518956 0.04793328
v 0.00840577 0.03534276 0.04777064
v 0.00995038 0.03520787 0.04823553
v 0.00818719 0.03407206 0.04182921
v 0.01048286 0.03626765 0.05368796
v 0.01178461 0.03607577 0.05374588
v 0.00935443 0.03607305 0.05315210
v 0.00566595 0.03526710 0.05713124
v 0.00004130 0.03421948 0.05682788
v 0.00534025 0.03466012 0.04503888
v -0.00732342 0.03420695 0.08123605
v 0.00896926 0.03364854 0.07599066
v 0.00230029 0.03465276 0.04856493
v -0.00640208 0.03397741 0.07535543
v 0.00608028 0.03341785 0.07534839
v 0.00565505 0.03457219 0.07002371
v 0.00489833 0.03453711 0.06837214
v 0.00885725 0.03672303 0.05641141
v 0.00567813 0.03320502 0.03858076
v 0.00943059 0.03318911 0.03969025
v 0.00806999 0.03161204 0.03261133
v 0.00614575 0.03167632 0.03278153
v 0.01110782 0.03470123 0.04765248
v 0.01096850 0.03369121 0.04400608
v 0.00967960 0.03105494 0.03242053
v 0.00500055 0.03496833 0.06195474
v 0.00526888 0.03490473 0.06611180
v 0.01737574 0.02807797 0.08677447
v 0.01603617 0.02866848 0.08308383
v 0.00833303 0.02977892 0.02718133
v 0.01196484 0.03109470 0.08743448
v -0.00000864 0.03422315 0.05252617
v 0.00564798 0.03028400 0.02887633
v 0.00562141 0.02783974 0.02124205
v 0.00798364 0.02822994 0.02262108
v 0.00778050 0.02655010 0.01823874
v 0.00535100 0.02657527 0.01793984
v 0.01042480 0.02983458 0.02966173
v 0.01044077 0.02838666 0.02556515
v 0.00921939 0.02723408 0.02103598
v 0.01118446 0.03723343 0.05623789
v 0.00278534 0.03379928 0.04357817
v 0.00421254 0.03148398 0.03330447
v 0.00292677 0.02774474 0.02212607
v 0.01308526 0.03645137 0.05577379
v 0.00271291 0.02875420 0.02559789
v 0.01281204 0.03127542 0.08824827
v 0.00150553 0.03170601 0.03688482
v 0.00241276 0.03286795 0.04045346
v 0.00083157 0.03040577 0.03245099
v 0.01307015 0.03449381 0.05092465
v -0.00794552 0.03335675 0.08850264
v 0.00295123 0.03052657 0.03140786
v 0.00033525 0.02918267 0.02937181
v 0.00279424 0.02666153 0.01941778
v -0.00328718 0.03331086 0.06646099
v -0.00647219 0.03330642 0.07260460
v 0.00782788 0.02407536 0.01318728
v -0.00052130 0.03019351 0.03345134
v -0.00011622 0.03370533 0.04841569
v 0.00081087 0.03290934 0.08800745
v 0.00544596 0.02418633 0.01317291
v 0.01019673 0.03824454 0.05944644
v 0.01175039 0.03842842 0.05895160
v 0.01193649 0.03924480 0.06112661
v 0.01386302 0.03965807 0.06266857
v 0.01352365 0.03854516 0.05972237
v 0.01187799 0.03955003 0.06269590
v 0.01210021 0.03924337 0.06452693
v 0.01406148 0.03909692 0.06527494
v 0.01453030 0.03946169 0.06294817
v -0.00248817 0.03318236 0.06123044
v 0.00002897 0.03152429 0.03882748
v 0.01220405 0.03816935 0.06764712
v -0.00001273 0.03240180 0.04257789
v 0.00692561 0.03589052 0.05711248
v 0.00107079 0.02826279 0.02585770
v 0.00987328 0.03859681 0.06226236
v -0.00182128 0.03327564 0.05372493
v 0.00662297 0.03601815 0.06116775
v 0.01001985 0.03839433 0.06444244
v 0.00287195 0.02511638 0.01605674
v 0.00863366 0.03738457 0.05963429
v -0.00851416 0.03341106 0.08462157
v 0.00073645 0.02658362 0.02172024
v 0.01054541 0.03749606 0.06806104
v 0.00835732 0.03586462 0.06985267
v 0.00905767 0.03532417 0.07226269
v 0.00724857 0.03596932 0.06692098
v 0.00679249 0.03602802 0.06417730
v 0.00122979 0.02568796 0.01896074
v 0.00346572 0.02346783 0.01275974
v 0.01002147 0.03528437 0.07280022
v 0.01406385 0.03812933 0.06756891
v 0.00586650 0.02229329 0.01009232
v 0.00882138 0.03223206 0.08781851
v 0.01084259 0.03198274 0.08826694
v 0.00802527 0.02156714 0.00905731
v 0.01518827 0.03853335 0.06106669
v 0.01250143 0.03671763 0.07052157
v 0.00422614 0.02144120 0.00966555
v 0.01042002 0.02126000 0.00934552
v 0.01085967 0.01961698 0.00681372
v 0.01046511 0.02200475 0.01091080
v 0.00954449 0.02408777 0.01453892
v 0.00843728 0.01952529 0.00622544
v 0.00617802 0.01929669 0.00634761
v 0.00279551 0.02104445 0.01008748
v 0.01608606 0.03850772 0.06441544
v 0.01065725 0.03198128 0.03757798
v 0.01136432 0.03432136 0.07449319
v 0.01332285 0.03235337 0.07637304
v 0.00992625 0.02613450 0.01935694
v 0.01064286 0.01844635 0.00534839
v 0.01488587 0.02980611 0.08770956
v 0.01641335 0.02921637 0.08827306
v 0.01427883 0.03672975 0.07005023
v 0.01600379 0.03759922 0.06707959
v 0.01835879 0.02789765 0.08792633
v 0.00868507 0.01746445 0.00413169
v 0.01818404 0.02719481 0.08248399
v 0.01618960 0.02866803 0.08047503
v 0.01657948 0.02859885 0.07882537
v 0.01088914 0.01703123 0.00397632
v 0.01452671 0.03046672 0.08824257
v 0.01425271 0.03457155 0.07295673
v 0.01628939 0.03556370 0.07010447
v 0.00920387 0.01547317 0.00265017
v 0.01568732 0.02990941 0.07756774
v 0.01555070 0.03133140 0.07573461
v 0.00994245 0.00704186 -0.00108054
v 0.00933530 0.00822040 -0.00026452
v 0.01126252 0.00925012 0.00026021
v 0.00758224 0.00762927 -0.00047510
v 0.00769375 0.00519258 -0.00194590
v 0.00653222 0.00691771 -0.00045643
v 0.00630347 0.00454055 -0.00172402
v 0.00694284 0.00997496 0.00041217
v 0.00881321 0.01095808 0.00036302
v 0.00883929 0.00466702 -0.00201265
v 0.01053246 0.00460740 -0.00203144
v 0.00759134 0.01277686 0.00158931
v 0.00894243 0.01292476 0.00143230
v 0.00920387 0.01547317 0.00265017
v 0.00682844 0.01601331 0.00337791
v 0.01044115 0.01257641 0.00140869
v 0.00868507 0.01746445 0.00413169
v 0.01104413 0.01572602 0.00308718
v 0.00419011 0.01333868 0.00305586
v 0.00748250 0.00318450 -0.00245530
v 0.00618820 0.00306581 -0.00213933
v 0.00359496 0.00970710 0.00196353
v 0.00657830 0.01147075 0.00145561
v 0.00559052 0.00895947 0.00108285
v 0.00449655 0.01583989 0.00432852
v 0.00528053 0.00703257 0.00074711
v 0.00181255 0.00998101 0.00296349
v 0.00264026 0.00700662 0.00178892
v 0.00211548 0.01553084 0.00563880
v 0.00179692 0.01348125 0.00465774
v 0.00454441 0.01893968 0.00676180
v 0.00617802 0.01929669 0.00634761
v -0.00067849 0.01217439 0.00577817
v 0.00267828 0.01838325 0.00749895
v -0.00060172 0.00966142 0.00455263
v 0.00522750 0.00505702 0.00048027
v 0.00552366 0.00334778 -0.00121899
v 0.00010829 0.00672100 0.00328857
v 0.00010001 0.01522565 0.00715531
v 0.00654161 0.00124310 -0.00251794
v 0.00410967 0.00102350 0.00046550
v 0.00150734 0.00421112 0.00204508
v -0.00357206 0.00986512 0.00728093
v -0.00266642 0.00696943 0.00557308
v 0.00536415 -0.00041905 -0.00198395
v 0.00536522 0.00143422 -0.00179660
v 0.00144047 0.01902206 0.00913806
v -0.00303409 0.01229750 0.00817446
v 0.00478352 0.00155750 -0.00002443
v 0.00077550 0.00190272 0.00232888
v -0.00099070 0.00451709 0.00389146
v -0.00520749 0.00739564 0.00817298
v -0.00070222 0.01573383 0.00839405
v -0.00254073 0.01485263 0.00973438
v 0.00465436 -0.00151406 -0.00015089
v 0.00354563 -0.00134421 0.00072552
v 0.00071209 -0.00045387 0.00239395
v -0.00702177 0.00735518 0.01027571
v -0.00663424 0.00978083 0.01080904
v -0.00589339 0.01168431 0.01138850
v -0.00488230 0.00463675 0.00756347
v -0.00238988 0.00177398 0.00506727
v -0.00226953 -0.00071301 0.00497501
v -0.00695988 0.00481221 0.00989355
v 0.00484530 -0.00392659 -0.00013443
v 0.00205611 -0.00462550 0.00192494
v 0.00434004 -0.00597164 0.00067554
v 0.00629002 -0.00229284 -0.00230097
v 0.00029036 -0.00486425 0.00325242
v -0.00182770 -0.00451191 0.00502757
v -0.00393915 -0.00075258 0.00687291
v -0.00498549 0.00056742 0.00820624
v -0.00480609 0.00241742 0.00762970
v -0.00068766 -0.00721811 0.00446794
v -0.00323135 -0.00454453 0.00646071
v 0.00191833 -0.00733329 0.00254567
v 0.00549345 -0.00601649 -0.00026407
v -0.00861081 0.00454638 0.01218012
v 0.00536859 -0.00279441 -0.00147406
v -0.01011620 0.00717226 0.01490334
v -0.00897048 0.00962009 0.01429602
v -0.00659735 0.00227327 0.00976014
v -0.00323896 -0.00718476 0.00694738
v 0.00632961 -0.00462012 -0.00172314
v -0.01071303 0.00461774 0.01563824
v -0.00017252 0.01893975 0.01087373
v -0.00459208 -0.00373555 0.00823193
v -0.00881884 0.00227398 0.01284403
v -0.01065585 0.00228016 0.01588620
v -0.00502357 -0.00769541 0.00955897
v -0.00146081 -0.00986237 0.00608079
v -0.00638761 0.00019543 0.01052398
v 0.00125977 -0.00991275 0.00393055
v 0.00475659 -0.00906483 0.00139456
v 0.00562116 -0.00911495 0.00068558
v 0.00645814 -0.00690440 -0.00065329
v -0.00447927 -0.01014222 0.00966360
v 0.00279551 0.02104445 0.01008748
v 0.00423430 -0.01209642 0.00317168
v 0.00109838 -0.01284236 0.00574766
v 0.00654766 -0.01208033 0.00190393
v -0.00102453 -0.01242793 0.00728811
v 0.00639269 -0.01038992 0.00090138
v 0.00284282 -0.01353014 0.00502133
v 0.00422614 0.02144120 0.00966555
v 0.00545819 -0.01416345 0.00396324
v 0.01088914 0.01703123 0.00397632
v 0.01295247 0.00945213 0.00075153
v 0.01162246 0.00787598 -0.00027928
v 0.01163882 0.01335073 0.00218031
v 0.01289825 0.01291401 0.00231590
v -0.01281895 -0.00383497 0.02848753
v -0.01501085 -0.00255663 0.02863690
v -0.01024198 -0.00304032 0.02300468
v -0.01177022 -0.00162029 0.02169161
v -0.00934415 -0.00254120 0.02067896
v -0.01154182 -0.00071793 0.01963782
v -0.00868422 -0.00222786 0.01875958
v -0.00855542 -0.00145077 0.01675119
v -0.01708002 -0.00390080 0.03401670
v -0.01534554 -0.00535739 0.03414902
v -0.01703680 -0.00666234 0.03855673
v -0.01901930 -0.00513737 0.03905126
v -0.01837615 -0.00703595 0.04134171
v -0.01132230 -0.00003522 0.01834335
v -0.00943382 0.00008149 0.01529442
v -0.00725547 -0.00077962 0.01302384
v -0.01047995 -0.00373577 0.02455702
v -0.01625360 -0.00268943 0.03078133
v -0.01447713 -0.00178679 0.02645905
v -0.01310192 -0.00044001 0.02197969
v -0.01771893 -0.00311101 0.03379406
v -0.01299969 -0.00498628 0.03029575
v -0.01168130 -0.00439659 0.02736972
v -0.01969154 -0.00688938 0.04389289
v -0.02081185 -0.00697287 0.04660264
v -0.02105705 -0.00589123 0.04481852
v -0.00791218 -0.00217626 0.01666683
v -0.02232496 -0.00685245 0.05053475
v -0.01596379 -0.00678609 0.03693238
v -0.02084311 -0.00488659 0.04271811
v -0.01882883 -0.00325535 0.03612526
v -0.01981243 -0.00348274 0.03861068
v -0.00843935 0.00059243 0.01330207
v -0.00949059 -0.00390850 0.02268958
v -0.01464371 -0.00644591 0.03422246
v -0.01603130 -0.00103514 0.02880896
v -0.02324243 -0.00582374 0.05125853
v -0.02340222 -0.00695679 0.05428345
v -0.01447258 -0.00041146 0.02498939
v -0.02247750 -0.00492009 0.04750774
v -0.00872373 -0.00346847 0.02024946
v -0.01623441 -0.00778107 0.03804660
v -0.02443312 -0.00566294 0.05582082
v -0.01771326 -0.00117773 0.03243530
v -0.02453668 -0.00705699 0.05863764
v -0.00708324 -0.00191791 0.01387289
v -0.00618653 -0.00167383 0.01097293
v -0.02135690 -0.00361296 0.04280071
v -0.01831739 -0.00997916 0.04355365
v -0.01758741 -0.01012817 0.04197414
v -0.01654058 -0.01290628 0.04228063
v -0.01645729 -0.01081591 0.03954118
v -0.02115427 -0.00880463 0.04860243
v -0.01974324 -0.00948292 0.04623286
v -0.02144561 -0.00988584 0.05054596
v -0.01875779 -0.01129576 0.04685054
v -0.01778981 -0.01318025 0.04757956
v -0.01914982 -0.01252848 0.05065146
v -0.02265316 -0.00954969 0.05358208
v -0.02204167 -0.01143464 0.05559263
v -0.02387332 -0.00976900 0.05818220
v -0.02220686 -0.00830992 0.05099419
v -0.01078181 -0.00464249 0.02572172
v -0.01383676 -0.00673095 0.03282221
v -0.01204499 -0.00566545 0.02876975
v -0.01527788 -0.01453916 0.04187518
v -0.01493658 -0.01398961 0.03931559
v -0.01443248 -0.01282472 0.03534443
v -0.01217499 -0.01383390 0.03056672
v -0.01213970 0.00219499 0.01882355
v -0.02375077 -0.00401542 0.05089071
v -0.00792957 -0.00309281 0.01714703
v -0.02294208 -0.00373369 0.04787248
v -0.01526716 -0.01080557 0.03621534
v -0.01362449 -0.01079465 0.03143648
v -0.02425424 -0.00861308 0.05836232
v -0.01207927 -0.01288324 0.02816069
v -0.01160613 -0.01084451 0.02548857
v -0.01071228 -0.01276156 0.02399063
v -0.01984641 -0.00099798 0.03768809
v -0.01008480 -0.01095400 0.02128404
v -0.00951691 -0.01190892 0.02020808
v -0.00909373 -0.01271631 0.01996015
v -0.00788291 -0.01210058 0.01690267
v -0.00791929 -0.01057662 0.01591257
v -0.00640660 -0.01031157 0.01279003
v -0.02144490 -0.00127986 0.04218135
v -0.01530247 -0.00930048 0.03621988
v -0.01583126 0.00153714 0.02777371
v -0.00486184 -0.01267969 0.01222033
v -0.02460787 -0.00927549 0.06088719
v -0.00602123 -0.00814374 0.01153785
v -0.02554621 -0.00697395 0.06334088
v -0.00722446 -0.00805800 0.01425109
v -0.00595476 -0.00466007 0.01088301
v -0.02458072 -0.00378844 0.05473574
v -0.02551295 -0.00445691 0.06039718
v -0.02326652 -0.00105976 0.04833628
v -0.01912182 0.00180206 0.03564004
v -0.01268982 0.00458228 0.01994111
v -0.02500450 -0.00973669 0.06444936
v -0.01342291 -0.00954137 0.03120148
v -0.01349890 -0.00749783 0.03205614
v -0.02143813 0.00183941 0.04222516
v -0.00309966 -0.01262018 0.00971507
v -0.01092132 -0.00645811 0.02601321
v -0.00974571 -0.00638348 0.02290070
v -0.00794612 -0.00683905 0.01650850
v -0.01585654 0.00449611 0.02799908
v -0.01843672 0.00432648 0.03421843
v -0.02369115 -0.01159078 0.06243739
v -0.00931754 -0.01377582 0.02226340
v -0.00861756 -0.00895486 0.01790406
v -0.02595815 -0.00690795 0.06762569
v -0.02458169 -0.00086501 0.05441475
v -0.02609110 -0.00412974 0.06497767
v -0.02001819 0.00468547 0.03854344
v -0.02283539 0.00168813 0.04709550
v -0.02372166 0.00182311 0.05108844
v -0.02522604 -0.00993023 0.06841016
v -0.02399292 -0.01201678 0.06609688
v -0.02154530 0.00426551 0.04317433
v -0.02560711 -0.00110289 0.06091963
v -0.02640058 -0.00427457 0.07000871
v -0.00998911 -0.01420295 0.02494074
v -0.02598030 -0.00691612 0.07569214
v -0.02523386 -0.00994720 0.07372187
v -0.02648247 -0.00413800 0.07371014
v -0.02364059 -0.01333134 0.07145404
v -0.02364737 -0.01358406 0.07583809
v -0.02629396 -0.00182431 0.06716814
v -0.00370651 -0.01606346 0.01507980
v -0.02370699 -0.01319455 0.08025916
v -0.01707974 -0.01440964 0.04854782
v -0.01818847 -0.01513024 0.05387070
v -0.02167576 -0.01308208 0.05947370
v -0.00231138 -0.01579399 0.01237107
v -0.00462681 -0.01723050 0.01879051
v -0.01933460 -0.01591305 0.05945171
v -0.02162041 -0.01595241 0.06884944
v -0.02217911 -0.01594052 0.07423752
v -0.02081564 -0.01615252 0.06540213
v -0.02229153 -0.01595391 0.07933014
v -0.02490903 -0.01010642 0.07908927
v -0.00734622 -0.01529994 0.02128696
v -0.00591379 -0.01767745 0.02268386
v -0.00719980 -0.01761918 0.02634446
v -0.00895814 -0.01585633 0.02732588
v -0.01115698 -0.01446951 0.02953097
v -0.02233786 -0.01518628 0.08721500
v -0.00056037 -0.01538401 0.00958087
v -0.00887782 -0.01761817 0.03324102
v -0.01326976 -0.01461698 0.03604872
v -0.02349507 -0.01243002 0.08680251
v -0.02335501 -0.01346630 0.08817990
v -0.02260847 -0.01518040 0.08819273
v -0.02405834 -0.01142178 0.08785374
v -0.02451326 -0.00962547 0.08683200
v -0.02506699 -0.00898196 0.08841556
v -0.02515206 -0.00690969 0.08734275
v -0.02183460 -0.01660005 0.08819608
v -0.02103837 -0.01749024 0.08615738
v -0.02551620 -0.00697689 0.08965142
v -0.02460843 -0.01124585 0.08848720
v -0.02417649 -0.01096836 0.08421751
v -0.02539348 -0.00721490 0.08219900
v -0.02071215 -0.01807170 0.08758186
v -0.02089874 -0.01834508 0.08844336
v -0.02013925 -0.01919821 0.08827906
v -0.01936499 -0.02002406 0.08751833
v -0.02005924 -0.02007949 0.08862612
v -0.01960945 -0.01928891 0.08281278
v -0.02072619 -0.01794808 0.07868055
v -0.02051560 -0.01773254 0.07236663
v -0.02610880 -0.00428631 0.08162996
v -0.01077190 -0.01558410 0.03286910
v -0.01008467 -0.01742902 0.03645275
v -0.01925500 -0.01778350 0.06561960
v -0.02578590 -0.00357534 0.08777777
v -0.02552588 -0.00500797 0.08974537
v -0.02563169 -0.00426014 0.08953275
v -0.02627894 -0.00248408 0.08218741
v -0.02644389 -0.00069780 0.08071501
v -0.02656338 -0.00109389 0.07390455
v -0.02601044 -0.00018343 0.08895309
v -0.02614359 0.00154450 0.09006404
v -0.02605117 -0.00419076 0.09035315
v -0.02587159 -0.00470698 0.08998478
v -0.02544462 -0.01071729 0.08902027
v -0.02572211 0.00383775 0.08930232
v -0.02602763 0.00396943 0.08997635
v -0.02603271 0.00662441 0.08951136
v -0.02542491 0.00538017 0.08852171
v -0.02594879 0.00178325 0.08741406
v -0.02620591 0.00168599 0.08109492
v -0.02637213 0.00168166 0.09033512
v -0.01803941 -0.02138756 0.08740881
v -0.01880749 -0.02106963 0.08847072
v -0.01822492 -0.02190342 0.08870560
v -0.01231658 -0.01618568 0.03880252
v -0.01216471 -0.01760130 0.04235388
v -0.01387563 -0.01586149 0.04216538
v -0.01528808 -0.01584328 0.04787972
v -0.01413251 -0.01787397 0.04936903
v -0.01635534 -0.01647206 0.05315351
v -0.01613767 -0.01777128 0.05654001
v -0.00219609 -0.01750913 0.01516938
v -0.01902885 -0.01891073 0.07111529
v -0.01834344 -0.02054627 0.08331613
v -0.01902301 -0.01953787 0.07799365
v -0.00562149 -0.01909461 0.02685338
v -0.00464960 -0.01894432 0.02321108
v -0.00333252 -0.01863534 0.01957602
v -0.00056371 -0.01721358 0.01246039
v 0.00271513 -0.01550187 0.00693833
v 0.00474966 -0.01553289 0.00559429
v -0.01221567 0.01401237 0.04580021
v -0.01153971 0.01477547 0.04388534
v -0.01154228 0.01398296 0.04214207
v -0.01060230 0.01508369 0.03971049
v -0.01187679 0.01542589 0.04635926
v -0.01245397 0.01520181 0.05096632
v -0.01250829 0.01412260 0.04931951
v -0.01310740 0.01407226 0.05346712
v -0.01084763 0.01432702 0.04006857
v -0.01035834 0.01395393 0.03706558
v -0.00937053 0.01479805 0.03369705
v -0.00952568 0.01395186 0.03227301
v -0.00896867 0.01639385 0.03278805
v -0.01363119 0.01499897 0.05662925
v -0.01399006 0.01381818 0.05656783
v -0.01468014 0.01445030 0.05939276
v -0.01494293 0.01540132 0.06085178
v -0.01542637 0.01420461 0.06192097
v -0.01603254 0.01526955 0.06529513
v -0.01626872 0.01414494 0.06529140
v -0.01675808 0.01501109 0.06886394
v -0.01691779 0.01426969 0.06858099
v -0.01756426 0.01523022 0.07267231
v -0.00855633 0.01479397 0.03018153
v -0.00763027 0.01632177 0.02746984
v -0.00725228 0.01583582 0.02517998
v -0.00781167 0.01931446 0.03030245
v -0.00595939 0.01757498 0.02309125
v -0.00618591 0.02140476 0.02724582
v -0.00776322 0.02188420 0.03281241
v -0.00918627 0.02150175 0.03689497
v -0.00936790 0.01897485 0.03530817
v -0.01052262 0.01932508 0.04000275
v -0.01063875 0.02226647 0.04294338
v -0.01130086 0.01958532 0.04399825
v -0.01160136 0.02244960 0.04771507
v -0.01249363 0.02047164 0.05079131
v -0.01289471 0.02276058 0.05356896
v -0.01721389 0.01620837 0.07140190
v -0.01393894 0.02054430 0.05677476
v -0.01398468 0.02271603 0.05829424
v -0.01480693 0.02232608 0.06185239
v -0.01839442 0.01703502 0.07630596
v -0.01894609 0.01583581 0.07847547
v -0.01972184 0.01865436 0.08331304
v -0.02034044 0.01655985 0.08448186
v -0.01204672 0.01636692 0.04800093
v -0.01816760 0.01967314 0.07531858
v -0.01741014 0.01905495 0.07162510
v -0.01618172 0.01774804 0.06549095
v -0.01627871 0.01973726 0.06601493
v -0.01661690 0.02220617 0.06950052
v -0.01485623 0.01796906 0.06019233
v -0.01275154 0.01695531 0.05236615
v -0.01384698 0.01890075 0.05647528
v -0.01736679 0.02212100 0.07341030
v -0.01909573 0.02052888 0.08182159
v -0.02024979 0.01917106 0.08666746
v -0.02089287 0.01663222 0.08699283
v -0.01996790 0.01472740 0.08139850
v -0.01929933 0.01482610 0.07892467
v -0.02083141 0.01907574 0.08840991
v -0.01862501 0.01482994 0.07616738
v -0.02149465 0.01596710 0.08830326
v -0.02081576 0.01513718 0.08469269
v -0.01133559 0.02483276 0.05045141
v -0.01265557 0.02440643 0.05518262
v -0.00504718 0.02221715 0.02488516
v -0.00466037 0.01782692 0.01911888
v -0.01961798 0.02121841 0.08728397
v -0.01803791 0.02206328 0.07818273
v -0.01545779 0.02397309 0.06746141
v -0.01424982 0.02413626 0.06260513
v -0.02059964 0.02073703 0.08903145
v -0.01672688 0.02369621 0.07343550
v -0.00930771 0.02362819 0.04034833
v -0.01862606 0.02237856 0.08417321
v -0.01811031 0.01399687 0.07257657
v -0.01006730 0.02477930 0.04517255
v -0.00349437 0.02170378 0.02042302
v -0.00305478 0.01803975 0.01498451
v -0.00608279 0.01644450 0.02116947
v -0.00504972 0.02384699 0.02746553
v -0.01582390 0.01311306 0.06070037
v -0.02288555 0.01252802 0.08702496
v -0.02248945 0.01399775 0.08821292
v -0.00830337 0.01437168 0.02715162
v -0.01635530 0.02450357 0.07446507
v -0.02401869 0.01131911 0.08849301
v -0.02387197 0.01065998 0.08771391
v -0.02464295 0.00860233 0.08825915
v -0.02470303 0.00745457 0.08641091
v -0.02546004 0.00445888 0.08763337
v -0.02387106 0.00977172 0.08542737
v -0.02308584 0.01115593 0.08265899
v -0.02535913 0.00731258 0.08918525
v -0.02504939 0.00605295 0.08068481
v -0.02389925 0.00887659 0.07620523
v -0.02496777 0.00581264 0.07299845
v -0.02588577 0.00320620 0.07629084
v -0.02548031 0.00322978 0.06729542
v -0.02620362 0.00147554 0.07235055
v -0.02458790 0.00393948 0.05873456
v -0.02420945 0.00680692 0.06804232
v -0.02327219 0.00958105 0.07174593
v -0.02342118 0.00632068 0.05645696
v -0.02374698 0.00412023 0.05298606
v -0.02239385 0.00666668 0.04953503
v -0.02279593 0.00416813 0.04811302
v -0.02142079 0.00657993 0.04473953
v -0.02083281 0.00844867 0.04599348
v -0.02022880 0.00710745 0.04092727
v -0.01908988 0.00942418 0.04088760
v -0.01845182 0.00821150 0.03670305
v -0.01542404 0.02492561 0.07009436
v -0.01390565 0.02489302 0.06301856
v -0.02182698 0.00823025 0.05129506
v -0.02279502 0.00887546 0.06545007
v -0.00734577 0.02292672 0.03338761
v -0.01704445 0.00963469 0.03473929
v -0.01244924 0.02514259 0.05642062
v -0.01549887 0.00927929 0.02994054
v -0.02178366 0.01345125 0.08417711
v -0.01964772 0.01402667 0.07797733
v -0.00766740 0.01467051 0.02278258
v -0.02303380 0.01081939 0.07726061
v -0.02025532 0.00945351 0.04639950
v -0.02098990 0.00927393 0.05064143
v -0.02241234 0.01110576 0.07251185
v -0.00503172 0.02561083 0.03141178
v -0.00706482 0.02489349 0.03665720
v -0.00860547 0.02601013 0.04332183
v -0.00752298 0.02673467 0.04098332
v -0.00567437 0.02668623 0.03531932
v -0.01300329 0.01349529 0.04994570
v -0.02218477 0.01236302 0.08167889
v -0.00556047 0.01567297 0.01658821
v -0.00367368 0.02374093 0.02368891
v -0.01934646 0.02259125 0.08844281
v -0.01844549 0.00674823 0.03517872
v -0.02215566 0.00864985 0.05974788
v -0.01805680 0.02367740 0.08783473
v -0.01392746 0.01311999 0.05396793
v -0.00980904 0.02631696 0.04875395
v -0.01722704 0.01307013 0.06584403
v -0.02144846 0.01038355 0.06442150
v -0.00190516 0.02150460 0.01662559
v -0.01624331 0.00697069 0.02970833
v -0.01361691 0.00969213 0.02534594
v -0.01243395 0.00965185 0.02204362
v -0.01146785 0.01089810 0.02180898
v -0.01444883 0.01095268 0.03051614
v -0.01269280 0.01114247 0.02592747
v -0.00940902 0.01085710 0.01659886
v -0.01028919 0.00972284 0.01693633
v -0.01682465 0.02442726 0.08022360
v -0.00806758 0.01367505 0.01972389
v -0.00837375 0.01254163 0.01748902
v -0.01297291 0.01317509 0.04512836
v -0.00737927 0.02758575 0.04375532
v -0.01234372 0.00724468 0.01970435
v -0.01470413 0.01298207 0.05660388
v -0.00649863 0.01342353 0.01463280
v -0.01683594 0.01104594 0.03799593
v -0.00384289 0.01576086 0.01286770
v -0.00963441 0.01362308 0.03055092
v -0.02118920 0.01315437 0.08022292
v -0.00163501 0.01761015 0.01170358
v -0.00368343 0.02469493 0.02576437
v -0.01727136 0.02419848 0.08596563
v -0.02168619 0.01183378 0.07208206
v -0.01221609 0.02596148 0.05902101
v -0.01526971 0.02574712 0.07434887
v -0.01868868 0.01084052 0.04487635
v -0.00403903 0.02602661 0.03010878
v -0.00565763 0.01299489 0.01240726
v -0.00979764 0.01245517 0.02148761
v -0.02569203 0.00087094 0.06349984
v -0.01437179 0.02615863 0.07081733
v -0.01258602 0.02624389 0.06287312
v -0.02477730 0.00178522 0.05696827
v -0.02083488 0.01002146 0.05847453
v -0.02066917 0.01128048 0.06545744
v -0.00054800 0.02180316 0.01465132
v -0.00096297 0.02292183 0.01716590
v -0.00909341 0.01344787 0.02390999
v -0.01936977 0.01082725 0.05039746
v -0.01861758 0.01316947 0.07115216
v -0.00574091 0.02787689 0.03941546
v -0.01543301 0.02583354 0.08074606
v -0.02635776 -0.00048473 0.06975119
v -0.01029148 0.02684926 0.05453196
v -0.01767095 0.02514500 0.08893305
v -0.00472044 0.02757508 0.03552160
v -0.01232322 0.01311345 0.04094861
v -0.01993807 0.01319794 0.07509030
v -0.02072931 0.01221449 0.07072256
v -0.01500098 0.02628703 0.08664705
v -0.01608940 0.02567998 0.08805159
v -0.01429067 0.02752330 0.08816984
v -0.01257157 0.02853296 0.08671901
v -0.01251832 0.02912637 0.08813699
v -0.01071760 0.03119281 0.08814189
v -0.01043542 0.03116339 0.08691653
v -0.01124495 0.02983242 0.08282524
v -0.00934004 0.03249676 0.08237018
v -0.01066369 0.03012108 0.07985393
v -0.00865359 0.03318538 0.08054208
v -0.00984422 0.02967222 0.07311729
v -0.00813994 0.03230844 0.07448089
v -0.00754622 0.03277807 0.07363796
v -0.00960226 0.02940579 0.07046285
v -0.00789118 0.03012878 0.06675735
v -0.01250749 0.02818318 0.08040670
v -0.00851416 0.03341106 0.08462157
v -0.00920843 0.03249608 0.08806455
v -0.00602153 0.03151259 0.06581012
v -0.01135081 0.02815755 0.07170405
v -0.01389347 0.02704266 0.08041128
v -0.00976157 0.02823461 0.06530718
v -0.00665855 0.02977260 0.06020274
v -0.00878484 0.03293186 0.08882193
v -0.01974377 0.01088871 0.05834850
v -0.00647219 0.03330642 0.07260460
v -0.00228978 0.02807041 0.03213834
v -0.00640208 0.03397741 0.07535543
v -0.01030041 0.01275432 0.02483133
v -0.01346076 0.01174350 0.03065504
v -0.01140866 0.01322951 0.03750516
v -0.00107895 0.02499938 0.02199100
v 0.00073645 0.02658362 0.02172024
v -0.00161064 0.02668005 0.02766977
v -0.00097443 0.02686631 0.02704776
v 0.00107079 0.02826279 0.02585770
v 0.00033525 0.02918267 0.02937181
v -0.00052130 0.03019351 0.03345134
v -0.00282409 0.02865373 0.03513878
v -0.00110382 0.03037074 0.03640157
v -0.00259769 0.02989893 0.04013975
v 0.00122979 0.02568796 0.01896074
v 0.00130314 0.02403197 0.01576374
v -0.00887787 0.02831254 0.06147878
v 0.00105711 0.02175098 0.01257748
v -0.00882887 0.02762245 0.05221508
v -0.01057390 0.01336661 0.03314063
v -0.02165302 0.01850006 0.08929425
v -0.00732342 0.03420695 0.08123605
v 0.00002897 0.03152429 0.03882748
v -0.00001273 0.03240180 0.04257789
v -0.00158544 0.03270646 0.04831280
v -0.00293907 0.03149695 0.04791378
v -0.00312828 0.03222970 0.05318973
v -0.00567557 0.02938463 0.04922893
v -0.00610860 0.02965978 0.05395441
v -0.00432754 0.02969749 0.04497609
v -0.00363211 0.03227790 0.06015848
v -0.01288861 0.02693296 0.06919274
v -0.00452646 0.03199320 0.06340123
v -0.00182128 0.03327564 0.05372493
v -0.00248817 0.03318236 0.06123044
v -0.00328718 0.03331086 0.06646099
v -0.00494400 0.03226310 0.06600181
v -0.01580611 0.01167621 0.03768854
v -0.00011622 0.03370533 0.04841569
v -0.01771042 0.01232359 0.06339046
v -0.01605198 0.02665509 0.08887058
v -0.02244860 0.01564015 0.08927218
v -0.02317822 0.01418898 0.08932030
v -0.02401476 0.01275120 0.08922012
v -0.01740721 0.01158218 0.04440768
v -0.01424666 0.00696682 0.02453568
v -0.01142206 0.03120910 0.08892383
v -0.01620937 0.01231810 0.05696865
v -0.02508166 0.00994777 0.08921675
v -0.00794552 0.03335675 0.08850264
v -0.00724885 0.03404170 0.08684717
v -0.01971251 0.02312913 0.08913488
v -0.01868363 0.01150518 0.05924851
v 0.00346572 0.02346783 0.01275974
v 0.00287195 0.02511638 0.01605674
v -0.01805930 0.01156577 0.05061117
v -0.01480691 0.01253293 0.05207162
v -0.01213622 0.01239110 0.03014296
v -0.01405442 0.01232998 0.03660088
v -0.01562566 0.01209832 0.04130387
v -0.01402657 0.01267803 0.04453425
v -0.01618357 0.01209626 0.04538808
v -0.01524675 0.02884498 0.08955990
v 0.02981769 0.03307585 0.09075548
v 0.03326332 0.02999575 0.09004781
v 0.03070610 0.03256401 0.08922133
v 0.03226131 0.03111489 0.08918114
v 0.02742168 0.03506855 0.09086607
v 0.02866722 0.03429494 0.08917965
v 0.03217298 0.03068921 0.09104274
v 0.02693072 0.03562610 0.08920572
v 0.02479188 0.03707621 0.08916945
v 0.02316217 0.03802988 0.09008233
v 0.02379272 0.03746986 0.09111776
v 0.02030389 0.03943564 0.09080749
v 0.02163513 0.03876035 0.08920978
v 0.01958227 0.03971303 0.08917385
v 0.01667470 0.04116464 0.09062013
v 0.01760497 0.04062998 0.08911589
v 0.01611998 0.04116899 0.08920936
v 0.01352453 0.04207520 0.08929958
v 0.01326400 0.04240517 0.09069567
v 0.01178269 0.04283376 0.08947085
v 0.00933194 0.04360380 0.09053225
v 0.01196427 0.04293898 0.08916176
v 0.00798052 0.04346762 0.08930588
v -0.03868675 -0.03618143 -0.09573377
v -0.04143754 -0.03290810 -0.09573667
v -0.04009699 -0.03457270 -0.09721791
v -0.04286211 -0.03116353 -0.09629336
v -0.04194062 -0.03223108 -0.09735851
v -0.03622787 -0.03862386 -0.09728881
v -0.03613868 -0.03872272 -0.09571741
v -0.04440030 -0.02892964 -0.09732529
v -0.04445632 -0.02884718 -0.09569615
v -0.04631586 -0.02592323 -0.09573997
v -0.04629314 -0.02600542 -0.09728130
v -0.03465427 -0.03998104 -0.09727472
v -0.03171391 -0.04232310 -0.09570254
v -0.03182617 -0.04227020 -0.09719735
v -0.02985725 -0.04355366 -0.09726739
v -0.02714507 -0.04529971 -0.09569169
v -0.02616734 -0.04591476 -0.09724105
v 0.00654039 0.05117946 -0.09570626
v 0.00874296 0.05080618 -0.09640580
v 0.00610549 0.05130385 -0.09729995
v 0.00294886 0.05176198 -0.09567001
v 0.00250649 0.05183006 -0.09717844
v -0.00108423 0.05207655 -0.09661133
v -0.00169962 0.05201407 -0.09568431
v -0.00649164 0.05187015 -0.09713561
v -0.00772789 0.05177087 -0.09572641
v -0.00174290 0.05197882 -0.09728459
v -0.01011015 0.05140634 -0.09708148
v 0.01228169 0.04987461 -0.09724647
v 0.01245528 0.04977084 -0.09566036
v -0.01298940 0.01176910 0.05347106
v -0.01516216 0.01138036 0.05285398
v -0.01398553 0.01159887 0.04859612
v -0.01197603 0.01211248 0.04918271
v -0.01546215 0.01146335 0.05613445
v -0.01590844 0.01097999 0.04527495
v -0.01354599 0.01176681 0.04424768
v -0.01179066 0.01238242 0.04656187
v -0.01191168 0.01232122 0.04145952
v -0.01211340 0.01209077 0.05236075
v -0.01716681 0.01058365 0.04893968
v -0.01835611 0.01033618 0.05783163
v -0.01332282 0.01148687 0.04028721
v -0.01559360 0.01069310 0.04123085
v -0.01277737 0.01215451 0.05586198
v -0.01458203 0.01221592 0.05958022
v -0.01602311 0.01154496 0.05906481
v -0.01439253 0.01061064 0.03734299
v -0.01646873 0.01197409 0.06323052
v -0.01806219 0.01101989 0.06305949
v -0.01098082 0.01157169 0.03187107
v -0.01019737 0.01223549 0.03562510
v -0.01293408 0.01074141 0.03316040
v -0.01820693 0.00989542 0.04776032
v -0.00905426 0.01284404 0.03423832
v -0.00844011 0.01268126 0.02877510
v -0.01712116 0.01274358 0.07032062
v -0.01085541 0.01078444 0.02808554
v -0.01609907 0.01006564 0.03983889
v -0.01889914 0.01051483 0.06353984
v -0.01071093 0.01294449 0.04078334
v -0.01111385 0.01283780 0.04547401
v -0.01970863 0.01162927 0.07402935
v -0.01541033 0.01285662 0.06422123
v -0.01462253 0.00984824 0.03465035
v -0.01401623 0.01291786 0.06096279
v -0.01299854 0.01282933 0.05815730
v -0.00954123 0.01084668 0.02314066
v -0.01134020 0.01285025 0.04862712
v -0.02009191 0.00900507 0.05870916
v -0.01881841 0.01281005 0.07609342
v -0.01913920 0.01328387 0.07901767
v -0.00794495 0.01207748 0.02235509
v -0.01832766 0.00919190 0.04484480
v -0.01644388 0.01367513 0.07161135
v -0.02031571 0.00928995 0.06408273
v -0.02015652 0.01037936 0.06920327
v -0.02078487 0.01143628 0.07800594
v -0.01969424 0.01313803 0.08083251
v -0.01918327 0.00909968 0.04896099
v -0.00733163 0.01196430 0.01964196
v -0.01615262 0.00919704 0.03709730
v -0.00709209 0.01379804 0.02757710
v -0.01238128 0.00958591 0.02850686
v -0.01187798 0.00936338 0.02667100
v -0.00632641 0.01340599 0.02013947
v -0.01479858 0.01369341 0.06484101
v -0.01456337 0.00877245 0.03190197
v -0.02085179 0.01237477 0.08361420
v -0.02141706 0.01020768 0.07529865
v -0.01004112 0.01371762 0.04093227
v -0.01060728 0.01354715 0.04447539
v -0.02115933 0.00831513 0.06463802
v -0.01062966 0.00952705 0.02296459
v -0.00972114 0.00951388 0.02052035
v -0.02005264 0.00817382 0.05034284
v -0.00541619 0.01238887 0.01532789
v -0.00455243 0.01447557 0.01647343
v -0.01767283 0.01488418 0.07807206
v -0.01923340 0.00821744 0.04574035
v -0.02147773 0.00683845 0.05601710
v -0.00915083 0.01370905 0.03724910
v -0.01997838 0.01371687 0.08341941
v -0.01195837 0.01273515 0.05382947
v -0.01773255 0.00785515 0.03931233
v -0.01622598 0.00803585 0.03528283
v -0.00569805 0.01483912 0.02263865
v -0.00419119 0.01621458 0.01907593
v -0.00212324 0.01719063 0.01530838
v -0.02211657 0.00922124 0.07563685
v -0.02210957 0.00996924 0.08220549
v -0.02250039 0.01003572 0.08634733
v -0.02208360 0.00817807 0.07107251
v -0.02219229 0.00676966 0.06502725
v -0.02172678 0.00587962 0.05240369
v -0.01360195 0.01379301 0.06143101
v -0.01601241 0.01479418 0.07254614
v -0.02095582 0.01445935 0.09015427
v -0.02187635 0.01259345 0.09020378
v -0.00325539 0.01477061 0.01408259
v -0.00869800 0.00911379 0.01762532
v -0.01906437 0.01575615 0.08459657
v -0.01884426 0.01795472 0.09023937
v -0.00845326 0.01370773 0.03381015
v -0.00747166 0.01440693 0.03080431
v -0.00661252 0.01445625 0.02698037
v -0.00034698 0.01801755 0.01330476
v -0.01519998 0.01463989 0.06869765
v -0.01834858 0.01685070 0.08404644
v -0.01190028 0.00781008 0.02389968
v -0.01333053 0.00698318 0.02705310
v -0.02200694 0.00574642 0.05556062
v -0.00090720 0.02090664 0.01744278
v 0.00088351 0.02150587 0.01557081
v -0.00258975 0.01791238 0.01731038
v -0.00260346 0.02081225 0.02125142
v -0.00429809 0.01707047 0.02115098
v -0.00205936 0.02286920 0.02324892
v -0.00365652 0.02089220 0.02370539
v -0.00401115 0.02327418 0.02782788
v -0.00485206 0.02124418 0.02715913
v -0.00634477 0.02102582 0.03178578
v -0.00505362 0.02317954 0.03135233
v -0.00407324 0.02453955 0.03135878
v -0.00637696 0.02282923 0.03451525
v -0.00642748 0.02422703 0.03713758
v -0.00768256 0.02310027 0.03893998
v -0.00791110 0.02505013 0.04480258
v -0.00880669 0.02429071 0.04619796
v -0.00955823 0.02243207 0.04536166
v -0.01083768 0.02228595 0.05228943
v -0.00958121 0.02466100 0.05209203
v -0.01108712 0.02424164 0.05680368
v -0.00772679 0.02141282 0.03633310
v -0.00861372 0.02083371 0.03893980
v -0.02041494 0.00595690 0.04627687
v -0.01906661 0.00699693 0.04286328
v -0.01170387 0.02306452 0.05701142
v -0.01251669 0.02282844 0.06047225
v -0.01270062 0.02375381 0.06392329
v -0.01454351 0.02230832 0.06864576
v -0.01221685 0.02450110 0.06414903
v -0.01391575 0.02389638 0.06929829
v -0.01456264 0.02358641 0.07214641
v -0.01517101 0.02190766 0.07118918
v -0.01444520 0.01450670 0.06492458
v -0.01338204 0.01445380 0.06094645
v -0.01829032 0.00654223 0.03921558
v -0.02300624 0.00707923 0.07534251
v -0.02289454 0.00534162 0.06553182
v -0.01756546 0.01940871 0.08595851
v -0.01721920 0.02105406 0.09027427
v -0.01600879 0.02202593 0.07894201
v -0.01473350 0.02398222 0.07978017
v -0.01546500 0.02313429 0.08375162
v -0.01669624 0.02104920 0.08332326
v -0.01644994 0.02215897 0.08797453
v -0.01664407 0.01674707 0.07700184
v -0.00481885 0.01725517 0.02314348
v -0.02304206 0.00774984 0.08201977
v -0.00959418 0.01448744 0.03997496
v -0.01142570 0.01341453 0.05099098
v -0.01412621 0.02102633 0.06460850
v -0.01712069 0.01949956 0.08236331
v -0.01581493 0.02040093 0.07322008
v -0.01084202 0.02049801 0.04860188
v -0.01077872 0.01409435 0.04600803
v -0.02140383 0.00491432 0.04917990
v -0.01605029 0.02273931 0.08957445
v -0.01802854 0.02026478 0.09113701
v -0.01739427 0.02178461 0.09155972
v -0.01708168 0.00635095 0.03574936
v -0.01026937 0.00745092 0.01961970
v -0.02279276 0.01000192 0.09019507
v -0.01921276 0.00597999 0.04213089
v -0.00487038 0.01933118 0.02515383
v -0.02301429 0.00375227 0.05927313
v -0.01560942 0.00656907 0.03221142
v -0.00989664 0.02098223 0.04480003
v -0.01124479 0.02103106 0.05230962
v -0.01748448 0.01738750 0.08100377
v -0.00660944 0.01861738 0.02997077
v -0.00755400 0.01923902 0.03374399
v -0.01287391 0.02103479 0.05961231
v -0.01271933 0.01385753 0.05833659
v -0.02355138 0.00519307 0.07410320
v -0.01441148 0.00591834 0.02878953
v -0.00734411 0.00896893 0.01495325
v -0.02117526 0.01538224 0.09150606
v -0.01949809 0.01797633 0.09146297
v -0.02359651 0.00287146 0.06471970
v -0.01519602 0.02379926 0.09032320
v -0.00806473 0.01483815 0.03342590
v -0.02214004 0.00413541 0.05208466
v -0.02309170 0.01035846 0.09120010
v -0.01671286 0.01891292 0.07829510
v -0.02279408 0.00289137 0.05587305
v -0.01510386 0.02023425 0.06864160
v -0.00610849 0.01649379 0.02690657
v -0.02231305 0.01322860 0.09151311
v -0.02363162 0.00564222 0.08279448
v -0.01555681 0.01622640 0.07188120
v -0.00233296 0.01183912 0.00998964
v -0.00541287 0.00940856 0.01245840
v -0.00937455 0.01890875 0.04051620
v -0.02347243 0.00726967 0.09019558
v -0.02405473 0.00673564 0.09149588
v -0.00792940 0.01816597 0.03432203
v -0.02400605 0.00315040 0.07385811
v -0.01194986 0.01360187 0.05454798
v -0.01170723 0.01921203 0.05313293
v -0.00034953 0.01520221 0.01039642
v -0.01090495 0.01849786 0.04748593
v -0.00963244 0.01650380 0.04086094
v -0.02397126 0.00334291 0.07764109
v -0.01341195 0.01821001 0.06027403
v -0.02413060 0.00104701 0.06879661
v -0.01437154 0.01839112 0.06400449
v -0.02339774 0.00058390 0.05847814
v 0.00120112 0.01937367 0.01281500
v -0.02406474 -0.00033713 0.06494565
v -0.02387473 0.00484611 0.09033703
v -0.02395454 0.00361661 0.08350851
v -0.01464157 0.01594722 0.06612295
v -0.01178351 0.01737724 0.05265952
v 0.00163125 0.01612815 0.00904489
v -0.01576564 0.01802565 0.07269127
v -0.02427478 0.00066284 0.07412224
v -0.01504656 0.01805450 0.06763538
v -0.02430246 -0.00039681 0.07492657
v -0.02362346 0.00999442 0.09169839
v 0.00316265 0.01809567 0.00953594
v -0.01217106 0.01524106 0.05474489
v 0.00324223 0.02086236 0.01260306
v 0.01048718 0.03487069 0.05651686
v 0.00699290 0.03343280 0.05500295
v 0.00917848 0.03390910 0.05357598
v 0.00787643 0.03381324 0.05667591
v 0.00556589 0.03296550 0.05903917
v 0.00640263 0.03346578 0.06107787
v 0.00577709 0.03347053 0.06435638
v 0.00371246 0.03284302 0.06710299
v 0.00538804 0.03340898 0.06767794
v 0.00362983 0.03262441 0.07030447
v 0.00606350 0.03352212 0.06955874
v 0.00502399 0.03283020 0.05860970
v 0.00728933 0.03445550 0.06517935
v 0.00773764 0.03455246 0.06805010
v 0.01056246 0.03652466 0.06338924
v 0.00973816 0.03594708 0.06204611
v 0.01084840 0.03654956 0.06196497
v 0.01073220 0.03575105 0.05912092
v 0.00955161 0.03548981 0.06784662
v 0.00913382 0.03384021 0.05095773
v 0.00600614 0.03281883 0.07260569
v 0.00384853 0.03203124 0.07407604
v 0.00866195 0.03401285 0.07147927
v 0.01236782 0.03687646 0.06271178
v 0.01171553 0.03660785 0.06481113
v 0.00348158 0.03272520 0.06382324
v 0.00188691 0.03248682 0.06811575
v 0.00195238 0.03206521 0.07282534
v 0.01071011 0.03551787 0.06910117
v 0.00008608 0.03224027 0.06430230
v -0.00114205 0.03208698 0.06847303
v 0.00155008 0.03248907 0.05926246
v -0.00198691 0.03165269 0.06560723
v -0.00286911 0.03093655 0.06046545
v -0.00000618 0.03217006 0.06085052
v 0.00011887 0.03231753 0.05608801
v -0.00223360 0.03125762 0.05541936
v -0.00003226 0.03220717 0.05241038
v 0.00221863 0.03290029 0.05409207
v 0.00268176 0.03305796 0.05043577
v -0.00001782 0.03204220 0.04998508
v 0.00176896 0.03246545 0.04734173
v -0.00335902 0.03136762 0.06703588
v 0.00535090 0.03362300 0.04836286
v 0.00546993 0.03359004 0.05053958
v -0.00399904 0.03168701 0.07128070
v -0.00582127 0.03120466 0.07262386
v -0.00596939 0.03132565 0.07459156
v -0.00337364 0.03192086 0.07304092
v -0.00439140 0.03169928 0.07727638
v -0.00597413 0.03116148 0.08031806
v 0.00533089 0.03312140 0.04528542
v -0.00413392 0.03030283 0.06193262
v -0.00032241 0.03215186 0.07122030
v 0.00340222 0.03196745 0.04217032
v -0.00425713 0.03117582 0.08285690
v -0.00533515 0.03100910 0.08287642
v -0.00389633 0.03072342 0.08740449
v -0.00619806 0.03030943 0.08676209
v -0.00486642 0.03009916 0.09016285
v 0.00655279 0.03327740 0.04512370
v -0.00692477 0.02941531 0.09017324
v 0.01043722 0.03400723 0.05327364
v -0.00678416 0.03073712 0.08014878
v -0.00308837 0.03059311 0.05281119
v 0.00022074 0.03071611 0.04243594
v 0.00256192 0.03091095 0.03897745
v -0.00105336 0.03106834 0.04768568
v 0.00050580 0.02928021 0.03484138
v 0.00150266 0.02957737 0.03394756
v 0.00317416 0.03044069 0.03557761
v 0.00332673 0.03032886 0.03407170
v 0.00542187 0.03122302 0.03750601
v 0.00650360 0.03203686 0.03994384
v -0.00529856 0.02996551 0.06473063
v -0.00632924 0.03052235 0.07030563
v -0.00542073 0.03027816 0.09147121
v -0.00746876 0.02952011 0.09143539
v -0.00195289 0.03093835 0.09130191
v -0.00847775 0.02920902 0.08593681
v -0.00878766 0.02850127 0.09015083
v -0.00915347 0.02869304 0.09145179
v -0.00487353 0.02941746 0.05609565
v -0.00708273 0.03046434 0.07312219
v 0.00576471 0.03045274 0.03392735
v 0.00805323 0.03357339 0.04670476
v -0.00181316 0.03062459 0.08953522
v -0.00045575 0.03067104 0.09035369
v -0.00814456 0.02980550 0.07978111
v -0.01090058 0.02741318 0.08784637
v -0.01194946 0.02652493 0.09022909
v -0.00287283 0.03162659 0.07874070
v 0.00098676 0.02764986 0.02919639
v -0.00003483 0.02772430 0.03115380
v -0.00646892 0.02868127 0.06192451
v -0.00917932 0.02782530 0.06814942
v -0.00937614 0.02698873 0.06312206
v -0.00889793 0.02634660 0.05578565
v -0.00809631 0.02687229 0.05448194
v -0.01065268 0.02649125 0.06620844
v -0.00130703 0.02855934 0.03722681
v -0.00254651 0.02892051 0.04270297
v -0.00305450 0.02666400 0.03401050
v -0.00333312 0.02741668 0.03734498
v -0.00629880 0.02733696 0.04766764
v -0.00505170 0.02859451 0.04996142
v -0.01105378 0.02759342 0.09151873
v -0.01029094 0.02798386 0.08243675
v -0.01251641 0.02549789 0.06939276
v -0.01013079 0.02790941 0.07427446
v -0.01299189 0.02578480 0.08772818
v -0.01222208 0.02622775 0.07424117
v -0.01349147 0.02529913 0.08319672
v -0.01278724 0.02628473 0.09147146
v -0.00785825 0.02638450 0.05001825
v 0.00346416 0.02938311 0.03163083
v 0.00219471 0.02781920 0.02798713
v 0.00143548 0.02672310 0.02525005
v 0.00298196 0.02712572 0.02429334
v 0.00453979 0.02804905 0.02699226
v 0.00218150 0.02563064 0.02147606
v 0.00375740 0.02655227 0.02220996
v 0.00297142 0.02443569 0.01803078
v -0.00118554 0.02501956 0.02624722
v -0.00311708 0.02425354 0.02771711
v 0.00054326 0.02561035 0.02412975
v -0.00288784 0.02556336 0.03107918
v -0.00448579 0.02633662 0.03684292
v -0.00556347 0.02648507 0.04140262
v 0.00126606 0.02443278 0.02007037
v -0.01483360 0.02416542 0.08828072
v -0.01379687 0.02476332 0.07421048
v -0.01069390 0.02493121 0.05748131
v -0.00904025 0.02573808 0.05337494
v -0.01515930 0.02433948 0.09153712
v 0.00630402 0.02979041 0.03152540
v 0.00170398 0.02312466 0.01702374
v 0.00567200 0.02755377 0.02462986
v 0.00537812 0.02686963 0.02236785
v 0.00537501 0.02892609 0.02937556
v 0.00039981 0.02295091 0.01849703
v 0.01304329 0.03660170 0.06135823
v 0.00486959 0.02412972 0.01647149
v 0.00576968 0.02452092 0.01705546
v 0.00351349 0.02336481 0.01580087
v 0.01186597 0.03514200 0.05704196
v 0.00630732 0.03178541 0.07597378
v 0.00031472 0.03058005 0.08821592
v 0.00184193 0.03024516 0.08554075
v 0.00284219 0.03143802 0.07620049
v 0.01203350 0.03578517 0.06865937
v 0.00727905 0.03111383 0.03703169
v 0.00758711 0.03044542 0.03399022
v -0.00058402 0.03181988 0.07544771
v 0.00782117 0.02800867 0.02706324
v 0.00450930 0.03051867 0.09015787
v 0.00500639 0.03068249 0.09080190
v 0.00969126 0.03374098 0.07286507
v 0.00763785 0.02747106 0.02469005
v 0.01342211 0.03661199 0.06467840
v 0.00984401 0.03355340 0.04874988
v 0.00699655 0.03004200 0.08754164
v 0.00656151 0.02999694 0.08541485
v 0.00192906 0.03033514 0.08234363
v 0.00709524 0.03019691 0.08264597
v 0.00306770 0.03051600 0.08057427
v 0.00756296 0.03095427 0.07908016
v 0.00860821 0.02981851 0.08449886
v 0.00800330 0.03213272 0.04077059
v 0.00948896 0.03215395 0.07595791
v 0.00777778 0.02679579 0.02277351
v 0.00738367 0.02560073 0.01994215
v 0.00885931 0.03051613 0.08037942
v -0.00185031 0.03089321 0.08413131
v -0.00143330 0.03128034 0.08019092
v 0.00104541 0.03159055 0.07594714
v 0.00482091 0.02082883 0.01172178
v 0.00850503 0.02995624 0.09033309
v 0.00620848 0.02139637 0.01222550
v 0.00584848 0.01866115 0.00855524
v 0.00705163 0.01908918 0.00888302
v 0.00975129 0.03126802 0.07775862
v 0.01381836 0.03584363 0.06776887
v 0.01253306 0.03525430 0.06997978
v 0.01171472 0.03405188 0.07234738
v 0.00488580 0.01694935 0.00729474
v 0.00369410 0.03143820 0.09175214
v -0.00309595 0.03118781 0.09181031
v -0.00581744 0.03085756 0.09205611
v 0.00714051 0.01697131 0.00658725
v 0.00909863 0.01722171 0.00687631
v 0.00797158 0.01564790 0.00547444
v 0.01017846 0.01559591 0.00560792
v 0.01151173 -0.00482622 -0.00189459
v 0.00898267 -0.00302314 -0.00231767
v 0.01103960 -0.00241979 -0.00245347
v 0.00778721 -0.00534313 -0.00184801
v 0.00772482 -0.00300130 -0.00241305
v 0.01036600 -0.00780289 -0.00088024
v 0.00764599 0.00013639 -0.00271324
v 0.01093079 0.00077528 -0.00263019
v 0.00876419 0.00124334 -0.00261439
v 0.00629002 -0.00229284 -0.00230097
v 0.00748250 0.00318450 -0.00245530
v 0.00654161 0.00124310 -0.00251794
v 0.00632961 -0.00462012 -0.00172314
v 0.01053246 0.00460740 -0.00203144
v 0.00883929 0.00466702 -0.00201265
v 0.00769375 0.00519258 -0.00194590
v 0.01160269 0.00368522 -0.00195317
v 0.01256296 0.00027167 -0.00205780
v 0.01257461 -0.00248991 -0.00193659
v 0.00790726 -0.00765484 -0.00077072
v 0.00803692 -0.01132057 0.00093925
v 0.00984309 -0.01161691 0.00096544
v 0.01164851 -0.01185122 0.00124176
v 0.01126937 -0.01384262 0.00235711
v 0.00639269 -0.01038992 0.00090138
v 0.00645814 -0.00690440 -0.00065329
v 0.00871284 -0.01388549 0.00257492
v 0.00654766 -0.01208033 0.00190393
v 0.00562116 -0.00911495 0.00068558
v 0.00826484 -0.01499939 0.00361225
v 0.01171546 -0.01575470 0.00388468
v 0.01306177 -0.01395114 0.00288140
v 0.01364124 -0.01507518 0.00393835
v 0.01390983 -0.01699547 0.00557872
v 0.01202087 -0.01765916 0.00578607
v 0.01464622 -0.01860387 0.00752948
v 0.01570826 -0.01624446 0.00585405
v 0.01684691 -0.01838494 0.00897402
v 0.01705658 -0.01586466 0.00656799
v 0.01274843 -0.01888202 0.00737116
v 0.01653571 -0.01994944 0.01090036
v 0.01836526 -0.01881210 0.01138798
v 0.01838434 -0.01617112 0.00855222
v 0.01861794 -0.02045421 0.01415889
v 0.01939669 -0.01684457 0.01107102
v 0.02003758 -0.01907823 0.01441207
v 0.02000968 -0.02062959 0.01615975
v 0.02152930 -0.01978268 0.01742275
v 0.02279716 -0.01749702 0.01774808
v 0.02124381 -0.01615811 0.01412868
v 0.02344080 -0.01911013 0.01997954
v 0.02283915 -0.02056441 0.02028524
v 0.02462048 -0.02036615 0.02349358
v 0.02351607 -0.02196184 0.02343655
v 0.02518144 -0.02201626 0.02711870
v 0.02598905 -0.02046911 0.02730456
v 0.02659122 -0.02221523 0.03149518
v 0.02153710 -0.02161139 0.01977306
v 0.02492516 -0.02358906 0.03009751
v 0.02622587 -0.02370600 0.03376364
v 0.02739617 -0.02345994 0.03724879
v 0.01481131 -0.01131365 0.00250585
v 0.01304822 -0.01024831 0.00083746
v 0.01410799 -0.00869462 0.00075329
v 0.01271118 -0.00588102 -0.00101068
v 0.01555531 -0.01358818 0.00391998
v 0.01634878 -0.01045319 0.00278721
v 0.01671540 -0.01224955 0.00391232
v 0.01485296 -0.00920443 0.00163292
v 0.01696987 -0.00767298 0.00209497
v 0.01806232 -0.00902401 0.00356545
v 0.01501499 -0.00615231 0.00083410
v 0.01372264 -0.00453463 -0.00063686
v 0.01670967 -0.00475081 0.00132743
v 0.01510502 -0.00377090 0.00045226
v 0.01790657 -0.00405742 0.00202611
v 0.01843855 -0.00483168 0.00266835
v 0.01823135 -0.01303053 0.00588202
v 0.01352250 -0.00106748 -0.00128443
v 0.01677636 -0.00014037 0.00123921
v 0.01526128 -0.00088502 0.00042037
v 0.01431663 -0.00109696 -0.00030062
v 0.01774160 0.00022970 0.00194655
v 0.01476363 0.00304222 0.00042581
v 0.01397173 0.00260816 -0.00027685
v 0.01303797 0.00149024 -0.00158790
v 0.01677325 0.00438112 0.00178452
v 0.01893924 -0.00026754 0.00316676
v 0.01967655 -0.00671021 0.00487764
v 0.01948861 -0.00414832 0.00389737
v 0.01250649 0.00666104 -0.00022295
v 0.01823535 0.00422436 0.00313803
v 0.01474279 0.00922923 0.00165766
v 0.01271116 0.00379059 -0.00118209
v 0.01295247 0.00945213 0.00075153
v 0.01643254 0.00989465 0.00312969
v 0.01162246 0.00787598 -0.00027928
v 0.01450056 0.01192413 0.00246645
v 0.01930179 -0.00977114 0.00579806
v 0.01557755 0.01209174 0.00345315
v 0.01931735 -0.01333281 0.00799071
v 0.02120848 -0.00804799 0.00878250
v 0.02217096 -0.00642990 0.00957416
v 0.02408371 -0.00687614 0.01318376
v 0.02302375 -0.00859114 0.01243733
v 0.02095651 -0.01010289 0.01003175
v 0.02197853 -0.01171309 0.01353349
v 0.02049375 -0.01393853 0.01128268
v 0.02177197 -0.01483898 0.01456541
v 0.02293632 -0.01639009 0.01765475
v 0.02274511 -0.01359977 0.01683465
v 0.02394789 -0.01722705 0.02040226
v 0.02498169 -0.01903563 0.02334781
v 0.02515128 -0.01754020 0.02377491
v 0.02428927 -0.01462523 0.02204657
v 0.02404082 -0.01334766 0.02095000
v 0.02604888 -0.01886891 0.02678889
v 0.02595664 -0.01326506 0.02762586
v 0.02550670 -0.01464463 0.02649096
v 0.02336798 -0.01229378 0.01769683
v 0.02676592 -0.01998845 0.03050500
v 0.02605396 -0.01546858 0.02952398
v 0.02690661 -0.02117982 0.03162046
v 0.02620467 -0.01465582 0.02994091
v 0.02777821 -0.02071345 0.03598026
v 0.02763539 -0.02199089 0.03550263
v 0.02845522 -0.02210182 0.03940045
v 0.02954206 -0.02045081 0.04465380
v 0.02940196 -0.02222458 0.04407279
v 0.02761204 -0.01680508 0.03811767
v 0.02903123 -0.01796048 0.04365782
v 0.02839474 -0.01605103 0.04056774
v 0.02918411 -0.01619915 0.04361813
v 0.02990371 -0.01833361 0.04753241
v 0.02725547 -0.01784933 0.03601655
v 0.02694300 -0.01590576 0.03501065
v 0.02666414 -0.01796494 0.03282540
v 0.02635311 -0.01599864 0.03194561
v 0.03019644 -0.01607701 0.04789977
v 0.03054957 -0.02024961 0.05107031
v 0.03012393 -0.02219839 0.04873152
v 0.03088099 -0.01999163 0.05364264
v 0.03089582 -0.01669055 0.05245971
v 0.03128553 -0.01811115 0.05655977
v 0.03117321 -0.01499635 0.05246326
v 0.03179595 -0.01442830 0.05824185
v 0.03060310 -0.02255452 0.05443580
v 0.03130348 -0.01985263 0.05899052
v 0.03170870 -0.01727865 0.06112460
v 0.03213060 -0.01389968 0.06502920
v 0.02763838 -0.01561227 0.03712641
v 0.03192523 -0.01650152 0.06873580
v 0.03217646 -0.01287552 0.07199689
v 0.03157552 -0.01894258 0.06508464
v 0.02659249 -0.01424307 0.03072539
v 0.03169040 -0.01636137 0.07349482
v 0.03183317 -0.01310717 0.08015150
v 0.03236272 -0.01269857 0.06292088
v 0.03183128 -0.01329429 0.05280841
v 0.03231720 -0.01120069 0.07721840
v 0.03000390 -0.02349646 0.05120405
v 0.03191136 -0.01249527 0.08300576
v 0.03261262 -0.01174239 0.06779743
v 0.03269344 -0.00937379 0.08373951
v 0.03215568 -0.01271382 0.08673294
v 0.03314892 -0.00818978 0.08680358
v 0.03344136 -0.00932644 0.08792951
v 0.03282791 -0.01204606 0.08827770
v 0.03404339 -0.00590802 0.08746507
v 0.03414181 -0.00445167 0.08613593
v 0.03465290 -0.00309500 0.08769885
v 0.03450267 -0.00224324 0.08542655
v 0.03489935 -0.00089918 0.08774104
v 0.03470686 0.00104298 0.08564852
v 0.03487422 0.00243621 0.08773582
v 0.03435698 0.00460782 0.08526549
v 0.03421319 0.00622165 0.08726313
v 0.03387844 0.00678977 0.08543744
v 0.03227899 0.01161964 0.08714063
v 0.03377040 0.00805484 0.08771806
v 0.03462511 0.00568977 0.08779582
v 0.03275050 0.01154398 0.08835868
v 0.03198435 0.01332267 0.08834147
v 0.03307890 0.00924163 0.08595034
v 0.03182071 0.01221120 0.08590086
v 0.03470016 0.00198338 0.08372705
v 0.03481262 -0.00026938 0.08224523
v 0.03491939 0.00428669 0.08008516
v 0.03511748 0.00170063 0.07986794
v 0.03444498 0.00686659 0.08037333
v 0.03334264 0.00974584 0.08153767
v 0.03208889 0.01190234 0.08356074
v 0.03468029 -0.00233022 0.08142672
v 0.03475860 -0.00425720 0.08810339
v 0.03519505 -0.00018262 0.07946163
v 0.03409606 -0.00460094 0.08326941
v 0.03048557 0.01445218 0.08721494
v 0.03177640 0.01344561 0.07953180
v 0.03028867 0.01496577 0.08265713
v 0.03379844 0.00857646 0.08797685
v 0.03423023 0.00937778 0.07816890
v 0.03453336 -0.00430258 0.08003765
v 0.03137618 0.01455616 0.08841849
v 0.03540993 -0.00221532 0.07789693
v 0.03296400 0.01201973 0.07829316
v 0.03066210 -0.02229407 0.06079337
v 0.03342289 -0.00711765 0.08245019
v 0.03529448 0.00719251 0.07712966
v 0.03570430 0.00428339 0.07728626
v 0.03139198 -0.01785206 0.07232691
v 0.03137048 -0.01942006 0.06708199
v 0.03123517 -0.01456398 0.08319611
v 0.03141206 -0.01511752 0.07902499
v 0.02473720 -0.01137121 0.02082077
v 0.03177264 -0.01482294 0.08834003
v 0.03152971 -0.01425974 0.08637521
v 0.03089676 -0.01471805 0.04851467
v 0.03440949 -0.00705293 0.08806794
v 0.03600066 0.00198161 0.07700815
v 0.03596436 -0.00028484 0.07702283
v 0.03368292 -0.00684321 0.08047996
v 0.02890991 -0.02372055 0.04483349
v 0.02489094 -0.00692943 0.01492443
v 0.02430460 -0.00967836 0.01702197
v 0.02837182 0.01728862 0.08644051
v 0.02984048 0.01613767 0.08822666
v 0.02796978 0.01808373 0.08727790
v 0.02901002 0.01776313 0.08828560
v 0.02658871 0.01948375 0.08688835
v 0.02707313 0.01964024 0.08786489
v 0.02690712 0.01883589 0.08315124
v 0.03050147 0.01529261 0.07926928
v 0.02800413 0.01774603 0.08198729
v 0.02399999 0.02231682 0.08673428
v 0.02470051 0.02246470 0.08812481
v 0.03151155 0.01482467 0.07739571
v 0.03516594 -0.00457434 0.07730970
v 0.02430771 0.02157305 0.08262123
v 0.02303763 0.02428287 0.08820907
v 0.02367922 0.02203319 0.07798034
v 0.02117856 0.02473090 0.08253836
v 0.02179124 0.02454203 0.08685236
v 0.02857831 0.01746354 0.07904811
v 0.02998672 -0.01554174 0.04542198
v 0.03669366 0.00905074 0.07274542
v 0.03489469 0.01213326 0.07364805
v 0.03795355 0.00654384 0.07134332
v 0.02589634 -0.01147326 0.02479770
v 0.03296303 -0.00922484 0.07808933
v 0.03271335 -0.01093054 0.07275346
v 0.03801294 0.00410639 0.07225516
v 0.03808945 0.00181067 0.07251038
v 0.03897567 0.00178476 0.06941826
v 0.03836622 -0.00084723 0.07143999
v 0.03913419 -0.00091721 0.06801824
v 0.03820607 -0.00384360 0.06961257
v 0.03904341 -0.00290000 0.06561091
v 0.03964319 -0.00043461 0.06392988
v 0.03941895 -0.00185582 0.06027988
v 0.03881718 -0.00405442 0.06321109
v 0.03874088 -0.00424519 0.05873553
v 0.03909868 -0.00220132 0.05520586
v 0.03851227 -0.00396969 0.05266801
v 0.03770399 -0.00646274 0.05483229
v 0.03702496 -0.00681487 0.04860811
v 0.03839926 -0.00468685 0.06597235
v 0.03400639 -0.00699963 0.07827989
v 0.03441980 -0.00709788 0.07664423
v 0.03772247 -0.00116821 0.07312447
v 0.03732907 -0.00428735 0.07248605
v 0.02787074 -0.02439901 0.04219774
v 0.01936094 0.02618317 0.07961016
v 0.01930642 0.02626728 0.07747025
v 0.02148862 0.02561346 0.08818475
v 0.01963757 0.02731648 0.08819486
v 0.02343956 0.02245678 0.07501239
v 0.02540365 0.02052377 0.07660035
v 0.01986412 0.02592472 0.07589904
v 0.01812165 0.02755244 0.07711372
v 0.03012660 0.01698792 0.07612209
v 0.03286822 0.01491004 0.07423400
v 0.01919834 0.02671861 0.08688025
v 0.01818404 0.02719481 0.08248399
v 0.02634195 0.02090331 0.08827436
v 0.01657948 0.02859885 0.07882537
v 0.01883369 0.02759053 0.07523138
v 0.01700603 0.02967345 0.07587254
v 0.02208082 0.02467975 0.07278051
v 0.01568732 0.02990941 0.07756774
v 0.01555070 0.03133140 0.07573461
v 0.01618960 0.02866803 0.08047503
v 0.01737574 0.02807797 0.08677447
v 0.01835879 0.02789765 0.08792633
v 0.02184350 0.02618733 0.07104118
v 0.01835232 0.03067328 0.07283576
v 0.03136670 0.01803394 0.07151942
v 0.03044127 0.01836535 0.07288075
v 0.03041594 0.01976157 0.07059500
v 0.02350536 0.02352954 0.07222803
v 0.02993622 -0.02404229 0.05655126
v 0.02818236 0.01860654 0.07599373
v 0.02594156 0.02064315 0.07463763
v 0.02064895 0.02659796 0.08834523
v 0.03774241 -0.00628727 0.06487583
v 0.02847311 0.01966198 0.08876566
v 0.03073710 -0.01984297 0.07092859
v 0.03719408 -0.00632911 0.06950525
v 0.03065340 -0.01617192 0.08176114
v 0.03026712 -0.01661073 0.08567742
v 0.03042978 -0.01790245 0.07746429
v 0.03040876 -0.01671203 0.08745009
v 0.03098636 -0.01655090 0.08837097
v 0.03273846 -0.01193041 0.06302676
v 0.03270722 -0.01225108 0.05658253
v 0.03005692 -0.02293036 0.06376876
v 0.02743100 -0.00629093 0.01960874
v 0.02675444 -0.00816059 0.02084271
v 0.02682253 -0.00989818 0.02456167
v 0.03670421 -0.00804561 0.05299437
v 0.02721321 -0.01469790 0.03330899
v 0.02908291 -0.01578598 0.04216822
v 0.03640432 -0.00642625 0.07245490
v 0.03682913 -0.00789386 0.05963934
v 0.02816535 -0.00788828 0.02359840
v 0.02689942 -0.01115699 0.02651832
v 0.02665059 -0.01297078 0.02868473
v 0.03546252 -0.00934566 0.04897459
v 0.03449503 -0.00989145 0.04379940
v 0.03649439 -0.00668803 0.04477631
v 0.03453649 -0.00902948 0.04102863
v 0.03208320 -0.01216051 0.03882037
v 0.03219688 -0.01047397 0.03502916
v 0.03067541 -0.01248893 0.03438104
v 0.03119484 -0.01027676 0.03171547
v 0.03375400 -0.00921280 0.07385523
v 0.03575897 -0.00763170 0.07159935
v 0.02901200 -0.00615981 0.02276363
v 0.03581083 -0.00922564 0.05230443
v 0.03226368 -0.01286004 0.04394814
v 0.02958228 -0.00888426 0.02713305
v 0.03625483 -0.00796122 0.06774274
v 0.03359977 -0.01039849 0.06877292
v 0.02915311 -0.01192379 0.03031097
v 0.03533377 -0.00979457 0.05615571
v 0.03275775 -0.01237410 0.04798372
v 0.03083160 -0.01393568 0.04049793
v 0.03383526 -0.01077407 0.06184970
v 0.02795212 -0.01377435 0.03225648
v 0.02975880 -0.01352772 0.03522927
v 0.03137186 0.01605273 0.04438913
v 0.03176141 0.01262827 0.04252515
v 0.03012291 0.01599138 0.03970086
v 0.03218490 0.01409541 0.04545564
v 0.03029583 0.01374269 0.03866536
v 0.02949556 0.01385012 0.03537155
v 0.02919406 0.01616548 0.03623413
v 0.02847016 0.01409024 0.03035181
v 0.03190798 0.01745897 0.04930794
v 0.02812010 0.01575617 0.03142677
v 0.03141177 0.01926361 0.05015985
v 0.03049219 0.01815649 0.04491822
v 0.02737148 0.01466517 0.02719073
v 0.02700905 0.01337557 0.02435999
v 0.03196337 0.01906114 0.05312727
v 0.03243725 0.01569910 0.05013032
v 0.03288037 0.01393379 0.04905637
v 0.03281954 0.01211310 0.04478387
v 0.03140658 0.02119071 0.05551790
v 0.03295886 0.00992358 0.04307744
v 0.03210572 0.01967097 0.05672397
v 0.03152662 0.02201997 0.05882879
v 0.02585020 0.01331163 0.02120765
v 0.02641783 0.01222241 0.02157150
v 0.02467165 0.01234910 0.01661366
v 0.02498701 0.01114594 0.01649080
v 0.02340705 0.01112258 0.01270722
v 0.03362595 0.01182245 0.04620717
v 0.02263163 0.01274888 0.01275512
v 0.02200526 0.01165273 0.01067616
v 0.03072596 0.02079681 0.05183537
v 0.02817385 0.01696566 0.03476113
v 0.02942924 0.01819680 0.04206963
v 0.03201143 0.02067974 0.06074812
v 0.03152605 0.02241819 0.06185045
v 0.03362843 0.01268222 0.04838317
v 0.03368698 0.01291102 0.05068782
v 0.03068734 0.02320605 0.05915831
v 0.02711286 0.01588340 0.02904798
v 0.03049386 0.02391273 0.06357727
v 0.03001777 0.02426982 0.06123764
v 0.02552668 0.01403000 0.02192965
v 0.02319931 0.01396721 0.01677810
v 0.02986847 0.01968953 0.04727700
v 0.03294624 0.01396975 0.05516194
v 0.03340311 0.01321817 0.05662458
v 0.03281905 0.01600590 0.06303076
v 0.03259351 0.01663543 0.06002465
v 0.03350951 0.01464176 0.06385527
v 0.03359995 0.01502392 0.06818576
v 0.03238241 0.01758402 0.06547521
v 0.03301431 0.01585377 0.07003892
v 0.03156880 0.01052497 0.04105440
v 0.02616776 0.01094687 0.02032751
v 0.03026149 0.01147204 0.03808714
v 0.02698996 0.01226128 0.02414210
v 0.02791287 0.01208646 0.02809577
v 0.03187831 0.01936695 0.06650950
v 0.03204354 0.01785134 0.06901912
v 0.03134821 0.02206864 0.06445859
v 0.03129226 0.00891622 0.03972003
v 0.02939186 0.01161599 0.03518170
v 0.02987359 0.00850886 0.03690026
v 0.02851457 0.00880644 0.03237542
v 0.03055463 0.00910048 0.03865772
v 0.02488201 0.00929338 0.01629931
v 0.02254597 0.01075072 0.01114244
v 0.03050531 0.00792179 0.03741277
v 0.02975162 0.00681833 0.03499562
v 0.02617156 0.00869204 0.02158715
v 0.02726446 0.00916824 0.02681109
v 0.02890535 0.00731840 0.03415668
v 0.02344732 0.00726758 0.01339298
v 0.03135748 0.01985722 0.06811238
v 0.02773569 0.00663513 0.03102739
v 0.02894637 0.00661163 0.03365008
v 0.02770236 0.00583178 0.03007799
v 0.02709389 0.00609198 0.02855274
v 0.02704821 0.00523937 0.02788537
v 0.02626973 0.00511237 0.02519736
v 0.02649861 0.00436921 0.02563799
v 0.02559825 0.00396844 0.02329771
v 0.02484764 0.00375304 0.02152054
v 0.02484514 0.00316954 0.02142728
v 0.02408978 0.00309376 0.01965396
v 0.02397813 0.00233007 0.01900627
v 0.02333581 0.00213703 0.01678116
v 0.02351222 0.00137072 0.01651043
v 0.02258464 0.00147250 0.01410014
v 0.02243614 0.00034027 0.01325830
v 0.02169475 0.00044520 0.01131200
v 0.02196840 0.00270452 0.01127523
v 0.02076182 0.00125229 0.00741873
v 0.02156044 -0.00114842 0.00941803
v 0.02023776 -0.00075192 0.00539902
v 0.02149381 0.00492243 0.00913710
v 0.02168152 -0.00256645 0.00906831
v 0.02135180 -0.00485699 0.00772397
v 0.01968849 0.00444697 0.00533335
v 0.02072416 0.00450906 0.00722943
v 0.02381240 0.00419575 0.01675240
v 0.02536885 0.00667696 0.02012559
v 0.02424773 0.00649793 0.01615728
v 0.02227067 0.00517659 0.01104379
v 0.02220180 -0.00088049 0.01133616
v 0.02289956 0.00836200 0.01223881
v 0.02131047 0.00694150 0.00944881
v 0.02334687 -0.00493253 0.01145332
v 0.02308735 -0.00187966 0.01205954
v 0.02720298 -0.00395201 0.01761864
v 0.02710144 -0.00225575 0.01765132
v 0.03064538 -0.00161983 0.02404922
v 0.03020641 -0.00342358 0.02318544
v 0.03199665 -0.00343787 0.02725334
v 0.03312210 -0.00150522 0.02984181
v 0.03389505 -0.00434776 0.03314867
v 0.03551757 -0.00229212 0.03724208
v 0.03625847 -0.00051129 0.03924397
v 0.03335815 0.00048578 0.03107127
v 0.03631953 0.00142260 0.03999984
v 0.03208377 0.00051066 0.02817595
v 0.03771187 0.00161868 0.04544760
v 0.03625461 0.00377734 0.04140235
v 0.03830309 0.00409159 0.04937315
v 0.03875091 0.00173850 0.05008012
v 0.03477595 0.00156544 0.03558798
v 0.03516121 0.00384611 0.03838549
v 0.03624772 0.00636786 0.04443660
v 0.03760541 0.00641983 0.04939873
v 0.03837793 0.00661422 0.05313493
v 0.03906702 0.00371096 0.05339576
v 0.03406088 0.00372176 0.03561340
v 0.03638100 0.00852290 0.04776570
v 0.03732912 0.00967171 0.05326096
v 0.03625941 0.01089511 0.04995515
v 0.03909757 0.00618466 0.05784605
v 0.03496230 0.00641350 0.04102858
v 0.03508332 0.00889596 0.04508083
v 0.03689955 0.01070726 0.05315321
v 0.03245856 0.00282920 0.03147899
v 0.03815415 0.00963561 0.05880948
v 0.02980763 -0.00049274 0.02319807
v 0.03778758 0.01063292 0.05929984
v 0.03947438 0.00419242 0.05802425
v 0.02033900 0.00752751 0.00818004
v 0.01779139 0.00765488 0.00430248
v 0.03531506 0.01161070 0.04889897
v 0.02999430 0.00058423 0.02456769
v 0.03928166 0.00172355 0.05368011
v 0.03339530 0.00579675 0.03693632
v 0.03928063 0.00622759 0.06185289
v 0.03821503 -0.00037753 0.04738727
v 0.02731688 -0.00040217 0.01948027
v 0.02649822 -0.00152779 0.01721447
v 0.02454159 -0.00237644 0.01382872
v 0.02481728 -0.00034854 0.01589425
v 0.03837305 0.00936542 0.06394415
v 0.02094642 0.00862408 0.00930888
v 0.03965268 0.00409904 0.06231910
v 0.03599491 0.01167772 0.05144480
v 0.02047748 0.01092637 0.00834957
v 0.01665673 0.00764805 0.00282482
v 0.03980303 0.00188205 0.06076734
v 0.03911462 0.00646352 0.06541379
v 0.03896794 -0.00060531 0.05163710
v 0.02838937 0.00089550 0.02259311
v 0.03696017 -0.00267174 0.04260141
v 0.03347440 0.00741929 0.03980363
v 0.03769435 0.01064300 0.06512152
v 0.03293265 0.00893749 0.04180521
v 0.01894700 0.01033701 0.00618970
v 0.01806815 0.01108819 0.00563114
v 0.01940460 0.01147488 0.00755232
v 0.03218380 0.00413894 0.03282213
v 0.03080481 0.00294262 0.02905334
v 0.01579609 0.01345739 0.00497464
v 0.01744253 0.01376884 0.00817327
v 0.01677993 0.01615339 0.00884577
v 0.01872786 0.01482879 0.01149708
v 0.01555745 0.01607021 0.00678852
v 0.01901650 0.01613004 0.01454476
v 0.01704958 0.01714228 0.01172682
v 0.02091303 0.01281680 0.01054710
v 0.03704218 0.01177583 0.06257204
v 0.01440332 0.01410982 0.00391958
v 0.01475965 0.01551851 0.00543089
v 0.03955580 -0.00022210 0.05754291
v 0.03666411 0.01183703 0.05835710
v 0.03824155 0.00849619 0.06798968
v 0.03942181 0.00425044 0.06593822
v 0.03591588 -0.00448933 0.03963368
v 0.02560388 0.00161121 0.01997126
v 0.01845772 0.01313938 0.00870246
v 0.01933451 0.01452378 0.01200970
v 0.03469432 0.01371485 0.06930566
v 0.01818921 0.01730802 0.01558864
v 0.03614849 0.01175173 0.05532331
v 0.03703357 -0.00423162 0.04389604
v 0.03777241 -0.00404705 0.04761078
v 0.03431535 0.01408332 0.06615111
v 0.03468935 0.01340145 0.06322740
v 0.03957817 0.00179967 0.06608869
v 0.03752902 0.00956292 0.06946152
v 0.03891786 0.00508577 0.06858451
v 0.03103419 -0.00451920 0.02552351
v 0.03671955 0.01177129 0.06660163
v 0.02053815 0.01496128 0.01486353
v 0.03611413 0.01170116 0.07025248
v 0.01548505 0.01705385 0.00846479
v 0.03316438 0.01516036 0.07271847
v 0.03055877 0.02292338 0.06570753
v 0.03206256 0.00600666 0.03557455
v 0.03604140 0.01256729 0.06579556
v 0.03326404 -0.00687119 0.03310369
v 0.03476581 -0.00691399 0.03791486
v 0.02873117 -0.00443344 0.02080262
v 0.03183385 -0.00671363 0.02911559
v 0.03577436 -0.00675225 0.04134013
v 0.03060235 0.00437536 0.03130276
v 0.03614241 0.01248701 0.06250178
v 0.03032530 0.02197491 0.06773329
v 0.03057849 -0.00667967 0.02626191
v 0.03421668 0.01266972 0.05592747
v 0.01289825 0.01291401 0.00231590
v 0.00845292 -0.04416407 0.09019354
v 0.00848418 -0.04348844 0.08901248
v 0.01121315 -0.04316956 0.08935072
v 0.00597559 -0.04419312 0.08941858
v 0.01158109 -0.04290837 0.08885916
v 0.00521361 -0.04387176 0.08885970
v 0.01414178 -0.04246098 0.08950705
v 0.01166977 -0.04358361 0.09094118
v 0.01453312 -0.04202980 0.08889067
v 0.01581779 -0.04192999 0.08969640
v 0.00525677 -0.04482583 0.09123484
v 0.00202990 -0.04502435 0.09082905
v 0.00887242 -0.04426360 0.09105876
v 0.00100943 -0.04418610 0.08935365
v -0.00142519 -0.04505971 0.09083195
v 0.00207047 -0.04376058 0.08900515
v 0.00225973 -0.04369968 0.08875804
v 0.01645087 -0.04111758 0.08884427
v 0.01758494 -0.04115711 0.08972489
v 0.01794428 -0.04043891 0.08892210
v -0.00432929 -0.04420474 0.09022343
v -0.00619227 -0.04438413 0.09124333
v -0.00662861 -0.04389599 0.09052848
v -0.00546371 -0.04290717 0.08942240
v -0.00080779 -0.04523585 0.09195950
v -0.00514858 -0.04480713 0.09227921
v 0.00385126 -0.04494405 0.09217682
v -0.00934187 -0.04319055 0.09047275
v 0.00807241 -0.04440168 0.09193619
v -0.00910708 -0.04214819 0.08963572
v -0.01131890 -0.04266461 0.09065637
v -0.01154842 -0.04109069 0.08953895
v -0.01356082 -0.04151495 0.09058813
v -0.01476332 -0.04062704 0.09039188
v -0.01394825 -0.03978122 0.08955139
v -0.01512440 -0.03860094 0.08938326
v -0.01672213 -0.03928715 0.09025697
v -0.01860636 -0.03824037 0.09024045
v -0.01801004 -0.03724506 0.08948582
v -0.02064072 -0.03712862 0.09010157
v -0.03602232 -0.02067265 0.09172747
v -0.03711356 -0.01728451 0.09159280
v -0.03576874 -0.01923781 0.09023754
v -0.03645811 -0.01693680 0.09016082
v -0.03495654 -0.02095545 0.09005221
v -0.03465521 -0.02381680 0.09153974
v -0.03418673 -0.02309111 0.09016057
v -0.03342712 -0.02461223 0.09011317
v -0.03711184 -0.01432518 0.09014377
v -0.03808574 -0.01401171 0.09159157
v -0.03809417 -0.01049104 0.09013604
v -0.03886834 -0.01077131 0.09157204
v -0.03942414 -0.00733092 0.09158325
v -0.03890735 -0.00536986 0.09013617
v -0.03322773 -0.02658567 0.09177121
v -0.03215622 -0.02699429 0.09026022
v -0.03194178 -0.02845708 0.09169298
v -0.03080364 -0.02910605 0.09036177
v -0.03544432 -0.01787964 0.08973573
v -0.03050675 -0.03042225 0.09234813
v -0.02945598 -0.03043946 0.09020749
v -0.02795537 -0.03230436 0.09057586
v -0.02777700 -0.03201723 0.09016815
v -0.02611115 -0.03368471 0.09026796
v -0.03359930 -0.01989157 0.08927445
v -0.03264299 -0.02233728 0.08929320
v -0.03208674 -0.02550344 0.08977132
v -0.03065575 -0.02755780 0.08972846
v -0.03440886 -0.01728361 0.08934185
v -0.03618362 -0.01315967 0.08949874
v -0.03523961 -0.01533144 0.08932382
v -0.03653997 -0.01010234 0.08932994
v -0.02905989 -0.02945548 0.08970712
v -0.03592533 -0.01310879 0.08931375
v -0.02750021 -0.03096135 0.08963428
v -0.03116722 -0.02468299 0.08936660
v -0.03008859 -0.02597557 0.08935831
v -0.02555453 -0.03275194 0.08962371
v -0.02616715 -0.03073015 0.08927315
v -0.02875223 -0.02799708 0.08937596
v -0.02334854 -0.03254634 0.08904913
v -0.02368547 -0.03403487 0.08952886
v -0.02169518 -0.03337417 0.08904114
v -0.02063972 -0.03565650 0.08927648
v -0.01936008 -0.03419185 0.08895836
v -0.01684153 -0.03456133 0.08889521
v -0.01692459 -0.03661941 0.08918447
v -0.01545822 -0.03551518 0.08895066
v -0.01409227 -0.03623759 0.08894027
v -0.01260308 -0.03698297 0.08889465
v -0.01171818 -0.03773342 0.08881529
v -0.01022264 -0.03886826 0.08881814
v -0.00818503 -0.03986515 0.08885390
v -0.00282738 -0.04259342 0.08899820
v -0.00381100 -0.04122123 0.08870671
v -0.00563114 -0.04034851 0.08873813
v -0.00110496 -0.04193542 0.08868924
v 0.00116786 -0.04283078 0.08871419
v 0.00213734 -0.04276678 0.08889763
v -0.02334605 -0.03503334 0.08982640
v -0.02228492 -0.03631029 0.09020162
v -0.02417881 -0.03535446 0.09039304
v 0.00220816 -0.04243300 0.08869705
v -0.02684092 -0.02948960 0.08899883
v -0.02575734 -0.03073559 0.08901058
v 0.04249608 -0.02048956 0.08920713
v 0.04202561 -0.02301163 0.08747536
v 0.04310308 -0.02066467 0.08742906
v 0.04386523 -0.01759428 0.08910648
v 0.04070370 -0.02442202 0.08909018
v 0.04078767 -0.02541041 0.08739249
v 0.03898402 -0.02740345 0.08922450
v 0.03878583 -0.02854939 0.08776197
v 0.04443076 -0.01722183 0.08737036
v 0.04527986 -0.01300294 0.08921732
v 0.04539076 -0.01380888 0.08744729
v 0.04577690 -0.01009067 0.08937802
v 0.04596724 -0.01021224 0.08730505
v 0.03887367 -0.02838306 0.08705413
v 0.04337141 -0.01988876 0.08705501
v 0.03720330 -0.03081195 0.08741004
v 0.04060614 -0.02396843 0.08930079
v 0.04585780 -0.01001798 0.08703953
v 0.01005281 -0.05070170 -0.09568820
v 0.00444448 -0.05166832 -0.09565931
v 0.00839706 -0.05107723 -0.09719902
v 0.00409908 -0.05172003 -0.09712064
v 0.01385029 -0.04981041 -0.09648599
v 0.01367754 -0.04975733 -0.09563884
v -0.00155826 -0.05207655 -0.09652116
v 0.01728720 -0.04859730 -0.09639689
v 0.01918965 -0.04762997 -0.09565319
v 0.02162440 -0.04659789 -0.09646606
v 0.02289822 -0.04576067 -0.09562451
v 0.02657771 -0.04341088 -0.09644895
v 0.00004402 -0.05185392 -0.09726344
v 0.02624357 -0.04357627 -0.09706387
v 0.02990088 -0.04079496 -0.09696192
v 0.02111164 -0.04669204 -0.09722207
v 0.01754487 -0.04834247 -0.09716918
v 0.01326752 -0.04980645 -0.09719383
v 0.02805853 -0.04203388 -0.09719364
v 0.03280998 -0.03806847 -0.09689748
v -0.00224068 -0.00455296 -0.09720129
v -0.00685983 0.01179241 -0.09728197
v 0.00057396 0.01186329 -0.09721615
v -0.00880419 -0.03480524 -0.09706352
v 0.00275790 -0.01743766 -0.09714468
v 0.01274299 -0.02186552 -0.09710815
v 0.01791143 -0.03201557 -0.09709016
v 0.01015330 -0.01032866 -0.09716209
v 0.00606039 0.00323654 -0.09717755
v 0.01516366 -0.00143767 -0.09717350
v 0.01769477 0.01075888 -0.09715192
v 0.00886718 0.02071223 -0.09717686
v 0.02207341 0.02259261 -0.09715033
v -0.00012449 0.02453998 -0.09723692
v 0.01697842 0.02869653 -0.09717007
v -0.00752880 0.02065880 -0.09729934
v -0.02290524 0.00857065 -0.09724727
v -0.03359233 0.01484304 -0.09730052
v -0.01207968 0.02756199 -0.09725417
v -0.02678836 0.02636559 -0.09727942
v -0.01658392 0.04018332 -0.09723956
v -0.04211911 0.01233719 -0.09734854
v -0.04312590 0.02580878 -0.09736269
v -0.03812830 0.03600072 -0.09735795
v -0.04235726 0.03107109 -0.09738807
v -0.02884219 0.03465677 -0.09728218
v -0.01064554 0.03968544 -0.09726544
v -0.00138574 0.03786968 -0.09724425
v 0.01003446 0.03401237 -0.09720217
v 0.01258459 0.04481477 -0.09725353
v 0.02793007 0.01772584 -0.09716215
v 0.03239369 0.00599623 -0.09717278
v 0.02837630 -0.01895787 -0.09714087
v 0.02035567 -0.01146320 -0.09714682
v 0.01519311 -0.04066724 -0.09714091
v 0.03184939 -0.03046750 -0.09713240
v 0.00849624 -0.05052205 -0.09723832
v 0.00358147 -0.03959350 -0.09709335
v 0.00183638 -0.04821431 -0.09718002
v -0.01045946 -0.04507537 -0.09715583
v -0.01078598 -0.05096960 -0.09724179
v -0.01790527 -0.04930133 -0.09727511
v -0.01558044 -0.04146003 -0.09706396
v -0.01413848 -0.05027635 -0.09726281
v 0.04094090 -0.02361589 -0.09718747
v 0.03909869 -0.02882277 -0.09715476
v 0.03835727 -0.01675744 -0.09714667
v 0.04036881 -0.00766516 -0.09716754
v 0.03868682 0.00647551 -0.09718093
v 0.04223330 0.02042716 -0.09718038
v 0.03775519 0.03074754 -0.09716070
v 0.04073075 0.02509175 -0.09717463
v 0.03263314 0.03204522 -0.09716511
v 0.03602351 0.03321733 -0.09714077
v 0.02049344 0.04161418 -0.09722815
v 0.02983267 0.03967563 -0.09724275
v 0.01968389 0.04688936 -0.09723375
v 0.02534470 0.04352847 -0.09722221
v 0.01616917 0.04851516 -0.09722437
v 0.01228169 0.04987461 -0.09724647
v 0.00610549 0.05130385 -0.09729995
v -0.00274744 0.04840361 -0.09730831
v -0.00174290 0.05197882 -0.09728459
v -0.01200388 0.05074391 -0.09727165
v -0.01718663 0.04929870 -0.09734100
v -0.01978729 0.04824002 -0.09734936
v -0.02294356 0.04594438 -0.09733595
v -0.03131524 0.04194998 -0.09731730
v -0.03500225 0.03896921 -0.09733139
v -0.00851653 -0.02120251 -0.09717961
v -0.00963558 -0.03080223 -0.09707463
v -0.01695702 -0.03734320 -0.09703754
v -0.01475015 -0.02868484 -0.09705166
v -0.01438664 -0.01908482 -0.09712874
v -0.01052449 0.00212136 -0.09725165
v -0.01914174 0.00033077 -0.09721348
v -0.02556648 -0.01076715 -0.09717689
v -0.03373561 0.00798079 -0.09725209
v -0.04196735 0.00156984 -0.09732423
v -0.04957783 0.00861282 -0.09738283
v -0.05073761 0.01541324 -0.09739001
v -0.04720270 0.01934795 -0.09737216
v -0.04942721 -0.00899874 -0.09735869
v -0.04374226 -0.00927798 -0.09732090
v -0.04979705 -0.01840374 -0.09736982
v -0.04329691 -0.02352013 -0.09734138
v -0.05279360 -0.00127367 -0.09737104
v -0.05172049 -0.01220244 -0.09731721
v -0.03365293 -0.01407708 -0.09719635
v -0.03325216 -0.02961534 -0.09716313
v -0.02662709 -0.02390452 -0.09713763
v -0.03622787 -0.03862386 -0.09728881
v -0.04194062 -0.03223108 -0.09735851
v -0.02985725 -0.04355366 -0.09726739
v -0.02193006 -0.04755287 -0.09728128
v -0.04440030 -0.02892964 -0.09732529
v -0.04629314 -0.02600542 -0.09728130
v -0.04806032 -0.02272791 -0.09729679
v 0.04258680 -0.02037458 -0.09710513
v 0.04271869 -0.01230846 -0.09710187
v -0.04445894 0.02818007 -0.09733010
v -0.04600982 0.02595101 -0.09727664
v -0.04761117 0.02282992 -0.09730080
v -0.04936071 0.01920965 -0.09729584
v -0.05255968 0.00877538 -0.09729252
v -0.05194546 0.01150000 -0.09729438
v 0.04297912 0.00521901 -0.09705096
v 0.04323871 0.01675855 -0.09708798
v 0.03549256 -0.03469495 -0.09711468
v -0.02616734 -0.04591476 -0.09724105
v -0.03465427 -0.03998104 -0.09727472
v -0.05301245 -0.00624864 -0.09728491
v -0.02832139 0.04404154 -0.09726974
v -0.02478238 0.04612044 -0.09720872
v 0.04406644 0.01150114 -0.09696043
v 0.04099880 -0.02558488 -0.09708286
v 0.04339855 -0.00911012 -0.09700239
v 0.04356450 -0.01844713 -0.09691917
v 0.04451472 -0.01297726 -0.09684672
v -0.00734125 -0.05166138 -0.09715845
v 0.04448604 -0.00653004 -0.09666245
v -0.05339380 -0.00052822 -0.09720855
v 0.04490431 0.00679945 -0.09654638
v 0.04551749 0.01168024 -0.09653773
v 0.04457256 0.01477292 -0.09675086
v 0.04351215 0.01782656 -0.09691559
v -0.00649164 0.05187015 -0.09713561
v 0.03861301 -0.03018197 -0.09702742
v -0.02050195 -0.04846234 -0.09716344
v 0.04224895 0.02221369 -0.09695216
v 0.04242737 -0.02241747 -0.09691773
v -0.05311206 0.00503051 -0.09716497
v -0.05159984 -0.01360130 -0.09719486
v 0.03423886 0.03572599 -0.09696588
v 0.03132576 0.03878358 -0.09702265
v 0.02766552 0.04185390 -0.09711603
v -0.03182617 -0.04227020 -0.09719735
v -0.01011015 0.05140634 -0.09708148
v 0.00250649 0.05183006 -0.09717844
v -0.04009699 -0.03457270 -0.09721791
v 0.04056002 0.02594710 -0.09701639
v 0.02230889 0.04551917 -0.09712329
v -0.04975823 -0.01902205 -0.09723393
v -0.05264341 -0.00885371 -0.09716068
v -0.01488614 0.05017665 -0.09713197
v -0.03349246 -0.03179629 0.08809817
v -0.03466659 -0.03022799 0.08667170
v -0.03200131 -0.03363035 0.08686175
v -0.03600008 -0.02839068 0.08774226
v -0.03622868 -0.02795234 0.08686350
v -0.03061278 -0.03513674 0.08806847
v -0.02805310 -0.03780093 0.08665723
v -0.02796711 -0.03783738 0.08807293
v -0.02460985 -0.04102322 0.08687627
v -0.02479674 -0.04082259 0.08779908
v -0.03778968 -0.02541709 0.08686903
v -0.03797459 -0.02497964 0.08760824
v -0.03958719 -0.02205822 0.08693429
v -0.03958529 -0.02192217 0.08779418
v -0.03126528 -0.03417367 0.08665146
v -0.00151083 -0.04805835 0.08850010
v -0.00010866 -0.04840818 0.08741316
v 0.00481240 -0.04811580 0.08788487
v 0.00504784 -0.04790722 0.08844770
v -0.00559596 -0.04812466 0.08733765
v -0.00366740 -0.04784987 0.08868625
v -0.01073489 -0.04722523 0.08809759
v -0.01156052 -0.04725082 0.08717055
v -0.01481350 -0.04646800 0.08768668
v -0.01312630 -0.04648201 0.08812193
v -0.01656748 -0.04563923 0.08804146
v 0.01544088 0.04451831 0.08905241
v 0.01917123 0.04321955 0.08891742
v 0.01556636 0.04496784 0.08794969
v 0.01981075 0.04339146 0.08773865
v 0.01222237 0.04549129 0.08899834
v 0.01068942 0.04630212 0.08794218
v 0.02317207 0.04122302 0.08896094
v 0.02279271 0.04193053 0.08773720
v 0.00557778 0.04675249 0.08897577
v 0.00731896 0.04695557 0.08782654
v 0.02643499 0.03976244 0.08781232
v 0.02721846 0.03880522 0.08898582
v 0.02476710 0.03988383 0.08930626
v 0.02112550 0.04185933 0.08922290
v 0.01797362 0.04320456 0.08925388
v 0.02804575 0.03766404 0.08933264
v 0.02913087 0.03743292 0.08901024
v 0.00688625 0.04603243 0.08928851
v 0.02990881 0.03611579 0.08940557
v 0.03216510 0.03455267 0.08931766
v 0.00011627 0.04678380 0.08911461
v -0.00087450 0.04715258 0.08868816
v -0.00545148 0.04645977 0.08911563
v 0.03056519 0.03683384 0.08779743
v -0.02227440 -0.00643168 0.09497695
v -0.02587485 -0.00625451 0.09604756
v -0.02492973 -0.00598175 0.09305155
v -0.02228354 -0.00611635 0.09258423
v -0.02034579 -0.00639887 0.09416310
v -0.02021336 -0.00612649 0.09250211
v -0.02475651 -0.00592929 0.09177363
v -0.02653392 -0.00606941 0.09301610
v -0.01889686 -0.00621302 0.09366215
v -0.02559826 -0.00599034 0.09182483
v -0.02265492 -0.00659227 0.09580631
v -0.02738949 -0.00595904 0.09562667
v -0.02744519 -0.00592871 0.09268784
v -0.02240359 -0.00651753 0.09662914
v -0.02154587 -0.00623126 0.09220794
v -0.02648608 -0.00641620 0.09206498
v -0.02847797 -0.00527924 0.09462759
v -0.02722356 -0.00541617 0.09689301
v -0.02332626 -0.00615526 0.09702839
v -0.02080525 -0.00679633 0.09694460
v -0.02156587 -0.00717418 0.09565718
v -0.02145649 -0.00740436 0.09629882
v -0.02826382 -0.00512196 0.09615584
v -0.02081040 -0.00541208 0.09168900
v -0.02143093 -0.00521174 0.09120659
v -0.03552120 0.02127063 0.09254566
v -0.03459126 0.02273944 0.09153016
v -0.03609355 0.01940712 0.09158608
v -0.03657018 0.01892331 0.09319962
v -0.03397809 0.02461525 0.09318831
v -0.03754988 0.01534859 0.09150606
v -0.03827578 0.01394817 0.09311647
v -0.03893994 0.01029248 0.09163490
v -0.03922168 0.01011259 0.09314220
v -0.03314166 0.02523697 0.09143702
v -0.03182622 0.02776271 0.09228725
v -0.03165423 0.02735526 0.09122600
v -0.03815125 0.01064571 0.09018587
v -0.03619423 0.01663557 0.09010496
v -0.03501556 0.01961560 0.09007055
v -0.03002378 0.02958457 0.09138197
v -0.03711853 0.01342627 0.09005796
v -0.03282139 0.02388780 0.09009005
v -0.03409731 0.02120609 0.08997864
v -0.03846722 0.00763992 0.09007362
v -0.03935597 0.00750253 0.09154404
v -0.03889402 0.00401096 0.09008998
v -0.03961039 0.00412807 0.09152009
v -0.03546724 0.02115728 0.09422165
v -0.03349273 0.02517448 0.09414695
v -0.03679592 0.01797356 0.09407382
v -0.03860868 0.01218469 0.09420947
v -0.03213481 0.02736511 0.09402234
v -0.03031826 0.02982075 0.09314253
v -0.02828062 0.03191151 0.09209353
v -0.02805413 0.03163600 0.09122756
v -0.02901887 0.02922503 0.09013604
v -0.03089798 0.02690607 0.09017434
v -0.02575508 0.03399145 0.09152188
v -0.02768090 0.03265488 0.09332628
v -0.02534836 0.03468542 0.09273011
v -0.02255445 0.03659028 0.09153484
v -0.02262960 0.03681086 0.09308270
v -0.02985119 0.03010658 0.09417321
v -0.02613472 0.03393182 0.09405692
v -0.01933011 0.03891713 0.09245630
v -0.03695505 0.00935389 0.08946219
v -0.03685122 0.00920994 0.08930799
v -0.03710450 0.00126483 0.08928053
v -0.03710935 0.00365203 0.08939425
v -0.03589844 0.01156172 0.08937474
v -0.03706344 -0.00875774 0.08944101
v -0.03766492 -0.00743227 0.08955866
v -0.03895979 -0.00155408 0.08998064
v -0.03767407 0.00816943 0.08963873
v -0.03809417 -0.01049104 0.09013604
v -0.03653997 -0.01010234 0.08932994
v -0.03890735 -0.00536986 0.09013617
v -0.03711184 -0.01432518 0.09014377
v -0.03511081 0.01331631 0.08934471
v -0.03523521 0.01704744 0.08966335
v -0.03448054 0.01618080 0.08936479
v -0.03355601 0.01797511 0.08937193
v -0.03265909 0.01946900 0.08935968
v -0.03245355 0.02280536 0.08967962
v -0.03100540 0.02283879 0.08937386
v -0.02979517 0.02621027 0.08971042
v -0.02878311 0.02512455 0.08939832
v -0.02730316 0.02743177 0.08941484
v -0.02583905 0.02866864 0.08940622
v -0.02559149 0.03131880 0.08975338
v -0.02495067 0.03040610 0.08940220
v -0.02252101 0.03201459 0.08935160
v -0.02271261 0.03430865 0.08976298
v -0.02097153 0.03344363 0.08935747
v -0.01935401 0.03435552 0.08937576
v -0.01942166 0.03665952 0.08972913
v -0.01757702 0.03641779 0.08936766
v -0.02441271 -0.03516798 0.09375541
v -0.02717967 -0.03345656 0.09320268
v -0.02490352 -0.03528255 0.09272606
v -0.02260183 -0.03626893 0.09348239
v -0.02122039 -0.03734958 0.09255378
v -0.01878836 -0.03825298 0.09352437
v -0.01743219 -0.03949243 0.09262700
v -0.01572721 -0.03992515 0.09371903
v -0.01342097 -0.04162298 0.09354490
v -0.01526908 -0.04099501 0.09228693
v -0.01355487 -0.04203372 0.09225709
v -0.01106759 -0.04281116 0.09369643
v -0.01012719 -0.04353764 0.09281182
v -0.02664691 -0.03309202 0.09425559
v -0.02876490 -0.03203876 0.09343354
v -0.02965807 -0.03064203 0.09418682
v -0.03114168 -0.02925107 0.09405432
v -0.01186167 -0.04146310 0.09461448
v -0.02169783 -0.03566227 0.09455641
v -0.01772759 -0.03758824 0.09465510
v -0.01561256 -0.03879964 0.09468230
v -0.01395815 -0.03989064 0.09463886
v -0.02324308 -0.03482587 0.09458621
v -0.00864780 -0.04282030 0.09439930
v -0.00706115 -0.04402518 0.09360480
v -0.02867937 -0.03024499 0.09494341
v -0.03103382 -0.02761879 0.09505482
v -0.02543520 -0.03228128 0.09497185
v -0.03296681 -0.02666619 0.09424771
v -0.03253721 -0.02568705 0.09507652
v -0.01301731 -0.03825491 0.09539818
v -0.02189550 -0.03436126 0.09495588
v -0.01372053 -0.03793481 0.09524443
v -0.01081855 -0.04046822 0.09509540
v -0.00464554 -0.04303214 0.09433505
v -0.00235709 -0.04409921 0.09378914
v -0.03170979 -0.02381727 0.09562517
v -0.03355429 -0.02243995 0.09540085
v -0.03432886 -0.02294244 0.09496050
v -0.03452991 -0.02407937 0.09423830
v -0.03590547 -0.01930009 0.09495874
v -0.03465988 -0.01836307 0.09562903
v -0.03642492 -0.01521100 0.09540468
v 0.00498812 -0.04316997 0.09362823
v 0.00254740 -0.04441391 0.09321076
v -0.03778936 -0.01385413 0.09489891
v -0.03650015 -0.01168991 0.09564693
v -0.03815134 -0.01067379 0.09515006
v 0.00910562 -0.04341155 0.09294471
v 0.00724149 -0.04423890 0.09254951
v -0.00087782 -0.04497214 0.09287646
v -0.03966244 -0.00080902 0.09472707
v -0.03994145 -0.00019404 0.09411203
v -0.03963416 -0.00611251 0.09412723
v -0.03966970 0.00575515 0.09430666
v -0.03993446 0.00411932 0.09317712
v -0.03959556 0.00761947 0.09311541
v -0.03922168 0.01011259 0.09314220
v -0.03860868 0.01218469 0.09420947
v -0.03918602 -0.00428392 0.09506722
v -0.03904201 -0.01010783 0.09437609
v -0.03819769 0.01068817 0.09505180
v -0.03795290 0.01316396 0.09478900
v -0.03895856 0.00558592 0.09513603
v -0.03672547 0.01713076 0.09472860
v -0.03839346 0.00003972 0.09549218
v -0.03651949 0.01431835 0.09530664
v -0.03512902 0.01997255 0.09503044
v -0.03546724 0.02115728 0.09422165
v -0.03331256 0.02471499 0.09477856
v -0.03333334 0.02265915 0.09525653
v -0.03111165 0.02627150 0.09528011
v -0.03052424 0.02857230 0.09480715
v -0.02756884 0.03078492 0.09521887
v -0.02801329 0.03154215 0.09475234
v -0.03213481 0.02736511 0.09402234
v -0.02985119 0.03010658 0.09417321
v -0.03349273 0.02517448 0.09414695
v -0.03679592 0.01797356 0.09407382
v -0.02613472 0.03393182 0.09405692
v -0.01970569 0.03837973 0.09417421
v -0.01622292 0.04023242 0.09408402
v -0.01963398 0.03871167 0.09339561
v -0.01613387 0.04058865 0.09302297
v -0.01241428 0.04207621 0.09301138
v -0.02286406 0.03629328 0.09425613
v -0.02262960 0.03681086 0.09308270
v -0.01083888 0.04211796 0.09418890
v -0.00856466 0.04320569 0.09330812
v -0.01446211 0.04041502 0.09473850
v -0.01996291 0.03765621 0.09483834
v -0.02465170 0.03451391 0.09477174
v -0.00476618 0.04404405 0.09341656
v -0.00646221 0.04303779 0.09428200
v -0.00311784 0.04337551 0.09420342
v -0.00884435 0.04155927 0.09482843
v -0.02058619 0.03649234 0.09518568
v -0.00159222 0.04434617 0.09352278
v -0.00614958 0.04197852 0.09468405
v -0.01502272 0.03888939 0.09527168
v -0.02381403 0.03381397 0.09531882
v -0.01852798 0.03631102 0.09543769
v -0.03021981 0.02606511 0.09548816
v -0.02284387 0.03259976 0.09552079
v -0.01321456 0.03834791 0.09532208
v -0.03144975 0.02044657 0.09558466
v -0.03461523 0.01780187 0.09542631
v -0.02486502 0.02896190 0.09558312
v -0.02900926 0.02537790 0.09559246
v -0.00661510 0.04034596 0.09481539
v -0.00394399 0.04215975 0.09436417
v -0.00249637 0.04272407 0.09425167
v -0.03444262 0.01510962 0.09553639
v -0.01558792 0.03441201 0.09543808
v -0.02636566 0.02372223 0.09554616
v -0.01896560 0.03081803 0.09543096
v -0.02224634 0.02705191 0.09545267
v -0.03106800 0.01417915 0.09552089
v -0.03476797 0.00863953 0.09571500
v -0.03757433 0.00775997 0.09552104
v -0.03715789 0.00314302 0.09571760
v -0.03415256 0.00232552 0.09576043
v -0.03375217 -0.00620632 0.09570872
v -0.03208950 0.00483473 0.09561082
v -0.02693311 0.01793105 0.09534735
v -0.01084610 0.03609232 0.09516551
v -0.03170556 -0.00605873 0.09554044
v -0.03465631 -0.01209802 0.09575179
v -0.03118112 -0.02065958 0.09576489
v -0.02964647 -0.01706563 0.09570049
v -0.02692159 -0.02298854 0.09572597
v -0.02580568 -0.02111558 0.09559354
v -0.02646070 -0.02645114 0.09563215
v -0.02227698 -0.02672539 0.09540142
v -0.02074866 -0.03173255 0.09522791
v -0.01881813 -0.02804338 0.09517984
v -0.03000404 0.01081702 0.09542781
v -0.02865573 0.01314764 0.09528589
v -0.01745005 -0.02986791 0.09502720
v -0.03002770 -0.01354117 0.09556876
v -0.02405718 0.02208362 0.09526894
v -0.01319897 0.03288760 0.09517160
v -0.02008569 0.02696935 0.09523410
v -0.02785486 -0.01714122 0.09550615
v -0.02722453 -0.02908649 0.09543268
v -0.02282431 -0.03261618 0.09514186
v -0.00778127 0.03554317 0.09477034
v -0.02227970 -0.02350877 0.09512114
v -0.02971665 -0.00110822 0.09526372
v -0.00328402 0.04048051 0.09414804
v -0.01313095 0.03164025 0.09495460
v -0.02978910 -0.00689568 0.09517924
v -0.02982004 0.00508557 0.09518460
v -0.00511099 0.03564489 0.09430863
v -0.00473434 0.03899342 0.09442106
v 0.00188933 0.04364835 0.09372139
v -0.01648372 -0.02713973 0.09466723
v -0.01498066 -0.03043284 0.09501257
v -0.01900398 -0.03104391 0.09494288
v -0.01559899 -0.02700499 0.09467873
v -0.00169363 0.04117592 0.09395751
v -0.03810413 -0.00604988 0.09546270
v -0.00109631 0.04262157 0.09392888
v -0.02847928 0.00886988 0.09491855
v -0.02662026 0.01426163 0.09482862
v -0.01684918 -0.03196537 0.09467718
v -0.01338918 -0.03184977 0.09466429
v -0.02035690 -0.03265704 0.09497490
v -0.01920972 -0.03392352 0.09489844
v -0.01907768 -0.03562701 0.09492513
v -0.01805060 -0.03258166 0.09463602
v -0.01677460 -0.03435018 0.09529589
v -0.01596337 -0.03739717 0.09496453
v -0.01511365 -0.03673754 0.09498099
v -0.01335449 -0.03591167 0.09521795
v -0.01768011 -0.02617996 0.09457928
v -0.01812007 -0.03190286 0.09466642
v -0.02458768 0.01821242 0.09474816
v -0.02216504 0.02250805 0.09484332
v -0.00117373 0.04028836 0.09365889
v 0.00074977 0.04191278 0.09352259
v -0.02879381 -0.02876985 0.09528299
v -0.02490096 -0.01878535 0.09491151
v -0.01962712 0.02551057 0.09482398
v -0.01753112 0.02765118 0.09483496
v -0.00954104 0.03290404 0.09441722
v -0.02880421 0.00448831 0.09481116
v -0.02898871 -0.00052815 0.09516157
v -0.02877735 -0.00468585 0.09479885
v -0.02742120 -0.01423400 0.09484583
v -0.02607920 -0.01656310 0.09483658
v -0.02859570 -0.01121751 0.09492765
v -0.02847797 -0.00527924 0.09462759
v -0.01425775 -0.02836815 0.09519942
v -0.01346392 -0.03040879 0.09525915
v 0.00046337 0.03995887 0.09303303
v -0.00259202 0.03900814 0.09341257
v -0.00118482 0.03922823 0.09312252
v -0.02017442 -0.02378881 0.09451708
v -0.02235379 -0.02183395 0.09468120
v -0.02318541 -0.02042929 0.09449544
v -0.01509905 -0.02657460 0.09495956
v -0.02859652 0.00400393 0.09495563
v -0.01621949 -0.02587719 0.09395885
v -0.01776445 -0.02477320 0.09389096
v -0.01558226 -0.02570637 0.09396201
v -0.02807761 0.00533335 0.09396122
v -0.02770543 0.00486492 0.09411739
v -0.01685055 -0.03253387 0.09466810
v -0.01588173 -0.03334950 0.09472479
v -0.01328553 -0.03362686 0.09467274
v -0.01534643 -0.03505291 0.09480366
v -0.01404612 -0.03515798 0.09466875
v 0.04064874 -0.01894586 0.09092487
v 0.03867657 -0.02261068 0.09100058
v 0.03961868 -0.02103369 0.09019114
v 0.03740648 -0.02489369 0.09020303
v 0.03643231 -0.02623884 0.09101438
v 0.03612139 -0.02687757 0.09020091
v 0.03509119 -0.02809769 0.09105487
v 0.03423909 -0.02925118 0.09017241
v 0.03316986 -0.03038466 0.09097677
v 0.03266417 -0.03104758 0.09050258
v 0.03116174 -0.03240729 0.09100178
v 0.03101503 -0.03261295 0.09032013
v 0.02775296 -0.03535325 0.09077430
v 0.03328568 -0.02909311 0.09185426
v 0.02791494 -0.03450071 0.09179399
v 0.03517725 -0.02625543 0.09201128
v 0.03097717 -0.03133173 0.09198563
v 0.03715421 -0.02335362 0.09192092
v 0.03903216 -0.02036770 0.09172134
v 0.04088549 -0.01683303 0.09165946
v 0.04236951 -0.01505434 0.09098144
v 0.04234164 -0.01274778 0.09171510
v 0.04325782 -0.01296437 0.09088300
v 0.04418150 -0.01041386 0.09090533
v 0.03380142 -0.02555239 0.09266193
v 0.03130269 -0.02960511 0.09247642
v 0.03901055 -0.01821059 0.09221206
v 0.02727953 -0.03349513 0.09257196
v 0.04098210 -0.01175008 0.09236706
v 0.04383417 -0.00893424 0.09156308
v 0.02505819 -0.03665745 0.09184607
v 0.02234945 -0.03735197 0.09262364
v 0.02273529 -0.03824627 0.09185140
v 0.01980592 -0.03989358 0.09188481
v 0.01738863 -0.03994397 0.09289324
v 0.01576043 -0.04105945 0.09273967
v 0.04491250 -0.00763277 0.09087739
v 0.04392721 -0.00544106 0.09181860
v 0.04523762 -0.00462943 0.09095962
v 0.04399242 0.00341101 0.09185476
v 0.04488605 0.00241488 0.09131148
v 0.04485514 0.00714775 0.09092078
v 0.04536287 0.00198261 0.09083707
v 0.01723738 -0.04122872 0.09189919
v 0.01459716 -0.04235849 0.09197192
v 0.00910562 -0.04341155 0.09294471
v 0.01186938 -0.04332600 0.09203014
v -0.00010866 -0.04840818 0.08741316
v -0.00559596 -0.04812466 0.08733765
v -0.00320098 -0.04816027 0.08678347
v -0.01060916 -0.04733782 0.08672364
v -0.01156052 -0.04725082 0.08717055
v -0.01619528 -0.04605296 0.08684867
v 0.00552986 -0.04811740 0.08719305
v 0.00691704 -0.04788540 0.08685320
v 0.00487097 -0.04753478 0.08667185
v -0.01476211 -0.04626777 0.08664764
v -0.05331323 -0.00292319 -0.09572494
v -0.05326086 0.00306455 -0.09571785
v -0.05347858 -0.00068377 -0.09661741
v -0.05311206 0.00503051 -0.09716497
v -0.05257970 0.00870607 -0.09569501
v -0.05301245 -0.00624864 -0.09728491
v -0.05339380 -0.00052822 -0.09720855
v -0.05287279 -0.00752066 -0.09609258
v -0.05231672 -0.01039173 -0.09570128
v 0.00657223 -0.02583737 0.06902225
v 0.00885899 -0.02355326 0.06741675
v 0.00781294 -0.02574242 0.06789670
v 0.00642955 -0.02720122 0.06937423
v 0.00396224 -0.02694517 0.07096002
v 0.00491602 -0.02582428 0.07044417
v 0.00859974 -0.02684195 0.06779479
v 0.00363617 -0.02578547 0.07172651
v 0.00129770 -0.02672767 0.07284490
v 0.00258297 -0.02782642 0.07228248
v 0.00127270 -0.02790626 0.07341425
v -0.00004176 -0.02755226 0.07430982
v -0.00072082 -0.02673957 0.07457577
v 0.00486207 -0.02776677 0.07079986
v 0.00898458 -0.02611298 0.06693536
v 0.00912051 -0.02500953 0.06637485
v 0.00894114 -0.02429395 0.06671064
v 0.00990475 -0.02506335 0.06509974
v 0.01003326 -0.02367465 0.06424035
v 0.01099554 -0.02509086 0.06341376
v 0.01045193 -0.02585812 0.06508640
v 0.01079982 -0.02648220 0.06578113
v -0.00061577 -0.02794499 0.07549024
v -0.00174166 -0.02708752 0.07585322
v 0.01087357 -0.02339956 0.06219018
v 0.01214179 -0.02414923 0.06072084
v 0.00895556 -0.02729010 0.06809824
v -0.00319058 -0.02761235 0.07875738
v 0.01164398 -0.02290419 0.06025058
v 0.01247876 -0.02244001 0.05823080
v 0.00826286 -0.02787826 0.06953206
v 0.00436096 -0.02860102 0.07233836
v 0.01170741 -0.02580438 0.06404515
v 0.01274298 -0.02512314 0.06201976
v 0.01400275 -0.02408318 0.05925789
v 0.00158649 -0.02880531 0.07492525
v -0.00241610 -0.02860024 0.08028235
v -0.00039136 -0.02926791 0.07990331
v -0.00214267 -0.03025711 0.08493498
v -0.00051029 -0.02994937 0.08283545
v 0.00148359 -0.03116438 0.08504862
v -0.03900072 0.03518193 -0.09630704
v -0.03812830 0.03600072 -0.09735795
v -0.04057550 0.03338274 -0.09722868
v -0.03701298 0.03713823 -0.09573715
v -0.03500225 0.03896921 -0.09733139
v -0.03531633 0.03878500 -0.09623890
v -0.03167972 0.04176823 -0.09657104
v -0.03131524 0.04194998 -0.09731730
v -0.03325788 0.04041433 -0.09568324
v -0.04077735 0.03305578 -0.09571764
v -0.04302937 0.03027631 -0.09636547
v -0.04235726 0.03107109 -0.09738807
v -0.04445894 0.02818007 -0.09733010
v -0.04600982 0.02595101 -0.09727664
v -0.04394213 0.02888446 -0.09569033
v -0.04494858 0.02744626 -0.09571510
v -0.04767221 0.02287180 -0.09587941
v -0.03826512 0.03574780 -0.09571316
v 0.04096937 0.02344786 0.08898555
v 0.04225495 0.02063457 0.08919208
v 0.04251554 0.02119851 0.08766007
v 0.04078040 0.02460317 0.08774340
v 0.03942121 0.02639708 0.08899136
v 0.04419164 0.01728647 0.08797277
v 0.04412206 0.01615868 0.08921090
v 0.04553656 0.01220330 0.08911531
v 0.04519614 0.01440028 0.08774713
v 0.03833898 0.02863140 0.08789737
v 0.03779845 0.02845790 0.08925948
v 0.03639655 0.03113703 0.08784619
v 0.03417074 0.03310743 0.08887266
v 0.03630589 0.03006117 0.08941591
v 0.04076520 0.02288004 0.08945535
v 0.03930651 0.02557297 0.08949881
v 0.03368115 0.03403208 0.08783223
v 0.03056519 0.03683384 0.08779743
v 0.03216510 0.03455267 0.08931766
v 0.04261435 0.01891762 0.08941215
v 0.04409194 0.01530583 0.08939190
v 0.04505628 0.01221243 0.08936826
v 0.04570790 0.00978710 0.08939881
v 0.02913087 0.03743292 0.08901024
v -0.02211313 0.02045211 0.09323110
v -0.02224335 0.01967615 0.09209281
v -0.02117842 0.02125384 0.09200829
v -0.02094483 0.02208461 0.09324868
v -0.02409503 0.01723395 0.09321422
v -0.02387522 0.01699807 0.09194828
v -0.02475604 0.01532017 0.09191711
v -0.01955669 0.02331284 0.09208639
v -0.01950636 0.02433304 0.09384538
v -0.01739545 0.02580026 0.09215325
v -0.01812260 0.02579834 0.09385892
v -0.01620207 0.02768998 0.09392989
v -0.02529025 0.01474829 0.09320454
v -0.02586296 0.01275032 0.09186752
v -0.02625525 0.01309174 0.09394005
v -0.02298691 0.02052063 0.09454230
v -0.02458768 0.01821242 0.09474816
v -0.02542579 0.01621929 0.09451231
v -0.02122841 0.02303450 0.09448440
v -0.02662026 0.01426163 0.09482862
v -0.01962712 0.02551057 0.09482398
v -0.02699166 0.01075773 0.09393201
v -0.02748615 0.01015602 0.09443690
v -0.02739031 0.00805503 0.09310655
v -0.02675513 0.00955012 0.09176252
v -0.02807761 0.00533335 0.09396122
v -0.02733409 0.00613199 0.09198180
v -0.02216504 0.02250805 0.09484332
v -0.02847928 0.00886988 0.09491855
v -0.02880421 0.00448831 0.09481116
v -0.02744631 0.00517248 0.09239933
v -0.02496956 0.00486345 0.09558004
v -0.02287533 0.00435428 0.09419165
v -0.02535774 0.00508429 0.09405681
v -0.02298906 0.00439278 0.09587870
v -0.02169679 0.00418973 0.09422474
v -0.01990060 0.00423283 0.09543029
v -0.01990552 0.00397804 0.09696899
v -0.02453117 0.00449882 0.09654569
v -0.02733825 0.00475056 0.09502086
v -0.02770543 0.00486492 0.09411739
v -0.02662627 0.00484451 0.09626749
v -0.02608044 0.00474910 0.09246511
v -0.02744631 0.00517248 0.09239933
v -0.02257264 0.00373835 0.09210328
v -0.02414213 0.00432585 0.09163514
v -0.02482688 0.00449507 0.09183302
v -0.01891503 0.00363885 0.09536593
v -0.02760182 0.00450451 0.09637248
v -0.02565176 0.00425322 0.09695132
v -0.02859652 0.00400393 0.09495563
v -0.02807761 0.00533335 0.09396122
v 0.03841440 0.02952950 -0.09557278
v 0.04030995 0.02645142 -0.09568804
v 0.03815907 0.03031452 -0.09648368
v 0.03555958 0.03375173 -0.09559655
v 0.03547130 0.03420629 -0.09626945
v 0.03192272 0.03812759 -0.09558837
v 0.03423886 0.03572599 -0.09696588
v 0.04056002 0.02594710 -0.09701639
v 0.04224895 0.02221369 -0.09695216
v 0.04270734 0.02096537 -0.09568214
v 0.03775519 0.03074754 -0.09716070
v 0.03602351 0.03321733 -0.09714077
v 0.04351215 0.01782656 -0.09691559
v 0.04413463 0.01621476 -0.09554559
v 0.04471260 0.01499530 -0.09600118
v 0.04534132 0.01354981 -0.09526545
v 0.04567707 0.01309817 -0.09589046
v -0.05009297 0.01759211 -0.09611165
v -0.04936071 0.01920965 -0.09729584
v -0.05073761 0.01541324 -0.09739001
v -0.05154122 0.01335186 -0.09616864
v -0.05194546 0.01150000 -0.09729438
v -0.05255968 0.00877538 -0.09729252
v -0.05187580 0.01180980 -0.09573488
v -0.05257970 0.00870607 -0.09569501
v -0.05311206 0.00503051 -0.09716497
v -0.04767221 0.02287180 -0.09587941
v -0.04938972 0.01915498 -0.09572401
v -0.04761117 0.02282992 -0.09730080
v -0.04600982 0.02595101 -0.09727664
v -0.05059887 0.01537583 -0.09574234
v -0.04298065 -0.01187876 0.08777411
v -0.04357785 -0.00807517 0.08783234
v -0.04378392 -0.00802951 0.08688786
v -0.04300536 -0.01245587 0.08691346
v -0.04246222 -0.01406802 0.08770781
v -0.04407302 -0.00392959 0.08772661
v -0.04230986 -0.01480205 0.08690001
v -0.04101194 -0.01830749 0.08771482
v -0.04101342 -0.01862912 0.08684244
v -0.03958529 -0.02192217 0.08779418
v -0.04025718 -0.01948889 0.08814235
v -0.04181668 -0.01504115 0.08804733
v -0.03958719 -0.02205822 0.08693429
v -0.04436382 -0.00001284 0.08721374
v -0.04416701 0.00193243 0.08766953
v -0.04387090 0.00598387 0.08688947
v -0.04092787 0.01750135 0.08771834
v -0.04097234 0.01776886 0.08698541
v -0.04179576 0.01535253 0.08754638
v -0.03971010 0.02033780 0.08780821
v -0.03882234 0.02263264 0.08752323
v -0.03972540 0.02070353 0.08700801
v -0.04178128 0.01517243 0.08698392
v -0.04240746 0.01322854 0.08705554
v -0.04252379 0.01260865 0.08769858
v -0.04302588 0.01104620 0.08696998
v -0.04358209 0.00792431 0.08757204
v -0.04273703 0.01021962 0.08801949
v -0.04358721 0.00467312 0.08800921
v -0.04043817 0.01690069 0.08832729
v -0.04109487 0.01470963 0.08831314
v -0.04155499 0.01356330 0.08816723
v -0.03790756 0.02351051 0.08806114
v -0.03972262 0.01863697 0.08831325
v -0.03734610 0.02532319 0.08764252
v -0.03653244 0.02530449 0.08838446
v -0.03811977 0.02185850 0.08831593
v -0.03887575 0.02031934 0.08829002
v -0.03732570 0.02353988 0.08833893
v -0.03424775 0.02935503 0.08825487
v -0.03547846 0.02834324 0.08765619
v -0.03382866 0.02888148 0.08902748
v -0.03625897 0.02488824 0.08909968
v -0.03282855 0.03189424 0.08757994
v -0.03175435 0.03240643 0.08830825
v -0.03120354 0.03367204 0.08784832
v -0.03717342 0.02286113 0.08921119
v -0.03825511 0.02064223 0.08914244
v -0.03951220 0.01826858 0.08906305
v -0.04036021 0.01622858 0.08906699
v -0.04115765 0.01338450 0.08917231
v -0.04201444 0.00988218 0.08833159
v -0.04184823 0.00850532 0.08913023
v -0.01482157 0.04426571 0.08900750
v -0.01418424 0.04500298 0.08797683
v -0.01682785 0.04412901 0.08771466
v -0.01798205 0.04281058 0.08917694
v -0.02002215 0.04259427 0.08773890
v -0.02113619 0.04120324 0.08901665
v -0.02266796 0.04110302 0.08774850
v -0.02415140 0.03917684 0.08925042
v -0.02423836 0.04006072 0.08767741
v -0.02586177 0.03886620 0.08778253
v -0.02759461 0.03730370 0.08791698
v -0.02743355 0.03640422 0.08918286
v -0.02937214 0.03557491 0.08793364
v -0.00949428 0.04584698 0.08893520
v -0.02157476 0.04049193 0.08936884
v -0.01935319 0.04184345 0.08929543
v -0.03073071 0.03268610 0.08904973
v -0.01421633 0.04402143 0.08922374
v -0.02447647 0.03836734 0.08940125
v -0.02811933 0.03500769 0.08931838
v -0.03223025 0.03014959 0.08926963
v -0.01012344 0.04506267 0.08922107
v -0.00461176 0.04590889 0.08930328
v -0.00545148 0.04645977 0.08911563
v 0.00011627 0.04678380 0.08911461
v -0.00628208 0.04693284 0.08784066
v -0.01007551 0.04612262 0.08772065
v -0.04109559 -0.01477387 0.08896710
v -0.04198730 -0.01131106 0.08820287
v -0.04122276 -0.01495969 0.08834494
v -0.04014882 -0.01741153 0.08895259
v -0.04043457 -0.01760274 0.08838651
v -0.04152790 -0.01022923 0.08925255
v -0.03949550 -0.01909084 0.08899074
v -0.04196139 -0.01037657 0.08868542
v -0.04243141 -0.00963885 0.08819850
v -0.04202466 -0.00623513 0.08921516
v -0.04260961 0.00084447 0.08823426
v -0.04205590 0.00425354 0.08921549
v -0.04300578 -0.00896220 0.08810366
v -0.04367349 -0.00388508 0.08805063
v -0.03959760 -0.01942550 0.08838952
v -0.03885696 -0.02098806 0.08830699
v -0.04247310 0.00804636 0.08823223
v -0.04191935 -0.01000844 0.08920553
v -0.03880796 -0.02038323 0.08902061
v -0.03797459 -0.02497964 0.08760824
v -0.03600008 -0.02839068 0.08774226
v -0.03711285 -0.02606660 0.08812774
v -0.03862732 -0.02321144 0.08810212
v -0.03537591 -0.02881925 0.08809506
v -0.03349246 -0.03179629 0.08809817
v -0.02072032 -0.04368325 0.08754733
v -0.02331227 -0.04167390 0.08800858
v -0.02479674 -0.04082259 0.08779908
v -0.02006401 -0.04378780 0.08799978
v -0.01746744 -0.04544392 0.08777745
v -0.01656748 -0.04563923 0.08804146
v -0.02796711 -0.03783738 0.08807293
v -0.02875223 -0.02799708 0.08937596
v -0.02929305 -0.02768338 0.08902775
v -0.02684092 -0.02948960 0.08899883
v -0.03008859 -0.02597557 0.08935831
v -0.03104871 -0.02521176 0.08905425
v -0.03116722 -0.02468299 0.08936660
v -0.03163906 -0.02412660 0.08918343
v -0.03264299 -0.02233728 0.08929320
v -0.03440886 -0.01728361 0.08934185
v -0.03379074 -0.01957627 0.08903909
v -0.03359930 -0.01989157 0.08927445
v -0.03256336 -0.02304782 0.08901288
v -0.03560434 -0.01555948 0.08900874
v -0.03523961 -0.01533144 0.08932382
v -0.03592533 -0.01310879 0.08931375
v -0.03703400 -0.00906521 0.08926022
v -0.03653997 -0.01010234 0.08932994
v -0.03778073 -0.01038560 0.08911959
v -0.04061952 -0.01439546 0.08909858
v -0.03808449 -0.02154130 0.08891010
v -0.03702172 -0.02311481 0.08887927
v -0.03560252 -0.02419207 0.08888142
v -0.03427143 -0.02651278 0.08880188
v -0.03246207 -0.02907513 0.08874952
v -0.03804277 -0.00361732 0.08910632
v -0.03801533 0.00418815 0.08908577
v -0.04057248 0.01324655 0.08928289
v -0.03695638 0.01212863 0.08921989
v -0.03851884 0.01884710 0.08932390
v -0.03510489 0.01756190 0.08922568
v -0.03296486 0.02173025 0.08925059
v -0.03595730 0.02419997 0.08934290
v -0.03374913 0.02790818 0.08932947
v -0.03185261 0.02877409 0.08932741
v -0.03100540 0.02283879 0.08937386
v -0.03265909 0.01946900 0.08935968
v -0.02603770 0.03207805 0.08931094
v -0.02022600 0.03896687 0.08920241
v -0.01844306 0.03741417 0.08921785
v -0.01431129 0.04139517 0.08914526
v -0.00652754 0.04429093 0.08924748
v -0.00061840 0.04434013 0.08921466
v -0.00574817 0.04106152 0.08938834
v -0.00405517 0.04188012 0.08942282
v -0.02878311 0.02512455 0.08939832
v -0.02097153 0.03344363 0.08935747
v -0.02252101 0.03201459 0.08935160
v -0.02495067 0.03040610 0.08940220
v -0.02583905 0.02866864 0.08940622
v -0.02730316 0.02743177 0.08941484
v 0.00957176 0.04505062 0.08936964
v 0.00688625 0.04603243 0.08928851
v -0.01935401 0.03435552 0.08937576
v -0.03511081 0.01331631 0.08934471
v -0.01490575 0.03786951 0.08937435
v -0.01269205 0.03891252 0.08939372
v -0.01095404 0.03983290 0.08940271
v -0.02977678 -0.03191086 0.08872610
v -0.02575734 -0.03073559 0.08901058
v -0.02719165 -0.03420377 0.08861587
v -0.00857686 0.04057377 0.08941822
v -0.02334854 -0.03254634 0.08904913
v -0.01757702 0.03641779 0.08936766
v -0.03589844 0.01156172 0.08937474
v -0.02074827 -0.03771844 0.08851954
v -0.02169518 -0.03337417 0.08904114
v -0.01936008 -0.03419185 0.08895836
v -0.01684153 -0.03456133 0.08889521
v -0.01406008 -0.04022685 0.08857558
v -0.01648884 -0.04251287 0.08818273
v -0.01004070 -0.04433850 0.08848550
v -0.01022264 -0.03886826 0.08881814
v -0.01171818 -0.03773342 0.08881529
v -0.00818503 -0.03986515 0.08885390
v -0.01409227 -0.03623759 0.08894027
v -0.00563114 -0.04034851 0.08873813
v -0.00421504 -0.04296402 0.08869300
v -0.00498344 -0.04528573 0.08859126
v -0.00381100 -0.04122123 0.08870671
v -0.00110496 -0.04193542 0.08868924
v 0.00116786 -0.04283078 0.08871419
v -0.00765096 -0.04715285 0.08855844
v 0.00326877 -0.04486410 0.08859347
v -0.00366740 -0.04784987 0.08868625
v -0.00183453 -0.04769823 0.08869815
v 0.00693863 -0.04738272 0.08870297
v 0.00928878 -0.04667532 0.08872833
v 0.01250904 -0.04323474 0.08876125
v 0.00834740 -0.04369182 0.08865220
v 0.01401768 -0.04532297 0.08897546
v -0.01545822 -0.03551518 0.08895066
v -0.01312630 -0.04648201 0.08812193
v -0.02416980 -0.03763180 0.08819256
v -0.02798075 -0.03519805 0.08827140
v 0.01671228 -0.04176493 0.08866466
v -0.03061278 -0.03513674 0.08806847
v 0.01858389 -0.04413337 0.08898360
v 0.02198366 -0.04230905 0.08903781
v 0.02252747 -0.03891052 0.08872673
v 0.02022183 -0.04002680 0.08872009
v -0.03060854 -0.03289845 0.08831954
v -0.03685122 0.00920994 0.08930799
v -0.03355601 0.01797511 0.08937193
v -0.03448054 0.01618080 0.08936479
v 0.01152348 -0.04666359 0.08874233
v 0.02586051 -0.03918069 0.08910592
v 0.02553421 -0.03684826 0.08885397
v 0.02796215 -0.03854613 0.08909160
v 0.02917876 -0.03427976 0.08892520
v 0.03055604 -0.03530535 0.08912167
v 0.03096276 -0.03642350 0.08913449
v 0.03518886 -0.03232438 0.08917225
v 0.03516247 -0.03107202 0.08916375
v 0.03898402 -0.02740345 0.08922450
v 0.03878798 -0.02584450 0.08928732
v 0.04060614 -0.02396843 0.08930079
v 0.03275914 -0.03149777 0.08893587
v 0.03274798 -0.03050471 0.08903980
v 0.02368112 -0.04159471 0.08890277
v 0.03519701 -0.02826833 0.08895147
v 0.03761142 -0.02495579 0.08906631
v 0.03993553 -0.02087311 0.08907910
v 0.04185083 -0.01964795 0.08925259
v 0.04249608 -0.02048956 0.08920713
v 0.04386454 -0.01647873 0.08927409
v 0.04166225 -0.01631518 0.08914674
v 0.04077675 -0.01815718 0.08920726
v 0.04255950 -0.01439147 0.08920490
v 0.04450209 -0.01276296 0.08930027
v 0.04348011 -0.01253024 0.08933528
v 0.04418635 -0.01082647 0.08936577
v 0.04527986 -0.01300294 0.08921732
v 0.04489478 -0.00881068 0.08955804
v 0.04449755 -0.01034463 0.08944140
v 0.04577690 -0.01009067 0.08937802
v -0.03383677 -0.02904463 0.08834560
v 0.03965837 -0.02029413 0.08916876
v 0.01584919 -0.04527637 0.08890598
v -0.01260308 -0.03698297 0.08889465
v -0.03710450 0.00126483 0.08928053
v 0.00734236 0.04386447 0.08915071
v 0.01365148 0.04428998 0.08924078
v 0.01260744 0.04347437 0.08912202
v 0.01409672 0.04252589 0.08904537
v 0.01797362 0.04320456 0.08925388
v 0.01196427 0.04293898 0.08916176
v 0.00798052 0.04346762 0.08930588
v 0.01611998 0.04116899 0.08920936
v 0.01760497 0.04062998 0.08911589
v 0.02100164 0.04113417 0.08926960
v 0.02112550 0.04185933 0.08922290
v 0.02476710 0.03988383 0.08930626
v 0.02501687 0.03858245 0.08931920
v 0.02804575 0.03766404 0.08933264
v 0.02803074 0.03652620 0.08932044
v 0.02990881 0.03611579 0.08940557
v 0.03008977 0.03445576 0.08931853
v 0.03226131 0.03111489 0.08918114
v 0.03070610 0.03256401 0.08922133
v 0.02479188 0.03707621 0.08916945
v 0.02312552 0.03807966 0.08913411
v 0.02693072 0.03562610 0.08920572
v 0.02866722 0.03429494 0.08917965
v 0.02086860 0.03981286 0.08905513
v 0.03630589 0.03006117 0.08941591
v 0.03485480 0.02980189 0.08930877
v 0.03803931 0.02686209 0.08950609
v 0.03444042 0.02876380 0.08919708
v 0.03574274 0.02701851 0.08913084
v 0.03664605 0.02578483 0.08917679
v 0.03891292 -0.02177283 0.08918958
v 0.03866570 0.02232425 0.08927657
v 0.03930651 0.02557297 0.08949881
v 0.04076520 0.02288004 0.08945535
v 0.04012192 0.01951506 0.08919439
v 0.04261435 0.01891762 0.08941215
v 0.04107554 0.01770799 0.08931028
v 0.04182010 0.01612461 0.08928646
v 0.04409194 0.01530583 0.08939190
v 0.04262154 0.01443679 0.08930960
v 0.04363681 0.01230740 0.08938956
v 0.04505628 0.01221243 0.08936826
v 0.04453994 0.00972360 0.08948248
v 0.04516175 0.00907908 0.08954236
v 0.04515914 0.00733145 0.08961843
v 0.04335356 0.01252489 0.08935131
v 0.04411588 0.01028156 0.08959171
v -0.03972002 0.01621897 0.08926113
v 0.04570790 0.00978710 0.08939881
v -0.03635644 -0.02503550 0.08839236
v 0.03216510 0.03455267 0.08931766
v -0.03782638 -0.02251054 0.08835403
v 0.01989239 -0.03967259 0.08882975
v 0.03802359 -0.02336839 0.08918951
v 0.03716434 -0.02477007 0.08917167
v 0.03629694 -0.02609618 0.08926458
v 0.01958227 0.03971303 0.08917385
v 0.02163513 0.03876035 0.08920978
v 0.02142424 -0.03885999 0.08892017
v 0.01645087 -0.04111758 0.08884427
v 0.01794428 -0.04043891 0.08892210
v 0.00327285 0.04383698 0.08924970
v 0.00000739 0.04358322 0.08936571
v -0.00233869 0.04283959 0.08944610
v 0.03779845 0.02845790 0.08925948
v 0.01158109 -0.04290837 0.08885916
v 0.01453312 -0.04202980 0.08889067
v 0.01544088 0.04451831 0.08905241
v 0.01222237 0.04549129 0.08899834
v 0.02250898 -0.03818346 0.08894888
v 0.02398905 -0.03733595 0.08897262
v 0.02524926 -0.03660150 0.08899764
v 0.02736867 -0.03943107 0.08891266
v 0.01352453 0.04207520 0.08929958
v 0.02613574 -0.03588976 0.08909024
v 0.04386523 -0.01759428 0.08910648
v 0.03510392 -0.02773450 0.08912631
v 0.03374678 -0.02931890 0.08910946
v 0.00521361 -0.04387176 0.08885970
v 0.00225973 -0.04369968 0.08875804
v 0.00220816 -0.04243300 0.08869705
v 0.02778981 -0.03488957 0.08908860
v 0.02892844 -0.03395679 0.08909479
v 0.03031608 -0.03271488 0.08910254
v -0.01073489 -0.04722523 0.08809759
v -0.00151083 -0.04805835 0.08850010
v 0.04553051 -0.00914944 0.08966221
v 0.04546340 -0.00521604 0.08972963
v 0.04720188 -0.00926560 0.08984271
v 0.04630816 0.00948857 0.08976700
v 0.04762588 0.00675042 0.08986885
v 0.04806239 -0.00986185 0.08980076
v 0.04885149 0.00926724 0.08959064
v 0.04884993 -0.00715957 0.08964338
v 0.04976440 -0.00922319 0.08915278
v 0.04979655 0.00784876 0.08915954
v 0.00504784 -0.04790722 0.08844770
v 0.00922225 -0.04731813 0.08835606
v 0.04908172 -0.00999638 0.08921327
v 0.05068636 0.00946291 0.08826256
v 0.04553503 0.00177024 0.08968163
v 0.05067629 -0.00598128 0.08823922
v 0.05087786 -0.00998756 0.08766622
v 0.00848418 -0.04348844 0.08901248
v -0.05074595 -0.01633496 -0.09596516
v -0.05159984 -0.01360130 -0.09719486
v -0.04975823 -0.01902205 -0.09723393
v -0.05188184 -0.01258312 -0.09605343
v -0.04933093 -0.01995010 -0.09570505
v -0.04806032 -0.02272791 -0.09729679
v -0.04788982 -0.02300588 -0.09574754
v -0.04629314 -0.02600542 -0.09728130
v -0.04631586 -0.02592323 -0.09573997
v -0.05264341 -0.00885371 -0.09716068
v -0.05231672 -0.01039173 -0.09570128
v -0.05287279 -0.00752066 -0.09609258
v -0.05301245 -0.00624864 -0.09728491
v 0.02463686 0.04395905 -0.09571723
v 0.02766552 0.04185390 -0.09711603
v 0.02534470 0.04352847 -0.09722221
v 0.02820616 0.04130935 -0.09560332
v 0.02230889 0.04551917 -0.09712329
v 0.02151709 0.04587724 -0.09561019
v 0.03132576 0.03878358 -0.09702265
v 0.03192272 0.03812759 -0.09558837
v 0.01968389 0.04688936 -0.09723375
v 0.01744448 0.04784493 -0.09560230
v 0.01616917 0.04851516 -0.09722437
v 0.01547072 0.04871159 -0.09562744
v 0.01245528 0.04977084 -0.09566036
v 0.01228169 0.04987461 -0.09724647
v 0.03423886 0.03572599 -0.09696588
v -0.02889021 -0.00000004 0.09565687
v -0.02898871 -0.00052815 0.09516157
v -0.02877735 -0.00468585 0.09479885
v -0.02826382 -0.00512196 0.09615584
v -0.02834152 -0.00248828 0.09644574
v -0.02859652 0.00400393 0.09495563
v -0.02818794 0.00380902 0.09644887
v -0.02847797 -0.00527924 0.09462759
v -0.02722356 -0.00541617 0.09689301
v -0.02760182 0.00450451 0.09637248
v 0.02493828 -0.03729117 0.09079610
v 0.02524926 -0.03660150 0.08899764
v 0.02621514 -0.03627446 0.08986051
v 0.02397149 -0.03780407 0.08978011
v 0.02775296 -0.03535325 0.09077430
v 0.02778981 -0.03488957 0.08908860
v 0.02892844 -0.03395679 0.08909479
v 0.03101503 -0.03261295 0.09032013
v 0.03031608 -0.03271488 0.08910254
v 0.03177938 -0.03140471 0.08912313
v 0.03274798 -0.03050471 0.08903980
v 0.03266417 -0.03104758 0.09050258
v 0.02613574 -0.03588976 0.08909024
v 0.02131702 -0.03941786 0.09106650
v 0.02187566 -0.03911266 0.09010389
v 0.01997021 -0.03996576 0.08971289
v 0.01823790 -0.04100471 0.09085249
v 0.02142424 -0.03885999 0.08892017
v 0.01989239 -0.03967259 0.08882975
v 0.02250898 -0.03818346 0.08894888
v 0.02398905 -0.03733595 0.08897262
v 0.01794428 -0.04043891 0.08892210
v 0.01758494 -0.04115711 0.08972489
v 0.01574949 -0.04211971 0.09111399
v 0.01581779 -0.04192999 0.08969640
v 0.01166977 -0.04358361 0.09094118
v 0.01723738 -0.04122872 0.09189919
v 0.01459716 -0.04235849 0.09197192
v 0.01186938 -0.04332600 0.09203014
v 0.01980592 -0.03989358 0.09188481
v 0.02273529 -0.03824627 0.09185140
v 0.00807241 -0.04440168 0.09193619
v 0.02505819 -0.03665745 0.09184607
v 0.00724149 -0.04423890 0.09254951
v 0.00385126 -0.04494405 0.09217682
v 0.00910562 -0.04341155 0.09294471
v 0.00254740 -0.04441391 0.09321076
v -0.01751016 0.04917275 -0.09569469
v -0.01718663 0.04929870 -0.09734100
v -0.01978729 0.04824002 -0.09734936
v -0.01488614 0.05017665 -0.09713197
v -0.01420099 0.05034676 -0.09567965
v -0.02082258 0.04794249 -0.09628039
v -0.01011015 0.05140634 -0.09708148
v -0.02478238 0.04612044 -0.09720872
v -0.02482863 0.04607693 -0.09568973
v -0.01043039 0.05121582 -0.09566272
v -0.02069064 0.04784646 -0.09568693
v -0.00772789 0.05177087 -0.09572641
v -0.00040160 -0.02175263 0.06789652
v -0.00111445 -0.02259789 0.06945082
v -0.00095692 -0.02327929 0.06769505
v -0.00030344 -0.02288629 0.06695025
v -0.00113064 -0.02419223 0.06913505
v -0.00133540 -0.02308827 0.07065466
v -0.00099312 -0.02464867 0.07249101
v -0.00127990 -0.02183577 0.06910967
v -0.00000425 -0.02428987 0.06656037
v 0.00082348 -0.02368708 0.06538514
v 0.00034911 -0.02463094 0.06601413
v -0.00194654 -0.02271246 0.07149184
v -0.00017269 -0.02525070 0.06829446
v 0.00008611 -0.02518638 0.06582025
v -0.00172964 -0.02453195 0.07483705
v -0.00092429 -0.02601236 0.07561847
v -0.00081238 -0.02608274 0.07465614
v -0.00052616 -0.02539191 0.06888808
v -0.00060067 -0.02472108 0.06875887
v -0.00185041 -0.02635722 0.07871858
v -0.00340976 -0.02564664 0.08043826
v -0.00299260 -0.02291121 0.07349361
v -0.00076871 -0.02583112 0.07018648
v -0.02540016 -0.01670949 0.09411860
v -0.02470019 -0.01794365 0.09205897
v -0.02590562 -0.01570786 0.09216754
v -0.02446146 -0.01839862 0.09417483
v -0.02675587 -0.01443704 0.09418608
v -0.02329020 -0.02007117 0.09195196
v -0.02672859 -0.01403639 0.09230652
v -0.02773715 -0.01193569 0.09436156
v -0.02240414 -0.02106368 0.09327293
v -0.02318541 -0.02042929 0.09449544
v -0.02127544 -0.02244827 0.09414815
v -0.02175417 -0.02153257 0.09204616
v -0.02742872 -0.01140250 0.09254103
v -0.02750947 -0.00924696 0.09226664
v -0.02800940 -0.00861871 0.09419841
v -0.02758067 -0.00634341 0.09248167
v -0.02847797 -0.00527924 0.09462759
v -0.02607920 -0.01656310 0.09483658
v -0.02742120 -0.01423400 0.09484583
v -0.02490096 -0.01878535 0.09491151
v -0.02859570 -0.01121751 0.09492765
v -0.02235379 -0.02183395 0.09468120
v -0.02017442 -0.02378881 0.09451708
v -0.02021346 -0.02315546 0.09394574
v -0.01968000 -0.02282542 0.09281205
v -0.02101769 -0.02203778 0.09235778
v -0.01853218 -0.02331366 0.09295866
v -0.01776445 -0.02477320 0.09389096
v -0.01621949 -0.02587719 0.09395885
v -0.02744519 -0.00592871 0.09268784
v -0.02251875 -0.00885564 0.09210130
v -0.02228027 -0.00658316 0.09223869
v -0.02475651 -0.00592929 0.09177363
v -0.02437371 -0.00951134 0.09157447
v -0.02166614 -0.00976619 0.09225267
v -0.02540451 -0.00867067 0.09127690
v -0.02524434 -0.01130179 0.09132955
v -0.02454398 -0.01293368 0.09129923
v -0.02180951 -0.01308766 0.09240787
v -0.02361399 -0.01425764 0.09165850
v -0.02097365 -0.01574881 0.09247862
v -0.02138582 -0.01882006 0.09242222
v -0.02035643 -0.01390597 0.09261695
v -0.02317315 -0.01706028 0.09205156
v -0.01870751 -0.01695740 0.09284734
v -0.02157948 -0.00701965 0.09190412
v -0.02070056 -0.01014534 0.09222406
v -0.02477672 -0.01454691 0.09176830
v -0.01757884 -0.01916272 0.09274951
v -0.01586452 -0.02248008 0.09270875
v -0.01579048 -0.02473087 0.09306795
v -0.01938649 -0.01298002 0.09234219
v -0.02634235 -0.01168331 0.09226356
v -0.02607578 -0.00853659 0.09183635
v -0.02648608 -0.00641620 0.09206498
v -0.02559826 -0.00599034 0.09182483
v -0.01455858 -0.02316933 0.09232342
v -0.01745754 -0.01717121 0.09237323
v -0.01672438 -0.01871168 0.09232198
v -0.01599745 -0.02034834 0.09233869
v -0.02154587 -0.00623126 0.09220794
v -0.01525489 -0.02171639 0.09229043
v -0.01831363 -0.01540808 0.09235432
v -0.02063395 -0.00910143 0.09165901
v -0.02110950 -0.00722690 0.09156505
v -0.02551129 -0.01197024 0.09180513
v -0.01478247 -0.02443025 0.09317509
v -0.01558226 -0.02570637 0.09396201
v -0.02228354 -0.00611635 0.09258423
v -0.01515600 -0.02508360 0.09396390
v -0.01405398 -0.02458075 0.09253161
v -0.01986040 -0.01125939 0.09181139
v -0.01356082 -0.04151495 0.09058813
v -0.01634503 -0.03998264 0.09100567
v -0.01476332 -0.04062704 0.09039188
v -0.01672213 -0.03928715 0.09025697
v -0.01914276 -0.03832539 0.09079107
v -0.01860636 -0.03824037 0.09024045
v -0.02064072 -0.03712862 0.09010157
v -0.02120730 -0.03731156 0.09150891
v -0.02228492 -0.03631029 0.09020162
v -0.01526908 -0.04099501 0.09228693
v -0.01355487 -0.04203372 0.09225709
v -0.02468052 -0.03542786 0.09178272
v -0.01131890 -0.04266461 0.09065637
v -0.01782845 -0.03929469 0.09181530
v -0.02417881 -0.03535446 0.09039304
v -0.02636476 -0.03417926 0.09165452
v -0.00973439 -0.04368641 0.09199423
v -0.02611115 -0.03368471 0.09026796
v -0.02795537 -0.03230436 0.09057586
v -0.02800509 -0.03285847 0.09202318
v -0.02122039 -0.03734958 0.09255378
v -0.01743219 -0.03949243 0.09262700
v -0.02490352 -0.03528255 0.09272606
v -0.01012719 -0.04353764 0.09281182
v -0.03050675 -0.03042225 0.09234813
v -0.02717967 -0.03345656 0.09320268
v -0.00619227 -0.04438413 0.09124333
v -0.00934187 -0.04319055 0.09047275
v -0.00514858 -0.04480713 0.09227921
v -0.00628441 -0.04454085 0.09278550
v -0.02876490 -0.03203876 0.09343354
v -0.00706115 -0.04402518 0.09360480
v -0.00087782 -0.04497214 0.09287646
v -0.00080779 -0.04523585 0.09195950
v 0.00385126 -0.04494405 0.09217682
v 0.00254740 -0.04441391 0.09321076
v -0.02655418 -0.04876886 0.09404806
v -0.02748144 -0.04813041 0.09297146
v -0.02611491 -0.04926945 0.09232321
v -0.02904599 -0.04663453 0.09419174
v -0.02463768 -0.05013711 0.09231918
v -0.02324481 -0.05081929 0.09389022
v -0.02300103 -0.05097582 0.09242673
v -0.02072479 -0.05163212 0.09375026
v -0.02958978 -0.04555881 0.09490125
v -0.01940994 -0.05129394 0.09479568
v -0.02494267 -0.04888979 0.09486854
v -0.02834819 -0.04530787 0.09571831
v -0.01908834 -0.05010956 0.09580811
v -0.02543212 -0.04714877 0.09571848
v -0.02928305 -0.04349421 0.09622763
v -0.01697115 -0.05025042 0.09586492
v -0.01652689 -0.04912864 0.09658008
v -0.01505810 -0.04884046 0.09652410
v -0.02757297 -0.04780619 0.09248519
v -0.02899959 -0.04643900 0.09309004
v 0.03849393 0.02808820 0.08708763
v 0.03564705 0.03165513 0.08704689
v 0.03639655 0.03113703 0.08784619
v 0.03833898 0.02863140 0.08789737
v 0.03368115 0.03403208 0.08783223
v 0.03244540 0.03489337 0.08707021
v 0.03056519 0.03683384 0.08779743
v 0.02846536 0.03806981 0.08706982
v 0.02643499 0.03976244 0.08781232
v 0.04078040 0.02460317 0.08774340
v 0.03312670 0.00826508 0.04636751
v 0.03111261 0.00787391 0.04615258
v 0.03135525 0.00751569 0.04471265
v 0.03317725 0.00760206 0.04452588
v 0.03222158 0.00735733 0.04315936
v 0.03030073 0.00695288 0.04242997
v 0.03128304 0.00673153 0.04082213
v 0.02862709 0.00590557 0.03914096
v 0.03035399 0.00602741 0.03836508
v 0.02778602 0.00514768 0.03606145
v 0.03007234 0.00540989 0.03599709
v 0.02902254 0.00504653 0.03481314
v 0.02653336 0.00438186 0.03238321
v 0.03250461 0.00830423 0.04753992
v 0.02794412 0.00434654 0.03215837
v 0.02799138 0.00347033 0.02976125
v 0.03139290 0.00845198 0.04794168
v 0.03038055 0.00759275 0.04482087
v 0.03271919 0.00910582 0.04970650
v 0.03377880 0.00916183 0.04994533
v 0.03387027 0.00823814 0.04694773
v 0.03070638 0.00830679 0.04671010
v 0.02956920 0.00698997 0.04230139
v 0.03287740 0.00980470 0.05148602
v 0.02952008 0.00456325 0.03362550
v 0.02605753 0.00379731 0.03008363
v 0.02468933 0.00302801 0.02737729
v 0.02697570 0.00222340 0.02619766
v 0.02462196 0.00210989 0.02435389
v 0.03168275 0.00557837 0.03788618
v 0.02774023 0.00597815 0.03873663
v 0.02736356 0.00523638 0.03620428
v 0.02635192 0.00507151 0.03419845
v 0.03433620 0.00977648 0.05261114
v 0.02893615 0.00330371 0.03002916
v 0.03479799 0.00892256 0.05001046
v 0.02568432 0.00146150 0.02343388
v 0.02235016 0.00196654 0.02272622
v 0.02313631 0.00068752 0.02008144
v 0.02230113 0.00277229 0.02413762
v 0.02126659 0.00150525 0.02066905
v 0.02075345 0.00111690 0.01915674
v 0.02321949 0.00003218 0.01862001
v 0.02116437 -0.00017245 0.01581400
v 0.03253462 0.00593697 0.04019017
v 0.02952695 0.00275971 0.02958138
v 0.02855159 0.00699780 0.04093506
v 0.03209220 0.00934173 0.04956934
v 0.02578672 0.00453354 0.03171817
v 0.02474130 0.00420242 0.02962362
v 0.03258211 0.01034899 0.05221601
v 0.03304797 0.01049743 0.05436143
v 0.03470816 0.01012338 0.05471917
v 0.03495435 0.01037749 0.05761396
v 0.03350027 0.01087740 0.05944451
v 0.03531313 0.01064305 0.06090614
v 0.03315277 0.01130730 0.06351698
v 0.03483873 0.01071801 0.06683461
v 0.02759921 0.00160307 0.02560264
v 0.02322573 -0.00123446 0.01582624
v 0.02139556 -0.00102439 0.01415846
v 0.03579524 0.00920374 0.05358483
v 0.02608626 -0.00087296 0.02040680
v 0.02609967 0.00028351 0.02189239
v 0.03072071 0.00368454 0.03336692
v 0.03283163 0.01108585 0.05713455
v 0.03242779 0.00445079 0.03678130
v 0.03610820 0.00997690 0.05973517
v 0.02474608 -0.00100682 0.01873092
v 0.03323863 0.01163183 0.06568697
v 0.03426432 0.01120816 0.06887053
v 0.02349962 0.00356838 0.02666647
v 0.02142448 0.00275194 0.02284604
v 0.03643717 0.00978301 0.06385745
v 0.02686311 0.00598677 0.03684428
v 0.02979011 0.00161603 0.02826124
v 0.03367117 0.00570247 0.04185826
v 0.03646440 0.00887224 0.05518726
v 0.03155843 0.00261524 0.03302881
v 0.03543812 0.00998643 0.06902172
v 0.02817486 -0.00002424 0.02432663
v 0.02006439 0.00123218 0.01690478
v 0.02031077 0.00016031 0.01424397
v 0.02053507 -0.00101905 0.01228697
v 0.02326531 -0.00276801 0.01449516
v 0.03498807 0.00618053 0.04549100
v 0.02423992 -0.00185338 0.01661386
v 0.03671944 0.00912319 0.05847524
v 0.03375346 0.00435093 0.03992464
v 0.03572627 0.00793363 0.05026961
v 0.03305790 -0.03756554 -0.09561775
v 0.03280998 -0.03806847 -0.09689748
v 0.03501581 -0.03549093 -0.09654119
v 0.03581762 -0.03428441 -0.09563825
v 0.03064888 -0.04008792 -0.09571388
v 0.03747645 -0.03206698 -0.09644158
v 0.03825065 -0.03068872 -0.09557993
v 0.03861301 -0.03018197 -0.09702742
v 0.03999129 -0.02782582 -0.09564009
v 0.02990088 -0.04079496 -0.09696192
v 0.04133635 -0.02532115 -0.09640020
v 0.04201496 -0.02376680 -0.09565148
v 0.03549256 -0.03469495 -0.09711468
v 0.02657771 -0.04341088 -0.09644895
v 0.02698472 -0.04290011 -0.09559188
v 0.02289822 -0.04576067 -0.09562451
v 0.02240772 -0.00760840 -0.09558267
v 0.03771311 0.01261301 -0.09551664
v 0.02443039 0.01224765 -0.09557218
v 0.02878020 -0.02346290 -0.09556986
v 0.03784106 -0.01680420 -0.09548332
v 0.03104761 -0.00942476 -0.09554911
v 0.03959221 -0.00822333 -0.09546788
v 0.01147407 -0.03126642 -0.09560361
v 0.01247539 -0.00026610 -0.09560181
v -0.00435229 -0.02150173 -0.09563298
v -0.00957693 -0.00775363 -0.09564056
v -0.01830577 -0.02793947 -0.09565369
v -0.03018685 -0.00851197 -0.09566815
v -0.04088973 -0.01721136 -0.09568590
v -0.04370901 0.00780172 -0.09568690
v -0.05326086 0.00306455 -0.09571785
v -0.05231672 -0.01039173 -0.09570128
v -0.05095772 -0.01440876 -0.09571388
v -0.04933093 -0.01995010 -0.09570505
v -0.04445632 -0.02884718 -0.09569615
v -0.03657166 -0.03529870 -0.09567921
v -0.05257970 0.00870607 -0.09569501
v -0.04772802 0.02220934 -0.09571687
v -0.03417065 0.01723970 -0.09567944
v -0.04494858 0.02744626 -0.09571510
v -0.04394213 0.02888446 -0.09569033
v -0.01650839 0.00695546 -0.09565280
v -0.00835717 0.02869949 -0.09564849
v -0.02243752 0.03452211 -0.09568123
v -0.03826512 0.03574780 -0.09571316
v -0.03325788 0.04041433 -0.09568324
v -0.02482863 0.04607693 -0.09568973
v -0.03043678 0.04255220 -0.09568760
v -0.02069064 0.04784646 -0.09568693
v -0.01420099 0.05034676 -0.09567965
v 0.00616765 0.02792040 -0.09562492
v 0.01542544 0.04056370 -0.09561479
v 0.01547072 0.04871159 -0.09562744
v -0.00169962 0.05201407 -0.09568431
v 0.01744448 0.04784493 -0.09560230
v 0.02151709 0.04587724 -0.09561019
v 0.02820616 0.04130935 -0.09560332
v 0.02757865 0.02828836 -0.09558265
v 0.01508057 0.02812091 -0.09559949
v 0.01036590 0.01315885 -0.09559576
v -0.00009306 0.00803417 -0.09562745
v 0.03904795 0.01883580 -0.09552609
v 0.03192272 0.03812759 -0.09558837
v 0.03841440 0.02952950 -0.09557278
v 0.04083912 0.02404165 -0.09557037
v -0.02479384 -0.04466934 -0.09563743
v -0.00212254 -0.03758557 -0.09562301
v -0.00942959 -0.04990538 -0.09562608
v 0.00574081 -0.04628701 -0.09560761
v 0.00444448 -0.05166832 -0.09565931
v 0.01367754 -0.04975733 -0.09563884
v 0.01790451 -0.04664222 -0.09555956
v 0.03340769 -0.03276002 -0.09555393
v 0.03066278 -0.03828103 -0.09556564
v 0.04129630 -0.02382076 -0.09548947
v 0.04255603 0.01932764 -0.09550900
v -0.02005534 -0.04863421 -0.09568093
v -0.01679609 -0.04969556 -0.09566146
v -0.05331323 -0.00292319 -0.09572494
v -0.02787269 0.04436242 -0.09569366
v -0.03171391 -0.04232310 -0.09570254
v -0.02714507 -0.04529971 -0.09569169
v -0.03868675 -0.03618143 -0.09573377
v -0.04143754 -0.03290810 -0.09573667
v -0.03613868 -0.03872272 -0.09571741
v -0.00707749 -0.05169998 -0.09567913
v -0.01193352 -0.05082214 -0.09567894
v 0.04390239 0.01549664 -0.09531727
v 0.04169335 0.00993530 -0.09535863
v 0.04269183 -0.02012250 -0.09536422
v -0.02329383 -0.04722878 -0.09571966
v 0.01918965 -0.04762997 -0.09565319
v 0.01245528 0.04977084 -0.09566036
v 0.00294886 0.05176198 -0.09567001
v 0.04362310 -0.01742954 -0.09521402
v 0.04225935 -0.01128171 -0.09529804
v -0.01043039 0.05121582 -0.09566272
v -0.04077735 0.03305578 -0.09571764
v 0.03555958 0.03375173 -0.09559655
v -0.05059887 0.01537583 -0.09574234
v -0.05187580 0.01180980 -0.09573488
v -0.04938972 0.01915498 -0.09572401
v 0.04282531 0.00974432 -0.09522178
v -0.01751016 0.04917275 -0.09569469
v -0.04631586 -0.02592323 -0.09573997
v 0.04510069 -0.01385209 -0.09485602
v 0.04498244 -0.01517351 -0.09502133
v 0.04591230 -0.01397128 -0.09490644
v -0.00772789 0.05177087 -0.09572641
v -0.03701298 0.03713823 -0.09573715
v 0.04386066 -0.01123172 -0.09496456
v 0.04383575 -0.00036024 -0.09498113
v 0.04393064 0.01006605 -0.09498157
v 0.04525427 0.01302661 -0.09490121
v 0.01005281 -0.05070170 -0.09568820
v 0.04270734 0.02096537 -0.09568214
v 0.04413463 0.01621476 -0.09554559
v 0.00654039 0.05117946 -0.09570626
v 0.04030995 0.02645142 -0.09568804
v -0.04788982 -0.02300588 -0.09574754
v -0.05021593 -0.01733009 -0.09574505
v 0.04534132 0.01354981 -0.09526545
v 0.04535366 -0.00452889 -0.09433562
v 0.04544842 0.00710786 -0.09426442
v 0.04568319 -0.01184755 -0.09422418
v 0.04650345 -0.01279236 -0.09439190
v 0.04575287 0.01073139 -0.09419958
v 0.04605185 0.01169652 -0.09433744
v 0.04710090 0.01114474 -0.09413864
v 0.04394788 -0.01788410 -0.09556790
v 0.04790158 -0.01148711 -0.09329340
v 0.04711461 0.01029807 -0.09335699
v -0.04767221 0.02287180 -0.09587941
v 0.04685683 0.00671893 -0.09335716
v 0.02463686 0.04395905 -0.09571723
v 0.04686533 -0.01044004 -0.09333714
v 0.04729070 -0.01133065 -0.09329489
v 0.04421140 -0.01689610 -0.09533423
v -0.05074595 -0.01633496 -0.09596516
v -0.05188184 -0.01258312 -0.09605343
v 0.04697596 -0.01265467 -0.09469097
v -0.00155826 -0.05207655 -0.09652116
v -0.00734125 -0.05166138 -0.09715845
v 0.00004402 -0.05185392 -0.09726344
v 0.00409908 -0.05172003 -0.09712064
v -0.01679609 -0.04969556 -0.09566146
v -0.01790527 -0.04930133 -0.09727511
v -0.01404079 -0.05047110 -0.09663440
v -0.02050195 -0.04846234 -0.09716344
v -0.02005534 -0.04863421 -0.09568093
v -0.02329383 -0.04722878 -0.09571966
v -0.02616734 -0.04591476 -0.09724105
v -0.02714507 -0.04529971 -0.09569169
v -0.01193352 -0.05082214 -0.09567894
v -0.00707749 -0.05169998 -0.09567913
v -0.01078598 -0.05096960 -0.09724179
v -0.01413848 -0.05027635 -0.09726281
v 0.00444448 -0.05166832 -0.09565931
v 0.00327285 0.04383698 0.08924970
v 0.00585248 0.04418522 0.09032586
v 0.00798052 0.04346762 0.08930588
v 0.00255397 0.04434892 0.08994553
v 0.00933194 0.04360380 0.09053225
v 0.01178269 0.04283376 0.08947085
v -0.00269370 0.04463180 0.09266129
v -0.00261913 0.04459335 0.09171304
v -0.00565405 0.04405621 0.09238758
v 0.00148583 0.04475358 0.09261880
v 0.00182314 0.04480738 0.09163259
v 0.00533358 0.04441059 0.09195767
v -0.00008126 0.04436327 0.09011165
v -0.00476618 0.04404405 0.09341656
v -0.00856466 0.04320569 0.09330812
v -0.00940846 0.04307570 0.09262718
v -0.01241428 0.04207621 0.09301138
v -0.00159222 0.04434617 0.09352278
v -0.01237227 0.04166911 0.09117517
v -0.01010082 0.04261974 0.09153982
v -0.01472391 0.04087727 0.09139182
v -0.01613387 0.04058865 0.09302297
v -0.01777308 0.03955825 0.09159121
v -0.01933011 0.03891713 0.09245630
v -0.02016671 0.03818049 0.09154268
v -0.00625186 0.04352775 0.09116260
v -0.00351959 0.04355371 0.09013463
v -0.00700699 0.04261903 0.09016345
v -0.01206884 0.04099049 0.09009115
v -0.02068368 0.03694579 0.09016206
v -0.01798190 0.03839991 0.09008968
v -0.01511657 0.03955040 0.08994771
v -0.02255445 0.03659028 0.09153484
v -0.02315775 0.03497774 0.09009328
v -0.02575508 0.03399145 0.09152188
v -0.02638418 0.03205951 0.09015782
v -0.02805413 0.03163600 0.09122756
v -0.00233869 0.04283959 0.08944610
v -0.01723850 0.03803572 0.08974860
v 0.00000739 0.04358322 0.08936571
v -0.00857686 0.04057377 0.08941822
v -0.01095404 0.03983290 0.08940271
v -0.01942166 0.03665952 0.08972913
v -0.01269205 0.03891252 0.08939372
v -0.01490575 0.03786951 0.08937435
v -0.00574817 0.04106152 0.08938834
v -0.00405517 0.04188012 0.08942282
v -0.02271261 0.03430865 0.08976298
v -0.01757702 0.03641779 0.08936766
v -0.02559149 0.03131880 0.08975338
v -0.02901887 0.02922503 0.09013604
v -0.01963398 0.03871167 0.09339561
v -0.02262960 0.03681086 0.09308270
v -0.01757393 -0.02599402 0.09703693
v -0.01674760 -0.02281568 0.09706256
v -0.01690685 -0.02282788 0.09658955
v -0.01631012 -0.01766004 0.09695646
v -0.01649969 -0.01765898 0.09599137
v -0.01694272 -0.02318916 0.09606628
v -0.01780482 -0.02730388 0.09578190
v -0.01678163 -0.01467353 0.09663542
v -0.01670939 -0.01544988 0.09572568
v -0.01852198 -0.02904480 0.09562841
v -0.01857932 -0.02890963 0.09712625
v -0.01924292 -0.03049921 0.09553772
v -0.01977499 -0.03149020 0.09715707
v -0.02010682 -0.03186636 0.09552599
v -0.01748748 -0.02725640 0.09734663
v -0.01916899 -0.03112460 0.09736392
v -0.02168049 -0.03409387 0.09738434
v -0.02152187 -0.03393505 0.09546480
v 0.00378558 0.00492160 0.00265379
v 0.00344416 -0.00029417 0.00256587
v 0.00486476 0.00624293 0.00264734
v 0.00705321 0.00506730 0.00167057
v 0.00257126 -0.00039975 0.00295431
v 0.00275279 0.00444231 0.00301501
v 0.00354539 -0.00304271 0.00259977
v 0.00659877 0.00818118 0.00245291
v 0.00501090 -0.00027779 0.00180387
v 0.00521494 -0.00302544 0.00178172
v 0.00575033 0.00312629 0.00189541
v 0.00419586 0.01066753 0.00396158
v 0.00297311 0.01130041 0.00478965
v 0.00066820 0.00585814 0.00471327
v 0.00706305 0.00092261 0.00040204
v 0.00850037 0.00353674 0.00028590
v 0.00903106 0.00226953 -0.00018648
v 0.00067522 0.01018601 0.00600742
v 0.00705571 -0.00127722 0.00028119
v 0.00031544 0.00277808 0.00468286
v 0.00888919 -0.00125701 -0.00029543
v 0.00019098 -0.00098986 0.00487269
v -0.00220857 0.00689342 0.00764015
v -0.00206754 0.00953010 0.00827123
v -0.00123977 0.00315152 0.00621813
v 0.00531967 0.01282886 0.00443706
v 0.00177879 0.01343783 0.00684741
v 0.00714191 0.01223631 0.00363098
v -0.00054009 0.01219629 0.00812573
v 0.00342482 0.01534206 0.00691813
v 0.00572007 0.01511040 0.00555055
v -0.00540582 0.00777791 0.01155589
v -0.00366369 0.00502540 0.00904750
v -0.00585906 0.00578699 0.01161174
v -0.00181475 0.00112853 0.00704544
v -0.00403461 0.00321449 0.00961721
v 0.00097240 -0.00681102 0.00523458
v -0.00050070 -0.00730145 0.00661989
v -0.00122896 -0.00380399 0.00675077
v 0.00348544 -0.00721295 0.00355430
v 0.00763497 -0.00268470 0.00025994
v 0.00487714 -0.00636113 0.00259233
v -0.00805138 0.00667016 0.01496029
v -0.00541287 0.00940856 0.01245840
v -0.00233296 0.01183912 0.00998964
v -0.00734411 0.00896893 0.01495325
v 0.00163125 0.01612815 0.00904489
v 0.00074001 -0.01008013 0.00659592
v 0.00743643 -0.00513339 0.00130864
v 0.00287318 -0.01024075 0.00516359
v 0.00586511 -0.00847107 0.00280309
v -0.00949078 0.00600635 0.01715907
v -0.00034953 0.01520221 0.01039642
v -0.00869800 0.00911379 0.01762532
v -0.01026937 0.00745092 0.01961970
v 0.00316265 0.01809567 0.00953594
v 0.00488580 0.01694935 0.00729474
v 0.00951901 0.00990090 0.00258313
v 0.00763484 0.00622346 0.00189885
v 0.00997283 0.00374749 0.00030550
v 0.00277151 -0.01270341 0.00680409
v 0.00480148 -0.01239838 0.00539543
v 0.00689906 -0.01215301 0.00434178
v 0.00797158 0.01564790 0.00547444
v 0.00853362 0.01244331 0.00361961
v 0.00714051 0.01697131 0.00658725
v 0.00584848 0.01866115 0.00855524
v 0.00549814 -0.01408157 0.00642199
v 0.01050750 0.00172831 -0.00027236
v 0.01105385 -0.00160864 -0.00001336
v 0.01028125 -0.00335921 0.00033395
v 0.01139510 0.00183954 0.00000875
v 0.01216861 -0.00043658 0.00022137
v 0.01190853 -0.00663060 0.00176128
v 0.01335728 -0.00355641 0.00133984
v 0.01401707 -0.00797653 0.00250170
v 0.01052974 -0.01002072 0.00262246
v 0.01284728 -0.01045547 0.00318508
v 0.00934455 -0.00761634 0.00198425
v 0.00918355 -0.00452977 0.00076842
v 0.01075825 -0.01159410 0.00342578
v 0.01426640 -0.00912256 0.00312081
v 0.00724336 -0.00845812 0.00244895
v 0.00878739 -0.01182923 0.00361922
v 0.01305330 -0.01258363 0.00457085
v 0.01227338 -0.01495959 0.00614936
v 0.01339353 -0.01430352 0.00577696
v 0.01502688 -0.01174346 0.00497252
v 0.00886957 -0.01451049 0.00582573
v 0.01597585 -0.00334308 0.00254945
v 0.01525979 -0.01499232 0.00723707
v 0.01382297 -0.00150096 0.00131509
v 0.01657402 -0.00631632 0.00356097
v 0.01398398 -0.01664521 0.00822635
v 0.01649263 -0.01274461 0.00660589
v 0.01639319 -0.00953789 0.00482172
v 0.01670801 -0.00381972 0.00316570
v 0.01079267 -0.01650800 0.00792286
v 0.01558550 -0.01708134 0.00987751
v 0.01709187 -0.01454845 0.00862504
v 0.01629426 0.00004525 0.00291267
v 0.01504702 0.00190561 0.00232732
v 0.01697429 -0.01610005 0.01005559
v 0.01764514 -0.00942711 0.00616005
v 0.01409254 -0.01784337 0.01009472
v 0.01720910 -0.01759070 0.01247314
v 0.01620191 -0.01860031 0.01307721
v 0.01828937 -0.01886507 0.01560795
v 0.01683736 -0.01980491 0.01592694
v 0.01750237 -0.00040275 0.00411582
v 0.01531145 0.00613556 0.00337121
v 0.01502723 0.00553884 0.00300697
v 0.01313761 0.00540616 0.00207622
v 0.01348343 0.00789125 0.00284772
v 0.01174318 0.00912330 0.00262543
v 0.01138105 0.00657415 0.00203038
v 0.01705226 0.00327068 0.00438545
v 0.01458062 0.01088268 0.00459501
v 0.01273775 0.01266540 0.00441358
v 0.01644425 0.00967105 0.00579954
v 0.00939315 0.00691761 0.00203075
v 0.01046636 0.01186535 0.00349564
v 0.01333335 0.01387226 0.00549696
v 0.01017846 0.01559591 0.00560792
v -0.00208507 0.03600034 0.09364468
v 0.00011700 0.03651691 0.09303039
v -0.00151561 0.03607757 0.09268895
v -0.00400315 0.03598944 0.09350673
v -0.00137703 0.03653514 0.09156119
v 0.00093579 0.03714911 0.09210242
v -0.00118419 0.03696419 0.09097363
v 0.00391159 0.03685204 0.09271610
v 0.00038033 0.03627091 0.09339944
v 0.00039347 0.03756461 0.09119487
v 0.00243582 0.03740430 0.09224233
v 0.00374526 0.03710045 0.09248483
v 0.00644387 0.03612691 0.09286714
v 0.00453223 0.03619554 0.09313561
v -0.00465065 0.03629699 0.09405051
v -0.00880099 -0.00056014 0.02294199
v -0.00815590 0.00021871 0.01945413
v -0.00965131 0.00003678 0.02136535
v -0.00960078 -0.00055079 0.02288161
v -0.00848836 -0.00092151 0.02428620
v -0.00731317 0.00030288 0.01942510
v -0.00793824 -0.00111464 0.02410403
v -0.01098331 0.00019178 0.02275869
v -0.01170006 -0.00083702 0.02559838
v -0.00946737 -0.00149523 0.02459009
v -0.00972656 0.00097722 0.01987224
v -0.00828680 0.00091089 0.01789891
v -0.00668054 0.00029758 0.01767623
v -0.00719648 0.00084457 0.01638032
v -0.00617703 0.00018022 0.01614935
v -0.00557549 0.00045058 0.01355439
v -0.00720182 -0.00176296 0.02202437
v -0.01214934 0.00030580 0.02452160
v -0.01299718 -0.00056383 0.02721974
v -0.01338375 -0.00141825 0.02937960
v -0.01057083 -0.00253782 0.02759627
v -0.00894138 -0.00196258 0.02465717
v -0.02140383 0.00491432 0.04917990
v -0.02155587 0.00275613 0.04813767
v -0.02041494 0.00595690 0.04627687
v -0.02054521 0.00309788 0.04486458
v -0.01921276 0.00597999 0.04213089
v -0.01961102 0.00332402 0.04200335
v -0.02208744 0.00158313 0.04937448
v -0.01899601 0.00425827 0.03976122
v -0.01829032 0.00654223 0.03921558
v -0.02214004 0.00413541 0.05208466
v -0.01708168 0.00635095 0.03574936
v -0.01699552 0.00508639 0.03491041
v -0.01560942 0.00656907 0.03221142
v -0.01441148 0.00591834 0.02878953
v -0.01785021 0.00279967 0.03648090
v -0.01469049 0.00259302 0.02887469
v -0.01329496 0.00553833 0.02600624
v -0.01325928 0.00293574 0.02547120
v -0.01181004 0.00423697 0.02197503
v -0.01198749 0.00582062 0.02263097
v -0.02135728 -0.00046448 0.04708861
v -0.01909561 -0.00035330 0.04030644
v -0.02205918 0.00024623 0.04961327
v -0.00949078 0.00600635 0.01715907
v -0.00964269 0.00414311 0.01743768
v -0.01762450 0.00012760 0.03632679
v -0.01530887 0.00036596 0.03094674
v -0.01212529 0.00214139 0.02302676
v -0.01334711 0.00191600 0.02598364
v -0.01026937 0.00745092 0.01961970
v -0.01642287 -0.00060663 0.03375074
v -0.01089915 0.00252220 0.02047622
v -0.00990347 0.00255298 0.01850231
v -0.00808804 0.00506016 0.01481508
v -0.02061002 -0.00099136 0.04510463
v -0.00805138 0.00667016 0.01496029
v -0.01190028 0.00781008 0.02389968
v -0.01333053 0.00698318 0.02705310
v -0.02279408 0.00289137 0.05587305
v -0.02339774 0.00058390 0.05847814
v -0.02263904 0.00031098 0.05342209
v -0.02296555 -0.00155070 0.05522168
v -0.02210529 -0.00317312 0.05162918
v -0.02282253 -0.00342151 0.05531848
v -0.02150693 -0.00326909 0.04953159
v -0.02351872 -0.00315799 0.05909365
v -0.01795313 -0.00134099 0.03795758
v -0.01927936 -0.00285831 0.04240827
v -0.02044942 -0.00317915 0.04606725
v -0.01439035 0.00020853 0.02917195
v -0.01334085 0.00030593 0.02691188
v -0.02425748 -0.00368219 0.06512364
v -0.02397015 -0.00643259 0.06477933
v -0.02324053 -0.00709681 0.06076037
v -0.02271295 -0.00505452 0.05684185
v -0.02189674 -0.00724208 0.05532675
v -0.01870129 -0.00377546 0.04183373
v -0.00880203 0.00313601 0.01632489
v -0.02129565 -0.00688593 0.05286229
v -0.02308615 -0.00908739 0.06319803
v -0.01504212 -0.00071560 0.03122820
v -0.02177230 -0.00991367 0.05877164
v -0.01115125 0.00111421 0.02192206
v -0.02084286 -0.00459743 0.04922289
v -0.02333438 -0.00955972 0.06633589
v -0.01727080 -0.00301111 0.03804364
v -0.02422708 -0.00662992 0.06917329
v -0.02441519 -0.00352118 0.06779731
v -0.02198259 -0.01206498 0.06402926
v -0.01955640 -0.01044180 0.05295482
v -0.01976745 -0.00662531 0.04919011
v -0.01822747 -0.00761505 0.04614589
v -0.01712041 -0.01064893 0.04654712
v -0.01654397 -0.01002578 0.04407539
v -0.01568060 -0.01241920 0.04451909
v -0.01500431 -0.01193612 0.04195272
v -0.01682192 -0.00657862 0.04245120
v -0.01566908 -0.00673940 0.04018700
v -0.01518548 -0.01017000 0.04078489
v -0.01309559 -0.01066979 0.03704642
v -0.01288399 -0.01216827 0.03756885
v -0.01212267 -0.01193964 0.03501186
v -0.01231744 -0.00934877 0.03433062
v -0.01101524 -0.01159623 0.03117595
v -0.01129111 -0.01255099 0.03313691
v -0.01006728 -0.00999218 0.02788228
v -0.00964543 -0.01206225 0.02752932
v -0.00856076 -0.01127987 0.02310577
v -0.00823438 -0.01278745 0.02354996
v -0.00732504 -0.01139340 0.01973649
v -0.00790170 -0.01002015 0.02060912
v -0.00637246 -0.01002035 0.01685632
v -0.00522028 -0.01019623 0.01456166
v -0.00681783 -0.01280267 0.01988684
v -0.00918250 -0.01324708 0.02760306
v -0.01241233 -0.00590872 0.03364784
v -0.01328971 -0.00884149 0.03687750
v -0.01403356 -0.00642620 0.03719741
v -0.01860410 -0.00590292 0.04507075
v -0.00449521 -0.01233993 0.01495361
v -0.01234267 -0.01314381 0.03752151
v -0.01300172 -0.00485488 0.03388388
v -0.00661270 -0.00890191 0.01725867
v -0.01123517 -0.00654869 0.03162367
v -0.01093273 -0.00512307 0.03065295
v -0.01010018 -0.00654359 0.02873537
v -0.00913118 -0.00487942 0.02614248
v -0.01019287 -0.00348640 0.02805903
v -0.01147492 -0.00371822 0.03054527
v -0.00914129 -0.00293133 0.02575631
v -0.01686738 -0.01223710 0.04827545
v -0.00365671 -0.00986308 0.01168915
v -0.00429044 -0.00744941 0.01222889
v -0.00304701 -0.00665938 0.00977353
v -0.01383946 -0.01302835 0.04074855
v -0.01590149 -0.00534812 0.03910250
v -0.01640039 -0.00268923 0.03606456
v -0.00993432 -0.01390922 0.03159825
v -0.00817363 -0.00221161 0.02400542
v -0.00835096 0.00215860 0.01635918
v -0.00738166 0.00244688 0.01454834
v -0.00614759 0.00262124 0.01237857
v -0.00176698 -0.00710900 0.00804108
v -0.00276106 -0.01273281 0.01264903
v -0.00679346 -0.01517863 0.02358385
v -0.00153522 -0.00996090 0.00888562
v -0.00451412 0.00048274 0.01161391
v -0.00421227 0.00137876 0.01046756
v -0.00380012 -0.00094360 0.01144211
v -0.00297257 -0.00065741 0.00925163
v -0.00403461 0.00321449 0.00961721
v -0.00364315 -0.00415270 0.01118121
v -0.00208163 -0.00183717 0.00786347
v -0.00181475 0.00112853 0.00704544
v -0.00122896 -0.00380399 0.00675077
v -0.00586185 -0.00639008 0.01584316
v -0.00437929 -0.00062271 0.01380911
v -0.01925690 -0.01200228 0.05496766
v -0.00585906 0.00578699 0.01161174
v -0.00476990 -0.00190905 0.01477874
v -0.02133937 -0.01209740 0.06183946
v -0.00569630 -0.01510164 0.02079691
v -0.00413781 -0.01467009 0.01717540
v -0.01411456 -0.00379394 0.03446260
v -0.02229567 -0.01199704 0.06652467
v -0.01287256 -0.00348120 0.03239877
v -0.00050070 -0.00730145 0.00661989
v -0.00725154 -0.00797600 0.01922952
v -0.00891451 -0.00858934 0.02447780
v -0.00747539 -0.00486954 0.02193867
v -0.01594880 -0.01352563 0.04812020
v -0.01573270 -0.01523726 0.05159584
v -0.02364389 -0.00928587 0.07517850
v -0.00597769 -0.00141626 0.01810967
v -0.00515272 -0.00127082 0.01612615
v -0.00446849 -0.00090274 0.01473643
v 0.00007529 -0.01237535 0.00887102
v -0.02433235 -0.00636300 0.07358533
v 0.00074001 -0.01008013 0.00659592
v -0.00850641 -0.01487200 0.02958793
v -0.02250225 -0.01170823 0.07206218
v -0.02167501 -0.01392396 0.07509285
v -0.02219115 -0.01289672 0.07733380
v -0.02120860 -0.01393058 0.06939861
v -0.01464389 -0.00190339 0.03220676
v -0.01888510 -0.01494546 0.06080049
v -0.01855364 -0.01349417 0.05669462
v -0.01458208 -0.01392480 0.04483880
v -0.02032640 -0.01586672 0.07308144
v -0.02108717 -0.01357999 0.06557765
v -0.01914123 -0.01552212 0.06349002
v -0.01895388 -0.01719005 0.07133612
v -0.01131727 -0.01488094 0.03888520
v -0.02449522 -0.00380533 0.07353874
v -0.02400547 -0.00662446 0.07940286
v -0.02362029 -0.00744128 0.08241598
v -0.00112500 -0.01557593 0.01399307
v 0.00057089 -0.01365773 0.00957294
v -0.02073215 -0.01547449 0.07703306
v -0.01693187 -0.01533301 0.05682550
v -0.00415396 -0.01713157 0.02158591
v -0.02276990 -0.01002393 0.08280866
v -0.02406474 -0.00033713 0.06494565
v -0.01473761 -0.01491258 0.04830630
v -0.02429896 -0.00402075 0.08000928
v -0.02357646 -0.00582779 0.08659543
v -0.02385014 -0.00336961 0.08718156
v -0.02103238 -0.01461950 0.08060690
v -0.02434020 -0.00278743 0.07989263
v -0.02413060 0.00104701 0.06879661
v -0.02430246 -0.00039681 0.07492657
v -0.02427478 0.00066284 0.07412224
v -0.00274434 -0.01609727 0.01719537
v -0.00370251 -0.01838573 0.02368364
v -0.00329722 -0.01840884 0.02183768
v -0.00275399 -0.01747988 0.01999425
v -0.01486658 -0.01646994 0.05282336
v -0.02399355 0.00174157 0.08666360
v -0.02415866 0.00013030 0.08229645
v -0.02395454 0.00361661 0.08350851
v -0.02391437 0.00404661 0.09060654
v -0.02387473 0.00484611 0.09033703
v -0.02414213 0.00432585 0.09163514
v -0.02355703 0.00308617 0.09098777
v -0.02405473 0.00673564 0.09149588
v -0.01916013 -0.01734548 0.07736700
v -0.01783081 -0.01625337 0.06171251
v -0.01966427 -0.01662041 0.08085785
v -0.00720218 -0.01624160 0.02998486
v -0.00942256 -0.01596757 0.03672778
v -0.01091869 -0.01592967 0.04161869
v -0.01782244 -0.01807121 0.07010801
v -0.01683973 -0.01822054 0.06683104
v -0.01343210 -0.01569847 0.04736252
v 0.00277151 -0.01270341 0.00680409
v 0.00191788 -0.01540001 0.01038655
v -0.02624163 -0.03838004 0.09716238
v -0.02656705 -0.03903752 0.09611222
v -0.02782144 -0.04071359 0.09716171
v -0.02830368 -0.04185434 0.09548152
v -0.02928305 -0.04349421 0.09622763
v -0.02895338 -0.04316933 0.09524857
v -0.02458012 -0.03695652 0.09595964
v -0.02506783 -0.03726181 0.09737436
v -0.02311007 -0.03545352 0.09594207
v -0.02958978 -0.04555881 0.09490125
v -0.02902705 -0.04477683 0.09408825
v -0.02899959 -0.04643900 0.09309004
v -0.02609919 -0.03904396 0.09575869
v -0.02780298 -0.04143913 0.09540746
v -0.02847448 -0.04617085 0.09296555
v -0.02826107 -0.04483086 0.09367493
v -0.02773832 -0.04251814 0.09497152
v -0.02307282 -0.03557194 0.09739001
v -0.02168049 -0.03409387 0.09738434
v -0.02152187 -0.03393505 0.09546480
v -0.02904599 -0.04663453 0.09419174
v 0.02653221 -0.04034990 0.08792101
v 0.02128713 -0.04335473 0.08769760
v 0.02275159 -0.04258333 0.08705094
v 0.02671817 -0.04026850 0.08706479
v 0.02988786 -0.03800675 0.08756255
v 0.01954631 -0.04421221 0.08703103
v 0.03090633 -0.03705452 0.08694017
v 0.03290260 -0.03547381 0.08742411
v 0.03096276 -0.03642350 0.08913449
v 0.02736867 -0.03943107 0.08891266
v 0.03518886 -0.03232438 0.08917225
v 0.03517167 -0.03323620 0.08726542
v 0.03720330 -0.03081195 0.08741004
v 0.03878583 -0.02854939 0.08776197
v 0.03898402 -0.02740345 0.08922450
v 0.02368112 -0.04159471 0.08890277
v 0.01858389 -0.04413337 0.08898360
v 0.02198366 -0.04230905 0.08903781
v 0.04108122 -0.01800889 0.09006427
v 0.03961868 -0.02103369 0.09019114
v 0.04077675 -0.01815718 0.08920726
v 0.04166225 -0.01631518 0.08914674
v 0.03965837 -0.02029413 0.08916876
v 0.03891292 -0.02177283 0.08918958
v 0.03802359 -0.02336839 0.08918951
v 0.03740648 -0.02489369 0.09020303
v 0.04255950 -0.01439147 0.08920490
v 0.04348011 -0.01253024 0.08933528
v 0.04064874 -0.01894586 0.09092487
v 0.04325782 -0.01296437 0.09088300
v 0.04236951 -0.01505434 0.09098144
v 0.04418150 -0.01041386 0.09090533
v 0.04418635 -0.01082647 0.08936577
v 0.04449755 -0.01034463 0.08944140
v 0.04491250 -0.00763277 0.09087739
v 0.04489478 -0.00881068 0.08955804
v 0.04546340 -0.00521604 0.08972963
v 0.04523762 -0.00462943 0.09095962
v 0.04536287 0.00198261 0.09083707
v -0.01300768 -0.04185057 0.09709757
v -0.01319788 -0.04264988 0.09621453
v -0.01309423 -0.03963570 0.09551088
v -0.01264070 -0.03956716 0.09697577
v -0.01301731 -0.03825491 0.09539818
v -0.01245724 -0.03659652 0.09625547
v -0.01410254 -0.04713025 0.09708248
v -0.01384816 -0.04529431 0.09608040
v -0.01455906 -0.04748075 0.09592376
v -0.01505810 -0.04884046 0.09652410
v -0.01575737 -0.04928984 0.09519555
v -0.01239399 -0.03552487 0.09716544
v -0.01247281 -0.03675140 0.09546848
v -0.01193747 -0.03515139 0.09548194
v -0.01207377 -0.03490882 0.09705217
v -0.01163865 -0.03355864 0.09569309
v -0.01212961 -0.03219390 0.09710261
v -0.01014485 0.03199978 0.09383510
v -0.01093193 0.03074906 0.09223242
v -0.00865133 0.03222808 0.09221659
v -0.01253079 0.03036789 0.09380478
v -0.01422319 0.02858189 0.09221403
v -0.00728788 0.03327702 0.09339722
v -0.00602444 0.03331722 0.09218522
v -0.00670077 0.03401586 0.09399618
v -0.00954104 0.03290404 0.09441722
v -0.01226902 0.03113536 0.09442751
v -0.01458259 0.02950285 0.09445126
v -0.01393098 0.02909843 0.09332650
v -0.01620207 0.02768998 0.09392989
v -0.01739545 0.02580026 0.09215325
v -0.01753112 0.02765118 0.09483496
v -0.00222269 0.03457040 0.09279477
v -0.00199848 0.03432275 0.09219342
v -0.01812260 0.02579834 0.09385892
v -0.01962712 0.02551057 0.09482398
v -0.00256518 0.03557051 0.09377350
v -0.01313095 0.03164025 0.09495460
v -0.00511099 0.03564489 0.09430863
v 0.00456535 0.03425653 0.09233834
v -0.00187144 0.03502551 0.09343457
v 0.00188655 0.03580100 0.09349005
v 0.00425286 0.03528544 0.09319842
v 0.00453223 0.03619554 0.09313561
v 0.00472771 0.03485697 0.09277904
v -0.00465065 0.03629699 0.09405051
v -0.00208507 0.03600034 0.09364468
v 0.00038033 0.03627091 0.09339944
v 0.03097327 0.01536534 0.09245675
v 0.03032030 0.01607987 0.09193329
v 0.03134697 0.01331312 0.09132055
v 0.02986137 0.01787838 0.09269353
v 0.03199237 0.01336186 0.09266386
v 0.03226777 0.01118223 0.09214900
v 0.03199154 0.01126828 0.09137503
v 0.03278929 0.00804047 0.09146096
v 0.03286019 0.00869591 0.09219307
v 0.03357187 0.00478418 0.09210966
v 0.03349211 0.00388779 0.09144459
v 0.03380945 0.00051495 0.09148303
v 0.03065997 0.01506441 0.09130711
v 0.02924720 0.01768051 0.09138572
v 0.03417746 0.00439578 0.09269030
v 0.03439402 0.00071349 0.09260771
v 0.03299829 0.01087688 0.09275810
v 0.02867623 0.01875389 0.09196844
v 0.02840525 0.02010358 0.09274019
v 0.02694860 0.02114889 0.09196691
v 0.03427530 -0.00265644 0.09265100
v 0.03352681 -0.00332015 0.09146917
v 0.02707172 0.02139751 0.09247135
v 0.02538882 0.02307889 0.09195014
v 0.02576391 0.02333719 0.09255708
v 0.02459230 0.02438518 0.09231529
v 0.03317612 -0.00692896 0.09214480
v 0.02346155 0.02516141 0.09129956
v 0.02674510 0.02121665 0.09139750
v 0.02787215 0.01967901 0.09141259
v 0.01771570 0.03050418 0.09216801
v 0.01528966 0.03177731 0.09133320
v 0.01784854 0.03009402 0.09139425
v 0.01919901 0.02960236 0.09239302
v 0.01997458 0.02909970 0.09242290
v 0.01665584 0.03131949 0.09239878
v 0.02084259 0.02805133 0.09136499
v 0.01502629 0.03231727 0.09238795
v 0.01385294 0.03287351 0.09208647
v 0.01287457 0.03313554 0.09147145
v 0.01194339 0.03386013 0.09239421
v 0.02148023 0.02768917 0.09199405
v 0.00998388 0.03458641 0.09241429
v 0.02379964 0.02531181 0.09226606
v 0.02156812 0.02820503 0.09266237
v 0.02284872 0.02706563 0.09274131
v 0.01834782 0.03064127 0.09275904
v 0.01798281 0.03112388 0.09294314
v 0.01472116 0.03323401 0.09301790
v 0.02172711 0.02876473 0.09297630
v 0.01159480 0.03493357 0.09305261
v 0.02665043 0.02313827 0.09287579
v 0.00819137 0.03627442 0.09317822
v 0.00770924 0.03521586 0.09230060
v 0.00644387 0.03612691 0.09286714
v 0.02136225 0.02614020 0.09163213
v 0.02272280 0.02398629 0.09150002
v 0.01905031 0.02693358 0.09171573
v 0.02093394 0.02466832 0.09146240
v 0.02306986 0.02262388 0.09135111
v 0.02390660 0.02255715 0.09143110
v 0.01805217 0.02665730 0.09147941
v 0.02549278 0.01980494 0.09146376
v 0.01610408 0.02885325 0.09194546
v 0.01532452 0.02827210 0.09158428
v 0.01210392 0.03062627 0.09204163
v 0.01088357 0.03009520 0.09161284
v 0.01437844 0.03024784 0.09199465
v 0.01208166 0.03163455 0.09205937
v 0.00904093 0.03192116 0.09216854
v 0.00820094 0.03095522 0.09179956
v 0.00369410 0.03143820 0.09175214
v 0.02678645 0.01905164 0.09151525
v 0.02755169 0.01660863 0.09136678
v 0.02878773 0.01619568 0.09148492
v 0.02981104 0.01312788 0.09135199
v 0.03088012 0.01064061 0.09125492
v 0.03173171 0.00819662 0.09128956
v 0.03247458 0.00410213 0.09122371
v 0.01918214 0.02820995 0.09164935
v 0.03256727 -0.00257763 0.09115289
v 0.01666070 0.03001148 0.09171586
v 0.02433995 0.02366720 0.09117966
v 0.01298727 0.03245210 0.09174748
v 0.00928417 0.03287852 0.09201759
v 0.00653382 0.03293311 0.09221685
v 0.00762959 0.03442009 0.09191286
v 0.00233951 0.03198554 0.09207660
v -0.00319343 0.03280764 0.09228879
v -0.00365188 0.03186413 0.09221188
v -0.00640359 0.03154934 0.09230660
v -0.00817032 0.03030359 0.09219361
v -0.01088576 0.02876445 0.09213641
v -0.01202692 0.02869930 0.09226445
v -0.01527939 0.02572747 0.09226437
v -0.01722954 0.02443750 0.09225078
v -0.01846972 0.02241536 0.09218954
v -0.01955669 0.02331284 0.09208639
v -0.02117842 0.02125384 0.09200829
v -0.02034366 0.02009271 0.09222397
v -0.02224335 0.01967615 0.09209281
v -0.02220971 0.01638836 0.09216844
v -0.02387522 0.01699807 0.09194828
v -0.02409103 0.01344545 0.09215359
v -0.02321311 0.01339618 0.09205552
v -0.02454168 0.01023973 0.09206080
v -0.02060342 0.01776472 0.09205059
v -0.01819484 0.02183060 0.09203891
v -0.02586296 0.01275032 0.09186752
v -0.02537888 0.00714605 0.09207694
v -0.02482688 0.00449507 0.09183302
v -0.02658320 0.00548736 0.09207544
v -0.02675513 0.00955012 0.09176252
v -0.02733409 0.00613199 0.09198180
v -0.02475604 0.01532017 0.09191711
v -0.00581744 0.03085756 0.09205611
v -0.01515930 0.02433948 0.09153712
v 0.03289646 -0.00692277 0.09145343
v 0.03209398 -0.00959570 0.09145108
v -0.02362346 0.00999442 0.09169839
v -0.02405473 0.00673564 0.09149588
v -0.02414213 0.00432585 0.09163514
v 0.00884128 0.03452615 0.09157906
v 0.01064101 0.03367425 0.09150092
v -0.00309595 0.03118781 0.09181031
v -0.02744631 0.00517248 0.09239933
v 0.02964172 0.01130115 0.09072287
v 0.03105209 0.00765331 0.09084033
v 0.02763684 0.01508893 0.09087961
v -0.02231305 0.01322860 0.09151311
v -0.02117526 0.01538224 0.09150606
v 0.02276110 0.02181486 0.09088559
v 0.02106901 0.02350569 0.09084888
v -0.01739427 0.02178461 0.09155972
v -0.01949809 0.01797633 0.09146297
v 0.03141605 -0.00700319 0.09081026
v 0.03022824 -0.01094248 0.09083537
v 0.02989757 -0.01341155 0.09124159
v 0.02863980 -0.01439686 0.09085019
v 0.03127423 -0.01235906 0.09148632
v 0.03010520 -0.01562270 0.09149554
v 0.02831134 -0.01671024 0.09136746
v 0.02637522 -0.01962068 0.09143802
v 0.02780562 -0.01983715 0.09160560
v 0.02404234 -0.02239050 0.09134167
v 0.02414245 -0.02404085 0.09146547
v 0.02092764 -0.02554440 0.09137709
v 0.02152537 -0.02649152 0.09151150
v 0.01991295 -0.02781200 0.09159882
v 0.01600694 -0.02855020 0.09150040
v 0.01613511 -0.03018861 0.09164862
v 0.01265436 -0.03015843 0.09165524
v 0.01473872 -0.03085788 0.09166972
v 0.01210820 -0.03185673 0.09171876
v 0.00963632 -0.03043557 0.09154740
v 0.00685876 -0.03183033 0.09184648
v 0.00953277 -0.03266781 0.09179168
v 0.00634952 -0.03374010 0.09196156
v 0.00360615 -0.03404821 0.09206217
v 0.00203473 -0.03204140 0.09171534
v 0.01827704 -0.02902818 0.09159037
v 0.00046669 -0.03386583 0.09222365
v -0.00049072 -0.03329301 0.09198263
v -0.00178122 -0.03223532 0.09153188
v 0.02024463 -0.02470476 0.09084002
v 0.02375555 -0.02135453 0.09087573
v 0.01750136 -0.02657380 0.09087530
v 0.02644823 -0.01791279 0.09088502
v 0.01496657 -0.02780278 0.09088126
v 0.01179943 -0.02896769 0.09087594
v -0.00261876 -0.03112713 0.09069480
v -0.02608044 0.00474910 0.09246511
v 0.02532862 0.01838662 0.09077885
v 0.00633161 -0.03012978 0.09086818
v 0.03170164 0.00368954 0.09063350
v 0.01756701 0.02611052 0.09075318
v 0.03225731 0.00017761 0.09087871
v -0.00915347 0.02869304 0.09145179
v -0.01105378 0.02759342 0.09151873
v -0.01278724 0.02628473 0.09147146
v -0.00746876 0.02952011 0.09143539
v 0.03171100 -0.00213192 0.09041149
v -0.00157534 -0.03267566 0.09185692
v -0.00021166 -0.03470958 0.09326161
v 0.00410053 -0.03486311 0.09306678
v 0.02438732 -0.02488644 0.09260771
v 0.02647138 -0.02193127 0.09210260
v 0.00700358 -0.03428981 0.09302522
v 0.01013255 -0.03325788 0.09294011
v 0.01630982 -0.03097704 0.09288655
v 0.02952768 -0.01762778 0.09225812
v 0.01862379 -0.02969705 0.09288700
v 0.01462703 -0.03172888 0.09299309
v 0.01274930 -0.03236724 0.09296995
v 0.02081755 -0.02768801 0.09241948
v 0.02817612 -0.02025922 0.09258851
v 0.03230693 -0.01050699 0.09231606
v 0.03150079 -0.01296697 0.09226210
v 0.03075028 -0.01511894 0.09230786
v -0.03452991 -0.02407937 0.09423830
v -0.03620998 -0.02021434 0.09418778
v -0.03516929 -0.02325759 0.09323625
v -0.03653301 -0.01985308 0.09325203
v -0.03401454 -0.02557085 0.09313259
v -0.03784111 -0.01528925 0.09423894
v -0.03770265 -0.01628299 0.09311973
v -0.03867636 -0.01272656 0.09312333
v -0.03904201 -0.01010783 0.09437609
v -0.03940251 -0.00939499 0.09310125
v -0.03296681 -0.02666619 0.09424771
v -0.03227972 -0.02820822 0.09317942
v -0.03114168 -0.02925107 0.09405432
v -0.03778936 -0.01385413 0.09489891
v -0.03590547 -0.01930009 0.09495874
v -0.03432886 -0.02294244 0.09496050
v -0.03050675 -0.03042225 0.09234813
v -0.02876490 -0.03203876 0.09343354
v -0.03322773 -0.02658567 0.09177121
v -0.03194178 -0.02845708 0.09169298
v -0.03963416 -0.00611251 0.09412723
v -0.03994145 -0.00019404 0.09411203
v -0.03994473 -0.00377945 0.09319549
v -0.04003721 0.00028070 0.09320901
v -0.03993446 0.00411932 0.09317712
v -0.03942414 -0.00733092 0.09158325
v -0.03977484 -0.00088355 0.09146798
v -0.03961039 0.00412807 0.09152009
v -0.03886834 -0.01077131 0.09157204
v -0.03935597 0.00750253 0.09154404
v -0.03959556 0.00761947 0.09311541
v -0.03893994 0.01029248 0.09163490
v -0.03922168 0.01011259 0.09314220
v -0.03808574 -0.01401171 0.09159157
v -0.03890735 -0.00536986 0.09013617
v -0.03711356 -0.01728451 0.09159280
v -0.03602232 -0.02067265 0.09172747
v -0.03895979 -0.00155408 0.08998064
v -0.03889402 0.00401096 0.09008998
v -0.03465521 -0.02381680 0.09153974
v 0.01068942 0.04630212 0.08794218
v 0.01518307 0.04503276 0.08749459
v 0.00991291 0.04638945 0.08745652
v 0.01556636 0.04496784 0.08794969
v 0.00731896 0.04695557 0.08782654
v 0.01981075 0.04339146 0.08773865
v 0.01322190 0.04531604 0.08702006
v 0.00711877 0.04653766 0.08701363
v 0.00271973 0.04738189 0.08769986
v 0.00557778 0.04675249 0.08897577
v -0.00087450 0.04715258 0.08868816
v -0.00191000 0.04736688 0.08772162
v -0.00628208 0.04693284 0.08784066
v -0.00545148 0.04645977 0.08911563
v 0.04327101 -0.02005260 -0.09622416
v 0.04242737 -0.02241747 -0.09691773
v 0.04356450 -0.01844713 -0.09691917
v 0.04394788 -0.01788410 -0.09556790
v 0.04201496 -0.02376680 -0.09565148
v 0.04133635 -0.02532115 -0.09640020
v 0.04501081 -0.01530675 -0.09602359
v 0.04498244 -0.01517351 -0.09502133
v 0.04099880 -0.02558488 -0.09708286
v 0.03861301 -0.03018197 -0.09702742
v 0.04591230 -0.01397128 -0.09490644
v 0.04697596 -0.01265467 -0.09469097
v -0.02759461 0.03730370 0.08791698
v -0.02586177 0.03886620 0.08778253
v -0.02754897 0.03723988 0.08706521
v -0.02892155 0.03601259 0.08706142
v -0.02937214 0.03557491 0.08793364
v -0.03031822 0.03469883 0.08711041
v -0.03120354 0.03367204 0.08784832
v -0.03140538 0.03339096 0.08699594
v -0.03282855 0.03189424 0.08757994
v -0.02519625 0.03898272 0.08700756
v -0.02423836 0.04006072 0.08767741
v -0.02242652 0.04081869 0.08704664
v -0.02266796 0.04110302 0.08774850
v -0.02001389 0.04227953 0.08710695
v -0.02002215 0.04259427 0.08773890
v -0.01682785 0.04412901 0.08771466
v -0.01638418 0.04387022 0.08705968
v -0.01286147 0.04529883 0.08736499
v -0.04436382 -0.00001284 0.08721374
v -0.04387090 0.00598387 0.08688947
v -0.04426962 -0.00014589 0.08684608
v -0.04378392 -0.00802951 0.08688786
v -0.04350926 0.00474789 0.08669847
v -0.04256307 0.01097979 0.08674200
v -0.04370346 -0.00594217 0.08672198
v -0.04288771 -0.01054552 0.08670368
v -0.04300536 -0.01245587 0.08691346
v -0.04230986 -0.01480205 0.08690001
v -0.04138836 -0.01608584 0.08668632
v -0.04101342 -0.01862912 0.08684244
v -0.04003673 -0.02034745 0.08669912
v -0.04302588 0.01104620 0.08696998
v -0.03958719 -0.02205822 0.08693429
v -0.01101321 0.04553942 0.08704213
v -0.01007551 0.04612262 0.08772065
v -0.00786386 0.04645199 0.08729214
v -0.00628208 0.04693284 0.08784066
v -0.00522920 0.04649593 0.08699239
v -0.00191000 0.04736688 0.08772162
v 0.00106921 0.04688814 0.08700547
v 0.00271973 0.04738189 0.08769986
v 0.00711877 0.04653766 0.08701363
v -0.01406717 0.04400879 0.08691557
v -0.01418424 0.04500298 0.08797683
v 0.03290260 -0.03547381 0.08742411
v 0.03090633 -0.03705452 0.08694017
v 0.03517167 -0.03323620 0.08726542
v 0.03652681 -0.03125717 0.08688207
v 0.03720330 -0.03081195 0.08741004
v 0.03887367 -0.02838306 0.08705413
v 0.04033931 -0.02565287 0.08689284
v 0.04078767 -0.02541041 0.08739249
v 0.04337141 -0.01988876 0.08705501
v -0.02651279 -0.02531961 0.08664309
v -0.03252113 -0.02652816 0.08669103
v -0.03101059 -0.01734298 0.08663754
v -0.03451786 -0.01795459 0.08667982
v -0.03402019 -0.01206279 0.08659886
v -0.02648234 -0.03381081 0.08668963
v -0.03126528 -0.03417367 0.08665146
v -0.03466659 -0.03022799 0.08667170
v -0.03755188 -0.02521987 0.08667294
v -0.02805310 -0.03780093 0.08665723
v -0.01586673 -0.04239032 0.08672714
v -0.01848543 -0.03511260 0.08673884
v -0.02140100 -0.02884756 0.08666556
v -0.02218966 -0.04268037 0.08662486
v -0.01974517 -0.04415629 0.08664907
v -0.02641471 -0.02283622 0.08672839
v -0.02781719 -0.01954318 0.08675111
v -0.03138922 -0.01281880 0.08674223
v -0.01207186 -0.03572421 0.08695557
v -0.01784278 -0.03135152 0.08682213
v -0.01476211 -0.04626777 0.08664764
v -0.00981140 -0.04675041 0.08665730
v -0.00619259 -0.04161339 0.08691144
v -0.00463771 -0.03791693 0.08698797
v 0.00512513 -0.03775906 0.08705041
v 0.00471595 -0.04245076 0.08683294
v 0.01017904 -0.03982347 0.08698010
v 0.00989505 -0.04658755 0.08671239
v 0.00487097 -0.04753478 0.08667185
v 0.01344113 -0.03650663 0.08705568
v 0.01213847 -0.03519902 0.08711035
v 0.01512240 -0.04028362 0.08710263
v 0.01764356 -0.03771012 0.08715002
v 0.01495968 -0.04562096 0.08682385
v 0.01942353 -0.03340812 0.08696767
v 0.02298774 -0.03571401 0.08707783
v 0.02349752 -0.03135561 0.08701148
v 0.02846940 -0.03175653 0.08709566
v 0.02866142 -0.02719817 0.08697567
v 0.03294734 -0.02728079 0.08707157
v 0.02895247 -0.03808632 0.08686082
v 0.02430203 -0.04120932 0.08685572
v 0.02028155 -0.04328637 0.08681601
v 0.01611154 -0.04488979 0.08684420
v 0.03294946 -0.03025825 0.08697077
v 0.02624403 -0.02828141 0.08702016
v 0.03603432 -0.02108935 0.08705358
v 0.03211431 -0.02202062 0.08701288
v 0.03559746 -0.01799427 0.08697954
v 0.03849311 -0.01730235 0.08698026
v 0.03768115 -0.01018132 0.08689951
v 0.03951589 -0.00780056 0.08688460
v 0.03808276 0.00213222 0.08697972
v 0.04265419 0.00020904 0.08697951
v 0.04432197 -0.00818852 0.08708049
v 0.03982890 0.00847225 0.08692775
v 0.03754056 0.00774913 0.08692906
v 0.03715493 0.01550964 0.08677680
v 0.04327134 0.01664952 0.08694466
v 0.04310522 0.00880970 0.08705642
v 0.04534018 0.01193622 0.08703050
v 0.04557560 0.00928183 0.08706154
v 0.04486695 0.00236253 0.08715655
v 0.04257154 -0.02029832 0.08691064
v 0.04459955 -0.01538548 0.08692865
v 0.04210046 -0.01079198 0.08706443
v 0.04585780 -0.01001798 0.08703953
v 0.03772329 0.02282080 0.08685365
v 0.03481740 0.02178396 0.08678972
v 0.03381505 0.02960672 0.08687154
v 0.02905820 0.02889070 0.08673704
v 0.04192054 0.02052810 0.08690385
v 0.04049854 0.02436964 0.08693551
v 0.02854396 0.02442005 0.08680033
v 0.02574449 0.02724588 0.08679041
v 0.02307641 0.03002362 0.08680541
v 0.03078488 0.02094079 0.08687523
v 0.03438786 0.01636291 0.08686147
v 0.03583081 0.01186660 0.08691665
v 0.03865848 0.02684217 0.08683672
v 0.03593109 0.03041318 0.08683206
v 0.03091805 0.03551937 0.08685089
v 0.02497125 0.03661634 0.08688253
v 0.02569128 0.03903702 0.08690006
v 0.02098822 0.04170042 0.08688679
v 0.01965335 0.03213098 0.08670363
v 0.01492054 0.03707452 0.08674707
v 0.01621230 0.03426802 0.08674589
v 0.01257316 0.03585808 0.08674840
v 0.00870883 0.03940356 0.08680875
v 0.00646507 0.03696625 0.08681094
v 0.00082434 0.03840451 0.08687469
v 0.01870202 0.04011380 0.08692192
v 0.01112752 0.04385531 0.08690267
v -0.00489626 0.04523490 0.08687703
v 0.01592208 0.04373274 0.08689729
v 0.01129847 0.04501025 0.08688633
v 0.00764494 0.04576595 0.08685637
v 0.00152292 0.04617482 0.08685515
v -0.00990753 0.04511169 0.08691331
v -0.00627762 0.03818787 0.08687458
v -0.01313321 0.03549334 0.08682663
v -0.01906355 0.03636691 0.08683385
v -0.02115719 0.03038686 0.08677009
v -0.02613547 0.02596551 0.08668964
v -0.02678712 0.03305108 0.08688176
v -0.03134729 0.02843527 0.08684400
v -0.01816608 0.03938671 0.08691765
v -0.03214550 0.03173832 0.08675893
v -0.02889665 0.03509390 0.08679914
v -0.03441425 0.02869777 0.08674608
v -0.03441584 0.02432793 0.08683663
v -0.03632303 0.02596012 0.08676293
v -0.03787636 0.02303895 0.08676452
v -0.03907460 0.01514321 0.08677151
v -0.04029384 0.01814774 0.08673986
v -0.04145244 0.01397514 0.08674709
v -0.02503867 0.03806695 0.08683382
v -0.02159251 0.04025733 0.08685986
v -0.01880501 0.04220600 0.08688830
v -0.03763464 0.00248484 0.08667324
v -0.03233063 0.01326894 0.08667853
v -0.03353490 0.00711012 0.08655551
v -0.03767551 0.00923454 0.08668068
v -0.02905291 0.02071269 0.08671992
v -0.03387124 0.00280003 0.08660089
v -0.03396454 -0.00659086 0.08650553
v 0.03279652 0.01740715 0.08689011
v 0.03465845 -0.01666859 0.08704836
v 0.03658446 -0.01302210 0.08696743
v 0.03691373 -0.00697491 0.08699956
v 0.02901812 -0.02524872 0.08706773
v -0.02470644 0.02505683 0.08681650
v -0.02847869 0.01878131 0.08683843
v -0.02136490 0.02854716 0.08686815
v -0.03105917 0.01111141 0.08680740
v -0.01707626 0.03224730 0.08685472
v -0.00617032 -0.03655305 0.08705386
v 0.04703714 0.00514971 0.08696301
v 0.04712991 -0.00704957 0.08692477
v 0.04718052 0.00942105 0.08695913
v -0.03238398 -0.00750117 0.08664756
v -0.03271416 0.00196922 0.08672421
v -0.01060916 -0.04733782 0.08672364
v -0.00320098 -0.04816027 0.08678347
v 0.01954631 -0.04421221 0.08703103
v -0.01374644 -0.03300904 0.08703357
v -0.00772225 -0.03442925 0.08730608
v 0.03373367 0.01295379 0.08720982
v 0.03508001 0.00864690 0.08729762
v 0.03605905 0.00185467 0.08736824
v 0.03577348 -0.00239872 0.08732502
v -0.00246748 -0.03607801 0.08733612
v 0.02264733 -0.02977483 0.08724901
v 0.02077464 -0.03094163 0.08723258
v 0.03223621 -0.01779403 0.08729520
v -0.01902551 -0.02879647 0.08695226
v -0.02140607 -0.02594750 0.08699526
v 0.01322190 0.04531604 0.08702006
v 0.00577789 -0.03585254 0.08736066
v 0.01053075 -0.03437784 0.08732593
v 0.03075840 -0.02052992 0.08734140
v 0.04389106 0.01702818 0.08706735
v 0.03500775 -0.01295493 0.08732279
v 0.03532430 -0.00819391 0.08733557
v -0.00873167 0.03673270 0.08693731
v -0.00313992 0.03727184 0.08718244
v -0.02467744 -0.02144918 0.08711706
v -0.02264066 -0.02285858 0.08728177
v 0.01401611 -0.03323910 0.08735865
v 0.01842783 -0.03271452 0.08721346
v 0.04769215 -0.00988121 0.08670508
v 0.02577424 -0.02689450 0.08729868
v 0.02841487 -0.02389664 0.08737684
v 0.01829075 0.04357337 0.08704923
v 0.02155040 0.04220737 0.08701580
v 0.02574454 0.03983067 0.08706742
v 0.02846536 0.03806981 0.08706982
v 0.04195150 0.02181885 0.08702087
v 0.00004660 0.03727025 0.08716770
v -0.01412402 -0.03102183 0.08735750
v -0.01162209 -0.03307837 0.08729958
v -0.01738485 -0.02845533 0.08734748
v 0.00691704 -0.04788540 0.08685320
v 0.02278002 0.02806308 0.08723652
v 0.01188995 -0.04671345 0.08686902
v -0.00978856 0.03493172 0.08725649
v -0.01289316 0.03374107 0.08724868
v -0.02759171 -0.01694838 0.08710516
v -0.02982910 -0.01173502 0.08716433
v -0.03076995 -0.00927297 0.08706951
v -0.03147749 -0.00467676 0.08705586
v -0.03155045 0.00074181 0.08714673
v 0.02532690 0.02541397 0.08715909
v 0.02725534 0.02351805 0.08719987
v 0.02924407 0.02092253 0.08723469
v 0.03159039 0.01753703 0.08714796
v -0.00642789 0.03655902 0.08722630
v -0.02612946 -0.01815759 0.08734074
v -0.03820028 0.02363924 0.08692025
v -0.01985898 -0.02598589 0.08733017
v 0.01340142 0.03381598 0.08718371
v 0.01765847 0.03164017 0.08716228
v 0.01016777 0.03492202 0.08717313
v 0.00512360 0.03590486 0.08719588
v -0.03972540 0.02070353 0.08700801
v 0.03564705 0.03165513 0.08704689
v 0.01986524 0.02993533 0.08728074
v -0.03097937 0.00584899 0.08717137
v -0.02510731 0.02217077 0.08720829
v -0.02748389 0.01840904 0.08715136
v -0.02999761 0.01129577 0.08718748
v -0.02855549 -0.00756354 0.08795026
v -0.03049302 -0.00551291 0.08758963
v -0.02916445 -0.00542644 0.08796357
v -0.02939924 -0.00180050 0.08809517
v -0.03031644 0.00211869 0.08790567
v -0.02999823 0.00538420 0.08788819
v 0.03244540 0.03489337 0.08707021
v 0.04813971 0.00833948 0.08661291
v 0.02671817 -0.04026850 0.08706479
v -0.02101436 0.02724890 0.08727121
v -0.01817681 0.02988344 0.08726124
v -0.01600298 0.03136951 0.08738189
v -0.02341571 0.02480539 0.08727641
v -0.02755055 -0.01033547 0.08810144
v -0.02619815 -0.01266447 0.08825864
v -0.04178128 0.01517243 0.08698392
v -0.02831247 0.00250739 0.08868799
v -0.03442435 0.02977276 0.08700486
v 0.04859388 0.00015299 0.08621964
v -0.04240746 0.01322854 0.08705554
v 0.03849393 0.02808820 0.08708763
v -0.02479845 -0.01660410 0.08824328
v 0.02275159 -0.04258333 0.08705094
v -0.02188108 -0.02099124 0.08806360
v -0.02403662 -0.01996593 0.08777418
v -0.02225726 -0.01796731 0.08856482
v -0.02005924 -0.02007949 0.08862612
v -0.02314202 -0.01606749 0.08851192
v -0.02235422 -0.01725281 0.08852654
v -0.02416133 -0.01444757 0.08859557
v -0.02523326 -0.01289388 0.08869196
v -0.02450042 -0.01299264 0.08871442
v -0.02460843 -0.01124585 0.08848720
v -0.02089874 -0.01834508 0.08844336
v -0.02183460 -0.01660005 0.08819608
v -0.02260847 -0.01518040 0.08819273
v -0.02335501 -0.01346630 0.08817990
v -0.02010825 -0.02080221 0.08870951
v -0.01880749 -0.02106963 0.08847072
v -0.02070834 -0.02221536 0.08824889
v -0.01849278 -0.02305939 0.08896669
v -0.01822492 -0.02190342 0.08870560
v -0.03601674 0.02749899 0.08703629
v -0.01942544 -0.02408283 0.08839997
v -0.01781004 -0.02656654 0.08803651
v 0.04721153 -0.00001988 0.08683888
v 0.04862555 -0.00561632 0.08630558
v 0.04863701 -0.00979385 0.08625436
v 0.04873175 0.00915175 0.08628327
v -0.04097234 0.01776886 0.08698541
v 0.00512302 -0.03462565 0.08800300
v -0.01045644 -0.03164307 0.08816758
v -0.00656543 -0.03328322 0.08804965
v -0.02812011 0.00576105 0.08878047
v 0.02749472 -0.02254133 0.08814458
v -0.01545540 -0.02785417 0.08814799
v 0.03387056 -0.00902763 0.08801458
v 0.03282791 -0.01204606 0.08827770
v 0.03344136 -0.00932644 0.08792951
v 0.03440949 -0.00705293 0.08806794
v 0.03283473 -0.01386509 0.08802370
v 0.03177264 -0.01482294 0.08834003
v -0.02765766 0.01318986 0.08794114
v -0.02927067 0.00842143 0.08791315
v -0.00412887 -0.03419577 0.08810079
v -0.00118973 -0.03462912 0.08815333
v -0.01716486 -0.02498590 0.08939465
v -0.01697497 -0.02395242 0.08952875
v -0.01555324 -0.02535354 0.08980187
v -0.01707907 -0.02294050 0.08924422
v -0.01766978 -0.02212907 0.08911550
v -0.01610128 -0.02386544 0.08919783
v -0.01641177 -0.02587644 0.08933818
v -0.01365376 -0.02945360 0.08810711
v -0.01221537 -0.03066492 0.08807701
v 0.03098636 -0.01655090 0.08837097
v -0.02583138 0.01813237 0.08801781
v 0.03462511 0.00568977 0.08779582
v 0.03379844 0.00857646 0.08797685
v 0.03487422 0.00243621 0.08773582
v 0.03547046 0.00012772 0.08765505
v 0.03489935 -0.00089918 0.08774104
v 0.03475860 -0.00425720 0.08810339
v 0.03347551 0.01149919 0.08781067
v -0.02834598 -0.00359361 0.08865841
v -0.02544462 -0.01071729 0.08902027
v -0.02584970 -0.01053264 0.08911489
v -0.02600579 -0.00750858 0.08971074
v -0.02551620 -0.00697689 0.08965142
v -0.02587159 -0.00470698 0.08998478
v -0.02667091 -0.00466853 0.09002034
v -0.01503858 -0.02622340 0.09007562
v 0.02185177 -0.02832196 0.08814422
v 0.02462147 -0.02596073 0.08812118
v -0.01619528 -0.04605296 0.08684867
v -0.02760207 0.00875613 0.08878650
v -0.00660655 0.03478916 0.08815800
v -0.00301000 0.03593368 0.08801833
v 0.00869279 -0.03363109 0.08804121
v 0.01177648 -0.03356170 0.08761562
v 0.03200347 0.01460897 0.08771831
v 0.02985157 -0.01904154 0.08834438
v 0.02993621 -0.01808914 0.08843010
v 0.02833005 -0.02042780 0.08854555
v 0.02654916 -0.02263991 0.08869400
v 0.02606328 -0.02272354 0.08851761
v 0.00042822 0.03593649 0.08798524
v -0.00336859 0.03451466 0.08883181
v -0.00584867 0.03388304 0.08835893
v -0.00794552 0.03335675 0.08850264
v -0.00909469 0.03382554 0.08812193
v 0.00102827 0.03504604 0.08880199
v 0.00518556 0.03466445 0.08870151
v 0.02372087 -0.02499006 0.08851702
v 0.02490731 -0.02444290 0.08868489
v -0.01880959 0.02781618 0.08804437
v -0.03778968 -0.02541709 0.08686903
v -0.03622868 -0.02795234 0.08686350
v 0.01818128 -0.03127209 0.08806264
v 0.01525885 -0.03186195 0.08823926
v -0.02205495 0.02453078 0.08802209
v -0.02382029 0.02241655 0.08808426
v -0.02487044 0.01957836 0.08824820
v -0.00110783 0.03387725 0.08836915
v 0.00081087 0.03290934 0.08800745
v 0.00601745 0.03321412 0.08813678
v 0.00706805 0.03387304 0.08849106
v 0.00948275 0.03311530 0.08846734
v 0.01019619 0.03358198 0.08844266
v 0.01236314 0.03278440 0.08848363
v 0.01084259 0.03198274 0.08826694
v 0.01366694 0.03210463 0.08867434
v 0.01281204 0.03127542 0.08824827
v 0.01438742 0.03146312 0.08873397
v 0.01557993 0.03109428 0.08869619
v 0.00707291 0.03442801 0.08827544
v 0.01022209 0.03402810 0.08796321
v 0.00588434 0.03229166 0.08729442
v 0.01452671 0.03046672 0.08824257
v 0.01641335 0.02921637 0.08827306
v 0.01704725 0.03034907 0.08880208
v 0.01745780 0.02879304 0.08836145
v 0.01870597 0.02934493 0.08869546
v 0.01932286 0.02842937 0.08858527
v 0.01974860 0.02896205 0.08847685
v 0.02073453 0.02805324 0.08870503
v 0.01963757 0.02731648 0.08819486
v 0.02064895 0.02659796 0.08834523
v 0.02230277 0.02665160 0.08893627
v -0.00374369 0.03374720 0.08825001
v 0.02148862 0.02561346 0.08818475
v 0.02410816 0.02460576 0.08902346
v 0.01835879 0.02789765 0.08792633
v -0.02552588 -0.00500797 0.08974537
v 0.01722542 -0.03049679 0.08875231
v 0.01557841 -0.03110242 0.08842487
v 0.01330794 -0.03211379 0.08848463
v 0.01865021 -0.02982478 0.08873928
v 0.02272847 -0.02634376 0.08894671
v 0.02078195 -0.02842889 0.08868824
v 0.02074307 -0.02799533 0.08847028
v -0.02605117 -0.00419076 0.09035315
v -0.02681068 -0.00134255 0.09041286
v -0.02637213 0.00168166 0.09033512
v -0.02719863 0.00223453 0.08973983
v -0.02674550 0.00476143 0.09009558
v -0.02602763 0.00396943 0.08997635
v -0.02603271 0.00662441 0.08951136
v -0.02670877 0.00826085 0.08972537
v -0.02659804 0.01008875 0.08957194
v -0.02581695 0.01186221 0.08957520
v -0.02586357 0.01338439 0.08958060
v -0.02497413 0.01448617 0.08975146
v -0.02511740 0.01565844 0.08966600
v -0.02382924 0.01727682 0.08991888
v -0.02410635 0.01792048 0.08992748
v -0.02210911 0.02041896 0.08997325
v -0.02268187 0.02049986 0.08993110
v -0.02087364 0.02261607 0.08985330
v -0.02138246 0.02273526 0.08975847
v -0.02317822 0.01418898 0.08932030
v -0.02401476 0.01275120 0.08922012
v -0.02508166 0.00994777 0.08921675
v -0.02025587 0.02375813 0.08958914
v -0.02244860 0.01564015 0.08927218
v -0.02165302 0.01850006 0.08929425
v -0.02056907 0.02397408 0.08940865
v -0.01741327 0.02680227 0.08942310
v -0.01809874 0.02688178 0.08914859
v -0.01619334 0.02792487 0.08953756
v -0.02535913 0.00731258 0.08918525
v -0.01767095 0.02514500 0.08893305
v -0.01605198 0.02665509 0.08887058
v -0.01971251 0.02312913 0.08913488
v -0.01524675 0.02884498 0.08955990
v -0.02059964 0.02073703 0.08903145
v -0.00878484 0.03293186 0.08882193
v -0.01316329 0.03072269 0.08906910
v -0.01142206 0.03120910 0.08892383
v -0.01332884 0.03014720 0.08920636
v 0.03275050 0.01154398 0.08835868
v 0.02924260 0.01957321 0.08781501
v 0.02741737 0.02182409 0.08800199
v 0.02589330 0.02354966 0.08799019
v -0.01251832 0.02912637 0.08813699
v 0.01067156 -0.03279503 0.08845029
v 0.02377909 0.02560870 0.08800553
v 0.02224655 0.02723159 0.08805123
v 0.02115537 0.02821591 0.08798943
v 0.03198435 0.01332267 0.08834147
v -0.00122705 0.03296510 0.08759413
v -0.02571690 0.01634183 0.08873992
v -0.02664171 0.01282215 0.08896725
v 0.02303763 0.02428287 0.08820907
v 0.02470051 0.02246470 0.08812481
v 0.02599927 0.02270480 0.08898677
v 0.02634195 0.02090331 0.08827436
v 0.02681390 0.02178133 0.08873525
v 0.02847311 0.01966198 0.08876566
v -0.02460985 -0.04102322 0.08687627
v 0.01547513 0.03173047 0.08796976
v -0.02758644 -0.00246702 0.08939679
v 0.01575591 -0.04572179 0.08714563
v 0.00486622 0.03519314 0.08786949
v -0.01500942 -0.02516144 0.08925357
v 0.03042873 0.01786588 0.08790187
v 0.03049845 0.01647142 0.08864329
v 0.00774235 -0.03343820 0.08850459
v 0.00597728 -0.03342562 0.08857643
v 0.00508630 -0.03404012 0.08858632
v 0.00324557 -0.03380963 0.08894910
v -0.01421243 -0.02795328 0.08897773
v -0.01464588 -0.02689968 0.08970619
v -0.01417448 -0.02666741 0.08951607
v 0.03137618 0.01455616 0.08841849
v 0.02984048 0.01613767 0.08822666
v 0.02957982 0.01805216 0.08865609
v 0.02901002 0.01776313 0.08828560
v -0.00768927 -0.03173109 0.08925187
v 0.04539076 -0.01380888 0.08744729
v 0.04443076 -0.01722183 0.08737036
v -0.00293809 -0.03334489 0.08968953
v -0.00944352 -0.03087195 0.08956070
v -0.00796083 -0.03056946 0.08931700
v -0.01045736 -0.03014431 0.08976053
v -0.00605913 -0.03235395 0.08949914
v -0.00594030 -0.03174135 0.08943474
v -0.00445362 -0.03297131 0.08984690
v -0.01164791 -0.02995866 0.08981640
v -0.01112472 -0.02959945 0.08991208
v -0.01313034 -0.02824653 0.08990614
v -0.00334475 -0.03307558 0.08994305
v -0.00075718 -0.03350423 0.08926562
v -0.00148760 -0.03379249 0.08929157
v -0.01398017 -0.00763041 0.09613363
v -0.01288833 -0.00913707 0.09606227
v -0.01186119 -0.01071503 0.09551503
v -0.01485190 -0.00689821 0.09545391
v -0.01511674 -0.00625313 0.09626954
v -0.01592567 -0.00555457 0.09634402
v -0.01746161 -0.00512138 0.09494687
v -0.01750424 -0.00462756 0.09582335
v -0.01753582 -0.00600573 0.09425245
v -0.01300838 -0.01075715 0.09457564
v -0.01540256 -0.00763423 0.09463007
v -0.01137493 -0.01291624 0.09467798
v -0.00945190 -0.01405467 0.09539467
v -0.00892289 -0.01619313 0.09465785
v -0.00741722 -0.01681890 0.09541053
v -0.00644196 -0.01930965 0.09461924
v -0.00595778 -0.01887655 0.09543942
v -0.00491478 -0.02058381 0.09546329
v -0.00428718 -0.02216775 0.09473118
v -0.01055487 -0.01219564 0.09616504
v -0.00941491 -0.01384731 0.09580818
v -0.00846543 -0.01511897 0.09617703
v -0.00411421 -0.02219819 0.09549852
v -0.00338417 -0.02368304 0.09513277
v -0.00254373 -0.02543302 0.09470105
v -0.00695025 -0.01745087 0.09581529
v -0.01201779 -0.01059623 0.09668401
v -0.00991430 -0.01342174 0.09662421
v -0.01767629 -0.00477033 0.09695359
v -0.00278669 -0.02540586 0.09553945
v -0.00166357 -0.02735135 0.09474039
v 0.01076312 -0.04718434 0.08745415
v 0.00552986 -0.04811740 0.08719305
v 0.00691704 -0.04788540 0.08685320
v 0.00481240 -0.04811580 0.08788487
v 0.00922225 -0.04731813 0.08835606
v 0.01152348 -0.04666359 0.08874233
v 0.00504784 -0.04790722 0.08844770
v 0.01532180 -0.04581588 0.08792637
v 0.01584919 -0.04527637 0.08890598
v 0.01858389 -0.04413337 0.08898360
v 0.02128713 -0.04335473 0.08769760
v 0.01954631 -0.04421221 0.08703103
v 0.01575591 -0.04572179 0.08714563
v -0.00010866 -0.04840818 0.08741316
v 0.01188995 -0.04671345 0.08686902
v 0.00693863 -0.04738272 0.08870297
v 0.03628078 0.02621196 0.09017805
v 0.03664605 0.02578483 0.08917679
v 0.03574274 0.02701851 0.08913084
v 0.03444042 0.02876380 0.08919708
v 0.03450183 0.02824792 0.09094941
v 0.03326332 0.02999575 0.09004781
v 0.03226131 0.03111489 0.08918114
v 0.03658988 0.02533581 0.09100143
v 0.03217298 0.03068921 0.09104274
v 0.03461235 0.02697836 0.09173041
v 0.03190698 0.02975596 0.09185003
v 0.03764523 0.02239719 0.09172917
v 0.02825824 0.03349174 0.09176917
v 0.02981769 0.03307585 0.09075548
v 0.02742168 0.03506855 0.09086607
v 0.00885716 0.04359816 0.09193693
v 0.01181472 0.04270832 0.09181425
v 0.00933194 0.04360380 0.09053225
v 0.01326400 0.04240517 0.09069567
v 0.00533358 0.04441059 0.09195767
v 0.01570131 0.04133249 0.09163444
v 0.01667470 0.04116464 0.09062013
v 0.01859699 0.03995625 0.09171373
v 0.02030389 0.03943564 0.09080749
v 0.02110590 0.03859726 0.09176144
v 0.02379272 0.03746986 0.09111776
v 0.00797441 0.04318330 0.09287476
v 0.00314373 0.04429024 0.09299268
v 0.00148583 0.04475358 0.09261880
v 0.01315786 0.04138563 0.09265906
v 0.02434640 0.03658774 0.09175711
v 0.01748521 0.03951226 0.09260565
v 0.02355127 0.03592079 0.09257652
v 0.00910610 0.04186569 0.09326075
v 0.01350877 0.04024977 0.09309609
v 0.00188933 0.04364835 0.09372139
v 0.02850763 0.03136346 0.09257410
v 0.01781854 0.03801305 0.09306174
v 0.03110938 0.02868200 0.09252571
v 0.03436576 0.02554174 0.09229313
v 0.03770178 0.02043012 0.09222093
v 0.04073262 0.01644157 0.09176357
v 0.04031087 0.01473119 0.09223705
v 0.04280836 0.01100386 0.09171305
v 0.04059833 0.01811674 0.09118524
v 0.04248257 0.01436007 0.09095161
v 0.04331585 0.01229002 0.09090318
v 0.04152770 0.01661896 0.09089823
v 0.04418934 0.00994672 0.09085833
v -0.00159222 0.04434617 0.09352278
v 0.02155040 0.04220737 0.08701580
v 0.02279271 0.04193053 0.08773720
v 0.02574454 0.03983067 0.08706742
v 0.02643499 0.03976244 0.08781232
v 0.02846536 0.03806981 0.08706982
v 0.01981075 0.04339146 0.08773865
v 0.01829075 0.04357337 0.08704923
v 0.01518307 0.04503276 0.08749459
v 0.01322190 0.04531604 0.08702006
v -0.01746744 -0.04544392 0.08777745
v -0.02072032 -0.04368325 0.08754733
v -0.01619528 -0.04605296 0.08684867
v -0.01974517 -0.04415629 0.08664907
v -0.02218966 -0.04268037 0.08662486
v -0.02460985 -0.04102322 0.08687627
v -0.02479674 -0.04082259 0.08779908
v -0.01481350 -0.04646800 0.08768668
v -0.01156052 -0.04725082 0.08717055
v -0.01656748 -0.04563923 0.08804146
v -0.00098991 -0.02978604 0.09414338
v -0.00173728 -0.02850891 0.09378954
v -0.00166357 -0.02735135 0.09474039
v -0.00254373 -0.02543302 0.09470105
v -0.00157243 -0.03141465 0.09269589
v -0.00088006 -0.03310109 0.09246544
v -0.00157534 -0.03267566 0.09185692
v -0.00379953 -0.02529963 0.09381625
v -0.00428718 -0.02216775 0.09473118
v -0.00516176 -0.02341869 0.09371755
v -0.00644196 -0.01930965 0.09461924
v -0.00256754 -0.02944139 0.09304376
v -0.00207663 -0.03211371 0.09211991
v -0.00353626 -0.02839176 0.09309237
v -0.00724921 -0.02063499 0.09383671
v -0.00938802 -0.01734469 0.09413055
v -0.00892289 -0.01619313 0.09465785
v -0.01137493 -0.01291624 0.09467798
v -0.01305043 -0.01352747 0.09391233
v -0.00453157 -0.02621165 0.09332999
v -0.01300838 -0.01075715 0.09457564
v -0.01416730 -0.01101936 0.09407861
v -0.01540256 -0.00763423 0.09463007
v -0.01694112 -0.00765415 0.09414072
v -0.01753582 -0.00600573 0.09425245
v -0.01839478 -0.00651246 0.09389859
v -0.01026531 -0.01783185 0.09385092
v -0.00525290 -0.03047322 0.09235190
v -0.00762594 -0.02354742 0.09333533
v -0.00356446 -0.03163986 0.09203250
v -0.00747536 -0.02906422 0.09267040
v -0.00936384 -0.02694509 0.09296056
v -0.01079834 -0.02127285 0.09348521
v -0.01770254 -0.00850395 0.09401594
v -0.01510833 -0.01163767 0.09397917
v -0.01639126 -0.01066685 0.09409030
v -0.01374759 -0.01800490 0.09379493
v -0.01385524 -0.02079950 0.09365951
v -0.01463273 -0.01485270 0.09394454
v -0.01355901 -0.02373958 0.09354388
v -0.01232554 -0.02582820 0.09320060
v -0.01398852 -0.02454941 0.09321870
v -0.01035520 -0.02862679 0.09292917
v -0.01128826 -0.02798831 0.09292219
v -0.01266676 -0.02668464 0.09285890
v -0.01516426 -0.02056989 0.09408324
v -0.01649155 -0.01374823 0.09455848
v -0.01484788 -0.02419648 0.09395683
v -0.01545722 -0.01500240 0.09421461
v -0.01754499 -0.01156257 0.09455529
v -0.01881905 -0.00938643 0.09448971
v -0.01970201 -0.00782368 0.09453316
v -0.01602827 -0.01698232 0.09490082
v -0.01889686 -0.00621302 0.09366215
v -0.01774983 -0.00548652 0.09379205
v -0.02034579 -0.00639887 0.09416310
v -0.01594520 -0.02226975 0.09470355
v -0.00046859 -0.03354493 0.09325405
v -0.01578791 -0.02498580 0.09503863
v -0.01515600 -0.02508360 0.09396390
v -0.01558226 -0.02570637 0.09396201
v -0.01670779 -0.02399041 0.09555975
v -0.01649969 -0.01765898 0.09599137
v -0.01694272 -0.02318916 0.09606628
v -0.01780482 -0.02730388 0.09578190
v -0.01670939 -0.01544988 0.09572568
v -0.01732311 -0.01332606 0.09531307
v -0.01861037 -0.01138834 0.09552826
v -0.02047387 -0.00833668 0.09553439
v -0.02156587 -0.00717418 0.09565718
v -0.02274905 0.00258882 0.09152872
v -0.02257264 0.00373835 0.09210328
v -0.02141224 0.00332201 0.09299931
v -0.02355703 0.00308617 0.09098777
v -0.02342213 0.00105441 0.09070156
v -0.02146143 0.00169842 0.09285528
v -0.02016170 0.00256408 0.09433485
v -0.02272022 -0.00113239 0.09167119
v -0.02076501 -0.00169857 0.09367149
v -0.02277075 -0.00338941 0.09157368
v -0.02015783 0.00073140 0.09463930
v -0.02391437 0.00404661 0.09060654
v -0.01878772 0.00194475 0.09697830
v -0.01832268 -0.00078466 0.09705605
v -0.01996038 -0.00074311 0.09520268
v -0.02347530 -0.00274940 0.08977538
v -0.01961442 -0.00322020 0.09414059
v -0.02065050 -0.00469589 0.09219078
v -0.01854600 -0.00273022 0.09549158
v -0.01770090 -0.00418579 0.09527809
v -0.01912043 -0.00469228 0.09338729
v -0.01999705 -0.00537011 0.09222921
v -0.01889686 -0.00621302 0.09366215
v -0.02081040 -0.00541208 0.09168900
v -0.02143093 -0.00521174 0.09120659
v -0.02215463 -0.00437157 0.09101022
v -0.02188739 -0.00537584 0.09069133
v -0.02110950 -0.00722690 0.09156505
v -0.02291289 -0.00423495 0.09003727
v -0.02188982 -0.00693763 0.09016665
v -0.02102397 -0.00838209 0.09082005
v -0.02301392 -0.00551901 0.08915405
v -0.02204291 -0.01026258 0.08642268
v -0.02319622 -0.00682861 0.08680164
v -0.02034649 -0.01238698 0.08799660
v -0.01995063 -0.01098283 0.09109681
v -0.01936228 -0.01379962 0.08932755
v -0.02115608 -0.01233462 0.08560890
v -0.02063395 -0.00910143 0.09165901
v -0.02357646 -0.00582779 0.08659543
v -0.02380405 0.00094373 0.08860354
v -0.01907129 -0.01624793 0.08536647
v -0.01819255 -0.01657559 0.08845852
v -0.02276990 -0.01002393 0.08280866
v -0.02385014 -0.00336961 0.08718156
v -0.01712323 -0.01762339 0.09127850
v -0.01571589 -0.02056256 0.09096444
v -0.01807873 -0.01558919 0.09124547
v -0.01894661 -0.01318982 0.09152878
v -0.01986040 -0.01125939 0.09181139
v -0.02103238 -0.01461950 0.08060690
v -0.02362029 -0.00744128 0.08241598
v -0.01642195 -0.01952720 0.08898215
v -0.01966427 -0.01662041 0.08085785
v -0.02399355 0.00174157 0.08666360
v -0.01778989 -0.00362026 0.09652123
v -0.01750424 -0.00462756 0.09582335
v -0.01746161 -0.00512138 0.09494687
v -0.01774983 -0.00548652 0.09379205
v -0.01753582 -0.00600573 0.09425245
v -0.02169679 0.00418973 0.09422474
v -0.01826571 -0.01778652 0.08370655
v -0.01704325 -0.01890932 0.08693970
v -0.01372011 -0.02412603 0.08951957
v -0.02073215 -0.01547449 0.07703306
v -0.01990060 0.00423283 0.09543029
v -0.01745754 -0.01717121 0.09237323
v -0.01672438 -0.01871168 0.09232198
v -0.01599745 -0.02034834 0.09233869
v -0.01525489 -0.02171639 0.09229043
v -0.01831363 -0.01540808 0.09235432
v -0.01455858 -0.02316933 0.09232342
v -0.01405398 -0.02458075 0.09253161
v -0.01798366 -0.01828397 0.08115410
v -0.01622765 -0.01980229 0.08644225
v -0.01500710 -0.02117347 0.08696436
v -0.01916013 -0.01734548 0.07736700
v -0.01767629 -0.00477033 0.09695359
v -0.01677059 -0.01911182 0.08253746
v -0.01452209 -0.02227706 0.08860001
v -0.01282810 -0.02525872 0.08905718
v -0.01329119 -0.02280639 0.08636436
v -0.01274316 -0.02664279 0.09217928
v -0.01266676 -0.02668464 0.09285890
v -0.01398852 -0.02454941 0.09321870
v -0.01159560 -0.02790017 0.09229683
v -0.01128826 -0.02798831 0.09292219
v -0.02414213 0.00432585 0.09163514
v -0.01891503 0.00363885 0.09536593
v -0.01938649 -0.01298002 0.09234219
v -0.01990552 0.00397804 0.09696899
v -0.02021336 -0.00612649 0.09250211
v -0.01973857 0.00338464 0.09722443
v -0.02157948 -0.00701965 0.09190412
v -0.02154587 -0.00623126 0.09220794
v 0.03740648 -0.02489369 0.09020303
v 0.03612139 -0.02687757 0.09020091
v 0.03629694 -0.02609618 0.08926458
v 0.03716434 -0.02477007 0.08917167
v 0.03802359 -0.02336839 0.08918951
v 0.03510392 -0.02773450 0.08912631
v 0.03423909 -0.02925118 0.09017241
v 0.03374678 -0.02931890 0.08910946
v 0.03266417 -0.03104758 0.09050258
v 0.03274798 -0.03050471 0.08903980
v -0.03043678 0.04255220 -0.09568760
v -0.02787269 0.04436242 -0.09569366
v -0.03167972 0.04176823 -0.09657104
v -0.02832139 0.04404154 -0.09726974
v -0.03131524 0.04194998 -0.09731730
v -0.02478238 0.04612044 -0.09720872
v -0.02482863 0.04607693 -0.09568973
v -0.03325788 0.04041433 -0.09568324
v -0.03734610 0.02532319 0.08764252
v -0.03547846 0.02834324 0.08765619
v -0.03601674 0.02749899 0.08703629
v -0.03442435 0.02977276 0.08700486
v -0.03282855 0.03189424 0.08757994
v -0.03820028 0.02363924 0.08692025
v -0.03882234 0.02263264 0.08752323
v -0.03972540 0.02070353 0.08700801
v -0.03140538 0.03339096 0.08699594
v 0.04419164 0.01728647 0.08797277
v 0.04389106 0.01702818 0.08706735
v 0.04380525 0.01807123 0.08746302
v 0.04519614 0.01440028 0.08774713
v 0.04534018 0.01193622 0.08703050
v 0.04579476 0.01212099 0.08776369
v 0.04195150 0.02181885 0.08702087
v 0.04589733 0.00982421 0.08750705
v 0.04557560 0.00928183 0.08706154
v 0.04251554 0.02119851 0.08766007
v 0.04078040 0.02460317 0.08774340
v 0.04049854 0.02436964 0.08693551
v 0.03849393 0.02808820 0.08708763
v 0.04570790 0.00978710 0.08939881
v 0.04553656 0.01220330 0.08911531
v 0.02407848 0.02717191 0.06318394
v 0.02304795 0.02761220 0.06271288
v 0.02254440 0.02857499 0.06272488
v 0.02379464 0.02687939 0.06275957
v 0.02540791 0.02616059 0.06307414
v 0.02412989 0.02617122 0.06252316
v 0.02140011 0.02793078 0.06247136
v 0.02085182 0.02898333 0.06188779
v 0.02137657 0.03033772 0.06287004
v 0.01992486 0.03167422 0.06154052
v 0.02051248 0.02763822 0.06190704
v 0.01929041 0.02898235 0.05991931
v 0.02199340 0.03031729 0.06386891
v 0.01966988 0.03358840 0.06261180
v 0.01870224 0.03442954 0.06148749
v 0.01864556 0.03117421 0.05928295
v 0.01686697 0.03260356 0.05684092
v 0.01579528 0.03481246 0.05707386
v 0.01715829 0.03697913 0.06163534
v 0.01644444 0.03108392 0.05487811
v 0.01490417 0.03363823 0.05366386
v 0.01515599 0.03153304 0.05194739
v 0.02306735 0.02864752 0.06393782
v 0.01963494 0.03444992 0.06391131
v 0.01414365 0.03220799 0.04984834
v 0.01363034 0.03329443 0.04983769
v 0.01425753 0.03091072 0.04896301
v 0.01306658 0.03173877 0.04499797
v 0.01192604 0.03265231 0.04331022
v 0.01307015 0.03449381 0.05092465
v 0.01438640 0.03545971 0.05576093
v 0.01574301 0.03785828 0.06073530
v 0.01802445 0.03674249 0.06423023
v 0.01235743 0.03152645 0.04146786
v 0.01155509 0.03022578 0.03419012
v 0.01328500 0.02970400 0.04187215
v 0.01223911 0.02978652 0.03567811
v 0.01150903 0.02819802 0.02780853
v 0.01227381 0.02816935 0.03112678
v 0.01218088 0.02672832 0.02644321
v 0.01129438 0.02676555 0.02330016
v 0.01244367 0.02404432 0.02120169
v 0.01179306 0.02421433 0.01936668
v 0.01275495 0.02160056 0.01594692
v 0.01114521 0.02297660 0.01452324
v 0.01074064 0.02483171 0.01800153
v 0.01631767 0.03845031 0.06325877
v 0.01452542 0.02006513 0.01974680
v 0.01241101 0.02037329 0.01008537
v 0.01389129 0.01875421 0.01040937
v 0.01395052 0.01795488 0.00845814
v 0.01432086 0.01909777 0.01379768
v 0.01215634 0.01972375 0.00814258
v 0.02409619 0.02745437 0.06469867
v 0.01572547 0.01916560 0.02204403
v 0.01515726 0.02027912 0.02447236
v 0.01383076 0.01688507 0.00632105
v 0.01042480 0.02983458 0.02966173
v 0.01336654 0.02354820 0.02460428
v 0.01044077 0.02838666 0.02556515
v 0.01582531 0.02007365 0.02983259
v 0.01518827 0.03853335 0.06106669
v 0.02051973 0.03309549 0.06512035
v 0.01447893 0.02284129 0.03215595
v 0.01530755 0.02209098 0.03682274
v 0.01304767 0.02671288 0.03305205
v 0.01641056 0.02053744 0.03734628
v 0.01565563 0.02408451 0.04722778
v 0.01693266 0.02217730 0.04583558
v 0.01431260 0.02469551 0.04020819
v 0.01455469 0.02596884 0.04689511
v 0.01601092 0.02461621 0.05051029
v 0.01695439 0.02331188 0.05048123
v 0.01300321 0.02871153 0.03743265
v 0.01681181 0.02474773 0.05334743
v 0.01463409 0.02700360 0.04886527
v 0.01813206 0.02363443 0.05509458
v 0.01777623 0.02464656 0.05590191
v 0.01370257 0.03006550 0.04570127
v 0.01914444 0.02454546 0.05890077
v 0.01402746 0.02707969 0.04550515
v 0.02307234 0.02860306 0.06580256
v 0.01590929 0.02723456 0.05253611
v 0.01783349 0.02632191 0.05697660
v 0.01940905 0.02590205 0.06022282
v 0.02044431 0.02454360 0.06103562
v 0.02069326 0.02552037 0.06243590
v 0.01799487 0.02854616 0.05743542
v 0.01707894 0.01913023 0.03253689
v 0.02062284 0.03251348 0.06636094
v 0.00992625 0.02613450 0.01935694
v 0.02070152 0.02653618 0.06257111
v 0.02411608 0.02706700 0.06595792
v 0.01920541 0.03439210 0.06700964
v 0.01234720 0.01789421 0.00574577
v 0.01065725 0.03198128 0.03757798
v 0.01096850 0.03369121 0.04400608
v 0.01308526 0.03645137 0.05577379
v 0.01354886 0.01558269 0.00480300
v 0.01242108 0.01640468 0.00437915
v 0.01608606 0.03850772 0.06441544
v 0.02168611 0.02450575 0.06228482
v 0.01735924 0.03664203 0.06681512
v 0.00954449 0.02408777 0.01453892
v 0.01046511 0.02200475 0.01091080
v 0.01453030 0.03946169 0.06294817
v 0.01989693 0.03172944 0.06914980
v 0.00921939 0.02723408 0.02103598
v 0.01085967 0.01961698 0.00681372
v 0.02093419 0.02882833 0.07008348
v 0.02298153 0.02750825 0.06763860
v 0.02409391 0.02605410 0.06788999
v 0.01042002 0.02126000 0.00934552
v 0.01796758 0.03393232 0.07000045
v 0.01104413 0.01572602 0.00308718
v 0.01163882 0.01335073 0.00218031
v 0.01088914 0.01703123 0.00397632
v 0.01064286 0.01844635 0.00534839
v 0.02184350 0.02618733 0.07104118
v 0.01600379 0.03759922 0.06707959
v 0.01835232 0.03067328 0.07283576
v 0.01628939 0.03556370 0.07010447
v 0.02350536 0.02352954 0.07222803
v 0.02208082 0.02467975 0.07278051
v 0.01662847 0.03319209 0.07248811
v 0.01700603 0.02967345 0.07587254
v 0.01555070 0.03133140 0.07573461
v 0.01425271 0.03457155 0.07295673
v -0.01775763 -0.01268784 0.09642858
v -0.01861037 -0.01138834 0.09552826
v -0.01740769 -0.01360588 0.09586048
v -0.01678163 -0.01467353 0.09663542
v -0.01670939 -0.01544988 0.09572568
v -0.01791757 -0.01119024 0.09694144
v -0.01650125 -0.01450985 0.09703868
v -0.01924373 -0.01027840 0.09626499
v -0.01631012 -0.01766004 0.09695646
v -0.01949579 -0.00877350 0.09684370
v -0.01992403 -0.00919608 0.09573308
v -0.02047387 -0.00833668 0.09553439
v -0.02043989 -0.00841283 0.09634839
v -0.02080525 -0.00679633 0.09694460
v -0.02145649 -0.00740436 0.09629882
v -0.02156587 -0.00717418 0.09565718
v -0.01732311 -0.01332606 0.09531307
v -0.01264070 -0.03956716 0.09697577
v -0.01239399 -0.03552487 0.09716544
v -0.01294417 -0.03780752 0.09735415
v -0.01300768 -0.04185057 0.09709757
v -0.01377132 -0.04487007 0.09733067
v -0.01212961 -0.03219390 0.09710261
v -0.01207377 -0.03490882 0.09705217
v -0.01410254 -0.04713025 0.09708248
v -0.01414152 -0.00940519 0.09704815
v -0.01570079 -0.01622872 0.09718293
v -0.01167449 -0.01236703 0.09700024
v -0.01330548 -0.02065514 0.09698134
v -0.00889506 -0.01666202 0.09675549
v -0.01602493 -0.02112529 0.09719925
v -0.01421629 -0.02276517 0.09706810
v -0.00826229 -0.02368395 0.09634776
v -0.01303430 -0.02485653 0.09673271
v -0.00444693 -0.02381088 0.09599112
v -0.00308424 -0.02691375 0.09569736
v -0.00602616 -0.03154620 0.09562290
v -0.01128208 -0.03088209 0.09606006
v -0.01140059 -0.02856661 0.09624277
v -0.00374985 -0.03408716 0.09506723
v -0.00174799 -0.03098971 0.09515535
v -0.01029122 -0.03582665 0.09540220
v -0.00681373 -0.03654712 0.09498597
v -0.01099114 -0.03810845 0.09536173
v -0.00718606 -0.04140085 0.09477240
v -0.00251308 -0.04106060 0.09438004
v -0.01081855 -0.04046822 0.09509540
v -0.00464554 -0.04303214 0.09433505
v -0.01247281 -0.03675140 0.09546848
v -0.01193747 -0.03515139 0.09548194
v -0.01301731 -0.03825491 0.09539818
v 0.00861152 -0.04128502 0.09366626
v 0.00780050 -0.04032440 0.09376850
v 0.01331725 -0.03807714 0.09365383
v 0.01506882 -0.03907070 0.09345896
v 0.01859239 -0.03536922 0.09350370
v 0.01984197 -0.03728227 0.09318530
v 0.02494668 -0.03217568 0.09318182
v 0.02383367 -0.03482725 0.09300002
v 0.02058961 -0.03226745 0.09341657
v 0.00951752 -0.03753879 0.09373279
v 0.02637909 -0.02922438 0.09321771
v 0.02987716 -0.02868401 0.09292532
v 0.03148401 -0.02298054 0.09314957
v 0.03449826 -0.01991306 0.09302180
v 0.03380142 -0.02555239 0.09266193
v -0.00145692 -0.03771915 0.09429087
v -0.00283228 -0.03607711 0.09448719
v 0.00166296 -0.03842193 0.09400588
v 0.00498812 -0.04316997 0.09362823
v 0.03097732 -0.01995521 0.09315050
v 0.02695429 -0.02585528 0.09318383
v 0.03390209 -0.01626652 0.09311318
v 0.03645093 -0.01003809 0.09299449
v 0.03750943 -0.01381000 0.09288650
v 0.03922290 -0.00462093 0.09288491
v 0.04197082 -0.00546466 0.09247197
v 0.03715463 -0.01923772 0.09261777
v 0.03822336 0.00981060 0.09287686
v 0.03563085 0.01420442 0.09297453
v 0.04110880 0.00570075 0.09259894
v -0.01403333 -0.02687739 0.09719307
v -0.01748748 -0.02725640 0.09734663
v 0.04098210 -0.01175008 0.09236706
v 0.03835255 0.01564424 0.09264943
v 0.03276634 0.02170798 0.09298306
v 0.03137401 0.01783072 0.09306338
v 0.02856556 0.02591575 0.09307797
v 0.03281364 0.01458313 0.09301695
v 0.03434493 0.00936198 0.09295474
v -0.01321229 -0.03063112 0.09728214
v -0.01620928 -0.03824762 0.09735289
v -0.01916899 -0.03112460 0.09736392
v -0.02168049 -0.03409387 0.09738434
v 0.02880557 0.02869988 0.09292745
v 0.02386475 0.02974748 0.09319021
v 0.02485990 0.03298287 0.09297354
v 0.02183060 0.03295187 0.09321429
v 0.02065255 0.03082528 0.09322057
v 0.01737293 0.03327044 0.09332797
v 0.01628167 0.03652368 0.09330401
v 0.01216704 0.03598613 0.09334250
v 0.00829140 0.03788326 0.09348581
v 0.01053235 0.04024147 0.09336144
v 0.00481807 0.04167676 0.09367864
v 0.02141353 0.03578545 0.09305729
v 0.01781854 0.03801305 0.09306174
v 0.03479911 -0.00679969 0.09293329
v 0.03461173 0.02307272 0.09267162
v 0.03577849 0.00329325 0.09294225
v 0.02531231 0.02628681 0.09308098
v 0.02911863 0.02113720 0.09304833
v -0.01936198 -0.04050239 0.09724439
v -0.02307282 -0.03557194 0.09739001
v -0.00630365 -0.01887603 0.09631037
v 0.02279688 -0.02771793 0.09309307
v -0.02255990 -0.04059443 0.09717348
v -0.02506783 -0.03726181 0.09737436
v -0.02782144 -0.04071359 0.09716171
v 0.00454329 0.03912893 0.09350734
v 0.00133967 0.04068958 0.09382537
v 0.00102894 0.04296377 0.09398177
v 0.03193321 -0.01611237 0.09304879
v 0.03358452 -0.01157970 0.09296444
v 0.00080828 0.04218387 0.09392411
v -0.00109631 0.04262157 0.09392888
v 0.01731739 -0.03193417 0.09332250
v 0.01159111 -0.03434492 0.09350319
v 0.00782068 -0.03542834 0.09351357
v 0.04265358 0.00361116 0.09229803
v 0.00350737 -0.03691332 0.09373602
v -0.00068344 -0.03550077 0.09387787
v 0.00910610 0.04186569 0.09326075
v 0.01350877 0.04024977 0.09309609
v 0.00188933 0.04364835 0.09372139
v 0.02585023 -0.02483016 0.09303968
v -0.01261562 -0.02989222 0.09703302
v 0.04199538 0.00945879 0.09219917
v -0.01137095 -0.03191610 0.09592250
v -0.01163865 -0.03355864 0.09569309
v 0.02172711 0.02876473 0.09297630
v -0.01785189 -0.04428105 0.09707953
v -0.01454992 -0.04731733 0.09723236
v 0.03110938 0.02868200 0.09252571
v 0.02850763 0.03136346 0.09257410
v -0.00499974 -0.02122960 0.09605706
v -0.00755160 -0.01696796 0.09646659
v -0.01650125 -0.01450985 0.09703868
v -0.01791757 -0.01119024 0.09694144
v -0.01928778 -0.00621360 0.09712192
v -0.01783590 -0.00531177 0.09714331
v -0.01849522 -0.00271095 0.09730503
v -0.02252353 -0.00541868 0.09719340
v -0.02391298 -0.00199825 0.09718569
v -0.01973857 0.00338464 0.09722443
v -0.02565176 0.00425322 0.09695132
v -0.02722356 -0.00541617 0.09689301
v -0.02755619 0.00376457 0.09679478
v -0.01334259 -0.00898264 0.09685335
v -0.01552910 -0.00627265 0.09687176
v -0.01201779 -0.01059623 0.09668401
v -0.02216540 -0.04633594 0.09637027
v -0.00186272 -0.02805878 0.09533744
v 0.04031087 0.01473119 0.09223705
v -0.00082256 -0.03392518 0.09453529
v -0.02640198 -0.04430453 0.09642510
v -0.01221972 -0.02843675 0.09647600
v -0.02032447 -0.04646418 0.09653886
v 0.01178868 -0.04143113 0.09331258
v 0.03770178 0.02043012 0.09222093
v 0.02727953 -0.03349513 0.09257196
v 0.03130269 -0.02960511 0.09247642
v -0.02332626 -0.00615526 0.09702839
v -0.01652689 -0.04912864 0.09658008
v 0.03901055 -0.01821059 0.09221206
v 0.00819137 0.03627442 0.09317822
v -0.00278669 -0.02540586 0.09553945
v 0.03436576 0.02554174 0.09229313
v 0.04399242 0.00341101 0.09185476
v 0.04392721 -0.00544106 0.09181860
v 0.03439402 0.00071349 0.09260771
v 0.02355127 0.03592079 0.09257652
v 0.00587801 0.03747295 0.09317496
v 0.03020297 -0.01801728 0.09288173
v 0.02708898 -0.02243236 0.09280925
v 0.01738863 -0.03994397 0.09289324
v -0.02080525 -0.00679633 0.09694460
v -0.01949579 -0.00877350 0.09684370
v 0.00290717 -0.03516171 0.09329246
v -0.00991430 -0.01342174 0.09662421
v 0.01798281 0.03112388 0.09294314
v 0.01472116 0.03323401 0.09301790
v 0.01159480 0.03493357 0.09305261
v -0.00864780 -0.04282030 0.09439930
v 0.03715421 -0.02335362 0.09192092
v 0.04383417 -0.00893424 0.09156308
v 0.00119937 0.03928589 0.09331525
v -0.00249637 0.04272407 0.09425167
v 0.02665043 0.02313827 0.09287579
v 0.02284872 0.02706563 0.09274131
v 0.03219616 -0.01310069 0.09279009
v 0.03364867 -0.00736021 0.09269005
v 0.02234945 -0.03735197 0.09262364
v -0.01767629 -0.00477033 0.09695359
v 0.03427530 -0.00265644 0.09265100
v 0.04280836 0.01100386 0.09171305
v 0.02840525 0.02010358 0.09274019
v 0.02986137 0.01787838 0.09269353
v -0.01878772 0.00194475 0.09697830
v -0.01832268 -0.00078466 0.09705605
v 0.03299829 0.01087688 0.09275810
v 0.03417746 0.00439578 0.09269030
v -0.00373878 -0.02354806 0.09567146
v -0.02928305 -0.04349421 0.09622763
v 0.03199237 0.01336186 0.09266386
v 0.01462703 -0.03172888 0.09299309
v -0.01631012 -0.01766004 0.09695646
v -0.02543212 -0.04714877 0.09571848
v -0.01908834 -0.05010956 0.09580811
v 0.00644387 0.03612691 0.09286714
v -0.01674760 -0.02281568 0.09706256
v -0.00102011 -0.02995764 0.09485836
v 0.00910562 -0.04341155 0.09294471
v 0.01630982 -0.03097704 0.09288655
v 0.01862379 -0.02969705 0.09288700
v 0.01274930 -0.03236724 0.09296995
v 0.01013255 -0.03325788 0.09294011
v 0.00700358 -0.03428981 0.09302522
v 0.02154266 -0.02767690 0.09281726
v 0.00410053 -0.03486311 0.09306678
v 0.02438732 -0.02488644 0.09260771
v 0.01576043 -0.04105945 0.09273967
v -0.02834819 -0.04530787 0.09571831
v -0.01990552 0.00397804 0.09696899
v 0.00374526 0.03710045 0.09248483
v 0.00243582 0.03740430 0.09224233
v 0.00093579 0.03714911 0.09210242
v -0.00021166 -0.03470958 0.09326161
v -0.02834152 -0.00248828 0.09644574
v 0.04485514 0.00714775 0.09092078
v -0.01505810 -0.04884046 0.09652410
v -0.02760182 0.00450451 0.09637248
v -0.02818794 0.00380902 0.09644887
v 0.04418934 0.00994672 0.09085833
v -0.02624163 -0.03838004 0.09716238
v 0.02817612 -0.02025922 0.09258851
v 0.03150079 -0.01296697 0.09226210
v 0.03230693 -0.01050699 0.09231606
v 0.02952768 -0.01762778 0.09225812
v 0.03075028 -0.01511894 0.09230786
v 0.02081755 -0.02768801 0.09241948
v -0.00055302 -0.03244393 0.09426280
v 0.02647138 -0.02193127 0.09210260
v -0.00411421 -0.02219819 0.09549852
v 0.03317612 -0.00692896 0.09214480
v 0.00046669 -0.03386583 0.09222365
v -0.00846543 -0.01511897 0.09617703
v -0.00166357 -0.02735135 0.09474039
v -0.01592567 -0.00555457 0.09634402
v -0.00491478 -0.02058381 0.09546329
v -0.00338417 -0.02368304 0.09513277
v -0.01398017 -0.00763041 0.09613363
v -0.01511674 -0.00625313 0.09626954
v -0.01055487 -0.01219564 0.09616504
v -0.00695025 -0.01745087 0.09581529
v -0.01288833 -0.00913707 0.09606227
v -0.00046859 -0.03354493 0.09325405
v -0.00595778 -0.01887655 0.09543942
v -0.04191935 -0.01000844 0.08920553
v -0.04202466 -0.00623513 0.08921516
v -0.04196139 -0.01037657 0.08868542
v 0.04880468 0.01002787 -0.09235135
v 0.04936273 0.01003522 -0.09260476
v 0.04728664 0.01109339 -0.09455872
v 0.05093139 0.01007527 -0.08979764
v 0.04886402 0.01002240 -0.09366576
v 0.05046156 0.00964046 -0.09206814
v 0.05220165 0.00968170 -0.08851617
v 0.05173177 0.01011384 -0.08761771
v 0.05249154 0.00988194 -0.08383131
v 0.04710090 0.01114474 -0.09413864
v 0.04567707 0.01309817 -0.09589046
v 0.05184591 0.00935528 -0.08965129
v 0.04534132 0.01354981 -0.09526545
v 0.04675670 0.01122380 -0.09540551
v 0.04457256 0.01477292 -0.09675086
v 0.04471260 0.01499530 -0.09600118
v 0.04351215 0.01782656 -0.09691559
v 0.04551749 0.01168024 -0.09653773
v 0.04774047 0.00901563 -0.09488422
v 0.05012013 0.00506450 -0.09226664
v 0.04731234 0.00422952 -0.09507326
v 0.04735065 -0.00314270 -0.09499735
v 0.05025531 -0.00387951 -0.09204115
v 0.04594836 0.00606397 -0.09604822
v 0.04605562 -0.00630003 -0.09598205
v 0.04767264 -0.00956821 -0.09495060
v 0.04650004 -0.01165898 -0.09583999
v 0.04911389 -0.01049593 -0.09358808
v 0.05078559 -0.01037521 -0.09167288
v 0.04451472 -0.01297726 -0.09684672
v 0.04480628 -0.01471408 -0.09662194
v 0.04490431 0.00679945 -0.09654638
v 0.05135414 -0.00636791 -0.09058261
v 0.05133994 0.00927926 -0.09068564
v 0.04448604 -0.00653004 -0.09666245
v 0.04356450 -0.01844713 -0.09691917
v 0.05181359 -0.01039930 -0.08985451
v 0.04697596 -0.01265467 -0.09469097
v 0.04501081 -0.01530675 -0.09602359
v 0.04828707 -0.01147879 -0.09384147
v 0.04984510 -0.01080207 -0.09252699
v 0.05191273 -0.00687026 -0.08946414
v -0.01312058 -0.03283953 0.09532257
v -0.01338918 -0.03184977 0.09466429
v -0.01328553 -0.03362686 0.09467274
v -0.01346392 -0.03040879 0.09525915
v -0.01335449 -0.03591167 0.09521795
v -0.03706344 -0.00875774 0.08944101
v -0.03710935 0.00365203 0.08939425
v -0.03710450 0.00126483 0.08928053
v -0.03703400 -0.00906521 0.08926022
v -0.03653997 -0.01010234 0.08932994
v 0.02296530 0.02688629 0.06375911
v 0.02304795 0.02761220 0.06271288
v 0.02322283 0.02607108 0.06367841
v 0.02271477 0.02651038 0.06477439
v 0.02238849 0.02749677 0.06332884
v 0.02187901 0.02727508 0.06423566
v 0.02379464 0.02687939 0.06275957
v 0.02412989 0.02617122 0.06252316
v 0.02330376 0.02566029 0.06352644
v 0.02419019 0.02500083 0.06188054
v -0.01697115 -0.05025042 0.09586492
v -0.01940994 -0.05129394 0.09479568
v -0.01803177 -0.05104333 0.09472985
v -0.01653979 -0.05011774 0.09541165
v -0.01505810 -0.04884046 0.09652410
v -0.01961952 -0.05131381 0.09386550
v -0.02072479 -0.05163212 0.09375026
v -0.01575737 -0.04928984 0.09519555
v -0.01705716 -0.05015589 0.09470959
v -0.02058923 -0.05106579 0.09293227
v -0.02217763 -0.05094559 0.09233893
v -0.01862446 -0.05051044 0.09422489
v -0.02300103 -0.05097582 0.09242673
v -0.01701285 -0.02696477 0.09540055
v -0.01606787 -0.02939533 0.09530729
v -0.01747192 -0.02852347 0.09536876
v -0.01873127 -0.03097750 0.09529176
v -0.01643095 -0.03258369 0.09544985
v -0.01981525 -0.03328345 0.09532207
v -0.01880315 -0.03603350 0.09542297
v -0.02129423 -0.03448936 0.09527730
v -0.01346392 -0.03040879 0.09525915
v -0.01312058 -0.03283953 0.09532257
v -0.01425775 -0.02836815 0.09519942
v -0.01541244 -0.02646777 0.09515135
v -0.01565067 -0.03661762 0.09525470
v -0.01335449 -0.03591167 0.09521795
v -0.01435703 -0.03947637 0.09524830
v -0.01372053 -0.03793481 0.09524443
v -0.01630468 -0.04057504 0.09552799
v -0.02246602 -0.03604449 0.09560819
v -0.02401821 -0.03730361 0.09567252
v -0.01966508 -0.04048075 0.09549185
v -0.02608176 -0.04061169 0.09554237
v -0.01452614 -0.04247624 0.09565334
v -0.01681221 -0.04468489 0.09540118
v -0.02124964 -0.04245728 0.09528508
v -0.01578791 -0.02498580 0.09503863
v -0.01433909 -0.04475824 0.09579628
v -0.02609919 -0.03904396 0.09575869
v -0.02780298 -0.04143913 0.09540746
v -0.01309423 -0.03963570 0.09551088
v -0.01301731 -0.03825491 0.09539818
v -0.01576353 -0.04640147 0.09535837
v -0.02010682 -0.03186636 0.09552599
v -0.02152187 -0.03393505 0.09546480
v -0.02350338 -0.04391325 0.09480944
v -0.02773832 -0.04251814 0.09497152
v -0.01912885 -0.04662244 0.09458716
v -0.01319788 -0.04264988 0.09621453
v -0.01710146 -0.04804431 0.09464202
v -0.01924292 -0.03049921 0.09553772
v -0.01852198 -0.02904480 0.09562841
v -0.02311007 -0.03545352 0.09594207
v -0.02195662 -0.04670342 0.09406274
v -0.01910099 -0.04886050 0.09386376
v -0.02563089 -0.04413714 0.09440918
v -0.02826107 -0.04483086 0.09367493
v -0.01455906 -0.04748075 0.09592376
v -0.02458012 -0.03695652 0.09595964
v -0.01780482 -0.02730388 0.09578190
v -0.02395153 -0.04770989 0.09308702
v -0.02495740 -0.04925368 0.09229951
v -0.02463768 -0.05013711 0.09231918
v -0.02611491 -0.04926945 0.09232321
v -0.02757297 -0.04780619 0.09248519
v -0.02697208 -0.04767620 0.09245981
v -0.02847448 -0.04617085 0.09296555
v -0.02899959 -0.04643900 0.09309004
v -0.01384816 -0.04529431 0.09608040
v -0.01670779 -0.02399041 0.09555975
v -0.01509905 -0.02657460 0.09495956
v -0.00137703 0.03653514 0.09156119
v -0.00118419 0.03696419 0.09097363
v -0.00184169 0.03784074 0.09219652
v -0.00151561 0.03607757 0.09268895
v -0.00400315 0.03598944 0.09350673
v -0.00330723 0.03731568 0.09296714
v -0.00501364 0.03731594 0.09432470
v -0.00465065 0.03629699 0.09405051
v -0.00511099 0.03564489 0.09430863
v -0.00473434 0.03899342 0.09442106
v -0.00259202 0.03900814 0.09341257
v -0.00328402 0.04048051 0.09414804
v -0.00120811 0.03843014 0.09250980
v -0.00118482 0.03922823 0.09312252
v 0.00071652 0.03873239 0.09191347
v 0.00039347 0.03756461 0.09119487
v 0.00046337 0.03995887 0.09303303
v -0.01509905 -0.02657460 0.09495956
v -0.01578791 -0.02498580 0.09503863
v -0.01558226 -0.02570637 0.09396201
v -0.01478247 -0.02443025 0.09317509
v -0.01398852 -0.02454941 0.09321870
v -0.01405398 -0.02458075 0.09253161
v -0.01484788 -0.02419648 0.09395683
v 0.04975770 0.00983842 -0.09049191
v 0.05093139 0.01007527 -0.08979764
v 0.04880468 0.01002787 -0.09235135
v 0.05006336 0.00941139 -0.08876011
v 0.04885617 0.00973495 -0.09163406
v 0.05059068 0.00990275 -0.08836602
v 0.04935292 0.00916179 -0.09031998
v 0.04831597 0.00908082 -0.09207333
v 0.04711461 0.01029807 -0.09335699
v 0.04710090 0.01114474 -0.09413864
v 0.04685683 0.00671893 -0.09335716
v 0.04817543 0.00398171 -0.09202432
v 0.04820329 -0.00614298 -0.09197129
v 0.04686533 -0.01044004 -0.09333714
v 0.04837577 -0.00991994 -0.09190855
v 0.04729070 -0.01133065 -0.09329489
v 0.04882921 -0.01066730 -0.09181304
v 0.04939887 -0.01001220 -0.09019303
v 0.05006336 -0.01060926 -0.08953244
v 0.05055288 0.00282294 -0.00409036
v 0.05050564 0.00925542 -0.00356944
v 0.05059038 0.00079229 -0.00778350
v 0.05057045 0.00924410 -0.00814087
v 0.05081150 0.00936100 -0.01632418
v 0.05047188 -0.00953985 -0.00830788
v 0.05082676 0.00109307 -0.01723278
v 0.05066889 -0.00991380 -0.01694813
v 0.05037441 -0.00950672 0.00121810
v 0.05038362 -0.00012472 0.00367020
v 0.05030202 0.00923602 0.00441589
v 0.05017541 0.00040938 0.01792070
v 0.05014594 0.00935807 0.01909695
v 0.05000323 0.00917865 0.02899368
v 0.05007151 0.00054600 0.02754318
v 0.04990505 0.00730745 0.04088525
v 0.04985215 0.00922188 0.04405554
v 0.04988234 -0.00049896 0.04957419
v 0.04987315 0.00924909 0.05869074
v 0.04985220 -0.00458772 0.05263000
v 0.04990447 -0.00922610 0.04014912
v 0.05004856 -0.00923618 0.03111522
v 0.05013799 -0.00997860 0.01713238
v 0.05043971 -0.01003461 -0.00200664
v 0.04991196 -0.00988566 0.04798226
v 0.04995761 -0.00414730 0.06576652
v 0.04992658 0.00877362 0.06555596
v 0.04991645 0.00872337 0.07729342
v 0.04992958 -0.00930614 0.07800713
v 0.04997412 -0.00943085 0.06527466
v 0.04985115 -0.00933297 0.08179312
v 0.04979480 0.00909076 0.08285057
v 0.05090768 0.00937469 -0.02651379
v 0.05090002 0.00251584 -0.05330723
v 0.05081213 0.00261715 -0.06646191
v 0.05080282 -0.00211977 -0.06315922
v 0.05079060 -0.00523657 -0.05718157
v 0.05095629 0.00104687 -0.04343429
v 0.05070578 -0.00963146 -0.02491062
v 0.05091083 -0.00004595 -0.03085052
v 0.05079246 -0.00622142 -0.03568043
v 0.05074813 -0.00946606 -0.04471189
v 0.05064922 -0.00946082 -0.06835589
v 0.05055121 -0.00946407 -0.08436664
v 0.05072257 -0.00316246 -0.07759991
v 0.05070805 -0.00354781 -0.08506642
v 0.05071851 0.00529038 -0.07815186
v 0.05070880 0.00495283 -0.08464649
v 0.05077687 0.00879422 -0.07136160
v 0.05064065 0.00882738 -0.08301879
v 0.05084955 0.00931591 -0.05714747
v 0.05095126 0.00925556 -0.04546270
v 0.05092152 0.00925849 -0.03755941
v 0.05062030 0.00241850 -0.08714644
v 0.05048807 0.00925629 -0.08694142
v 0.05000211 0.00933957 0.06934928
v 0.05039842 -0.00955115 -0.08715169
v 0.05053179 -0.00363684 -0.08753175
v 0.04970781 -0.00935853 0.08330610
v 0.05014039 -0.01005836 0.03018465
v 0.05077837 -0.01027437 -0.05573994
v 0.05069888 -0.01020028 -0.07226018
v 0.05066571 -0.01059445 -0.08631785
v 0.05082343 -0.01018077 -0.03252216
v 0.05088629 0.00961887 -0.07042251
v 0.05075774 0.00977885 -0.08525274
v 0.04947063 0.00512540 0.08447488
v 0.04950472 0.00916385 0.08468467
v 0.05008511 -0.00992760 0.06696485
v 0.04998651 -0.00996620 0.08323790
v 0.05002332 -0.01000159 -0.08878235
v 0.04938358 -0.00947195 0.08467914
v 0.05086716 -0.01057539 -0.06372887
v 0.05026010 0.00008082 -0.08864451
v 0.05071988 -0.01031360 -0.00829226
v 0.04994791 0.00950354 0.04955284
v 0.04994012 0.00947450 0.08456212
v 0.04863701 -0.00979385 0.08625436
v 0.04862555 -0.00561632 0.08630558
v 0.04859388 0.00015299 0.08621964
v 0.04873175 0.00915175 0.08628327
v 0.05011964 -0.01017272 0.05167338
v 0.05088163 0.00972966 -0.00451839
v 0.05128817 0.00963156 -0.04374314
v 0.05035819 0.00956185 0.01766973
v 0.05054812 -0.01027428 0.01254385
v 0.02330376 0.02566029 0.06352644
v 0.02201933 0.02558967 0.06371430
v 0.02322283 0.02607108 0.06367841
v 0.02168611 0.02450575 0.06228482
v 0.02271477 0.02651038 0.06477439
v 0.02165352 0.02632534 0.06426643
v 0.02269013 0.02465610 0.06264383
v 0.02419019 0.02500083 0.06188054
v 0.02139091 0.02565026 0.06340810
v 0.02069326 0.02552037 0.06243590
v 0.02064245 0.01971123 0.04637871
v 0.02202735 0.02018960 0.04886756
v 0.02130375 0.01935634 0.04541572
v 0.02085507 0.02111767 0.05164663
v 0.02168287 0.02215873 0.05596481
v 0.02100113 0.02262077 0.05709942
v 0.02300364 0.02123968 0.05284041
v 0.02278178 0.01936315 0.04540183
v 0.02387758 0.02036489 0.04930231
v 0.02438092 0.02230170 0.05579436
v 0.02358813 0.02367814 0.05993836
v 0.02199442 0.02367547 0.06040730
v 0.02773268 0.02163792 0.05154647
v 0.02730647 0.02017816 0.04661884
v 0.02477601 0.01967021 0.04542041
v 0.02776675 0.02311190 0.05647284
v 0.02542475 0.02425980 0.06010167
v 0.02757439 0.02486170 0.06099742
v 0.02053843 0.02364675 0.05951277
v 0.02651799 0.01936618 0.04192126
v 0.02940210 0.02291293 0.05619218
v 0.02145806 0.01900760 0.04255731
v 0.02855989 0.02015411 0.04700466
v 0.02953351 0.02100436 0.05019607
v 0.02856164 0.01923226 0.04359405
v 0.02791379 0.01852506 0.03964268
v 0.02356780 0.01898252 0.03869667
v 0.02457606 0.01885296 0.03768336
v 0.02052096 0.01911494 0.04319364
v 0.02211807 0.01865042 0.03525669
v 0.02384676 0.01831985 0.03353343
v 0.02000188 0.01883006 0.03865820
v 0.02637810 0.01805509 0.03480194
v 0.02967864 0.02372618 0.05859120
v 0.02037866 0.01855929 0.03069052
v 0.01846276 0.01855515 0.03361196
v 0.01832294 0.01843291 0.03088492
v 0.02896251 0.02477089 0.06148021
v 0.02679627 0.02558650 0.06280423
v 0.02555369 0.02544337 0.06189099
v 0.01962520 0.01848294 0.02714882
v 0.01801803 0.01839732 0.02575468
v 0.01988880 0.01835168 0.02581471
v 0.01865076 0.01810478 0.02148912
v 0.01848287 0.01908381 0.03862849
v 0.01709051 0.01813997 0.01818477
v 0.02423948 0.01766156 0.03084495
v 0.02218090 0.01797687 0.02924222
v 0.01716738 0.01862240 0.02615445
v 0.01735370 0.01775459 0.01544121
v 0.01992853 0.01791804 0.02291484
v 0.02004280 0.02249173 0.05571962
v 0.01542819 0.01784529 0.01136924
v 0.02889782 0.02500593 0.06313953
v 0.02574088 0.01686961 0.02965425
v 0.02988053 0.02211758 0.05412247
v 0.02363099 0.01651806 0.02613847
v 0.01591166 0.01851396 0.01745574
v 0.02540791 0.02616059 0.06307414
v 0.02577017 0.02617688 0.06511292
v 0.02714228 0.01740278 0.03358819
v 0.02986847 0.01968953 0.04727700
v 0.03001777 0.02426982 0.06123764
v 0.02591004 0.01571141 0.02645099
v 0.02437823 0.01476289 0.02193672
v 0.03068734 0.02320605 0.05915831
v 0.01915213 0.02008787 0.04492212
v 0.02018643 0.02060188 0.04879059
v 0.01912633 0.02167291 0.05064230
v 0.02412989 0.02617122 0.06252316
v 0.01704958 0.01714228 0.01172682
v 0.01395052 0.01795488 0.00845814
v 0.01707894 0.01913023 0.03253689
v 0.02885370 0.02495202 0.06454382
v 0.01818921 0.01730802 0.01558864
v 0.01987146 0.01722075 0.01986717
v 0.02288694 0.01651221 0.02472579
v 0.01857088 0.02290630 0.05406128
v 0.01548505 0.01705385 0.00846479
v 0.02711286 0.01588340 0.02904798
v 0.01572547 0.01916560 0.02204403
v 0.01762968 0.01993367 0.04010735
v 0.02942924 0.01819680 0.04206963
v 0.02319931 0.01396721 0.01677810
v 0.02552668 0.01403000 0.02192965
v 0.02129755 0.01547749 0.01785684
v 0.02053815 0.01496128 0.01486353
v 0.03072596 0.02079681 0.05183537
v 0.01432086 0.01909777 0.01379768
v 0.02202476 0.01319087 0.01263099
v 0.01933451 0.01452378 0.01200970
v 0.01383076 0.01688507 0.00632105
v 0.02091303 0.01281680 0.01054710
v 0.02044431 0.02454360 0.06103562
v 0.01389129 0.01875421 0.01040937
v 0.01555745 0.01607021 0.00678852
v 0.01813206 0.02363443 0.05509458
v 0.03049386 0.02391273 0.06357727
v 0.02407848 0.02717191 0.06318394
v 0.02817385 0.01696566 0.03476113
v 0.01695439 0.02331188 0.05048123
v 0.01693266 0.02217730 0.04583558
v 0.02409619 0.02745437 0.06469867
v 0.02263163 0.01274888 0.01275512
v 0.01914444 0.02454546 0.05890077
v 0.01641056 0.02053744 0.03734628
v 0.01475965 0.01551851 0.00543089
v 0.02860967 0.02417967 0.06682473
v 0.01354886 0.01558269 0.00480300
v 0.02411608 0.02706700 0.06595792
v 0.02585873 0.02502145 0.06779636
v 0.02409391 0.02605410 0.06788999
v 0.01440332 0.01410982 0.00391958
v 0.01289825 0.01291401 0.00231590
v 0.01163882 0.01335073 0.00218031
v 0.03055877 0.02292338 0.06570753
v 0.02538489 0.02204880 0.07250755
v 0.02835882 0.02294967 0.06890178
v 0.02350536 0.02352954 0.07222803
v 0.02594156 0.02064315 0.07463763
v 0.02818236 0.01860654 0.07599373
v 0.02862121 0.02027329 0.07223831
v 0.03012660 0.01698792 0.07612209
v 0.03044127 0.01836535 0.07288075
v 0.03041594 0.01976157 0.07059500
v 0.03032530 0.02197491 0.06773329
v 0.02187901 0.02727508 0.06423566
v 0.02113898 0.02738611 0.06281255
v 0.02238849 0.02749677 0.06332884
v 0.02140011 0.02793078 0.06247136
v 0.02304795 0.02761220 0.06271288
v 0.02051248 0.02763822 0.06190704
v 0.02070152 0.02653618 0.06257111
v 0.02165352 0.02632534 0.06426643
v 0.02271477 0.02651038 0.06477439
v 0.02139091 0.02565026 0.06340810
v 0.02069326 0.02552037 0.06243590
v 0.00095210 0.03850370 0.09260091
v 0.00046337 0.03995887 0.09303303
v 0.00071652 0.03873239 0.09191347
v 0.00089615 0.03797391 0.09180867
v 0.00119937 0.03928589 0.09331525
v 0.00039347 0.03756461 0.09119487
v 0.00083901 0.04059052 0.09349651
v 0.00074977 0.04191278 0.09352259
v 0.00133967 0.04068958 0.09382537
v 0.00080828 0.04218387 0.09392411
v 0.00243582 0.03740430 0.09224233
v -0.00109631 0.04262157 0.09392888
v 0.01107312 -0.01975360 0.06189954
v 0.01149765 -0.01930694 0.06238093
v 0.01096882 -0.01885389 0.06122751
v 0.01095457 -0.02031945 0.06327547
v 0.01190183 -0.01978943 0.06378738
v 0.01175451 -0.01852791 0.06142171
v 0.01108707 -0.02102647 0.06609697
v 0.01022492 -0.02163607 0.06540748
v 0.00995876 -0.02212797 0.06741624
v 0.01037964 -0.02209908 0.06812138
v 0.00826382 -0.02378003 0.06897461
v 0.01125862 -0.02201345 0.06856626
v 0.00879628 -0.02384578 0.07173671
v 0.00787259 -0.02400749 0.07050003
v 0.00506872 -0.02521718 0.07173681
v 0.01065757 -0.01807193 0.06037774
v 0.00722299 -0.02465553 0.06924222
v 0.00885899 -0.02355326 0.06741675
v 0.00491602 -0.02582428 0.07044417
v 0.01041473 -0.02192384 0.06376978
v 0.00657223 -0.02583737 0.06902225
v 0.00894114 -0.02429395 0.06671064
v 0.01085469 -0.01922868 0.06040909
v 0.01150413 -0.02024488 0.06020804
v 0.01087357 -0.02339956 0.06219018
v 0.01003326 -0.02367465 0.06424035
v 0.00912051 -0.02500953 0.06637485
v 0.01164398 -0.02290419 0.06025058
v 0.01216548 -0.02093307 0.05806515
v 0.01247876 -0.02244001 0.05823080
v 0.01096882 -0.01885389 0.06122751
v 0.01065757 -0.01807193 0.06037774
v 0.01050781 -0.01900407 0.06061959
v 0.00937717 -0.01917574 0.06058719
v 0.00620055 -0.02021297 0.06248034
v 0.00775090 -0.01933967 0.06156811
v 0.00563635 -0.01972876 0.06296046
v 0.00350398 -0.02113139 0.06475894
v 0.00410359 -0.01989245 0.06387555
v 0.00287376 -0.02079799 0.06517321
v 0.00070402 -0.02172694 0.06690463
v 0.00106083 -0.02110719 0.06650851
v -0.00040160 -0.02175263 0.06789652
v 0.00709626 -0.01866512 0.06161379
v -0.00067139 -0.02134455 0.06784093
v 0.00909691 -0.01884599 0.06099971
v -0.00111445 -0.02259789 0.06945082
v -0.00127990 -0.02183577 0.06910967
v 0.00120664 -0.02044842 0.06544290
v 0.00765068 -0.01820328 0.06085127
v -0.00178935 -0.02119293 0.06825333
v 0.00327685 -0.01950177 0.06341085
v 0.00497394 -0.01869944 0.06177235
v -0.00312576 -0.02150821 0.07041957
v -0.00194654 -0.02271246 0.07149184
v -0.00299260 -0.02291121 0.07349361
v -0.01515600 -0.02508360 0.09396390
v -0.01484788 -0.02419648 0.09395683
v -0.01478247 -0.02443025 0.09317509
v 0.01096882 -0.01885389 0.06122751
v 0.01050781 -0.01900407 0.06061959
v 0.01085469 -0.01922868 0.06040909
v 0.01059408 -0.01949873 0.05703099
v 0.00937717 -0.01917574 0.06058719
v 0.01112452 -0.01939416 0.05696857
v 0.01124702 -0.01950683 0.04706568
v 0.01197754 -0.01940626 0.05409859
v 0.01198926 -0.01947420 0.04662478
v 0.01142776 -0.01996938 0.04098889
v 0.01220354 -0.01999453 0.03674372
v 0.01194822 -0.02006422 0.03581195
v 0.01236051 -0.02059860 0.03094457
v 0.01110927 -0.02057907 0.03144131
v 0.01145550 -0.02071322 0.02986370
v 0.01142222 -0.02111728 0.02714564
v 0.01204170 -0.02112743 0.02667864
v 0.01200467 -0.02176294 0.02412465
v 0.00216817 -0.02501725 0.04723422
v 0.00322997 -0.02520658 0.04130975
v 0.00379387 -0.02498300 0.04344659
v 0.00533119 -0.02501466 0.03731319
v 0.00226778 -0.02468639 0.05084385
v 0.00387687 -0.02392876 0.05179277
v 0.00564873 -0.02445248 0.04108121
v 0.00432764 -0.02445098 0.04581332
v 0.00185374 -0.02436908 0.06036699
v 0.00100980 -0.02476728 0.05921411
v 0.00051246 -0.02501154 0.06314644
v -0.00068156 -0.02549691 0.06382464
v 0.00415617 -0.02330024 0.05831251
v 0.00685351 -0.02434551 0.03576086
v 0.00614824 -0.02485241 0.03170617
v 0.00734471 -0.02436591 0.03181174
v 0.00740415 -0.02443301 0.02854497
v 0.00214061 -0.02394892 0.06227204
v 0.00655657 -0.02228735 0.05071423
v 0.00962290 -0.02002614 0.05591555
v 0.00656923 -0.02177555 0.05813602
v 0.00575914 -0.02318056 0.04782422
v 0.00929917 -0.02062099 0.04825384
v 0.00770157 -0.02203054 0.04512164
v 0.00858332 -0.02032481 0.05833452
v 0.00887746 -0.02344800 0.02878129
v 0.00923742 -0.02360186 0.02637761
v 0.00842537 -0.02410675 0.02517828
v 0.00990184 -0.02349208 0.02317333
v 0.01144579 -0.02247476 0.02239226
v 0.01204737 -0.02234306 0.02001268
v 0.01021099 -0.02068150 0.03937532
v 0.00855860 -0.02188835 0.03869186
v 0.00906020 -0.02167882 0.03378389
v 0.01016708 -0.02152856 0.02966607
v 0.00659214 -0.02322816 0.04384014
v 0.00796125 -0.02362714 0.03299615
v 0.00759116 -0.02041093 0.06042327
v 0.00464193 -0.02204950 0.06222567
v 0.00154057 -0.02387337 0.06425555
v 0.01150940 -0.02170361 0.02462677
v 0.00008611 -0.02518638 0.06582025
v -0.00104781 -0.02584387 0.06675073
v -0.00017269 -0.02525070 0.06829446
v -0.00076871 -0.02583112 0.07018648
v -0.00175887 -0.02648068 0.07189327
v -0.00081238 -0.02608274 0.07465614
v 0.00936161 -0.02355976 0.02197446
v 0.01140620 -0.02248589 0.01914032
v 0.00620055 -0.02021297 0.06248034
v 0.00199312 -0.02266145 0.06560786
v 0.00419085 -0.02152284 0.06373399
v 0.01202705 -0.02222649 0.01746384
v 0.01227412 -0.02227252 0.02116117
v 0.00082348 -0.02368708 0.06538514
v -0.00127808 -0.02668754 0.07479227
v 0.00034911 -0.02463094 0.06601413
v -0.00030344 -0.02288629 0.06695025
v 0.00350398 -0.02113139 0.06475894
v 0.00070402 -0.02172694 0.06690463
v -0.00040160 -0.02175263 0.06789652
v 0.02743482 -0.01652616 0.04992962
v 0.02528157 -0.01571146 0.04882287
v 0.02623549 -0.01645623 0.04511008
v 0.02661041 -0.01610549 0.05161940
v 0.02826020 -0.01672128 0.05268865
v -0.00055302 -0.03244393 0.09426280
v -0.00046859 -0.03354493 0.09325405
v -0.00098991 -0.02978604 0.09414338
v -0.00102011 -0.02995764 0.09485836
v -0.00166357 -0.02735135 0.09474039
v 0.02867623 0.01875389 0.09196844
v 0.02694860 0.02114889 0.09196691
v 0.02787215 0.01967901 0.09141259
v 0.02674510 0.02121665 0.09139750
v 0.02538882 0.02307889 0.09195014
v -0.00046859 -0.03354493 0.09325405
v -0.00021166 -0.03470958 0.09326161
v -0.00049072 -0.03329301 0.09198263
v -0.00088006 -0.03310109 0.09246544
v -0.00157534 -0.03267566 0.09185692
v 0.00129770 -0.02672767 0.07284490
v -0.00072082 -0.02673957 0.07457577
v -0.00028771 -0.02632794 0.07444760
v 0.00146519 -0.02638740 0.07288153
v 0.00363617 -0.02578547 0.07172651
v -0.00081238 -0.02608274 0.07465614
v -0.00127808 -0.02668754 0.07479227
v 0.04152770 0.01661896 0.09089823
v 0.04248257 0.01436007 0.09095161
v 0.04262154 0.01443679 0.08930960
v 0.04107554 0.01770799 0.08931028
v 0.04331585 0.01229002 0.09090318
v 0.04335356 0.01252489 0.08935131
v 0.04418934 0.00994672 0.09085833
v 0.04411588 0.01028156 0.08959171
v 0.03932592 0.02098877 0.08944041
v 0.03950453 0.02055984 0.09091086
v 0.03825085 0.02279200 0.09077078
v 0.03866570 0.02232425 0.08927657
v 0.03664605 0.02578483 0.08917679
v 0.03628078 0.02621196 0.09017805
v 0.03658988 0.02533581 0.09100143
v 0.03764523 0.02239719 0.09172917
v 0.04012192 0.01951506 0.08919439
v 0.04453994 0.00972360 0.08948248
v 0.04485514 0.00714775 0.09092078
v 0.04515914 0.00733145 0.08961843
v 0.04536287 0.00198261 0.09083707
v 0.04553503 0.00177024 0.08968163
v 0.04546340 -0.00521604 0.08972963
v 0.04516175 0.00907908 0.08954236
v 0.04630816 0.00948857 0.08976700
v 0.04182010 0.01612461 0.08928646
v 0.04059833 0.01811674 0.09118524
v 0.04553503 0.00177024 0.08968163
v 0.04553051 -0.00914944 0.08966221
v 0.04630816 0.00948857 0.08976700
vt 0.99389249 0.87840211
vt 0.98820132 0.87752414
vt 0.98004884 0.87840211
vt 0.27565145 0.24275684
vt 0.26587948 0.24275678
vt 0.27072287 0.24363476
vt 0.37103355 0.29997128
vt 0.39262113 0.29427135
vt 0.39266011 0.25847811
vt 0.36545449 0.26370263
vt 0.34930849 0.28830290
vt 0.34913370 0.26124978
vt 0.34977159 0.30235660
vt 0.34996983 0.33890951
vt 0.37687731 0.33735526
vt 0.36726713 0.37465400
vt 0.35005882 0.36594439
vt 0.36297020 0.38883048
vt 0.39343858 0.37863475
vt 0.36319134 0.41537786
vt 0.35996291 0.23103404
vt 0.39162818 0.21318591
vt 0.35205516 0.17758435
vt 0.34955940 0.22799122
vt 0.39359963 0.15202528
vt 0.36701787 0.16144627
vt 0.34903494 0.14712203
vt 0.36769828 0.13971883
vt 0.35516685 0.10948408
vt 0.34832579 0.06458282
vt 0.39064902 0.08943886
vt 0.35675722 0.08128363
vt 0.40252241 0.05663544
vt 0.35915828 0.05872571
vt 0.36299458 0.47597158
vt 0.40368542 0.47792971
vt 0.40321377 0.45755374
vt 0.39350399 0.43533176
vt 0.37640360 0.49475110
vt 0.35057732 0.55016828
vt 0.36421651 0.54796511
vt 0.35034809 0.50596821
vt 0.40332875 0.50594497
vt 0.40029475 0.54867923
vt 0.34991193 0.46420467
vt 0.35009158 0.39765912
vt 0.40319058 0.39978880
vt 0.40305051 0.34387922
vt 0.40301865 0.28893793
vt 0.40298423 0.25822562
vt 0.40282780 0.12824661
vt 0.40270856 0.19658589
vt 0.40282118 0.09087569
vt 0.40313789 0.06882572
vt 0.34922466 0.20891058
vt 0.36119851 0.55688941
vt 0.40369746 0.55600792
vt 0.35014412 0.55850381
vt 0.34864816 0.05468625
vt 0.37544018 0.05380470
vt 0.40411183 0.11666954
vt 0.40404907 0.40028322
vt 0.40235111 0.05243301
vt 0.34785533 0.05042088
vt 0.40341091 0.56316161
vt 0.37952083 0.56364226
vt 0.35038316 0.56415004
vt 0.34916395 0.37314606
vt 0.39343715 0.04728001
vt 0.40321124 0.04609305
vt 0.34731269 0.06427044
vt 0.34787899 0.13033849
vt 0.34873962 0.04691201
vt 0.40400413 0.33878082
vt 0.40431595 0.05797249
vt 0.40423068 0.18914855
vt 0.40101752 0.56911576
vt 0.35014594 0.56963438
vt 0.40431595 0.25953674
vt 0.40407127 0.22052145
vt 0.34985033 0.50702292
vt 0.40374854 0.57086366
vt 0.40410462 0.48848242
vt 0.34854463 0.29039168
vt 0.34814057 0.20717984
vt 0.39266899 0.57269573
vt 0.35005733 0.57292533
vt 0.40168697 0.57638282
vt 0.34894136 0.47199607
vt 0.94627714 0.26038694
vt 0.94474280 0.27945960
vt 0.94698960 0.27816617
vt 0.94923896 0.26578474
vt 0.94938415 0.25622070
vt 0.94772172 0.28643930
vt 0.94112891 0.27872729
vt 0.94301099 0.28926384
vt 0.93787676 0.30119836
vt 0.94143516 0.29881757
vt 0.94384480 0.30166137
vt 0.93941414 0.31327140
vt 0.93591458 0.31075227
vt 0.93682623 0.32659233
vt 0.94388312 0.31067276
vt 0.94147950 0.32468593
vt 0.94666928 0.29891694
vt 0.93821692 0.33480000
vt 0.93304461 0.34225237
vt 0.93677545 0.34569967
vt 0.93049556 0.35882378
vt 0.93559617 0.36349410
vt 0.94779712 0.34976548
vt 0.95139772 0.36181521
vt 0.94314694 0.33880025
vt 0.94889033 0.33540195
vt 0.95976204 0.33831096
vt 0.95284247 0.32147658
vt 0.95805275 0.35361457
vt 0.96106774 0.31762147
vt 0.95328397 0.31133455
vt 0.95729774 0.37338352
vt 0.94970536 0.37374038
vt 0.94348097 0.37389171
vt 0.94511735 0.32971430
vt 0.95171273 0.30434167
vt 0.95254141 0.26526928
vt 0.94779563 0.31515890
vt 0.95421916 0.25129277
vt 0.95119107 0.24880135
vt 0.95317459 0.24067181
vt 0.95787543 0.23968041
vt 0.93026018 0.37281543
vt 0.95147783 0.28093517
vt 0.96822476 0.30656707
vt 0.96417165 0.29282773
vt 0.96830672 0.32000685
vt 0.97443521 0.30796289
vt 0.97118711 0.29691809
vt 0.95769536 0.28817654
vt 0.96497297 0.27561975
vt 0.95915449 0.27682221
vt 0.96762890 0.27470028
vt 0.96464425 0.24522686
vt 0.96987927 0.25371522
vt 0.96152794 0.26341963
vt 0.97907043 0.29606390
vt 0.96428400 0.34783512
vt 0.97597623 0.28428602
vt 0.97660846 0.31763947
vt 0.98158348 0.30255663
vt 0.97051257 0.33229023
vt 0.96941930 0.24405408
vt 0.94910294 0.23785287
vt 0.98407590 0.28297079
vt 0.98034787 0.28228545
vt 0.98338532 0.26759768
vt 0.98824877 0.26553667
vt 0.98264295 0.25770557
vt 0.97037023 0.26694655
vt 0.93884575 0.39176464
vt 0.93447649 0.38364315
vt 0.96060389 0.22786021
vt 0.95224196 0.23072785
vt 0.93492162 0.39079738
vt 0.98818451 0.25173700
vt 0.99008894 0.24646652
vt 0.98299259 0.24829519
vt 0.97786176 0.26675195
vt 0.95235592 0.37716711
vt 0.97001821 0.22668552
vt 0.97199696 0.21886319
vt 0.97809452 0.22015905
vt 0.97719991 0.20619613
vt 0.98184919 0.20571506
vt 0.98474926 0.19483781
vt 0.98674089 0.20348406
vt 0.98757827 0.21832412
vt 0.99143124 0.21876240
vt 0.98863286 0.23122698
vt 0.98085791 0.23908061
vt 0.98761714 0.24608004
vt 0.97291112 0.23293108
vt 0.99106014 0.19178790
vt 0.92798269 0.38097894
vt 0.92138803 0.36994076
vt 0.99315023 0.23940462
vt 0.99559760 0.22938985
vt 0.97600663 0.25520486
vt 0.92361647 0.39464021
vt 0.92099297 0.38667846
vt 0.91602653 0.39620650
vt 0.90511161 0.38828981
vt 0.90665257 0.37899429
vt 0.90297151 0.37920195
vt 0.91656196 0.37803894
vt 0.91052526 0.37045610
vt 0.91489869 0.36839926
vt 0.90466994 0.36893630
vt 0.89843822 0.37443709
vt 0.89683127 0.36550552
vt 0.89973187 0.36187398
vt 0.89560664 0.35108632
vt 0.89243984 0.35385132
vt 0.91014940 0.36256379
vt 0.92675602 0.40195823
vt 0.88920540 0.34470385
vt 0.89124894 0.33574682
vt 0.88494724 0.33468938
vt 0.88653415 0.32548785
vt 0.91496110 0.36127734
vt 0.91262877 0.39680517
vt 0.89392686 0.36774540
vt 0.90315861 0.35871994
vt 0.89122641 0.32296312
vt 0.88649470 0.29409724
vt 0.88239646 0.29354733
vt 0.88142771 0.33065552
vt 0.87978262 0.28680885
vt 0.88335687 0.27329504
vt 0.87716347 0.27040231
vt 0.87996435 0.26272571
vt 0.87576962 0.26015306
vt 0.88058275 0.24576157
vt 0.87640142 0.28021801
vt 0.87153250 0.27177835
vt 0.87627351 0.24021560
vt 0.86843097 0.27836430
vt 0.88083529 0.23167294
vt 0.88579625 0.23467290
vt 0.88375783 0.24778479
vt 0.88998413 0.23980510
vt 0.88475710 0.25671446
vt 0.88791859 0.22990102
vt 0.89598906 0.25123155
vt 0.89485204 0.24492514
vt 0.89909863 0.24389368
vt 0.89068466 0.25833160
vt 0.88780057 0.27290118
vt 0.87782174 0.31564391
vt 0.87939823 0.33064353
vt 0.87476331 0.31402159
vt 0.87044472 0.31368196
vt 0.88419753 0.22385180
vt 0.87309867 0.25031483
vt 0.89743769 0.23386675
vt 0.92796522 0.35566175
vt 0.92037237 0.36200392
vt 0.94764394 0.24476808
vt 0.92250931 0.40674341
vt 0.90051466 0.23755419
vt 0.88741678 0.35223544
vt 0.89009297 0.36348450
vt 0.96827692 0.21301711
vt 0.93105173 0.33876210
vt 0.94138974 0.24739528
vt 0.94275510 0.25108975
vt 0.87084246 0.25168735
vt 0.91534889 0.40583575
vt 0.93283927 0.40341669
vt 0.88236350 0.34353024
vt 0.87982643 0.33510959
vt 0.99072546 0.28236818
vt 0.90688235 0.39500004
vt 0.98631608 0.29005772
vt 0.96060240 0.36961883
vt 0.87602031 0.22682214
vt 0.96048689 0.20738268
vt 0.91028976 0.35573351
vt 0.89873314 0.38265014
vt 0.97625762 0.19753909
vt 0.98549253 0.19011319
vt 0.96637958 0.20158738
vt 0.94373494 0.39498758
vt 0.89444876 0.26129520
vt 0.89327198 0.37333071
vt 0.87267482 0.23617756
vt 0.92834383 0.33753341
vt 0.90660775 0.24214631
vt 0.87994552 0.21736443
vt 0.89006484 0.22473490
vt 0.88839227 0.21046555
vt 0.89415759 0.22990775
vt 0.90182453 0.22495699
vt 0.90198630 0.21763682
vt 0.91348189 0.22149491
vt 0.90787923 0.22842795
vt 0.91480237 0.21065372
vt 0.90976804 0.19819593
vt 0.90010870 0.20734793
vt 0.98659188 0.18584538
vt 0.93382156 0.32313502
vt 0.89696956 0.34734166
vt 0.90133876 0.19354773
vt 0.92303526 0.19924331
vt 0.91794527 0.18310523
vt 0.92936891 0.19762337
vt 0.93194222 0.21151644
vt 0.93761760 0.20156789
vt 0.92859036 0.18297660
vt 0.93655735 0.18629742
vt 0.94345212 0.19160146
vt 0.94281155 0.20223594
vt 0.94079429 0.20726359
vt 0.93894756 0.21127480
vt 0.94105726 0.21190941
vt 0.93957531 0.21567446
vt 0.93106735 0.22096127
vt 0.94336307 0.18369263
vt 0.93116379 0.17689568
vt 0.94108146 0.21480942
vt 0.95939285 0.37516201
vt 0.95446461 0.38152874
vt 0.94346094 0.17706561
vt 0.92355019 0.21731740
vt 0.90818894 0.18458176
vt 0.95741040 0.19369036
vt 0.91601813 0.17443496
vt 0.92521203 0.22601444
vt 0.90036446 0.34686381
vt 0.96780306 0.18309259
vt 0.96036422 0.18096083
vt 0.91416597 0.22794783
vt 0.95598161 0.21289444
vt 0.99197221 0.26601505
vt 0.90460205 0.17606384
vt 0.87062687 0.31671107
vt 0.93540889 0.41049111
vt 0.94323373 0.40556765
vt 0.97063988 0.34224415
vt 0.95355433 0.20548487
vt 0.96641576 0.16700429
vt 0.89553344 0.20751202
vt 0.91209215 0.34715956
vt 0.90935057 0.34683549
vt 0.91193891 0.33372676
vt 0.90940297 0.34031832
vt 0.91001666 0.32639432
vt 0.91133243 0.32140028
vt 0.91707879 0.41231138
vt 0.88610351 0.35876131
vt 0.90846646 0.23954397
vt 0.98169762 0.31647241
vt 0.98815590 0.29914725
vt 0.97807157 0.33111393
vt 0.92557347 0.41532958
vt 0.89545375 0.37945080
vt 0.90788704 0.25790256
vt 0.90502197 0.25559556
vt 0.90963167 0.25495279
vt 0.94347656 0.17080224
vt 0.93071377 0.17038637
vt 0.90817636 0.26891804
vt 0.90878940 0.40375912
vt 0.95371389 0.18073368
vt 0.99571055 0.21277630
vt 0.90092212 0.18476927
vt 0.95077127 0.39656997
vt 0.91135865 0.26726961
vt 0.91194564 0.27410328
vt 0.92000717 0.26790822
vt 0.91669017 0.27400231
vt 0.91323060 0.28313756
vt 0.91068769 0.29023635
vt 0.90884757 0.27977800
vt 0.91312343 0.29657161
vt 0.91287172 0.31670541
vt 0.90936834 0.30666673
vt 0.92661941 0.26572812
vt 0.91511971 0.28966844
vt 0.92369592 0.26283765
vt 0.93097985 0.25951302
vt 0.91553938 0.26499128
vt 0.91913676 0.27736175
vt 0.91366029 0.33340466
vt 0.91486472 0.30647504
vt 0.90294236 0.39378500
vt 0.91454077 0.34710610
vt 0.91029412 0.24694330
vt 0.91193354 0.26233453
vt 0.86943108 0.24273121
vt 0.93572122 0.25417089
vt 0.86698866 0.26555055
vt 0.89538127 0.18950534
vt 0.89357269 0.18342042
vt 0.91159099 0.41202033
vt 0.89404607 0.32588685
vt 0.95002043 0.18834805
vt 0.95018816 0.22045565
vt 0.98022205 0.18487591
vt 0.86587882 0.27406573
vt 0.87827432 0.33309084
vt 0.89157242 0.27378738
vt 0.89102489 0.29360133
vt 0.97284752 0.19247824
vt 0.97776771 0.17873079
vt 0.92429006 0.35422087
vt 0.93187213 0.26278412
vt 0.90828025 0.31219137
vt 0.92684162 0.27756679
vt 0.98939830 0.18000352
vt 0.90021449 0.25680131
vt 0.93912250 0.25631034
vt 0.93941206 0.26773906
vt 0.99826747 0.25530183
vt 0.96975183 0.17349297
vt 0.99523818 0.19593483
vt 0.95421290 0.16841733
vt 0.94800431 0.19722879
vt 0.94236952 0.16570020
vt 0.92215294 0.16804790
vt 0.90756732 0.17105466
vt 0.94185579 0.41418839
vt 0.91494066 0.31684142
vt 0.97339803 0.16863072
vt 0.90530962 0.26925004
vt 0.90827203 0.33454525
vt 0.90477341 0.35070646
vt 0.98449540 0.17787546
vt 0.97235960 0.35125709
vt 0.93481743 0.41966045
vt 0.86914223 0.23312879
vt 0.87440515 0.22059441
vt 0.87651289 0.21118104
vt 0.89512122 0.17659837
vt 0.93602544 0.29418612
vt 0.88749284 0.36675799
vt 0.88241351 0.20720482
vt 0.92298108 0.29457986
vt 0.98407060 0.32488501
vt 0.92142689 0.41907501
vt 0.90501487 0.40312147
vt 0.88673955 0.19724572
vt 0.99739158 0.27044618
vt 0.89759243 0.17250699
vt 0.86819220 0.31503332
vt 0.94669902 0.41172802
vt 0.88890815 0.18846124
vt 0.88682783 0.18009299
vt 0.91233772 0.41878319
vt 0.86566299 0.24873716
vt 0.95964128 0.39090693
vt 0.95872432 0.38155603
vt 0.87674874 0.33505172
vt 0.95228434 0.15920484
vt 0.96398818 0.15780264
vt 0.95767909 0.15766037
vt 0.96341270 0.15496051
vt 0.95225263 0.15723854
vt 0.94586527 0.15820312
vt 0.96658218 0.15517700
vt 0.96735483 0.15713984
vt 0.95532781 0.15496790
vt 0.89556271 0.38614994
vt 0.89224005 0.37769204
vt 0.91834766 0.33928823
vt 0.92900312 0.32529819
vt 0.92142874 0.31366193
vt 0.94061130 0.16164178
vt 0.93660444 0.27730674
vt 0.90619719 0.28021312
vt 0.93276888 0.30624390
vt 0.86998856 0.21578908
vt 0.87993461 0.19920975
vt 0.87679386 0.33095753
vt 0.87404829 0.31990540
vt 0.87097961 0.31851506
vt 0.92785853 0.42712903
vt 0.93134189 0.28174508
vt 0.95529991 0.40082097
vt 0.99959284 0.20736778
vt 0.91585302 0.16559738
vt 0.99663484 0.18814737
vt 0.87869591 0.34733027
vt 0.99959284 0.22563428
vt 0.90076357 0.16816109
vt 0.86582136 0.27946627
vt 0.88728285 0.17429531
vt 0.93747157 0.42521930
vt 0.92951262 0.22549188
vt 0.90126562 0.34059513
vt 0.88133484 0.35962629
vt 0.89858246 0.26161784
vt 0.89566714 0.26853621
vt 0.90711504 0.41384399
vt 0.98201400 0.17239368
vt 0.88099855 0.18766201
vt 0.92836738 0.29811388
vt 0.92674571 0.32314909
vt 0.91791409 0.32686794
vt 0.93749255 0.15831155
vt 0.94259655 0.15691483
vt 0.93837291 0.15660733
vt 0.90573317 0.34337264
vt 0.94818932 0.15598184
vt 0.87054604 0.32267296
vt 0.92446721 0.31145853
vt 0.89840937 0.39571905
vt 0.86399716 0.26230460
vt 0.93545640 0.22128010
vt 0.94617265 0.42561471
vt 0.88798696 0.37310100
vt 0.89189363 0.16983581
vt 0.87757611 0.18127584
vt 0.92669368 0.23005253
vt 0.90195388 0.27060330
vt 0.86629534 0.22161889
vt 0.87105531 0.19932318
vt 0.87527597 0.19388509
vt 0.87010723 0.18930215
vt 0.87859738 0.17615163
vt 0.89622223 0.32457948
vt 0.88453841 0.17127764
vt 0.89638448 0.27874362
vt 0.86115634 0.23067790
vt 0.89529848 0.29213905
vt 0.86167991 0.24486309
vt 0.86623162 0.19917446
vt 0.86128879 0.21847057
vt 0.90329051 0.27978718
vt 0.90558952 0.33244598
vt 0.87589502 0.17338872
vt 0.93628693 0.15720743
vt 0.89933580 0.32083058
vt 0.90023059 0.28718901
vt 0.19858924 0.82994837
vt 0.20621566 0.82395029
vt 0.18997313 0.83146280
vt 0.18755540 0.82149678
vt 0.17805040 0.82805979
vt 0.20036885 0.81517315
vt 0.21799447 0.81702423
vt 0.21685676 0.81125087
vt 0.17159386 0.82188332
vt 0.20038743 0.80855018
vt 0.22677751 0.80342752
vt 0.23012397 0.81144053
vt 0.17753325 0.81386733
vt 0.23558034 0.81409550
vt 0.24123698 0.80799681
vt 0.24271530 0.79714328
vt 0.25319380 0.79715085
vt 0.17460425 0.83994031
vt 0.16550831 0.83241028
vt 0.18715967 0.83644211
vt 0.23178044 0.79481143
vt 0.25443876 0.79149199
vt 0.16016327 0.81859237
vt 0.22046199 0.82015538
vt 0.22928527 0.81882763
vt 0.20903805 0.80243373
vt 0.24532057 0.81181765
vt 0.25254115 0.80451834
vt 0.15876138 0.84691721
vt 0.14494555 0.84457189
vt 0.14541861 0.85044801
vt 0.12284931 0.85112256
vt 0.11978925 0.85983920
vt 0.13137357 0.86346781
vt 0.14990208 0.85348040
vt 0.11045542 0.86593181
vt 0.11459790 0.87598002
vt 0.10875805 0.88002557
vt 0.10187520 0.87380666
vt 0.11420634 0.85295141
vt 0.10865705 0.86037999
vt 0.09583666 0.88137877
vt 0.14969608 0.83750719
vt 0.09880601 0.87022424
vt 0.16116142 0.82635731
vt 0.13007763 0.84363192
vt 0.14012802 0.83534282
vt 0.18797037 0.80783141
vt 0.16098453 0.84949642
vt 0.16849408 0.84616292
vt 0.10258384 0.88588607
vt 0.20622309 0.82915568
vt 0.22513026 0.79367018
vt 0.25880590 0.79789883
vt 0.26397401 0.78952312
vt 0.14067978 0.86140060
vt 0.13505252 0.86502093
vt 0.12593153 0.86963922
vt 0.10356627 0.85859138
vt 0.09091077 0.87352514
vt 0.25291595 0.78688687
vt 0.15510920 0.81826526
vt 0.14852640 0.82267076
vt 0.17492923 0.81005394
vt 0.14882657 0.85748982
vt 0.15787880 0.85417265
vt 0.20703802 0.79849380
vt 0.08948217 0.88427991
vt 0.19582991 0.83518213
vt 0.23928888 0.78641385
vt 0.09494808 0.89387023
vt 0.23380366 0.81904840
vt 0.11756181 0.84281266
vt 0.14263827 0.82891113
vt 0.18658118 0.84020716
vt 0.08192104 0.88316357
vt 0.26641694 0.79560554
vt 0.27585435 0.78786147
vt 0.25303048 0.81089538
vt 0.25599837 0.80808562
vt 0.26231781 0.80223274
vt 0.19444321 0.80181694
vt 0.22016852 0.78968686
vt 0.11073201 0.88187110
vt 0.15669216 0.81546509
vt 0.10792933 0.84724665
vt 0.26383650 0.78455001
vt 0.10518512 0.88715428
vt 0.10486530 0.89231855
vt 0.16532755 0.85079306
vt 0.21866690 0.82563233
vt 0.14131390 0.82378244
vt 0.09296971 0.85846132
vt 0.11863142 0.87662661
vt 0.08346976 0.89513999
vt 0.09044500 0.90243143
vt 0.09971568 0.90023750
vt 0.09689385 0.90588260
vt 0.11099260 0.90915233
vt 0.10659870 0.89926112
vt 0.11295138 0.91689360
vt 0.08434550 0.90450233
vt 0.12141842 0.91591668
vt 0.11623338 0.90753746
vt 0.12628536 0.91142249
vt 0.13999602 0.91665119
vt 0.10978097 0.89933860
vt 0.14124365 0.90816957
vt 0.13687988 0.92230713
vt 0.14966719 0.92210245
vt 0.16879337 0.92035562
vt 0.15460351 0.91402507
vt 0.17730726 0.91520315
vt 0.18522739 0.91981202
vt 0.20013171 0.91743994
vt 0.19231531 0.91238976
vt 0.18999325 0.92443055
vt 0.20390600 0.92203712
vt 0.16899872 0.90935612
vt 0.21568547 0.92145067
vt 0.21530977 0.91735184
vt 0.20979574 0.91283375
vt 0.17162240 0.92590308
vt 0.16318761 0.92660993
vt 0.12802368 0.90615952
vt 0.12683737 0.92140138
vt 0.23004135 0.91660947
vt 0.22812322 0.91384727
vt 0.24111253 0.90840054
vt 0.24586713 0.91424996
vt 0.24998787 0.90499830
vt 0.25252312 0.90940005
vt 0.25811926 0.90412861
vt 0.24672964 0.90004724
vt 0.24435529 0.90244269
vt 0.23380053 0.89737600
vt 0.23054087 0.89991790
vt 0.22702056 0.89725232
vt 0.22412743 0.89995325
vt 0.26341325 0.90761787
vt 0.23253147 0.92038423
vt 0.25154606 0.89732903
vt 0.21051759 0.92517024
vt 0.21913590 0.89673334
vt 0.21103784 0.89709902
vt 0.22875445 0.91041273
vt 0.25802326 0.91315120
vt 0.09537215 0.90976143
vt 0.10012577 0.91439515
vt 0.18876559 0.90417397
vt 0.20808707 0.90134728
vt 0.14858614 0.92720956
vt 0.07690630 0.89482325
vt 0.20834182 0.90793157
vt 0.11711700 0.90083563
vt 0.12577996 0.90218836
vt 0.13741909 0.90530419
vt 0.16849089 0.90517282
vt 0.11759640 0.89671427
vt 0.18636025 0.92810625
vt 0.20740680 0.89684951
vt 0.20753577 0.89200711
vt 0.20336533 0.89588052
vt 0.08527178 0.90895665
vt 0.21419139 0.89149666
vt 0.21829636 0.88645679
vt 0.20183553 0.93048692
vt 0.07713541 0.90508246
vt 0.22452173 0.92720407
vt 0.13145646 0.92484188
vt 0.12449232 0.89479530
vt 0.11543500 0.92213905
vt 0.24556230 0.91753274
vt 0.25594273 0.91719657
vt 0.10317478 0.89549690
vt 0.10412436 0.89801508
vt 0.11190502 0.89161426
vt 0.11190087 0.88822877
vt 0.12151390 0.88569224
vt 0.12046865 0.88830918
vt 0.12934642 0.88452113
vt 0.13134149 0.87881410
vt 0.13770086 0.88017553
vt 0.14157726 0.87643033
vt 0.15265669 0.87627882
vt 0.15100813 0.87243247
vt 0.16290885 0.86890310
vt 0.16210571 0.86713350
vt 0.17854530 0.86314327
vt 0.17641751 0.86178410
vt 0.18849906 0.86163622
vt 0.14674525 0.87026316
vt 0.16903867 0.86015707
vt 0.17796321 0.85948288
vt 0.19540256 0.85419917
vt 0.19817682 0.85623693
vt 0.21112373 0.84890497
vt 0.20833535 0.84724683
vt 0.21920063 0.84263992
vt 0.22611047 0.84326625
vt 0.22288033 0.84662879
vt 0.23085134 0.84439796
vt 0.24105278 0.83913881
vt 0.23861995 0.83674860
vt 0.25206804 0.83683586
vt 0.25968382 0.83270508
vt 0.25597280 0.83860779
vt 0.25533929 0.82620382
vt 0.22150552 0.83882350
vt 0.23965517 0.83349079
vt 0.26361907 0.83321309
vt 0.25824383 0.82862264
vt 0.26894084 0.82761097
vt 0.19636032 0.84980851
vt 0.18557809 0.85420656
vt 0.24490218 0.84029466
vt 0.25308993 0.84052020
vt 0.12062570 0.88187706
vt 0.22965601 0.83450168
vt 0.21081837 0.85373139
vt 0.28262398 0.83514220
vt 0.20769785 0.84410107
vt 0.07152880 0.88725644
vt 0.28701606 0.82707095
vt 0.07912306 0.87874144
vt 0.15813553 0.86459506
vt 0.10467801 0.91819650
vt 0.06979737 0.89468211
vt 0.26614538 0.80739796
vt 0.21330400 0.92951578
vt 0.25242800 0.82335073
vt 0.26914293 0.81907499
vt 0.28101143 0.81705046
vt 0.17495999 0.93082237
vt 0.06914859 0.89945543
vt 0.08156218 0.87085551
vt 0.26930055 0.79986721
vt 0.09832651 0.85256159
vt 0.26812571 0.81372780
vt 0.25286004 0.84229672
vt 0.25065991 0.78032070
vt 0.23200315 0.78325951
vt 0.16813575 0.90195942
vt 0.12785456 0.89662677
vt 0.13603909 0.89281189
vt 0.07826458 0.90983087
vt 0.18826318 0.93175811
vt 0.07901175 0.86307186
vt 0.09170216 0.91565037
vt 0.28389359 0.80870444
vt 0.13789307 0.92943639
vt 0.23746441 0.92705458
vt 0.26549736 0.78016758
vt 0.07191487 0.87149525
vt 0.06728742 0.88088691
vt 0.26874521 0.83549887
vt 0.07082896 0.90555102
vt 0.18629591 0.89804322
vt 0.08597232 0.85717046
vt 0.29323611 0.81640649
vt 0.29226857 0.83357316
vt 0.28466192 0.84633482
vt 0.29056779 0.84430206
vt 0.13308364 0.82882851
vt 0.16434452 0.93260092
vt 0.14846177 0.93285531
vt 0.27685371 0.77914214
vt 0.21665716 0.78417081
vt 0.29185560 0.81140631
vt 0.06354747 0.88868207
vt 0.14017975 0.89540792
vt 0.14427100 0.90008253
vt 0.15138267 0.88880092
vt 0.15675110 0.88914037
vt 0.17762640 0.88317847
vt 0.17442842 0.88556665
vt 0.16303429 0.89010173
vt 0.19620180 0.88235259
vt 0.19746587 0.88036865
vt 0.20769851 0.87934142
vt 0.20474617 0.87724912
vt 0.29589388 0.82971036
vt 0.29521689 0.82298321
vt 0.21344760 0.87495172
vt 0.06261672 0.89592767
vt 0.20069963 0.89212143
vt 0.27764225 0.79279774
vt 0.28413680 0.78630042
vt 0.27450961 0.80516821
vt 0.27716535 0.79934478
vt 0.06508821 0.90359008
vt 0.19335006 0.79725724
vt 0.17490591 0.80662179
vt 0.19903480 0.78475195
vt 0.29339778 0.80651122
vt 0.17585818 0.84712869
vt 0.11495037 0.83681828
vt 0.28194004 0.77984840
vt 0.28058171 0.77831429
vt 0.13093880 0.87451333
vt 0.06052085 0.88095975
vt 0.06944850 0.86314744
vt 0.06350929 0.87422860
vt 0.17869270 0.88690871
vt 0.24243000 0.81779283
vt 0.24519323 0.82316816
vt 0.25606313 0.81618619
vt 0.28970519 0.79954392
vt 0.12773496 0.87156105
vt 0.26808095 0.81186140
vt 0.18402508 0.84324288
vt 0.29845276 0.83098012
vt 0.29777050 0.83890921
vt 0.29597557 0.84348816
vt 0.29716143 0.85872680
vt 0.29816380 0.85063547
vt 0.22603247 0.83137918
vt 0.21330975 0.83544832
vt 0.20372888 0.84180611
vt 0.05532858 0.89213216
vt 0.20565954 0.88819605
vt 0.21033674 0.88588953
vt 0.16414410 0.89940035
vt 0.20620890 0.83262807
vt 0.18843262 0.84835017
vt 0.14532039 0.86665010
vt 0.14834669 0.86122280
vt 0.28852734 0.79511976
vt 0.18407628 0.85155362
vt 0.17295857 0.85461670
vt 0.05445442 0.88309842
vt 0.19401573 0.88492191
vt 0.17194931 0.89470667
vt 0.29822364 0.82775903
vt 0.28588921 0.79088330
vt 0.19505636 0.83887529
vt 0.15688050 0.86170065
vt 0.16390248 0.85859954
vt 0.19693086 0.84155124
vt 0.19643308 0.89084941
vt 0.20083444 0.88646990
vt 0.04600977 0.88620138
vt 0.05095312 0.89336514
vt 0.29166248 0.79966432
vt 0.28970629 0.79412496
vt 0.29401311 0.80893785
vt 0.21351981 0.87837523
vt 0.21751228 0.87571186
vt 0.20857179 0.88214320
vt 0.28330341 0.87699682
vt 0.27051169 0.87826902
vt 0.28099039 0.88799304
vt 0.26894909 0.88414401
vt 0.27235103 0.89430541
vt 0.29156327 0.89509958
vt 0.27837336 0.89858621
vt 0.29084992 0.88327450
vt 0.29189417 0.86970627
vt 0.25257751 0.88910884
vt 0.25963449 0.89647603
vt 0.27034888 0.90461862
vt 0.26572666 0.90060091
vt 0.27916893 0.86981022
vt 0.26732066 0.87096113
vt 0.25911337 0.87899774
vt 0.26249620 0.86988628
vt 0.28089622 0.90414661
vt 0.29242739 0.89845026
vt 0.24591388 0.89254445
vt 0.24867226 0.88694000
vt 0.24198671 0.89094889
vt 0.27169487 0.90986282
vt 0.23699777 0.89471495
vt 0.27546531 0.85728836
vt 0.26662078 0.85555363
vt 0.29141453 0.85953820
vt 0.25594580 0.87397617
vt 0.25873512 0.86427128
vt 0.24962141 0.87939805
vt 0.26510289 0.91211474
vt 0.28397581 0.85773307
vt 0.23176083 0.89437634
vt 0.25407225 0.85711056
vt 0.29827595 0.89232987
vt 0.29822364 0.89674228
vt 0.29348427 0.87972069
vt 0.29738602 0.88730693
vt 0.27573320 0.84847569
vt 0.26595518 0.84921551
vt 0.24608125 0.86966306
vt 0.24905525 0.85823405
vt 0.24167410 0.87037522
vt 0.23821791 0.87591839
vt 0.24625340 0.87327749
vt 0.24119046 0.87805319
vt 0.23252068 0.88222307
vt 0.23882177 0.89017648
vt 0.23756891 0.87275553
vt 0.23130970 0.87886906
vt 0.22501138 0.88626605
vt 0.22660345 0.88235569
vt 0.22130604 0.88641953
vt 0.21582519 0.89483243
vt 0.22402434 0.89104986
vt 0.26729187 0.91908407
vt 0.27549067 0.91512316
vt 0.28165296 0.91202974
vt 0.29092383 0.90396386
vt 0.23758203 0.88259089
vt 0.22982021 0.88852251
vt 0.25566861 0.84938598
vt 0.26107657 0.92239577
vt 0.29745379 0.87246656
vt 0.29082894 0.90997696
vt 0.29699221 0.90449363
vt 0.27622190 0.92695993
vt 0.28398654 0.92677152
vt 0.26576492 0.92871332
vt 0.29192117 0.92406571
vt 0.28087422 0.93503696
vt 0.25444725 0.92653090
vt 0.29803774 0.91183114
vt 0.26673099 0.93471873
vt 0.29669002 0.91645652
vt 0.29683104 0.92570835
vt 0.24700153 0.92299968
vt 0.29173958 0.93577588
vt 0.29726550 0.93482465
vt 0.24599192 0.93365121
vt 0.23018445 0.93344051
vt 0.22451697 0.93118924
vt 0.21105793 0.93500757
vt 0.19932443 0.93618745
vt 0.18859334 0.93767428
vt 0.17703360 0.93593699
vt 0.16000250 0.93618315
vt 0.21355975 0.93834925
vt 0.26896966 0.84208429
vt 0.14807206 0.93793821
vt 0.27726015 0.84086907
vt 0.13784695 0.93478811
vt 0.12479189 0.92961079
vt 0.11099046 0.92490727
vt 0.10044598 0.92188680
vt 0.11878712 0.93332088
vt 0.10821343 0.92847335
vt 0.09151129 0.92169976
vt 0.09736287 0.92546135
vt 0.08197108 0.91609442
vt 0.17142236 0.94045424
vt 0.19613032 0.94140679
vt 0.22898671 0.93815482
vt 0.24308334 0.93745422
vt 0.07134920 0.91140759
vt 0.15765667 0.94127649
vt 0.26709193 0.94019908
vt 0.27420872 0.94265556
vt 0.28293744 0.94155037
vt 0.12903731 0.93773985
vt 0.29773512 0.88024557
vt 0.17866656 0.94380605
vt 0.21028386 0.94275141
vt 0.24629837 0.94123244
vt 0.26808938 0.94644403
vt 0.22964957 0.94205260
vt 0.28989798 0.94713050
vt 0.27979437 0.94951713
vt 0.29454169 0.94691998
vt 0.19607575 0.94562322
vt 0.29719508 0.94286531
vt 0.29718381 0.94814229
vt 0.25003797 0.94605082
vt 0.22224832 0.94595176
vt 0.82070607 0.04156268
vt 0.82419890 0.03150642
vt 0.82793325 0.04111952
vt 0.81540954 0.03556317
vt 0.81565207 0.02566385
vt 0.82158422 0.02320904
vt 0.80017263 0.02158082
vt 0.81013787 0.01946115
vt 0.79952419 0.01594877
vt 0.79254395 0.02995241
vt 0.79636204 0.03650182
vt 0.80509746 0.04187465
vt 0.81423247 0.04436970
vt 0.78661019 0.04231048
vt 0.78435051 0.02836829
vt 0.79150939 0.01512563
vt 0.76961613 0.03943253
vt 0.77601528 0.02675688
vt 0.77326053 0.03247112
vt 0.76204008 0.03501207
vt 0.78208470 0.04454345
vt 0.77607119 0.04383177
vt 0.83133841 0.02917093
vt 0.76600283 0.04306096
vt 0.84123665 0.03714436
vt 0.84628582 0.03038031
vt 0.83375305 0.04135364
vt 0.83284235 0.02494013
vt 0.85545582 0.03598887
vt 0.85340548 0.02981937
vt 0.86458564 0.03205973
vt 0.86760837 0.03534734
vt 0.87549680 0.03538322
vt 0.86851418 0.03007859
vt 0.85887557 0.04115379
vt 0.83056539 0.04525506
vt 0.87489241 0.04023278
vt 0.82399547 0.04532099
vt 0.79970610 0.04457569
vt 0.87935287 0.03341538
vt 0.88638169 0.03771567
vt 0.88957876 0.04085082
vt 0.84629709 0.04421401
vt 0.83444291 0.04538143
vt 0.82012391 0.04693341
vt 0.81330717 0.04630190
vt 0.82066435 0.04908669
vt 0.80731404 0.04658937
vt 0.77340329 0.02116966
vt 0.77021271 0.02764016
vt 0.76066315 0.04562855
vt 0.84995419 0.02458143
vt 0.89511961 0.03664517
vt 0.88658834 0.03436983
vt 0.89764535 0.04154134
vt 0.90422553 0.03932190
vt 0.90485680 0.04272461
vt 0.91288036 0.04341567
vt 0.90848285 0.04781795
vt 0.91605282 0.04806894
vt 0.89805716 0.04815549
vt 0.88894933 0.04424620
vt 0.92269766 0.04609096
vt 0.91965306 0.04226500
vt 0.92844921 0.05231285
vt 0.93016821 0.04811740
vt 0.92423767 0.05390126
vt 0.86145914 0.04600507
vt 0.91170382 0.05317020
vt 0.90540922 0.05221581
vt 0.92950320 0.04422587
vt 0.82550365 0.05179000
vt 0.82742184 0.04981220
vt 0.83915186 0.02458084
vt 0.87641037 0.02968878
vt 0.87302840 0.04671270
vt 0.88607955 0.04935104
vt 0.82937503 0.05229038
vt 0.79566973 0.01185250
vt 0.85004210 0.04825848
vt 0.84072894 0.04798234
vt 0.77643222 0.01317954
vt 0.78706884 0.01204288
vt 0.76752687 0.04661924
vt 0.76475871 0.02302581
vt 0.76073617 0.02965271
vt 0.83480108 0.05270898
vt 0.83455479 0.05460578
vt 0.84075212 0.05430198
vt 0.84174877 0.05665857
vt 0.89432466 0.05416620
vt 0.75376785 0.03690630
vt 0.86380571 0.05209601
vt 0.85414815 0.05097282
vt 0.75447500 0.04599118
vt 0.76260430 0.05278701
vt 0.76767635 0.05131805
vt 0.94127685 0.05082160
vt 0.94144142 0.05652046
vt 0.94868904 0.05665886
vt 0.95272899 0.05446059
vt 0.94267577 0.06268311
vt 0.95117563 0.06592685
vt 0.94726068 0.07253677
vt 0.95394582 0.07484853
vt 0.93917209 0.07452536
vt 0.94317627 0.08092517
vt 0.92661417 0.07746792
vt 0.94829655 0.08566219
vt 0.94581890 0.08937269
vt 0.93872023 0.08822238
vt 0.94024658 0.09645385
vt 0.93416482 0.07206345
vt 0.93846047 0.06691825
vt 0.92629182 0.07218868
vt 0.93242216 0.08270735
vt 0.92327088 0.08205688
vt 0.93257463 0.09848285
vt 0.93286043 0.09369433
vt 0.94333947 0.10050166
vt 0.91474462 0.07592452
vt 0.91590828 0.07380182
vt 0.90504062 0.07402474
vt 0.90667427 0.07114768
vt 0.90036219 0.06981200
vt 0.89934754 0.07303393
vt 0.89417696 0.06911933
vt 0.92064369 0.06386518
vt 0.93008554 0.06322742
vt 0.93454707 0.06041551
vt 0.93196219 0.10324854
vt 0.92561156 0.05972677
vt 0.91608042 0.07836491
vt 0.93668717 0.10826540
vt 0.93205065 0.08875227
vt 0.92820954 0.08628678
vt 0.94626373 0.10469162
vt 0.92845500 0.10746855
vt 0.87156731 0.05397683
vt 0.91140676 0.05767196
vt 0.95216930 0.09605408
vt 0.89687771 0.06707132
vt 0.88950974 0.06429809
vt 0.88595355 0.06648004
vt 0.87745780 0.06323904
vt 0.88436818 0.06159049
vt 0.87233204 0.06005299
vt 0.86826497 0.06115901
vt 0.86588091 0.05838776
vt 0.85841614 0.05981165
vt 0.85831356 0.05752933
vt 0.85269302 0.05961537
vt 0.85219306 0.05654657
vt 0.84639370 0.05629808
vt 0.84626395 0.05449033
vt 0.88437635 0.05403167
vt 0.93248320 0.11364806
vt 0.94662941 0.11431390
vt 0.92478210 0.11298054
vt 0.94028050 0.12492442
vt 0.93148297 0.12010473
vt 0.93142927 0.13357341
vt 0.92265314 0.12517720
vt 0.92278516 0.13404846
vt 0.91888446 0.13003051
vt 0.90680510 0.12774330
vt 0.90640408 0.14025182
vt 0.90320492 0.13562745
vt 0.90090930 0.12705976
vt 0.89929485 0.13324273
vt 0.89601338 0.14218915
vt 0.88801867 0.14260125
vt 0.89227325 0.14597660
vt 0.88039398 0.14736420
vt 0.87906986 0.14233208
vt 0.87076473 0.14728719
vt 0.86825711 0.15083635
vt 0.86035764 0.14785522
vt 0.85717881 0.15104985
vt 0.84689885 0.14675736
vt 0.84009802 0.15045267
vt 0.84464365 0.15525281
vt 0.85650080 0.15399188
vt 0.83743984 0.15521252
vt 0.82756126 0.15231484
vt 0.86386049 0.15427780
vt 0.88675660 0.13890862
vt 0.83379394 0.14313787
vt 0.82485920 0.14498210
vt 0.81082016 0.14556187
vt 0.81571728 0.14456743
vt 0.82355165 0.15442431
vt 0.81179738 0.15193486
vt 0.79706961 0.14362085
vt 0.89616269 0.12859875
vt 0.88819808 0.12523079
vt 0.88303465 0.12335938
vt 0.81098127 0.14053398
vt 0.79450995 0.13728976
vt 0.78449506 0.13815808
vt 0.78973585 0.14455664
vt 0.78962034 0.13595581
vt 0.80294007 0.15338171
vt 0.91285115 0.14006644
vt 0.90305150 0.14344847
vt 0.82706761 0.15930605
vt 0.83587813 0.16058850
vt 0.77857977 0.14206034
vt 0.84022695 0.15916908
vt 0.81403023 0.16080797
vt 0.76662093 0.13528460
vt 0.88885260 0.12840044
vt 0.76986945 0.13274527
vt 0.76388055 0.12874275
vt 0.75653988 0.13337427
vt 0.75598001 0.12658679
vt 0.76204872 0.12400550
vt 0.77251869 0.12471128
vt 0.77207965 0.12787485
vt 0.78094798 0.12489843
vt 0.78414494 0.12655479
vt 0.78872192 0.12402862
vt 0.75169176 0.12170225
vt 0.79401165 0.12653857
vt 0.80163270 0.12494993
vt 0.80000222 0.12721419
vt 0.81266308 0.12658566
vt 0.80936563 0.12938589
vt 0.81850940 0.12965095
vt 0.81177652 0.12414217
vt 0.81933492 0.12415457
vt 0.82522970 0.12721491
vt 0.82721436 0.12450111
vt 0.83287960 0.12578541
vt 0.87257522 0.12441289
vt 0.87408805 0.12711024
vt 0.86059928 0.12583578
vt 0.86215645 0.12345654
vt 0.84686595 0.12456864
vt 0.84551901 0.12714380
vt 0.83543253 0.12780631
vt 0.87007999 0.15467936
vt 0.76111835 0.13738835
vt 0.88552201 0.14935881
vt 0.88143700 0.15233308
vt 0.80260170 0.13020253
vt 0.81543088 0.15686649
vt 0.83654767 0.12184423
vt 0.90445036 0.12516630
vt 0.78486437 0.15061647
vt 0.86196291 0.12867600
vt 0.84348089 0.14121711
vt 0.85222274 0.14230180
vt 0.90849108 0.12248486
vt 0.82189429 0.14000988
vt 0.77286398 0.13031566
vt 0.91851586 0.12017304
vt 0.86098272 0.14336932
vt 0.87074929 0.14143503
vt 0.85417408 0.15725601
vt 0.78647625 0.12864918
vt 0.90148109 0.12273026
vt 0.74414915 0.12801045
vt 0.90210032 0.06175214
vt 0.77149856 0.14627147
vt 0.85092402 0.12146860
vt 0.79736370 0.13070703
vt 0.88648742 0.13193613
vt 0.78309518 0.13256472
vt 0.91385734 0.06734180
vt 0.89371276 0.05731452
vt 0.75869596 0.11498374
vt 0.76653230 0.12213963
vt 0.74506235 0.11528456
vt 0.92232472 0.10177732
vt 0.91823280 0.10490805
vt 0.91444463 0.09527290
vt 0.91014332 0.10216689
vt 0.90404201 0.09415799
vt 0.90205258 0.10204679
vt 0.90731871 0.11162615
vt 0.89891654 0.11182451
vt 0.89666659 0.09419858
vt 0.88959950 0.09961915
vt 0.87918788 0.09366643
vt 0.89111942 0.09141636
vt 0.87584239 0.09084845
vt 0.87601197 0.10079312
vt 0.88696307 0.10130501
vt 0.87702221 0.08684123
vt 0.86474192 0.09162360
vt 0.86428595 0.08578974
vt 0.85045087 0.09173179
vt 0.83621126 0.08466762
vt 0.84385180 0.08005506
vt 0.83137733 0.07943702
vt 0.81655800 0.08021998
vt 0.81897843 0.08958000
vt 0.83336520 0.09155923
vt 0.81263465 0.08748585
vt 0.79583687 0.07898057
vt 0.80467576 0.07206732
vt 0.79534429 0.07151949
vt 0.81672394 0.07176137
vt 0.82983905 0.07217246
vt 0.86368352 0.08211386
vt 0.87129378 0.08246803
vt 0.79362094 0.08371937
vt 0.86405241 0.09978658
vt 0.85395950 0.10197234
vt 0.78851396 0.07922471
vt 0.84223557 0.09879774
vt 0.85368121 0.07708395
vt 0.78553259 0.07185751
vt 0.80987418 0.09130049
vt 0.80029762 0.06522620
vt 0.82568616 0.09846032
vt 0.86156273 0.07800561
vt 0.84269428 0.07192612
vt 0.83147091 0.09835619
vt 0.77999091 0.08476031
vt 0.77655166 0.07994092
vt 0.88614142 0.08767539
vt 0.80930442 0.06324780
vt 0.82218033 0.06607950
vt 0.78826237 0.06373584
vt 0.77677685 0.07200593
vt 0.79052526 0.09007281
vt 0.88059682 0.08269244
vt 0.83936799 0.10505933
vt 0.85945153 0.10986584
vt 0.78182578 0.06361967
vt 0.89800596 0.08866811
vt 0.81199419 0.09904629
vt 0.85474527 0.07290781
vt 0.85177237 0.10972750
vt 0.80198938 0.05934900
vt 0.86824000 0.10819399
vt 0.80424470 0.09527141
vt 0.91978550 0.09617341
vt 0.82883614 0.06535625
vt 0.77743798 0.08952904
vt 0.86787122 0.07785344
vt 0.92646843 0.09390795
vt 0.83173424 0.14044803
vt 0.90951824 0.07870507
vt 0.90629017 0.08924323
vt 0.81001216 0.05843675
vt 0.95342374 0.08637357
vt 0.87880009 0.05956823
vt 0.91878009 0.14127868
vt 0.83686215 0.16331756
vt 0.76873237 0.09013230
vt 0.81743592 0.05693370
vt 0.79030615 0.09500450
vt 0.92062110 0.14495510
vt 0.86386752 0.12083352
vt 0.95519584 0.10508728
vt 0.79341745 0.05664802
vt 0.91258174 0.08909190
vt 0.82518965 0.10414433
vt 0.75575262 0.13955772
vt 0.85372418 0.13087475
vt 0.84487301 0.16041279
vt 0.94045156 0.13073766
vt 0.77628320 0.09395182
vt 0.91884583 0.09217137
vt 0.77195877 0.06415296
vt 0.80271333 0.15781456
vt 0.83497727 0.10996479
vt 0.73061430 0.11013353
vt 0.90846187 0.14551294
vt 0.83105934 0.13055384
vt 0.75210702 0.10639250
vt 0.76936728 0.08038366
vt 0.88396305 0.10758674
vt 0.86777347 0.11139321
vt 0.95643234 0.09727263
vt 0.79656518 0.09948498
vt 0.89646697 0.14980572
vt 0.87017274 0.13845801
vt 0.84513730 0.06774497
vt 0.73449266 0.10128427
vt 0.77407986 0.12155879
vt 0.76703078 0.11450809
vt 0.76079142 0.10948181
vt 0.89129895 0.06099230
vt 0.76646978 0.07133609
vt 0.78684860 0.12091446
vt 0.86566627 0.06300467
vt 0.88914067 0.08232272
vt 0.87885892 0.06673139
vt 0.88753647 0.06939870
vt 0.89500940 0.07262892
vt 0.74347800 0.13218021
vt 0.93676579 0.13594079
vt 0.78029126 0.05587566
vt 0.80430198 0.05430275
vt 0.85609210 0.11505336
vt 0.77156985 0.05955625
vt 0.72122324 0.10055262
vt 0.71635449 0.10270411
vt 0.71815878 0.09477568
vt 0.71347320 0.09476978
vt 0.71269631 0.10527956
vt 0.71046209 0.09722334
vt 0.71014887 0.08267391
vt 0.71316576 0.08264047
vt 0.70910400 0.10591912
vt 0.71148461 0.07369995
vt 0.71256530 0.11294574
vt 0.70734024 0.07109839
vt 0.71896577 0.11186761
vt 0.70878935 0.11512434
vt 0.71495467 0.07355028
vt 0.71810663 0.08786476
vt 0.71205127 0.12616378
vt 0.71825105 0.08063918
vt 0.70763361 0.12558895
vt 0.71028471 0.06640917
vt 0.71691328 0.06557173
vt 0.70826310 0.08779216
vt 0.70619053 0.10174412
vt 0.70663887 0.08121812
vt 0.71797645 0.11990696
vt 0.70587820 0.05967069
vt 0.71758676 0.13118017
vt 0.70536792 0.11346692
vt 0.71158552 0.13307798
vt 0.70596564 0.13806129
vt 0.72818935 0.12434506
vt 0.72215044 0.12690592
vt 0.73388892 0.08621204
vt 0.73789740 0.09337991
vt 0.74209011 0.08357322
vt 0.73140585 0.08021790
vt 0.74221790 0.07298774
vt 0.73382610 0.07329607
vt 0.72156763 0.07443631
vt 0.74603045 0.10133535
vt 0.75041395 0.08853960
vt 0.74812621 0.08004051
vt 0.75073320 0.09494925
vt 0.76283777 0.08458215
vt 0.71244121 0.05601311
vt 0.70908755 0.05662245
vt 0.73613298 0.06331563
vt 0.71755326 0.05472577
vt 0.78132641 0.15358263
vt 0.70835817 0.04427123
vt 0.80108750 0.16275090
vt 0.81234348 0.10640383
vt 0.71114439 0.04221690
vt 0.76242286 0.08011913
vt 0.71745682 0.14135313
vt 0.71040839 0.14167190
vt 0.76113456 0.06417167
vt 0.75555617 0.10097492
vt 0.74978733 0.07306415
vt 0.76814634 0.09556830
vt 0.76241732 0.14766252
vt 0.72820204 0.13215089
vt 0.78624845 0.09953588
vt 0.74647844 0.06372219
vt 0.84085512 0.11615753
vt 0.84039587 0.06332541
vt 0.79314214 0.13154978
vt 0.87240392 0.06550109
vt 0.79559070 0.05367202
vt 0.77180535 0.09818494
vt 0.76180029 0.09199196
vt 0.70443785 0.12436509
vt 0.70324272 0.13634503
vt 0.94667089 0.12531006
vt 0.70515478 0.14649963
vt 0.82368344 0.12070721
vt 0.93015391 0.14111501
vt 0.70555568 0.04839134
vt 0.71455848 0.04620385
vt 0.77203965 0.05456740
vt 0.87245274 0.13464135
vt 0.86263043 0.13243675
vt 0.75241172 0.14253187
vt 0.82755619 0.11471319
vt 0.85403889 0.16133624
vt 0.86429000 0.07329184
vt 0.79576522 0.16216356
vt 0.78464770 0.15880924
vt 0.85687751 0.13801444
vt 0.89128357 0.11403888
vt 0.88037002 0.11366898
vt 0.72442359 0.14340532
vt 0.75716126 0.06063259
vt 0.75723797 0.05474138
vt 0.87784857 0.07687402
vt 0.86975366 0.15711439
vt 0.83016223 0.06204504
vt 0.72523254 0.04595500
vt 0.79825562 0.10791421
vt 0.80933583 0.11019415
vt 0.76479036 0.10443074
vt 0.76843244 0.15348858
vt 0.74355459 0.06059468
vt 0.95969057 0.06595677
vt 0.77689588 0.11471432
vt 0.84542221 0.13020724
vt 0.85243785 0.13501894
vt 0.79625857 0.12157613
vt 0.80981326 0.12048721
vt 0.77096915 0.10661936
vt 0.72480905 0.06391084
vt 0.73012459 0.05361259
vt 0.78145790 0.05193186
vt 0.77983552 0.11803508
vt 0.70941263 0.15299553
vt 0.71585882 0.14759588
vt 0.70446700 0.15477812
vt 0.73803467 0.14303279
vt 0.86683232 0.11632055
vt 0.85422927 0.06748492
vt 0.84552389 0.13934845
vt 0.84147459 0.16324806
vt 0.80882847 0.05292475
vt 0.74200451 0.05294085
vt 0.74419600 0.04521185
vt 0.90113258 0.08545083
vt 0.85865182 0.16255903
vt 0.85548186 0.16493213
vt 0.84389198 0.16549605
vt 0.80465120 0.13749915
vt 0.70186579 0.14900136
vt 0.89110148 0.15333408
vt 0.82384092 0.13179576
vt 0.71531427 0.15472400
vt 0.70843524 0.16351056
vt 0.75530279 0.15019751
vt 0.74371576 0.14790845
vt 0.70385849 0.16549605
vt 0.72483194 0.15071583
vt 0.90499389 0.07764423
vt 0.83986849 0.16432834
vt 0.91145509 0.14806724
vt 0.90281284 0.15053105
vt 0.70073289 0.16318387
vt 0.90698880 0.08576024
vt 0.81196547 0.13798618
vt 0.84272850 0.13233703
vt 0.83310944 0.13719320
vt 0.80895507 0.13209170
vt 0.81575567 0.13379455
vt 0.81758714 0.13122940
vt 0.81969583 0.13738036
vt 0.79733354 0.13547724
vt 0.67897666 0.24212670
vt 0.67961484 0.27944160
vt 0.68447870 0.27689779
vt 0.68320733 0.21323299
vt 0.68488610 0.30508912
vt 0.67991585 0.20920587
vt 0.67952454 0.16538602
vt 0.67722887 0.17015743
vt 0.68351215 0.16878778
vt 0.68184429 0.35009181
vt 0.68488294 0.36119592
vt 0.68281645 0.38024127
vt 0.68553251 0.40569687
vt 0.68670291 0.44605762
vt 0.68484169 0.44228005
vt 0.68711388 0.52067697
vt 0.68818617 0.50460303
vt 0.68953699 0.54586756
vt 0.68259150 0.13849843
vt 0.67809832 0.14163065
vt 0.67702240 0.09726608
vt 0.68142784 0.08863652
vt 0.67823833 0.07308263
vt 0.68237448 0.08118582
vt 0.67997384 0.07036865
vt 0.68498075 0.07451379
vt 0.69191235 0.06540823
vt 0.68983275 0.07374936
vt 0.68491864 0.22309208
vt 0.68612176 0.27830380
vt 0.67548859 0.08375180
vt 0.69218069 0.07299560
vt 0.68843275 0.57819247
vt 0.67642283 0.13514787
vt 0.68649530 0.34381199
vt 0.68660635 0.37374389
vt 0.69092947 0.58931464
vt 0.69358051 0.58223003
vt 0.69330668 0.59569800
vt 0.69421822 0.59142715
vt 0.68486112 0.06615365
vt 0.69205296 0.53842908
vt 0.69031179 0.51049471
vt 0.68871832 0.45966029
vt 0.68346179 0.12597960
vt 0.68491185 0.18430650
vt 0.68855941 0.40874505
vt 0.68026000 0.35174239
vt 0.68123311 0.38553321
vt 0.68286085 0.43504548
vt 0.67835444 0.26895815
vt 0.68562746 0.51201594
vt 0.69379610 0.06641126
vt 0.68576992 0.07615334
vt 0.67641115 0.07820427
vt 0.69140232 0.49919832
vt 0.69356704 0.07195514
vt 0.68805903 0.37865150
vt 0.67631787 0.17795438
vt 0.67994750 0.38094342
vt 0.68385404 0.08090311
vt 0.69421822 0.07401538
vt 0.40644932 0.47546577
vt 0.40844038 0.48896700
vt 0.40856677 0.41632855
vt 0.40650874 0.52703881
vt 0.40674531 0.37866056
vt 0.40851527 0.35277915
vt 0.40671793 0.34739172
vt 0.40513030 0.41785187
vt 0.40692478 0.30175883
vt 0.40897465 0.29340029
vt 0.40734780 0.28698814
vt 0.41078383 0.49374902
vt 0.41082448 0.56247532
vt 0.40826526 0.56178963
vt 0.40625131 0.57802552
vt 0.41064650 0.62235796
vt 0.40768784 0.63570839
vt 0.41175959 0.65766197
vt 0.40722191 0.66393673
vt 0.41150773 0.70976084
vt 0.40809730 0.71882200
vt 0.41052008 0.72793812
vt 0.40857518 0.25929010
vt 0.41316077 0.62186331
vt 0.40614495 0.71405631
vt 0.40613383 0.64659929
vt 0.41309446 0.71491021
vt 0.41688493 0.72589064
vt 0.41547221 0.73255551
vt 0.42427489 0.72712642
vt 0.42467427 0.73324221
vt 0.41056067 0.41909599
vt 0.41057375 0.37900561
vt 0.41172490 0.28169537
vt 0.41112873 0.25226057
vt 0.40940833 0.21265590
vt 0.41147181 0.20590305
vt 0.41312155 0.66694593
vt 0.41084540 0.30490088
vt 0.41062817 0.34166694
vt 0.41238573 0.55957812
vt 0.41230273 0.50649887
vt 0.41191867 0.44508272
vt 0.40719154 0.25816023
vt 0.40770620 0.21646243
vt 0.41262922 0.21521544
vt 0.41427740 0.20577478
vt 0.41664100 0.19702214
vt 0.41826150 0.73441613
vt 0.40719432 0.72112542
vt 0.41468146 0.19688416
vt 0.41899124 0.19263202
vt 0.42015931 0.19412345
vt 0.40545350 0.34747922
vt 0.40529636 0.37884772
vt 0.40616900 0.27501518
vt 0.40519440 0.49702585
vt 0.40550309 0.55848014
vt 0.40907371 0.20470846
vt 0.41190943 0.37366009
vt 0.41776189 0.19911331
vt 0.41947728 0.72514689
vt 0.41697192 0.72373891
vt 0.40555832 0.63606250
vt 0.41353977 0.55851281
vt 0.41214445 0.30523968
vt 0.42457640 0.72616225
vt 0.42467427 0.18989491
vt 0.42324165 0.18920106
vt 0.42188379 0.19430339
vt 0.41370639 0.52002949
vt 0.83183092 0.90986830
vt 0.82414740 0.91051269
vt 0.82414013 0.90525061
vt 0.83532107 0.90515906
vt 0.84302533 0.91100675
vt 0.84873497 0.90756136
vt 0.85133415 0.91172004
vt 0.85227984 0.90657967
vt 0.81273162 0.90444583
vt 0.86242509 0.91451252
vt 0.84389424 0.90503508
vt 0.81413186 0.90909189
vt 0.84277451 0.90224612
vt 0.86208063 0.90941846
vt 0.86763406 0.91560310
vt 0.86398929 0.91949373
vt 0.87185442 0.92115939
vt 0.82564664 0.90111113
vt 0.81507713 0.90184903
vt 0.79899412 0.90678746
vt 0.79626793 0.91457546
vt 0.78718793 0.91253304
vt 0.78567451 0.92083639
vt 0.78983128 0.90548277
vt 0.77515423 0.91516221
vt 0.77842969 0.91813564
vt 0.77203023 0.91095531
vt 0.75648063 0.91909730
vt 0.76869184 0.91987956
vt 0.75740570 0.92611885
vt 0.85709631 0.90435398
vt 0.73886025 0.92791539
vt 0.74425632 0.91880566
vt 0.73092860 0.92591566
vt 0.80543566 0.90097749
vt 0.77998614 0.90197134
vt 0.76418698 0.90997201
vt 0.79764462 0.90254265
vt 0.83071887 0.89897537
vt 0.72625673 0.92813295
vt 0.73498636 0.91815716
vt 0.87183511 0.91561329
vt 0.74454862 0.92932075
vt 0.73679096 0.93522739
vt 0.72201318 0.93552029
vt 0.74344957 0.91295081
vt 0.73619807 0.93871856
vt 0.71770567 0.93294096
vt 0.72475654 0.94513643
vt 0.72211784 0.94848537
vt 0.81548411 0.89869165
vt 0.71498197 0.94627351
vt 0.71712935 0.95523715
vt 0.75763249 0.93545127
vt 0.75074047 0.93373758
vt 0.75617743 0.93204939
vt 0.76950622 0.93051499
vt 0.78404897 0.93061602
vt 0.77929354 0.93498933
vt 0.79393864 0.93277365
vt 0.79963648 0.92691255
vt 0.80834496 0.92779076
vt 0.80961543 0.92324984
vt 0.81900579 0.92289960
vt 0.82324415 0.92538118
vt 0.78889096 0.92671943
vt 0.76750678 0.92522526
vt 0.81856823 0.92973572
vt 0.77631253 0.92884064
vt 0.77440369 0.92453164
vt 0.83143598 0.92285395
vt 0.83489501 0.92574322
vt 0.84059370 0.92422605
vt 0.85037786 0.92853838
vt 0.80108869 0.92372811
vt 0.84101564 0.93118125
vt 0.80669147 0.91583449
vt 0.84996325 0.92347413
vt 0.83100325 0.93035120
vt 0.86290598 0.92999500
vt 0.86449617 0.92499363
vt 0.86860579 0.93018734
vt 0.87234688 0.92624587
vt 0.87462169 0.92978930
vt 0.87777561 0.92592347
vt 0.88114029 0.92631388
vt 0.85051519 0.93395042
vt 0.87677449 0.92055762
vt 0.85993832 0.93562448
vt 0.80168492 0.93542790
vt 0.84402090 0.93533629
vt 0.87078273 0.91132349
vt 0.86804038 0.93684161
vt 0.86798441 0.90861070
vt 0.81352967 0.93749380
vt 0.72480530 0.96059120
vt 0.87580341 0.93584770
vt 0.88398910 0.93258387
vt 0.72935164 0.96011537
vt 0.72505593 0.96621835
vt 0.73071206 0.95441151
vt 0.73443258 0.96627492
vt 0.82534713 0.94199377
vt 0.71255028 0.93624222
vt 0.73816556 0.96320617
vt 0.74147975 0.96800131
vt 0.74772274 0.96444356
vt 0.74936056 0.97127157
vt 0.75450468 0.96852386
vt 0.75794017 0.97272557
vt 0.76329494 0.96849954
vt 0.76604837 0.97135013
vt 0.76341772 0.97451293
vt 0.77021426 0.97520888
vt 0.77277654 0.96987295
vt 0.77886146 0.97598708
vt 0.78147119 0.97383267
vt 0.79031348 0.97747016
vt 0.78862613 0.97473860
vt 0.79479867 0.97189981
vt 0.80401528 0.97559333
vt 0.80100483 0.97830009
vt 0.81232011 0.97951245
vt 0.81299573 0.97376579
vt 0.82248652 0.97409600
vt 0.76322693 0.90576655
vt 0.78774559 0.93790770
vt 0.82609510 0.97705573
vt 0.81978428 0.98105532
vt 0.78430223 0.96765900
vt 0.81032711 0.94178385
vt 0.83724302 0.94497931
vt 0.73988909 0.94346899
vt 0.76823384 0.96483195
vt 0.73090219 0.94831991
vt 0.84556496 0.94270658
vt 0.76934218 0.90179193
vt 0.73785913 0.95566016
vt 0.78714013 0.89939243
vt 0.76436150 0.93816316
vt 0.83168167 0.98006952
vt 0.84102052 0.97654372
vt 0.84023350 0.97233355
vt 0.84720999 0.97546148
vt 0.84765488 0.97022623
vt 0.80411202 0.97219938
vt 0.82414746 0.94960982
vt 0.81507802 0.94815934
vt 0.79519659 0.94390470
vt 0.85358512 0.94058603
vt 0.72782248 0.91176736
vt 0.83165979 0.97233379
vt 0.73703361 0.90827709
vt 0.75275224 0.95836854
vt 0.77907443 0.93873292
vt 0.82121688 0.89679408
vt 0.72282732 0.92254400
vt 0.76103979 0.90337807
vt 0.85704893 0.97420514
vt 0.86760163 0.97170871
vt 0.74206895 0.95131516
vt 0.86257249 0.97592479
vt 0.75196272 0.90450305
vt 0.85328859 0.90068072
vt 0.86756933 0.97811770
vt 0.87174702 0.97491020
vt 0.87601709 0.97145653
vt 0.87095070 0.96846032
vt 0.82803583 0.95340461
vt 0.81143904 0.96971905
vt 0.71448511 0.92981333
vt 0.86487788 0.90470254
vt 0.83192581 0.89608353
vt 0.80907458 0.98195159
vt 0.88213885 0.93932194
vt 0.86528051 0.96478558
vt 0.82398367 0.95487523
vt 0.84303570 0.89837879
vt 0.85789323 0.96652210
vt 0.87890965 0.96349937
vt 0.70899862 0.93373597
vt 0.87605411 0.94087005
vt 0.74976730 0.94571042
vt 0.87022018 0.94249028
vt 0.88770455 0.93964529
vt 0.70959824 0.94311255
vt 0.71777087 0.91963184
vt 0.72268063 0.91540128
vt 0.78510612 0.96431011
vt 0.76877385 0.96164721
vt 0.79743439 0.96665710
vt 0.87307632 0.96066368
vt 0.87733895 0.95898247
vt 0.83906978 0.96900934
vt 0.86102384 0.90146792
vt 0.76300824 0.95244360
vt 0.77805167 0.94358999
vt 0.84403044 0.97985017
vt 0.85504627 0.97844595
vt 0.84774435 0.96535259
vt 0.83858728 0.95036626
vt 0.88234508 0.96834970
vt 0.77779269 0.95778662
vt 0.81277221 0.95437890
vt 0.80508840 0.94984400
vt 0.82555783 0.98463565
vt 0.79832011 0.98222786
vt 0.76318485 0.94564539
vt 0.77880955 0.94905627
vt 0.70786732 0.92572647
vt 0.82799053 0.95798594
vt 0.85004377 0.94767064
vt 0.86255401 0.94422728
vt 0.78998905 0.98013210
vt 0.78240621 0.98246258
vt 0.82830280 0.97024637
vt 0.87472373 0.90510988
vt 0.85266668 0.98183137
vt 0.79003453 0.96071607
vt 0.79897064 0.95800012
vt 0.87835872 0.91406828
vt 0.88062525 0.90846688
vt 0.82250214 0.95940387
vt 0.70562166 0.93477118
vt 0.88682091 0.92793256
vt 0.88434613 0.92443216
vt 0.88634139 0.92136765
vt 0.87806112 0.95267326
vt 0.87651235 0.97688532
vt 0.87128174 0.98028719
vt 0.86410600 0.96044737
vt 0.71506912 0.91465509
vt 0.70959210 0.95132923
vt 0.87360692 0.95227975
vt 0.88438648 0.95829827
vt 0.83579135 0.96539122
vt 0.73981053 0.97320080
vt 0.70378518 0.91870993
vt 0.88455319 0.97380590
vt 0.70073289 0.92579925
vt 0.88273716 0.95220041
vt 0.88846689 0.96334952
vt 0.80659127 0.96168053
vt 0.89836544 0.93482912
vt 0.89375192 0.94257647
vt 0.89945906 0.92224205
vt 0.90664536 0.93286479
vt 0.91100192 0.92861789
vt 0.91192985 0.93777639
vt 0.93068731 0.93035531
vt 0.92593193 0.94203860
vt 0.91843098 0.94684607
vt 0.92935956 0.92067337
vt 0.94220883 0.92502844
vt 0.93957192 0.93326259
vt 0.94642925 0.93476218
vt 0.94665009 0.92770070
vt 0.93352675 0.94804817
vt 0.94693738 0.94551355
vt 0.94978517 0.94017678
vt 0.95009232 0.94832611
vt 0.94949895 0.92734814
vt 0.94586289 0.91742754
vt 0.95062792 0.95491898
vt 0.94781971 0.95310616
vt 0.93742782 0.95660847
vt 0.94175398 0.91009057
vt 0.93252999 0.91350776
vt 0.93021792 0.90677804
vt 0.92301160 0.95521069
vt 0.94986844 0.96269387
vt 0.93053019 0.95868558
vt 0.94544798 0.90570021
vt 0.94005644 0.96565163
vt 0.91201138 0.91569519
vt 0.91906637 0.90419149
vt 0.90451986 0.91609591
vt 0.91533750 0.95505637
vt 0.90939134 0.90163726
vt 0.92136413 0.96220213
vt 0.94137019 0.90131068
vt 0.95081472 0.96982610
vt 0.93112302 0.96672809
vt 0.91142190 0.89481336
vt 0.91593492 0.96189892
vt 0.94554603 0.89666104
vt 0.93223745 0.89753711
vt 0.92094564 0.89550781
vt 0.90600806 0.94461995
vt 0.95444441 0.96284109
vt 0.90980655 0.94912875
vt 0.89675647 0.91858780
vt 0.89249361 0.91598111
vt 0.94346333 0.97500294
vt 0.93470871 0.97102123
vt 0.94192636 0.88987434
vt 0.92022318 0.96717787
vt 0.94475693 0.88783377
vt 0.88812095 0.97055650
vt 0.94832760 0.90784144
vt 0.94936043 0.92035913
vt 0.91228116 0.88922149
vt 0.93533701 0.89115399
vt 0.90125126 0.89098746
vt 0.92002904 0.88695288
vt 0.94834477 0.89607209
vt 0.92793894 0.88485289
vt 0.90930456 0.95803887
vt 0.92346162 0.97247607
vt 0.89241600 0.89967281
vt 0.89646906 0.90186745
vt 0.89140582 0.89224416
vt 0.89058363 0.88700348
vt 0.89867568 0.88641089
vt 0.89902031 0.90680182
vt 0.88695097 0.89801502
vt 0.95340818 0.94871420
vt 0.88675833 0.91140074
vt 0.95561892 0.97112292
vt 0.91219389 0.96931523
vt 0.90982008 0.96451473
vt 0.93870282 0.88563967
vt 0.90899044 0.88095474
vt 0.94743544 0.88355821
vt 0.92420805 0.87576824
vt 0.88773745 0.95271486
vt 0.91585273 0.97198921
vt 0.89413142 0.95586801
vt 0.93666530 0.87710172
vt 0.90001845 0.95212656
vt 0.90363413 0.95648187
vt 0.89728361 0.96523064
vt 0.89926636 0.87766737
vt 0.89155596 0.97495413
vt 0.71500432 0.95993745
vt 0.88208246 0.94709617
vt 0.87653440 0.94569618
vt 0.89579052 0.96921355
vt 0.95227331 0.98045522
vt 0.95532417 0.98463565
vt 0.91122973 0.97477418
vt 0.81249970 0.96497405
vt 0.90342456 0.96959794
vt 0.89890689 0.97383773
vt 0.81971741 0.96621233
vt 0.70533192 0.94585466
vt 0.84574348 0.95989460
vt 0.85406345 0.95918059
vt 0.86662245 0.95416158
vt 0.83983284 0.95322222
vt 0.82363307 0.96762371
vt 0.85636199 0.94918519
vt 0.82923907 0.96577895
vt 0.86606181 0.94768864
vt 0.85674334 0.60608453
vt 0.85896802 0.60712016
vt 0.85946792 0.59470010
vt 0.85643566 0.60004354
vt 0.85674083 0.61347330
vt 0.85693747 0.58991235
vt 0.85959059 0.58594471
vt 0.84981006 0.61173141
vt 0.85072404 0.62102747
vt 0.85062450 0.63101673
vt 0.84982342 0.60293049
vt 0.84825546 0.60857850
vt 0.85121983 0.59258783
vt 0.85700059 0.58425087
vt 0.85893297 0.57719278
vt 0.85716838 0.57458192
vt 0.85009152 0.58607012
vt 0.85654294 0.57026780
vt 0.86021858 0.57329357
vt 0.84714174 0.61372733
vt 0.84740049 0.59823132
vt 0.84718168 0.62436348
vt 0.86092472 0.56701154
vt 0.84850138 0.63531244
vt 0.85782385 0.62207770
vt 0.85606909 0.62831765
vt 0.85439408 0.63680387
vt 0.84871143 0.64507109
vt 0.85332894 0.56922877
vt 0.85929567 0.56027144
vt 0.86217082 0.57637542
vt 0.84638971 0.60723042
vt 0.85588056 0.64112192
vt 0.85177392 0.65347314
vt 0.86331463 0.58187705
vt 0.86154783 0.61019945
vt 0.86367279 0.56481957
vt 0.84635204 0.65357959
vt 0.85966498 0.55039042
vt 0.86261833 0.55656195
vt 0.84902894 0.66302562
vt 0.86465293 0.59101528
vt 0.84396493 0.62150586
vt 0.84481078 0.63669038
vt 0.84907728 0.57909149
vt 0.84336281 0.65174693
vt 0.84332395 0.66246819
vt 0.84503162 0.67090225
vt 0.85955215 0.64410168
vt 0.85432267 0.66094416
vt 0.86165351 0.63463163
vt 0.84549248 0.59226757
vt 0.84324104 0.60753548
vt 0.86680210 0.57806140
vt 0.84752661 0.67519498
vt 0.86569405 0.60586977
vt 0.86394948 0.64132398
vt 0.86848533 0.58957160
vt 0.86425883 0.62060148
vt 0.86669832 0.56327069
vt 0.86615795 0.55167776
vt 0.86243850 0.65410292
vt 0.85322136 0.68437225
vt 0.85316581 0.55914330
vt 0.85852569 0.54038632
vt 0.86848533 0.63924956
vt 0.94592988 0.50940406
vt 0.94258946 0.51247919
vt 0.95095646 0.52459788
vt 0.95496005 0.52510726
vt 0.95247579 0.50507271
vt 0.95433480 0.54046816
vt 0.95857263 0.53849185
vt 0.96263963 0.53608900
vt 0.94036704 0.50213701
vt 0.93435669 0.50564599
vt 0.93314224 0.49599588
vt 0.95866609 0.51593721
vt 0.96226078 0.52587271
vt 0.96867317 0.53299582
vt 0.96435130 0.55557919
vt 0.94175148 0.49519193
vt 0.95302480 0.49186414
vt 0.96100760 0.56891710
vt 0.96024227 0.49579877
vt 0.96025747 0.50081706
vt 0.97217047 0.51756155
vt 0.96501255 0.51272446
vt 0.97459364 0.52027065
vt 0.97733986 0.50513232
vt 0.97367603 0.50368559
vt 0.97249454 0.48580837
vt 0.97632861 0.48703444
vt 0.97508258 0.48270011
vt 0.96950936 0.48326766
vt 0.95520854 0.48806238
vt 0.94079351 0.49043119
vt 0.93324327 0.48777258
vt 0.96604210 0.48721403
vt 0.92367840 0.49900401
vt 0.92739451 0.50831747
vt 0.92504436 0.48859406
vt 0.97187072 0.53666335
vt 0.96259159 0.48548806
vt 0.96905160 0.54466683
vt 0.97908056 0.48677790
vt 0.94375581 0.48694181
vt 0.95528746 0.56094390
vt 0.95869291 0.57678503
vt 0.96248597 0.59019470
vt 0.93012905 0.51461506
vt 0.93684512 0.51397568
vt 0.95561802 0.59367490
vt 0.96768755 0.55910158
vt 0.92190510 0.50688201
vt 0.92240614 0.51311719
vt 0.94998080 0.58391535
vt 0.94591510 0.59718233
vt 0.95442015 0.60364252
vt 0.94672424 0.60546219
vt 0.94228470 0.60497701
vt 0.95022643 0.62314439
vt 0.93809783 0.58885258
vt 0.93444914 0.58960533
vt 0.94153965 0.58989000
vt 0.95061433 0.57648784
vt 0.96639866 0.57530499
vt 0.95640308 0.61211568
vt 0.98024637 0.50279140
vt 0.93601745 0.52150130
vt 0.96315765 0.60039085
vt 0.97869051 0.51974881
vt 0.94422609 0.52263701
vt 0.94665307 0.53869277
vt 0.94931489 0.54325414
vt 0.94115001 0.57979280
vt 0.95874548 0.63171607
vt 0.94780403 0.63055032
vt 0.95520210 0.65124607
vt 0.96042299 0.64969724
vt 0.93931943 0.60760009
vt 0.94130844 0.61867172
vt 0.95072770 0.65314728
vt 0.95101738 0.56207108
vt 0.94890285 0.55007774
vt 0.91116929 0.48740828
vt 0.91448873 0.49806821
vt 0.95723695 0.66852748
vt 0.92758042 0.48633134
vt 0.96805781 0.58786124
vt 0.96388197 0.66180772
vt 0.96791571 0.68590754
vt 0.96055877 0.68287420
vt 0.96351391 0.69693977
vt 0.97047758 0.69640237
vt 0.94988221 0.66253692
vt 0.95187688 0.67568332
vt 0.95781296 0.68912780
vt 0.93471676 0.58127111
vt 0.96430206 0.61543792
vt 0.96562010 0.64732170
vt 0.97514051 0.68201631
vt 0.92984247 0.58441830
vt 0.97399634 0.67098290
vt 0.92584765 0.48365700
vt 0.97159636 0.63536793
vt 0.96709371 0.62478364
vt 0.97581357 0.64876837
vt 0.93186599 0.59957427
vt 0.98076546 0.48156273
vt 0.97030985 0.65285712
vt 0.97905791 0.65839165
vt 0.97705644 0.69073737
vt 0.97260684 0.54617941
vt 0.97972959 0.52780759
vt 0.96622819 0.71404719
vt 0.97934526 0.64527243
vt 0.97032869 0.59990406
vt 0.95714009 0.48428702
vt 0.97297138 0.71261066
vt 0.93540817 0.57120484
vt 0.93158334 0.57327282
vt 0.92990589 0.56711859
vt 0.92439038 0.56355274
vt 0.92665851 0.57206845
vt 0.92935818 0.56293094
vt 0.92855310 0.55809760
vt 0.92355329 0.55629539
vt 0.92244965 0.56303281
vt 0.97227830 0.56148773
vt 0.97511446 0.62899446
vt 0.92808002 0.54914206
vt 0.97323191 0.61754471
vt 0.94674563 0.57702017
vt 0.97881645 0.66974431
vt 0.93494505 0.56341636
vt 0.97321850 0.58360863
vt 0.94608420 0.56506479
vt 0.93417954 0.55752248
vt 0.97884965 0.70201910
vt 0.94004148 0.57022417
vt 0.98330617 0.49280131
vt 0.98227096 0.68303847
vt 0.93250149 0.54723436
vt 0.93866283 0.54070115
vt 0.93627036 0.53363568
vt 0.94251859 0.54878056
vt 0.94463706 0.55650175
vt 0.98234361 0.69217682
vt 0.97910756 0.71366739
vt 0.93353957 0.53225648
vt 0.92329741 0.54942918
vt 0.97364372 0.72389054
vt 0.93618774 0.48526824
vt 0.93109888 0.48381656
vt 0.96813130 0.72896659
vt 0.92151922 0.56950557
vt 0.92716271 0.54015368
vt 0.97895050 0.72552484
vt 0.96112227 0.73007095
vt 0.96146595 0.73968345
vt 0.95998085 0.72476691
vt 0.96041888 0.71135437
vt 0.96875745 0.73994362
vt 0.97532427 0.73884094
vt 0.98330617 0.72426963
vt 0.91786331 0.55834109
vt 0.94513971 0.63821894
vt 0.92964208 0.52673519
vt 0.92349201 0.51951838
vt 0.95662886 0.69560075
vt 0.96306282 0.74541068
vt 0.91922933 0.48508048
vt 0.91505140 0.48314142
vt 0.92252910 0.54151452
vt 0.91790545 0.55023271
vt 0.90885043 0.48389721
vt 0.96955556 0.74919170
vt 0.90757328 0.49932384
vt 0.91367114 0.50535208
vt 0.91221893 0.50970644
vt 0.96333200 0.75170022
vt 0.92095858 0.48328477
vt 0.92200679 0.53134757
vt 0.91661376 0.53989726
vt 0.96922785 0.75724322
vt 0.91556752 0.51393068
vt 0.91682661 0.52014416
vt 0.74540061 0.60347956
vt 0.74853623 0.60708010
vt 0.75390935 0.60287207
vt 0.74474484 0.61151254
vt 0.73715985 0.60733956
vt 0.74164641 0.61407167
vt 0.73418730 0.61098397
vt 0.75091058 0.61637205
vt 0.75543076 0.61206335
vt 0.73719025 0.60331488
vt 0.73910284 0.59833187
vt 0.75968975 0.61830670
vt 0.76146722 0.61447006
vt 0.76931554 0.61734641
vt 0.76842296 0.62518883
vt 0.76235890 0.60972100
vt 0.77509254 0.62242216
vt 0.77264899 0.61248159
vt 0.75862807 0.62972540
vt 0.73110503 0.60587388
vt 0.72993356 0.60989290
vt 0.74805778 0.62744272
vt 0.75514036 0.61991227
vt 0.74725884 0.62043512
vt 0.76610899 0.63249159
vt 0.74145615 0.61971086
vt 0.74780697 0.63363343
vt 0.74001592 0.62836480
vt 0.76370281 0.64030409
vt 0.75764507 0.63827282
vt 0.77586174 0.63848621
vt 0.77854288 0.63390237
vt 0.75267196 0.64535350
vt 0.77277243 0.64399678
vt 0.74579835 0.64193523
vt 0.73566586 0.61866641
vt 0.73053789 0.61346418
vt 0.73813045 0.63699442
vt 0.76181781 0.64759177
vt 0.72484881 0.60757399
vt 0.72357517 0.62026531
vt 0.73175591 0.63062978
vt 0.74517030 0.65360236
vt 0.73776740 0.64751989
vt 0.71980178 0.61124033
vt 0.72502911 0.61199903
vt 0.77411366 0.65042067
vt 0.75209194 0.65509784
vt 0.72530127 0.61778086
vt 0.72509497 0.63225257
vt 0.73173475 0.63995022
vt 0.73807395 0.65802836
vt 0.76303148 0.65202844
vt 0.75973034 0.65828162
vt 0.71627468 0.61713994
vt 0.71650749 0.62164217
vt 0.71848321 0.63196003
vt 0.73745215 0.66584945
vt 0.74396217 0.66682911
vt 0.74954736 0.66729134
vt 0.73087609 0.65554982
vt 0.72384423 0.64467072
vt 0.71706086 0.64371639
vt 0.73083407 0.66448152
vt 0.70913750 0.61630225
vt 0.70678991 0.62715226
vt 0.70294493 0.61896849
vt 0.71440512 0.60816532
vt 0.70592922 0.63386953
vt 0.70660061 0.64220130
vt 0.71647930 0.65116394
vt 0.71975428 0.65642887
vt 0.72491461 0.65512788
vt 0.69919717 0.63827384
vt 0.70622158 0.64814359
vt 0.69895339 0.62849146
vt 0.70292628 0.61423910
vt 0.72981501 0.67239809
vt 0.71286315 0.61208630
vt 0.73631269 0.68135750
vt 0.74298036 0.67857593
vt 0.72411346 0.66317666
vt 0.69893354 0.64879394
vt 0.70737040 0.60920566
vt 0.72964400 0.68370336
vt 0.77318805 0.65757793
vt 0.70799774 0.65489471
vt 0.72377712 0.67406809
vt 0.72359002 0.68404269
vt 0.69692856 0.65790981
vt 0.69156522 0.64302695
vt 0.71817333 0.66433519
vt 0.69139749 0.63263530
vt 0.69354975 0.61922163
vt 0.69345719 0.61569506
vt 0.70016855 0.61107421
vt 0.69022292 0.65675533
vt 0.78167498 0.65051723
vt 0.68423933 0.62400991
vt 0.68236268 0.63654065
vt 0.68370283 0.61575913
vt 0.68374264 0.64446199
vt 0.68928051 0.61419845
vt 0.67984641 0.63103545
vt 0.78429741 0.64648592
vt 0.67699146 0.62251222
vt 0.77676100 0.61485916
vt 0.75696629 0.59833407
vt 0.75038940 0.59991509
vt 0.76657987 0.60738879
vt 0.76714873 0.60320014
vt 0.70326519 0.71718740
vt 0.70904285 0.72076941
vt 0.70586723 0.70037323
vt 0.71212012 0.69944555
vt 0.70752352 0.69359368
vt 0.71526086 0.69423521
vt 0.70880830 0.68806481
vt 0.71189809 0.68299258
vt 0.70468187 0.73696268
vt 0.69896376 0.73483169
vt 0.69527072 0.74856406
vt 0.70115411 0.75241399
vt 0.69455183 0.75773567
vt 0.71734303 0.69082761
vt 0.71757638 0.68076748
vt 0.71474940 0.67181945
vt 0.70352173 0.70440680
vt 0.70871216 0.72781044
vt 0.71165472 0.71472925
vt 0.71606481 0.70199513
vt 0.70742011 0.73728430
vt 0.69963056 0.72188878
vt 0.70145804 0.71285373
vt 0.69541937 0.76615053
vt 0.69553769 0.77479470
vt 0.69913179 0.77007025
vt 0.70955527 0.68182415
vt 0.69649553 0.78701514
vt 0.69464326 0.74289054
vt 0.70214176 0.76417249
vt 0.70696080 0.74462444
vt 0.70618707 0.75219715
vt 0.71906626 0.67444366
vt 0.70336103 0.69856203
vt 0.69554299 0.73405397
vt 0.71356153 0.72267157
vt 0.69986308 0.78965187
vt 0.69673783 0.79830438
vt 0.71572804 0.71119583
vt 0.70219982 0.77863735
vt 0.70508939 0.69165021
vt 0.69186068 0.74622566
vt 0.70075506 0.80313700
vt 0.71280330 0.73394537
vt 0.69714296 0.81129068
vt 0.71120661 0.67354870
vt 0.71285230 0.66477299
vt 0.70572215 0.76488751
vt 0.68621498 0.76404560
vt 0.68558592 0.75879949
vt 0.67715335 0.75872612
vt 0.68345290 0.75075656
vt 0.69073713 0.78090811
vt 0.68815172 0.77298981
vt 0.68797189 0.78671861
vt 0.68222153 0.77396190
vt 0.67603856 0.77529973
vt 0.67840445 0.78531361
vt 0.68951714 0.79617369
vt 0.68380052 0.80166870
vt 0.68967229 0.80998319
vt 0.69257694 0.78840715
vt 0.70096684 0.70755893
vt 0.69473988 0.72935212
vt 0.69791502 0.71674299
vt 0.67158926 0.75640219
vt 0.67363936 0.74862939
vt 0.67768264 0.73674721
vt 0.67472166 0.72087467
vt 0.72317183 0.69316816
vt 0.70488846 0.78886640
vt 0.70697784 0.68284261
vt 0.70547682 0.77996659
vt 0.68345362 0.74011165
vt 0.68372053 0.72506666
vt 0.69290626 0.81056726
vt 0.67827213 0.71417981
vt 0.68435025 0.70671320
vt 0.67944688 0.70134890
vt 0.71282595 0.74994594
vt 0.68495691 0.69384086
vt 0.68267006 0.69015610
vt 0.68045104 0.68884939
vt 0.68297446 0.67943645
vt 0.68742073 0.67730469
vt 0.68900520 0.66735584
vt 0.71188873 0.76334149
vt 0.68762404 0.74018115
vt 0.72043842 0.72009712
vt 0.68228620 0.66301405
vt 0.69139719 0.81799597
vt 0.69517231 0.66420710
vt 0.69800574 0.82510591
vt 0.69461286 0.67281216
vt 0.70475769 0.66339099
vt 0.70572424 0.80002415
vt 0.70448256 0.81645525
vt 0.71250933 0.78138548
vt 0.72026044 0.74405622
vt 0.72920191 0.69684201
vt 0.69049841 0.82840955
vt 0.68716681 0.72430974
vt 0.69268483 0.72687489
vt 0.71998852 0.76352483
vt 0.68291801 0.65399712
vt 0.69619167 0.70818102
vt 0.69692653 0.69886363
vt 0.69721752 0.67999542
vt 0.72813392 0.72105014
vt 0.72695744 0.73989505
vt 0.68454438 0.82231992
vt 0.67659503 0.69492024
vt 0.69118571 0.68380928
vt 0.69860786 0.83750856
vt 0.71338481 0.79888797
vt 0.70582318 0.82963592
vt 0.72751087 0.75271696
vt 0.71961486 0.77763265
vt 0.72016740 0.78904051
vt 0.69025564 0.83996004
vt 0.68369025 0.83314610
vt 0.72622752 0.76617622
vt 0.71340019 0.81760359
vt 0.70597136 0.84420258
vt 0.67454404 0.70285404
vt 0.69923353 0.86113137
vt 0.69049865 0.85559124
vt 0.70672971 0.85497659
vt 0.68004984 0.84907150
vt 0.67966402 0.86221474
vt 0.71221083 0.83568263
vt 0.67039716 0.66770273
vt 0.68111056 0.87553895
vt 0.67165285 0.77760160
vt 0.66982269 0.79423207
vt 0.67848277 0.81285459
vt 0.67193675 0.65851575
vt 0.66542691 0.67855501
vt 0.66820121 0.81179422
vt 0.67087227 0.84117335
vt 0.67180312 0.85754263
vt 0.66927129 0.83055645
vt 0.67226940 0.87300873
vt 0.69028711 0.87165982
vt 0.67123544 0.68945235
vt 0.66260737 0.69080877
vt 0.66145968 0.70277011
vt 0.66739231 0.70796460
vt 0.67238325 0.71681052
vt 0.67502099 0.89709938
vt 0.67366534 0.64843041
vt 0.65896547 0.72467476
vt 0.67138630 0.73759317
vt 0.68352175 0.89554769
vt 0.68077314 0.89993429
vt 0.67547053 0.90017807
vt 0.68686181 0.89869738
vt 0.69210678 0.89537525
vt 0.69449270 0.90040338
vt 0.70023358 0.89651918
vt 0.67088503 0.90033662
vt 0.66734600 0.89414716
vt 0.70065218 0.90371752
vt 0.68790299 0.90102166
vt 0.68789184 0.88743913
vt 0.69883579 0.88073623
vt 0.66557944 0.89860338
vt 0.66530830 0.90140879
vt 0.66211843 0.90087527
vt 0.65878367 0.89872277
vt 0.65998518 0.90255284
vt 0.66042447 0.88409442
vt 0.66502893 0.87122691
vt 0.66488552 0.85185742
vt 0.70721090 0.87854594
vt 0.66692960 0.72582042
vt 0.65930772 0.73541170
vt 0.66280311 0.83084238
vt 0.71002764 0.89724451
vt 0.70622033 0.90353382
vt 0.70835745 0.90280181
vt 0.71233892 0.87997383
vt 0.71709192 0.87525743
vt 0.71503025 0.85514504
vt 0.71994728 0.90018183
vt 0.72505474 0.90330285
vt 0.70883662 0.90561897
vt 0.70728487 0.90455300
vt 0.68995571 0.90349996
vt 0.73146796 0.90043670
vt 0.73186058 0.90266782
vt 0.73924208 0.90147203
vt 0.73582500 0.89782286
vt 0.72528869 0.89508855
vt 0.72382766 0.87598920
vt 0.72550678 0.90435392
vt 0.65333033 0.89847779
vt 0.65551525 0.90182656
vt 0.65268731 0.90269482
vt 0.66453385 0.74460387
vt 0.65905297 0.75495154
vt 0.66604668 0.75597191
vt 0.66563237 0.77418965
vt 0.65836811 0.77774203
vt 0.66385323 0.79077542
vt 0.65928924 0.80089140
vt 0.66489667 0.66519910
vt 0.65954375 0.84788632
vt 0.65535462 0.88578236
vt 0.65834308 0.86923367
vt 0.65509164 0.70181924
vt 0.65728295 0.69026130
vt 0.65953827 0.67844462
vt 0.66617721 0.65539312
vt 0.67285866 0.63526458
vt 0.67229700 0.62754172
vt 0.76443183 0.76743335
vt 0.76636833 0.76155430
vt 0.76386052 0.75674742
vt 0.76674914 0.74924988
vt 0.76844674 0.76863581
vt 0.76848072 0.78179610
vt 0.76538813 0.77737671
vt 0.76573050 0.78905272
vt 0.76473230 0.75048459
vt 0.76334143 0.74187541
vt 0.76508129 0.73172504
vt 0.76225358 0.72803700
vt 0.76921630 0.72862387
vt 0.76808828 0.79791039
vt 0.76493865 0.79792148
vt 0.76631254 0.80618393
vt 0.76880831 0.81048155
vt 0.76544338 0.81374538
vt 0.76815289 0.82376593
vt 0.76503044 0.82383090
vt 0.76725483 0.83438408
vt 0.76519966 0.83361733
vt 0.76755339 0.84575683
vt 0.76439309 0.72135115
vt 0.76791024 0.71267587
vt 0.76591730 0.70603609
vt 0.77674580 0.72020936
vt 0.77052301 0.69858658
vt 0.78217882 0.70977908
vt 0.78440833 0.72681147
vt 0.78371996 0.73949504
vt 0.77654034 0.73554450
vt 0.77809578 0.74943626
vt 0.78642607 0.75743753
vt 0.77928215 0.76113981
vt 0.78742135 0.77150124
vt 0.78235203 0.78089100
vt 0.78864658 0.78883320
vt 0.77030724 0.84199464
vt 0.78275996 0.79858476
vt 0.78862828 0.80290502
vt 0.78755957 0.81356210
vt 0.77214003 0.85694033
vt 0.76860434 0.86351097
vt 0.77616709 0.87854463
vt 0.77003044 0.88223720
vt 0.77118230 0.77320802
vt 0.77949297 0.85411203
vt 0.77804250 0.84297061
vt 0.77485502 0.82456845
vt 0.78021413 0.82622713
vt 0.78679830 0.83655655
vt 0.77573222 0.80873334
vt 0.77313107 0.78567004
vt 0.77835035 0.79769987
vt 0.78639811 0.84821784
vt 0.78165430 0.87386823
vt 0.77744287 0.88900113
vt 0.77002156 0.89007604
vt 0.76508474 0.87267458
vt 0.76566100 0.86496979
vt 0.77679574 0.89460325
vt 0.76596290 0.85651010
vt 0.76788586 0.89425796
vt 0.76576722 0.88305223
vt 0.79444122 0.77884895
vt 0.79341310 0.79318190
vt 0.78420150 0.70190579
vt 0.77039039 0.68603718
vt 0.78365296 0.89070803
vt 0.78620738 0.86261529
vt 0.79206693 0.83010393
vt 0.79286873 0.81541473
vt 0.78147393 0.89656121
vt 0.79103833 0.84800565
vt 0.79019421 0.74903607
vt 0.78735936 0.88077748
vt 0.76389611 0.84571600
vt 0.79395068 0.76306325
vt 0.78213757 0.68780994
vt 0.77028108 0.67268848
vt 0.76651448 0.69349343
vt 0.78960937 0.70892465
vt 0.76204938 0.81049824
vt 0.75713736 0.89132750
vt 0.76170695 0.89463645
vt 0.76221406 0.71277511
vt 0.79365331 0.85083568
vt 0.75310779 0.89659542
vt 0.75129992 0.89408624
vt 0.74517834 0.89626652
vt 0.74160188 0.89082748
vt 0.73306036 0.89520371
vt 0.74838179 0.88720584
vt 0.75217462 0.87832022
vt 0.74136972 0.89955920
vt 0.73635101 0.87385863
vt 0.74372536 0.85971022
vt 0.73413718 0.85107452
vt 0.72728503 0.86136109
vt 0.72590911 0.83516908
vt 0.72182232 0.85016268
vt 0.72654885 0.81040752
vt 0.73622084 0.83638996
vt 0.74497378 0.84637660
vt 0.73288500 0.80324364
vt 0.72634071 0.79406655
vt 0.73279959 0.78369206
vt 0.72607708 0.78025556
vt 0.73229140 0.77024740
vt 0.73755676 0.77316862
vt 0.73372591 0.75929672
vt 0.74024671 0.75842005
vt 0.73701435 0.74679703
vt 0.79495203 0.83771145
vt 0.79526037 0.81641185
vt 0.73752618 0.78802580
vt 0.74218047 0.82815313
vt 0.78770888 0.72790986
vt 0.74129766 0.74052018
vt 0.79579598 0.79657179
vt 0.74084377 0.72636521
vt 0.76012290 0.88207912
vt 0.76301789 0.86235648
vt 0.76122761 0.69986558
vt 0.74985904 0.86224246
vt 0.74061143 0.77386707
vt 0.74067307 0.78571439
vt 0.74988979 0.84803683
vt 0.79607689 0.71984869
vt 0.79435450 0.73664218
vt 0.79799861 0.75661010
vt 0.80006349 0.74908733
vt 0.79979622 0.73149127
vt 0.76355428 0.77939516
vt 0.75612670 0.87480730
vt 0.76249051 0.68031728
vt 0.78888375 0.69688779
vt 0.78762507 0.89432502
vt 0.73317820 0.74265558
vt 0.74086344 0.81163973
vt 0.79213065 0.89173692
vt 0.76277804 0.79091024
vt 0.79930663 0.77287471
vt 0.76133376 0.82592320
vt 0.74723619 0.82444340
vt 0.78121650 0.67538655
vt 0.73446858 0.72620034
vt 0.74248624 0.71236205
vt 0.74259382 0.70245337
vt 0.74654865 0.70091057
vt 0.74621004 0.72712862
vt 0.74723423 0.71316004
vt 0.74652326 0.68500006
vt 0.74305809 0.68684304
vt 0.79407704 0.86815143
vt 0.75647831 0.69182718
vt 0.75214797 0.68617260
vt 0.76115674 0.76607621
vt 0.80357754 0.75675011
vt 0.73613733 0.69608003
vt 0.76216727 0.79845506
vt 0.75482196 0.67637122
vt 0.74581617 0.74913532
vt 0.76243967 0.66820657
vt 0.76045364 0.72337407
vt 0.75910705 0.86989415
vt 0.76877224 0.66196966
vt 0.79242015 0.70259315
vt 0.79423249 0.88567615
vt 0.75246131 0.84638071
vt 0.79894233 0.80386293
vt 0.79810953 0.85001737
vt 0.74523014 0.76879615
vt 0.79779589 0.71507740
vt 0.75347602 0.66955483
vt 0.75224650 0.69842255
vt 0.71894836 0.82470006
vt 0.79957408 0.83928406
vt 0.80035222 0.81524020
vt 0.72059017 0.80582350
vt 0.74539322 0.80726141
vt 0.75081551 0.82691151
vt 0.78230190 0.66816264
vt 0.78625703 0.67550111
vt 0.75699496 0.70442307
vt 0.74625647 0.78407890
vt 0.76086557 0.84189266
vt 0.80458748 0.74303699
vt 0.79975718 0.86913377
vt 0.71613085 0.84296679
vt 0.80228752 0.78969175
vt 0.79624563 0.89534211
vt 0.80343157 0.73107654
vt 0.76020259 0.75403100
vt 0.75976336 0.85408986
vt 0.75449532 0.84195638
vt 0.80313843 0.88679343
vt 0.80013150 0.89149737
vt 0.80742019 0.89118570
vt 0.81245267 0.88600111
vt 0.81414485 0.89029318
vt 0.82191056 0.88960236
vt 0.82207406 0.88571590
vt 0.81666350 0.87365508
vt 0.82577175 0.87140942
vt 0.81756514 0.86445886
vt 0.82799768 0.86561650
vt 0.81623858 0.84389800
vt 0.82536751 0.84719044
vt 0.82721531 0.84435618
vt 0.81532341 0.83584738
vt 0.81878209 0.82385683
vt 0.81018001 0.86692542
vt 0.82983786 0.87787741
vt 0.82753283 0.88868445
vt 0.82482833 0.81988519
vt 0.80984932 0.84042400
vt 0.80515397 0.86750817
vt 0.81086189 0.82068110
vt 0.81781965 0.80373996
vt 0.82943439 0.89081049
vt 0.74899602 0.80625981
vt 0.83005595 0.84063095
vt 0.80665416 0.71883351
vt 0.83246911 0.84892595
vt 0.75399441 0.70806551
vt 0.74955118 0.72672570
vt 0.76035184 0.74388939
vt 0.79462385 0.68880284
vt 0.80091435 0.68560600
vt 0.80179441 0.70531827
vt 0.80285126 0.70278466
vt 0.80850995 0.69688535
vt 0.81180394 0.70787638
vt 0.81526136 0.72068840
vt 0.80896717 0.72802186
vt 0.81653482 0.72991014
vt 0.81516773 0.74217421
vt 0.79748106 0.67724025
vt 0.79115021 0.66835731
vt 0.81118518 0.80892521
vt 0.78283584 0.66016012
vt 0.80544037 0.78199422
vt 0.75967526 0.73126543
vt 0.77465749 0.89796937
vt 0.83292180 0.86712867
vt 0.82270628 0.73593694
vt 0.82660496 0.74697560
vt 0.82735747 0.76507390
vt 0.82213354 0.76502246
vt 0.82600057 0.78058535
vt 0.81343573 0.77103490
vt 0.81559891 0.78507870
vt 0.81430429 0.75766510
vt 0.82861823 0.80151623
vt 0.80345005 0.83380711
vt 0.82779855 0.81172651
vt 0.83091921 0.78118944
vt 0.83320922 0.80390787
vt 0.83428341 0.81998205
vt 0.82858515 0.81973541
vt 0.74866956 0.74757135
vt 0.83231103 0.76417738
vt 0.75800979 0.81922936
vt 0.80238426 0.89449322
vt 0.76626408 0.89808291
vt 0.76168358 0.89865720
vt 0.75702548 0.89905781
vt 0.74871069 0.76674283
vt 0.73496467 0.71062130
vt 0.82077390 0.89257658
vt 0.75819498 0.80037427
vt 0.74870789 0.89974803
vt 0.83195287 0.88959354
vt 0.83428341 0.88432634
vt 0.78847283 0.89704174
vt 0.75262952 0.80814910
vt 0.79076058 0.65667504
vt 0.79650307 0.66666430
vt 0.75013959 0.78393352
vt 0.75933504 0.78621972
vt 0.75299835 0.72425801
vt 0.75268453 0.74333960
vt 0.75161386 0.75722647
vt 0.75782669 0.76506460
vt 0.75255442 0.76866460
vt 0.80862463 0.89759511
vt 0.60116059 0.55581373
vt 0.59928995 0.54214221
vt 0.59671295 0.55279785
vt 0.59668791 0.54652077
vt 0.60141325 0.56501669
vt 0.59652793 0.56069297
vt 0.60219866 0.54593426
vt 0.59658319 0.56715304
vt 0.59649837 0.57478231
vt 0.59918678 0.58032990
vt 0.60219872 0.57786310
vt 0.60140157 0.58970028
vt 0.59671134 0.58534974
vt 0.59669095 0.59203219
vt 0.60099357 0.60156882
vt 0.59659719 0.59846634
vt 0.59688246 0.60312790
vt 0.59715885 0.61124122
vt 0.60125279 0.61227947
vt 0.59772253 0.61684191
vt 0.60081786 0.62441367
vt 0.59669501 0.61649936
vt 0.59875643 0.62818259
vt 0.70837659 0.49985003
vt 0.70847750 0.48719156
vt 0.70428222 0.49349880
vt 0.70699090 0.48052847
vt 0.70399022 0.48470151
vt 0.70403183 0.51013386
vt 0.70841050 0.51053792
vt 0.70424837 0.47259086
vt 0.70879531 0.47230899
vt 0.70887619 0.46224761
vt 0.70456821 0.46245992
vt 0.70410252 0.51628548
vt 0.70857942 0.52737898
vt 0.70440191 0.52702445
vt 0.70432132 0.53384405
vt 0.70887619 0.54320133
vt 0.70461780 0.54653203
vt 0.79232633 0.17325932
vt 0.78615087 0.17098784
vt 0.79355115 0.16812992
vt 0.80238545 0.17339772
vt 0.80361754 0.16853517
vt 0.81359506 0.17033774
vt 0.81528294 0.17330796
vt 0.82847506 0.16852498
vt 0.83187038 0.17303431
vt 0.81538755 0.16814131
vt 0.83835506 0.16857147
vt 0.77614975 0.16820461
vt 0.77565145 0.17330796
vt 0.75371438 0.35324419
vt 0.74864811 0.35646296
vt 0.75474751 0.36714816
vt 0.75950038 0.36384749
vt 0.74582195 0.34758997
vt 0.75203919 0.37796640
vt 0.75930661 0.37883532
vt 0.76233816 0.37076616
vt 0.76604658 0.38530564
vt 0.75670958 0.35552812
vt 0.74600130 0.36886382
vt 0.73670202 0.34502053
vt 0.76256180 0.39001083
vt 0.75552779 0.38920295
vt 0.75298017 0.34666151
vt 0.74665999 0.33730674
vt 0.74279660 0.33973563
vt 0.76115143 0.39953780
vt 0.73975497 0.32786882
vt 0.73488766 0.32965320
vt 0.77443385 0.41259176
vt 0.77430141 0.40103531
vt 0.76785171 0.41053045
vt 0.74366319 0.37310493
vt 0.77872491 0.40394139
vt 0.78420496 0.41917366
vt 0.73476046 0.30742848
vt 0.77662283 0.42394972
vt 0.75462264 0.39380705
vt 0.73194551 0.32897884
vt 0.77021825 0.38609368
vt 0.76537800 0.37308037
vt 0.72500777 0.29851431
vt 0.74279642 0.32401705
vt 0.76164699 0.40783417
vt 0.74802351 0.33274138
vt 0.75186139 0.34014058
vt 0.78383166 0.43729031
vt 0.76235813 0.36452198
vt 0.73036826 0.34420598
vt 0.72747064 0.29143530
vt 0.72568846 0.28277290
vt 0.78988785 0.43767226
vt 0.74460685 0.38172269
vt 0.73678207 0.30285811
vt 0.72658300 0.32884598
vt 0.72526151 0.31336999
vt 0.71978295 0.28761721
vt 0.72303015 0.27780366
vt 0.73954254 0.37082028
vt 0.79333705 0.44525450
vt 0.75537664 0.40224230
vt 0.78985882 0.42092681
vt 0.77110606 0.42452788
vt 0.77335626 0.42977679
vt 0.79749399 0.44195563
vt 0.74507648 0.32135332
vt 0.76235259 0.41657811
vt 0.71730775 0.27075881
vt 0.71824193 0.29651320
vt 0.77283323 0.38470483
vt 0.76851535 0.37509787
vt 0.72274339 0.32830107
vt 0.77951312 0.43955171
vt 0.78344619 0.44615388
vt 0.73521107 0.36807239
vt 0.80166131 0.45649087
vt 0.80622053 0.45059925
vt 0.73219854 0.28371644
vt 0.74041545 0.38048077
vt 0.72575521 0.35390449
vt 0.77757877 0.39474261
vt 0.72176397 0.26989704
vt 0.75692677 0.35116982
vt 0.74802369 0.39808846
vt 0.75475276 0.40859371
vt 0.79906052 0.43318129
vt 0.80785578 0.44122553
vt 0.81694561 0.45026302
vt 0.71479827 0.29656374
vt 0.71122694 0.27722025
vt 0.70743316 0.26543361
vt 0.71608454 0.31038368
vt 0.71753395 0.32874745
vt 0.72621202 0.36484909
vt 0.75004286 0.33049273
vt 0.73898792 0.29912114
vt 0.71645731 0.25019145
vt 0.71091932 0.25195897
vt 0.81133521 0.45675242
vt 0.78723067 0.45456827
vt 0.72668654 0.26443815
vt 0.72717249 0.24632353
vt 0.78182864 0.40407664
vt 0.78755581 0.41142774
vt 0.79255891 0.42175269
vt 0.82358223 0.45474762
vt 0.74314696 0.30974317
vt 0.73065865 0.26482189
vt 0.77301055 0.43935156
vt 0.76577443 0.43204653
vt 0.72296828 0.35624802
vt 0.82434970 0.43964845
vt 0.83035946 0.44408083
vt 0.81567508 0.44383168
vt 0.81793350 0.42942560
vt 0.80748361 0.43444693
vt 0.82121968 0.42154145
vt 0.81418872 0.42258829
vt 0.81485909 0.40860260
vt 0.80999070 0.41277069
vt 0.80319530 0.40052128
vt 0.81002825 0.39922762
vt 0.81436110 0.39767194
vt 0.80456853 0.39107728
vt 0.80512309 0.38248396
vt 0.79941231 0.37889469
vt 0.79816765 0.36114240
vt 0.79412085 0.35825121
vt 0.78987187 0.36248511
vt 0.78180158 0.34414673
vt 0.78877431 0.34206849
vt 0.78165811 0.32993495
vt 0.79805630 0.38775527
vt 0.79326850 0.38141656
vt 0.73338801 0.38157177
vt 0.74076837 0.38965595
vt 0.77812552 0.33068043
vt 0.77341753 0.32172060
vt 0.77205718 0.31148255
vt 0.76218677 0.30064082
vt 0.77413619 0.31000531
vt 0.76578552 0.29713488
vt 0.76170760 0.28997791
vt 0.75818366 0.29438496
vt 0.74732393 0.32017136
vt 0.75229627 0.33091056
vt 0.74452490 0.40004963
vt 0.70894736 0.29945385
vt 0.71293771 0.32870531
vt 0.73590714 0.25671196
vt 0.73630464 0.24286652
vt 0.75027424 0.27334058
vt 0.75552022 0.26878393
vt 0.74913549 0.25876319
vt 0.74318254 0.26232499
vt 0.74186355 0.24810731
vt 0.73873127 0.28467238
vt 0.80513465 0.42874116
vt 0.70500410 0.27992511
vt 0.77612460 0.38638437
vt 0.76143199 0.35773504
vt 0.76363486 0.31277549
vt 0.73990196 0.26668775
vt 0.75211835 0.29064798
vt 0.78115547 0.35593784
vt 0.76823103 0.37026477
vt 0.72719359 0.37473464
vt 0.74232322 0.24291778
vt 0.73262161 0.24130988
vt 0.73642784 0.23844254
vt 0.74945623 0.40965021
vt 0.77922606 0.45145535
vt 0.70369893 0.25460708
vt 0.73904252 0.39290965
vt 0.80771172 0.42056102
vt 0.71410310 0.34775674
vt 0.75586402 0.41885751
vt 0.78674060 0.36557245
vt 0.77848804 0.34548736
vt 0.73570555 0.27277261
vt 0.79921609 0.40832359
vt 0.79583311 0.39733666
vt 0.76978302 0.32606626
vt 0.75418764 0.33848441
vt 0.70484495 0.30473936
vt 0.76001745 0.42896819
vt 0.79188782 0.46212435
vt 0.71705621 0.24532914
vt 0.72522575 0.24280518
vt 0.70688874 0.33331335
vt 0.74527001 0.23951799
vt 0.78525037 0.40375227
vt 0.72189450 0.36751699
vt 0.70341253 0.25132966
vt 0.74275219 0.27854902
vt 0.71498209 0.35811985
vt 0.75689590 0.30302882
vt 0.79795015 0.41938215
vt 0.71073329 0.24746692
vt 0.69857168 0.27976274
vt 0.74341553 0.29930484
vt 0.81112802 0.47222066
vt 0.79854864 0.46856129
vt 0.78647792 0.37942970
vt 0.69630522 0.25729340
vt 0.69341850 0.25402105
vt 0.79236627 0.39709073
vt 0.69957507 0.30734515
vt 0.75811571 0.34841251
vt 0.77302259 0.34538007
vt 0.82087028 0.46663487
vt 0.77744603 0.36117649
vt 0.78011376 0.38144672
vt 0.69686252 0.29648352
vt 0.76203239 0.32770574
vt 0.69843692 0.32356340
vt 0.75785923 0.31752068
vt 0.70648974 0.35300517
vt 0.82948899 0.45445395
vt 0.69822437 0.33570313
vt 0.68975878 0.25926191
vt 0.69256997 0.27966231
vt 0.74941117 0.31508261
vt 0.76910889 0.34875250
vt 0.82765049 0.46943778
vt 0.74687648 0.29490161
vt 0.69279748 0.30891180
vt 0.75274974 0.30833435
vt 0.68933225 0.30760729
vt 0.70156682 0.24999017
vt 0.83394569 0.46568847
vt 0.76168013 0.34587020
vt 0.83651841 0.45344138
vt 0.84702808 0.31220877
vt 0.83781308 0.31929755
vt 0.84478164 0.32197368
vt 0.83930653 0.31372392
vt 0.83112031 0.30868256
vt 0.83226031 0.30207622
vt 0.82845068 0.29297626
vt 0.82070178 0.28655469
vt 0.82514131 0.28353649
vt 0.81806153 0.27720332
vt 0.82568520 0.27748024
vt 0.82994312 0.31030905
vt 0.83274436 0.28923929
vt 0.83201110 0.28057492
vt 0.84428340 0.29150772
vt 0.84258348 0.29603231
vt 0.84594208 0.29530233
vt 0.84677196 0.30399382
vt 0.83764052 0.27975452
vt 0.84620780 0.32966745
vt 0.82280952 0.26849103
vt 0.81551242 0.26590598
vt 0.83147204 0.26978981
vt 0.84965670 0.29208755
vt 0.84622848 0.28657818
vt 0.82226282 0.29631078
vt 0.81491011 0.28500581
vt 0.81141406 0.27119279
vt 0.83966810 0.27521181
vt 0.81267208 0.29749262
vt 0.80639839 0.28633666
vt 0.82015502 0.31096101
vt 0.80595136 0.29536200
vt 0.80672866 0.31102973
vt 0.81478995 0.30757159
vt 0.81847084 0.32109791
vt 0.81211984 0.32484484
vt 0.82037777 0.33166265
vt 0.82551861 0.32528758
vt 0.82909304 0.33537054
vt 0.82179779 0.33854640
vt 0.82818061 0.34484947
vt 0.80120140 0.29229426
vt 0.83751535 0.33957094
vt 0.83657140 0.33325243
vt 0.79676151 0.28055638
vt 0.79091018 0.27827543
vt 0.78914064 0.27294683
vt 0.79717183 0.27508307
vt 0.79113042 0.26416290
vt 0.78436190 0.25724077
vt 0.83893925 0.34858322
vt 0.80189782 0.30793083
vt 0.80660278 0.27775079
vt 0.83489287 0.35903037
vt 0.78648692 0.24860132
vt 0.78364313 0.24957597
vt 0.78309858 0.23546618
vt 0.77756828 0.23958874
vt 0.77767795 0.22857720
vt 0.84236670 0.34835196
vt 0.77189696 0.23071986
vt 0.84839106 0.32209605
vt 0.78214741 0.25848722
vt 0.81111044 0.33298206
vt 0.82565093 0.36044848
vt 0.83367312 0.36918890
vt 0.81972444 0.34604585
vt 0.82921898 0.38276190
vt 0.83242637 0.38476133
vt 0.83661979 0.37901729
vt 0.83760959 0.38333386
vt 0.84220701 0.37213141
vt 0.84433508 0.36408150
vt 0.79668134 0.30084425
vt 0.79074675 0.28545249
vt 0.77510679 0.22524166
vt 0.76953346 0.22753292
vt 0.78449589 0.22204953
vt 0.77162319 0.24419564
vt 0.76643640 0.23276269
vt 0.76469314 0.22919142
vt 0.80322230 0.32535481
vt 0.78678918 0.27818441
vt 0.84431791 0.38296616
vt 0.84571743 0.34283209
vt 0.78653044 0.22726870
vt 0.78934693 0.22349107
vt 0.77819449 0.26091719
vt 0.76213980 0.24146426
vt 0.75654149 0.23593873
vt 0.79377222 0.25872153
vt 0.83158439 0.39994472
vt 0.82812768 0.39455867
vt 0.79441714 0.31025684
vt 0.78248101 0.29494321
vt 0.78473634 0.30959004
vt 0.79027796 0.33020151
vt 0.79370207 0.33310318
vt 0.77891374 0.30204421
vt 0.82264745 0.37718749
vt 0.81681699 0.36207181
vt 0.81809986 0.38815010
vt 0.81646860 0.37835592
vt 0.80305403 0.35087883
vt 0.80595714 0.34312099
vt 0.75892407 0.23092628
vt 0.76875442 0.25596076
vt 0.77107191 0.29495496
vt 0.77569336 0.27854711
vt 0.75527853 0.24418634
vt 0.76886356 0.28101635
vt 0.75726718 0.25759286
vt 0.75333911 0.23305351
vt 0.79667020 0.34571481
vt 0.83841348 0.39102149
vt 0.83538681 0.40302169
vt 0.83353585 0.41181684
vt 0.83819950 0.41399646
vt 0.84219331 0.40530813
vt 0.83581799 0.42332220
vt 0.84042966 0.42031419
vt 0.83790654 0.43411314
vt 0.82463032 0.41093546
vt 0.81835729 0.40781736
vt 0.83055675 0.41609925
vt 0.81868774 0.39726764
vt 0.81272680 0.38094753
vt 0.80760098 0.36859488
vt 0.83285058 0.42847514
vt 0.74836361 0.24484974
vt 0.76342022 0.28303415
vt 0.78308243 0.32735711
vt 0.79075551 0.33741921
vt 0.74529743 0.23557234
vt 0.84642708 0.39033693
vt 0.83371949 0.43826401
vt 0.84564674 0.41244602
vt 0.84493095 0.41954589
vt 0.84418845 0.39751881
vt 0.82969385 0.43440419
vt 0.85219872 0.29593641
vt 0.84308624 0.43899995
vt 0.84577966 0.43708956
vt 0.83895308 0.44152987
vt 0.85066348 0.30996227
vt 0.82041591 0.25810134
vt 0.79340541 0.22878218
vt 0.79995835 0.23479813
vt 0.81092525 0.26051033
vt 0.84355038 0.27527100
vt 0.84754360 0.37293029
vt 0.84938967 0.38223606
vt 0.80250072 0.26591778
vt 0.85142654 0.40469944
vt 0.80262893 0.21913916
vt 0.80328536 0.21677387
vt 0.83289599 0.26477969
vt 0.85119450 0.41218382
vt 0.85084009 0.28539658
vt 0.84943897 0.33573222
vt 0.81161755 0.22408795
vt 0.81244421 0.23050922
vt 0.80312216 0.24368346
vt 0.81635463 0.23783523
vt 0.80764115 0.24760813
vt 0.82084000 0.24773306
vt 0.81865895 0.23104453
vt 0.84819376 0.36102092
vt 0.82894790 0.25528347
vt 0.85168397 0.41845822
vt 0.85046357 0.42778897
vt 0.82302231 0.24260044
vt 0.79154116 0.24258059
vt 0.79619986 0.25325739
vt 0.80638009 0.26293278
vt 0.84080541 0.45639956
vt 0.81305665 0.21475053
vt 0.84504622 0.45478994
vt 0.84185565 0.46852374
vt 0.84556633 0.46755803
vt 0.82782710 0.24938321
vt 0.84903651 0.27597916
vt 0.84350783 0.27077210
vt 0.83873260 0.26428539
vt 0.83772451 0.47409809
vt 0.79874092 0.21466196
vt 0.78103697 0.22135162
vt 0.77370280 0.22301733
vt 0.84423500 0.47730517
vt 0.85008854 0.47718966
vt 0.84577233 0.48315644
vt 0.85219872 0.48419666
vt 0.06173280 0.67582667
vt 0.05495680 0.67048788
vt 0.06056659 0.66890353
vt 0.05173426 0.67757463
vt 0.05148535 0.67029542
vt 0.05907297 0.68500048
vt 0.05177504 0.66068673
vt 0.06101907 0.65977943
vt 0.05523820 0.65763283
vt 0.04738226 0.66806400
vt 0.05224152 0.65115678
vt 0.04881465 0.65694147
vt 0.04741440 0.67566717
vt 0.06178161 0.64805824
vt 0.05694632 0.64702874
vt 0.05384031 0.64487749
vt 0.06429303 0.65150064
vt 0.06538655 0.66178566
vt 0.06474409 0.66948360
vt 0.05231253 0.68523979
vt 0.05373355 0.69733858
vt 0.05879733 0.69752175
vt 0.06379802 0.69783312
vt 0.06373785 0.70460081
vt 0.04871587 0.69534600
vt 0.04791874 0.68357879
vt 0.05672954 0.70633686
vt 0.04974590 0.70138556
vt 0.04600977 0.69171953
vt 0.05632420 0.71132791
vt 0.06630445 0.71146011
vt 0.06882220 0.70472544
vt 0.07130639 0.70872396
vt 0.07370511 0.71580708
vt 0.06892943 0.71921581
vt 0.07802351 0.72239858
vt 0.07849331 0.71312588
vt 0.08548997 0.72215569
vt 0.08266687 0.71229577
vt 0.07276533 0.72445375
vt 0.08778544 0.72932851
vt 0.09290479 0.72547686
vt 0.08875608 0.71485621
vt 0.09818278 0.73349845
vt 0.09527537 0.71921611
vt 0.10209546 0.72908109
vt 0.10485313 0.73559189
vt 0.11073629 0.73387253
vt 0.11498348 0.72732353
vt 0.10539164 0.72012389
vt 0.11990301 0.73400182
vt 0.11872752 0.73868173
vt 0.12884711 0.74079418
vt 0.12610316 0.74590379
vt 0.13725132 0.74901766
vt 0.13966347 0.74436474
vt 0.14970955 0.75289565
vt 0.11477333 0.74189192
vt 0.14348449 0.75686842
vt 0.15420566 0.75960189
vt 0.16444665 0.76119232
vt 0.07302109 0.69674504
vt 0.06707939 0.69270241
vt 0.06982023 0.68823141
vt 0.06521143 0.67930710
vt 0.07609309 0.70397806
vt 0.07713822 0.69431442
vt 0.07900865 0.70004380
vt 0.07255056 0.69024473
vt 0.07836914 0.68622589
vt 0.08238541 0.69085306
vt 0.07277127 0.68129158
vt 0.06839534 0.67586434
vt 0.07767695 0.67782646
vt 0.07326261 0.67445183
vt 0.08144759 0.67642653
vt 0.08324583 0.67890352
vt 0.08501318 0.70362836
vt 0.06815380 0.66593140
vt 0.07941450 0.66498464
vt 0.07461260 0.66635281
vt 0.07142700 0.66648710
vt 0.08268934 0.66446137
vt 0.07503693 0.65483510
vt 0.07200132 0.65570360
vt 0.06742484 0.65852559
vt 0.08220254 0.65213710
vt 0.08694871 0.66659123
vt 0.08875261 0.68543893
vt 0.08765149 0.67780191
vt 0.07044731 0.64272511
vt 0.08746932 0.65350050
vt 0.07983028 0.63653588
vt 0.06811081 0.65167081
vt 0.07438126 0.63453013
vt 0.08638565 0.63572228
vt 0.06877694 0.63841230
vt 0.08212247 0.62829149
vt 0.08844075 0.69456375
vt 0.08626785 0.62848026
vt 0.09089058 0.70631236
vt 0.09874563 0.69211185
vt 0.10284209 0.68800229
vt 0.11350847 0.69205928
vt 0.10925609 0.69650853
vt 0.09993344 0.69910967
vt 0.10828529 0.70679474
vt 0.09946945 0.71109474
vt 0.10812921 0.71671087
vt 0.11577569 0.72403985
vt 0.11574701 0.71524048
vt 0.12295811 0.72895879
vt 0.12988403 0.73679787
vt 0.13225980 0.73289597
vt 0.12947659 0.72286981
vt 0.12749079 0.71823943
vt 0.13959527 0.73932719
vt 0.14597978 0.72378725
vt 0.14173180 0.72678566
vt 0.11953748 0.71222150
vt 0.14886394 0.74560064
vt 0.14933960 0.73163718
vt 0.15100627 0.74993390
vt 0.15111068 0.72963971
vt 0.16328263 0.75200897
vt 0.16106665 0.75533164
vt 0.17171399 0.75851417
vt 0.18719442 0.75746083
vt 0.18444984 0.76217854
vt 0.17142154 0.74211830
vt 0.18592891 0.74943095
vt 0.17873202 0.74172032
vt 0.18706788 0.74428529
vt 0.19638239 0.75332886
vt 0.16510707 0.74357796
vt 0.16370152 0.73728728
vt 0.15644267 0.74142981
vt 0.15543543 0.73508537
vt 0.19902709 0.74703664
vt 0.20474063 0.76144236
vt 0.19710702 0.76539350
vt 0.21183304 0.76255643
vt 0.21094127 0.75222081
vt 0.22091690 0.75928730
vt 0.21223733 0.74734920
vt 0.22797106 0.74998713
vt 0.21213460 0.77052242
vt 0.22616418 0.76606297
vt 0.23360983 0.76024085
vt 0.24623200 0.75345540
vt 0.16972727 0.73800719
vt 0.25426909 0.76358902
vt 0.26539180 0.75555748
vt 0.24292584 0.76792234
vt 0.15372311 0.72898722
vt 0.26700690 0.76678920
vt 0.28714985 0.76233143
vt 0.24149491 0.74846107
vt 0.21460538 0.74253494
vt 0.28053889 0.75441980
vt 0.20274097 0.77106529
vt 0.29536131 0.76267976
vt 0.25497544 0.74915493
vt 0.29960459 0.75378042
vt 0.30542374 0.76593524
vt 0.30881879 0.75245452
vt 0.31143779 0.75642675
vt 0.31036296 0.76475930
vt 0.31252253 0.74592084
vt 0.30990350 0.74059224
vt 0.31530842 0.73772395
vt 0.30971441 0.73338413
vt 0.31713915 0.73135746
vt 0.31299654 0.72382861
vt 0.31986845 0.72169030
vt 0.31504104 0.71286148
vt 0.32195121 0.71007431
vt 0.31754190 0.70637208
vt 0.32715717 0.69315368
vt 0.32503095 0.70506793
vt 0.32305229 0.71241915
vt 0.33033583 0.69532281
vt 0.33242267 0.68992072
vt 0.32141018 0.69925255
vt 0.32447362 0.68963826
vt 0.30850744 0.71930295
vt 0.30253646 0.72470808
vt 0.30029619 0.70913208
vt 0.29752907 0.71668744
vt 0.30336893 0.70153970
vt 0.30949739 0.69349182
vt 0.31760743 0.68824869
vt 0.29861397 0.73017901
vt 0.31578153 0.74139392
vt 0.29484937 0.72194493
vt 0.30192608 0.73869461
vt 0.33074388 0.68340397
vt 0.30790985 0.67933601
vt 0.31879789 0.67666483
vt 0.32636189 0.70401555
vt 0.29933885 0.69193411
vt 0.29321966 0.73491794
vt 0.33420411 0.68619335
vt 0.28882682 0.72655511
vt 0.30252090 0.68337959
vt 0.22916122 0.77464396
vt 0.29776105 0.74578679
vt 0.29418236 0.69802260
vt 0.29223382 0.70679331
vt 0.26286492 0.77030504
vt 0.24787398 0.77084148
vt 0.29434964 0.76919889
vt 0.28270030 0.76749402
vt 0.12934475 0.71230143
vt 0.30834338 0.77333438
vt 0.30323929 0.77053237
vt 0.20200644 0.74329501
vt 0.31412259 0.74958616
vt 0.28955141 0.71331578
vt 0.28781211 0.71994257
vt 0.29255250 0.74326664
vt 0.18519375 0.76733023
vt 0.11858930 0.69367278
vt 0.12090734 0.70378935
vt 0.33240891 0.67211634
vt 0.33552006 0.67951155
vt 0.33571160 0.67055368
vt 0.33797765 0.67452079
vt 0.33669454 0.66429585
vt 0.33944127 0.66612732
vt 0.32570288 0.66200233
vt 0.30955005 0.67236251
vt 0.32082620 0.66521591
vt 0.34039420 0.65283918
vt 0.34410828 0.65567315
vt 0.30317956 0.67306995
vt 0.28537780 0.73304045
vt 0.32834807 0.65027028
vt 0.34702581 0.64866459
vt 0.31655189 0.64261782
vt 0.33289632 0.63711387
vt 0.34407336 0.64376646
vt 0.31209186 0.66352946
vt 0.19279106 0.74341911
vt 0.28270704 0.68972999
vt 0.28838018 0.68061930
vt 0.27669290 0.69604182
vt 0.14018552 0.71609604
vt 0.28429043 0.74890780
vt 0.26873067 0.75023264
vt 0.27737084 0.70344257
vt 0.27639347 0.70992929
vt 0.26831689 0.70762092
vt 0.27171099 0.71628976
vt 0.26299745 0.71374959
vt 0.26510724 0.72302312
vt 0.25580263 0.71730095
vt 0.25328937 0.70947850
vt 0.24347930 0.71068722
vt 0.24918681 0.71874565
vt 0.23805247 0.71610874
vt 0.23081876 0.70809203
vt 0.22331570 0.71108794
vt 0.22673179 0.71969461
vt 0.21095191 0.71622127
vt 0.25553742 0.72258037
vt 0.28637359 0.74173212
vt 0.28176105 0.74035180
vt 0.27599072 0.71865487
vt 0.27214155 0.72682840
vt 0.17712551 0.76780558
vt 0.32737631 0.62692559
vt 0.32164356 0.62417746
vt 0.34903175 0.64268631
vt 0.35184336 0.63543499
vt 0.30900893 0.63782907
vt 0.31032026 0.64769912
vt 0.31666049 0.62426150
vt 0.32246825 0.61859888
vt 0.30232763 0.66414237
vt 0.29337618 0.67143083
vt 0.34770644 0.63383418
vt 0.33684248 0.62566531
vt 0.34229091 0.66249651
vt 0.32916203 0.61522293
vt 0.31662148 0.61774188
vt 0.32112306 0.61022383
vt 0.30539194 0.62780547
vt 0.32733297 0.60919750
vt 0.32300827 0.60359967
vt 0.33402705 0.61611289
vt 0.34976074 0.62702513
vt 0.35219869 0.63099724
vt 0.30149287 0.62187427
vt 0.31158769 0.60661709
vt 0.28922215 0.65848035
vt 0.29403177 0.65769762
vt 0.28861064 0.65169728
vt 0.30187872 0.63249671
vt 0.21655929 0.77682430
vt 0.30484569 0.65670860
vt 0.30451700 0.64629626
vt 0.35105693 0.63924670
vt 0.25176230 0.72647774
vt 0.34235466 0.67030650
vt 0.25776973 0.77538586
vt 0.26327690 0.73023659
vt 0.28929836 0.77309138
vt 0.29938987 0.77769589
vt 0.27661443 0.77500468
vt 0.30410889 0.77919227
vt 0.30712569 0.77883345
vt 0.24237075 0.74610466
vt 0.22542825 0.74191719
vt 0.23656341 0.77919227
vt 0.13316290 0.69546777
vt 0.13397875 0.70226246
vt 0.14169058 0.71097666
vt 0.22079508 0.72319865
vt 0.16049191 0.73221183
vt 0.18353708 0.74187869
vt 0.27074087 0.73328912
vt 0.23748267 0.72772145
vt 0.14234611 0.70343786
vt 0.14567183 0.71622968
vt 0.14954901 0.72345597
vt 0.20940387 0.72444797
vt 0.19570179 0.72218961
vt 0.20138869 0.71314663
vt 0.18953764 0.71744889
vt 0.18031271 0.72554576
vt 0.17235945 0.71756351
vt 0.16822289 0.72337246
vt 0.16371065 0.71481961
vt 0.27283704 0.74505842
vt 0.26783067 0.73666495
vt 0.14251456 0.69735587
vt 0.21793373 0.72652948
vt 0.19257437 0.73224378
vt 0.15184712 0.70834881
vt 0.25775662 0.73436230
vt 0.25853226 0.74505377
vt 0.15725474 0.71957397
vt 0.22703478 0.73173147
vt 0.20336828 0.73452121
vt 0.18218870 0.73312205
vt 0.24036452 0.74076807
vt 0.15933721 0.72774738
vt 0.16865027 0.72790295
vt 0.21311668 0.64380187
vt 0.20558709 0.65283710
vt 0.19967535 0.63979942
vt 0.21493731 0.65089548
vt 0.19524948 0.64577746
vt 0.18603770 0.64270395
vt 0.18987100 0.63627154
vt 0.17218150 0.63834149
vt 0.22784235 0.64335430
vt 0.17598674 0.63379693
vt 0.23130958 0.63832068
vt 0.21577998 0.63714063
vt 0.16342221 0.63425028
vt 0.15483598 0.63646066
vt 0.23935290 0.64142072
vt 0.22904173 0.64933580
vt 0.22506003 0.65419316
vt 0.21188578 0.65687549
vt 0.24730574 0.63650519
vt 0.20562041 0.66208231
vt 0.24954361 0.64225572
vt 0.25694475 0.63670003
vt 0.14550063 0.63430655
vt 0.14632162 0.63814783
vt 0.13186643 0.63514358
vt 0.13129759 0.63878846
vt 0.12004329 0.63691908
vt 0.21589065 0.65966755
vt 0.11996594 0.63137561
vt 0.11344636 0.63413739
vt 0.23684205 0.63414431
vt 0.18595430 0.63190526
vt 0.20755094 0.63391638
vt 0.26115969 0.64234751
vt 0.26545829 0.63794816
vt 0.22250274 0.65836507
vt 0.22898813 0.65894270
vt 0.25877541 0.63254690
vt 0.16906448 0.63105071
vt 0.27160856 0.63405269
vt 0.26550353 0.63045549
vt 0.14756839 0.63190538
vt 0.13172406 0.62863493
vt 0.22319090 0.63317931
vt 0.24156559 0.65769017
vt 0.24492820 0.66094685
vt 0.26374254 0.65789419
vt 0.25627533 0.65362239
vt 0.26472420 0.66298282
vt 0.27660760 0.66613638
vt 0.27168185 0.65525299
vt 0.28255185 0.66495121
vt 0.19979787 0.65766871
vt 0.14220148 0.64129078
vt 0.19191791 0.65194237
vt 0.15360521 0.63964546
vt 0.16461058 0.64267057
vt 0.27598655 0.65067148
vt 0.28174758 0.65739232
vt 0.27241135 0.64084995
vt 0.19485916 0.66109645
vt 0.18387632 0.64907908
vt 0.18636298 0.65935719
vt 0.17415859 0.65502954
vt 0.19170281 0.65928477
vt 0.12990908 0.64409935
vt 0.11496904 0.63720042
vt 0.18774126 0.66186631
vt 0.18041556 0.66303313
vt 0.14439744 0.64863151
vt 0.15912177 0.65039247
vt 0.17795818 0.66046065
vt 0.12020208 0.64868647
vt 0.28103158 0.65021890
vt 0.16888633 0.66029930
vt 0.17632288 0.66217881
vt 0.16604857 0.66214752
vt 0.16184245 0.66043681
vt 0.15964662 0.66259021
vt 0.15204474 0.66133767
vt 0.15298887 0.66387028
vt 0.14606568 0.66361547
vt 0.14079243 0.66321367
vt 0.14030294 0.66482598
vt 0.13519134 0.66416043
vt 0.13313003 0.66595352
vt 0.12687115 0.66558665
vt 0.12601338 0.66790444
vt 0.11897983 0.66636056
vt 0.11619456 0.66938335
vt 0.11054613 0.66813266
vt 0.11154798 0.66140079
vt 0.09991730 0.66409546
vt 0.10477427 0.67214411
vt 0.09356812 0.66907454
vt 0.10634712 0.65392160
vt 0.10330435 0.67624712
vt 0.09841045 0.68214720
vt 0.09465113 0.65387183
vt 0.10055794 0.65444285
vt 0.12799120 0.65945071
vt 0.13901292 0.65377080
vt 0.12777047 0.65228683
vt 0.11214646 0.65389961
vt 0.11046101 0.67238623
vt 0.11708787 0.64488077
vt 0.10759676 0.64784288
vt 0.10973524 0.68508786
vt 0.11271794 0.67627472
vt 0.12976274 0.68726701
vt 0.13076611 0.68244523
vt 0.15003635 0.68549395
vt 0.14649735 0.68986100
vt 0.15783276 0.69262159
vt 0.16608484 0.68907994
vt 0.17295989 0.69896322
vt 0.18522511 0.69608438
vt 0.19163796 0.69260466
vt 0.17036128 0.68438697
vt 0.19467540 0.68782771
vt 0.16235654 0.68232548
vt 0.20887667 0.69110036
vt 0.19951978 0.68218833
vt 0.22039604 0.68716764
vt 0.22075762 0.69406325
vt 0.18297161 0.68439966
vt 0.19141725 0.67977345
vt 0.20870811 0.67673331
vt 0.22175051 0.68056071
vt 0.23135403 0.68302029
vt 0.23022625 0.69116592
vt 0.18377109 0.67806429
vt 0.21867031 0.67296028
vt 0.23355336 0.67435700
vt 0.22592193 0.66808897
vt 0.24274616 0.68773758
vt 0.19940111 0.67379272
vt 0.21144953 0.66893011
vt 0.23391594 0.67123830
vt 0.17196263 0.67742670
vt 0.24736550 0.67889059
vt 0.14781101 0.68150389
vt 0.24924615 0.67642015
vt 0.24190533 0.69320303
vt 0.10339527 0.64536113
vt 0.09057102 0.64317703
vt 0.22351271 0.66437429
vt 0.15183203 0.67911345
vt 0.22968073 0.69664818
vt 0.18775316 0.67227131
vt 0.25257266 0.69048089
vt 0.21260712 0.69782495
vt 0.13637951 0.67797178
vt 0.12944269 0.67978281
vt 0.11849613 0.67949492
vt 0.12500894 0.67445791
vt 0.25984508 0.68328398
vt 0.10738943 0.64258456
vt 0.25231111 0.69647723
vt 0.23012848 0.66672015
vt 0.10532106 0.63517702
vt 0.08540022 0.64250797
vt 0.24710537 0.70120442
vt 0.26146641 0.69230372
vt 0.22311889 0.70136547
vt 0.14566171 0.67605829
vt 0.19887903 0.70069802
vt 0.19591650 0.66873622
vt 0.26375633 0.68026012
vt 0.20156369 0.66424268
vt 0.09766229 0.63588977
vt 0.09515539 0.63302124
vt 0.10192526 0.63265449
vt 0.17574891 0.67397010
vt 0.16473673 0.67455995
vt 0.09042665 0.62399232
vt 0.10082053 0.62314820
vt 0.10169477 0.61522275
vt 0.11111082 0.61963892
vt 0.09478343 0.61520487
vt 0.11940335 0.61428702
vt 0.10952515 0.61078197
vt 0.11193215 0.62945485
vt 0.25827536 0.67491037
vt 0.08569098 0.62114775
vt 0.09012773 0.61665279
vt 0.23788150 0.70446503
vt 0.24778514 0.67145485
vt 0.26940942 0.68840784
vt 0.26126441 0.69858098
vt 0.18994811 0.70360994
vt 0.13679665 0.67020077
vt 0.10358366 0.62593865
vt 0.11324837 0.62097657
vt 0.27805176 0.67210221
vt 0.12109001 0.60903126
vt 0.24009337 0.66886514
vt 0.20109852 0.70577204
vt 0.21062954 0.70781958
vt 0.27017242 0.66769975
vt 0.26184899 0.66739869
vt 0.26000014 0.70514834
vt 0.27410772 0.68624043
vt 0.26846021 0.69817823
vt 0.15220226 0.69445455
vt 0.26861840 0.67745543
vt 0.12219733 0.61956263
vt 0.27832404 0.67996377
vt 0.09898952 0.61109591
vt 0.28918919 0.66964179
vt 0.27687827 0.63869184
vt 0.18343735 0.66942614
vt 0.26740351 0.67389292
vt 0.17085724 0.70585436
vt 0.18352979 0.70913035
vt 0.13867056 0.69100547
vt 0.16019869 0.70287591
vt 0.19258818 0.71094733
vt 0.17080289 0.67067015
vt 0.25884667 0.67172122
vt 0.28207120 0.64287198
vt 0.15220782 0.70104283
vt 0.24263476 0.66322488
vt 0.07880493 0.62369102
vt 0.49495167 0.42358863
vt 0.49625733 0.42732024
vt 0.48916119 0.42996359
vt 0.50185061 0.42253762
vt 0.48881716 0.43189895
vt 0.50441051 0.42341363
vt 0.48176172 0.43374383
vt 0.48621121 0.42609358
vt 0.48146608 0.43622756
vt 0.47735342 0.43579197
vt 0.50147605 0.41655183
vt 0.50973237 0.41351300
vt 0.49292448 0.42182541
vt 0.51407290 0.41681480
vt 0.51808053 0.40935671
vt 0.51214993 0.41961324
vt 0.51173812 0.42039967
vt 0.47662801 0.43967712
vt 0.47282216 0.43868530
vt 0.47271988 0.44205439
vt 0.52624202 0.40838027
vt 0.52984512 0.40355718
vt 0.53186560 0.40539712
vt 0.53078842 0.41079074
vt 0.51538134 0.40699077
vt 0.52611160 0.40166134
vt 0.50375867 0.41225183
vt 0.53921115 0.40334880
vt 0.49378446 0.41844547
vt 0.54025126 0.40718794
vt 0.54452324 0.40149742
vt 0.54738748 0.40629745
vt 0.55136067 0.40104342
vt 0.55542779 0.40166706
vt 0.55477440 0.40588713
vt 0.55919552 0.40711719
vt 0.56190264 0.40212655
vt 0.56778890 0.40185118
vt 0.56787366 0.40598613
vt 0.57415283 0.40165555
vt 0.63671070 0.41232646
vt 0.64528126 0.41791737
vt 0.63765973 0.41859591
vt 0.64338660 0.42237955
vt 0.63268179 0.41655856
vt 0.62787300 0.40823078
vt 0.62722224 0.41311729
vt 0.62289834 0.41116470
vt 0.64977479 0.42675054
vt 0.65356606 0.42320931
vt 0.65928596 0.43311727
vt 0.66152805 0.42865229
vt 0.66970485 0.43461865
vt 0.67141694 0.44205439
vt 0.62009531 0.40400606
vt 0.61615157 0.40777087
vt 0.61405218 0.40201557
vt 0.60976827 0.40507734
vt 0.63936704 0.42269647
vt 0.60804355 0.39815629
vt 0.60464132 0.40426457
vt 0.59848577 0.40149403
vt 0.59840506 0.40310287
vt 0.59201765 0.40151328
vt 0.63159710 0.42219150
vt 0.62507337 0.41847336
vt 0.61839700 0.41181570
vt 0.61180347 0.40954804
vt 0.63825643 0.42633450
vt 0.64990431 0.43172145
vt 0.64370292 0.42902845
vt 0.65651900 0.43782067
vt 0.60519457 0.40771329
vt 0.64939183 0.43253362
vt 0.59929729 0.40662825
vt 0.61774486 0.41568494
vt 0.61313492 0.41454422
vt 0.59205675 0.40532875
vt 0.59653437 0.40960217
vt 0.60677969 0.41199088
vt 0.58718789 0.40976506
vt 0.58577400 0.40518939
vt 0.58209145 0.41027951
vt 0.57630736 0.40610856
vt 0.57543391 0.41191971
vt 0.56898189 0.41486514
vt 0.56623924 0.40941012
vt 0.56438357 0.41455400
vt 0.56016815 0.41483784
vt 0.55563796 0.41526866
vt 0.55250263 0.41477627
vt 0.54741973 0.41421843
vt 0.54127848 0.41471326
vt 0.52510893 0.41561866
vt 0.52925634 0.41779661
vt 0.53467906 0.41730022
vt 0.52197522 0.41986799
vt 0.51550061 0.42079961
vt 0.51332647 0.42213142
vt 0.58352107 0.40298808
vt 0.57918626 0.40103340
vt 0.58502585 0.40026653
vt 0.51355290 0.42314601
vt 0.59995037 0.41187704
vt 0.59552568 0.41058683
vt 0.39212602 0.73389602
vt 0.38694108 0.72649199
vt 0.38670272 0.73408800
vt 0.39164609 0.74339253
vt 0.39189816 0.72110206
vt 0.38681754 0.71852791
vt 0.39257401 0.71090984
vt 0.38830477 0.70753115
vt 0.38651407 0.74501765
vt 0.39215201 0.75764513
vt 0.38692608 0.75553381
vt 0.39291528 0.76639217
vt 0.38690609 0.76635396
vt 0.38624436 0.70800418
vt 0.38558632 0.73649901
vt 0.38759711 0.69929761
vt 0.39291531 0.72218865
vt 0.38605946 0.76690078
vt 0.27405742 0.53730559
vt 0.28040314 0.52170116
vt 0.27232400 0.53084242
vt 0.27698764 0.51904720
vt 0.26698178 0.54652047
vt 0.26925898 0.54747206
vt 0.28460911 0.50389385
vt 0.26161000 0.55573136
vt 0.25983673 0.56227267
vt 0.25339875 0.56684619
vt 0.25218591 0.57188147
vt 0.24176584 0.57916844
vt 0.27982527 0.50745845
vt 0.24138646 0.57705194
vt 0.23169947 0.58574373
vt 0.25273094 0.56426853
vt 0.25935015 0.55520284
vt 0.26598448 0.54398113
vt 0.23603736 0.58109689
vt 0.22259521 0.59224361
vt 0.15534574 0.46858037
vt 0.11473426 0.44416833
vt 0.10985500 0.46549064
vt 0.24002920 0.47034073
vt 0.18649806 0.49172056
vt 0.19198607 0.52342308
vt 0.21573907 0.54517031
vt 0.16290712 0.50813317
vt 0.12936778 0.48713589
vt 0.13607471 0.51648396
vt 0.10199849 0.51546073
vt 0.08105636 0.48330778
vt 0.06772035 0.51999480
vt 0.07653335 0.45485020
vt 0.05467485 0.50119209
vt 0.09154237 0.43620586
vt 0.13344233 0.40023869
vt 0.12348472 0.36524045
vt 0.07602765 0.41841984
vt 0.08849923 0.37694788
vt 0.04525305 0.39687085
vt 0.13554397 0.34243470
vt 0.10029875 0.33035636
vt 0.06999648 0.33777750
vt 0.08579701 0.32897913
vt 0.06771231 0.36539245
vt 0.04283061 0.41428429
vt 0.04182402 0.44214559
vt 0.04489425 0.47760844
vt 0.01450996 0.47758621
vt 0.07699065 0.54014462
vt 0.10541849 0.56095940
vt 0.17440608 0.56637138
vt 0.15949918 0.53822601
vt 0.24045213 0.54323357
vt 0.20286855 0.58416170
vt 0.27082849 0.53076303
vt 0.24493766 0.50918865
vt 0.26897272 0.51008475
vt 0.26842195 0.47260362
vt 0.28433087 0.47570068
vt 0.28439608 0.45408624
vt 0.26203462 0.45541286
vt 0.28460911 0.46558428
vt 0.17891097 0.60564899
vt 0.19393897 0.60388637
vt 0.16226773 0.59356695
vt 0.13678390 0.59317434
vt 0.10017586 0.57872826
vt 0.06077996 0.57942659
vt 0.03611299 0.55953282
vt 0.04930473 0.57193261
vt 0.03588564 0.54392225
vt 0.03062339 0.55287313
vt 0.01804963 0.50250679
vt 0.01733203 0.53067434
vt 0.00450643 0.49658853
vt 0.00989055 0.51515555
vt 0.00239138 0.48537517
vt 0.00122150 0.47327065
vt 0.00130956 0.45453656
vt 0.01462216 0.43105495
vt 0.00446163 0.43150544
vt 0.01423737 0.40284860
vt 0.02135072 0.38892680
vt 0.02581288 0.38216984
vt 0.03392086 0.37465823
vt 0.04984776 0.35331088
vt 0.06011559 0.34474194
vt 0.20363702 0.46188813
vt 0.22989970 0.46521986
vt 0.25194404 0.44864500
vt 0.22749646 0.44907773
vt 0.20170702 0.44357455
vt 0.14280050 0.44022310
vt 0.15300980 0.41667306
vt 0.18662041 0.40577054
vt 0.14185184 0.36950690
vt 0.16412462 0.35021269
vt 0.15017489 0.32353079
vt 0.13279495 0.31555998
vt 0.12008211 0.32303989
vt 0.19698308 0.33597457
vt 0.19413564 0.35250711
vt 0.22226180 0.34132349
vt 0.23178391 0.36349607
vt 0.17853692 0.32102895
vt 0.20696332 0.33156663
vt 0.20054258 0.38478303
vt 0.24166785 0.39653325
vt 0.22227336 0.41168058
vt 0.26754114 0.39412260
vt 0.25412744 0.37333632
vt 0.27664369 0.41579986
vt 0.28228483 0.44131911
vt 0.24688882 0.36401331
vt 0.24029739 0.35657591
vt 0.23268466 0.34926015
vt 0.16924140 0.60817862
vt 0.14767483 0.60308778
vt 0.09482468 0.32490659
vt 0.10174076 0.32196420
vt 0.11106482 0.31948966
vt 0.12181073 0.31692499
vt 0.15162680 0.31484336
vt 0.14398271 0.31474978
vt 0.10081718 0.59193248
vt 0.06991407 0.58482420
vt 0.21184364 0.59751445
vt 0.28060377 0.42801809
vt 0.27016166 0.39957142
vt 0.19192845 0.32378173
vt 0.04238124 0.36048853
vt 0.03459836 0.36923587
vt 0.08339520 0.59079397
vt 0.18412249 0.60718179
vt 0.13872197 0.60289067
vt 0.16348509 0.60974538
vt 0.14831457 0.60875726
vt 0.28401843 0.48608649
vt 0.13113143 0.60440648
vt 0.17694342 0.31873405
vt 0.09535915 0.59658974
vt 0.08197354 0.59501928
vt 0.07433588 0.59013528
vt 0.06685943 0.58498555
vt 0.00769087 0.41790116
vt 0.19788712 0.60349250
vt 0.28386989 0.44603395
vt 0.05594259 0.57838655
vt 0.17478782 0.60923451
vt 0.16196208 0.31572974
vt 0.21065362 0.33278012
vt 0.02495942 0.54611689
vt 0.01864829 0.53565472
vt 0.01281640 0.52300739
vt 0.27451342 0.40924400
vt 0.01114766 0.40778136
vt 0.00210073 0.44381487
vt 0.25927484 0.38018036
vt 0.04704215 0.57098532
vt 0.00642004 0.50509822
vt 0.22395290 0.34174615
vt 0.19868454 0.32650030
vt 0.01740154 0.39485884
vt 0.89128667 0.42220408
vt 0.88657916 0.41640383
vt 0.88732404 0.42927384
vt 0.88998562 0.40960288
vt 0.88710791 0.40816957
vt 0.89126873 0.43537039
vt 0.88667291 0.44640040
vt 0.89128667 0.44665742
vt 0.88740414 0.46049166
vt 0.89041138 0.45967078
vt 0.88700086 0.39931452
vt 0.88938522 0.39788628
vt 0.88708717 0.38800001
vt 0.88987607 0.38762069
vt 0.88640064 0.43194038
vt 0.30648091 0.79978681
vt 0.30294421 0.79550844
vt 0.30541176 0.78074402
vt 0.30741042 0.78007025
vt 0.30252442 0.81213450
vt 0.30710021 0.80633992
vt 0.30559418 0.82785666
vt 0.30279025 0.83038241
vt 0.30519843 0.84039766
vt 0.30663329 0.83528763
vt 0.30741042 0.84591746
vt 0.87929922 0.57930243
vt 0.87914890 0.56761885
vt 0.87601572 0.57932389
vt 0.87581432 0.56589562
vt 0.87914222 0.58928007
vt 0.87609851 0.59432870
vt 0.88020301 0.55447596
vt 0.87648898 0.55608332
vt 0.87979484 0.60934615
vt 0.87615448 0.60452700
vt 0.87800813 0.54363418
vt 0.88177681 0.54067290
vt 0.88219184 0.54862505
vt 0.88094425 0.56080085
vt 0.88059694 0.57094496
vt 0.88390827 0.53705800
vt 0.88285750 0.53381753
vt 0.88118464 0.60507196
vt 0.88545030 0.53004926
vt 0.88640064 0.52194905
vt 0.88288713 0.62522393
vt 0.88188547 0.62843227
vt 0.88640064 0.64135206
vt 0.88008153 0.52881104
vt 0.25199777 0.61493093
vt 0.24216226 0.61880916
vt 0.24418494 0.60949779
vt 0.25140220 0.60755372
vt 0.25710931 0.61186624
vt 0.25706041 0.60673463
vt 0.24443297 0.60558271
vt 0.23968014 0.60972953
vt 0.26099348 0.60988325
vt 0.24212617 0.60590452
vt 0.25115794 0.61775982
vt 0.23793624 0.61786842
vt 0.23697856 0.60911471
vt 0.25179610 0.62042361
vt 0.25332668 0.60616124
vt 0.23946303 0.60660875
vt 0.23412052 0.61536849
vt 0.23817307 0.62203687
vt 0.24912374 0.62175477
vt 0.25598386 0.62203687
vt 0.25455540 0.61735260
vt 0.25516838 0.61907732
vt 0.23493960 0.62007791
vt 0.25553435 0.60338348
vt 0.25379193 0.60184371
vt 0.53877240 0.25117230
vt 0.54331404 0.25428456
vt 0.53355104 0.25393724
vt 0.53186733 0.24914926
vt 0.54873055 0.24962515
vt 0.52195841 0.25435257
vt 0.51762718 0.24970841
vt 0.50769985 0.25458014
vt 0.50686967 0.25008404
vt 0.55098975 0.25502580
vt 0.55876255 0.25315464
vt 0.55782783 0.25633502
vt 0.50942212 0.25920498
vt 0.52652586 0.25905466
vt 0.53515673 0.25909185
vt 0.56527323 0.25683606
vt 0.51747489 0.25962687
vt 0.54802936 0.25961530
vt 0.54006523 0.25972199
vt 0.50129586 0.26074404
vt 0.49999502 0.25578916
vt 0.49127322 0.26224518
vt 0.49074054 0.25746453
vt 0.53864914 0.24626863
vt 0.55083877 0.24690294
vt 0.52923000 0.24656010
vt 0.51266098 0.24662948
vt 0.55787247 0.24793243
vt 0.56589842 0.25157428
vt 0.57337689 0.25587803
vt 0.57290274 0.25862479
vt 0.56565845 0.26168180
vt 0.55762261 0.26031619
vt 0.58204514 0.25902712
vt 0.57643032 0.25264961
vt 0.58460808 0.25568891
vt 0.59335071 0.26075959
vt 0.59419012 0.25615036
vt 0.56768245 0.24870008
vt 0.58216137 0.25129062
vt 0.60464168 0.25985074
vt 0.50702256 0.26421058
vt 0.50673944 0.26484358
vt 0.48522264 0.27005321
vt 0.49160489 0.26810348
vt 0.51369983 0.26519334
vt 0.45805874 0.27734971
vt 0.46124277 0.27459598
vt 0.47620887 0.26626271
vt 0.50332069 0.26298499
vt 0.45247728 0.27503276
vt 0.45474935 0.27989095
vt 0.46586490 0.26903665
vt 0.44258958 0.28050923
vt 0.51897699 0.26573443
vt 0.52849376 0.26161903
vt 0.52700734 0.26474756
vt 0.53258723 0.26529133
vt 0.53735995 0.26596498
vt 0.54585314 0.26225281
vt 0.54769516 0.26613653
vt 0.55740196 0.26437002
vt 0.55614161 0.26865637
vt 0.56368381 0.26910377
vt 0.56865549 0.27098346
vt 0.57532561 0.26756722
vt 0.57401508 0.27074504
vt 0.58122391 0.27452862
vt 0.58642322 0.27043521
vt 0.58677286 0.27633470
vt 0.59121370 0.27906001
vt 0.59659654 0.27529097
vt 0.59857613 0.28050923
vt 0.63142228 0.07682514
vt 0.62706792 0.06842971
vt 0.63318187 0.07409167
vt 0.63526571 0.08140504
vt 0.64007998 0.08394361
vt 0.64176154 0.09181756
vt 0.64676732 0.09431213
vt 0.64700270 0.10031933
vt 0.65242130 0.10622764
vt 0.65200025 0.09953129
vt 0.65544772 0.10403728
vt 0.65623790 0.11257112
vt 0.66000098 0.11388671
vt 0.62494195 0.07122326
vt 0.62260544 0.06432164
vt 0.61783630 0.06286591
vt 0.61392748 0.05858731
vt 0.65154451 0.11157799
vt 0.63284236 0.08501965
vt 0.63924044 0.09596437
vt 0.64318413 0.10173249
vt 0.64670771 0.10611826
vt 0.63012445 0.08084691
vt 0.65693599 0.11980021
vt 0.66192168 0.12297004
vt 0.61645967 0.06633395
vt 0.60887641 0.06007397
vt 0.62265253 0.07525772
vt 0.60640866 0.05383670
vt 0.60335988 0.05609512
vt 0.64235836 0.10974187
vt 0.62911224 0.08498329
vt 0.64134192 0.10772467
vt 0.64919883 0.11514890
vt 0.66070110 0.13076442
vt 0.66565728 0.13604271
vt 0.59833449 0.05909973
vt 0.59427148 0.05390114
vt 0.59560913 0.05124283
vt 0.59905267 0.04965383
vt 0.58533978 0.04734707
vt 0.58291548 0.05161971
vt 0.57398850 0.04701656
vt 0.66982734 0.15710527
vt 0.67114168 0.14916152
vt 0.57008106 0.04291528
vt 0.56434375 0.04763758
vt 0.56126988 0.04272884
vt 0.67461425 0.16812992
vt 0.67548859 0.16215450
vt 0.67009807 0.13904893
vt 0.53404909 0.03983802
vt 0.53224814 0.03793705
vt 0.54858369 0.03775567
vt 0.51606226 0.04042727
vt 0.52013272 0.03643548
vt 0.51042634 0.03797758
vt 0.50362849 0.03972077
vt 0.49852502 0.04433417
vt 0.54362655 0.04093641
vt 0.55963957 0.03926420
vt 0.50297302 0.04648066
vt 0.49618003 0.04733944
vt 0.51679420 0.04355884
vt 0.48541149 0.05146521
vt 0.53199923 0.04439628
vt 0.49330661 0.05209327
vt 0.47788110 0.05678111
vt 0.47416648 0.05499721
vt 0.46495423 0.06254828
vt 0.47075856 0.06254745
vt 0.46107295 0.06951785
vt 0.45460951 0.07121843
vt 0.44900611 0.08040369
vt 0.44666293 0.07892114
vt 0.45711476 0.06537962
vt 0.44983113 0.07263720
vt 0.46314973 0.06117314
vt 0.48266742 0.05029684
vt 0.43942603 0.08395368
vt 0.42773914 0.10358196
vt 0.42285296 0.11403358
vt 0.42543292 0.10301280
vt 0.41980219 0.11343390
vt 0.41612294 0.12478685
vt 0.43343854 0.09413600
vt 0.42989099 0.09337091
vt 0.41826159 0.13014168
vt 0.41405219 0.13661283
vt 0.42328990 0.11956745
vt 0.43050775 0.10323924
vt 0.43876296 0.08911192
vt 0.41224015 0.14799470
vt 0.41606507 0.14311963
vt 0.41500294 0.15303165
vt 0.42036536 0.13611680
vt 0.43385771 0.10144687
vt 0.41164497 0.15759027
vt 0.41915572 0.14405787
vt 0.42767513 0.11794114
vt 0.44102919 0.09177357
vt 0.43454576 0.10753292
vt 0.46176511 0.07219553
vt 0.44445106 0.09457117
vt 0.42918038 0.12322837
vt 0.47706464 0.06792730
vt 0.48397470 0.05820328
vt 0.45427760 0.08830863
vt 0.46376789 0.07571125
vt 0.42365381 0.14271367
vt 0.41848224 0.15066808
vt 0.41676727 0.15497345
vt 0.49140641 0.05839908
vt 0.43986595 0.11612225
vt 0.46856391 0.08338881
vt 0.44957155 0.10593402
vt 0.45973182 0.09593630
vt 0.49437064 0.06830239
vt 0.50911206 0.05656141
vt 0.51111645 0.04814154
vt 0.52375650 0.04866260
vt 0.52647561 0.05735946
vt 0.54989737 0.05688387
vt 0.51993144 0.06391114
vt 0.48448738 0.08108097
vt 0.43535751 0.13020432
vt 0.54986924 0.06298447
vt 0.56581616 0.05298126
vt 0.58987039 0.06136286
vt 0.58039832 0.06668019
vt 0.59710205 0.07329088
vt 0.59226674 0.07701957
vt 0.60657555 0.07381308
vt 0.60832030 0.08597815
vt 0.62228078 0.08908588
vt 0.61276823 0.09578079
vt 0.50376761 0.07101095
vt 0.49751157 0.07537621
vt 0.61811554 0.09934467
vt 0.57067901 0.06636298
vt 0.47331506 0.09012699
vt 0.44414842 0.12319124
vt 0.46013829 0.10239917
vt 0.58097762 0.07196981
vt 0.61352855 0.07094014
vt 0.62414509 0.08278590
vt 0.43687385 0.13936019
vt 0.59955686 0.08689117
vt 0.53665042 0.06988370
vt 0.42311618 0.15284443
vt 0.44764119 0.12341827
vt 0.55251420 0.06858861
vt 0.51960796 0.07079446
vt 0.43660012 0.14742690
vt 0.42732203 0.14848411
vt 0.41349810 0.16812992
vt 0.61082315 0.10309315
vt 0.62038040 0.10649747
vt 0.62098241 0.09446800
vt 0.61076611 0.10579544
vt 0.42105347 0.15760261
vt 0.54864776 0.04400963
vt 0.41698974 0.15931088
vt 0.50938380 0.07546902
vt 0.49474779 0.08176631
vt 0.62413788 0.10052210
vt 0.62486941 0.11064517
vt 0.62496901 0.09002095
vt 0.62876737 0.09297609
vt 0.63344365 0.09275848
vt 0.62544674 0.09681523
vt 0.63074803 0.09985989
vt 0.63915879 0.10128170
vt 0.63756996 0.10403645
vt 0.63603467 0.10960495
vt 0.60785216 0.09983462
vt 0.62361580 0.09682834
vt 0.48408487 0.08833891
vt 0.47242230 0.09597111
vt 0.42353874 0.15936881
vt 0.41887429 0.16503924
vt 0.61237210 0.06642652
vt 0.58599478 0.08054805
vt 0.46431756 0.10379589
vt 0.45851925 0.11017311
vt 0.44433317 0.13430822
vt 0.52142859 0.07390159
vt 0.53519094 0.07217431
vt 0.54665792 0.07222164
vt 0.57300431 0.07423621
vt 0.57964653 0.07765162
vt 0.56455141 0.07137406
vt 0.54834056 0.07310224
vt 0.61501616 0.10935849
vt 0.62070107 0.11101252
vt 0.42454126 0.16462135
vt 0.42748332 0.15543848
vt 0.42682919 0.15976924
vt 0.60067827 0.09327185
vt 0.59484714 0.08739495
vt 0.59070820 0.08552235
vt 0.61005962 0.10771620
vt 0.52283591 0.07447624
vt 0.60703629 0.10442948
vt 0.60364115 0.10039532
vt 0.60682875 0.10619652
vt 0.51844740 0.07654601
vt 0.51986802 0.07755846
vt 0.62568915 0.10032940
vt 0.62817740 0.10292745
vt 0.62968969 0.11037552
vt 0.63289750 0.10395801
vt 0.63351870 0.10764974
vt 0.14508694 0.94849181
vt 0.13373546 0.94756740
vt 0.13892548 0.94559920
vt 0.12677276 0.94460559
vt 0.12212225 0.94680202
vt 0.12026346 0.94424933
vt 0.11590372 0.94682568
vt 0.11192893 0.94428569
vt 0.10778282 0.94697082
vt 0.10541404 0.94571513
vt 0.10005219 0.94789320
vt 0.09912896 0.94594729
vt 0.08778162 0.94937199
vt 0.11079945 0.95029551
vt 0.09012043 0.95248795
vt 0.12004350 0.95103490
vt 0.10213859 0.95167357
vt 0.12962779 0.95121562
vt 0.13931610 0.95126170
vt 0.15020055 0.95229626
vt 0.15662390 0.95053774
vt 0.16180821 0.95513022
vt 0.16281328 0.95148474
vt 0.17009693 0.95325810
vt 0.11934359 0.95602155
vt 0.10640350 0.95453227
vt 0.14420654 0.95522690
vt 0.09119234 0.95661789
vt 0.16209774 0.96060473
vt 0.17290689 0.95721710
vt 0.08053549 0.95474708
vt 0.07433202 0.96027064
vt 0.07303285 0.95678240
vt 0.06424330 0.95993149
vt 0.05992040 0.96629798
vt 0.05457136 0.96743089
vt 0.17771548 0.95561731
vt 0.18136211 0.96235859
vt 0.18535064 0.95928478
vt 0.20301501 0.97479725
vt 0.20191784 0.97057015
vt 0.21376221 0.97673398
vt 0.20173468 0.96814424
vt 0.05672203 0.96281701
vt 0.04944272 0.96622103
vt 0.03705212 0.97673398
vt 0.04223583 0.96997833
vt 0.81214470 0.20676029
vt 0.82731164 0.20708632
vt 0.82069373 0.20869350
vt 0.84126198 0.20935428
vt 0.84393191 0.20811450
vt 0.85708469 0.20978206
vt 0.79657799 0.20782298
vt 0.79275244 0.20904994
vt 0.79838997 0.21027219
vt 0.85307187 0.21027219
vt 0.52201402 0.33986938
vt 0.50542420 0.33992469
vt 0.51580262 0.33696580
vt 0.49998489 0.33533180
vt 0.48982084 0.34021068
vt 0.53124398 0.33494294
vt 0.51537609 0.33509463
vt 0.53477317 0.33880377
vt 0.54275244 0.34021068
vt 0.02594736 0.32746029
vt 0.02361551 0.33789968
vt 0.02784828 0.33205855
vt 0.02880665 0.32462180
vt 0.02417107 0.31746960
vt 0.02291728 0.32188559
vt 0.03163924 0.33212155
vt 0.02026102 0.31735373
vt 0.01945283 0.30923647
vt 0.02391396 0.31129426
vt 0.02209737 0.30664766
vt 0.01940379 0.30289680
vt 0.01655752 0.30195421
vt 0.02745156 0.31829286
vt 0.03079084 0.33557945
vt 0.02857303 0.33841920
vt 0.02637374 0.33841926
vt 0.03024324 0.34247875
vt 0.02738087 0.34623694
vt 0.03234100 0.34801620
vt 0.03290007 0.34233177
vt 0.03491870 0.34033889
vt 0.01960864 0.29890770
vt 0.01602541 0.29700500
vt 0.02859399 0.35272974
vt 0.03258357 0.35715133
vt 0.03331122 0.33144653
vt 0.01587948 0.28728271
vt 0.02910802 0.35907435
vt 0.02981305 0.36567163
vt 0.03390019 0.32646739
vt 0.02889574 0.31313860
vt 0.03526558 0.34644461
vt 0.03587790 0.35344923
vt 0.03623778 0.36296237
vt 0.02524219 0.30266118
vt 0.02014285 0.28370523
vt 0.02531842 0.28679538
vt 0.02655420 0.27085161
vt 0.02833476 0.27851808
vt 0.03623778 0.27436340
vt 0.41987646 0.68893695
vt 0.42288864 0.69246554
vt 0.42242751 0.68184066
vt 0.41833094 0.69726270
vt 0.42292288 0.70533979
vt 0.41981855 0.70429474
vt 0.42080382 0.71831274
vt 0.42293769 0.71949077
vt 0.41826054 0.71212357
vt 0.41817620 0.68068463
vt 0.42018405 0.67006278
vt 0.42304561 0.67319560
vt 0.42300093 0.66253805
vt 0.42293769 0.65444374
vt 0.41832379 0.66508257
vt 0.41845465 0.65985167
vt 0.41904625 0.64398593
vt 0.41815960 0.69167823
vt 0.58317685 0.90064055
vt 0.58390486 0.89156246
vt 0.57939738 0.89262670
vt 0.57953155 0.90389907
vt 0.58316165 0.91042930
vt 0.58070278 0.88011879
vt 0.58457363 0.87732899
vt 0.58517069 0.86496848
vt 0.58073211 0.87108499
vt 0.58018017 0.91776150
vt 0.58430701 0.91808629
vt 0.58055490 0.92711020
vt 0.58429545 0.93549639
vt 0.58531320 0.92447340
vt 0.58499962 0.89944190
vt 0.58516014 0.90848362
vt 0.58161730 0.93880481
vt 0.58329034 0.95106018
vt 0.58675474 0.94242847
vt 0.58526945 0.88656700
vt 0.58575016 0.87507933
vt 0.58658594 0.86556053
vt 0.58754075 0.85820895
vt 0.58754075 0.95478487
vt 0.91320980 0.62081707
vt 0.91636604 0.61852646
vt 0.91689330 0.62423545
vt 0.91355604 0.62681311
vt 0.91281378 0.60942388
vt 0.91638720 0.60906786
vt 0.91639537 0.60333014
vt 0.91734052 0.63199520
vt 0.91239667 0.63484746
vt 0.91815960 0.64163786
vt 0.91305941 0.64067465
vt 0.91391724 0.64837575
vt 0.91284597 0.60106981
vt 0.91666263 0.59486407
vt 0.91080129 0.59528208
vt 0.90892887 0.61984891
vt 0.90790373 0.61144000
vt 0.90863556 0.60490006
vt 0.90963686 0.62902778
vt 0.90757328 0.59798574
vt 0.90918761 0.63789690
vt 0.91122764 0.58795047
vt 0.90972990 0.58565801
vt 0.91427183 0.58006018
vt 0.91760832 0.58496726
vt 0.91274261 0.57174265
vt 0.91815960 0.57489502
vt 0.90801692 0.62635207
vt 0.90811831 0.58083993
vt 0.91024673 0.56848115
vt 0.91745847 0.57213610
vt 0.40815535 0.89927208
vt 0.40437013 0.89270735
vt 0.40393648 0.90040630
vt 0.40916130 0.89315802
vt 0.40452257 0.88909948
vt 0.40802899 0.88368475
vt 0.41245928 0.88372087
vt 0.41101679 0.89791065
vt 0.40655971 0.90638226
vt 0.40391314 0.90739042
vt 0.40995693 0.90416002
vt 0.39938208 0.90237600
vt 0.39901251 0.90666950
vt 0.39831385 0.89137214
vt 0.39698696 0.89642251
vt 0.39756042 0.89854431
vt 0.40814084 0.88015801
vt 0.41049039 0.90717298
vt 0.41245928 0.90129107
vt 0.40667793 0.91088676
vt 0.40319082 0.90908343
vt 0.38353989 0.65953398
vt 0.38308275 0.64885873
vt 0.38096592 0.66192555
vt 0.38366547 0.67458940
vt 0.38172546 0.67584610
vt 0.38395765 0.69139594
vt 0.37988627 0.68165398
vt 0.37936509 0.64723128
vt 0.37944320 0.63512206
vt 0.38296095 0.63116843
vt 0.37907165 0.66366136
vt 0.37922662 0.67256641
vt 0.37942886 0.62163019
vt 0.38322863 0.61650628
vt 0.38193250 0.61252701
vt 0.38395762 0.60785472
vt 0.38217920 0.60623354
vt 0.00972701 0.71014643
vt 0.00637534 0.70490032
vt 0.00610749 0.71686190
vt 0.00959687 0.72338098
vt 0.00642709 0.72899103
vt 0.00647590 0.73725635
vt 0.01085751 0.72803539
vt 0.01099347 0.73745745
vt 0.00686044 0.74846357
vt 0.01039358 0.69297016
vt 0.01084001 0.70508307
vt 0.00637045 0.69299972
vt 0.00643471 0.68261635
vt 0.01099349 0.71682417
vt 0.47120777 0.37054861
vt 0.46345142 0.36342788
vt 0.46157590 0.36535001
vt 0.47099656 0.37351435
vt 0.47594774 0.37435555
vt 0.45546347 0.35553467
vt 0.47649649 0.37745619
vt 0.48621780 0.38079250
vt 0.48578343 0.38341296
vt 0.49542782 0.38581538
vt 0.49004287 0.38144827
vt 0.47911355 0.37490785
vt 0.49464679 0.38816631
vt 0.44743398 0.34851587
vt 0.44520083 0.34340155
vt 0.43726635 0.33549315
vt 0.42413151 0.30463493
vt 0.42205045 0.30477828
vt 0.42600915 0.31097376
vt 0.42158219 0.29626751
vt 0.41880465 0.28988075
vt 0.41925117 0.29612988
vt 0.42480743 0.31208026
vt 0.42741701 0.31733322
vt 0.42971230 0.31807256
vt 0.43016967 0.32314414
vt 0.43587244 0.32984769
vt 0.43387407 0.32321185
vt 0.44189507 0.33634925
vt 0.42674470 0.30472887
vt 0.42922497 0.31064838
vt 0.43023056 0.31402338
vt 0.41970566 0.28608203
vt 0.42502925 0.29970193
vt 0.41713801 0.28126442
vt 0.41961482 0.27957809
vt 0.42235294 0.28991920
vt 0.42358950 0.29458201
vt 0.42097929 0.28488016
vt 0.41689551 0.26667213
vt 0.41550285 0.27128136
vt 0.41952014 0.26672471
vt 0.42191187 0.27967930
vt 0.41408795 0.25873613
vt 0.41623697 0.25549543
vt 0.41443500 0.25182009
vt 0.42381823 0.28558314
vt 0.42556062 0.29228008
vt 0.42729998 0.29963791
vt 0.42928520 0.30545312
vt 0.43280557 0.31273353
vt 0.43597299 0.32244539
vt 0.43979171 0.32419378
vt 0.42821619 0.19787014
vt 0.42652619 0.19420469
vt 0.42259312 0.20117909
vt 0.42501941 0.20718950
vt 0.41924277 0.21081048
vt 0.42159727 0.21660018
vt 0.41687700 0.21925569
vt 0.41985488 0.22674626
vt 0.41552359 0.22456741
vt 0.41488385 0.23039663
vt 0.41467464 0.23712707
vt 0.41851121 0.23877579
vt 0.41455039 0.24427462
vt 0.43536839 0.18386686
vt 0.42241263 0.21903753
vt 0.42418844 0.21189773
vt 0.41862899 0.25285959
vt 0.42995352 0.19723237
vt 0.42073447 0.22903794
vt 0.41973424 0.24299973
vt 0.42044508 0.26099831
vt 0.43578997 0.18683970
vt 0.44468784 0.17387682
vt 0.44196910 0.17441052
vt 0.45204377 0.16227543
vt 0.43769634 0.17388195
vt 0.43173611 0.18315840
vt 0.48087025 0.37175870
vt 0.47233522 0.36730963
vt 0.48024160 0.37346673
vt 0.48718804 0.37574083
vt 0.48650968 0.37753153
vt 0.47233039 0.36286515
vt 0.49136233 0.37807024
vt 0.47127610 0.36461592
vt 0.46860063 0.36444056
vt 0.46470261 0.35532057
vt 0.45036757 0.34258246
vt 0.44678181 0.33334482
vt 0.46626514 0.36409068
vt 0.45636263 0.35452145
vt 0.49129817 0.38000470
vt 0.49543092 0.38204336
vt 0.43831667 0.32715237
vt 0.47115925 0.36295009
vt 0.49485624 0.37954062
vt 0.50387251 0.38979340
vt 0.51394737 0.39310133
vt 0.50781703 0.38956773
vt 0.49973533 0.38643217
vt 0.51610261 0.39242899
vt 0.52514976 0.39552975
vt 0.57270283 0.39929688
vt 0.56364876 0.39878452
vt 0.55905563 0.39991224
vt 0.57417178 0.39752120
vt 0.58260673 0.39674366
vt 0.58479887 0.39518380
vt 0.54717499 0.39881742
vt 0.52843708 0.37718546
vt 0.52676296 0.37821722
vt 0.53500736 0.37771749
vt 0.52219868 0.37564015
vt 0.51883870 0.37605411
vt 0.51780379 0.37464857
vt 0.51580268 0.37459362
vt 0.51077604 0.37232751
vt 0.49855480 0.36468893
vt 0.50355238 0.36876786
vt 0.50470167 0.36866444
vt 0.51199275 0.37409621
vt 0.49310452 0.36347115
vt 0.49357480 0.36205816
vt 0.48842749 0.35860300
vt 0.47924349 0.35217601
vt 0.48202074 0.35341662
vt 0.47999537 0.35636556
vt 0.48117447 0.37007427
vt 0.49818367 0.38083953
vt 0.50297946 0.38238853
vt 0.50771666 0.38223827
vt 0.51445317 0.38493705
vt 0.52261025 0.38727367
vt 0.46798259 0.34254229
vt 0.45474386 0.32605356
vt 0.43417591 0.31193197
vt 0.44310436 0.30750263
vt 0.42831600 0.29649347
vt 0.43718040 0.29271424
vt 0.43399486 0.27996111
vt 0.42383742 0.28049910
vt 0.42154577 0.26859522
vt 0.42363328 0.26315570
vt 0.43584585 0.27390707
vt 0.43858844 0.28409719
vt 0.42901149 0.24508965
vt 0.42780071 0.21953607
vt 0.43405998 0.21925384
vt 0.43466088 0.20282179
vt 0.44410685 0.18112290
vt 0.45535964 0.16891682
vt 0.45170569 0.18620467
vt 0.45343369 0.18106663
vt 0.43608898 0.26487279
vt 0.43635201 0.23242795
vt 0.43593141 0.23841244
vt 0.43412140 0.24647766
vt 0.43549418 0.25182068
vt 0.43485576 0.25721586
vt 0.47356910 0.14639467
vt 0.46651572 0.14989883
vt 0.43784505 0.22739190
vt 0.44461036 0.30155635
vt 0.44006833 0.21130776
vt 0.44241676 0.20472068
vt 0.44405183 0.19930476
vt 0.53308868 0.38862276
vt 0.53943014 0.37845826
vt 0.54246294 0.38899648
vt 0.44722363 0.19295704
vt 0.54762381 0.37798798
vt 0.43757322 0.21962905
vt 0.44616124 0.30668545
vt 0.56213379 0.38491786
vt 0.55253536 0.37675422
vt 0.55888718 0.37424427
vt 0.56486309 0.37036788
vt 0.58064723 0.37805635
vt 0.57950681 0.38789964
vt 0.59638244 0.37988061
vt 0.58639961 0.36769438
vt 0.58124065 0.36793870
vt 0.59247005 0.36610639
vt 0.57359099 0.36898178
vt 0.59877348 0.36239898
vt 0.60638875 0.36571908
vt 0.60882300 0.37251759
vt 0.60418725 0.36094713
vt 0.61124629 0.35745835
vt 0.61770570 0.35521781
vt 0.60639220 0.38180965
vt 0.62581724 0.35592413
vt 0.61613339 0.37595469
vt 0.61981505 0.37215161
vt 0.63819951 0.35485244
vt 0.64209521 0.34877300
vt 0.64305490 0.33455741
vt 0.63478285 0.34356695
vt 0.65008110 0.33662337
vt 0.56944638 0.36990869
vt 0.59357435 0.39064133
vt 0.55480081 0.39122820
vt 0.54255480 0.39284873
vt 0.64968699 0.32303774
vt 0.53693140 0.39766139
vt 0.65806234 0.32514203
vt 0.66242123 0.31432402
vt 0.65755761 0.30508649
vt 0.65439856 0.31218970
vt 0.53306204 0.39256835
vt 0.44839412 0.31336427
vt 0.43947962 0.28891695
vt 0.44083259 0.29440379
vt 0.64697659 0.34453249
vt 0.66561294 0.29938304
vt 0.66067994 0.29433823
vt 0.66922379 0.29382133
vt 0.66436011 0.28107733
vt 0.66936499 0.28094697
vt 0.67228383 0.28291464
vt 0.67467427 0.26468962
vt 0.67237508 0.26163352
vt 0.67467427 0.24513566
vt 0.67142332 0.24161482
vt 0.67229164 0.23339283
vt 0.66755873 0.26731634
vt 0.66572875 0.26488113
vt 0.66504085 0.30939859
vt 0.66737992 0.25460422
vt 0.66704273 0.24167794
vt 0.66510713 0.22691435
vt 0.66740829 0.22008455
vt 0.67045307 0.22095299
vt 0.66639060 0.20811111
vt 0.66089272 0.21201682
vt 0.66217625 0.21841186
vt 0.65950066 0.20537758
vt 0.66111100 0.19740808
vt 0.65826231 0.19884169
vt 0.65675682 0.19311398
vt 0.66341311 0.19647640
vt 0.65465170 0.18653548
vt 0.65658790 0.19124973
vt 0.65917462 0.18802941
vt 0.51967978 0.38998294
vt 0.66339338 0.22599053
vt 0.65405571 0.33306623
vt 0.57804847 0.36788094
vt 0.46155694 0.33048791
vt 0.47160482 0.15351152
vt 0.48289722 0.13944012
vt 0.48249841 0.14335042
vt 0.48725215 0.14218771
vt 0.49339628 0.13248020
vt 0.48230731 0.14581859
vt 0.47365683 0.15308869
vt 0.49387965 0.14069641
vt 0.49786028 0.13863868
vt 0.50341302 0.13019705
vt 0.50217068 0.12841749
vt 0.51325363 0.12443918
vt 0.51643878 0.12658572
vt 0.52422184 0.12167239
vt 0.52659714 0.12407357
vt 0.53110576 0.12061036
vt 0.53502399 0.12366968
vt 0.54647332 0.12564635
vt 0.54030591 0.12621927
vt 0.51914483 0.13026392
vt 0.51381725 0.13188237
vt 0.52636164 0.12847668
vt 0.53259474 0.12731516
vt 0.50586784 0.13329077
vt 0.55661380 0.11839640
vt 0.55436265 0.12234497
vt 0.56697553 0.12095284
vt 0.55580652 0.12550867
vt 0.56215340 0.12614703
vt 0.56661868 0.12658715
vt 0.66429931 0.23116463
vt 0.57817686 0.12897956
vt 0.57226354 0.12064999
vt 0.58102465 0.12280834
vt 0.58721828 0.13140154
vt 0.59338093 0.12666190
vt 0.59309554 0.13286889
vt 0.59806806 0.13438505
vt 0.60428959 0.13062215
vt 0.60338944 0.13597035
vt 0.61012894 0.13794678
vt 0.61308187 0.13471580
vt 0.61768186 0.14113390
vt 0.62033731 0.14097202
vt 0.62426341 0.14461273
vt 0.60908663 0.13817263
vt 0.61558151 0.14111221
vt 0.43060148 0.30421770
vt 0.61980247 0.13814330
vt 0.50754690 0.38581419
vt 0.53886324 0.11860269
vt 0.50011355 0.38333845
vt 0.65300125 0.31195426
vt 0.66509968 0.23689675
vt 0.66562980 0.24206185
vt 0.66582137 0.24704647
vt 0.50357640 0.13632834
vt 0.50953394 0.13384807
vt 0.65491009 0.30703068
vt 0.64790261 0.32197297
vt 0.64995825 0.31746161
vt 0.46382982 0.16196543
vt 0.45803916 0.16922450
vt 0.45498261 0.17558897
vt 0.56301719 0.11808604
vt 0.64042431 0.33554095
vt 0.64526111 0.32778287
vt 0.48586425 0.13509929
vt 0.47774607 0.13983572
vt 0.65613377 0.30331391
vt 0.65797657 0.29843211
vt 0.65952182 0.29424822
vt 0.66953647 0.29714215
vt 0.48708725 0.14447236
vt 0.66019362 0.29079080
vt 0.66851610 0.21091336
vt 0.66610962 0.25344515
vt 0.66582757 0.26000357
vt 0.62819779 0.34983158
vt 0.62157369 0.35507691
vt 0.61918241 0.35230064
vt 0.66215664 0.28517812
vt 0.66311777 0.28073788
vt 0.66404879 0.27500808
vt 0.60000461 0.38798016
vt 0.62123543 0.37248659
vt 0.65675670 0.18597066
vt 0.64882696 0.17667621
vt 0.66090775 0.18271738
vt 0.62197471 0.13743889
vt 0.63043046 0.14156222
vt 0.66410100 0.18241835
vt 0.62838763 0.13258559
vt 0.66064543 0.17393035
vt 0.66712409 0.17693889
vt 0.63359356 0.13399744
vt 0.63515908 0.35978949
vt 0.64328074 0.35062337
vt 0.66718775 0.18035507
vt 0.63332641 0.12727034
vt 0.63529885 0.15961450
vt 0.66376811 0.16605711
vt 0.67324680 0.17596775
vt 0.63426602 0.34237778
vt 0.57943261 0.34184444
vt 0.58736628 0.34573007
vt 0.57150459 0.34585530
vt 0.59028554 0.34216428
vt 0.56868458 0.34108865
vt 0.56026357 0.34619474
vt 0.55937833 0.34135234
vt 0.55008143 0.34635645
vt 0.55031419 0.34151614
vt 0.60074300 0.34580249
vt 0.59641695 0.34115601
vt 0.60443932 0.34251797
vt 0.60789901 0.34635645
vt 0.95012146 0.81833667
vt 0.94618636 0.80732393
vt 0.94584692 0.81586570
vt 0.95051980 0.80508298
vt 0.94612104 0.82672286
vt 0.95044631 0.82929295
vt 0.94660568 0.79317600
vt 0.95073289 0.79061657
vt 0.94587904 0.83555830
vt 0.95061380 0.84275079
vt 0.94604671 0.84705853
vt 0.95063192 0.84913611
vt 0.95073289 0.85847378
vt 0.94623595 0.85908693
vt 0.94702375 0.78094822
vt 0.32676086 0.76816237
vt 0.32810333 0.76642770
vt 0.33966723 0.76467514
vt 0.34116778 0.76916075
vt 0.33388358 0.77054918
vt 0.31542513 0.76759732
vt 0.31640983 0.77241248
vt 0.34154743 0.76426691
vt 0.34242672 0.77304655
vt 0.31392509 0.77304655
vt 0.10513388 0.30924857
vt 0.10738149 0.30365318
vt 0.10983925 0.30680245
vt 0.10242389 0.30572784
vt 0.11447324 0.31028485
vt 0.11577379 0.30495393
vt 0.11980885 0.30538309
vt 0.12626666 0.31003690
vt 0.12491931 0.30585676
vt 0.13030897 0.30639344
vt 0.13395765 0.30643409
vt 0.13248181 0.31108272
vt 0.11049496 0.30417049
vt 0.09362657 0.30881065
vt 0.09561231 0.30599511
vt 0.09002574 0.30411053
vt 0.08420000 0.30712736
vt 0.09517990 0.30194652
vt 0.09042882 0.30119014
vt 0.09870236 0.30235136
vt 0.10338692 0.30299389
vt 0.08466844 0.30070233
vt 0.08260868 0.30339050
vt 0.07666949 0.30730164
vt 0.07732032 0.30284584
vt 0.06484106 0.30578637
vt 0.08121323 0.31025898
vt 0.07331966 0.30980539
vt 0.06537429 0.30932844
vt 0.08914631 0.31106591
vt 0.09835319 0.31200111
vt 0.05455631 0.30827045
vt 0.10604421 0.31299388
vt 0.05235467 0.31039989
vt 0.04284391 0.30902731
vt 0.05780911 0.31235850
vt 0.03949511 0.31299388
vt 0.73480445 0.21368647
vt 0.73575366 0.20851666
vt 0.72802430 0.20851624
vt 0.74253863 0.20915455
vt 0.74448246 0.21371478
vt 0.72506440 0.21187162
vt 0.75608510 0.20932305
vt 0.71310115 0.20901406
vt 0.71294791 0.21378404
vt 0.75508493 0.21378404
vt 0.72532332 0.21374494
vt 0.76262218 0.21360111
vt 0.46786538 0.70176929
vt 0.46309650 0.69967008
vt 0.46748173 0.69711834
vt 0.47011936 0.69804639
vt 0.46351302 0.69495904
vt 0.45959136 0.69854277
vt 0.45435056 0.69391906
vt 0.46413752 0.70193154
vt 0.47098917 0.69359308
vt 0.47516286 0.69498783
vt 0.47275582 0.69249666
vt 0.45707741 0.70041370
vt 0.46607843 0.69101232
vt 0.47278965 0.69070601
vt 0.44766453 0.69531411
vt 0.44554743 0.69022292
vt 0.44821009 0.68985301
vt 0.46415433 0.69092143
vt 0.46460402 0.69284934
vt 0.43655506 0.69075340
vt 0.43118891 0.69516468
vt 0.45095780 0.70176929
vt 0.46052083 0.68964005
vt 0.60837853 0.30285823
vt 0.61461979 0.30597651
vt 0.61342001 0.29882002
vt 0.60923725 0.30873311
vt 0.60731870 0.29478002
vt 0.61633700 0.31260109
vt 0.61261404 0.29356086
vt 0.60700226 0.28631151
vt 0.61450869 0.31729400
vt 0.61026824 0.31606567
vt 0.61500353 0.32313627
vt 0.61824691 0.31762820
vt 0.61252463 0.28557116
vt 0.61444879 0.27950823
vt 0.60935426 0.27619934
vt 0.61617136 0.27087915
vt 0.61043513 0.26558387
vt 0.60563135 0.30182219
vt 0.60479188 0.29342890
vt 0.60663754 0.30966079
vt 0.60464168 0.28322577
vt 0.61161673 0.32098985
vt 0.61683637 0.32827854
vt 0.61781746 0.32587004
vt 0.62130904 0.32410121
vt 0.61913019 0.31991768
vt 0.62361890 0.32713079
vt 0.62324214 0.33301508
vt 0.62612849 0.33791578
vt 0.61646354 0.26940095
vt 0.62904465 0.28296232
vt 0.63160902 0.27640331
vt 0.62498897 0.27241123
vt 0.62329298 0.28319132
vt 0.63051486 0.28652865
vt 0.62110627 0.27997434
vt 0.61938828 0.28728294
vt 0.61966193 0.29233289
vt 0.62700242 0.29574800
vt 0.62082636 0.29693377
vt 0.62634259 0.30385244
vt 0.62201238 0.31146175
vt 0.63000864 0.29962194
vt 0.61924076 0.30504072
vt 0.63066477 0.30971056
vt 0.63329107 0.27851152
vt 0.63271123 0.28865522
vt 0.61748064 0.29660046
vt 0.63101023 0.31701726
vt 0.63159865 0.32816672
vt 0.62914568 0.33457112
vt 0.63355583 0.29809105
vt 0.61531723 0.28729737
vt 0.61897939 0.27875358
vt 0.61952972 0.27206373
vt 0.62255055 0.27165639
vt 0.63450819 0.33159250
vt 0.63387579 0.31179631
vt 0.63397563 0.31685489
vt 0.63393420 0.32217473
vt 0.63396508 0.27611667
vt 0.63431156 0.32677507
vt 0.63370067 0.30596220
vt 0.63437057 0.28551698
vt 0.63477200 0.27957094
vt 0.61758167 0.28884506
vt 0.63206106 0.33542466
vt 0.62795037 0.33845478
vt 0.63213348 0.27470571
vt 0.63005376 0.33794308
vt 0.63477200 0.33613634
vt 0.63467634 0.29254091
vt 0.47910497 0.85530919
vt 0.48038396 0.84588110
vt 0.47841343 0.85089135
vt 0.47786599 0.84386903
vt 0.47978649 0.83622420
vt 0.47787535 0.83747637
vt 0.47760585 0.83059305
vt 0.48196089 0.82941574
vt 0.47799256 0.82515341
vt 0.48427540 0.85016990
vt 0.48419717 0.85611528
vt 0.48283976 0.81771910
vt 0.47917166 0.86278307
vt 0.48284107 0.84105384
vt 0.47863734 0.81886226
vt 0.48238289 0.81155890
vt 0.48305210 0.86839467
vt 0.47800249 0.81130987
vt 0.47885272 0.80446309
vt 0.48332596 0.80533856
vt 0.48504728 0.82944775
vt 0.48524365 0.84235746
vt 0.48561418 0.81691629
vt 0.48552006 0.86728269
vt 0.48394054 0.79499561
vt 0.48686734 0.80825526
vt 0.48004150 0.87886387
vt 0.47824833 0.86879349
vt 0.48290002 0.88237047
vt 0.48459709 0.87901694
vt 0.48737785 0.80192465
vt 0.48737785 0.87662947
vt 0.48444235 0.89507788
vt 0.48162597 0.89528155
vt 0.48246145 0.90913081
vt 0.48595470 0.90531671
vt 0.98132128 0.57672173
vt 0.97899050 0.57280803
vt 0.97616708 0.57770711
vt 0.98384351 0.56732941
vt 0.97544169 0.58285266
vt 0.97932279 0.58795089
vt 0.97516286 0.58849549
vt 0.97881603 0.59575915
vt 0.98698580 0.56474602
vt 0.98247558 0.59919477
vt 0.98379558 0.58139259
vt 0.98997813 0.56799257
vt 0.98700219 0.59900337
vt 0.98855489 0.57820898
vt 0.99389249 0.56321335
vt 0.98825729 0.60524076
vt 0.99226820 0.60555458
vt 0.99389249 0.60974538
vt 0.97773725 0.57160372
vt 0.98078746 0.56621599
vt 0.74152178 0.98762923
vt 0.72805232 0.98647165
vt 0.73071241 0.98396015
vt 0.74005574 0.98482704
vt 0.71894288 0.98375767
vt 0.71454799 0.98646480
vt 0.70654273 0.98456383
vt 0.69956440 0.98814750
vt 0.69177526 0.98697072
vt 0.75366449 0.98814750
vt 0.64058220 0.89030087
vt 0.64573258 0.88772249
vt 0.64390409 0.88372135
vt 0.63887727 0.88485670
vt 0.64025766 0.88010234
vt 0.64474565 0.87611914
vt 0.64071208 0.87243980
vt 0.64636660 0.86488092
vt 0.64107472 0.86438739
vt 0.64592016 0.85519129
vt 0.63980275 0.85724252
vt 0.64152539 0.85281330
vt 0.64604473 0.84345484
vt 0.64320928 0.89301711
vt 0.64208102 0.84410053
vt 0.63975781 0.83695841
vt 0.64654785 0.89327312
vt 0.64662182 0.88318515
vt 0.64449072 0.89979237
vt 0.64180338 0.90135360
vt 0.63905406 0.89252216
vt 0.64754826 0.88916886
vt 0.64662170 0.87515372
vt 0.64550018 0.90542549
vt 0.63905150 0.84966362
vt 0.64530152 0.83629727
vt 0.64640588 0.82709891
vt 0.63902819 0.82541990
vt 0.64383173 0.81815726
vt 0.63695723 0.86392170
vt 0.64847338 0.86303061
vt 0.64718521 0.85526425
vt 0.64833653 0.84870821
vt 0.64218092 0.90965456
vt 0.63734394 0.83841097
vt 0.63897628 0.90216786
vt 0.63993126 0.81618041
vt 0.64846516 0.81148547
vt 0.64357483 0.80411220
vt 0.65027714 0.81589407
vt 0.64951515 0.80458373
vt 0.64955294 0.79974282
vt 0.64186531 0.79970223
vt 0.64532924 0.79004705
vt 0.63632131 0.87123644
vt 0.63502419 0.83729875
vt 0.64868158 0.87060195
vt 0.64632899 0.89916658
vt 0.64772063 0.84103763
vt 0.64883739 0.83413994
vt 0.64715636 0.90767157
vt 0.64697605 0.91421074
vt 0.64243811 0.91606611
vt 0.64318353 0.92461962
vt 0.64818823 0.92930394
vt 0.64376181 0.93434227
vt 0.65093040 0.94110930
vt 0.64712477 0.95150667
vt 0.63642102 0.82389069
vt 0.63894874 0.79120749
vt 0.64282608 0.78510588
vt 0.63816816 0.91314006
vt 0.63442916 0.80643713
vt 0.63668102 0.81145358
vt 0.63482016 0.84933645
vt 0.64932007 0.92226148
vt 0.63313508 0.86072612
vt 0.64055932 0.93127483
vt 0.63675451 0.80058569
vt 0.65187299 0.94749624
vt 0.64993978 0.95720196
vt 0.64976364 0.82449853
vt 0.65187299 0.81158423
vt 0.64090198 0.94348067
vt 0.64980626 0.85700756
vt 0.63217163 0.83304828
vt 0.63382179 0.87665153
vt 0.63656449 0.91808784
vt 0.63101476 0.84831774
vt 0.64532495 0.95829678
vt 0.63202369 0.81955963
vt 0.65053815 0.79287302
vt 0.64734244 0.78511250
vt 0.64428890 0.77919227
vt 0.63567680 0.78634340
vt 0.63258427 0.88809091
vt 0.63580185 0.79375589
vt 0.63732111 0.92785549
vt 0.63070035 0.87049967
vt 0.63520986 0.90306544
vt 0.27478170 0.19898373
vt 0.27866811 0.19893545
vt 0.27384478 0.20784295
vt 0.26980257 0.21041435
vt 0.27826786 0.18942517
vt 0.26795051 0.21869111
vt 0.26371592 0.22135961
vt 0.26614738 0.22528327
vt 0.25864518 0.22954178
vt 0.28236210 0.18751919
vt 0.25557420 0.23760474
vt 0.25101271 0.24012482
vt 0.27414742 0.21111882
vt 0.28374028 0.17483461
vt 0.28102392 0.17612231
vt 0.28344139 0.16163027
vt 0.18818404 0.20775968
vt 0.15564732 0.27389431
vt 0.14122675 0.23788327
vt 0.23488122 0.20507461
vt 0.22883914 0.23760682
vt 0.20266931 0.22861892
vt 0.20956834 0.25299370
vt 0.23427947 0.14907378
vt 0.15849431 0.19031805
vt 0.19178489 0.11887360
vt 0.15163173 0.12199378
vt 0.19166695 0.07352841
vt 0.12973449 0.06589794
vt 0.13898081 0.02643520
vt 0.07363598 0.05000377
vt 0.07437418 0.01854974
vt 0.10886654 0.00433910
vt 0.12040728 0.00296926
vt 0.13604306 0.00043899
vt 0.16375139 0.00241977
vt 0.18886226 0.01549554
vt 0.06115595 0.02738988
vt 0.03323367 0.05716950
vt 0.06121309 0.08726901
vt 0.02344058 0.07112157
vt 0.02103150 0.07560438
vt 0.10712198 0.12174183
vt 0.06255154 0.17060351
vt 0.03185000 0.14016616
vt 0.01054431 0.09933418
vt 0.00473770 0.11853909
vt 0.00040717 0.14814103
vt 0.00268579 0.12874824
vt 0.00078923 0.16141629
vt 0.00207101 0.18189418
vt 0.08124620 0.20850384
vt 0.06054456 0.24900645
vt 0.04037080 0.25926423
vt 0.01235667 0.21742421
vt 0.04480070 0.26346797
vt 0.05438517 0.27191758
vt 0.07344244 0.28413320
vt 0.10503726 0.26625776
vt 0.09103303 0.23260486
vt 0.12273446 0.20137602
vt 0.12338614 0.16701162
vt 0.14173001 0.28518850
vt 0.08562930 0.29011834
vt 0.11445973 0.29678935
vt 0.13087456 0.29644597
vt 0.22571096 0.03536016
vt 0.23427936 0.10483766
vt 0.25643271 0.06996500
vt 0.26494604 0.11506128
vt 0.27680945 0.10490245
vt 0.28271052 0.13198400
vt 0.27984998 0.14716733
vt 0.26326707 0.20587152
vt 0.27379918 0.19168752
vt 0.25024277 0.23808295
vt 0.14454436 0.29518211
vt 0.24102053 0.04310894
vt 0.24741493 0.05051178
vt 0.08917714 0.01096129
vt 0.00115052 0.13786209
vt 0.21190371 0.01975805
vt 0.22456394 0.02828217
vt 0.18861397 0.00873566
vt 0.17731532 0.00544482
vt 0.19786164 0.01239473
vt 0.26360357 0.07402647
vt 0.25582227 0.06212229
vt 0.15560198 0.29404223
vt 0.16689360 0.28124702
vt 0.24269670 0.24644876
vt 0.23379847 0.03618598
vt 0.28379479 0.14937556
vt 0.03426004 0.25251347
vt 0.01834667 0.22955036
vt 0.23707785 0.25230551
vt 0.22025731 0.25634462
vt 0.00426316 0.19306678
vt 0.01432690 0.08926260
vt 0.10068570 0.29440582
vt 0.04688092 0.04098386
vt 0.05426035 0.03313100
vt 0.03889656 0.04892230
vt 0.16869156 0.28407729
vt 0.00116500 0.17157811
vt 0.15434876 0.00106883
vt 0.22997510 0.26078928
vt 0.23307532 0.25874710
vt 0.23131894 0.26268542
vt 0.00599060 0.20099509
vt 0.00852947 0.10441136
vt 0.22203019 0.26081157
vt 0.19497699 0.27424276
vt 0.16921604 0.28752619
vt 0.16333680 0.29473126
vt 0.28088737 0.12110716
vt 0.14065526 0.29765874
vt 0.15405092 0.29562390
vt 0.02392750 0.23844600
vt 0.12428674 0.29806852
vt 0.14529125 0.00048012
vt 0.12851840 0.00132769
vt 0.16189928 0.29575849
vt 0.20721938 0.27347028
vt 0.17850785 0.28825593
vt 0.22580779 0.26536393
vt 0.22918080 0.26596761
vt 0.16995457 0.29367447
vt 0.16775896 0.29557294
vt 0.17002133 0.29806852
vt 0.23882052 0.25276148
vt 0.22781540 0.27215213
vt 0.17295131 0.29728514
vt 0.03155238 0.05806053
vt 0.18141590 0.29220408
vt 0.06270204 0.27795935
vt 0.22394109 0.27101338
vt 0.22657068 0.27095777
vt 0.23657602 0.25461364
vt 0.12540351 0.00090063
vt 0.11476051 0.00231570
vt 0.23003264 0.26731622
vt 0.11673050 0.97684169
vt 0.10084536 0.97479725
vt 0.12106859 0.97410011
vt 0.13218494 0.97414470
vt 0.07442304 0.98006403
vt 0.07116874 0.97463530
vt 0.08223201 0.97669023
vt 0.06369673 0.97507858
vt 0.06503440 0.98008049
vt 0.05536409 0.98003221
vt 0.04668086 0.97496152
vt 0.04356677 0.98024583
vt 0.08808898 0.97988850
vt 0.10159589 0.97979283
vt 0.09122875 0.97454464
vt 0.08183769 0.97449696
vt 0.13314332 0.98024583
vt 0.51272559 0.02627450
vt 0.52011395 0.02364832
vt 0.52565461 0.02801281
vt 0.51101637 0.02341098
vt 0.52978694 0.02478045
vt 0.53623778 0.02941179
vt 0.49770457 0.01336628
vt 0.49766526 0.01620919
vt 0.48947486 0.01346344
vt 0.50904214 0.01475966
vt 0.50961769 0.01787591
vt 0.51932633 0.01844448
vt 0.50396502 0.02193141
vt 0.49204919 0.01043761
vt 0.48129460 0.01009655
vt 0.47888681 0.01210254
vt 0.47017726 0.01069283
vt 0.50086850 0.01084322
vt 0.46985543 0.01643431
vt 0.47659680 0.01539373
vt 0.46308586 0.01573271
vt 0.45911923 0.01076967
vt 0.45399690 0.01544315
vt 0.44923565 0.01307964
vt 0.44646516 0.01625997
vt 0.48733088 0.01721859
vt 0.49437705 0.02135175
vt 0.48451984 0.02074182
vt 0.46996683 0.02042884
vt 0.44394064 0.02141261
vt 0.45232776 0.02094138
vt 0.46077204 0.02123362
vt 0.43860018 0.01734072
vt 0.43539473 0.02326131
vt 0.42735881 0.01969147
vt 0.42360058 0.02597731
vt 0.41866249 0.02297062
vt 0.49687156 0.02514803
vt 0.45380783 0.02310163
vt 0.50369817 0.02520853
vt 0.47860301 0.02562106
vt 0.47173426 0.02538729
vt 0.44674480 0.02420896
vt 0.46632311 0.02608430
vt 0.45956302 0.02653974
vt 0.48641312 0.02694649
vt 0.49155417 0.02622837
vt 0.43561453 0.02592605
vt 0.45115685 0.02739888
vt 0.42449763 0.02941179
vt 0.41327360 0.02929246
vt 0.44809490 0.01024950
vt 0.43833572 0.01174718
vt 0.07381684 0.78002924
vt 0.08291083 0.78009272
vt 0.08276825 0.78158349
vt 0.09717633 0.78102541
vt 0.09702670 0.78400427
vt 0.08172853 0.78312379
vt 0.07015452 0.78384507
vt 0.10545602 0.78276777
vt 0.10310289 0.78533804
vt 0.06499039 0.78427762
vt 0.06525390 0.77974039
vt 0.06056869 0.78461343
vt 0.05735904 0.77980292
vt 0.05616139 0.78478706
vt 0.07057616 0.77831429
vt 0.05903167 0.77856350
vt 0.04845277 0.77961415
vt 0.04931325 0.78533804
vt 0.53428042 0.87175339
vt 0.54383403 0.86153239
vt 0.52992111 0.87261784
vt 0.52744079 0.86563623
vt 0.54590338 0.86303753
vt 0.53721428 0.87280387
vt 0.54822451 0.85552275
vt 0.52308148 0.87350637
vt 0.54041684 0.85840625
vt 0.54452097 0.85231632
vt 0.53333920 0.86410570
vt 0.52393293 0.88428843
vt 0.52555621 0.88856947
vt 0.53966105 0.88094670
vt 0.53389907 0.85630852
vt 0.52717918 0.85889280
vt 0.52821153 0.85540980
vt 0.53264844 0.89160502
vt 0.53724456 0.85202426
vt 0.54588783 0.87512696
vt 0.53380585 0.84897381
vt 0.55311888 0.86741251
vt 0.54539567 0.89161664
vt 0.54064107 0.89786321
vt 0.54948670 0.88027793
vt 0.51793087 0.88755083
vt 0.52493352 0.89794999
vt 0.51509345 0.88227189
vt 0.53260177 0.90093613
vt 0.51798934 0.89956594
vt 0.51311815 0.89329523
vt 0.55315930 0.90456676
vt 0.55305094 0.89210075
vt 0.55800569 0.90115929
vt 0.55543071 0.87788856
vt 0.55807030 0.88974410
vt 0.56223494 0.85331684
vt 0.56761682 0.85573578
vt 0.56302196 0.86526823
vt 0.55629015 0.84706390
vt 0.53839070 0.84837329
vt 0.55132163 0.84610528
vt 0.56365627 0.91211432
vt 0.55088323 0.90969795
vt 0.53814238 0.90617478
vt 0.55783081 0.91596973
vt 0.52124077 0.90779287
vt 0.57015514 0.84670752
vt 0.54352957 0.84388334
vt 0.56445873 0.84179378
vt 0.55313861 0.83979100
vt 0.56995779 0.91688788
vt 0.52790856 0.91126204
vt 0.56293857 0.92330664
vt 0.57125407 0.92581213
vt 0.51432002 0.91068697
vt 0.51185411 0.90148014
vt 0.51408845 0.87221026
vt 0.52422857 0.86712408
vt 0.52414417 0.85691971
vt 0.57125407 0.83641928
vt 0.56480557 0.83303720
vt 0.55902511 0.82959545
vt 0.50689721 0.89057785
vt 0.51172578 0.88033926
vt 0.50639778 0.89672083
vt 0.50628591 0.90604389
vt 0.56785041 0.82735258
vt 0.52646923 0.85199356
vt 0.53053874 0.84465021
vt 0.53483051 0.84243089
vt 0.52467418 0.85076410
vt 0.52664995 0.84489083
vt 0.53771907 0.83205688
vt 0.52932161 0.83579558
vt 0.53623015 0.82465035
vt 0.54680514 0.82748920
vt 0.54335201 0.82154930
vt 0.54450679 0.83493346
vt 0.53895980 0.84194779
vt 0.54963732 0.82339752
vt 0.53801721 0.82130402
vt 0.55023932 0.83720374
vt 0.55404121 0.82679415
vt 0.54765105 0.81544483
vt 0.55495244 0.81064421
vt 0.55105430 0.81000060
vt 0.54209375 0.81226408
vt 0.56107837 0.81927329
vt 0.52323931 0.83025855
vt 0.54945838 0.80233818
vt 0.52476311 0.83917826
vt 0.52756071 0.82157928
vt 0.55642897 0.80050296
vt 0.54157370 0.80453014
vt 0.53461230 0.81371737
vt 0.52222854 0.82715517
vt 0.56292534 0.80831164
vt 0.55503976 0.79256845
vt 0.54515326 0.79599363
vt 0.51600623 0.83700299
vt 0.51564991 0.84384829
vt 0.54970306 0.79053724
vt 0.53157556 0.80884409
vt 0.56029087 0.79405743
vt 0.55411172 0.78121495
vt 0.55948180 0.78011984
vt 0.55659848 0.76777875
vt 0.56292051 0.76842755
vt 0.51304269 0.83271950
vt 0.50678384 0.85268772
vt 0.50890082 0.85192418
vt 0.51392514 0.85516757
vt 0.50854462 0.86042672
vt 0.51054776 0.86646789
vt 0.51576406 0.86109847
vt 0.50704342 0.84210366
vt 0.49955630 0.86610252
vt 0.50130796 0.87384218
vt 0.49552116 0.85949010
vt 0.51938659 0.86550874
vt 0.50841355 0.87551361
vt 0.49689326 0.87634164
vt 0.50162375 0.88647610
vt 0.04943506 0.91028112
vt 0.04311418 0.90834588
vt 0.04782927 0.90723109
vt 0.05477073 0.90979558
vt 0.04708199 0.90341121
vt 0.04041760 0.90514398
vt 0.04619629 0.90122914
vt 0.03244787 0.90856880
vt 0.04252361 0.90985328
vt 0.04147377 0.90171880
vt 0.03621703 0.90592813
vt 0.03276353 0.90741527
vt 0.02565147 0.91176468
vt 0.03101317 0.91129303
vt 0.05659609 0.91176468
vt 0.49034601 0.97111124
vt 0.49874282 0.97427016
vt 0.49278280 0.97534674
vt 0.48933449 0.97293144
vt 0.48810104 0.96881604
vt 0.49973792 0.97236913
vt 0.48867878 0.96814835
vt 0.48811543 0.97702086
vt 0.48058480 0.97410405
vt 0.48563835 0.96945679
vt 0.49628922 0.97830546
vt 0.50237840 0.97676867
vt 0.50435895 0.97244406
vt 0.50711399 0.97545701
vt 0.50857002 0.97227335
vt 0.51546389 0.97330970
vt 0.49354067 0.96671712
vt 0.48276332 0.97804457
vt 0.47525939 0.97582406
vt 0.46943620 0.97315997
vt 0.47689319 0.96690553
vt 0.48597771 0.96733552
vt 0.41138127 0.99628967
vt 0.41388887 0.98953885
vt 0.42014205 0.99906117
vt 0.42344540 0.99015164
vt 0.43219605 0.99845552
vt 0.43180951 0.99040866
vt 0.41009566 0.98613155
vt 0.43836781 0.99276292
vt 0.44078487 0.99956101
vt 0.40283978 0.99420708
vt 0.45086870 0.99826252
vt 0.45286298 0.99431586
vt 0.46136326 0.99811310
vt 0.47106168 0.99538940
vt 0.44764197 0.98789841
vt 0.46990609 0.98574382
vt 0.47904900 0.99356776
vt 0.47981912 0.98598289
vt 0.49003506 0.98869634
vt 0.48870200 0.99334466
vt 0.41652507 0.97982699
vt 0.43620473 0.97926295
vt 0.40935609 0.98219079
vt 0.50452316 0.99190861
vt 0.50302881 0.98679829
vt 0.44783118 0.98002267
vt 0.46371138 0.97964567
vt 0.48668087 0.98313642
vt 0.47829083 0.98315603
vt 0.49825126 0.99695861
vt 0.45539999 0.97738004
vt 0.49406365 0.98337591
vt 0.49974233 0.98273480
vt 0.51129222 0.98804706
vt 0.42230299 0.97798318
vt 0.51170403 0.99262679
vt 0.48625457 0.99956101
vt 0.47677663 0.99812299
vt 0.39187229 0.99074358
vt 0.38412699 0.98381460
vt 0.39860249 0.98268443
vt 0.39336112 0.97717792
vt 0.40358487 0.97205907
vt 0.39309275 0.97150594
vt 0.40964606 0.97155631
vt 0.38231671 0.97239679
vt 0.44316792 0.97588396
vt 0.43028757 0.97199190
vt 0.41968495 0.97144121
vt 0.46906686 0.97875518
vt 0.47575682 0.97859150
vt 0.36518794 0.97064430
vt 0.36640877 0.96231681
vt 0.37783334 0.96040356
vt 0.38890630 0.96649605
vt 0.39343479 0.95968443
vt 0.43220088 0.96902758
vt 0.50620162 0.98338139
vt 0.40053910 0.96053529
vt 0.37123743 0.95418322
vt 0.46312827 0.97635853
vt 0.38403234 0.95135021
vt 0.49006176 0.97975850
vt 0.41086790 0.96720135
vt 0.36252856 0.95249999
vt 0.44340044 0.97057205
vt 0.35409510 0.96123469
vt 0.35762149 0.97086871
vt 0.36952060 0.94453847
vt 0.40132707 0.94864047
vt 0.41165343 0.96037000
vt 0.42095098 0.95663297
vt 0.42046860 0.94685084
vt 0.42757618 0.94854194
vt 0.42688087 0.94086885
vt 0.43424809 0.94207352
vt 0.43213457 0.95885545
vt 0.43911758 0.95771140
vt 0.43738902 0.94739747
vt 0.44906011 0.94465208
vt 0.44763750 0.94009787
vt 0.45504382 0.94043154
vt 0.45706579 0.94807583
vt 0.46596694 0.94089204
vt 0.46052998 0.93823373
vt 0.47542793 0.94500566
vt 0.47637203 0.93893850
vt 0.48834205 0.94071382
vt 0.48734877 0.93639475
vt 0.49752420 0.93988419
vt 0.49513105 0.94383961
vt 0.50540429 0.94322431
vt 0.51190323 0.94230402
vt 0.49744329 0.93575048
vt 0.47641876 0.93526405
vt 0.45933390 0.95813930
vt 0.44966310 0.95010895
vt 0.44855919 0.95756507
vt 0.42365059 0.96209711
vt 0.51147300 0.93599766
vt 0.44811022 0.93676746
vt 0.45830303 0.96159256
vt 0.50438684 0.94634533
vt 0.46550396 0.95566738
vt 0.46852469 0.95955402
vt 0.47382903 0.95503813
vt 0.48146898 0.95917118
vt 0.47600335 0.96377021
vt 0.46847370 0.96389979
vt 0.48287040 0.96465296
vt 0.41592655 0.94168371
vt 0.52028447 0.94258159
vt 0.51875001 0.94944423
vt 0.52600688 0.95109159
vt 0.43831378 0.93806309
vt 0.44186461 0.96211964
vt 0.44933972 0.97104424
vt 0.46547040 0.93336171
vt 0.48816031 0.96585351
vt 0.50631195 0.98034698
vt 0.51175433 0.98035312
vt 0.51829636 0.97976935
vt 0.53151304 0.94923496
vt 0.51872480 0.93401116
vt 0.48822671 0.92865318
vt 0.52927077 0.94122547
vt 0.52131408 0.97241640
vt 0.52472496 0.97473806
vt 0.52219093 0.96777731
vt 0.52859694 0.96812862
vt 0.52756852 0.97971159
vt 0.52246875 0.95848787
vt 0.53270084 0.96425331
vt 0.53576082 0.97245228
vt 0.53592438 0.95826846
vt 0.50879318 0.95298451
vt 0.51574832 0.96877497
vt 0.39599997 0.94340450
vt 0.52175099 0.98825383
vt 0.51295877 0.96530098
vt 0.37585896 0.94409019
vt 0.49601829 0.92836094
vt 0.50635290 0.92884415
vt 0.45579311 0.96560812
vt 0.36252937 0.94452822
vt 0.46238753 0.96557039
vt 0.53645772 0.94803339
vt 0.49926838 0.94920790
vt 0.48504922 0.94843489
vt 0.49300453 0.95830691
vt 0.41699234 0.93701869
vt 0.40767461 0.93088245
vt 0.33759555 0.95191383
vt 0.50389135 0.96716028
vt 0.50949347 0.96735603
vt 0.51344573 0.96800494
vt 0.53099293 0.93330204
vt 0.34160516 0.96137285
vt 0.53759187 0.93940705
vt 0.47171682 0.92953587
vt 0.34689015 0.94435316
vt 0.33872452 0.93650609
vt 0.33212698 0.93958074
vt 0.35495919 0.93712574
vt 0.46099651 0.97233707
vt 0.38011962 0.93317997
vt 0.39174122 0.93778121
vt 0.42682639 0.93522877
vt 0.34498915 0.92973691
vt 0.36570486 0.93883729
vt 0.37249407 0.93128157
vt 0.35050642 0.92442101
vt 0.44524074 0.93021488
vt 0.34133425 0.96923989
vt 0.32503432 0.95931649
vt 0.31649652 0.95598245
vt 0.51726580 0.92417246
vt 0.52986282 0.92913061
vt 0.33351406 0.93048185
vt 0.39249185 0.93032056
vt 0.49529365 0.92081922
vt 0.31585804 0.94747257
vt 0.36555535 0.98093396
vt 0.41739392 0.93144065
vt 0.32281291 0.96732342
vt 0.30405450 0.96013379
vt 0.30187890 0.96774322
vt 0.32303536 0.93264633
vt 0.32291698 0.97118241
vt 0.35431933 0.98486030
vt 0.33684361 0.97958380
vt 0.33903143 0.98297328
vt 0.50766617 0.92336857
vt 0.49023059 0.91615450
vt 0.49531072 0.91633052
vt 0.50063270 0.91857076
vt 0.40496460 0.92573762
vt 0.30233115 0.98385781
vt 0.31536770 0.97976935
vt 0.31115940 0.99044412
vt 0.29028228 0.99025494
vt 0.29091471 0.99286020
vt 0.28706610 0.99091083
vt 0.28955638 0.98680645
vt 0.28705212 0.99867982
vt 0.33315799 0.92281151
vt 0.37822083 0.92764491
vt 0.32287979 0.92460769
vt 0.47159401 0.92393571
vt 0.45227394 0.92530006
vt 0.43831164 0.92576122
vt 0.35451275 0.92049599
vt 0.36426297 0.91928643
vt 0.42098060 0.92762184
vt 0.53949511 0.93012929
vt 0.52964646 0.92248225
vt 0.54924601 0.08731312
vt 0.54666477 0.08997959
vt 0.54155505 0.08560139
vt 0.53731132 0.08989400
vt 0.53248084 0.08661145
vt 0.53323168 0.08974677
vt 0.55435765 0.09244341
vt 0.55377722 0.08786410
vt 0.56004834 0.09399724
vt 0.52634877 0.08996522
vt 0.52859885 0.09285015
vt 0.52394301 0.09572208
vt 0.54715872 0.09166712
vt 0.53893209 0.09078377
vt 0.52513164 0.09701490
vt 0.52913070 0.09539610
vt 0.53617424 0.09266341
vt 0.56087643 0.08968961
vt 0.56636810 0.09121084
vt 0.56567520 0.09701490
vt 0.52320844 0.09244418
vt 0.88506037 0.00751805
vt 0.86847979 0.00774145
vt 0.87292331 0.00540990
vt 0.88552332 0.00475836
vt 0.89620495 0.00604314
vt 0.86307281 0.00592583
vt 0.89997423 0.00395083
vt 0.90696514 0.00543368
vt 0.90129364 0.01124632
vt 0.88844812 0.01070738
vt 0.91743577 0.01151192
vt 0.91570836 0.00506634
vt 0.92436081 0.00591105
vt 0.93185872 0.00757778
vt 0.93444628 0.01273048
vt 0.87672740 0.01129669
vt 0.86115634 0.01273048
vt 0.87173212 0.01226979
vt 0.74749452 0.01064277
vt 0.75684720 0.01147288
vt 0.74823791 0.00795883
vt 0.74254662 0.00751173
vt 0.75493819 0.00817013
vt 0.75954324 0.00845706
vt 0.76459855 0.00874126
vt 0.76913679 0.01223546
vt 0.73662293 0.00746268
vt 0.73083466 0.00763035
vt 0.75032121 0.01360846
vt 0.73209649 0.01282287
vt 0.73843592 0.01336151
vt 0.72451162 0.01273030
vt 0.72567785 0.00756848
vt 0.72410405 0.00770843
vt 0.71652001 0.01261592
vt 0.71969408 0.00808620
vt 0.70972794 0.00884396
vt 0.70834672 0.01313335
vt 0.69096088 0.01360846
vt 0.40184850 0.00254285
vt 0.39949587 0.00518948
vt 0.40774986 0.00779861
vt 0.40828466 0.00313330
vt 0.41156179 0.00834066
vt 0.41646081 0.00574970
vt 0.38681418 0.00219488
vt 0.39190224 0.00544780
vt 0.38552818 0.00587952
vt 0.38158420 0.00404423
vt 0.37988600 0.00834066
vt 0.41949308 0.00312442
vt 0.41597188 0.00813264
vt 0.42063710 0.00811863
vt 0.42134160 0.00342882
vt 0.42517069 0.00760728
vt 0.42874593 0.00375819
vt 0.87847912 0.72756928
vt 0.88258946 0.72414374
vt 0.87640786 0.72243613
vt 0.88518184 0.72925627
vt 0.89158905 0.72654265
vt 0.87173641 0.72397137
vt 0.87029612 0.71981800
vt 0.86919343 0.72495729
vt 0.87573797 0.72872901
vt 0.88323599 0.73084104
vt 0.88981336 0.73252714
vt 0.88980329 0.72905791
vt 0.89571297 0.73194182
vt 0.90139484 0.72802496
vt 0.89770049 0.73547256
vt 0.86114693 0.71655977
vt 0.86166185 0.71490204
vt 0.90211743 0.73254275
vt 0.90481311 0.73617208
vt 0.85959619 0.71990490
vt 0.88363576 0.73371130
vt 0.86365718 0.72506177
vt 0.84971315 0.70385706
vt 0.85931057 0.71746683
vt 0.85150313 0.71228427
vt 0.84829128 0.70707291
vt 0.84632105 0.70818502
vt 0.84821886 0.70515412
vt 0.86165625 0.72524834
vt 0.85801470 0.71978492
vt 0.85322523 0.71591675
vt 0.81796432 0.61927879
vt 0.81962329 0.62199670
vt 0.82142323 0.61328888
vt 0.81747723 0.62748170
vt 0.81730759 0.61255640
vt 0.81956172 0.60607785
vt 0.82184494 0.60682201
vt 0.82284832 0.59641427
vt 0.82036781 0.59804702
vt 0.82229024 0.58550882
vt 0.82477617 0.58308738
vt 0.82649976 0.57225442
vt 0.82127070 0.61882341
vt 0.82158661 0.62749791
vt 0.82016975 0.58358902
vt 0.82263994 0.57184976
vt 0.81718242 0.60432273
vt 0.82035398 0.63123369
vt 0.81828135 0.63528275
vt 0.82153451 0.63974816
vt 0.82542843 0.56115997
vt 0.83011931 0.56030214
vt 0.82009822 0.64035594
vt 0.82266712 0.64678502
vt 0.82066703 0.64705056
vt 0.82223451 0.65124506
vt 0.83201289 0.54816473
vt 0.82563555 0.65440840
vt 0.82317340 0.64006174
vt 0.82239085 0.63456875
vt 0.82908016 0.67575526
vt 0.83343458 0.68153763
vt 0.83070880 0.67409819
vt 0.82692790 0.67160273
vt 0.82598233 0.66931057
vt 0.82970309 0.67929834
vt 0.82745808 0.66495484
vt 0.83156371 0.68388581
vt 0.83364493 0.68656778
vt 0.83618921 0.68800360
vt 0.83565450 0.69178641
vt 0.82541001 0.66355211
vt 0.83841509 0.69614351
vt 0.82293832 0.65463555
vt 0.82363051 0.66490561
vt 0.82226586 0.66035259
vt 0.82689953 0.67537600
vt 0.82680768 0.67707705
vt 0.83039451 0.68664867
vt 0.82230616 0.66605145
vt 0.83442545 0.69490290
vt 0.81864315 0.64539027
vt 0.83935446 0.70257229
vt 0.84225911 0.70050043
vt 0.84308773 0.70467710
vt 0.82902116 0.65977275
vt 0.82893986 0.65264684
vt 0.83290631 0.66511047
vt 0.83198595 0.65692449
vt 0.83004075 0.64876449
vt 0.82815152 0.64738369
vt 0.83551055 0.66593814
vt 0.82796299 0.63816398
vt 0.83622718 0.67400056
vt 0.83880746 0.67383957
vt 0.84153104 0.68397957
vt 0.84485298 0.68467939
vt 0.83763057 0.67963797
vt 0.84009951 0.68607640
vt 0.84528977 0.69154662
vt 0.84844196 0.69091088
vt 0.85595226 0.69946057
vt 0.82582277 0.63441366
vt 0.82712322 0.62694758
vt 0.82455409 0.62421483
vt 0.82559752 0.61459929
vt 0.82552725 0.60624778
vt 0.82569546 0.59802103
vt 0.82759708 0.58473337
vt 0.83079743 0.66780198
vt 0.83265209 0.56346703
vt 0.83337992 0.67566657
vt 0.82561928 0.64952058
vt 0.83713245 0.68636882
vt 0.84335971 0.69301438
vt 0.84823430 0.69782871
vt 0.84378934 0.69880575
vt 0.85741669 0.70301163
vt 0.86618716 0.71399814
vt 0.86851090 0.71297002
vt 0.87381357 0.71722406
vt 0.87887615 0.71819246
vt 0.88597846 0.72056961
vt 0.88791656 0.72263438
vt 0.89826441 0.72381407
vt 0.90357953 0.72543079
vt 0.90912503 0.72447652
vt 0.90917003 0.72807389
vt 0.91533667 0.72788650
vt 0.91617012 0.72433478
vt 0.91979039 0.72736090
vt 0.92567140 0.72195739
vt 0.92708772 0.72621214
vt 0.93380666 0.72084546
vt 0.93258399 0.71903712
vt 0.94031906 0.71661723
vt 0.92076606 0.72103578
vt 0.90977484 0.72293109
vt 0.93773282 0.72323960
vt 0.94718587 0.71331912
vt 0.95114303 0.70794737
vt 0.95200270 0.71300125
vt 0.94487977 0.71990567
vt 0.95189726 0.71551049
vt 0.93143624 0.72521418
vt 0.87400156 0.71481717
vt 0.90061957 0.72072303
vt 0.83418697 0.54898179
vt 0.83815664 0.54067743
vt 0.93934268 0.71427339
vt 0.94579762 0.70976579
vt 0.95042843 0.70626807
vt 0.84154725 0.69687968
vt 0.83952695 0.69250530
vt 0.86872292 0.71048844
vt 0.95399022 0.71421349
vt 0.82860798 0.60960770
vt 0.82850063 0.59715801
vt 0.82918721 0.62271702
vt 0.93146276 0.71663320
vt 0.92586327 0.71784109
vt 0.83219409 0.64711398
vt 0.83378929 0.65374023
vt 0.90861994 0.72090977
vt 0.91865444 0.71876568
vt 0.83920050 0.54986143
vt 0.84501761 0.53743368
vt 0.84691858 0.52905494
vt 0.85158151 0.52646118
vt 0.84204531 0.53185982
vt 0.84705621 0.52145064
vt 0.85308224 0.51836681
vt 0.85998356 0.50890994
vt 0.85545802 0.50778127
vt 0.86804599 0.49985987
vt 0.86793196 0.49413466
vt 0.87836212 0.48916042
vt 0.87642020 0.48584926
vt 0.88149655 0.48114699
vt 0.89407629 0.47826576
vt 0.89343786 0.47256351
vt 0.90464014 0.47200382
vt 0.89781165 0.47001690
vt 0.90606290 0.46599376
vt 0.91436660 0.47042137
vt 0.92298883 0.46472156
vt 0.91417074 0.46248639
vt 0.92416680 0.45798731
vt 0.93285280 0.45611262
vt 0.93849516 0.46268010
vt 0.88671356 0.47688007
vt 0.94302309 0.45559287
vt 0.94630527 0.45746517
vt 0.95081145 0.46106637
vt 0.88080102 0.49245542
vt 0.86909348 0.50378233
vt 0.88964796 0.48581010
vt 0.85970134 0.51511300
vt 0.89775640 0.48126602
vt 0.90787280 0.47674572
vt 0.95399022 0.46558028
vt 0.95307666 0.71082830
vt 0.83079219 0.63461781
vt 0.92530847 0.47142303
vt 0.83077186 0.58429378
vt 0.83802640 0.66506690
vt 0.83179069 0.57259548
vt 0.88347656 0.71662390
vt 0.88841540 0.71838933
vt 0.89346582 0.71936440
vt 0.87930298 0.71489233
vt 0.83570719 0.56580538
vt 0.95004767 0.45919478
vt 0.94509351 0.45083404
vt 0.93092424 0.45174336
vt 0.86589366 0.48967749
vt 0.85935730 0.50016165
vt 0.92146832 0.45422399
vt 0.91142744 0.45846391
vt 0.89172781 0.46772099
vt 0.84835976 0.51399267
vt 0.88424373 0.47240907
vt 0.89700031 0.46455300
vt 0.90299964 0.46193939
vt 0.87759984 0.48023808
vt 0.85294282 0.50499928
vt 0.83652705 0.53674263
vt 0.84029764 0.52899009
vt 0.84345722 0.52201247
vt 0.64194638 0.98514879
vt 0.63041401 0.98549497
vt 0.63905042 0.98223162
vt 0.62906319 0.98276109
vt 0.64607555 0.98159587
vt 0.61630476 0.98644888
vt 0.61881995 0.98296428
vt 0.60877764 0.98365939
vt 0.60182601 0.98795503
vt 0.59949625 0.98428982
vt 0.65026456 0.98483694
vt 0.65468299 0.98134875
vt 0.65894288 0.98387855
vt 0.61270368 0.98902547
vt 0.62849402 0.98849314
vt 0.63940549 0.98811591
vt 0.66238058 0.97862738
vt 0.66897392 0.98172599
vt 0.64939827 0.97739053
vt 0.65563327 0.97689849
vt 0.59071100 0.98800206
vt 0.57447040 0.98902547
vt 0.58412802 0.98566097
vt 0.57303655 0.98640692
vt 0.56250083 0.98680764
vt 0.59361506 0.98015881
vt 0.57596689 0.98103708
vt 0.56224936 0.98180509
vt 0.60316461 0.97941697
vt 0.55294925 0.98222136
vt 0.55282831 0.98695111
vt 0.54519546 0.98267877
vt 0.54589558 0.98720020
vt 0.61230624 0.97881281
vt 0.58807099 0.97585601
vt 0.62167412 0.97821170
vt 0.63144064 0.97809422
vt 0.57758290 0.97594005
vt 0.56232822 0.97705209
vt 0.64082199 0.97708571
vt 0.89667511 0.56728071
vt 0.89781243 0.58113778
vt 0.89817375 0.56503296
vt 0.89647871 0.58226860
vt 0.89753938 0.55712461
vt 0.89706570 0.59569800
vt 0.89941835 0.57533228
vt 0.90024430 0.55692047
vt 0.89918751 0.54348993
vt 0.89454395 0.55170184
vt 0.89696532 0.53262103
vt 0.90003443 0.52975017
vt 0.90024430 0.51668131
vt 0.89612263 0.51882333
vt 0.79795927 0.57257694
vt 0.79657042 0.58029741
vt 0.79519546 0.56795311
vt 0.79924595 0.56559968
vt 0.80089575 0.58418757
vt 0.79902452 0.58947694
vt 0.79712665 0.55734575
vt 0.80011231 0.55674106
vt 0.79689544 0.59076792
vt 0.79811186 0.60623354
vt 0.80034441 0.55232275
vt 0.80089575 0.54741001
vt 0.52890092 0.70501995
vt 0.53534245 0.70591760
vt 0.52936977 0.70252120
vt 0.52447081 0.70125705
vt 0.52217442 0.70328820
vt 0.51941019 0.69985431
vt 0.51524800 0.70071083
vt 0.51508152 0.69794971
vt 0.50910676 0.69768089
vt 0.53730893 0.70372152
vt 0.54092628 0.70636594
vt 0.54637951 0.70466524
vt 0.54610741 0.70700926
vt 0.55409682 0.70514947
vt 0.55450416 0.70719928
vt 0.56429499 0.70656925
vt 0.56490821 0.70418894
vt 0.57531053 0.70332330
vt 0.43948370 0.62988102
vt 0.44920909 0.64434475
vt 0.44021621 0.62899512
vt 0.43091699 0.60791594
vt 0.44852614 0.64056760
vt 0.45901197 0.65536159
vt 0.43397775 0.61315417
vt 0.42985138 0.60007882
vt 0.42694002 0.59533554
vt 0.42549899 0.58827758
vt 0.42611492 0.58361572
vt 0.42357156 0.57652217
vt 0.42372826 0.57067633
vt 0.45788574 0.65630090
vt 0.42232874 0.56563520
vt 0.58003849 0.70106715
vt 0.58334130 0.70251250
vt 0.58888698 0.69934839
vt 0.59368759 0.69945151
vt 0.59523118 0.69557273
vt 0.60476893 0.69415426
vt 0.61097431 0.68788314
vt 0.61606652 0.68777961
vt 0.62518924 0.67862540
vt 0.57068396 0.70129561
vt 0.57198387 0.70589823
vt 0.57919425 0.42701006
vt 0.57204443 0.42653763
vt 0.58755869 0.43002415
vt 0.59334022 0.43369901
vt 0.59592581 0.43297505
vt 0.60291260 0.43772238
vt 0.61003345 0.44289637
vt 0.61188501 0.44215465
vt 0.62510771 0.45359367
vt 0.44944191 0.53851193
vt 0.43350464 0.54399514
vt 0.44930249 0.56552261
vt 0.44010049 0.56897157
vt 0.44911039 0.58350122
vt 0.43828520 0.51662254
vt 0.42638952 0.52250260
vt 0.42348623 0.53752309
vt 0.42321888 0.55455804
vt 0.42927426 0.50857139
vt 0.45236146 0.47941220
vt 0.45565632 0.50192571
vt 0.45692512 0.52215898
vt 0.43685934 0.48765033
vt 0.44075423 0.48036748
vt 0.45298624 0.54475158
vt 0.45400995 0.55525255
vt 0.45444092 0.57776678
vt 0.47023463 0.49128479
vt 0.46211681 0.51071507
vt 0.44988886 0.46781313
vt 0.46111479 0.45950073
vt 0.47660330 0.46765929
vt 0.48523152 0.47503716
vt 0.50888449 0.46146262
vt 0.50168014 0.44987118
vt 0.51828915 0.44888741
vt 0.50864434 0.43172485
vt 0.49530974 0.43645895
vt 0.53049791 0.45284820
vt 0.52907246 0.45807034
vt 0.52958214 0.44065040
vt 0.53905463 0.44377351
vt 0.52211887 0.42699200
vt 0.54901630 0.45250976
vt 0.55461812 0.44139040
vt 0.56161159 0.45207393
vt 0.57314003 0.44392461
vt 0.57963979 0.45559448
vt 0.58993173 0.44924033
vt 0.56593740 0.42665553
vt 0.55054098 0.42513525
vt 0.53806871 0.42544436
vt 0.52587247 0.42722487
vt 0.58599031 0.44143438
vt 0.57233775 0.45620912
vt 0.60564721 0.46103263
vt 0.59489423 0.46421397
vt 0.60869908 0.46977615
vt 0.61665827 0.46743286
vt 0.62416589 0.48728430
vt 0.63179123 0.49088752
vt 0.64154559 0.51898324
vt 0.65008181 0.50737149
vt 0.64295667 0.48294991
vt 0.65422744 0.53308928
vt 0.64771098 0.53448421
vt 0.65709698 0.55534244
vt 0.67343605 0.54956245
vt 0.66263235 0.52926344
vt 0.67220646 0.53425294
vt 0.66925919 0.52695727
vt 0.65833646 0.50982898
vt 0.62258226 0.45371664
vt 0.63403243 0.46368980
vt 0.63409132 0.47931945
vt 0.64424998 0.47593784
vt 0.66816229 0.57364333
vt 0.65975833 0.57508558
vt 0.66766101 0.59690386
vt 0.65524369 0.60177535
vt 0.67529565 0.56164759
vt 0.67693359 0.57373077
vt 0.64812398 0.59091908
vt 0.64515424 0.60217482
vt 0.64227575 0.61309016
vt 0.64888406 0.57865363
vt 0.65152675 0.56153321
vt 0.64905006 0.54771572
vt 0.67572576 0.58281225
vt 0.67383307 0.59601080
vt 0.66838855 0.61641186
vt 0.65545517 0.62766141
vt 0.66035384 0.63296562
vt 0.65243900 0.64652723
vt 0.63677007 0.62342978
vt 0.63174540 0.64295030
vt 0.63121974 0.63380116
vt 0.62447381 0.64306575
vt 0.61979562 0.65775377
vt 0.61124450 0.65458012
vt 0.59949046 0.66605461
vt 0.64484447 0.64559323
vt 0.63139117 0.66598982
vt 0.59441715 0.69180280
vt 0.64282566 0.65894502
vt 0.63330007 0.66876388
vt 0.62543458 0.67582595
vt 0.61114281 0.68535817
vt 0.58215338 0.69839513
vt 0.58205104 0.67530000
vt 0.56198901 0.67773247
vt 0.54875964 0.68827456
vt 0.53594327 0.67559415
vt 0.51815128 0.67106378
vt 0.52580476 0.69044203
vt 0.50881112 0.68483919
vt 0.55482417 0.69491607
vt 0.51118821 0.69455445
vt 0.52337050 0.69870764
vt 0.50176704 0.68984348
vt 0.49607047 0.67849004
vt 0.49361098 0.68541646
vt 0.48605952 0.68002635
vt 0.47285184 0.66121358
vt 0.47385693 0.67073262
vt 0.46560407 0.66155595
vt 0.53651154 0.70106566
vt 0.54766953 0.70197296
vt 0.55691576 0.70315963
vt 0.45965016 0.62633806
vt 0.48662287 0.64678991
vt 0.47560865 0.63249475
vt 0.46845376 0.64389795
vt 0.50426018 0.66152859
vt 0.46910447 0.62178469
vt 0.45647404 0.59760427
vt 0.64906549 0.56653231
vt 0.60817277 0.47459805
vt 0.61769485 0.48142660
vt 0.62658542 0.49679410
vt 0.58308661 0.46020401
vt 0.52040684 0.66666448
vt 0.50313026 0.65569699
vt 0.53305495 0.67106885
vt 0.48687977 0.63935375
vt 0.54823804 0.67473608
vt 0.48333704 0.48076016
vt 0.66733694 0.51400942
vt 0.65130645 0.48188734
vt 0.67335534 0.52501976
vt 0.45907325 0.59299219
vt 0.47080234 0.61796373
vt 0.45841727 0.45910823
vt 0.47509402 0.44635940
vt 0.53505480 0.42396295
vt 0.46978343 0.50070685
vt 0.48242700 0.48851144
vt 0.64534765 0.55358082
vt 0.64282680 0.54039842
vt 0.63617104 0.52121323
vt 0.62984705 0.51046365
vt 0.49294522 0.47680473
vt 0.56162977 0.45747393
vt 0.55556530 0.45706189
vt 0.60078144 0.47512674
vt 0.46266228 0.51892883
vt 0.46081787 0.52958924
vt 0.63837159 0.66689324
vt 0.51300174 0.46553916
vt 0.52631050 0.46251380
vt 0.59354925 0.47013849
vt 0.67547083 0.54965895
vt 0.61385554 0.48395801
vt 0.62102282 0.49595988
vt 0.57425243 0.67489868
vt 0.58841407 0.66846359
vt 0.45906976 0.54583693
vt 0.46208489 0.53929150
vt 0.53613597 0.46058476
vt 0.54752094 0.45584971
vt 0.64896208 0.47360551
vt 0.57300669 0.46059740
vt 0.58338124 0.46470851
vt 0.64838451 0.65523821
vt 0.65448487 0.64708239
vt 0.66156256 0.63499373
vt 0.66586018 0.62656808
vt 0.67711729 0.56497556
vt 0.59611744 0.66407943
vt 0.47151190 0.50643414
vt 0.47491142 0.49761862
vt 0.46710509 0.51751560
vt 0.49974999 0.43256247
vt 0.63888383 0.60829788
vt 0.51327080 0.42849761
vt 0.56939828 0.67157286
vt 0.56033403 0.67261779
vt 0.45812079 0.56162345
vt 0.45976481 0.57829177
vt 0.46076378 0.58602852
vt 0.46514148 0.59893787
vt 0.47215325 0.61301315
vt 0.64173800 0.59801203
vt 0.64370745 0.59041733
vt 0.64498907 0.58080500
vt 0.64622515 0.56858283
vt 0.57955259 0.67109489
vt 0.46009380 0.55639690
vt 0.48603413 0.68209511
vt 0.46455285 0.52730340
vt 0.62370157 0.63643730
vt 0.63117808 0.62485075
vt 0.61732471 0.64389676
vt 0.60656619 0.65362853
vt 0.47848034 0.67669553
vt 0.67487723 0.59968084
vt 0.63419682 0.61729479
vt 0.48026189 0.62543178
vt 0.51571870 0.65961021
vt 0.50512213 0.65322942
vt 0.48983750 0.63818222
vt 0.46872619 0.58711940
vt 0.46675491 0.59522086
vt 0.47016361 0.59348148
vt 0.47448635 0.60309327
vt 0.47743127 0.61447620
vt 0.48248598 0.62243330
vt 0.67137986 0.61267102
vt 0.67438728 0.52071822
vt 0.55764610 0.42402709
vt 0.53227037 0.66699368
vt 0.54255271 0.66989988
vt 0.54974401 0.67064625
vt 0.52328199 0.66392976
vt 0.46751404 0.57852840
vt 0.46772000 0.57059920
vt 0.46630368 0.66521448
vt 0.48303187 0.61239105
vt 0.50308365 0.69278902
vt 0.66487217 0.49842167
vt 0.46220359 0.66112500
vt 0.67711329 0.58631724
vt 0.46585745 0.55846512
vt 0.54497528 0.42361724
vt 0.46680632 0.54308993
vt 0.46295828 0.54878187
vt 0.47010931 0.55136234
vt 0.47250202 0.54291201
vt 0.47052479 0.55743885
vt 0.47079268 0.55332255
vt 0.47035918 0.56301850
vt 0.47000399 0.56856292
vt 0.47152063 0.56715900
vt 0.47395876 0.57144761
vt 0.47282588 0.54850268
vt 0.47302186 0.55424631
vt 0.47309479 0.55886984
vt 0.47376001 0.56416106
vt 0.47157428 0.54109752
vt 0.47450250 0.53889352
vt 0.46814069 0.53829724
vt 0.47283623 0.53311455
vt 0.47480854 0.53592914
vt 0.49626911 0.68914354
vt 0.46898401 0.53170866
vt 0.46912545 0.52304018
vt 0.66096294 0.50014919
vt 0.65715247 0.48330152
vt 0.65162057 0.47231627
vt 0.67711329 0.52187717
vt 0.47162965 0.67083418
vt 0.51319820 0.47005045
vt 0.48005095 0.50004095
vt 0.48705056 0.49015987
vt 0.48792174 0.62036222
vt 0.58276170 0.47004533
vt 0.47278979 0.51649886
vt 0.61603123 0.49612981
vt 0.60940266 0.48984838
vt 0.61457932 0.49600148
vt 0.61979848 0.50064898
vt 0.60711992 0.48500139
vt 0.60315990 0.48422086
vt 0.49827179 0.63949955
vt 0.48820913 0.62929177
vt 0.49180135 0.48450267
vt 0.49824861 0.47920668
vt 0.47396091 0.52640933
vt 0.47565064 0.52871406
vt 0.47728270 0.52339423
vt 0.47648218 0.53155714
vt 0.47599682 0.53438026
vt 0.47802481 0.52808261
vt 0.47446698 0.52323025
vt 0.47502562 0.51004887
vt 0.47698513 0.50499523
vt 0.59893268 0.48091894
vt 0.50907964 0.64969957
vt 0.63751173 0.53340918
vt 0.63917047 0.54215646
vt 0.63393760 0.52451092
vt 0.63224715 0.51766545
vt 0.62943673 0.51590323
vt 0.62423694 0.50753820
vt 0.64222270 0.55023992
vt 0.47503504 0.59683043
vt 0.47264218 0.57432514
vt 0.47206599 0.57545781
vt 0.47627309 0.58316672
vt 0.47817487 0.58360720
vt 0.48071370 0.58974618
vt 0.47900158 0.59119916
vt 0.47745880 0.52083880
vt 0.56151670 0.46305645
vt 0.57128626 0.46530044
vt 0.44663185 0.47031558
vt 0.49313748 0.62734002
vt 0.57675505 0.66605318
vt 0.58678192 0.66417819
vt 0.52301967 0.46757108
vt 0.53040439 0.46313524
vt 0.64300078 0.56038535
vt 0.59291220 0.47607648
vt 0.59436351 0.47844553
vt 0.58738762 0.47475266
vt 0.58015943 0.47165310
vt 0.57886261 0.47229958
vt 0.59497571 0.65952754
vt 0.58393025 0.66047359
vt 0.57733822 0.66263795
vt 0.57176620 0.66408211
vt 0.56962842 0.66701394
vt 0.59476388 0.65564364
vt 0.60384780 0.64885974
vt 0.57026172 0.46994400
vt 0.57382280 0.46936893
vt 0.53851241 0.66471016
vt 0.42223126 0.55439174
vt 0.42256775 0.54561859
vt 0.54885250 0.46067297
vt 0.54110295 0.46334457
vt 0.52641171 0.66073394
vt 0.51955569 0.65757519
vt 0.51336527 0.65185183
vt 0.58812195 0.65533948
vt 0.59128904 0.65007877
vt 0.60396755 0.64383107
vt 0.60748488 0.64440441
vt 0.61233836 0.63905627
vt 0.61465138 0.63925219
vt 0.61877578 0.63419193
vt 0.61413729 0.63427353
vt 0.62083352 0.63051844
vt 0.61759561 0.62958270
vt 0.62172663 0.62794161
vt 0.62398481 0.62527150
vt 0.60833693 0.64599782
vt 0.61567444 0.64083040
vt 0.60202891 0.64086175
vt 0.62044793 0.62504828
vt 0.62323147 0.61919433
vt 0.62636518 0.62129533
vt 0.62523782 0.61673701
vt 0.62899971 0.61652064
vt 0.62930727 0.61327118
vt 0.63111097 0.61406344
vt 0.63210058 0.61015177
vt 0.62831056 0.60987699
vt 0.62970787 0.60665143
vt 0.63380736 0.60440248
vt 0.58173686 0.65872025
vt 0.63007009 0.60290754
vt 0.63543630 0.59690213
vt 0.62584299 0.61295247
vt 0.48115137 0.58832508
vt 0.54761773 0.46458721
vt 0.54283816 0.46495479
vt 0.53615582 0.46566701
vt 0.55183876 0.46434021
vt 0.56602645 0.46777797
vt 0.55872577 0.46492958
vt 0.55911106 0.46628898
vt 0.48130798 0.59149671
vt 0.48327667 0.59956926
vt 0.48794308 0.60664767
vt 0.48625481 0.60949749
vt 0.49094224 0.61502612
vt 0.49173471 0.61204654
vt 0.49517435 0.61887693
vt 0.49539328 0.62406015
vt 0.49805954 0.62864488
vt 0.50223798 0.63212281
vt 0.50412327 0.63610482
vt 0.50770861 0.63763177
vt 0.50888914 0.64081913
vt 0.51406801 0.64290804
vt 0.51427943 0.64484310
vt 0.52194238 0.64844620
vt 0.52071923 0.64938772
vt 0.52736872 0.65238774
vt 0.52638984 0.65331495
vt 0.51153302 0.63415128
vt 0.50772715 0.63170987
vt 0.50168067 0.62608749
vt 0.53027433 0.65450454
vt 0.51521903 0.63663727
vt 0.52088189 0.64261591
vt 0.52974284 0.65566963
vt 0.54094547 0.65862912
vt 0.53934598 0.66001737
vt 0.54528642 0.65978920
vt 0.49781674 0.61962867
vt 0.53838199 0.65436435
vt 0.54403001 0.65592760
vt 0.53109813 0.65186405
vt 0.54869324 0.66069019
vt 0.52638686 0.64663595
vt 0.56921321 0.66366422
vt 0.55595213 0.66335529
vt 0.56078076 0.66249955
vt 0.55488801 0.66193473
vt 0.64000255 0.55146945
vt 0.64267594 0.57722217
vt 0.64097542 0.58567637
vt 0.63982892 0.59229267
vt 0.55628437 0.65728205
vt 0.52893740 0.46749842
vt 0.63756925 0.60037512
vt 0.63580006 0.60651386
vt 0.63438839 0.61055350
vt 0.64050680 0.55713779
vt 0.58623350 0.65252042
vt 0.50756443 0.64430809
vt 0.50104320 0.63626260
vt 0.63180828 0.59733582
vt 0.63337392 0.59044659
vt 0.63741916 0.58969265
vt 0.63576823 0.58450794
vt 0.63833785 0.58623803
vt 0.63950640 0.57835019
vt 0.43303016 0.49527174
vt 0.62542903 0.62768131
vt 0.47895291 0.59835070
vt 0.52385747 0.42523646
vt 0.60460800 0.65165675
vt 0.47933757 0.52346486
vt 0.64304829 0.57108539
vt 0.64051986 0.56738603
vt 0.52115154 0.46997130
vt 0.51701057 0.47250491
vt 0.51411152 0.47228593
vt 0.51027000 0.47583902
vt 0.47643113 0.51504672
vt 0.47756457 0.51869929
vt 0.47916767 0.51882815
vt 0.64053833 0.56120491
vt 0.63825113 0.56726074
vt 0.64025927 0.57267302
vt 0.63825041 0.57259798
vt 0.48755634 0.49675864
vt 0.63855439 0.46621287
vt 0.63159043 0.45867372
vt 0.49719229 0.48680806
vt 0.48489031 0.50165087
vt 0.48848727 0.49997854
vt 0.48389855 0.50503594
vt 0.49090740 0.49323428
vt 0.49177739 0.49470210
vt 0.49446324 0.49014139
vt 0.48167366 0.50739723
vt 0.48333046 0.50754946
vt 0.48001903 0.51354605
vt 0.49683362 0.48831010
vt 0.50156051 0.48270750
vt 0.49952465 0.48317993
vt 0.00835013 0.58381242
vt 0.00863245 0.58932424
vt 0.01028930 0.59488237
vt 0.01043030 0.58053821
vt 0.00811542 0.57846069
vt 0.00829480 0.57526189
vt 0.01320272 0.57153970
vt 0.01063851 0.57016206
vt 0.01587948 0.57342112
vt 0.01407950 0.59287572
vt 0.01389879 0.58120477
vt 0.01400101 0.60090178
vt 0.01092637 0.60709631
vt 0.01430349 0.61304122
vt 0.01117513 0.61727905
vt 0.01438079 0.62487000
vt 0.01137382 0.62476689
vt 0.01177292 0.63070202
vt 0.01437082 0.63552058
vt 0.00849660 0.60076833
vt 0.00965048 0.60669762
vt 0.00875490 0.61144441
vt 0.01216222 0.63604844
vt 0.01364672 0.64085591
vt 0.01540692 0.64649385
vt 0.01009705 0.61965460
vt 0.00692182 0.59437436
vt 0.00721045 0.60488236
vt 0.00742415 0.56935906
vt 0.01289249 0.64636642
vt 0.01587947 0.65276557
vt 0.42950857 0.44111973
vt 0.42943317 0.42522931
vt 0.42833334 0.42939723
vt 0.43147123 0.42320716
vt 0.43222350 0.43662596
vt 0.43312913 0.44382095
vt 0.43306386 0.42409253
vt 0.43054637 0.45540410
vt 0.43339011 0.45742023
vt 0.43363193 0.46621799
vt 0.42997453 0.47453904
vt 0.42807209 0.46879083
vt 0.42838186 0.45667124
vt 0.43110910 0.40869182
vt 0.42793161 0.44469571
vt 0.43363193 0.42998922
vt 0.96483004 0.80863523
vt 0.96244687 0.80641001
vt 0.96147192 0.81081325
vt 0.96043968 0.81716359
vt 0.96541452 0.81687117
vt 0.96194130 0.82257956
vt 0.95887619 0.82652777
vt 0.96769887 0.80663294
vt 0.96427405 0.82670748
vt 0.96876222 0.81441653
vt 0.96762204 0.82574439
vt 0.97258896 0.79877180
vt 0.96567667 0.84100783
vt 0.96256238 0.83648968
vt 0.96237820 0.84572333
vt 0.97224629 0.90520132
vt 0.97011179 0.89644128
vt 0.96821010 0.90485525
vt 0.96627498 0.89286029
vt 0.97482497 0.91547078
vt 0.96751010 0.88464701
vt 0.96428120 0.88233417
vt 0.96649873 0.87528777
vt 0.96333629 0.87045783
vt 0.96583116 0.86692345
vt 0.96323782 0.85857713
vt 0.97569817 0.90654087
vt 0.97953993 0.92049366
vt 0.97990435 0.92566776
vt 0.97230804 0.89084524
vt 0.96527320 0.85571301
vt 0.97017491 0.87716877
vt 0.96883130 0.85645652
vt 0.97743839 0.90166116
vt 0.97469485 0.88813591
vt 0.98338640 0.92265064
vt 0.97045988 0.83663571
vt 0.97330379 0.87386727
vt 0.97172940 0.82566625
vt 0.97255415 0.81230617
vt 0.97680086 0.79484540
vt 0.97892714 0.78013968
vt 0.98339605 0.77769828
vt 0.98574919 0.76455665
vt 0.97521871 0.78355730
vt 0.97897577 0.77173972
vt 0.98147315 0.76570064
vt 0.97612184 0.77834207
vt 0.98440951 0.75899911
vt 0.98574919 0.93283582
vt 0.68935740 0.16937971
vt 0.68700200 0.17313409
vt 0.69002193 0.18389136
vt 0.68771142 0.18587291
vt 0.69096088 0.19359088
vt 0.68688923 0.16311616
vt 0.68961322 0.15873116
vt 0.68854642 0.14838207
vt 0.69096088 0.14266902
vt 0.71547937 0.44696593
vt 0.71506584 0.45803803
vt 0.71242058 0.44282961
vt 0.71213353 0.45487392
vt 0.71228111 0.46339577
vt 0.71328223 0.47208411
vt 0.71620524 0.47278315
vt 0.71490854 0.43853110
vt 0.71289730 0.42888498
vt 0.71620524 0.44429398
vt 0.33762154 0.81680679
vt 0.33712023 0.82128268
vt 0.34048864 0.82383919
vt 0.34119335 0.83004373
vt 0.33205384 0.81380087
vt 0.33093894 0.80845648
vt 0.32905760 0.81065321
vt 0.33767202 0.83259082
vt 0.34242672 0.84092802
vt 0.33759254 0.83947307
vt 0.34211099 0.85152620
vt 0.33319348 0.82040107
vt 0.32930315 0.81295967
vt 0.33281043 0.82467443
vt 0.33763540 0.84977293
vt 0.33854261 0.86138338
vt 0.34179708 0.86327332
vt 0.34196860 0.87532568
vt 0.33688900 0.87695545
vt 0.33428031 0.83168113
vt 0.34199664 0.88325471
vt 0.33880967 0.88479513
vt 0.34242672 0.89470476
vt 0.33897111 0.89757204
vt 0.34070775 0.90229821
vt 0.33792803 0.90294957
vt 0.33570442 0.86180598
vt 0.32531133 0.82268518
vt 0.33187047 0.84352273
vt 0.32678872 0.81672776
vt 0.32294083 0.83011800
vt 0.32238713 0.83856177
vt 0.32873875 0.85461664
vt 0.33588135 0.89712101
vt 0.33574486 0.88512832
vt 0.33477706 0.88978028
vt 0.32781109 0.86771798
vt 0.32287455 0.86130136
vt 0.33120257 0.87679064
vt 0.31853774 0.85382038
vt 0.31780854 0.84656161
vt 0.31622916 0.85238630
vt 0.31741425 0.83640850
vt 0.31643477 0.83958769
vt 0.31551126 0.84509492
vt 0.32031047 0.86436808
vt 0.32889518 0.88303119
vt 0.31489271 0.85536605
vt 0.32904649 0.87805974
vt 0.33059373 0.88999653
vt 0.33181816 0.89725155
vt 0.33256122 0.90247214
vt 0.32374653 0.87497932
vt 0.33749947 0.90469414
vt 0.34093934 0.90428019
vt 0.33397189 0.90686828
vt 0.31530380 0.86222106
vt 0.33291194 0.80640912
vt 0.31048861 0.85604221
vt 0.31297812 0.85354280
vt 0.31128582 0.85229045
vt 0.30996636 0.86026561
vt 0.32003510 0.87546086
vt 0.31011927 0.86313421
vt 0.30252442 0.85383368
vt 0.32376784 0.88048226
vt 0.32702306 0.88591129
vt 0.32751602 0.89261740
vt 0.32889077 0.90283859
vt 0.32846910 0.90737492
vt 0.58372349 0.58765900
vt 0.58679217 0.58903593
vt 0.58578026 0.59301984
vt 0.58503133 0.58496225
vt 0.57965708 0.58472061
vt 0.58164936 0.59293544
vt 0.58433181 0.59841096
vt 0.57417464 0.58841401
vt 0.57285589 0.59632903
vt 0.56850499 0.58835053
vt 0.57941663 0.59930891
vt 0.58752549 0.58346927
vt 0.58263981 0.60684001
vt 0.57564706 0.60785621
vt 0.57560050 0.60104167
vt 0.56961417 0.58298898
vt 0.56869847 0.59964782
vt 0.56448615 0.59380442
vt 0.57013863 0.60440701
vt 0.56601298 0.60575390
vt 0.56416035 0.59927684
vt 0.56254530 0.59519207
vt 0.56018460 0.59982449
vt 0.56248611 0.59256643
vt 0.56290269 0.59025908
vt 0.56532604 0.58831656
vt 0.56239140 0.58817536
vt 0.55725163 0.59182614
vt 0.56568146 0.58470082
vt 0.55793393 0.58687919
vt 0.55374616 0.59002000
vt 0.56198388 0.58244896
vt 0.54745537 0.57681441
vt 0.55760592 0.57600099
vt 0.54115164 0.58351785
vt 0.54611129 0.59251082
vt 0.53721392 0.58867764
vt 0.54079914 0.57580245
vt 0.55193818 0.59301829
vt 0.56044590 0.57485688
vt 0.57893115 0.57869250
vt 0.52837735 0.57796299
vt 0.52829158 0.58793586
vt 0.54687405 0.56560129
vt 0.56730020 0.57569700
vt 0.52605945 0.59753537
vt 0.51672226 0.59873909
vt 0.53233594 0.59600168
vt 0.53960842 0.59532553
vt 0.54567879 0.59481943
vt 0.53204209 0.56188345
vt 0.55420953 0.56299978
vt 0.51896745 0.59182900
vt 0.52552176 0.56430632
vt 0.58056337 0.57297450
vt 0.56828547 0.60859823
vt 0.56529158 0.60757506
vt 0.56345487 0.60579610
vt 0.56176239 0.60301107
vt 0.56086111 0.60469306
vt 0.58916938 0.59481633
vt 0.52253962 0.57414550
vt 0.52010226 0.58502066
vt 0.50429606 0.59718466
vt 0.52734393 0.55179983
vt 0.58914620 0.60071105
vt 0.52825224 0.60050368
vt 0.52347070 0.60146719
vt 0.51847982 0.60272956
vt 0.51409900 0.60365546
vt 0.53369218 0.59923387
vt 0.50959814 0.60492063
vt 0.50553256 0.60669518
vt 0.51924628 0.56697124
vt 0.51643443 0.58436090
vt 0.51163411 0.58712900
vt 0.52070343 0.55458957
vt 0.56582689 0.61062336
vt 0.51625443 0.57207948
vt 0.50932598 0.59290516
vt 0.49994338 0.59662688
vt 0.50478023 0.58641160
vt 0.49839425 0.60719866
vt 0.49853507 0.60934800
vt 0.50592119 0.60883707
vt 0.49357420 0.60845065
vt 0.49307817 0.61062336
vt 0.58891797 0.58479202
vt 0.58725840 0.60289997
vt 0.54111141 0.59772903
vt 0.58837128 0.60796332
vt 0.56049562 0.59513867
vt 0.58675647 0.60844511
vt 0.55824292 0.59336531
vt 0.56058353 0.59383655
vt 0.47234088 0.39815629
vt 0.47887558 0.39802808
vt 0.47675961 0.39514136
vt 0.47236863 0.39495850
vt 0.46783388 0.39506483
vt 0.48236123 0.39455324
vt 0.48726249 0.39757514
vt 0.48812652 0.39419174
vt 0.49389252 0.39815629
vt 0.49240789 0.39376646
vt 0.67466885 0.95311427
vt 0.67465705 0.96254832
vt 0.67202169 0.94869715
vt 0.66993791 0.96089357
vt 0.66978830 0.94991481
vt 0.67012739 0.97322214
vt 0.67467427 0.97303122
vt 0.67467427 0.94249344
vt 0.52379459 0.34648544
vt 0.53370345 0.34635645
vt 0.53091341 0.34837097
vt 0.53865588 0.34853333
vt 0.54604197 0.34680700
vt 0.51855814 0.34899032
vt 0.51525176 0.34707189
vt 0.50936484 0.34898400
vt 0.55171007 0.34898400
vt 0.53398842 0.30317521
vt 0.53359914 0.30632293
vt 0.53649831 0.30489135
vt 0.52519953 0.30399740
vt 0.51840466 0.30667078
vt 0.51844668 0.30405867
vt 0.54846132 0.30644751
vt 0.51213771 0.30518901
vt 0.51099348 0.30684811
vt 0.54621971 0.30422193
vt 0.55713028 0.30403471
vt 0.55678809 0.30684811
vt 0.56881106 0.30647433
vt 0.51219320 0.29894644
vt 0.51890129 0.29962254
vt 0.62364751 0.23843211
vt 0.62159276 0.23589432
vt 0.62154037 0.23284554
vt 0.62216216 0.23873234
vt 0.62458783 0.24296141
vt 0.62156194 0.24090713
vt 0.61812943 0.23331344
vt 0.61712068 0.22965068
vt 0.62113035 0.22654945
vt 0.61689168 0.22102910
vt 0.61543494 0.23325360
vt 0.61035234 0.22757369
vt 0.62436354 0.22726119
vt 0.62028068 0.21562517
vt 0.61703765 0.21212536
vt 0.60956442 0.22049129
vt 0.60258788 0.21393430
vt 0.60352725 0.20665127
vt 0.61739171 0.20350057
vt 0.59627354 0.21716785
vt 0.59335589 0.20803124
vt 0.58791065 0.21369237
vt 0.62509561 0.23310471
vt 0.62385434 0.21331096
vt 0.58205044 0.21013504
vt 0.58226836 0.20656687
vt 0.57910174 0.21359074
vt 0.56829309 0.20873809
vt 0.56370282 0.20428807
vt 0.58539510 0.20280331
vt 0.59933126 0.20266175
vt 0.61446518 0.19905400
vt 0.62440944 0.20528841
vt 0.55837703 0.20743954
vt 0.53788090 0.20785826
vt 0.55898589 0.21362019
vt 0.54192525 0.21038103
vt 0.51973468 0.21142393
vt 0.52893084 0.21347117
vt 0.51559985 0.21585584
vt 0.50685555 0.21360707
vt 0.50025845 0.22172326
vt 0.49514985 0.21976531
vt 0.48491693 0.22703701
vt 0.48116925 0.22052753
vt 0.49137545 0.21609563
vt 0.62158889 0.19855124
vt 0.49507937 0.23469388
vt 0.46832028 0.22820622
vt 0.46886975 0.23481059
vt 0.46315458 0.23634899
vt 0.47837919 0.23540640
vt 0.46266317 0.22877449
vt 0.62752265 0.23739815
vt 0.50123227 0.23949462
vt 0.50820851 0.23637545
vt 0.45665082 0.23798537
vt 0.52510923 0.20587552
vt 0.50953966 0.22532070
vt 0.51339000 0.20857394
vt 0.52288634 0.23934847
vt 0.61524558 0.19643486
vt 0.62726563 0.21781808
vt 0.53008229 0.23087859
vt 0.54264820 0.23535120
vt 0.53376752 0.21893263
vt 0.54365170 0.24112630
vt 0.57171327 0.23355365
vt 0.56747419 0.24007016
vt 0.55268574 0.22814888
vt 0.57130796 0.22706807
vt 0.58084399 0.23346484
vt 0.58056563 0.23822731
vt 0.54645121 0.21471298
vt 0.58879822 0.23481691
vt 0.57701725 0.22499490
vt 0.59359181 0.23991036
vt 0.59598935 0.23691428
vt 0.56967312 0.21429259
vt 0.60460514 0.23957515
vt 0.56792188 0.22301537
vt 0.63014632 0.23272789
vt 0.58749974 0.22677499
vt 0.59978455 0.23272133
vt 0.60898542 0.23659045
vt 0.61108863 0.24161482
vt 0.61535931 0.23964107
vt 0.60255915 0.22669458
vt 0.53006727 0.24451274
vt 0.63072491 0.21918273
vt 0.49535447 0.21173126
vt 0.61639667 0.23688400
vt 0.63091606 0.23806608
vt 0.63212091 0.21233565
vt 0.45512205 0.23257947
vt 0.54749894 0.20255899
vt 0.56563771 0.20010531
vt 0.59880710 0.19786745
vt 0.45122415 0.23975837
vt 0.45022628 0.23549253
vt 0.62469226 0.19769692
vt 0.61538273 0.24379098
vt 0.63138437 0.20399880
vt 0.48110709 0.21469057
vt 0.47060794 0.22062325
vt 0.62015021 0.19271290
vt 0.63872153 0.21938163
vt 0.50007796 0.20796978
vt 0.45827943 0.22585332
vt 0.64231235 0.22788095
vt 0.63560641 0.23485053
vt 0.63640213 0.24014252
vt 0.46591514 0.22181153
vt 0.64071941 0.21084386
vt 0.44492441 0.23352349
vt 0.44014657 0.23954880
vt 0.44853935 0.23069251
vt 0.45323032 0.22749460
vt 0.64589506 0.23554122
vt 0.63225752 0.19921005
vt 0.64981467 0.21871811
vt 0.64112121 0.20405316
vt 0.64935648 0.24451274
vt 0.65105557 0.23927951
vt 0.64850664 0.20986855
vt 0.65920198 0.21829379
vt 0.65887600 0.21184164
vt 0.65082264 0.20212495
vt 0.54741949 0.93378633
vt 0.55010962 0.93843651
vt 0.54914981 0.93084466
vt 0.54675233 0.92715734
vt 0.54954183 0.92490166
vt 0.54539174 0.93809277
vt 0.54519546 0.92727578
vt 0.54825050 0.94236684
vt 0.54737872 0.91791046
vt 0.54609662 0.94664949
vt 0.54987317 0.94614655
vt 0.55073881 0.94915950
vt 0.54831415 0.94917017
vt 0.54566658 0.95370233
vt 0.54891533 0.95339829
vt 0.55089575 0.95390695
vt 0.55089575 0.93149465
vt 0.38334340 0.81596935
vt 0.39249766 0.82143825
vt 0.38668108 0.81954551
vt 0.37774709 0.81371313
vt 0.36996475 0.81146580
vt 0.40020657 0.82560426
vt 0.39431122 0.82151973
vt 0.36455360 0.80875242
vt 0.44791707 0.86456394
vt 0.43080267 0.85775983
vt 0.44497189 0.85421890
vt 0.42452282 0.84530854
vt 0.43957573 0.84106034
vt 0.41963986 0.85104370
vt 0.41856652 0.84425122
vt 0.42516384 0.82861435
vt 0.41567144 0.83811754
vt 0.43043792 0.81938249
vt 0.42567453 0.81126207
vt 0.41128772 0.81078172
vt 0.40494213 0.82428855
vt 0.40989524 0.82830209
vt 0.40913793 0.80122709
vt 0.41878700 0.80159682
vt 0.39563879 0.81386489
vt 0.39916018 0.80441046
vt 0.38961485 0.81200522
vt 0.38779297 0.79768276
vt 0.39529771 0.78681570
vt 0.38462621 0.80787677
vt 0.38776878 0.78898209
vt 0.39049014 0.81762266
vt 0.39477697 0.81878966
vt 0.38638279 0.81659740
vt 0.41043976 0.75876117
vt 0.41153038 0.76225352
vt 0.42447004 0.75177222
vt 0.42458719 0.74584138
vt 0.43820497 0.74249130
vt 0.43541113 0.73637617
vt 0.45464990 0.73098952
vt 0.44676864 0.72981954
vt 0.44833195 0.74207681
vt 0.42039490 0.76215637
vt 0.46372703 0.73173261
vt 0.46988526 0.72336656
vt 0.48603055 0.72769576
vt 0.49772331 0.72425258
vt 0.48293322 0.71762979
vt 0.40446433 0.78941941
vt 0.40617853 0.79550761
vt 0.40731969 0.78047365
vt 0.40098569 0.76485848
vt 0.49276400 0.73357534
vt 0.47268879 0.73529899
vt 0.50595915 0.73124707
vt 0.52501947 0.73356789
vt 0.51703781 0.72515243
vt 0.54241139 0.73396277
vt 0.54404444 0.72520572
vt 0.50304949 0.71805274
vt 0.57744360 0.75769281
vt 0.58504504 0.77114910
vt 0.57099074 0.74383181
vt 0.40963423 0.83771598
vt 0.40410024 0.84543997
vt 0.52694076 0.71865797
vt 0.59237856 0.76574665
vt 0.60032499 0.78978425
vt 0.58857512 0.78805703
vt 0.60554296 0.80736321
vt 0.58222449 0.77939951
vt 0.57108128 0.76761156
vt 0.40228707 0.83036095
vt 0.38138789 0.82671875
vt 0.39328992 0.84395409
vt 0.38337669 0.84573555
vt 0.61301821 0.81061929
vt 0.60925466 0.82582080
vt 0.61891645 0.82755983
vt 0.61490017 0.83595991
vt 0.60788101 0.83629096
vt 0.61001199 0.84885645
vt 0.61706966 0.85638541
vt 0.61043942 0.86719674
vt 0.61047649 0.88069206
vt 0.61946940 0.87760133
vt 0.61598957 0.89567608
vt 0.62170976 0.84102589
vt 0.62292898 0.85410768
vt 0.53091180 0.74279475
vt 0.60629380 0.78661925
vt 0.55771047 0.75486743
vt 0.60221636 0.81690472
vt 0.59403199 0.79901618
vt 0.37219781 0.83103704
vt 0.37825862 0.84696496
vt 0.43849525 0.83146310
vt 0.46233708 0.74330777
vt 0.36774790 0.83857983
vt 0.37187710 0.84934741
vt 0.36055446 0.85105520
vt 0.60894853 0.89296424
vt 0.60904121 0.90417361
vt 0.61459500 0.90815598
vt 0.50363266 0.73676038
vt 0.51725179 0.73904121
vt 0.61228013 0.90769321
vt 0.61094016 0.91360199
vt 0.44453415 0.75093895
vt 0.43078449 0.76176447
vt 0.42294928 0.76960987
vt 0.56786019 0.73650992
vt 0.41344911 0.77811521
vt 0.41092524 0.79087853
vt 0.62193948 0.88380963
vt 0.62330860 0.86924702
vt 0.61752856 0.90659845
vt 0.47363371 0.73976463
vt 0.40481904 0.82982016
vt 0.58174944 0.74675769
vt 0.40254408 0.82264483
vt 0.39869606 0.82052451
vt 0.60388732 0.83039486
vt 0.36580527 0.82200593
vt 0.36358082 0.80974728
vt 0.61609709 0.80417019
vt 0.61958659 0.81512260
vt 0.43527460 0.82470018
vt 0.44088605 0.83735323
vt 0.43341839 0.86229825
vt 0.43865898 0.87072307
vt 0.44759765 0.88156104
vt 0.45163447 0.87951899
vt 0.45632660 0.88507932
vt 0.44476086 0.89036745
vt 0.45021644 0.89881748
vt 0.46778080 0.89726394
vt 0.46130282 0.91242492
vt 0.43812120 0.90138346
vt 0.45752952 0.91611624
vt 0.45001847 0.86331946
vt 0.45281723 0.87258750
vt 0.44851476 0.85766828
vt 0.35533702 0.82937944
vt 0.42496771 0.80649531
vt 0.59280080 0.75897187
vt 0.41391039 0.79460764
vt 0.35424680 0.84245163
vt 0.40898287 0.83054674
vt 0.35754967 0.82478422
vt 0.41449356 0.75048727
vt 0.60381562 0.77425909
vt 0.45470029 0.72275889
vt 0.46960023 0.71809822
vt 0.44199643 0.89112467
vt 0.35672587 0.81186497
vt 0.50814849 0.71441299
vt 0.60608476 0.87873775
vt 0.42945316 0.81282198
vt 0.61242419 0.79070395
vt 0.56927508 0.73238796
vt 0.54686767 0.71963030
vt 0.54927313 0.75497293
vt 0.62500000 0.83520436
vt 0.60618937 0.88689137
vt 0.49648371 0.73861486
vt 0.48125932 0.74025536
vt 0.42567235 0.73846859
vt 0.44414273 0.88423210
vt 0.44166178 0.87815291
vt 0.41681728 0.78226507
vt 0.44530088 0.84836560
vt 0.60509038 0.84417528
vt 0.60641766 0.85624319
vt 0.60686970 0.86734742
vt 0.38241425 0.79884046
vt 0.49293613 0.71158910
vt 0.53800118 0.71462858
vt 0.60497212 0.90255618
vt 0.60975665 0.91791046
vt 0.59584326 0.80872929
vt 0.60084236 0.82490003
vt 0.51152378 0.74061280
vt 0.52791286 0.74518365
vt 0.43863881 0.72962379
vt 0.45316353 0.87986344
vt 0.54061550 0.75037581
vt 0.58693027 0.74655461
vt 0.59033442 0.79956448
vt 0.58654547 0.79237372
vt 0.46611032 0.89274162
vt 0.46083793 0.88749653
vt 0.57303840 0.77353811
vt 0.55827498 0.76090753
vt 0.43215907 0.81797224
vt 0.35209635 0.85049057
vt 0.57790500 0.77996480
vt 0.44133100 0.75819981
vt 0.42676124 0.85710537
vt 0.34894136 0.83601952
vt 0.35080108 0.81659520
vt 0.60331583 0.88339561
vt 0.41489244 0.85033357
vt 0.42214736 0.80128658
vt 0.40601596 0.75397414
vt 0.44550380 0.75513315
vt 0.45178798 0.75115037
vt 0.43721068 0.76202136
vt 0.43146658 0.76731300
vt 0.42463037 0.77354711
vt 0.46072835 0.74674851
vt 0.41927719 0.77988100
vt 0.47149861 0.74375862
vt 0.42073989 0.74080133
vt 0.34907290 0.84562433
vt 0.46893796 0.89864582
vt 0.60186273 0.89226419
vt 0.60063499 0.89632070
vt 0.59772342 0.89991683
vt 0.41383764 0.79042339
vt 0.44276750 0.90864855
vt 0.58034664 0.73483992
vt 0.35916898 0.80859494
vt 0.45914078 0.91773027
vt 0.45669964 0.91791046
vt 0.58663529 0.74058092
vt 0.36783442 0.85068363
vt 0.48813727 0.74084395
vt 0.51083165 0.74322480
vt 0.51809317 0.74459821
vt 0.49650133 0.74167210
vt 0.50441682 0.74209309
vt 0.45986277 0.74904138
vt 0.41761744 0.79582524
vt 0.48172981 0.74345064
vt 0.43484482 0.82071114
vt 0.52817166 0.74776042
vt 0.41772187 0.79053444
vt 0.44408056 0.84209943
vt 0.42744869 0.80638438
vt 0.45464438 0.87445349
vt 0.43758097 0.82488030
vt 0.43304747 0.81637502
vt 0.45321199 0.86646628
vt 0.45435894 0.87140721
vt 0.44783646 0.85143083
vt 0.44165000 0.83461553
vt 0.45169783 0.86145574
vt 0.41633126 0.79201603
vt 0.44035235 0.82973397
vt 0.04438111 0.64614022
vt 0.04600977 0.63432837
vt 0.04600977 0.64749783
vt 0.55139446 0.16691899
vt 0.55307752 0.16676956
vt 0.55042291 0.17538273
vt 0.55272543 0.15717804
vt 0.55377007 0.17023540
vt 0.55500841 0.16363060
vt 0.55450332 0.15205103
vt 0.55190718 0.15035367
vt 0.54962444 0.13915718
vt 0.54946232 0.17450619
vt 0.54520488 0.18182141
vt 0.55570221 0.15544987
vt 0.54317075 0.18075764
vt 0.55040866 0.17837918
vt 0.54071629 0.18614852
vt 0.53969693 0.18405008
vt 0.53216612 0.18920106
vt 0.54924506 0.18338835
vt 0.55660188 0.17516553
vt 0.56753647 0.16479141
vt 0.56979084 0.17654240
vt 0.59010929 0.17636698
vt 0.59216434 0.16410065
vt 0.56473434 0.18149769
vt 0.59878826 0.18122816
vt 0.60780627 0.17561376
vt 0.61354280 0.17997056
vt 0.61037624 0.16976941
vt 0.61000866 0.16229296
vt 0.61715591 0.18656504
vt 0.62196368 0.18548834
vt 0.56271607 0.18492812
vt 0.59901226 0.15869373
vt 0.55597061 0.15883851
vt 0.59940004 0.18629330
vt 0.63232899 0.18920106
vt 0.61012113 0.15614212
vt 0.61662543 0.17661715
vt 0.62379801 0.18383110
vt 0.61331701 0.17202801
vt 0.61136645 0.16596615
vt 0.60039860 0.15499330
vt 0.23214975 0.97234416
vt 0.23497181 0.97497803
vt 0.22996996 0.97497803
vt 0.23900652 0.97270107
vt 0.22353420 0.97312427
vt 0.42874593 0.37277567
vt 0.42864230 0.33582091
vt 0.42811733 0.34292984
vt 0.42793161 0.37369084
vt 0.42864230 0.37708515
vt 0.27022347 0.31468332
vt 0.26669380 0.31288576
vt 0.27234209 0.31312716
vt 0.27271140 0.31710511
vt 0.26767007 0.31543541
vt 0.26945996 0.31826162
vt 0.26903227 0.31079042
vt 0.27065903 0.30884206
vt 0.27320847 0.31217694
vt 0.27271140 0.30597019
vt 0.90502912 0.78276575
vt 0.91152251 0.78741789
vt 0.90781456 0.78677851
vt 0.90364903 0.78396058
vt 0.89858788 0.78007025
vt 0.91139346 0.79031265
vt 0.91442919 0.79173809
vt 0.90046656 0.78433573
vt 0.90447402 0.78627646
vt 0.91268724 0.79398346
vt 0.91513497 0.79798901
vt 0.90782636 0.78944981
vt 0.91673672 0.79960936
vt 0.84990215 0.82328761
vt 0.85427934 0.81695002
vt 0.85430151 0.82194537
vt 0.86195499 0.82119113
vt 0.86233789 0.81278127
vt 0.86897892 0.82025671
vt 0.87394339 0.81329978
vt 0.87397176 0.82204771
vt 0.85283542 0.80869317
vt 0.85806322 0.80396664
vt 0.84917241 0.81394237
vt 0.84632629 0.81990439
vt 0.87065876 0.80437344
vt 0.86563003 0.79968059
vt 0.87544256 0.79657364
vt 0.87090987 0.79740030
vt 0.88094002 0.79973674
vt 0.87939292 0.82256413
vt 0.88464218 0.82445431
vt 0.88570440 0.80838531
vt 0.89540911 0.82442904
vt 0.88275999 0.79218096
vt 0.89135188 0.79444933
vt 0.89271331 0.80924052
vt 0.84328496 0.82317930
vt 0.88779682 0.78804857
vt 0.89174312 0.82698220
vt 0.89985353 0.82748026
vt 0.87396598 0.79306561
vt 0.87062961 0.79507726
vt 0.89382666 0.78905696
vt 0.86608428 0.82333440
vt 0.87303275 0.82359195
vt 0.89959466 0.81258583
vt 0.90245944 0.82549578
vt 0.89959973 0.79725271
vt 0.88115996 0.78822011
vt 0.89991814 0.78994483
vt 0.86159545 0.82337892
vt 0.85710180 0.82392812
vt 0.87900537 0.82533050
vt 0.90418923 0.80418086
vt 0.90511280 0.79369617
vt 0.90350860 0.81751114
vt 0.90945089 0.82286555
vt 0.89424026 0.78399754
vt 0.88463295 0.82659066
vt 0.85196805 0.82506078
vt 0.91011876 0.80746156
vt 0.91558957 0.80739516
vt 0.91716009 0.80515206
vt 0.91734529 0.81026661
vt 0.91609210 0.81626040
vt 0.91493696 0.81493610
vt 0.91333574 0.82115638
vt 0.91467804 0.82220811
vt 0.88821185 0.78579479
vt 0.84242672 0.82748026
vt 0.84594709 0.81882423
vt 0.96938479 0.77100843
vt 0.96825111 0.76932740
vt 0.96568602 0.77359736
vt 0.97109121 0.77405351
vt 0.97039515 0.78189707
vt 0.96685225 0.77888358
vt 0.96631962 0.78547591
vt 0.96934617 0.78438801
vt 0.97109121 0.78621596
vt 0.96156275 0.78456050
vt 0.96166438 0.77741247
vt 0.95730013 0.78015089
vt 0.96313190 0.77244037
vt 0.96049106 0.77345401
vt 0.96100283 0.76682776
vt 0.96477437 0.76602280
vt 0.95724756 0.76956141
vt 0.95399022 0.04609305
vt 0.95063537 0.04170322
vt 0.94991857 0.04609305
vt 0.66490227 0.93870419
vt 0.66734529 0.93985546
vt 0.66599196 0.94161546
vt 0.66599190 0.93634766
vt 0.28809461 0.01317519
vt 0.28605509 0.01639843
vt 0.28756115 0.00737500
vt 0.28967008 0.01815605
vt 0.28870115 0.00908369
vt 0.28809199 0.01975924
vt 0.29030317 0.01308942
vt 0.29049328 0.00703788
vt 0.28735250 0.00179476
vt 0.28460911 0.00043899
vt 0.29701576 0.00143540
vt 0.30450550 0.00692576
vt 0.33227614 0.00693607
vt 0.34399751 0.00120759
vt 0.34266829 0.00732940
vt 0.34649837 0.00215471
vt 0.34485978 0.00834531
vt 0.34291711 0.01320988
vt 0.34473452 0.01574659
vt 0.30890778 0.26791823
vt 0.29124039 0.26954627
vt 0.31444135 0.25699842
vt 0.29122707 0.25606126
vt 0.29079577 0.23192060
vt 0.34281546 0.25532109
vt 0.31349504 0.22912300
vt 0.34375098 0.22981453
vt 0.34283611 0.28341949
vt 0.31710315 0.29076928
vt 0.29142305 0.29309177
vt 0.31579238 0.33280385
vt 0.29122409 0.33637470
vt 0.29182285 0.36555660
vt 0.31551939 0.36118603
vt 0.29708183 0.40061516
vt 0.29185703 0.40998888
vt 0.31860942 0.42615724
vt 0.29192972 0.45315099
vt 0.32987040 0.43512487
vt 0.34248015 0.39826590
vt 0.34242868 0.37161624
vt 0.34431884 0.33035684
vt 0.34424388 0.27389967
vt 0.34436804 0.42135805
vt 0.32879999 0.47387946
vt 0.29329389 0.47339702
vt 0.29352984 0.50804538
vt 0.34311822 0.50995052
vt 0.34331071 0.47236884
vt 0.34321779 0.52114123
vt 0.29255533 0.52446657
vt 0.29062200 0.20186812
vt 0.30907834 0.12274742
vt 0.30861661 0.08396649
vt 0.32166639 0.09363055
vt 0.33031106 0.11120379
vt 0.31325117 0.15183973
vt 0.34285882 0.20632029
vt 0.31643665 0.18893778
vt 0.33333281 0.17459804
vt 0.34210992 0.14790595
vt 0.34174201 0.07819307
vt 0.34150556 0.03100026
vt 0.32431662 0.05105782
vt 0.32525390 0.02907288
vt 0.30112255 0.04955786
vt 0.30196777 0.03043562
vt 0.29159507 0.06961417
vt 0.29136437 0.03526193
vt 0.29035509 0.11152393
vt 0.29067716 0.14598143
vt 0.29078716 0.16929215
vt 0.30888075 0.02306348
vt 0.29013085 0.02369094
vt 0.29176667 0.48459709
vt 0.34169829 0.02274781
vt 0.32545391 0.02180946
vt 0.34327701 0.52564961
vt 0.34469622 0.36886108
vt 0.34416884 0.11537206
vt 0.34372449 0.06667536
vt 0.34460539 0.02525163
vt 0.34427223 0.18385613
vt 0.28932595 0.07239497
vt 0.28870222 0.02870250
vt 0.30351102 0.52928722
vt 0.29250911 0.52993852
vt 0.34472364 0.47735393
vt 0.34506246 0.52533382
vt 0.34291813 0.01778096
vt 0.34359118 0.52981949
vt 0.34493718 0.09181529
vt 0.31525365 0.01851594
vt 0.34506166 0.25534356
vt 0.29106635 0.42620796
vt 0.29123476 0.52945477
vt 0.34444767 0.53494573
vt 0.33301452 0.53511852
vt 0.31717125 0.53497249
vt 0.29256684 0.53511852
vt 0.34537673 0.43224102
vt 0.28957599 0.26673436
vt 0.28932267 0.15106189
vt 0.29042584 0.33216012
vt 0.34551308 0.31680393
vt 0.01717539 0.83119583
vt 0.01354243 0.83097833
vt 0.01688657 0.83247489
vt 0.01333779 0.82556355
vt 0.01467252 0.83547461
vt 0.01198006 0.83340609
vt 0.01589995 0.82713288
vt 0.02059024 0.82658130
vt 0.01176403 0.83009434
vt 0.00969819 0.82728362
vt 0.01902700 0.77715015
vt 0.02152844 0.78512526
vt 0.02131794 0.77459544
vt 0.01682463 0.79290736
vt 0.01691685 0.80614972
vt 0.01443790 0.80928135
vt 0.02213352 0.79747778
vt 0.02529845 0.77529562
vt 0.02633192 0.78741878
vt 0.02432723 0.80727732
vt 0.01990251 0.81945920
vt 0.01531896 0.81981122
vt 0.03575472 0.79672837
vt 0.03711635 0.78152949
vt 0.03074972 0.77650809
vt 0.03328332 0.81172234
vt 0.02490809 0.82161683
vt 0.03039184 0.82579756
vt 0.01175302 0.81652749
vt 0.03717768 0.76715934
vt 0.03796303 0.81162298
vt 0.02301966 0.76645261
vt 0.04041194 0.78326541
vt 0.04143046 0.79338533
vt 0.04220034 0.77293324
vt 0.04228131 0.76085782
vt 0.03051593 0.75627661
vt 0.03372697 0.75375706
vt 0.02022113 0.76785648
vt 0.02797813 0.74549669
vt 0.03353098 0.74114215
vt 0.02074524 0.75451702
vt 0.04008919 0.74592894
vt 0.03743288 0.81913841
vt 0.02496221 0.73130298
vt 0.01850628 0.73910689
vt 0.01914114 0.73105174
vt 0.03407330 0.82766050
vt 0.02752095 0.83118117
vt 0.02432424 0.82805091
vt 0.02411494 0.72048843
vt 0.02011159 0.71572405
vt 0.02533058 0.71662033
vt 0.02348405 0.70325631
vt 0.01654032 0.75381923
vt 0.02027627 0.69283390
vt 0.03599275 0.73321855
vt 0.03075282 0.72762990
vt 0.01750086 0.71659279
vt 0.02218500 0.68474102
vt 0.02665319 0.70794785
vt 0.01242468 0.80484277
vt 0.01834502 0.67185777
vt 0.03343270 0.83245426
vt 0.04106041 0.73016065
vt 0.04041599 0.80542839
vt 0.03699274 0.71863276
vt 0.01702855 0.69024491
vt 0.02343545 0.83203894
vt 0.02417846 0.83802801
vt 0.04305453 0.74248940
vt 0.04422008 0.78438753
vt 0.03733265 0.82712549
vt 0.04366169 0.72038764
vt 0.04218591 0.70597184
vt 0.04054536 0.82084572
vt 0.01526645 0.77247167
vt 0.01634167 0.78421235
vt 0.01203378 0.78952098
vt 0.02006728 0.83033997
vt 0.02320952 0.67348653
vt 0.01536806 0.66256428
vt 0.01465830 0.73548675
vt 0.03323520 0.83644664
vt 0.02480658 0.68541789
vt 0.02814725 0.69870901
vt 0.03548539 0.71411580
vt 0.00851918 0.79969400
vt 0.02038836 0.66305250
vt 0.04588323 0.72858673
vt 0.01440881 0.70386779
vt 0.01297733 0.75792474
vt 0.04598893 0.76842737
vt 0.04159134 0.68999475
vt 0.04600976 0.70619369
vt 0.03459516 0.69280595
vt 0.03418862 0.68346143
vt 0.04447192 0.79844469
vt 0.01324554 0.67884165
vt 0.04082430 0.67696303
vt 0.03258684 0.67428857
vt 0.01718342 0.65562057
vt 0.03919347 0.67004693
vt 0.01023932 0.82148671
vt 0.01351713 0.66857487
vt 0.02244573 0.65761358
vt 0.00627814 0.80287915
vt 0.03865062 0.83402640
vt 0.01892652 0.83226049
vt 0.04598850 0.74615586
vt 0.00447883 0.78883195
vt 0.00676346 0.77489567
vt 0.01843614 0.83663553
vt 0.04291987 0.67741293
vt 0.00711427 0.81481957
vt 0.00975666 0.74952579
vt 0.02172457 0.65263528
vt 0.03345941 0.84333402
vt 0.01889673 0.64979166
vt 0.01896646 0.84034288
vt 0.02575061 0.84638679
vt 0.02018203 0.84646815
vt 0.02345008 0.64654750
vt 0.02212590 0.63907498
vt 0.01847154 0.63784021
vt 0.03997633 0.84070563
vt 0.02827737 0.86230445
vt 0.03437987 0.85021192
vt 0.02185637 0.86093390
vt 0.03127763 0.86914414
vt 0.03919095 0.87377578
vt 0.03835940 0.86184520
vt 0.04600977 0.87489027
vt 0.04526226 0.86470282
vt 0.04353893 0.85718459
vt 0.04052754 0.84721702
vt 0.04195962 0.65349817
vt 0.03816561 0.65647894
vt 0.04221247 0.65663308
vt 0.03868087 0.65850061
vt 0.04356677 0.65891135
vt 0.03555198 0.65862858
vt 0.03572765 0.65481383
vt 0.04021472 0.65119135
vt 0.04356677 0.65013170
vt 0.03693444 0.65084207
vt 0.03379479 0.65248305
vt 0.42457163 0.87844056
vt 0.42540684 0.88303143
vt 0.42666641 0.87823075
vt 0.42591450 0.87596929
vt 0.42303565 0.88119429
vt 0.42793161 0.87430561
vt 0.42397007 0.88515043
vt 0.42456493 0.88909090
vt 0.42229488 0.88562417
vt 0.42363825 0.89022088
vt 0.42141694 0.87401229
vt 0.42793161 0.89420545
vt 0.07541911 0.59934586
vt 0.07497814 0.59707117
vt 0.07830797 0.59865034
vt 0.07135793 0.59904480
vt 0.07108632 0.59542006
vt 0.07825921 0.59609759
vt 0.06375430 0.59648573
vt 0.06422927 0.60026979
vt 0.05862205 0.59889495
vt 0.05727145 0.59690797
vt 0.05176058 0.60305429
vt 0.05697365 0.59394205
vt 0.04551699 0.59786081
vt 0.04742255 0.60210085
vt 0.04030945 0.60835320
vt 0.08143649 0.59909558
vt 0.04936567 0.60642743
vt 0.05632987 0.60369742
vt 0.04297394 0.61150134
vt 0.06810159 0.60310471
vt 0.04878765 0.61054802
vt 0.05740013 0.60655439
vt 0.07931031 0.60104358
vt 0.07931574 0.60271466
vt 0.07078215 0.60914874
vt 0.06490292 0.60749829
vt 0.05771152 0.60896397
vt 0.07656532 0.61018831
vt 0.08428339 0.60721421
vt 0.08255695 0.61150134
vt 0.70887619 0.39025462
vt 0.70572776 0.39090031
vt 0.70800030 0.39227927
vt 0.70732170 0.39548069
vt 0.70647049 0.40674525
vt 0.70582837 0.40087479
vt 0.70458579 0.40836942
vt 0.70600802 0.41741347
vt 0.70340967 0.41349512
vt 0.70456129 0.41927510
vt 0.70504314 0.42788386
vt 0.70372754 0.42593062
vt 0.70419508 0.43214446
vt 0.70336032 0.40185344
vt 0.70285487 0.43238783
vt 0.70588577 0.39627355
vt 0.70653331 0.43716496
vt 0.70426184 0.43654478
vt 0.70145500 0.42311037
vt 0.70236969 0.39896250
vt 0.70115697 0.43544912
vt 0.70066828 0.41418672
vt 0.69991857 0.40691626
vt 0.70221782 0.44294095
vt 0.70772094 0.44336408
vt 0.70887619 0.44995606
vt 0.20969056 0.95654082
vt 0.21294789 0.95654082
vt 0.21227685 0.95390695
vt 0.72842020 0.55143338
vt 0.72994041 0.54985589
vt 0.72906905 0.54887724
vt 0.73231399 0.53950524
vt 0.73299015 0.55057955
vt 0.73090410 0.53897792
vt 0.73540318 0.51020515
vt 0.72999817 0.53021026
vt 0.73363346 0.50851649
vt 0.73828685 0.49245477
vt 0.73835319 0.47970688
vt 0.73953342 0.47715002
vt 0.74112999 0.46270692
vt 0.74417633 0.46496171
vt 0.74429935 0.46020246
vt 0.74629807 0.45232749
vt 0.74499959 0.45049071
vt 0.74740690 0.44307780
vt 0.76437694 0.51602536
vt 0.76506513 0.49825329
vt 0.76223743 0.50406998
vt 0.76170695 0.48539639
vt 0.76187271 0.52639127
vt 0.75658774 0.52819914
vt 0.75833291 0.49609613
vt 0.75910217 0.51059681
vt 0.75794399 0.55424392
vt 0.76099873 0.55135185
vt 0.76077169 0.56305814
vt 0.76402265 0.56557137
vt 0.75204694 0.54696435
vt 0.75798130 0.47999281
vt 0.76226026 0.46861833
vt 0.75870395 0.46827233
vt 0.76008809 0.45871127
vt 0.75582689 0.55962586
vt 0.74854630 0.52350289
vt 0.73584360 0.53683567
vt 0.74437726 0.54505652
vt 0.75301301 0.51557535
vt 0.74094659 0.51476181
vt 0.74808043 0.50658303
vt 0.73753297 0.54447359
vt 0.75514376 0.45857012
vt 0.75563890 0.45135164
vt 0.75879639 0.44831800
vt 0.75539398 0.44164169
vt 0.75070035 0.43843234
vt 0.75034243 0.43111205
vt 0.74286276 0.48843247
vt 0.74873567 0.48738027
vt 0.74933106 0.47288185
vt 0.74853683 0.46040797
vt 0.75303954 0.50351936
vt 0.75563443 0.47132933
vt 0.73894382 0.55116707
vt 0.74729311 0.55809486
vt 0.75617099 0.56579882
vt 0.74825495 0.44495761
vt 0.76109177 0.57107043
vt 0.76431865 0.57430822
vt 0.76087016 0.57842296
vt 0.76242942 0.58431685
vt 0.76506513 0.58978999
vt 0.76129884 0.59754825
vt 0.75741231 0.43838894
vt 0.75253463 0.42887676
vt 0.74064469 0.55828452
vt 0.75241297 0.56950921
vt 0.74664241 0.56295198
vt 0.75148422 0.42361724
vt 0.74909925 0.43430883
vt 0.75657851 0.56981540
vt 0.76331407 0.59833187
vt 0.75943321 0.57163578
vt 0.75633049 0.57589829
vt 0.74673116 0.56677330
vt 0.75218445 0.57540441
vt 0.75389266 0.57932889
vt 0.84861869 0.55889404
vt 0.84324104 0.55390596
vt 0.84894139 0.54389817
vt 0.84498292 0.56313688
vt 0.84894139 0.56760317
vt 0.59242672 0.85505956
vt 0.59486973 0.85118526
vt 0.59486425 0.86279088
vt 0.59242737 0.86280584
vt 0.59486973 0.87050045
vt 0.91001630 0.03739095
vt 0.91842502 0.03731346
vt 0.91350722 0.03906935
vt 0.91893667 0.03906935
vt 0.92548859 0.03737080
vt 0.89502650 0.86259878
vt 0.89780128 0.86415195
vt 0.89264470 0.86611062
vt 0.89239413 0.86385947
vt 0.88965797 0.86415195
vt 0.97430313 0.02853382
vt 0.96698195 0.02984208
vt 0.96829790 0.03121585
vt 0.97473311 0.02976906
vt 0.98167753 0.03121585
vt 0.96685433 0.03204566
vt 0.96539086 0.03003788
vt 0.90518874 0.84921408
vt 0.89844197 0.84958065
vt 0.89836633 0.84448141
vt 0.90832651 0.84421623
vt 0.89229614 0.84962714
vt 0.89273500 0.84479856
vt 0.88540936 0.84972459
vt 0.88623524 0.84577537
vt 0.91857016 0.84437251
vt 0.91738462 0.84895039
vt 0.92442465 0.84835196
vt 0.92266011 0.84375310
vt 0.93368638 0.84321582
vt 0.93526059 0.84629416
vt 0.93279713 0.84895504
vt 0.92440659 0.85206324
vt 0.91394442 0.84372419
vt 0.88430268 0.84545863
vt 0.87752146 0.85057414
vt 0.87754023 0.84640098
vt 0.86329001 0.85206324
vt 0.86231196 0.84856063
vt 0.84324104 0.85140914
vt 0.88225943 0.84531742
vt 0.88273364 0.84152764
vt 0.90350831 0.84427106
vt 0.91005993 0.85022318
vt 0.21063006 0.98024583
vt 0.24063519 0.98200178
vt 0.18933225 0.98200178
f 4042/4042 4041/4041 4046/4046
f 7880/7880 7879/7879 7883/7883
f 4491/4491 4490/4490 4529/4529
f 7878/7878 7877/7877 7879/7879
f 7879/7879 7877/7877 7876/7876
f 4540/4540 4559/4559 4542/4542
f 4542/4542 4491/4491 4540/4540
f 7878/7878 7879/7879 7880/7880
f 4529/4529 4576/4576 4559/4559
f 4560/4560 4542/4542 4559/4559
f 7881/7881 7878/7878 7880/7880
f 4575/4575 4559/4559 4577/4577
f 7874/7874 7875/7875 7876/7876
f 4540/4540 4529/4529 4559/4559
f 7886/7886 7889/7889 7888/7888
f 4491/4491 4529/4529 4540/4540
f 4575/4575 4560/4560 4559/4559
f 7879/7879 7876/7876 7884/7884
f 7879/7879 7884/7884 7883/7883
f 4577/4577 4559/4559 4576/4576
f 7884/7884 7876/7876 7886/7886
f 7886/7886 7888/7888 7887/7887
f 7886/7886 7887/7887 7884/7884
f 7883/7883 7884/7884 7885/7885
f 7875/7875 7886/7886 7876/7876
f 8156/8156 8157/8157 8151/8151
f 7887/7887 7888/7888 7890/7890
f 7876/7876 7877/7877 7874/7874
f 7886/7886 7875/7875 7889/7889
f 4529/4529 4490/4490 4534/4534
f 5893/5893 6063/6063 5900/5900
f 5888/5888 5892/5892 5894/5894
f 5888/5888 5894/5894 5904/5904
f 5904/5904 6063/6063 5893/5893
f 5902/5902 6064/6064 6065/6065
f 5893/5893 5888/5888 5904/5904
f 5902/5902 5900/5900 6063/6063
f 5902/5902 6063/6063 6064/6064
f 6065/6065 5903/5903 5902/5902
f 6065/6065 6046/6046 5903/5903
f 4589/4589 4545/4545 4588/4588
f 4546/4546 4545/4545 4589/4589
f 4589/4589 4591/4591 4590/4590
f 4590/4590 4591/4591 4592/4592
f 7782/7782 7783/7783 7784/7784
f 4556/4556 4550/4550 4545/4545
f 4589/4589 4590/4590 4546/4546
f 4550/4550 4588/4588 4545/4545
f 7815/7815 7816/7816 7817/7817
f 7226/7226 7225/7225 7224/7224
f 7225/7225 7221/7221 7224/7224
f 7218/7218 7212/7212 7214/7214
f 7214/7214 7217/7217 7218/7218
f 7204/7204 7206/7206 7209/7209
f 7223/7223 7220/7220 7222/7222
f 7222/7222 7217/7217 7223/7223
f 7218/7218 7217/7217 7222/7222
f 7212/7212 7211/7211 7209/7209
f 7227/7227 7225/7225 7295/7295
f 7221/7221 7220/7220 7224/7224
f 7206/7206 7210/7210 7209/7209
f 7223/7223 7262/7262 7224/7224
f 7212/7212 7209/7209 7214/7214
f 7204/7204 7205/7205 7206/7206
f 7221/7221 7228/7228 7229/7229
f 7214/7214 7210/7210 7216/7216
f 7222/7222 7220/7220 7218/7218
f 7206/7206 7264/7264 7210/7210
f 7264/7264 7269/7269 7210/7210
f 7205/7205 7264/7264 7206/7206
f 7212/7212 7213/7213 7211/7211
f 7221/7221 7229/7229 7213/7213
f 7262/7262 7226/7226 7224/7224
f 7228/7228 7221/7221 7227/7227
f 7295/7295 7225/7225 7226/7226
f 7212/7212 7221/7221 7213/7213
f 7223/7223 7224/7224 7220/7220
f 7214/7214 7216/7216 7217/7217
f 7225/7225 7227/7227 7221/7221
f 7212/7212 7218/7218 7220/7220
f 7204/7204 7209/7209 7211/7211
f 7212/7212 7220/7220 7221/7221
f 7216/7216 7210/7210 7292/7292
f 7214/7214 7209/7209 7210/7210
f 7292/7292 7210/7210 7269/7269
f 5192/5192 5193/5193 5190/5190
f 4658/4658 4650/4650 4657/4657
f 4657/4657 4650/4650 4655/4655
f 4650/4650 4652/4652 4655/4655
f 4652/4652 4656/4656 4655/4655
f 4650/4650 4651/4651 4652/4652
f 4652/4652 4653/4653 4656/4656
f 4651/4651 4653/4653 4652/4652
f 4651/4651 4654/4654 4653/4653
f 4818/4818 4816/4816 4819/4819
f 5184/5184 5191/5191 5190/5190
f 5191/5191 5192/5192 5190/5190
f 4817/4817 4814/4814 4816/4816
f 4818/4818 4817/4817 4816/4816
f 4816/4816 4814/4814 4815/4815
f 5181/5181 5184/5184 5182/5182
f 5658/5658 5552/5552 5659/5659
f 5659/5659 5552/5552 5551/5551
f 4817/4817 4824/4824 4814/4814
f 4814/4814 4813/4813 4815/4815
f 5181/5181 5182/5182 5183/5183
f 5640/5640 5552/5552 5658/5658
f 5556/5556 5619/5619 5620/5620
f 4814/4814 4824/4824 4811/4811
f 4814/4814 4811/4811 4813/4813
f 5185/5185 5181/5181 5183/5183
f 5553/5553 5640/5640 5658/5658
f 4811/4811 4824/4824 4821/4821
f 4811/4811 4812/4812 4813/4813
f 5185/5185 5183/5183 5186/5186
f 5550/5550 5549/5549 5556/5556
f 4821/4821 4820/4820 4811/4811
f 4811/4811 4820/4820 4812/4812
f 5187/5187 5185/5185 5186/5186
f 5553/5553 5552/5552 5640/5640
f 5551/5551 5548/5548 5550/5550
f 5556/5556 5557/5557 5619/5619
f 5619/5619 5557/5557 5621/5621
f 5621/5621 5557/5557 5652/5652
f 4820/4820 4822/4822 4812/4812
f 5551/5551 5552/5552 5548/5548
f 4820/4820 4823/4823 4822/4822
f 5189/5189 5187/5187 5188/5188
f 5639/5639 5624/5624 5553/5553
f 5556/5556 5549/5549 5557/5557
f 5652/5652 5557/5557 5559/5559
f 4716/4716 4715/4715 4713/4713
f 2933/2933 2934/2934 2931/2931
f 2931/2931 2932/2932 2933/2933
f 5624/5624 5554/5554 5553/5553
f 5558/5558 5559/5559 5557/5557
f 5554/5554 5548/5548 5553/5553
f 5549/5549 5558/5558 5557/5557
f 4715/4715 4714/4714 4713/4713
f 4714/4714 4710/4710 4713/4713
f 4713/4713 4710/4710 4712/4712
f 5552/5552 5553/5553 5548/5548
f 4826/4826 4830/4830 4827/4827
f 5548/5548 5549/5549 5550/5550
f 4830/4830 4826/4826 4918/4918
f 4830/4830 4838/4838 4827/4827
f 6517/6517 6519/6519 6520/6520
f 4830/4830 4839/4839 4838/4838
f 4830/4830 4918/4918 4853/4853
f 4830/4830 4853/4853 4839/4839
f 6517/6517 6518/6518 6519/6519
f 4839/4839 4840/4840 4838/4838
f 4839/4839 4851/4851 4840/4840
f 4839/4839 4853/4853 4851/4851
f 4710/4710 4711/4711 4712/4712
f 2932/2932 2931/2931 2927/2927
f 2927/2927 2931/2931 2928/2928
f 4825/4825 4827/4827 4828/4828
f 4825/4825 4826/4826 4827/4827
f 4825/4825 4917/4917 4826/4826
f 4826/4826 4917/4917 4918/4918
f 4853/4853 4918/4918 4921/4921
f 4851/4851 4853/4853 4852/4852
f 4851/4851 4850/4850 4840/4840
f 4849/4849 4850/4850 4851/4851
f 4851/4851 4852/4852 4849/4849
f 2925/2925 2932/2932 2927/2927
f 5603/5603 5555/5555 5554/5554
f 4829/4829 4828/4828 4831/4831
f 4829/4829 4825/4825 4828/4828
f 4829/4829 4836/4836 4825/4825
f 4825/4825 4836/4836 4906/4906
f 4825/4825 4906/4906 4917/4917
f 4917/4917 4906/4906 4913/4913
f 4917/4917 4913/4913 4918/4918
f 4918/4918 4913/4913 4915/4915
f 4918/4918 4915/4915 4921/4921
f 4853/4853 4921/4921 4852/4852
f 4852/4852 4921/4921 4876/4876
f 4849/4849 4848/4848 4850/4850
f 4709/4709 4710/4710 4714/4714
f 4709/4709 4702/4702 4710/4710
f 4710/4710 4702/4702 4711/4711
f 4832/4832 4831/4831 4833/4833
f 4832/4832 4829/4829 4831/4831
f 4832/4832 4836/4836 4829/4829
f 4907/4907 4906/4906 4836/4836
f 4912/4912 4913/4913 4906/4906
f 7737/7737 7738/7738 7739/7739
f 4912/4912 4914/4914 4913/4913
f 4922/4922 4910/4910 4914/4914
f 4914/4914 4915/4915 4913/4913
f 4914/4914 4916/4916 4915/4915
f 4914/4914 4910/4910 4916/4916
f 4916/4916 4921/4921 4915/4915
f 4916/4916 4877/4877 4921/4921
f 4877/4877 4876/4876 4921/4921
f 4852/4852 4876/4876 4856/4856
f 4852/4852 4856/4856 4849/4849
f 4849/4849 4843/4843 4848/4848
f 4849/4849 4856/4856 4843/4843
f 4848/4848 4843/4843 4847/4847
f 5558/5558 5560/5560 5559/5559
f 4832/4832 4835/4835 4909/4909
f 4832/4832 4909/4909 4836/4836
f 4909/4909 4907/4907 4836/4836
f 4905/4905 4906/4906 4907/4907
f 4905/4905 4910/4910 4906/4906
f 4905/4905 4955/4955 4910/4910
f 4910/4910 4912/4912 4906/4906
f 4910/4910 4922/4922 4912/4912
f 5548/5548 5547/5547 5549/5549
f 4910/4910 4961/4961 4916/4916
f 4877/4877 4916/4916 4963/4963
f 4877/4877 4875/4875 4876/4876
f 4877/4877 4963/4963 4875/4875
f 4875/4875 4856/4856 4876/4876
f 4875/4875 4855/4855 4856/4856
f 4855/4855 4854/4854 4843/4843
f 4856/4856 4855/4855 4843/4843
f 4843/4843 4854/4854 4841/4841
f 4843/4843 4842/4842 4847/4847
f 4841/4841 4842/4842 4843/4843
f 5602/5602 5555/5555 5603/5603
f 4834/4834 4832/4832 4833/4833
f 4834/4834 4833/4833 4837/4837
f 4834/4834 4835/4835 4832/4832
f 4835/4835 4919/4919 4909/4909
f 4908/4908 4905/4905 4907/4907
f 4908/4908 4907/4907 4909/4909
f 4905/4905 4908/4908 4955/4955
f 4910/4910 4955/4955 4954/4954
f 4875/4875 4874/4874 4855/4855
f 4875/4875 4963/4963 5124/5124
f 4875/4875 5124/5124 4874/4874
f 4874/4874 4854/4854 4855/4855
f 4841/4841 4854/4854 4858/4858
f 4858/4858 4844/4844 4841/4841
f 4844/4844 4846/4846 4842/4842
f 4841/4841 4844/4844 4842/4842
f 4709/4709 4700/4700 4702/4702
f 5555/5555 5548/5548 5554/5554
f 4927/4927 4920/4920 4835/4835
f 4834/4834 4927/4927 4835/4835
f 4835/4835 4920/4920 4919/4919
f 4911/4911 4909/4909 4919/4919
f 4911/4911 4908/4908 4909/4909
f 4955/4955 4908/4908 4954/4954
f 6453/6453 6455/6455 6442/6442
f 6442/6442 6455/6455 6458/6458
f 4954/4954 4961/4961 4910/4910
f 6455/6455 6459/6459 6458/6458
f 4431/4431 4432/4432 4433/4433
f 6453/6453 6454/6454 6455/6455
f 6455/6455 6456/6456 6459/6459
f 6454/6454 6456/6456 6455/6455
f 4431/4431 4434/4434 4432/4432
f 6456/6456 6457/6457 6459/6459
f 4432/4432 4434/4434 4435/4435
f 6454/6454 6457/6457 6456/6456
f 6457/6457 6460/6460 6459/6459
f 4961/4961 4962/4962 4916/4916
f 6457/6457 6462/6462 6460/6460
f 4435/4435 4434/4434 4436/4436
f 4916/4916 4962/4962 4963/4963
f 5547/5547 5558/5558 5549/5549
f 4874/4874 4873/4873 4854/4854
f 4874/4874 5124/5124 4965/4965
f 4874/4874 4965/4965 4873/4873
f 4873/4873 4858/4858 4854/4854
f 4844/4844 4858/4858 4862/4862
f 4844/4844 4845/4845 4846/4846
f 4709/4709 4717/4717 4700/4700
f 2924/2924 2926/2926 2929/2929
f 4243/4243 4244/4244 4242/4242
f 4924/4924 4927/4927 4834/4834
f 4923/4923 4911/4911 4919/4919
f 4923/4923 4919/4919 4920/4920
f 6441/6441 6442/6442 6440/6440
f 6440/6440 6442/6442 6461/6461
f 6442/6442 6458/6458 6461/6461
f 4439/4439 4427/4427 4541/4541
f 4439/4439 4433/4433 4440/4440
f 6441/6441 6453/6453 6442/6442
f 6458/6458 6459/6459 6467/6467
f 6467/6467 6459/6459 6470/6470
f 4439/4439 4541/4541 4445/4445
f 4439/4439 4443/4443 4431/4431
f 4439/4439 4445/4445 4443/4443
f 6460/6460 6471/6471 6470/6470
f 6459/6459 6460/6460 6470/6470
f 4443/4443 4434/4434 4431/4431
f 6463/6463 6464/6464 6462/6462
f 4443/4443 4441/4441 4434/4434
f 4434/4434 4437/4437 4436/4436
f 6463/6463 6465/6465 6464/6464
f 4434/4434 4441/4441 4438/4438
f 4434/4434 4438/4438 4437/4437
f 4873/4873 4872/4872 4858/4858
f 4873/4873 4965/4965 4872/4872
f 4872/4872 4862/4862 4858/4858
f 4844/4844 4862/4862 4861/4861
f 4844/4844 4861/4861 4857/4857
f 4844/4844 4857/4857 4845/4845
f 7323/7323 7322/7322 7324/7324
f 4717/4717 4703/4703 4700/4700
f 4700/4700 4701/4701 4702/4702
f 4924/4924 4925/4925 4926/4926
f 4924/4924 4926/4926 4927/4927
f 4927/4927 5128/5128 4920/4920
f 4923/4923 4920/4920 4956/4956
f 6438/6438 6440/6440 6439/6439
f 6439/6439 6440/6440 6466/6466
f 6446/6446 6441/6441 6438/6438
f 6438/6438 6441/6441 6440/6440
f 6440/6440 6461/6461 6466/6466
f 4425/4425 4427/4427 4440/4440
f 4427/4427 4439/4439 4440/4440
f 4445/4445 4500/4500 4443/4443
f 4443/4443 4500/4500 4499/4499
f 4443/4443 4499/4499 4441/4441
f 4441/4441 4442/4442 4438/4438
f 4962/4962 4964/4964 4963/4963
f 4333/4333 4313/4313 4315/4315
f 4315/4315 4313/4313 4314/4314
f 4313/4313 4312/4312 4314/4314
f 4314/4314 4312/4312 4319/4319
f 4312/4312 4323/4323 4319/4319
f 4963/4963 4964/4964 4965/4965
f 4963/4963 4965/4965 5124/5124
f 4872/4872 4861/4861 4862/4862
f 4857/4857 4861/4861 4863/4863
f 4845/4845 4857/4857 4859/4859
f 7323/7323 7317/7317 7322/7322
f 4700/4700 4703/4703 4701/4701
f 5602/5602 5604/5604 5555/5555
f 4235/4235 4242/4242 4236/4236
f 4926/4926 5126/5126 4927/4927
f 4927/4927 5126/5126 5128/5128
f 4957/4957 4956/4956 5128/5128
f 6438/6438 6439/6439 6436/6436
f 6439/6439 6466/6466 6468/6468
f 4908/4908 4949/4949 4954/4954
f 4425/4425 4422/4422 4426/4426
f 3993/3993 3994/3994 3992/3992
f 4425/4425 4426/4426 4427/4427
f 4427/4427 4426/4426 4541/4541
f 4954/4954 4952/4952 4961/4961
f 4952/4952 5076/5076 4961/4961
f 4541/4541 4426/4426 4445/4445
f 4445/4445 4426/4426 4500/4500
f 4961/4961 5076/5076 4962/4962
f 5076/5076 5038/5038 4962/4962
f 4962/4962 5038/5038 4964/4964
f 4441/4441 4499/4499 4446/4446
f 4441/4441 4446/4446 4442/4442
f 4442/4442 4444/4444 4438/4438
f 4446/4446 4444/4444 4442/4442
f 4444/4444 4458/4458 4438/4438
f 4333/4333 4332/4332 4313/4313
f 4332/4332 4310/4310 4313/4313
f 4965/4965 4968/4968 4872/4872
f 4872/4872 4871/4871 4861/4861
f 4872/4872 4968/4968 4871/4871
f 4871/4871 4863/4863 4861/4861
f 4863/4863 4860/4860 4857/4857
f 4857/4857 4860/4860 4859/4859
f 7317/7317 7319/7319 7322/7322
f 7317/7317 7318/7318 7319/7319
f 5560/5560 5564/5564 5617/5617
f 4703/4703 4705/4705 4704/4704
f 4703/4703 4704/4704 4701/4701
f 2930/2930 2929/2929 2935/2935
f 4928/4928 5126/5126 4926/4926
f 4925/4925 4928/4928 4926/4926
f 5126/5126 4957/4957 5128/5128
f 4956/4956 4946/4946 4923/4923
f 6439/6439 6468/6468 6469/6469
f 6436/6436 6439/6439 6469/6469
f 4923/4923 4946/4946 4911/4911
f 6434/6434 6447/6447 6438/6438
f 6434/6434 6438/6438 6436/6436
f 4911/4911 4946/4946 4908/4908
f 6447/6447 6446/6446 6438/6438
f 4420/4420 4422/4422 4425/4425
f 4908/4908 4946/4946 4949/4949
f 3985/3985 3992/3992 3987/3987
f 4949/4949 4952/4952 4954/4954
f 4949/4949 4951/4951 4952/4952
f 4952/4952 4951/4951 4953/4953
f 7787/7787 7789/7789 7790/7790
f 7787/7787 7788/7788 7789/7789
f 4351/4351 4348/4348 4350/4350
f 4348/4348 4349/4349 4350/4350
f 4499/4499 4500/4500 4498/4498
f 4498/4498 4492/4492 4499/4499
f 5038/5038 5000/5000 4964/4964
f 4965/4965 4964/4964 4966/4966
f 4312/4312 4310/4310 4309/4309
f 4309/4309 4320/4320 4312/4312
f 4871/4871 4867/4867 4863/4863
f 4871/4871 4968/4968 4867/4867
f 4867/4867 4860/4860 4863/4863
f 4859/4859 4860/4860 4864/4864
f 4859/4859 4864/4864 4865/4865
f 4235/4235 4236/4236 4233/4233
f 4928/4928 5072/5072 5126/5126
f 5126/5126 5072/5072 4958/4958
f 5126/5126 4958/4958 4957/4957
f 6434/6434 6436/6436 6435/6435
f 6435/6435 6436/6436 6469/6469
f 3984/3984 3985/3985 3986/3986
f 4420/4420 4421/4421 4422/4422
f 4421/4421 4426/4426 4422/4422
f 4950/4950 4951/4951 4949/4949
f 4013/4013 4015/4015 4017/4017
f 4507/4507 4502/4502 4426/4426
f 4426/4426 4502/4502 4500/4500
f 4502/4502 4501/4501 4500/4500
f 4492/4492 4446/4446 4499/4499
f 5000/5000 4990/4990 4964/4964
f 4446/4446 4492/4492 4486/4486
f 4964/4964 4990/4990 4966/4966
f 4446/4446 4486/4486 4447/4447
f 4446/4446 4447/4447 4444/4444
f 4965/4965 4966/4966 4967/4967
f 4444/4444 4448/4448 4458/4458
f 4332/4332 4330/4330 4310/4310
f 4310/4310 4307/4307 4309/4309
f 4965/4965 4967/4967 4968/4968
f 5629/5629 5564/5564 5565/5565
f 4703/4703 4708/4708 4705/4705
f 4929/4929 4928/4928 4925/4925
f 5072/5072 4959/4959 4958/4958
f 6433/6433 6434/6434 6435/6435
f 6435/6435 6469/6469 6472/6472
f 6433/6433 6448/6448 6434/6434
f 4957/4957 4958/4958 4946/4946
f 6448/6448 6447/6447 6434/6434
f 4418/4418 4417/4417 4420/4420
f 3984/3984 3986/3986 3988/3988
f 4420/4420 4417/4417 4421/4421
f 4949/4949 4945/4945 4950/4950
f 4507/4507 4426/4426 4421/4421
f 4500/4500 4501/4501 4498/4498
f 4990/4990 5040/5040 4966/4966
f 4320/4320 4321/4321 4362/4362
f 4320/4320 4309/4309 4321/4321
f 4447/4447 4448/4448 4444/4444
f 4330/4330 4311/4311 4310/4310
f 4310/4310 4311/4311 4307/4307
f 4307/4307 4308/4308 4309/4309
f 4867/4867 4866/4866 4860/4860
f 4867/4867 4968/4968 4969/4969
f 4867/4867 4969/4969 4866/4866
f 4866/4866 4864/4864 4860/4860
f 4929/4929 5072/5072 4928/4928
f 6433/6433 6435/6435 6437/6437
f 6437/6437 6435/6435 6472/6472
f 4959/4959 4948/4948 4958/4958
f 3989/3989 3988/3988 3990/3990
f 4958/4958 4948/4948 4946/4946
f 4946/4946 4945/4945 4949/4949
f 4421/4421 4508/4508 4507/4507
f 5040/5040 5039/5039 4966/4966
f 5039/5039 4972/4972 4966/4966
f 4966/4966 4972/4972 4967/4967
f 4447/4447 4486/4486 4450/4450
f 4308/4308 4325/4325 4321/4321
f 4449/4449 4448/4448 4447/4447
f 4447/4447 4450/4450 4449/4449
f 4449/4449 4457/4457 4448/4448
f 4330/4330 4331/4331 4311/4311
f 4307/4307 4311/4311 4308/4308
f 7318/7318 7321/7321 7320/7320
f 4865/4865 4864/4864 4868/4868
f 5558/5558 5564/5564 5560/5560
f 4705/4705 4708/4708 4706/4706
f 4705/4705 4706/4706 4704/4704
f 5600/5600 5555/5555 5604/5604
f 4232/4232 4233/4233 4234/4234
f 5072/5072 4960/4960 4959/4959
f 4408/4408 4409/4409 4419/4419
f 6443/6443 6433/6433 6437/6437
f 6437/6437 6472/6472 6451/6451
f 4959/4959 4960/4960 4948/4948
f 4409/4409 4418/4418 4419/4419
f 4409/4409 4417/4417 4418/4418
f 3989/3989 3990/3990 3991/3991
f 4416/4416 4421/4421 4417/4417
f 4945/4945 4946/4946 4947/4947
f 4502/4502 4503/4503 4501/4501
f 4501/4501 4503/4503 4498/4498
f 4498/4498 4497/4497 4492/4492
f 4492/4492 4485/4485 4486/4486
f 4324/4324 4366/4366 4325/4325
f 4308/4308 4324/4324 4325/4325
f 4967/4967 4969/4969 4968/4968
f 4331/4331 4334/4334 4311/4311
f 4866/4866 4894/4894 4864/4864
f 4706/4706 4707/4707 4704/4704
f 4929/4929 5037/5037 5072/5072
f 6443/6443 6437/6437 6444/6444
f 6444/6444 6437/6437 6451/6451
f 4409/4409 4416/4416 4417/4417
f 4944/4944 4946/4946 4948/4948
f 4416/4416 4508/4508 4421/4421
f 4944/4944 4947/4947 4946/4946
f 4508/4508 4502/4502 4507/4507
f 4502/4502 4506/4506 4503/4503
f 4497/4497 4485/4485 4492/4492
f 4486/4486 4485/4485 4450/4450
f 4450/4450 4485/4485 4482/4482
f 4450/4450 4482/4482 4451/4451
f 4967/4967 4970/4970 4969/4969
f 4334/4334 4317/4317 4311/4311
f 4311/4311 4317/4317 4316/4316
f 4970/4970 4898/4898 4866/4866
f 4969/4969 4970/4970 4866/4866
f 4866/4866 4898/4898 4894/4894
f 4864/4864 4869/4869 4868/4868
f 7321/7321 7325/7325 7320/7320
f 4869/4869 4870/4870 4868/4868
f 5558/5558 5563/5563 5564/5564
f 4237/4237 4232/4232 4234/4234
f 4929/4929 5032/5032 5037/5037
f 5037/5037 4960/4960 5072/5072
f 4396/4396 4406/4406 4408/4408
f 6445/6445 6443/6443 6444/6444
f 6444/6444 6451/6451 6452/6452
f 3998/3998 3999/3999 4000/4000
f 4960/4960 4941/4941 4948/4948
f 4943/4943 4944/4944 4948/4948
f 4508/4508 4509/4509 4502/4502
f 4502/4502 4519/4519 4506/4506
f 4503/4503 4516/4516 4497/4497
f 4972/4972 4971/4971 4967/4967
f 4967/4967 4971/4971 4970/4970
f 4450/4450 4451/4451 4449/4449
f 4449/4449 4455/4455 4457/4457
f 4316/4316 4317/4317 4318/4318
f 4894/4894 4869/4869 4864/4864
f 7309/7309 7311/7311 7316/7316
f 2936/2936 2937/2937 2938/2938
f 4238/4238 4237/4237 4234/4234
f 5037/5037 4994/4994 4960/4960
f 6445/6445 6444/6444 6449/6449
f 6449/6449 6444/6444 6452/6452
f 4960/4960 4938/4938 4941/4941
f 4409/4409 4406/4406 4416/4416
f 4943/4943 4948/4948 4941/4941
f 4941/4941 4942/4942 4943/4943
f 4942/4942 4944/4944 4943/4943
f 4510/4510 4509/4509 4508/4508
f 4509/4509 4519/4519 4502/4502
f 4519/4519 4531/4531 4506/4506
f 4506/4506 4528/4528 4503/4503
f 4503/4503 4528/4528 4532/4532
f 4503/4503 4532/4532 4516/4516
f 4485/4485 4488/4488 4482/4482
f 4451/4451 4452/4452 4449/4449
f 4449/4449 4452/4452 4455/4455
f 4334/4334 4335/4335 4317/4317
f 5563/5563 5565/5565 5564/5564
f 4395/4395 4396/4396 4394/4394
f 6450/6450 6445/6445 6449/6449
f 4396/4396 4395/4395 4405/4405
f 4003/4003 4000/4000 4001/4001
f 4406/4406 4405/4405 4561/4561
f 4406/4406 4524/4524 4416/4416
f 4938/4938 4940/4940 4941/4941
f 4940/4940 4942/4942 4941/4941
f 4531/4531 4568/4568 4528/4528
f 4528/4528 4566/4566 4532/4532
f 4497/4497 4504/4504 4485/4485
f 4318/4318 4317/4317 4322/4322
f 4452/4452 4456/4456 4455/4455
f 4334/4334 4345/4345 4335/4335
f 4317/4317 4335/4335 4322/4322
f 4869/4869 4894/4894 4870/4870
f 6505/6505 6503/6503 6504/6504
f 7311/7311 7312/7312 7313/7313
f 5600/5600 5585/5585 5555/5555
f 5032/5032 5030/5030 5037/5037
f 4960/4960 4994/4994 4938/4938
f 4406/4406 4561/4561 4524/4524
f 4512/4512 4508/4508 4416/4416
f 6569/6569 6740/6740 6568/6568
f 4519/4519 4571/4571 4531/4531
f 4531/4531 4572/4572 4568/4568
f 4568/4568 4567/4567 4528/4528
f 4528/4528 4567/4567 4566/4566
f 4532/4532 4543/4543 4516/4516
f 4516/4516 4543/4543 4517/4517
f 4516/4516 4517/4517 4497/4497
f 4497/4497 4517/4517 4504/4504
f 4971/4971 4973/4973 4970/4970
f 4452/4452 4454/4454 4456/4456
f 4870/4870 4894/4894 4890/4890
f 7309/7309 7310/7310 7311/7311
f 7311/7311 7310/7310 7312/7312
f 6146/6146 6135/6135 6137/6137
f 6135/6135 6136/6136 6137/6137
f 6135/6135 6131/6131 6136/6136
f 2939/2939 2936/2936 2938/2938
f 6131/6131 6129/6129 6136/6136
f 5601/5601 5585/5585 5600/5600
f 6128/6128 6129/6129 6130/6130
f 6130/6130 6129/6129 6131/6131
f 5032/5032 4936/4936 5030/5030
f 5030/5030 4996/4996 5037/5037
f 5037/5037 4996/4996 4994/4994
f 5393/5393 5387/5387 5382/5382
f 4395/4395 4393/4393 4405/4405
f 4003/4003 4004/4004 4005/4005
f 4937/4937 4940/4940 4938/4938
f 4524/4524 4512/4512 4416/4416
f 4512/4512 4510/4510 4508/4508
f 4509/4509 4523/4523 4519/4519
f 4519/4519 4523/4523 4569/4569
f 4519/4519 4569/4569 4571/4571
f 4531/4531 4571/4571 4572/4572
f 4567/4567 4582/4582 4566/4566
f 4566/4566 4543/4543 4532/4532
f 4504/4504 4494/4494 4485/4485
f 4485/4485 4494/4494 4488/4488
f 4971/4971 4981/4981 4973/4973
f 4451/4451 4482/4482 4453/4453
f 4451/4451 4453/4453 4452/4452
f 4452/4452 4453/4453 4454/4454
f 4335/4335 4336/4336 4322/4322
f 4336/4336 4337/4337 4322/4322
f 4345/4345 4341/4341 4335/4335
f 4335/4335 4341/4341 4336/4336
f 4970/4970 4897/4897 4898/4898
f 4898/4898 4897/4897 4894/4894
f 4894/4894 4897/4897 4889/4889
f 4889/4889 4890/4890 4894/4894
f 4889/4889 4888/4888 4890/4890
f 5402/5402 5399/5399 5407/5407
f 5402/5402 5418/5418 5417/5417
f 7701/7701 7634/7634 7682/7682
f 7682/7682 7634/7634 7587/7587
f 6128/6128 6127/6127 6129/6129
f 6126/6126 6127/6127 6128/6128
f 4005/4005 4004/4004 4006/4006
f 4994/4994 4995/4995 4938/4938
f 4938/4938 4995/4995 4939/4939
f 4509/4509 4510/4510 4511/4511
f 5309/5309 5298/5298 5311/5311
f 5212/5212 5211/5211 5216/5216
f 5212/5212 5217/5217 5213/5213
f 5213/5213 5209/5209 5212/5212
f 5212/5212 5209/5209 5211/5211
f 5209/5209 5210/5210 5211/5211
f 7625/7625 7626/7626 7707/7707
f 5213/5213 5215/5215 5209/5209
f 7707/7707 7626/7626 7711/7711
f 5209/5209 5214/5214 5210/5210
f 5215/5215 5214/5214 5209/5209
f 5547/5547 5561/5561 5558/5558
f 4790/4790 4781/4781 4792/4792
f 5215/5215 5218/5218 5214/5214
f 4582/4582 4587/4587 4586/4586
f 4767/4767 4772/4772 4768/4768
f 4543/4543 4544/4544 4517/4517
f 4517/4517 4544/4544 4504/4504
f 4981/4981 4986/4986 4973/4973
f 4454/4454 4459/4459 4456/4456
f 4345/4345 4346/4346 4341/4341
f 4970/4970 4973/4973 4897/4897
f 6503/6503 6499/6499 6502/6502
f 5407/5407 5409/5409 5410/5410
f 4405/4405 4524/4524 4561/4561
f 5548/5548 5546/5546 5547/5547
f 4511/4511 4523/4523 4509/4509
f 4523/4523 4570/4570 4569/4569
f 5297/5297 5343/5343 5303/5303
f 5303/5303 5343/5343 5304/5304
f 5304/5304 5344/5344 5345/5345
f 5304/5304 5345/5345 5306/5306
f 4299/4299 4304/4304 4293/4293
f 5306/5306 5345/5345 5320/5320
f 7711/7711 7626/7626 7710/7710
f 4790/4790 4783/4783 4781/4781
f 4781/4781 4782/4782 4792/4792
f 6347/6347 6345/6345 6346/6346
f 6499/6499 6500/6500 6501/6501
f 7310/7310 7314/7314 7312/7312
f 5400/5400 5417/5417 5401/5401
f 5409/5409 5412/5412 5410/5410
f 7701/7701 7686/7686 7634/7634
f 4241/4241 4239/4239 4240/4240
f 7587/7587 7586/7586 7713/7713
f 4936/4936 5029/5029 5030/5030
f 5585/5585 5546/5546 5555/5555
f 5382/5382 5381/5381 5378/5378
f 4996/4996 4995/4995 4994/4994
f 4005/4005 4006/4006 4007/4007
f 5555/5555 5546/5546 5548/5548
f 4393/4393 4407/4407 4405/4405
f 4405/4405 4407/4407 4524/4524
f 4523/4523 4562/4562 4570/4570
f 5297/5297 5293/5293 5343/5343
f 5343/5343 5356/5356 5344/5344
f 4293/4293 4294/4294 4289/4289
f 4289/4289 4294/4294 4297/4297
f 6925/6925 6853/6853 6854/6854
f 2579/2579 2580/2580 2524/2524
f 2580/2580 2527/2527 2520/2520
f 2524/2524 2580/2580 2520/2520
f 7625/7625 7622/7622 7626/7626
f 2580/2580 2803/2803 2527/2527
f 2580/2580 2714/2714 2803/2803
f 7622/7622 7624/7624 7626/7626
f 7626/7626 7624/7624 7710/7710
f 4781/4781 4775/4775 4782/4782
f 4782/4782 4775/4775 4784/4784
f 4782/4782 4784/4784 4785/4785
f 4790/4790 4791/4791 4783/4783
f 6359/6359 6405/6405 6345/6345
f 6359/6359 6345/6345 6347/6347
f 4504/4504 4520/4520 4494/4494
f 4494/4494 4487/4487 4488/4488
f 4488/4488 4487/4487 4482/4482
f 4986/4986 4985/4985 4973/4973
f 4482/4482 4480/4480 4453/4453
f 4341/4341 4340/4340 4336/4336
f 4336/4336 4340/4340 4337/4337
f 4346/4346 4342/4342 4341/4341
f 4897/4897 4973/4973 4896/4896
f 4897/4897 4896/4896 4889/4889
f 4889/4889 4885/4885 4888/4888
f 4888/4888 4885/4885 4887/4887
f 5567/5567 5565/5565 5566/5566
f 5567/5567 5566/5566 5599/5599
f 7315/7315 7314/7314 7310/7310
f 5399/5399 5400/5400 5401/5401
f 7587/7587 7585/7585 7586/7586
f 5029/5029 4996/4996 5030/5030
f 4022/4022 4047/4047 4048/4048
f 4511/4511 4562/4562 4523/4523
f 5291/5291 5292/5292 5293/5293
f 5293/5293 5338/5338 5343/5343
f 5343/5343 5338/5338 5356/5356
f 2523/2523 2540/2540 2522/2522
f 2523/2523 2522/2522 2516/2516
f 2562/2562 2522/2522 2540/2540
f 2516/2516 2522/2522 2510/2510
f 2516/2516 2510/2510 2497/2497
f 2510/2510 2489/2489 2497/2497
f 5344/5344 5323/5323 5345/5345
f 4283/4283 4300/4300 4299/4299
f 5345/5345 5323/5323 5346/5346
f 2562/2562 2571/2571 2522/2522
f 2522/2522 2524/2524 2510/2510
f 2575/2575 2571/2571 2556/2556
f 2556/2556 2571/2571 2562/2562
f 2571/2571 2524/2524 2522/2522
f 2524/2524 2520/2520 2510/2510
f 2510/2510 2512/2512 2489/2489
f 2512/2512 2493/2493 2489/2489
f 2520/2520 2512/2512 2510/2510
f 2583/2583 2577/2577 2584/2584
f 2571/2571 2575/2575 2578/2578
f 2571/2571 2578/2578 2579/2579
f 2571/2571 2579/2579 2524/2524
f 2520/2520 2527/2527 2512/2512
f 2527/2527 2519/2519 2512/2512
f 2512/2512 2519/2519 2493/2493
f 2583/2583 2582/2582 2577/2577
f 2577/2577 2582/2582 2581/2581
f 2577/2577 2581/2581 2575/2575
f 2575/2575 2581/2581 2578/2578
f 2578/2578 2581/2581 2579/2579
f 2583/2583 2592/2592 2582/2582
f 2803/2803 2790/2790 2527/2527
f 2527/2527 2790/2790 2519/2519
f 2579/2579 2591/2591 2580/2580
f 2580/2580 2591/2591 2714/2714
f 2714/2714 2790/2790 2803/2803
f 2582/2582 2586/2586 2581/2581
f 2586/2586 2590/2590 2581/2581
f 2581/2581 2590/2590 2591/2591
f 2581/2581 2591/2591 2579/2579
f 2714/2714 2713/2713 2790/2790
f 2582/2582 2587/2587 2586/2586
f 2586/2586 2705/2705 2590/2590
f 2591/2591 2712/2712 2714/2714
f 2714/2714 2712/2712 2713/2713
f 2590/2590 2705/2705 2591/2591
f 6405/6405 6344/6344 6345/6345
f 2705/2705 2712/2712 2591/2591
f 2712/2712 2711/2711 2713/2713
f 4781/4781 4773/4773 4775/4775
f 6344/6344 6343/6343 6345/6345
f 2587/2587 2588/2588 2586/2586
f 2586/2586 2588/2588 2589/2589
f 2586/2586 2589/2589 2705/2705
f 2705/2705 2709/2709 2712/2712
f 2709/2709 2711/2711 2712/2712
f 2588/2588 2708/2708 2589/2589
f 6345/6345 6343/6343 6346/6346
f 6346/6346 6343/6343 6342/6342
f 4544/4544 4557/4557 4504/4504
f 4504/4504 4557/4557 4520/4520
f 4487/4487 4483/4483 4482/4482
f 4985/4985 4984/4984 4973/4973
f 4482/4482 4483/4483 4480/4480
f 4453/4453 4480/4480 4454/4454
f 4454/4454 4471/4471 4459/4459
f 4454/4454 4480/4480 4471/4471
f 4889/4889 4896/4896 4885/4885
f 5404/5404 5409/5409 5399/5399
f 5610/5610 5585/5585 5601/5601
f 7634/7634 7585/7585 7587/7587
f 4932/4932 4931/4931 4936/4936
f 6126/6126 6133/6133 6132/6132
f 6126/6126 6132/6132 6127/6127
f 6133/6133 6134/6134 6132/6132
f 4393/4393 4402/4402 4407/4407
f 4996/4996 4998/4998 4995/4995
f 4407/4407 4525/4525 4524/4524
f 4510/4510 4513/4513 4511/4511
f 4511/4511 4527/4527 4562/4562
f 5292/5292 5334/5334 5293/5293
f 5293/5293 5334/5334 5338/5338
f 5338/5338 5328/5328 5327/5327
f 5328/5328 5324/5324 5327/5327
f 5327/5327 5324/5324 5326/5326
f 2585/2585 2559/2559 2555/2555
f 2555/2555 2556/2556 2554/2554
f 2559/2559 2556/2556 2555/2555
f 2497/2497 2489/2489 2487/2487
f 2489/2489 2441/2441 2487/2487
f 4283/4283 4295/4295 4300/4300
f 2559/2559 2576/2576 2556/2556
f 2556/2556 2576/2576 2575/2575
f 2441/2441 2489/2489 2439/2439
f 7641/7641 7621/7621 7625/7625
f 2576/2576 2577/2577 2575/2575
f 2489/2489 2493/2493 2439/2439
f 2493/2493 2492/2492 2439/2439
f 2493/2493 2511/2511 2492/2492
f 2790/2790 2793/2793 2519/2519
f 2519/2519 2793/2793 2511/2511
f 2790/2790 2713/2713 2715/2715
f 2790/2790 2715/2715 2793/2793
f 4784/4784 4787/4787 4788/4788
f 4791/4791 4780/4780 4783/4783
f 2713/2713 2711/2711 2715/2715
f 4783/4783 4780/4780 4773/4773
f 2711/2711 2716/2716 2715/2715
f 2705/2705 2704/2704 2709/2709
f 2589/2589 2703/2703 2704/2704
f 2589/2589 2704/2704 2705/2705
f 2709/2709 2710/2710 2711/2711
f 2710/2710 2716/2716 2711/2711
f 6343/6343 6344/6344 6339/6339
f 2589/2589 2708/2708 2703/2703
f 2704/2704 2706/2706 2709/2709
f 2708/2708 2886/2886 2703/2703
f 6343/6343 6339/6339 6342/6342
f 6339/6339 6337/6337 6342/6342
f 6342/6342 6337/6337 6348/6348
f 4494/4494 4496/4496 4487/4487
f 4984/4984 4983/4983 4973/4973
f 4887/4887 4885/4885 4886/4886
f 5404/5404 5399/5399 5403/5403
f 7686/7686 7630/7630 7634/7634
f 7634/7634 7630/7630 7585/7585
f 4931/4931 5029/5029 4936/4936
f 6133/6133 6143/6143 6134/6134
f 4402/4402 4393/4393 4380/4380
f 4402/4402 4411/4411 4407/4407
f 4525/4525 4514/4514 4524/4524
f 4512/4512 4513/4513 4510/4510
f 4527/4527 4580/4580 4562/4562
f 5310/5310 5300/5300 5294/5294
f 5296/5296 5334/5334 5292/5292
f 5334/5334 5330/5330 5338/5338
f 5338/5338 5330/5330 5328/5328
f 2529/2529 2523/2523 2526/2526
f 2526/2526 2523/2523 2525/2525
f 2529/2529 2540/2540 2523/2523
f 2523/2523 2516/2516 2525/2525
f 2525/2525 2516/2516 2517/2517
f 2560/2560 2555/2555 2553/2553
f 2553/2553 2555/2555 2554/2554
f 2550/2550 2554/2554 2561/2561
f 2516/2516 2497/2497 2517/2517
f 2517/2517 2497/2497 2507/2507
f 2561/2561 2562/2562 2540/2540
f 2497/2497 2487/2487 2507/2507
f 2487/2487 2457/2457 2507/2507
f 2554/2554 2556/2556 2561/2561
f 5324/5324 5323/5323 5326/5326
f 2487/2487 2441/2441 2472/2472
f 2492/2492 2467/2467 2439/2439
f 7625/7625 7621/7621 7622/7622
f 2492/2492 2511/2511 2467/2467
f 2511/2511 2494/2494 2467/2467
f 2511/2511 2515/2515 2494/2494
f 2511/2511 2793/2793 2515/2515
f 7622/7622 7623/7623 7624/7624
f 2793/2793 2719/2719 2515/2515
f 2793/2793 2715/2715 2719/2719
f 4784/4784 4774/4774 4786/4786
f 4784/4784 4786/4786 4787/4787
f 4780/4780 4776/4776 4773/4773
f 4773/4773 4776/4776 4774/4774
f 4773/4773 4774/4774 4775/4775
f 6355/6355 6354/6354 6344/6344
f 2715/2715 2716/2716 2718/2718
f 6344/6344 6354/6354 6339/6339
f 6354/6354 6353/6353 6339/6339
f 2706/2706 2710/2710 2709/2709
f 2702/2702 2706/2706 2704/2704
f 2703/2703 2702/2702 2704/2704
f 2703/2703 2701/2701 2702/2702
f 6339/6339 6353/6353 6338/6338
f 2886/2886 2881/2881 2701/2701
f 6339/6339 6338/6338 6337/6337
f 6337/6337 6336/6336 6348/6348
f 4520/4520 4496/4496 4494/4494
f 4471/4471 4465/4465 4459/4459
f 4346/4346 4344/4344 4342/4342
f 4342/4342 4343/4343 4340/4340
f 4973/4973 4974/4974 4896/4896
f 6509/6509 6510/6510 6508/6508
f 4885/4885 4884/4884 4886/4886
f 5565/5565 5563/5563 5566/5566
f 5409/5409 5411/5411 5412/5412
f 5610/5610 5596/5596 5585/5585
f 7125/7125 7130/7130 7129/7129
f 4930/4930 4931/4931 4932/4932
f 7585/7585 7582/7582 7586/7586
f 5029/5029 5001/5001 4996/4996
f 4996/4996 5001/5001 4998/4998
f 4411/4411 4525/4525 4407/4407
f 4524/4524 4514/4514 4512/4512
f 4514/4514 4513/4513 4512/4512
f 4527/4527 4579/4579 4580/4580
f 2551/2551 2553/2553 2550/2550
f 5330/5330 5324/5324 5328/5328
f 2550/2550 2561/2561 2529/2529
f 2553/2553 2554/2554 2550/2550
f 2472/2472 2455/2455 2457/2457
f 2472/2472 2434/2434 2455/2455
f 5324/5324 5321/5321 5323/5323
f 6085/6085 6062/6062 6084/6084
f 5974/5974 5969/5969 5962/5962
f 2472/2472 2441/2441 2434/2434
f 5321/5321 5322/5322 5323/5323
f 5962/5962 5969/5969 5963/5963
f 2441/2441 2439/2439 2434/2434
f 5323/5323 5322/5322 5359/5359
f 2434/2434 2439/2439 2433/2433
f 2439/2439 2467/2467 2433/2433
f 2467/2467 2494/2494 2469/2469
f 2515/2515 2514/2514 2494/2494
f 2515/2515 2721/2721 2514/2514
f 2515/2515 2719/2719 2721/2721
f 2715/2715 2718/2718 2719/2719
f 2719/2719 2718/2718 2720/2720
f 2716/2716 2730/2730 2718/2718
f 2716/2716 2717/2717 2730/2730
f 2710/2710 2717/2717 2716/2716
f 2706/2706 2707/2707 2738/2738
f 2706/2706 2738/2738 2710/2710
f 2710/2710 2738/2738 2717/2717
f 2702/2702 2701/2701 2697/2697
f 2702/2702 2697/2697 2706/2706
f 2706/2706 2697/2697 2707/2707
f 2701/2701 2881/2881 2698/2698
f 2701/2701 2698/2698 2697/2697
f 2881/2881 2880/2880 2698/2698
f 6337/6337 6338/6338 6335/6335
f 6337/6337 6335/6335 6336/6336
f 4557/4557 4558/4558 4520/4520
f 4520/4520 4522/4522 4496/4496
f 4480/4480 4476/4476 4471/4471
f 5710/5710 5711/5711 5712/5712
f 4459/4459 4465/4465 4466/4466
f 4342/4342 4344/4344 4343/4343
f 4885/4885 4883/4883 4884/4884
f 5264/5264 5261/5261 5263/5263
f 5404/5404 5408/5408 5409/5409
f 4380/4380 4398/4398 4402/4402
f 6143/6143 6144/6144 6134/6134
f 4398/4398 4411/4411 4402/4402
f 4021/4021 4024/4024 4025/4025
f 4513/4513 4527/4527 4511/4511
f 4527/4527 4578/4578 4579/4579
f 5299/5299 5302/5302 5296/5296
f 5296/5296 5302/5302 5332/5332
f 5296/5296 5332/5332 5334/5334
f 5332/5332 5330/5330 5334/5334
f 2539/2539 2526/2526 2537/2537
f 2552/2552 2551/2551 2546/2546
f 2539/2539 2546/2546 2529/2529
f 2539/2539 2529/2529 2526/2526
f 2526/2526 2525/2525 2537/2537
f 2551/2551 2550/2550 2546/2546
f 2546/2546 2550/2550 2529/2529
f 2525/2525 2517/2517 2536/2536
f 5330/5330 5329/5329 5324/5324
f 5324/5324 5325/5325 5321/5321
f 2434/2434 2458/2458 2455/2455
f 2458/2458 2434/2434 2424/2424
f 2434/2434 2433/2433 2424/2424
f 2467/2467 2436/2436 2433/2433
f 7213/7213 7229/7229 7232/7232
f 2469/2469 2494/2494 2483/2483
f 4776/4776 4777/4777 4774/4774
f 4774/4774 4777/4777 4786/4786
f 2514/2514 2721/2721 2518/2518
f 4791/4791 4779/4779 4780/4780
f 4780/4780 4779/4779 4776/4776
f 2719/2719 2720/2720 2721/2721
f 2730/2730 2753/2753 2718/2718
f 2718/2718 2753/2753 2729/2729
f 2717/2717 2741/2741 2730/2730
f 2738/2738 2741/2741 2717/2717
f 6353/6353 6363/6363 6338/6338
f 2707/2707 2748/2748 2738/2738
f 2738/2738 2748/2748 2741/2741
f 2697/2697 2735/2735 2707/2707
f 2707/2707 2735/2735 2748/2748
f 2880/2880 2879/2879 2698/2698
f 6336/6336 6335/6335 6334/6334
f 4471/4471 4470/4470 4465/4465
f 4471/4471 4476/4476 4470/4470
f 4974/4974 4892/4892 4896/4896
f 4896/4896 4892/4892 4885/4885
f 4885/4885 4892/4892 4883/4883
f 5264/5264 5266/5266 5261/5261
f 5408/5408 5411/5411 5409/5409
f 7687/7687 7630/7630 7686/7686
f 7630/7630 7581/7581 7585/7585
f 4930/4930 4933/4933 4931/4931
f 5374/5374 5371/5371 5370/5370
f 4998/4998 5001/5001 5002/5002
f 4411/4411 4514/4514 4525/4525
f 5313/5313 5301/5301 5312/5312
f 5301/5301 5316/5316 5302/5302
f 5299/5299 5301/5301 5302/5302
f 5302/5302 5316/5316 5332/5332
f 5332/5332 5331/5331 5330/5330
f 2557/2557 2546/2546 2558/2558
f 2558/2558 2546/2546 2539/2539
f 2552/2552 2546/2546 2557/2557
f 5330/5330 5331/5331 5329/5329
f 6070/6070 6073/6073 6054/6054
f 5325/5325 5324/5324 5329/5329
f 7236/7236 7241/7241 7247/7247
f 2456/2456 2455/2455 2451/2451
f 2455/2455 2458/2458 2449/2449
f 5321/5321 5325/5325 5336/5336
f 5321/5321 5336/5336 5322/5322
f 4295/4295 4292/4292 4303/4303
f 4303/4303 4301/4301 4295/4295
f 2433/2433 2436/2436 2422/2422
f 2424/2424 2433/2433 2422/2422
f 7229/7229 7228/7228 7230/7230
f 7229/7229 7230/7230 7232/7232
f 2469/2469 2444/2444 2436/2436
f 2469/2469 2483/2483 2444/2444
f 5952/5952 5954/5954 5932/5932
f 2494/2494 2500/2500 2483/2483
f 2494/2494 2514/2514 2500/2500
f 2514/2514 2518/2518 2500/2500
f 7623/7623 7702/7702 7624/7624
f 4779/4779 4778/4778 4776/4776
f 2721/2721 2722/2722 2518/2518
f 2721/2721 2720/2720 2722/2722
f 2720/2720 2718/2718 2729/2729
f 2729/2729 2723/2723 2720/2720
f 2753/2753 2730/2730 2758/2758
f 2795/2795 2794/2794 2753/2753
f 2758/2758 2795/2795 2753/2753
f 2741/2741 2783/2783 2758/2758
f 2741/2741 2758/2758 2730/2730
f 2748/2748 2783/2783 2741/2741
f 2748/2748 2779/2779 2783/2783
f 2748/2748 2735/2735 2779/2779
f 6363/6363 6364/6364 6338/6338
f 2697/2697 2677/2677 2735/2735
f 2698/2698 2676/2676 2697/2697
f 2697/2697 2676/2676 2677/2677
f 6338/6338 6364/6364 6340/6340
f 6338/6338 6340/6340 6335/6335
f 2879/2879 2676/2676 2698/2698
f 2879/2879 2858/2858 2676/2676
f 4520/4520 4558/4558 4522/4522
f 4496/4496 4495/4495 4487/4487
f 4487/4487 4495/4495 4483/4483
f 4983/4983 4982/4982 4973/4973
f 4982/4982 4975/4975 4973/4973
f 5710/5710 5707/5707 5711/5711
f 4973/4973 4975/4975 4974/4974
f 4465/4465 4462/4462 4466/4466
f 5261/5261 5258/5258 5263/5263
f 5668/5668 5669/5669 5670/5670
f 4933/4933 5006/5006 4931/4931
f 4931/4931 5006/5006 5029/5029
f 7585/7585 7581/7581 7582/7582
f 7582/7582 7581/7581 7562/7562
f 5743/5743 5744/5744 5747/5747
f 4411/4411 4547/4547 4514/4514
f 4527/4527 4555/4555 4578/4578
f 5313/5313 5314/5314 5301/5301
f 5301/5301 5314/5314 5316/5316
f 2564/2564 2557/2557 2563/2563
f 2557/2557 2558/2558 2563/2563
f 2569/2569 2558/2558 2539/2539
f 2539/2539 2537/2537 2569/2569
f 5331/5331 5333/5333 5329/5329
f 2538/2538 2532/2532 2535/2535
f 5546/5546 5545/5545 5547/5547
f 6054/6054 6073/6073 6079/6079
f 5329/5329 5333/5333 5325/5325
f 5333/5333 5337/5337 5325/5325
f 5337/5337 5354/5354 5325/5325
f 7483/7483 7481/7481 7482/7482
f 5325/5325 5354/5354 5355/5355
f 5325/5325 5355/5355 5336/5336
f 2458/2458 2424/2424 2421/2421
f 2458/2458 2421/2421 2449/2449
f 7655/7655 7618/7618 7641/7641
f 4302/4302 4282/4282 4286/4286
f 7641/7641 7618/7618 7621/7621
f 2422/2422 2436/2436 2426/2426
f 2436/2436 2444/2444 2426/2426
f 5954/5954 5958/5958 5930/5930
f 7622/7622 7620/7620 7623/7623
f 2722/2722 2720/2720 2723/2723
f 2723/2723 2724/2724 2722/2722
f 2729/2729 2753/2753 2740/2740
f 2729/2729 2740/2740 2723/2723
f 2753/2753 2794/2794 2740/2740
f 2794/2794 2799/2799 2740/2740
f 2783/2783 2809/2809 2795/2795
f 2783/2783 2795/2795 2758/2758
f 3035/3035 3012/3012 3041/3041
f 2779/2779 2808/2808 2783/2783
f 2783/2783 2808/2808 2809/2809
f 2735/2735 2672/2672 2779/2779
f 2735/2735 2677/2677 2672/2672
f 2676/2676 2671/2671 2677/2677
f 2676/2676 2674/2674 2671/2671
f 6335/6335 6333/6333 6334/6334
f 6334/6334 6333/6333 6332/6332
f 2858/2858 2686/2686 2674/2674
f 5558/5558 5562/5562 5563/5563
f 4483/4483 4481/4481 4480/4480
f 4470/4470 4460/4460 4465/4465
f 4465/4465 4460/4460 4462/4462
f 5729/5729 5701/5701 5730/5730
f 5701/5701 5702/5702 5710/5710
f 4344/4344 4347/4347 4343/4343
f 4884/4884 4883/4883 4882/4882
f 6513/6513 6512/6512 6511/6511
f 7630/7630 7636/7636 7581/7581
f 4383/4383 4385/4385 4398/4398
f 4398/4398 4549/4549 4411/4411
f 5001/5001 5003/5003 5002/5002
f 4411/4411 4548/4548 4547/4547
f 5747/5747 5746/5746 5743/5743
f 4547/4547 4538/4538 4514/4514
f 4514/4514 4515/4515 4513/4513
f 5314/5314 5315/5315 5316/5316
f 5316/5316 5315/5315 5332/5332
f 2564/2564 2563/2563 2565/2565
f 2563/2563 2558/2558 2568/2568
f 5315/5315 5333/5333 5332/5332
f 5332/5332 5333/5333 5331/5331
f 2574/2574 2536/2536 2538/2538
f 5546/5546 5544/5544 5545/5545
f 7254/7254 7257/7257 7268/7268
f 6079/6079 6080/6080 5978/5978
f 2532/2532 2456/2456 2454/2454
f 5333/5333 5342/5342 5337/5337
f 5337/5337 5362/5362 5354/5354
f 2451/2451 2449/2449 2450/2450
f 7481/7481 7478/7478 7482/7482
f 2421/2421 2422/2422 2420/2420
f 7621/7621 7618/7618 7620/7620
f 2444/2444 2428/2428 2426/2426
f 7621/7621 7620/7620 7622/7622
f 2444/2444 2483/2483 2428/2428
f 2483/2483 2476/2476 2428/2428
f 2483/2483 2495/2495 2476/2476
f 2483/2483 2500/2500 2495/2495
f 5547/5547 5545/5545 5561/5561
f 2500/2500 2513/2513 2495/2495
f 2500/2500 2518/2518 2513/2513
f 2518/2518 2722/2722 2724/2724
f 2518/2518 2724/2724 2513/2513
f 2723/2723 2725/2725 2724/2724
f 2723/2723 2739/2739 2725/2725
f 2799/2799 2786/2786 2739/2739
f 2740/2740 2799/2799 2739/2739
f 2740/2740 2739/2739 2723/2723
f 2795/2795 2890/2890 2835/2835
f 2795/2795 2835/2835 2794/2794
f 2808/2808 2800/2800 2809/2809
f 2779/2779 2736/2736 2808/2808
f 2677/2677 2658/2658 2672/2672
f 2658/2658 2656/2656 2672/2672
f 2677/2677 2671/2671 2658/2658
f 5561/5561 5562/5562 5558/5558
f 2671/2671 2670/2670 2658/2658
f 6335/6335 6340/6340 6333/6333
f 2671/2671 2674/2674 2670/2670
f 2658/2658 2670/2670 2657/2657
f 2674/2674 2682/2682 2670/2670
f 6942/6942 6943/6943 6947/6947
f 4558/4558 4563/4563 4522/4522
f 4496/4496 4522/4522 4495/4495
f 5701/5701 5700/5700 5702/5702
f 4892/4892 4893/4893 4883/4883
f 7687/7687 7642/7642 7630/7630
f 7630/7630 7642/7642 7636/7636
f 7636/7636 7610/7610 7581/7581
f 7581/7581 7560/7560 7562/7562
f 4385/4385 4399/4399 4398/4398
f 4398/4398 4399/4399 4549/4549
f 5001/5001 5004/5004 5003/5003
f 4549/4549 4548/4548 4411/4411
f 4514/4514 4518/4518 4515/4515
f 4515/4515 4555/4555 4527/4527
f 5313/5313 5317/5317 5315/5315
f 5314/5314 5313/5313 5315/5315
f 2567/2567 2565/2565 2566/2566
f 5317/5317 5335/5335 5315/5315
f 2566/2566 2565/2565 2563/2563
f 2566/2566 2563/2563 2568/2568
f 2568/2568 2569/2569 2606/2606
f 2606/2606 2569/2569 2570/2570
f 2606/2606 2570/2570 2604/2604
f 5315/5315 5335/5335 5333/5333
f 2570/2570 2574/2574 2604/2604
f 7245/7245 7265/7265 7257/7257
f 6117/6117 6115/6115 6088/6088
f 6115/6115 6078/6078 6088/6088
f 5335/5335 5342/5342 5333/5333
f 2535/2535 2532/2532 2531/2531
f 2451/2451 2450/2450 2452/2452
f 7476/7476 7478/7478 7479/7479
f 7617/7617 7618/7618 7656/7656
f 2450/2450 2449/2449 2445/2445
f 7656/7656 7618/7618 7655/7655
f 5973/5973 6008/6008 5958/5958
f 4779/4779 4789/4789 4778/4778
f 2725/2725 2726/2726 2724/2724
f 2739/2739 2786/2786 2725/2725
f 2794/2794 2835/2835 2799/2799
f 2795/2795 2877/2877 2890/2890
f 2809/2809 2800/2800 2877/2877
f 2809/2809 2877/2877 2795/2795
f 2736/2736 2690/2690 2808/2808
f 2690/2690 2800/2800 2808/2808
f 2673/2673 2675/2675 2736/2736
f 2672/2672 2673/2673 2736/2736
f 2672/2672 2656/2656 2673/2673
f 2658/2658 2657/2657 2656/2656
f 6364/6364 6368/6368 6340/6340
f 2657/2657 2670/2670 2669/2669
f 6333/6333 6340/6340 6341/6341
f 2682/2682 2669/2669 2670/2670
f 6333/6333 6341/6341 6330/6330
f 2686/2686 2682/2682 2674/2674
f 6333/6333 6330/6330 6332/6332
f 2686/2686 2751/2751 2682/2682
f 6332/6332 6330/6330 6331/6331
f 2686/2686 2889/2889 2751/2751
f 4563/4563 4564/4564 4522/4522
f 4495/4495 4493/4493 4483/4483
f 4483/4483 4493/4493 4481/4481
f 4982/4982 4989/4989 4975/4975
f 4480/4480 4481/4481 4476/4476
f 4893/4893 4881/4881 4883/4883
f 4883/4883 4881/4881 4882/4882
f 5563/5563 5568/5568 5566/5566
f 5266/5266 5256/5256 5261/5261
f 5261/5261 5256/5256 5258/5258
f 7611/7611 7610/7610 7636/7636
f 7124/7124 7125/7125 7126/7126
f 7125/7125 7127/7127 7126/7126
f 4930/4930 4934/4934 4933/4933
f 7610/7610 7490/7490 7581/7581
f 5029/5029 5006/5006 5001/5001
f 4548/4548 4550/4550 4547/4547
f 4550/4550 4556/4556 4538/4538
f 4547/4547 4550/4550 4538/4538
f 4538/4538 4518/4518 4514/4514
f 5743/5743 5741/5741 5742/5742
f 5743/5743 5746/5746 5741/5741
f 6807/6807 6808/6808 6752/6752
f 4555/4555 4584/4584 4578/4578
f 5318/5318 5317/5317 5313/5313
f 2594/2594 2566/2566 2593/2593
f 2566/2566 2568/2568 2593/2593
f 2593/2593 2568/2568 2605/2605
f 2605/2605 2568/2568 2606/2606
f 6115/6115 6081/6081 6078/6078
f 5335/5335 5353/5353 5342/5342
f 7293/7293 7274/7274 7252/7252
f 2454/2454 2530/2530 2531/2531
f 7476/7476 7474/7474 7478/7478
f 7476/7476 7479/7479 7470/7470
f 2452/2452 2450/2450 2445/2445
f 5979/5979 5981/5981 5980/5980
f 2421/2421 2409/2409 2445/2445
f 2449/2449 2421/2421 2445/2445
f 2421/2421 2420/2420 2409/2409
f 7618/7618 7619/7619 7620/7620
f 2408/2408 2428/2428 2427/2427
f 2476/2476 2440/2440 2427/2427
f 2428/2428 2476/2476 2427/2427
f 7678/7678 7677/7677 7620/7620
f 2476/2476 2495/2495 2440/2440
f 7620/7620 7677/7677 7623/7623
f 7296/7296 7216/7216 7294/7294
f 7294/7294 7216/7216 7292/7292
f 2513/2513 2752/2752 2506/2506
f 2513/2513 2724/2724 2752/2752
f 2724/2724 2726/2726 2752/2752
f 2725/2725 2732/2732 2726/2726
f 2993/2993 2965/2965 2983/2983
f 2890/2890 2893/2893 2835/2835
f 2835/2835 2893/2893 2799/2799
f 2893/2893 2882/2882 2799/2799
f 2799/2799 2882/2882 2786/2786
f 2736/2736 2675/2675 2690/2690
f 2673/2673 2656/2656 2675/2675
f 2656/2656 2657/2657 2655/2655
f 2655/2655 2657/2657 2660/2660
f 6368/6368 6367/6367 6340/6340
f 2669/2669 2660/2660 2657/2657
f 6340/6340 6367/6367 6341/6341
f 2682/2682 2689/2689 2669/2669
f 2669/2669 2689/2689 2683/2683
f 2751/2751 2754/2754 2682/2682
f 2682/2682 2754/2754 2689/2689
f 4989/4989 4999/4999 4975/4975
f 4460/4460 4461/4461 4462/4462
f 4892/4892 4974/4974 4893/4893
f 5256/5256 5257/5257 5258/5258
f 5411/5411 5414/5414 5415/5415
f 7642/7642 7611/7611 7636/7636
f 4934/4934 4935/4935 4933/4933
f 5006/5006 5005/5005 5001/5001
f 5001/5001 5005/5005 5004/5004
f 4399/4399 4552/4552 4549/4549
f 4549/4549 4551/4551 4548/4548
f 7562/7562 7560/7560 7561/7561
f 4548/4548 4551/4551 4550/4550
f 5746/5746 5745/5745 5741/5741
f 5741/5741 5731/5731 5740/5740
f 5741/5741 5745/5745 5731/5731
f 2595/2595 2594/2594 2593/2593
f 5340/5340 5339/5339 5317/5317
f 5317/5317 5339/5339 5335/5335
f 5335/5335 5339/5339 5348/5348
f 470/470 406/406 355/355
f 355/355 187/187 474/474
f 5335/5335 5348/5348 5353/5353
f 2602/2602 2535/2535 2531/2531
f 6080/6080 6116/6116 6075/6075
f 2454/2454 2453/2453 2530/2530
f 6047/6047 6076/6076 6061/6061
f 2454/2454 2452/2452 2453/2453
f 7469/7469 7474/7474 7470/7470
f 7618/7618 7617/7617 7494/7494
f 2445/2445 2409/2409 2446/2446
f 7618/7618 7494/7494 7619/7619
f 2408/2408 2427/2427 2417/2417
f 7619/7619 7672/7672 7620/7620
f 7672/7672 7678/7678 7620/7620
f 2427/2427 2440/2440 2417/2417
f 2726/2726 2734/2734 2752/2752
f 2725/2725 2786/2786 2776/2776
f 2882/2882 2776/2776 2786/2786
f 2877/2877 2885/2885 2890/2890
f 2994/2994 2998/2998 2995/2995
f 2800/2800 2690/2690 2757/2757
f 2800/2800 2757/2757 2877/2877
f 2690/2690 2634/2634 2757/2757
f 2675/2675 2635/2635 2690/2690
f 2675/2675 2656/2656 2635/2635
f 2656/2656 2655/2655 2635/2635
f 2655/2655 2651/2651 2635/2635
f 2655/2655 2661/2661 2651/2651
f 2655/2655 2660/2660 2661/2661
f 2660/2660 2669/2669 2668/2668
f 2669/2669 2683/2683 2668/2668
f 2754/2754 2782/2782 2689/2689
f 2782/2782 2768/2768 2689/2689
f 6330/6330 6329/6329 6331/6331
f 2889/2889 2805/2805 2751/2751
f 2751/2751 2805/2805 2754/2754
f 6331/6331 6329/6329 6216/6216
f 4481/4481 4479/4479 4476/4476
f 4476/4476 4479/4479 4470/4470
f 5707/5707 5700/5700 5708/5708
f 4460/4460 4470/4470 4461/4461
f 4881/4881 4880/4880 4882/4882
f 5597/5597 5587/5587 5596/5596
f 5596/5596 5587/5587 5585/5585
f 4933/4933 4935/4935 5006/5006
f 7490/7490 7560/7560 7581/7581
f 5367/5367 5368/5368 5366/5366
f 4552/4552 4551/4551 4549/4549
f 4551/4551 4588/4588 4550/4550
f 7560/7560 7551/7551 7561/7561
f 4556/4556 4545/4545 4538/4538
f 4518/4518 4536/4536 4515/4515
f 4515/4515 4536/4536 4555/4555
f 4555/4555 4536/4536 4583/4583
f 5731/5731 5736/5736 5737/5737
f 4555/4555 4583/4583 4584/4584
f 5731/5731 5733/5733 5736/5736
f 5318/5318 5319/5319 5317/5317
f 5731/5731 5732/5732 5733/5733
f 5731/5731 5745/5745 5732/5732
f 791/791 777/777 611/611
f 594/594 607/607 577/577
f 7266/7266 7282/7282 7265/7265
f 472/472 183/183 406/406
f 406/406 183/183 355/355
f 183/183 178/178 355/355
f 355/355 178/178 187/187
f 5339/5339 5349/5349 5348/5348
f 6122/6122 6116/6116 6121/6121
f 6116/6116 6089/6089 6075/6075
f 6075/6075 6089/6089 6076/6076
f 7472/7472 7469/7469 7471/7471
f 7472/7472 7475/7475 7469/7469
f 6076/6076 6089/6089 6061/6061
f 7475/7475 7474/7474 7469/7469
f 6047/6047 6061/6061 6020/6020
f 2453/2453 2445/2445 2447/2447
f 2409/2409 2438/2438 2446/2446
f 2409/2409 2407/2407 2438/2438
f 6008/6008 5986/5986 5966/5966
f 2409/2409 2408/2408 2407/2407
f 5966/5966 5986/5986 5975/5975
f 2440/2440 2495/2495 2485/2485
f 2495/2495 2506/2506 2485/2485
f 2506/2506 2760/2760 2505/2505
f 2506/2506 2752/2752 2760/2760
f 2752/2752 2734/2734 2760/2760
f 2726/2726 2732/2732 2734/2734
f 2725/2725 2776/2776 2732/2732
f 2890/2890 2885/2885 2893/2893
f 2885/2885 2899/2899 2893/2893
f 2893/2893 2899/2899 2882/2882
f 2757/2757 2696/2696 2877/2877
f 2877/2877 2696/2696 2885/2885
f 2634/2634 2632/2632 2757/2757
f 2690/2690 2635/2635 2634/2634
f 2634/2634 2635/2635 2633/2633
f 2635/2635 2651/2651 2633/2633
f 2661/2661 2660/2660 2663/2663
f 2660/2660 2668/2668 2664/2664
f 2660/2660 2664/2664 2663/2663
f 2668/2668 2683/2683 2687/2687
f 2689/2689 2700/2700 2683/2683
f 2683/2683 2700/2700 2687/2687
f 2689/2689 2768/2768 2700/2700
f 2805/2805 2811/2811 2754/2754
f 4564/4564 4530/4530 4522/4522
f 4522/4522 4530/4530 4521/4521
f 4522/4522 4521/4521 4495/4495
f 4975/4975 4976/4976 4974/4974
f 4461/4461 4463/4463 4462/4462
f 5729/5729 5699/5699 5701/5701
f 5699/5699 5700/5700 5701/5701
f 6512/6512 6515/6515 6671/6671
f 7124/7124 7131/7131 7133/7133
f 7610/7610 7611/7611 7490/7490
f 4385/4385 4400/4400 4399/4399
f 3982/3982 4030/4030 3979/3979
f 4552/4552 4553/4553 4551/4551
f 4551/4551 4589/4589 4588/4588
f 7560/7560 7559/7559 7551/7551
f 4545/4545 4537/4537 4538/4538
f 4538/4538 4537/4537 4518/4518
f 4518/4518 4537/4537 4536/4536
f 5317/5317 5341/5341 5340/5340
f 7551/7551 7499/7499 7689/7689
f 6833/6833 6834/6834 6835/6835
f 812/812 822/822 602/602
f 5732/5732 5734/5734 5733/5733
f 7689/7689 7499/7499 7685/7685
f 5733/5733 5735/5735 5736/5736
f 5340/5340 5350/5350 5339/5339
f 5733/5733 5734/5734 5735/5735
f 5339/5339 5350/5350 5349/5349
f 400/400 290/290 183/183
f 178/178 179/179 187/187
f 187/187 179/179 186/186
f 186/186 166/166 404/404
f 166/166 324/324 404/404
f 7475/7475 7472/7472 7477/7477
f 7685/7685 7499/7499 7495/7495
f 7685/7685 7495/7495 7616/7616
f 5738/5738 5739/5739 5735/5735
f 5734/5734 5738/5738 5735/5735
f 7472/7472 7471/7471 7473/7473
f 7471/7471 7485/7485 7473/7473
f 2453/2453 2447/2447 2462/2462
f 2530/2530 2453/2453 2462/2462
f 7495/7495 7494/7494 7616/7616
f 7616/7616 7494/7494 7617/7617
f 7200/7200 7183/7183 7180/7180
f 2447/2447 2446/2446 2448/2448
f 2446/2446 2438/2438 2448/2448
f 7619/7619 7628/7628 7672/7672
f 7672/7672 7628/7628 7727/7727
f 2417/2417 2440/2440 2414/2414
f 5975/5975 6026/6026 5940/5940
f 2440/2440 2485/2485 2432/2432
f 2506/2506 2505/2505 2485/2485
f 2899/2899 2897/2897 2882/2882
f 2776/2776 2882/2882 2875/2875
f 2882/2882 2897/2897 2875/2875
f 2757/2757 2632/2632 2696/2696
f 2634/2634 2633/2633 2632/2632
f 2632/2632 2633/2633 2631/2631
f 2651/2651 2631/2631 2633/2633
f 2651/2651 2662/2662 2631/2631
f 2661/2661 2663/2663 2662/2662
f 6341/6341 6367/6367 6350/6350
f 6341/6341 6350/6350 6330/6330
f 2668/2668 2687/2687 2664/2664
f 6330/6330 6350/6350 6328/6328
f 6330/6330 6328/6328 6329/6329
f 2782/2782 2802/2802 2768/2768
f 6329/6329 6328/6328 6216/6216
f 2805/2805 2878/2878 2811/2811
f 4495/4495 4521/4521 4493/4493
f 4999/4999 4991/4991 4975/4975
f 4470/4470 4479/4479 4469/4469
f 4470/4470 4469/4469 4461/4461
f 4974/4974 4976/4976 4893/4893
f 4893/4893 4976/4976 4895/4895
f 4893/4893 4895/4895 4881/4881
f 4881/4881 4895/4895 4878/4878
f 4878/4878 4880/4880 4881/4881
f 4878/4878 4879/4879 4880/4880
f 5256/5256 5260/5260 5259/5259
f 5256/5256 5259/5259 5257/5257
f 7642/7642 7709/7709 7611/7611
f 4399/4399 4400/4400 4552/4552
f 5005/5005 5011/5011 5027/5027
f 5005/5005 5027/5027 5004/5004
f 4553/4553 4591/4591 4551/4551
f 4551/4551 4591/4591 4589/4589
f 7559/7559 7550/7550 7551/7551
f 4537/4537 4539/4539 4536/4536
f 7551/7551 7550/7550 7499/7499
f 6836/6836 6995/6995 6819/6819
f 6855/6855 6996/6996 6836/6836
f 4539/4539 4585/4585 4583/4583
f 4536/4536 4539/4539 4583/4583
f 5319/5319 5358/5358 5341/5341
f 5340/5340 5352/5352 5350/5350
f 290/290 271/271 183/183
f 271/271 175/175 183/183
f 175/175 176/176 183/183
f 183/183 176/176 178/178
f 176/176 177/177 178/178
f 178/178 177/177 179/179
f 179/179 181/181 186/186
f 181/181 166/166 186/186
f 7196/7196 7199/7199 7186/7186
f 7199/7199 7180/7180 7186/7186
f 2601/2601 2530/2530 2599/2599
f 2462/2462 2447/2447 2463/2463
f 2463/2463 2447/2447 2464/2464
f 2447/2447 2448/2448 2464/2464
f 2448/2448 2484/2484 2470/2470
f 2448/2448 2438/2438 2484/2484
f 7494/7494 7627/7627 7619/7619
f 7627/7627 7628/7628 7619/7619
f 7628/7628 7731/7731 7727/7727
f 2425/2425 2407/2407 2406/2406
f 5975/5975 6025/6025 6026/6026
f 6026/6026 5970/5970 5940/5940
f 2776/2776 2764/2764 2732/2732
f 2696/2696 2774/2774 2885/2885
f 2774/2774 2894/2894 2885/2885
f 2885/2885 2894/2894 2899/2899
f 2632/2632 2630/2630 2696/2696
f 2632/2632 2631/2631 2630/2630
f 2630/2630 2631/2631 2629/2629
f 2631/2631 2662/2662 2629/2629
f 2662/2662 2665/2665 2629/2629
f 2662/2662 2663/2663 2665/2665
f 3108/3108 3088/3088 3096/3096
f 2663/2663 2664/2664 2654/2654
f 2664/2664 2684/2684 2654/2654
f 2687/2687 2727/2727 2684/2684
f 2687/2687 2684/2684 2664/2664
f 2700/2700 2785/2785 2727/2727
f 2700/2700 2727/2727 2687/2687
f 2811/2811 2810/2810 2754/2754
f 2754/2754 2810/2810 2782/2782
f 2782/2782 2810/2810 2802/2802
f 2768/2768 2802/2802 2785/2785
f 2768/2768 2785/2785 2700/2700
f 6216/6216 6328/6328 6207/6207
f 4493/4493 4484/4484 4481/4481
f 4481/4481 4484/4484 4479/4479
f 5699/5699 5698/5698 5700/5700
f 5563/5563 5569/5569 5568/5568
f 5568/5568 5569/5569 5623/5623
f 7709/7709 7493/7493 7611/7611
f 4255/4255 4256/4256 4257/4257
f 7490/7490 7488/7488 7560/7560
f 4387/4387 4401/4401 4400/4400
f 4553/4553 4592/4592 4591/4591
f 7488/7488 7559/7559 7560/7560
f 4545/4545 4546/4546 4537/4537
f 6819/6819 6995/6995 6837/6837
f 4537/4537 4573/4573 4539/4539
f 4573/4573 4581/4581 4539/4539
f 6855/6855 6997/6997 6996/6996
f 4581/4581 4585/4585 4539/4539
f 7826/7826 7839/7839 7873/7873
f 7192/7192 7193/7193 7194/7194
f 7891/7891 7892/7892 7893/7893
f 7192/7192 7195/7195 7181/7181
f 7192/7192 7181/7181 7193/7193
f 5360/5360 5357/5357 5341/5341
f 5358/5358 5360/5360 5341/5341
f 7195/7195 7190/7190 7181/7181
f 5341/5341 5357/5357 5347/5347
f 5341/5341 5347/5347 5340/5340
f 859/859 812/812 811/811
f 7550/7550 7500/7500 7499/7499
f 7190/7190 7179/7179 7181/7181
f 5340/5340 5347/5347 5352/5352
f 7500/7500 7497/7497 7499/7499
f 175/175 174/174 176/176
f 7190/7190 7186/7186 7179/7179
f 7186/7186 7182/7182 7179/7179
f 181/181 165/165 166/166
f 166/166 165/165 157/157
f 324/324 262/262 433/433
f 6106/6106 6093/6093 6061/6061
f 6060/6060 6077/6077 5984/5984
f 2448/2448 2470/2470 2464/2464
f 2425/2425 2431/2431 2438/2438
f 6026/6026 6053/6053 6074/6074
f 2398/2398 2432/2432 2415/2415
f 2432/2432 2485/2485 2435/2435
f 2760/2760 2883/2883 2505/2505
f 2732/2732 2764/2764 2734/2734
f 2875/2875 2840/2840 2776/2776
f 2776/2776 2840/2840 2764/2764
f 2897/2897 2896/2896 2875/2875
f 2896/2896 2840/2840 2875/2875
f 2774/2774 2755/2755 2894/2894
f 2894/2894 2898/2898 2899/2899
f 2899/2899 2898/2898 2897/2897
f 2774/2774 2696/2696 2627/2627
f 2630/2630 2628/2628 2696/2696
f 2696/2696 2628/2628 2627/2627
f 2630/2630 2629/2629 2628/2628
f 2663/2663 2652/2652 2665/2665
f 2663/2663 2654/2654 2652/2652
f 2654/2654 2684/2684 2685/2685
f 2684/2684 2728/2728 2685/2685
f 2684/2684 2727/2727 2728/2728
f 2785/2785 2791/2791 2727/2727
f 2810/2810 2831/2831 2802/2802
f 2831/2831 2785/2785 2802/2802
f 2900/2900 2812/2812 2878/2878
f 2878/2878 2812/2812 2811/2811
f 4975/4975 4991/4991 4976/4976
f 6514/6514 6516/6516 6515/6515
f 7611/7611 7493/7493 7490/7490
f 5028/5028 5006/5006 4935/4935
f 4387/4387 4397/4397 4401/4401
f 5005/5005 5009/5009 5011/5011
f 4401/4401 4412/4412 4400/4400
f 4400/4400 4412/4412 4552/4552
f 4552/4552 4412/4412 4553/4553
f 4553/4553 4412/4412 4554/4554
f 4553/4553 4554/4554 4592/4592
f 4546/4546 4574/4574 4537/4537
f 4537/4537 4574/4574 4573/4573
f 6855/6855 6988/6988 6997/6997
f 8218/8218 8219/8219 8220/8220
f 7897/7897 7895/7895 7894/7894
f 7894/7894 7895/7895 7896/7896
f 5357/5357 5361/5361 5347/5347
f 485/485 389/389 418/418
f 418/418 389/389 290/290
f 290/290 389/389 271/271
f 177/177 172/172 179/179
f 179/179 180/180 181/181
f 181/181 180/180 167/167
f 591/591 606/606 572/572
f 550/550 591/591 572/572
f 181/181 167/167 165/165
f 7499/7499 7497/7497 7495/7495
f 157/157 262/262 324/324
f 264/264 343/343 262/262
f 2599/2599 2598/2598 2600/2600
f 6106/6106 6123/6123 6093/6093
f 7494/7494 7495/7495 7496/7496
f 6093/6093 6077/6077 6060/6060
f 5984/5984 6077/6077 6024/6024
f 2470/2470 2471/2471 2464/2464
f 2470/2470 2498/2498 2471/2471
f 2470/2470 2484/2484 2498/2498
f 2484/2484 2460/2460 2498/2498
f 7628/7628 7627/7627 7730/7730
f 2484/2484 2438/2438 2460/2460
f 2438/2438 2431/2431 2460/2460
f 6025/6025 6007/6007 6053/6053
f 2406/2406 2405/2405 2397/2397
f 2505/2505 2496/2496 2485/2485
f 2505/2505 2883/2883 2496/2496
f 2883/2883 2760/2760 2773/2773
f 2760/2760 2761/2761 2762/2762
f 2760/2760 2762/2762 2773/2773
f 2734/2734 2761/2761 2760/2760
f 2734/2734 2764/2764 2761/2761
f 2755/2755 2771/2771 2894/2894
f 2894/2894 2771/2771 2898/2898
f 2898/2898 2896/2896 2897/2897
f 2987/2987 2989/2989 3010/3010
f 2774/2774 2627/2627 2755/2755
f 2627/2627 2628/2628 2626/2626
f 2626/2626 2620/2620 2627/2627
f 2628/2628 2629/2629 2626/2626
f 2629/2629 2665/2665 2626/2626
f 2665/2665 2667/2667 2626/2626
f 2665/2665 2652/2652 2667/2667
f 2652/2652 2653/2653 2650/2650
f 2654/2654 2685/2685 2653/2653
f 6350/6350 6413/6413 6326/6326
f 6350/6350 6326/6326 6328/6328
f 2727/2727 2791/2791 2728/2728
f 2811/2811 2812/2812 2810/2810
f 2812/2812 2813/2813 2810/2810
f 2810/2810 2813/2813 2831/2831
f 5698/5698 5706/5706 5709/5709
f 4461/4461 4464/4464 4463/4463
f 5699/5699 5694/5694 5698/5698
f 6516/6516 6541/6541 6515/6515
f 6542/6542 6516/6516 6514/6514
f 7493/7493 7489/7489 7490/7490
f 5006/5006 5007/5007 5005/5005
f 7490/7490 7489/7489 7488/7488
f 4401/4401 4410/4410 4412/4412
f 5011/5011 5009/5009 5075/5075
f 4592/4592 4554/4554 4590/4590
f 6732/6732 6733/6733 6698/6698
f 6995/6995 7012/7012 6838/6838
f 6995/6995 6838/6838 6837/6837
f 7014/7014 7012/7012 6995/6995
f 7559/7559 7605/7605 7550/7550
f 7550/7550 7605/7605 7502/7502
f 852/852 811/811 814/814
f 7550/7550 7502/7502 7500/7500
f 7181/7181 7173/7173 7175/7175
f 7267/7267 7284/7284 7285/7285
f 7267/7267 7285/7285 7283/7283
f 7500/7500 7502/7502 7497/7497
f 271/271 389/389 270/270
f 271/271 270/270 175/175
f 175/175 173/173 174/174
f 174/174 172/172 177/177
f 172/172 180/180 179/179
f 167/167 158/158 165/165
f 165/165 158/158 157/157
f 158/158 156/156 157/157
f 157/157 154/154 262/262
f 262/262 154/154 264/264
f 7495/7495 7497/7497 7496/7496
f 6123/6123 6082/6082 6077/6077
f 6077/6077 6082/6082 6024/6024
f 6024/6024 6010/6010 5990/5990
f 7018/7018 7019/7019 7020/7020
f 7018/7018 7020/7020 7021/7021
f 2498/2498 2460/2460 2499/2499
f 2431/2431 2418/2418 2460/2460
f 6007/6007 6011/6011 6053/6053
f 2415/2415 2435/2435 2416/2416
f 5959/5959 5906/5906 5960/5960
f 2485/2485 2466/2466 2435/2435
f 2485/2485 2496/2496 2466/2466
f 2496/2496 2883/2883 2773/2773
f 2896/2896 2895/2895 2840/2840
f 2771/2771 2807/2807 2898/2898
f 2898/2898 2807/2807 2896/2896
f 2755/2755 2620/2620 2747/2747
f 2755/2755 2747/2747 2771/2771
f 2627/2627 2620/2620 2755/2755
f 2626/2626 2667/2667 2666/2666
f 5561/5561 5580/5580 5562/5562
f 3161/3161 3159/3159 3127/3127
f 2667/2667 2652/2652 2666/2666
f 2653/2653 2679/2679 2650/2650
f 2685/2685 2728/2728 2679/2679
f 2685/2685 2679/2679 2653/2653
f 2791/2791 2792/2792 2728/2728
f 2869/2869 2792/2792 2791/2791
f 2785/2785 2830/2830 2791/2791
f 2830/2830 2869/2869 2791/2791
f 6328/6328 6327/6327 6207/6207
f 2812/2812 2814/2814 2813/2813
f 2813/2813 2826/2826 2831/2831
f 6958/6958 6963/6963 6968/6968
f 2900/2900 2814/2814 2812/2812
f 4991/4991 4992/4992 4976/4976
f 4469/4469 4467/4467 4461/4461
f 4461/4461 4467/4467 4464/4464
f 6516/6516 6532/6532 6541/6541
f 5260/5260 5262/5262 5259/5259
f 5606/5606 5587/5587 5597/5597
f 4255/4255 4253/4253 4256/4256
f 5028/5028 5007/5007 5006/5006
f 7489/7489 7486/7486 7488/7488
f 4401/4401 4397/4397 4410/4410
f 7486/7486 7487/7487 7488/7488
f 7488/7488 7487/7487 7491/7491
f 7786/7786 7782/7782 7784/7784
f 7488/7488 7491/7491 7559/7559
f 7782/7782 7785/7785 7783/7783
f 6732/6732 6815/6815 6733/6733
f 7491/7491 7605/7605 7559/7559
f 541/541 540/540 539/539
f 534/534 572/572 537/537
f 588/588 817/817 609/609
f 2549/2549 2463/2463 2465/2465
f 2465/2465 2464/2464 2473/2473
f 2464/2464 2471/2471 2473/2473
f 7496/7496 7629/7629 7494/7494
f 7494/7494 7629/7629 7627/7627
f 2471/2471 2498/2498 2474/2474
f 7627/7627 7629/7629 7734/7734
f 2460/2460 2461/2461 2499/2499
f 2460/2460 2418/2418 2461/2461
f 6074/6074 6055/6055 5907/5907
f 2415/2415 2416/2416 2400/2400
f 2435/2435 2466/2466 2416/2416
f 2765/2765 2763/2763 2761/2761
f 2807/2807 2841/2841 2896/2896
f 2896/2896 2841/2841 2895/2895
f 2619/2619 2613/2613 2771/2771
f 2747/2747 2619/2619 2771/2771
f 2613/2613 2615/2615 2771/2771
f 2771/2771 2615/2615 2807/2807
f 2620/2620 2619/2619 2747/2747
f 2618/2618 2613/2613 2619/2619
f 2620/2620 2626/2626 2618/2618
f 2620/2620 2618/2618 2619/2619
f 2626/2626 2666/2666 2618/2618
f 2666/2666 2649/2649 2618/2618
f 2666/2666 2652/2652 2649/2649
f 2652/2652 2650/2650 2649/2649
f 2728/2728 2733/2733 2679/2679
f 2728/2728 2792/2792 2784/2784
f 2728/2728 2784/2784 2733/2733
f 6328/6328 6326/6326 6327/6327
f 2785/2785 2831/2831 2830/2830
f 2831/2831 2826/2826 2830/2830
f 2813/2813 2817/2817 2826/2826
f 6963/6963 6962/6962 6968/6968
f 4521/4521 4505/4505 4493/4493
f 4493/4493 4505/4505 4484/4484
f 4992/4992 4993/4993 4976/4976
f 4479/4479 4475/4475 4469/4469
f 4388/4388 4391/4391 4397/4397
f 4397/4397 4413/4413 4410/4410
f 7515/7515 7512/7512 7519/7519
f 5005/5005 5008/5008 5009/5009
f 7519/7519 7512/7512 7517/7517
f 7487/7487 7492/7492 7491/7491
f 7491/7491 7607/7607 7506/7506
f 7491/7491 7506/7506 7605/7605
f 7012/7012 6815/6815 6838/6838
f 7605/7605 7506/7506 7635/7635
f 7506/7506 7507/7507 7635/7635
f 7287/7287 7290/7290 7289/7289
f 7635/7635 7507/7507 7502/7502
f 331/331 405/405 414/414
f 414/414 405/405 320/320
f 395/395 320/320 394/394
f 395/395 394/394 389/389
f 389/389 394/394 270/270
f 175/175 270/270 173/173
f 174/174 173/173 172/172
f 172/172 182/182 180/180
f 182/182 188/188 180/180
f 180/180 188/188 167/167
f 167/167 188/188 158/158
f 158/158 168/168 156/156
f 588/588 609/609 547/547
f 168/168 155/155 156/156
f 156/156 155/155 154/154
f 154/154 150/150 264/264
f 7497/7497 7498/7498 7496/7496
f 264/264 150/150 343/343
f 2596/2596 2549/2549 2572/2572
f 6024/6024 6082/6082 6010/6010
f 2471/2471 2474/2474 2473/2473
f 2498/2498 2499/2499 2502/2502
f 2498/2498 2502/2502 2474/2474
f 2499/2499 2461/2461 2502/2502
f 2418/2418 2419/2419 2461/2461
f 2418/2418 2397/2397 2419/2419
f 6055/6055 6018/6018 5908/5908
f 6055/6055 5908/5908 5907/5907
f 5907/5907 5908/5908 5896/5896
f 2400/2400 2416/2416 2402/2402
f 5906/5906 5896/5896 5905/5905
f 2416/2416 2410/2410 2402/2402
f 5927/5927 5937/5937 5928/5928
f 2496/2496 2370/2370 2466/2466
f 2762/2762 2767/2767 2773/2773
f 3008/3008 2981/2981 3007/3007
f 2761/2761 2763/2763 2762/2762
f 2895/2895 2839/2839 2840/2840
f 2840/2840 2839/2839 2765/2765
f 2841/2841 2857/2857 2895/2895
f 2857/2857 2778/2778 2895/2895
f 2615/2615 2622/2622 2807/2807
f 2807/2807 2622/2622 2841/2841
f 2613/2613 2614/2614 2615/2615
f 2613/2613 2618/2618 2617/2617
f 2613/2613 2617/2617 2614/2614
f 2618/2618 2659/2659 2617/2617
f 2618/2618 2649/2649 2659/2659
f 2659/2659 2647/2647 2617/2617
f 2649/2649 2647/2647 2659/2659
f 2649/2649 2648/2648 2647/2647
f 2649/2649 2650/2650 2648/2648
f 2679/2679 2678/2678 2650/2650
f 2650/2650 2678/2678 2648/2648
f 2679/2679 2733/2733 2678/2678
f 2792/2792 2804/2804 2784/2784
f 6413/6413 6412/6412 6326/6326
f 2869/2869 2832/2832 2792/2792
f 2869/2869 2830/2830 2832/2832
f 2817/2817 2821/2821 2826/2826
f 2814/2814 2815/2815 2813/2813
f 4505/4505 4489/4489 4484/4484
f 4469/4469 4475/4475 4467/4467
f 5693/5693 5697/5697 5694/5694
f 4895/4895 4891/4891 4878/4878
f 4878/4878 4891/4891 4879/4879
f 6542/6542 6533/6533 6516/6516
f 5260/5260 5265/5265 5262/5262
f 5587/5587 5586/5586 5585/5585
f 5007/5007 5008/5008 5005/5005
f 7512/7512 7510/7510 7517/7517
f 7517/7517 7510/7510 7518/7518
f 7518/7518 7510/7510 7608/7608
f 7608/7608 7510/7510 7607/7607
f 7013/7013 7008/7008 7012/7012
f 450/450 445/445 451/451
f 445/445 331/331 414/414
f 451/451 445/445 414/414
f 7507/7507 7501/7501 7502/7502
f 7501/7501 7497/7497 7502/7502
f 173/173 171/171 172/172
f 172/172 171/171 170/170
f 172/172 170/170 182/182
f 158/158 188/188 168/168
f 168/168 148/148 155/155
f 154/154 155/155 146/146
f 154/154 146/146 150/150
f 2597/2597 2596/2596 2573/2573
f 343/343 150/150 342/342
f 7658/7658 7629/7629 7496/7496
f 7020/7020 7037/7037 7030/7030
f 7044/7044 7037/7037 7020/7020
f 2473/2473 2474/2474 2475/2475
f 2419/2419 2459/2459 2461/2461
f 2459/2459 2419/2419 2413/2413
f 2419/2419 2397/2397 2413/2413
f 5905/5905 5896/5896 5895/5895
f 5905/5905 5895/5895 5972/5972
f 2466/2466 2374/2374 2410/2410
f 2466/2466 2370/2370 2374/2374
f 2496/2496 2773/2773 2370/2370
f 2773/2773 2365/2365 2370/2370
f 2773/2773 2767/2767 2365/2365
f 2763/2763 2766/2766 2762/2762
f 2765/2765 2789/2789 2763/2763
f 2778/2778 2839/2839 2895/2895
f 2841/2841 2622/2622 2857/2857
f 2615/2615 2621/2621 2622/2622
f 2614/2614 2616/2616 2615/2615
f 2615/2615 2616/2616 2621/2621
f 2614/2614 2617/2617 2616/2616
f 2617/2617 2647/2647 2616/2616
f 2647/2647 2645/2645 2616/2616
f 2648/2648 2646/2646 2647/2647
f 2647/2647 2646/2646 2645/2645
f 2648/2648 2678/2678 2646/2646
f 2733/2733 2784/2784 2756/2756
f 2832/2832 2854/2854 2792/2792
f 2792/2792 2854/2854 2804/2804
f 2826/2826 2821/2821 2830/2830
f 2821/2821 2824/2824 2830/2830
f 2817/2817 2819/2819 2821/2821
f 6207/6207 6327/6327 6204/6204
f 2814/2814 2884/2884 2815/2815
f 2815/2815 2816/2816 2813/2813
f 2813/2813 2816/2816 2817/2817
f 2834/2834 2815/2815 2884/2884
f 4479/4479 4484/4484 4475/4475
f 5562/5562 5569/5569 5563/5563
f 4976/4976 4899/4899 4895/4895
f 4895/4895 4899/4899 4891/4891
f 4879/4879 4891/4891 4904/4904
f 5667/5667 5674/5674 5673/5673
f 5161/5161 5018/5018 5028/5028
f 5018/5018 5007/5007 5028/5028
f 4391/4391 4403/4403 4397/4397
f 4397/4397 4403/4403 4413/4413
f 7510/7510 7506/7506 7607/7607
f 7012/7012 7006/7006 6815/6815
f 7506/7506 7501/7501 7507/7507
f 331/331 320/320 405/405
f 394/394 272/272 270/270
f 270/270 253/253 173/173
f 173/173 253/253 171/171
f 182/182 152/152 188/188
f 168/168 188/188 159/159
f 155/155 148/148 146/146
f 6120/6120 6119/6119 6082/6082
f 7615/7615 7658/7658 7496/7496
f 7498/7498 7615/7615 7496/7496
f 6082/6082 6027/6027 6010/6010
f 2474/2474 2477/2477 2475/2475
f 2475/2475 2477/2477 2478/2478
f 2477/2477 2474/2474 2503/2503
f 2474/2474 2502/2502 2503/2503
f 5908/5908 5909/5909 5896/5896
f 5909/5909 5897/5897 5896/5896
f 5896/5896 5897/5897 5891/5891
f 5896/5896 5891/5891 5895/5895
f 5891/5891 5890/5890 5895/5895
f 5972/5972 5898/5898 5941/5941
f 2762/2762 2766/2766 2767/2767
f 2765/2765 2839/2839 2789/2789
f 2839/2839 2798/2798 2789/2789
f 2622/2622 2624/2624 2857/2857
f 2857/2857 2624/2624 2778/2778
f 2621/2621 2616/2616 2622/2622
f 2645/2645 2625/2625 2616/2616
f 3074/3074 3075/3075 3076/3076
f 2646/2646 2678/2678 2691/2691
f 2691/2691 2688/2688 2646/2646
f 2678/2678 2756/2756 2691/2691
f 2854/2854 2856/2856 2804/2804
f 6412/6412 6411/6411 6326/6326
f 2830/2830 2824/2824 2832/2832
f 6326/6326 6325/6325 6204/6204
f 6327/6327 6326/6326 6204/6204
f 6325/6325 6205/6205 6204/6204
f 2815/2815 2828/2828 2816/2816
f 4530/4530 4526/4526 4521/4521
f 4521/4521 4526/4526 4505/4505
f 4993/4993 4997/4997 4976/4976
f 4997/4997 4979/4979 4976/4976
f 4467/4467 4468/4468 4464/4464
f 5694/5694 5692/5692 5693/5693
f 5265/5265 5267/5267 5262/5262
f 5606/5606 5605/5605 5587/5587
f 4392/4392 4404/4404 4391/4391
f 5007/5007 5010/5010 5008/5008
f 7515/7515 7513/7513 7512/7512
f 7512/7512 7511/7511 7510/7510
f 447/447 446/446 445/445
f 774/774 834/834 763/763
f 331/331 321/321 320/320
f 394/394 320/320 272/272
f 270/270 272/272 253/253
f 7501/7501 7498/7498 7497/7497
f 152/152 144/144 188/188
f 188/188 144/144 159/159
f 146/146 137/137 150/150
f 150/150 137/137 149/149
f 150/150 149/149 342/342
f 342/342 149/149 344/344
f 6082/6082 6069/6069 6027/6027
f 2475/2475 2479/2479 2508/2508
f 2475/2475 2478/2478 2479/2479
f 2503/2503 2509/2509 2477/2477
f 2502/2502 2430/2430 2503/2503
f 2502/2502 2459/2459 2430/2430
f 2459/2459 2413/2413 2430/2430
f 2413/2413 2399/2399 2430/2430
f 6017/6017 6019/6019 5909/5909
f 5908/5908 6017/6017 5909/5909
f 5895/5895 5890/5890 5898/5898
f 2411/2411 2374/2374 2373/2373
f 2370/2370 2363/2363 2373/2373
f 2374/2374 2370/2370 2373/2373
f 2370/2370 2365/2365 2363/2363
f 2767/2767 2366/2366 2365/2365
f 2763/2763 2770/2770 2766/2766
f 2763/2763 2789/2789 2770/2770
f 2624/2624 2622/2622 2623/2623
f 2622/2622 2616/2616 2623/2623
f 2616/2616 2625/2625 2623/2623
f 2625/2625 2645/2645 2644/2644
f 2645/2645 2643/2643 2644/2644
f 2645/2645 2646/2646 2643/2643
f 2646/2646 2688/2688 2643/2643
f 2819/2819 2822/2822 2821/2821
f 2834/2834 2828/2828 2815/2815
f 2828/2828 2827/2827 2816/2816
f 2827/2827 2818/2818 2816/2816
f 2816/2816 2818/2818 2817/2817
f 2817/2817 2818/2818 2819/2819
f 2819/2819 2818/2818 2820/2820
f 4530/4530 4565/4565 4526/4526
f 4484/4484 4489/4489 4475/4475
f 4976/4976 4977/4977 4899/4899
f 6533/6533 6534/6534 6532/6532
f 4891/4891 4903/4903 4904/4904
f 4391/4391 4404/4404 4403/4403
f 7513/7513 7511/7511 7512/7512
f 5585/5585 5586/5586 5546/5546
f 7006/7006 7002/7002 6815/6815
f 447/447 452/452 446/446
f 446/446 444/444 445/445
f 7506/7506 7505/7505 7501/7501
f 445/445 444/444 331/331
f 753/753 603/603 831/831
f 834/834 753/753 831/831
f 7501/7501 7503/7503 7498/7498
f 182/182 170/170 152/152
f 168/168 159/159 148/148
f 148/148 138/138 146/146
f 146/146 138/138 137/137
f 149/149 329/329 344/344
f 7615/7615 7725/7725 7658/7658
f 7038/7038 7039/7039 7030/7030
f 6082/6082 6119/6119 6069/6069
f 6027/6027 6069/6069 6004/6004
f 2477/2477 2481/2481 2478/2478
f 2477/2477 2509/2509 2481/2481
f 2503/2503 2504/2504 2509/2509
f 2503/2503 2430/2430 2437/2437
f 2503/2503 2437/2437 2504/2504
f 2430/2430 2401/2401 2437/2437
f 2401/2401 2403/2403 2437/2437
f 5897/5897 5909/5909 5892/5892
f 5892/5892 5888/5888 5891/5891
f 5897/5897 5892/5892 5891/5891
f 5891/5891 5888/5888 5890/5890
f 5888/5888 5889/5889 5890/5890
f 5890/5890 5889/5889 5898/5898
f 5898/5898 5889/5889 5899/5899
f 2411/2411 2373/2373 2429/2429
f 2767/2767 2766/2766 2366/2366
f 2789/2789 2769/2769 2770/2770
f 2789/2789 2798/2798 2769/2769
f 2624/2624 2636/2636 2778/2778
f 2778/2778 2636/2636 2699/2699
f 2778/2778 2699/2699 2839/2839
f 2839/2839 2699/2699 2798/2798
f 2699/2699 2737/2737 2798/2798
f 2624/2624 2623/2623 2636/2636
f 2623/2623 2625/2625 2636/2636
f 3157/3157 3104/3104 3148/3148
f 2644/2644 2643/2643 2639/2639
f 2643/2643 2688/2688 2642/2642
f 2688/2688 2731/2731 2642/2642
f 2691/2691 2744/2744 2688/2688
f 2756/2756 2772/2772 2744/2744
f 2756/2756 2744/2744 2691/2691
f 2804/2804 2772/2772 2756/2756
f 2804/2804 2856/2856 2772/2772
f 6411/6411 6414/6414 6325/6325
f 6411/6411 6325/6325 6326/6326
f 2824/2824 2825/2825 2832/2832
f 2821/2821 2823/2823 2824/2824
f 6325/6325 6324/6324 6205/6205
f 2821/2821 2822/2822 2823/2823
f 2819/2819 2820/2820 2822/2822
f 2818/2818 2827/2827 2820/2820
f 4565/4565 4533/4533 4526/4526
f 4467/4467 4475/4475 4473/4473
f 6534/6534 6536/6536 6532/6532
f 6535/6535 6534/6534 6533/6533
f 5161/5161 5020/5020 5018/5018
f 7662/7662 7513/7513 7515/7515
f 5007/5007 5013/5013 5012/5012
f 7510/7510 7505/7505 7506/7506
f 6815/6815 7002/7002 6816/6816
f 452/452 448/448 446/446
f 444/444 407/407 331/331
f 407/407 354/354 331/331
f 354/354 321/321 331/331
f 321/321 316/316 320/320
f 320/320 316/316 272/272
f 831/831 603/603 829/829
f 272/272 267/267 253/253
f 253/253 162/162 171/171
f 171/171 162/162 170/170
f 159/159 142/142 148/148
f 137/137 136/136 149/149
f 149/149 151/151 329/329
f 7039/7039 7032/7032 7030/7030
f 6119/6119 6118/6118 6069/6069
f 2479/2479 2478/2478 2480/2480
f 2478/2478 2481/2481 2480/2480
f 2504/2504 2437/2437 2468/2468
f 2437/2437 2403/2403 2468/2468
f 2403/2403 2423/2423 2468/2468
f 2403/2403 2404/2404 2423/2423
f 6028/6028 5894/5894 5892/5892
f 5909/5909 6028/6028 5892/5892
f 5888/5888 5893/5893 5889/5889
f 2411/2411 2429/2429 2412/2412
f 2363/2363 2365/2365 2343/2343
f 2365/2365 2366/2366 2344/2344
f 2365/2365 2344/2344 2343/2343
f 3004/3004 2996/2996 2991/2991
f 2798/2798 2737/2737 2769/2769
f 2636/2636 2638/2638 2699/2699
f 2636/2636 2637/2637 2638/2638
f 2636/2636 2625/2625 2637/2637
f 2625/2625 2644/2644 2639/2639
f 2625/2625 2639/2639 2637/2637
f 2639/2639 2643/2643 2642/2642
f 2688/2688 2743/2743 2731/2731
f 2744/2744 2743/2743 2688/2688
f 2744/2744 2772/2772 2745/2745
f 2866/2866 2865/2865 2856/2856
f 2865/2865 2772/2772 2856/2856
f 2833/2833 2856/2856 2854/2854
f 2832/2832 2833/2833 2854/2854
f 2823/2823 2825/2825 2824/2824
f 2820/2820 2823/2823 2822/2822
f 2834/2834 2887/2887 2828/2828
f 2887/2887 2888/2888 2828/2828
f 2828/2828 2888/2888 2827/2827
f 2239/2239 2143/2143 2166/2166
f 2827/2827 2859/2859 2820/2820
f 2859/2859 2838/2838 2820/2820
f 2820/2820 2838/2838 2823/2823
f 4526/4526 4489/4489 4505/4505
f 5706/5706 5705/5705 5718/5718
f 4473/4473 4472/4472 4467/4467
f 4467/4467 4472/4472 4468/4468
f 4979/4979 4977/4977 4976/4976
f 4977/4977 4900/4900 4899/4899
f 4899/4899 4900/4900 4891/4891
f 2949/2949 2948/2948 2951/2951
f 5018/5018 5014/5014 5007/5007
f 5007/5007 5014/5014 5013/5013
f 7662/7662 7516/7516 7513/7513
f 7513/7513 7514/7514 7511/7511
f 7511/7511 7508/7508 7510/7510
f 7510/7510 7508/7508 7505/7505
f 446/446 448/448 444/444
f 763/763 831/831 755/755
f 272/272 316/316 267/267
f 267/267 162/162 253/253
f 170/170 162/162 143/143
f 170/170 143/143 152/152
f 152/152 143/143 144/144
f 144/144 142/142 159/159
f 7498/7498 7583/7583 7615/7615
f 148/148 142/142 138/138
f 138/138 134/134 137/137
f 2544/2544 2541/2541 2543/2543
f 344/344 329/329 419/419
f 2481/2481 2509/2509 2490/2490
f 2509/2509 2504/2504 2490/2490
f 2504/2504 2468/2468 2442/2442
f 2504/2504 2442/2442 2490/2490
f 2468/2468 2423/2423 2442/2442
f 2423/2423 2412/2412 2442/2442
f 5889/5889 5893/5893 5900/5900
f 5889/5889 5900/5900 5899/5899
f 5899/5899 5900/5900 5901/5901
f 2412/2412 2429/2429 2377/2377
f 5899/5899 5901/5901 6029/6029
f 2429/2429 2373/2373 2377/2377
f 2373/2373 2367/2367 2377/2377
f 2373/2373 2363/2363 2367/2367
f 2363/2363 2343/2343 2349/2349
f 2366/2366 2345/2345 2344/2344
f 2766/2766 2788/2788 2345/2345
f 2766/2766 2345/2345 2366/2366
f 2766/2766 2775/2775 2788/2788
f 2996/2996 3006/3006 2979/2979
f 2770/2770 2775/2775 2766/2766
f 2770/2770 2749/2749 2775/2775
f 2770/2770 2769/2769 2749/2749
f 2737/2737 2694/2694 2769/2769
f 2699/2699 2638/2638 2737/2737
f 2737/2737 2638/2638 2694/2694
f 5580/5580 5570/5570 5562/5562
f 2639/2639 2642/2642 2641/2641
f 2772/2772 2801/2801 2745/2745
f 2856/2856 2833/2833 2866/2866
f 6414/6414 6349/6349 6325/6325
f 2825/2825 2829/2829 2832/2832
f 2829/2829 2833/2833 2832/2832
f 6325/6325 6349/6349 6324/6324
f 2825/2825 2823/2823 2829/2829
f 6324/6324 6209/6209 6205/6205
f 2836/2836 2829/2829 2823/2823
f 2207/2207 2131/2131 2143/2143
f 2823/2823 2838/2838 2836/2836
f 4489/4489 4478/4478 4475/4475
f 4475/4475 4478/4478 4473/4473
f 5692/5692 5686/5686 5693/5693
f 4900/4900 4901/4901 4891/4891
f 4891/4891 4901/4901 4903/4903
f 4404/4404 4414/4414 4403/4403
f 5007/5007 5012/5012 5010/5010
f 444/444 409/409 407/407
f 321/321 354/354 316/316
f 829/829 596/596 830/830
f 596/596 549/549 615/615
f 7503/7503 7583/7583 7498/7498
f 143/143 140/140 144/144
f 144/144 140/140 142/142
f 142/142 135/135 138/138
f 138/138 135/135 134/134
f 137/137 134/134 136/136
f 149/149 136/136 151/151
f 2480/2480 2481/2481 2482/2482
f 2481/2481 2490/2490 2482/2482
f 2490/2490 2488/2488 2482/2482
f 2490/2490 2442/2442 2491/2491
f 2490/2490 2491/2491 2488/2488
f 2442/2442 2443/2443 2491/2491
f 2442/2442 2412/2412 2443/2443
f 2412/2412 2377/2377 2443/2443
f 5900/5900 5902/5902 5901/5901
f 2363/2363 2349/2349 2367/2367
f 2769/2769 2694/2694 2749/2749
f 2638/2638 2637/2637 2640/2640
f 2637/2637 2639/2639 2640/2640
f 2639/2639 2641/2641 2640/2640
f 2642/2642 2695/2695 2641/2641
f 3071/3071 3282/3282 3292/3292
f 2745/2745 2746/2746 2743/2743
f 2745/2745 2801/2801 2746/2746
f 3272/3272 3252/3252 3273/3273
f 3255/3255 3254/3254 3366/3366
f 2829/2829 2874/2874 2833/2833
f 2131/2131 2130/2130 2143/2143
f 2143/2143 2130/2130 2127/2127
f 2143/2143 2127/2127 2166/2166
f 2166/2166 2127/2127 2169/2169
f 5692/5692 5691/5691 5686/5686
f 5018/5018 5020/5020 5014/5014
f 5013/5013 5015/5015 5012/5012
f 448/448 494/494 449/449
f 448/448 449/449 444/444
f 444/444 449/449 409/409
f 757/757 756/756 737/737
f 407/407 350/350 354/354
f 7505/7505 7504/7504 7501/7501
f 316/316 330/330 267/267
f 830/830 596/596 841/841
f 596/596 615/615 841/841
f 7503/7503 7614/7614 7583/7583
f 162/162 131/131 143/143
f 143/143 145/145 140/140
f 142/142 140/140 135/135
f 136/136 147/147 151/151
f 151/151 147/147 329/329
f 2542/2542 2541/2541 2534/2534
f 2534/2534 2479/2479 2528/2528
f 2479/2479 2480/2480 2486/2486
f 2480/2480 2482/2482 2486/2486
f 5901/5901 5902/5902 5903/5903
f 2377/2377 2367/2367 2357/2357
f 2349/2349 2346/2346 2358/2358
f 2367/2367 2349/2349 2358/2358
f 2349/2349 2343/2343 2337/2337
f 2638/2638 2640/2640 2694/2694
f 2694/2694 2640/2640 2681/2681
f 2641/2641 2695/2695 2680/2680
f 2731/2731 2742/2742 2695/2695
f 2743/2743 2742/2742 2731/2731
f 2743/2743 2746/2746 2742/2742
f 2865/2865 2867/2867 2772/2772
f 2772/2772 2867/2867 2801/2801
f 2833/2833 2868/2868 2866/2866
f 2866/2866 2864/2864 2865/2865
f 6324/6324 6322/6322 6209/6209
f 2836/2836 2874/2874 2829/2829
f 2131/2131 2129/2129 2130/2130
f 2129/2129 2127/2127 2130/2130
f 2127/2127 2126/2126 2169/2169
f 6210/6210 6222/6222 6224/6224
f 4533/4533 4489/4489 4526/4526
f 5616/5616 5573/5573 5628/5628
f 4404/4404 4415/4415 4414/4414
f 7513/7513 7516/7516 7514/7514
f 407/407 409/409 350/350
f 7504/7504 7503/7503 7501/7501
f 354/354 387/387 316/316
f 316/316 387/387 330/330
f 830/830 841/841 743/743
f 841/841 615/615 842/842
f 163/163 131/131 162/162
f 145/145 141/141 140/140
f 134/134 119/119 136/136
f 136/136 116/116 147/147
f 419/419 329/329 265/265
f 2528/2528 2479/2479 2486/2486
f 2482/2482 2382/2382 2486/2486
f 2482/2482 2488/2488 2382/2382
f 2488/2488 2491/2491 2375/2375
f 2491/2491 2372/2372 2375/2375
f 2491/2491 2443/2443 2372/2372
f 2443/2443 2377/2377 2372/2372
f 2343/2343 2344/2344 2328/2328
f 2343/2343 2328/2328 2337/2337
f 2344/2344 2345/2345 2328/2328
f 2345/2345 2333/2333 2328/2328
f 2694/2694 2681/2681 2749/2749
f 3125/3125 3119/3119 3064/3064
f 2640/2640 2641/2641 2680/2680
f 2640/2640 2680/2680 2681/2681
f 2695/2695 2750/2750 2680/2680
f 2742/2742 2787/2787 2695/2695
f 2864/2864 2863/2863 2865/2865
f 2865/2865 2863/2863 2867/2867
f 2870/2870 2868/2868 2833/2833
f 2868/2868 2864/2864 2866/2866
f 2874/2874 2870/2870 2833/2833
f 2836/2836 2873/2873 2874/2874
f 2131/2131 2132/2132 2129/2129
f 2169/2169 2140/2140 2212/2212
f 2129/2129 2128/2128 2127/2127
f 2127/2127 2128/2128 2124/2124
f 2127/2127 2124/2124 2126/2126
f 6218/6218 6222/6222 6210/6210
f 4533/4533 4534/4534 4489/4489
f 4979/4979 4980/4980 4977/4977
f 4478/4478 4474/4474 4473/4473
f 6486/6486 6483/6483 6485/6485
f 6485/6485 6483/6483 6484/6484
f 7511/7511 7536/7536 7508/7508
f 7011/7011 7005/7005 6816/6816
f 449/449 458/458 409/409
f 5586/5586 5544/5544 5546/5546
f 350/350 313/313 354/354
f 313/313 387/387 354/354
f 7503/7503 7681/7681 7614/7614
f 7614/7614 7681/7681 7722/7722
f 323/323 163/163 267/267
f 267/267 163/163 162/162
f 163/163 153/153 131/131
f 153/153 130/130 131/131
f 848/848 576/576 593/593
f 131/131 128/128 143/143
f 143/143 128/128 145/145
f 140/140 141/141 139/139
f 140/140 139/139 135/135
f 135/135 120/120 134/134
f 134/134 120/120 119/119
f 119/119 116/116 136/136
f 116/116 118/118 147/147
f 329/329 147/147 265/265
f 6051/6051 6090/6090 6052/6052
f 6002/6002 6021/6021 6022/6022
f 2357/2357 2356/2356 2372/2372
f 5903/5903 6046/6046 6036/6036
f 5545/5545 5580/5580 5561/5561
f 2346/2346 2337/2337 2329/2329
f 5780/5780 5772/5772 5792/5792
f 3147/3147 3146/3146 3020/3020
f 2788/2788 2339/2339 2345/2345
f 2775/2775 2777/2777 2788/2788
f 2749/2749 2693/2693 2777/2777
f 2681/2681 2693/2693 2749/2749
f 2680/2680 2692/2692 2681/2681
f 2680/2680 2750/2750 2692/2692
f 2695/2695 2787/2787 2781/2781
f 2695/2695 2781/2781 2750/2750
f 2806/2806 2837/2837 2746/2746
f 2742/2742 2746/2746 2787/2787
f 2746/2746 2837/2837 2787/2787
f 2801/2801 2849/2849 2806/2806
f 2867/2867 2851/2851 2801/2801
f 3256/3256 3365/3365 3366/3366
f 3254/3254 3256/3256 3366/3366
f 6349/6349 6358/6358 6323/6323
f 6349/6349 6323/6323 6324/6324
f 6324/6324 6323/6323 6322/6322
f 2874/2874 2873/2873 2870/2870
f 2132/2132 2136/2136 2129/2129
f 2212/2212 2140/2140 2211/2211
f 2126/2126 2140/2140 2169/2169
f 6224/6224 6222/6222 6231/6231
f 4534/4534 4490/4490 4489/4489
f 4489/4489 4490/4490 4478/4478
f 4478/4478 4490/4490 4474/4474
f 4473/4473 4474/4474 4472/4472
f 5685/5685 5704/5704 5703/5703
f 5686/5686 5685/5685 5703/5703
f 5691/5691 5684/5684 5686/5686
f 5569/5569 5573/5573 5616/5616
f 2947/2947 2946/2946 2948/2948
f 2949/2949 2947/2947 2948/2948
f 2946/2946 2950/2950 2948/2948
f 3969/3969 3965/3965 3958/3958
f 5588/5588 5586/5586 5587/5587
f 7514/7514 7535/7535 7511/7511
f 7511/7511 7535/7535 7536/7536
f 7011/7011 7015/7015 7005/7005
f 492/492 490/490 491/491
f 491/491 490/490 449/449
f 490/490 458/458 449/449
f 7508/7508 7504/7504 7505/7505
f 313/313 308/308 387/387
f 387/387 308/308 408/408
f 7504/7504 7645/7645 7503/7503
f 7041/7041 7042/7042 7036/7036
f 7645/7645 7729/7729 7681/7681
f 7503/7503 7645/7645 7681/7681
f 841/841 842/842 733/733
f 330/330 388/388 323/323
f 323/323 388/388 163/163
f 842/842 848/848 863/863
f 848/848 593/593 860/860
f 863/863 848/848 860/860
f 130/130 128/128 131/131
f 128/128 126/126 145/145
f 556/556 570/570 564/564
f 135/135 139/139 120/120
f 147/147 118/118 265/265
f 6103/6103 6104/6104 6090/6090
f 6090/6090 6105/6105 6102/6102
f 6090/6090 6102/6102 6052/6052
f 2375/2375 2368/2368 2382/2382
f 2375/2375 2372/2372 2368/2368
f 2372/2372 2356/2356 2360/2360
f 2357/2357 2347/2347 2356/2356
f 2357/2357 2358/2358 2347/2347
f 2337/2337 2328/2328 2329/2329
f 2788/2788 2777/2777 2339/2339
f 2681/2681 2692/2692 2693/2693
f 2806/2806 2849/2849 2837/2837
f 2801/2801 2851/2851 2849/2849
f 2863/2863 2851/2851 2867/2867
f 2873/2873 2872/2872 2870/2870
f 2870/2870 2872/2872 2868/2868
f 2868/2868 2872/2872 2864/2864
f 6322/6322 6219/6219 6209/6209
f 2129/2129 2122/2122 2128/2128
f 2128/2128 2125/2125 2124/2124
f 2126/2126 2124/2124 2117/2117
f 2126/2126 2117/2117 2140/2140
f 6222/6222 6232/6232 6231/6231
f 5887/5887 5873/5873 5876/5876
f 5876/5876 5873/5873 5875/5875
f 4980/4980 4978/4978 4977/4977
f 5691/5691 5695/5695 5684/5684
f 5684/5684 5685/5685 5686/5686
f 4977/4977 4978/4978 4900/4900
f 4900/4900 4902/4902 4901/4901
f 4280/4280 4278/4278 4279/4279
f 5605/5605 5589/5589 5587/5587
f 5020/5020 5021/5021 5014/5014
f 7536/7536 7633/7633 7508/7508
f 7005/7005 7017/7017 6829/6829
f 7508/7508 7509/7509 7504/7504
f 7504/7504 7509/7509 7631/7631
f 7631/7631 7645/7645 7504/7504
f 301/301 302/302 408/408
f 5288/5288 5282/5282 5289/5289
f 330/330 408/408 388/388
f 733/733 843/843 746/746
f 8217/8217 8216/8216 8215/8215
f 8215/8215 8216/8216 8209/8209
f 8215/8215 8209/8209 8212/8212
f 130/130 129/129 128/128
f 860/860 593/593 599/599
f 145/145 126/126 141/141
f 126/126 133/133 141/141
f 141/141 133/133 139/139
f 119/119 120/120 117/117
f 119/119 117/117 116/116
f 265/265 118/118 121/121
f 265/265 121/121 311/311
f 2609/2609 2534/2534 2603/2603
f 2603/2603 2528/2528 2533/2533
f 6052/6052 6086/6086 6033/6033
f 2501/2501 2382/2382 2387/2387
f 2382/2382 2368/2368 2376/2376
f 2356/2356 2348/2348 2360/2360
f 2358/2358 2346/2346 2347/2347
f 2346/2346 2329/2329 2336/2336
f 2692/2692 2759/2759 2693/2693
f 2692/2692 2750/2750 2759/2759
f 2750/2750 2797/2797 2759/2759
f 2781/2781 2842/2842 2750/2750
f 2787/2787 2844/2844 2781/2781
f 2837/2837 2844/2844 2787/2787
f 2851/2851 2850/2850 2849/2849
f 2872/2872 2871/2871 2864/2864
f 2871/2871 2862/2862 2864/2864
f 2864/2864 2862/2862 2863/2863
f 2129/2129 2136/2136 2122/2122
f 2122/2122 2123/2123 2128/2128
f 2140/2140 2142/2142 2211/2211
f 2211/2211 2142/2142 2227/2227
f 4490/4490 4491/4491 4474/4474
f 4980/4980 5140/5140 4978/4978
f 4474/4474 4477/4477 4472/4472
f 5014/5014 5019/5019 5013/5013
f 5013/5013 5016/5016 5015/5015
f 7536/7536 7535/7535 7600/7600
f 7508/7508 7633/7633 7509/7509
f 350/350 309/309 313/313
f 5289/5289 5282/5282 5279/5279
f 843/843 863/863 849/849
f 863/863 835/835 849/849
f 860/860 599/599 835/835
f 863/863 860/860 835/835
f 130/130 153/153 248/248
f 130/130 248/248 129/129
f 128/128 129/129 94/94
f 94/94 93/93 126/126
f 128/128 94/94 126/126
f 835/835 599/599 574/574
f 133/133 95/95 139/139
f 121/121 169/169 311/311
f 169/169 312/312 311/311
f 311/311 312/312 442/442
f 442/442 312/312 441/441
f 2486/2486 2547/2547 2533/2533
f 5773/5773 5771/5771 5781/5781
f 2328/2328 2320/2320 2329/2329
f 2333/2333 2339/2339 2324/2324
f 2339/2339 2338/2338 2324/2324
f 2777/2777 2780/2780 2339/2339
f 2693/2693 2759/2759 2780/2780
f 2797/2797 2796/2796 2759/2759
f 2781/2781 2844/2844 2842/2842
f 2837/2837 2845/2845 2844/2844
f 2849/2849 2850/2850 2848/2848
f 2849/2849 2848/2848 2837/2837
f 3233/3233 3352/3352 3351/3351
f 2863/2863 2862/2862 2851/2851
f 6913/6913 6887/6887 6974/6974
f 2132/2132 2141/2141 2136/2136
f 2128/2128 2123/2123 2125/2125
f 2142/2142 2151/2151 2227/2227
f 2227/2227 2151/2151 2234/2234
f 2124/2124 2116/2116 2117/2117
f 2140/2140 2117/2117 2142/2142
f 5019/5019 5017/5017 5013/5013
f 5013/5013 5017/5017 5016/5016
f 7536/7536 7600/7600 7633/7633
f 8318/8318 8317/8317 8319/8319
f 7633/7633 7690/7690 7509/7509
f 6416/6416 6396/6396 6397/6397
f 409/409 351/351 350/350
f 350/350 351/351 309/309
f 308/308 300/300 301/301
f 301/301 298/298 302/302
f 302/302 298/298 303/303
f 302/302 303/303 305/305
f 5283/5283 5284/5284 5274/5274
f 5274/5274 5286/5286 5272/5272
f 723/723 722/722 721/721
f 724/724 723/723 721/721
f 835/835 820/820 849/849
f 8209/8209 8208/8208 8206/8206
f 8209/8209 8206/8206 8212/8212
f 126/126 93/93 133/133
f 139/139 95/95 125/125
f 117/117 115/115 116/116
f 115/115 113/113 116/116
f 116/116 113/113 118/118
f 118/118 113/113 121/121
f 121/121 122/122 169/169
f 6086/6086 6087/6087 6033/6033
f 6033/6033 6087/6087 6066/6066
f 6033/6033 6066/6066 6035/6035
f 5772/5772 5777/5777 5793/5793
f 2328/2328 2318/2318 2320/2320
f 2333/2333 2324/2324 2318/2318
f 2780/2780 2338/2338 2339/2339
f 2759/2759 2796/2796 2780/2780
f 2750/2750 2842/2842 2797/2797
f 3304/3304 3271/3271 3280/3280
f 2837/2837 2847/2847 2845/2845
f 2837/2837 2848/2848 2847/2847
f 2851/2851 2860/2860 2850/2850
f 6358/6358 6321/6321 6323/6323
f 2862/2862 2861/2861 2851/2851
f 2851/2851 2861/2861 2860/2860
f 6323/6323 6321/6321 6322/6322
f 2876/2876 2861/2861 2862/2862
f 2124/2124 2125/2125 2116/2116
f 2151/2151 2187/2187 2234/2234
f 2871/2871 2876/2876 2862/2862
f 6871/6871 6887/6887 6913/6913
f 2116/2116 2111/2111 2117/2117
f 2117/2117 2118/2118 2142/2142
f 2142/2142 2118/2118 2151/2151
f 6222/6222 6233/6233 6232/6232
f 5873/5873 5881/5881 5874/5874
f 5873/5873 5874/5874 5875/5875
f 5875/5875 5874/5874 5877/5877
f 5140/5140 5139/5139 4978/4978
f 4978/4978 5139/5139 5138/5138
f 5695/5695 5687/5687 5684/5684
f 5684/5684 5687/5687 5685/5685
f 7535/7535 7514/7514 7537/7537
f 7537/7537 7600/7600 7535/7535
f 6417/6417 6395/6395 6396/6396
f 458/458 410/410 409/409
f 409/409 410/410 351/351
f 309/309 300/300 308/308
f 313/313 309/309 308/308
f 301/301 300/300 298/298
f 4681/4681 4671/4671 4670/4670
f 303/303 304/304 305/305
f 305/305 304/304 306/306
f 305/305 306/306 310/310
f 5285/5285 5280/5280 5286/5286
f 5286/5286 5280/5280 5272/5272
f 5272/5272 5280/5280 5276/5276
f 849/849 854/854 853/853
f 8296/8296 8298/8298 8299/8299
f 849/849 820/820 854/854
f 820/820 614/614 854/854
f 8212/8212 8206/8206 8210/8210
f 153/153 255/255 248/248
f 248/248 256/256 129/129
f 129/129 256/256 94/94
f 94/94 90/90 93/93
f 93/93 90/90 92/92
f 92/92 95/95 133/133
f 95/95 106/106 125/125
f 125/125 117/117 120/120
f 113/113 122/122 121/121
f 2348/2348 2342/2342 2354/2354
f 5787/5787 5770/5770 5783/5783
f 5770/5770 5768/5768 5783/5783
f 2347/2347 2335/2335 2342/2342
f 5783/5783 5768/5768 5773/5773
f 5773/5773 5762/5762 5771/5771
f 5793/5793 5777/5777 5801/5801
f 2780/2780 2371/2371 2338/2338
f 3032/3032 3050/3050 3056/3056
f 2796/2796 2371/2371 2780/2780
f 2797/2797 2853/2853 2796/2796
f 2842/2842 2843/2843 2797/2797
f 2844/2844 2845/2845 2843/2843
f 2844/2844 2843/2843 2842/2842
f 2850/2850 2860/2860 2848/2848
f 6358/6358 6305/6305 6321/6321
f 2141/2141 2216/2216 2133/2133
f 2141/2141 2133/2133 2136/2136
f 2136/2136 2133/2133 2122/2122
f 6887/6887 6888/6888 6974/6974
f 2115/2115 2116/2116 2125/2125
f 2117/2117 2111/2111 2118/2118
f 2151/2151 2118/2118 2164/2164
f 2151/2151 2164/2164 2187/2187
f 2234/2234 2187/2187 2215/2215
f 6226/6226 6227/6227 6222/6222
f 6222/6222 6227/6227 6233/6233
f 5874/5874 5878/5878 5877/5877
f 5877/5877 5878/5878 5879/5879
f 7594/7594 7593/7593 7590/7590
f 7594/7594 7590/7590 7666/7666
f 7666/7666 7590/7590 7603/7603
f 4491/4491 4535/4535 4474/4474
f 4474/4474 4535/4535 4477/4477
f 5687/5687 5688/5688 5685/5685
f 5685/5685 5688/5688 5690/5690
f 5569/5569 5572/5572 5573/5573
f 5021/5021 5019/5019 5014/5014
f 7600/7600 7657/7657 7706/7706
f 6395/6395 6393/6393 6396/6396
f 6396/6396 6393/6393 6397/6397
f 458/458 471/471 410/410
f 298/298 304/304 303/303
f 853/853 854/854 739/739
f 739/739 854/854 717/717
f 717/717 854/854 862/862
f 854/854 614/614 862/862
f 614/614 590/590 862/862
f 8202/8202 8203/8203 8204/8204
f 8204/8204 8203/8203 8206/8206
f 8206/8206 8203/8203 8210/8210
f 248/248 255/255 256/256
f 94/94 256/256 90/90
f 90/90 91/91 92/92
f 92/92 91/91 95/95
f 565/565 583/583 568/568
f 106/106 127/127 125/125
f 117/117 127/127 115/115
f 115/115 112/112 113/113
f 113/113 123/123 122/122
f 312/312 273/273 357/357
f 6086/6086 6125/6125 6087/6087
f 2547/2547 2387/2387 2385/2385
f 6035/6035 6066/6066 6068/6068
f 6035/6035 6068/6068 6056/6056
f 5787/5787 5786/5786 5770/5770
f 5772/5772 5766/5766 5777/5777
f 3050/3050 3163/3163 3057/3057
f 2855/2855 2332/2332 2371/2371
f 2796/2796 2855/2855 2371/2371
f 2796/2796 2853/2853 2855/2855
f 2843/2843 2852/2852 2797/2797
f 2845/2845 2846/2846 2843/2843
f 2214/2214 2205/2205 2209/2209
f 2228/2228 2203/2203 2214/2214
f 2111/2111 2110/2110 2118/2118
f 2164/2164 2147/2147 2187/2187
f 5878/5878 5882/5882 5879/5879
f 8151/8151 8154/8154 8156/8156
f 4900/4900 4988/4988 4902/4902
f 6483/6483 6481/6481 6484/6484
f 2947/2947 2944/2944 2946/2946
f 2946/2946 2945/2945 2950/2950
f 5021/5021 5022/5022 5019/5019
f 4415/4415 4423/4423 4414/4414
f 7516/7516 7520/7520 7514/7514
f 7537/7537 7599/7599 7600/7600
f 7599/7599 7657/7657 7600/7600
f 7657/7657 7698/7698 7706/7706
f 7706/7706 7698/7698 7724/7724
f 7017/7017 6994/6994 6829/6829
f 6395/6395 6392/6392 6393/6393
f 6393/6393 6388/6388 6404/6404
f 6397/6397 6393/6393 6404/6404
f 309/309 299/299 300/300
f 4681/4681 4670/4670 4669/4669
f 4670/4670 4667/4667 4669/4669
f 8320/8320 8322/8322 8323/8323
f 717/717 862/862 750/750
f 8293/8293 8278/8278 8289/8289
f 862/862 590/590 861/861
f 861/861 590/590 851/851
f 590/590 589/589 851/851
f 402/402 403/403 90/90
f 403/403 96/96 90/90
f 90/90 96/96 91/91
f 91/91 97/97 95/95
f 97/97 100/100 106/106
f 95/95 97/97 106/106
f 100/100 104/104 106/106
f 106/106 104/104 127/127
f 256/256 402/402 90/90
f 127/127 124/124 115/115
f 124/124 114/114 115/115
f 112/112 111/111 113/113
f 312/312 169/169 273/273
f 357/357 328/328 436/436
f 2547/2547 2385/2385 2611/2611
f 6066/6066 6124/6124 6068/6068
f 5796/5796 5785/5785 5786/5786
f 2320/2320 2312/2312 2323/2323
f 5777/5777 5766/5766 5775/5775
f 2338/2338 2371/2371 2332/2332
f 2338/2338 2332/2332 2324/2324
f 2852/2852 2853/2853 2797/2797
f 2214/2214 2203/2203 2205/2205
f 2204/2204 2203/2203 2228/2228
f 2133/2133 2120/2120 2122/2122
f 2204/2204 2228/2228 2230/2230
f 2116/2116 2115/2115 2107/2107
f 2116/2116 2107/2107 2111/2111
f 2111/2111 2107/2107 2110/2110
f 2215/2215 2197/2197 2230/2230
f 2110/2110 2109/2109 2118/2118
f 2118/2118 2121/2121 2164/2164
f 2187/2187 2168/2168 2215/2215
f 5878/5878 5883/5883 5882/5882
f 8155/8155 8160/8160 8153/8153
f 8150/8150 8152/8152 8153/8153
f 8153/8153 8152/8152 8155/8155
f 8154/8154 8151/8151 8150/8150
f 8150/8150 8151/8151 8152/8152
f 8154/8154 8158/8158 8156/8156
f 8158/8158 8157/8157 8156/8156
f 8158/8158 8159/8159 8157/8157
f 7589/7589 7590/7590 7593/7593
f 7100/7100 7092/7092 7114/7114
f 7114/7114 7092/7092 7093/7093
f 5162/5162 5173/5173 5022/5022
f 5162/5162 5022/5022 5021/5021
f 4424/4424 4423/4423 4415/4415
f 5019/5019 5156/5156 5017/5017
f 5017/5017 5156/5156 5157/5157
f 6418/6418 6392/6392 6395/6395
f 6388/6388 6407/6407 6404/6404
f 299/299 296/296 300/300
f 300/300 296/296 298/298
f 298/298 296/296 297/297
f 298/298 297/297 304/304
f 4669/4669 4667/4667 4668/4668
f 304/304 297/297 307/307
f 304/304 307/307 306/306
f 306/306 307/307 499/499
f 861/861 851/851 850/850
f 8289/8289 8297/8297 8298/8298
f 589/589 580/580 851/851
f 8202/8202 8199/8199 8201/8201
f 8202/8202 8201/8201 8203/8203
f 8203/8203 8201/8201 8210/8210
f 91/91 96/96 97/97
f 97/97 99/99 100/100
f 104/104 105/105 127/127
f 105/105 124/124 127/127
f 8210/8210 8201/8201 8200/8200
f 255/255 381/381 256/256
f 256/256 381/381 402/402
f 113/113 111/111 123/123
f 273/273 328/328 357/357
f 6087/6087 6124/6124 6066/6066
f 5796/5796 5788/5788 5785/5785
f 5785/5785 5755/5755 5770/5770
f 5770/5770 5753/5753 5768/5768
f 5768/5768 5753/5753 5754/5754
f 5768/5768 5754/5754 5762/5762
f 2327/2327 2323/2323 2313/2313
f 5777/5777 5775/5775 5795/5795
f 2324/2324 2314/2314 2315/2315
f 2324/2324 2332/2332 2319/2319
f 2891/2891 2383/2383 2855/2855
f 2853/2853 2891/2891 2855/2855
f 2892/2892 2891/2891 2853/2853
f 2853/2853 2852/2852 2892/2892
f 2210/2210 2237/2237 2246/2246
f 2240/2240 2210/2210 2246/2246
f 2232/2232 2199/2199 2240/2240
f 2240/2240 2199/2199 2210/2210
f 2201/2201 2199/2199 2232/2232
f 2209/2209 2201/2201 2232/2232
f 2205/2205 2208/2208 2209/2209
f 2198/2198 2208/2208 2205/2205
f 2203/2203 2198/2198 2205/2205
f 2120/2120 2108/2108 2122/2122
f 2122/2122 2108/2108 2123/2123
f 2216/2216 2144/2144 2133/2133
f 2123/2123 2108/2108 2115/2115
f 2108/2108 2107/2107 2115/2115
f 2230/2230 2197/2197 2204/2204
f 2118/2118 2109/2109 2121/2121
f 2215/2215 2168/2168 2197/2197
f 2121/2121 2147/2147 2164/2164
f 2187/2187 2147/2147 2168/2168
f 6226/6226 6228/6228 6227/6227
f 5881/5881 5880/5880 5874/5874
f 5874/5874 5880/5880 5878/5878
f 8150/8150 8160/8160 8154/8154
f 5690/5690 5688/5688 5681/5681
f 6483/6483 6482/6482 6481/6481
f 5589/5589 5588/5588 5587/5587
f 4042/4042 4046/4046 3960/3960
f 3959/3959 4042/4042 3960/3960
f 7516/7516 7538/7538 7520/7520
f 7520/7520 7521/7521 7514/7514
f 307/307 479/479 499/499
f 8323/8323 8324/8324 8320/8320
f 750/750 850/850 716/716
f 8277/8277 8290/8290 8289/8289
f 851/851 580/580 850/850
f 850/850 580/580 581/581
f 99/99 101/101 100/100
f 100/100 101/101 104/104
f 104/104 101/101 105/105
f 97/97 96/96 98/98
f 97/97 98/98 99/99
f 8210/8210 8200/8200 8213/8213
f 403/403 459/459 96/96
f 123/123 160/160 122/122
f 122/122 160/160 169/169
f 169/169 160/160 273/273
f 328/328 412/412 436/436
f 6125/6125 6124/6124 6087/6087
f 5809/5809 5798/5798 5796/5796
f 2385/2385 2378/2378 2384/2384
f 5544/5544 5543/5543 5545/5545
f 5796/5796 5798/5798 5788/5788
f 5545/5545 5543/5543 5580/5580
f 5770/5770 5755/5755 5753/5753
f 5754/5754 5761/5761 5762/5762
f 5766/5766 5761/5761 5775/5775
f 5775/5775 5778/5778 5795/5795
f 2324/2324 2319/2319 2314/2314
f 3175/3175 3177/3177 3163/3163
f 2208/2208 2201/2201 2209/2209
f 2174/2174 2198/2198 2203/2203
f 2106/2106 2109/2109 2107/2107
f 2107/2107 2109/2109 2110/2110
f 6871/6871 6876/6876 6887/6887
f 2145/2145 2146/2146 2121/2121
f 2109/2109 2145/2145 2121/2121
f 2121/2121 2146/2146 2147/2147
f 6227/6227 6229/6229 6233/6233
f 5881/5881 5886/5886 5880/5880
f 5880/5880 5884/5884 5878/5878
f 7705/7705 7703/7703 7704/7704
f 7665/7665 7588/7588 7589/7589
f 7590/7590 7573/7573 7603/7603
f 5687/5687 5689/5689 5688/5688
f 4978/4978 4987/4987 4900/4900
f 4900/4900 4987/4987 4988/4988
f 4278/4278 4266/4266 4279/4279
f 5019/5019 5155/5155 5156/5156
f 7521/7521 7537/7537 7514/7514
f 6392/6392 6389/6389 6393/6393
f 6393/6393 6389/6389 6388/6388
f 351/351 317/317 309/309
f 309/309 295/295 299/299
f 299/299 295/295 296/296
f 296/296 294/294 297/297
f 297/297 294/294 314/314
f 297/297 314/314 307/307
f 307/307 318/318 479/479
f 850/850 581/581 824/824
f 99/99 98/98 101/101
f 96/96 425/425 98/98
f 105/105 107/107 124/124
f 124/124 107/107 114/114
f 8201/8201 8199/8199 8200/8200
f 459/459 425/425 96/96
f 114/114 109/109 112/112
f 381/381 371/371 402/402
f 371/371 397/397 402/402
f 402/402 397/397 403/403
f 2611/2611 2389/2389 2612/2612
f 436/436 412/412 478/478
f 436/436 478/478 500/500
f 5809/5809 5810/5810 5798/5798
f 5785/5785 5788/5788 5755/5755
f 5753/5753 5755/5755 5750/5750
f 5753/5753 5750/5750 5749/5749
f 5753/5753 5749/5749 5754/5754
f 5749/5749 5760/5760 5761/5761
f 5775/5775 5761/5761 5778/5778
f 5795/5795 5778/5778 5804/5804
f 2314/2314 2319/2319 2310/2310
f 2383/2383 2316/2316 2319/2319
f 2247/2247 2256/2256 2263/2263
f 2210/2210 2192/2192 2237/2237
f 2199/2199 2192/2192 2210/2210
f 2208/2208 2198/2198 2201/2201
f 2133/2133 2134/2134 2120/2120
f 2120/2120 2119/2119 2108/2108
f 2204/2204 2174/2174 2203/2203
f 6322/6322 6319/6319 6219/6219
f 6219/6219 6319/6319 6225/6225
f 2109/2109 2172/2172 2145/2145
f 2168/2168 2165/2165 2197/2197
f 2147/2147 2146/2146 2150/2150
f 2150/2150 2156/2156 2168/2168
f 2147/2147 2150/2150 2168/2168
f 6228/6228 6229/6229 6227/6227
f 7704/7704 7703/7703 7651/7651
f 7704/7704 7651/7651 7665/7665
f 7665/7665 7651/7651 7588/7588
f 7589/7589 7573/7573 7590/7590
f 5022/5022 5023/5023 5019/5019
f 6418/6418 6391/6391 6392/6392
f 351/351 410/410 317/317
f 309/309 317/317 295/295
f 295/295 294/294 296/296
f 4663/4663 4666/4666 4664/4664
f 98/98 102/102 101/101
f 101/101 102/102 103/103
f 101/101 103/103 105/105
f 105/105 103/103 107/107
f 107/107 109/109 114/114
f 568/568 584/584 566/566
f 8199/8199 8198/8198 8200/8200
f 459/459 468/468 425/425
f 109/109 111/111 112/112
f 111/111 132/132 123/123
f 123/123 132/132 161/161
f 403/403 397/397 459/459
f 160/160 161/161 164/164
f 273/273 160/160 259/259
f 273/273 259/259 327/327
f 5798/5798 5810/5810 5799/5799
f 5798/5798 5799/5799 5788/5788
f 5755/5755 5757/5757 5750/5750
f 5749/5749 5750/5750 5751/5751
f 5761/5761 5779/5779 5778/5778
f 2383/2383 2390/2390 2316/2316
f 2192/2192 2217/2217 2237/2237
f 2188/2188 2199/2199 2201/2201
f 2198/2198 2188/2188 2201/2201
f 2119/2119 2112/2112 2108/2108
f 2112/2112 2104/2104 2108/2108
f 6321/6321 6319/6319 6322/6322
f 6888/6888 6889/6889 6901/6901
f 2108/2108 2104/2104 2107/2107
f 2107/2107 2104/2104 2106/2106
f 2197/2197 2174/2174 2204/2204
f 2109/2109 2106/2106 2172/2172
f 2172/2172 2182/2182 2145/2145
f 2182/2182 2181/2181 2145/2145
f 2145/2145 2181/2181 2163/2163
f 2145/2145 2163/2163 2146/2146
f 2163/2163 2154/2154 2146/2146
f 2146/2146 2154/2154 2150/2150
f 2168/2168 2156/2156 2165/2165
f 7092/7092 7084/7084 7093/7093
f 5689/5689 5679/5679 5688/5688
f 5688/5688 5679/5679 5681/5681
f 5138/5138 5077/5077 4978/4978
f 4275/4275 4266/4266 4278/4278
f 5589/5589 5590/5590 5588/5588
f 7599/7599 7597/7597 7657/7657
f 7657/7657 7597/7597 7698/7698
f 6418/6418 6421/6421 6391/6391
f 6392/6392 6391/6391 6389/6389
f 294/294 285/285 314/314
f 5586/5586 5542/5542 5544/5544
f 479/479 318/318 504/504
f 8245/8245 8260/8260 8246/8246
f 708/708 716/716 706/706
f 824/824 833/833 618/618
f 102/102 291/291 103/103
f 107/107 103/103 108/108
f 425/425 461/461 98/98
f 98/98 461/461 102/102
f 107/107 108/108 109/109
f 8200/8200 8198/8198 8205/8205
f 8200/8200 8205/8205 8213/8213
f 8213/8213 8205/8205 8214/8214
f 371/371 368/368 397/397
f 328/328 327/327 412/412
f 327/327 420/420 412/412
f 412/412 420/420 478/478
f 5816/5816 5810/5810 5809/5809
f 5810/5810 5811/5811 5799/5799
f 5799/5799 5790/5790 5788/5788
f 5790/5790 5758/5758 5755/5755
f 5755/5755 5758/5758 5757/5757
f 5750/5750 5752/5752 5751/5751
f 5749/5749 5751/5751 5760/5760
f 5760/5760 5774/5774 5761/5761
f 5779/5779 5805/5805 5778/5778
f 3177/3177 3357/3357 3354/3354
f 2390/2390 2317/2317 2316/2316
f 2247/2247 2250/2250 2256/2256
f 2217/2217 2250/2250 2247/2247
f 2189/2189 2192/2192 2199/2199
f 2188/2188 2189/2189 2199/2199
f 2198/2198 2177/2177 2188/2188
f 2120/2120 2134/2134 2119/2119
f 2104/2104 2105/2105 2106/2106
f 2105/2105 2170/2170 2106/2106
f 2106/2106 2170/2170 2171/2171
f 2106/2106 2171/2171 2172/2172
f 2165/2165 2174/2174 2197/2197
f 6230/6230 6288/6288 6229/6229
f 5886/5886 5885/5885 5880/5880
f 7688/7688 7651/7651 7703/7703
f 5880/5880 5885/5885 5884/5884
f 7573/7573 7601/7601 7603/7603
f 7100/7100 7091/7091 7092/7092
f 5678/5678 5679/5679 5680/5680
f 5138/5138 5083/5083 5077/5077
f 5569/5569 5571/5571 5572/5572
f 5572/5572 5612/5612 5573/5573
f 5573/5573 5612/5612 5613/5613
f 2944/2944 2943/2943 2945/2945
f 5589/5589 5634/5634 5590/5590
f 4424/4424 4428/4428 4423/4423
f 5019/5019 5025/5025 5155/5155
f 7537/7537 7529/7529 7599/7599
f 4663/4663 4664/4664 4659/4659
f 307/307 314/314 318/318
f 8176/8176 8178/8178 8180/8180
f 8180/8180 8178/8178 8182/8182
f 103/103 291/291 254/254
f 108/108 110/110 109/109
f 109/109 110/110 111/111
f 468/468 487/487 425/425
f 425/425 487/487 461/461
f 132/132 184/184 161/161
f 8205/8205 8211/8211 8214/8214
f 368/368 399/399 397/397
f 459/459 397/397 468/468
f 397/397 399/399 468/468
f 600/600 749/749 747/747
f 5790/5790 5797/5797 5758/5758
f 2350/2350 2340/2340 2364/2364
f 5758/5758 5767/5767 5757/5757
f 2340/2340 2330/2330 2364/2364
f 5767/5767 5763/5763 5757/5757
f 2334/2334 2331/2331 2340/2340
f 2340/2340 2331/2331 2330/2330
f 5757/5757 5759/5759 5750/5750
f 2334/2334 2321/2321 2322/2322
f 2334/2334 2322/2322 2331/2331
f 5750/5750 5759/5759 5752/5752
f 5751/5751 5756/5756 5760/5760
f 5760/5760 5776/5776 5774/5774
f 2310/2310 2316/2316 2300/2300
f 2256/2256 2250/2250 2262/2262
f 2133/2133 2144/2144 2134/2134
f 2174/2174 2177/2177 2198/2198
f 2172/2172 2171/2171 2182/2182
f 2150/2150 2154/2154 2155/2155
f 2150/2150 2155/2155 2156/2156
f 2182/2182 2235/2235 2181/2181
f 2235/2235 2163/2163 2181/2181
f 7098/7098 7091/7091 7100/7100
f 7091/7091 7084/7084 7092/7092
f 6482/6482 6477/6477 6481/6481
f 2944/2944 2941/2941 2943/2943
f 5023/5023 5025/5025 5019/5019
f 5588/5588 5542/5542 5586/5586
f 7521/7521 7529/7529 7537/7537
f 7599/7599 7529/7529 7597/7597
f 471/471 411/411 410/410
f 294/294 287/287 285/285
f 318/318 314/314 322/322
f 8176/8176 8174/8174 8175/8175
f 8176/8176 8175/8175 8178/8178
f 461/461 488/488 102/102
f 488/488 456/456 291/291
f 102/102 488/488 291/291
f 291/291 277/277 254/254
f 103/103 254/254 108/108
f 111/111 110/110 132/132
f 8196/8196 8197/8197 8198/8198
f 164/164 205/205 160/160
f 8198/8198 8197/8197 8205/8205
f 371/371 370/370 368/368
f 160/160 205/205 259/259
f 5810/5810 5816/5816 5811/5811
f 5790/5790 5799/5799 5797/5797
f 5758/5758 5797/5797 5789/5789
f 2364/2364 2353/2353 2369/2369
f 2364/2364 2330/2330 2353/2353
f 5758/5758 5789/5789 5767/5767
f 5757/5757 5763/5763 5759/5759
f 2331/2331 2322/2322 2306/2306
f 2322/2322 2292/2292 2306/2306
f 2322/2322 2321/2321 2292/2292
f 5752/5752 5756/5756 5751/5751
f 2321/2321 2291/2291 2292/2292
f 2321/2321 2311/2311 2291/2291
f 2311/2311 2309/2309 2293/2293
f 2311/2311 2293/2293 2291/2291
f 5760/5760 5756/5756 5776/5776
f 5776/5776 5779/5779 5774/5774
f 5779/5779 5814/5814 5805/5805
f 5805/5805 5814/5814 5815/5815
f 2250/2250 2261/2261 2262/2262
f 2217/2217 2213/2213 2250/2250
f 2192/2192 2191/2191 2213/2213
f 2189/2189 2191/2191 2192/2192
f 2188/2188 2185/2185 2189/2189
f 6305/6305 6303/6303 6321/6321
f 2112/2112 2105/2105 2104/2104
f 6321/6321 6303/6303 6319/6319
f 6319/6319 6320/6320 6225/6225
f 2165/2165 2159/2159 2174/2174
f 6225/6225 6320/6320 6287/6287
f 2170/2170 2242/2242 2171/2171
f 2157/2157 2159/2159 2165/2165
f 2156/2156 2157/2157 2165/2165
f 6230/6230 6287/6287 6288/6288
f 2171/2171 2244/2244 2182/2182
f 2182/2182 2244/2244 2245/2245
f 2182/2182 2245/2245 2235/2235
f 2235/2235 2231/2231 2163/2163
f 2163/2163 2231/2231 2154/2154
f 7588/7588 7571/7571 7573/7573
f 5562/5562 5570/5570 5569/5569
f 7091/7091 7080/7080 7084/7084
f 5689/5689 5682/5682 5679/5679
f 5569/5569 5570/5570 5571/5571
f 5613/5613 5612/5612 5637/5637
f 7698/7698 7597/7597 7696/7696
f 6991/6991 6862/6862 6814/6814
f 410/410 411/411 317/317
f 295/295 288/288 294/294
f 294/294 288/288 287/287
f 314/314 285/285 322/322
f 8175/8175 8172/8172 8178/8178
f 291/291 456/456 277/277
f 277/277 246/246 108/108
f 254/254 277/277 108/108
f 108/108 246/246 110/110
f 8276/8276 8225/8225 8288/8288
f 496/496 488/488 461/461
f 8196/8196 8195/8195 8197/8197
f 461/461 487/487 496/496
f 164/164 189/189 205/205
f 399/399 428/428 468/468
f 468/468 428/428 487/487
f 370/370 360/360 368/368
f 368/368 373/373 399/399
f 259/259 345/345 327/327
f 5544/5544 5542/5542 5543/5543
f 327/327 345/345 420/420
f 5816/5816 5837/5837 5811/5811
f 5811/5811 5832/5832 5799/5799
f 5799/5799 5832/5832 5831/5831
f 5799/5799 5831/5831 5797/5797
f 5752/5752 5807/5807 5756/5756
f 2293/2293 2289/2289 2291/2291
f 5776/5776 5812/5812 5779/5779
f 5779/5779 5812/5812 5814/5814
f 5579/5579 5570/5570 5580/5580
f 2250/2250 2253/2253 2261/2261
f 2213/2213 2253/2253 2250/2250
f 2189/2189 2190/2190 2191/2191
f 2185/2185 2190/2190 2189/2189
f 2176/2176 2185/2185 2188/2188
f 2177/2177 2176/2176 2188/2188
f 6305/6305 6304/6304 6303/6303
f 2144/2144 2251/2251 2135/2135
f 2144/2144 2135/2135 2134/2134
f 6889/6889 6891/6891 6901/6901
f 2159/2159 2176/2176 2174/2174
f 2105/2105 2167/2167 2170/2170
f 2170/2170 2243/2243 2242/2242
f 2171/2171 2242/2242 2244/2244
f 2154/2154 2162/2162 2155/2155
f 6288/6288 6287/6287 6286/6286
f 2235/2235 2238/2238 2231/2231
f 7644/7644 7651/7651 7688/7688
f 7644/7644 7571/7571 7651/7651
f 7651/7651 7571/7571 7588/7588
f 7571/7571 7572/7572 7573/7573
f 7573/7573 7572/7572 7601/7601
f 7084/7084 7080/7080 7082/7082
f 7055/7055 7053/7053 7064/7064
f 6391/6391 6390/6390 6389/6389
f 317/317 325/325 295/295
f 295/295 325/325 315/315
f 295/295 315/315 288/288
f 8182/8182 8178/8178 8179/8179
f 4659/4659 4660/4660 4661/4661
f 608/608 612/612 702/702
f 277/277 396/396 246/246
f 110/110 246/246 185/185
f 110/110 185/185 132/132
f 132/132 185/185 184/184
f 161/161 184/184 189/189
f 161/161 189/189 164/164
f 8197/8197 8207/8207 8205/8205
f 8205/8205 8207/8207 8211/8211
f 487/487 428/428 496/496
f 368/368 360/360 361/361
f 368/368 361/361 373/373
f 259/259 249/249 345/345
f 345/345 467/467 420/420
f 420/420 467/467 478/478
f 5789/5789 5769/5769 5767/5767
f 5767/5767 5769/5769 5765/5765
f 5767/5767 5765/5765 5763/5763
f 5763/5763 5765/5765 5764/5764
f 5763/5763 5764/5764 5752/5752
f 5543/5543 5579/5579 5580/5580
f 5807/5807 5806/5806 5756/5756
f 5756/5756 5806/5806 5776/5776
f 5776/5776 5806/5806 5813/5813
f 5776/5776 5813/5813 5812/5812
f 2134/2134 2114/2114 2119/2119
f 2112/2112 2113/2113 2105/2105
f 6303/6303 6318/6318 6319/6319
f 2105/2105 2113/2113 2149/2149
f 6319/6319 6318/6318 6320/6320
f 2149/2149 2167/2167 2105/2105
f 2170/2170 2167/2167 2248/2248
f 2170/2170 2248/2248 2243/2243
f 6320/6320 6356/6356 6287/6287
f 2156/2156 2155/2155 2157/2157
f 2238/2238 2173/2173 2231/2231
f 2231/2231 2173/2173 2154/2154
f 2244/2244 2236/2236 2245/2245
f 2245/2245 2236/2236 2233/2233
f 2245/2245 2233/2233 2235/2235
f 2233/2233 2238/2238 2235/2235
f 4266/4266 4263/4263 4267/4267
f 6477/6477 6475/6475 6480/6480
f 5022/5022 5174/5174 5023/5023
f 5025/5025 5142/5142 5180/5180
f 7597/7597 7529/7529 7596/7596
f 6421/6421 6422/6422 6390/6390
f 6421/6421 6390/6390 6391/6391
f 288/288 284/284 287/287
f 4661/4661 4660/4660 4675/4675
f 8178/8178 8172/8172 8179/8179
f 702/702 612/612 613/613
f 396/396 247/247 246/246
f 488/488 489/489 456/456
f 456/456 455/455 277/277
f 277/277 455/455 396/396
f 185/185 195/195 184/184
f 184/184 190/190 189/189
f 496/496 457/457 488/488
f 428/428 457/457 496/496
f 205/205 249/249 259/259
f 399/399 373/373 369/369
f 369/369 428/428 399/399
f 5837/5837 5832/5832 5811/5811
f 5832/5832 5825/5825 5831/5831
f 5831/5831 5825/5825 5827/5827
f 5827/5827 5828/5828 5831/5831
f 5831/5831 5828/5828 5797/5797
f 5797/5797 5828/5828 5789/5789
f 5789/5789 5828/5828 5769/5769
f 5764/5764 5808/5808 5752/5752
f 5752/5752 5808/5808 5807/5807
f 5808/5808 5869/5869 5807/5807
f 5807/5807 5869/5869 5806/5806
f 5813/5813 5872/5872 5812/5812
f 3369/3369 3370/3370 3368/3368
f 3369/3369 3368/3368 3367/3367
f 2253/2253 2258/2258 2261/2261
f 2213/2213 2259/2259 2257/2257
f 2213/2213 2257/2257 2253/2253
f 1790/1790 1789/1789 1788/1788
f 1792/1792 1791/1791 1790/1790
f 2191/2191 2260/2260 2213/2213
f 2190/2190 2195/2195 2191/2191
f 1802/1802 1801/1801 1800/1800
f 1801/1801 1805/1805 1897/1897
f 2119/2119 2114/2114 2112/2112
f 2114/2114 2113/2113 2112/2112
f 2175/2175 2176/2176 2159/2159
f 6318/6318 6356/6356 6320/6320
f 2159/2159 2158/2158 2175/2175
f 2157/2157 2158/2158 2159/2159
f 6287/6287 6276/6276 6286/6286
f 2154/2154 2173/2173 2162/2162
f 2242/2242 2236/2236 2244/2244
f 5083/5083 5079/5079 5077/5077
f 4987/4987 5145/5145 4988/4988
f 4275/4275 4262/4262 4266/4266
f 6477/6477 6473/6473 6475/6475
f 2941/2941 2953/2953 2942/2942
f 2942/2942 2952/2952 2943/2943
f 5023/5023 5024/5024 5025/5025
f 7691/7691 7637/7637 7538/7538
f 7538/7538 7637/7637 7520/7520
f 7696/7696 7597/7597 7695/7695
f 6991/6991 6969/6969 6862/6862
f 6390/6390 6387/6387 6389/6389
f 6389/6389 6387/6387 6388/6388
f 6388/6388 6403/6403 6407/6407
f 471/471 475/475 411/411
f 411/411 325/325 317/317
f 284/284 283/283 285/285
f 287/287 284/284 285/285
f 4674/4674 4676/4676 4673/4673
f 8175/8175 8174/8174 8171/8171
f 8175/8175 8171/8171 8172/8172
f 8172/8172 8170/8170 8179/8179
f 8172/8172 8171/8171 8170/8170
f 246/246 247/247 185/185
f 184/184 195/195 190/190
f 457/457 489/489 488/488
f 456/456 489/489 455/455
f 8195/8195 8193/8193 8207/8207
f 8207/8207 8193/8193 8211/8211
f 370/370 372/372 360/360
f 345/345 430/430 467/467
f 5832/5832 5829/5829 5825/5825
f 5827/5827 5819/5819 5828/5828
f 5828/5828 5819/5819 5769/5769
f 5769/5769 5817/5817 5765/5765
f 5764/5764 5765/5765 5808/5808
f 5806/5806 5870/5870 5813/5813
f 2298/2298 2301/2301 2294/2294
f 5813/5813 5870/5870 5872/5872
f 2261/2261 2258/2258 2269/2269
f 2257/2257 2258/2258 2253/2253
f 1821/1821 1790/1790 1788/1788
f 2213/2213 2260/2260 2259/2259
f 2195/2195 2268/2268 2260/2260
f 2195/2195 2260/2260 2191/2191
f 1800/1800 1813/1813 1802/1802
f 2185/2185 2193/2193 2194/2194
f 1965/1965 1973/1973 2002/2002
f 1804/1804 1801/1801 1803/1803
f 2185/2185 2180/2180 2193/2193
f 1804/1804 1806/1806 1805/1805
f 2134/2134 2135/2135 2114/2114
f 2176/2176 2175/2175 2180/2180
f 2113/2113 2148/2148 2149/2149
f 2167/2167 2266/2266 2248/2248
f 6276/6276 6284/6284 6286/6286
f 2155/2155 2158/2158 2157/2157
f 7644/7644 7661/7661 7570/7570
f 2242/2242 2243/2243 2241/2241
f 2173/2173 2160/2160 2162/2162
f 7644/7644 7570/7570 7571/7571
f 2242/2242 2241/2241 2236/2236
f 2173/2173 2218/2218 2196/2196
f 2233/2233 2218/2218 2238/2238
f 2238/2238 2218/2218 2173/2173
f 5083/5083 5082/5082 5079/5079
f 6480/6480 6475/6475 6479/6479
f 6540/6540 6710/6710 6649/6649
f 5590/5590 5591/5591 5588/5588
f 5174/5174 5041/5041 5023/5023
f 5023/5023 5026/5026 5024/5024
f 5252/5252 5247/5247 5254/5254
f 7521/7521 7522/7522 7529/7529
f 6969/6969 6863/6863 6862/6862
f 6422/6422 6387/6387 6390/6390
f 315/315 293/293 288/288
f 285/285 283/283 286/286
f 285/285 286/286 322/322
f 4676/4676 4674/4674 4677/4677
f 322/322 286/286 341/341
f 8174/8174 8173/8173 8171/8171
f 8183/8183 8179/8179 8181/8181
f 8183/8183 8181/8181 8188/8188
f 8188/8188 8181/8181 8187/8187
f 8179/8179 8170/8170 8169/8169
f 8179/8179 8169/8169 8181/8181
f 8265/8265 8268/8268 8264/8264
f 8170/8170 8168/8168 8169/8169
f 189/189 191/191 205/205
f 191/191 249/249 205/205
f 8195/8195 8194/8194 8193/8193
f 457/457 413/413 489/489
f 360/360 359/359 361/361
f 428/428 375/375 457/457
f 249/249 339/339 345/345
f 345/345 339/339 430/430
f 5837/5837 5846/5846 5834/5834
f 5837/5837 5834/5834 5829/5829
f 5837/5837 5829/5829 5832/5832
f 5827/5827 5825/5825 5822/5822
f 5827/5827 5822/5822 5819/5819
f 5819/5819 5818/5818 5769/5769
f 5769/5769 5818/5818 5817/5817
f 5817/5817 5808/5808 5765/5765
f 5808/5808 5864/5864 5869/5869
f 5864/5864 5863/5863 5869/5869
f 5869/5869 5863/5863 5806/5806
f 5870/5870 5867/5867 5872/5872
f 2029/2029 1869/1869 1916/1916
f 2269/2269 2279/2279 2275/2275
f 1784/1784 1818/1818 1821/1821
f 1837/1837 1794/1794 1790/1790
f 7431/7431 7385/7385 7444/7444
f 1817/1817 1798/1798 1794/1794
f 1813/1813 1798/1798 1817/1817
f 7400/7400 7431/7431 7448/7448
f 1813/1813 1803/1803 1802/1802
f 1829/1829 1807/1807 1804/1804
f 6300/6300 6299/6299 6304/6304
f 6304/6304 6299/6299 6303/6303
f 2251/2251 2252/2252 2135/2135
f 1808/1808 1811/1811 1806/1806
f 1808/1808 1806/1806 1807/1807
f 2175/2175 2265/2265 2180/2180
f 2149/2149 2148/2148 2167/2167
f 2148/2148 2266/2266 2167/2167
f 2178/2178 2179/2179 2158/2158
f 2158/2158 2179/2179 2175/2175
f 2162/2162 2160/2160 2155/2155
f 2155/2155 2160/2160 2158/2158
f 2196/2196 2160/2160 2173/2173
f 2236/2236 2241/2241 2224/2224
f 2236/2236 2223/2223 2233/2233
f 2223/2223 2218/2218 2233/2233
f 7091/7091 7081/7081 7080/7080
f 7080/7080 7081/7081 7082/7082
f 5682/5682 5683/5683 5680/5680
f 2923/2923 2920/2920 2922/2922
f 5025/5025 5024/5024 5142/5142
f 7597/7597 7596/7596 7695/7695
f 6387/6387 6385/6385 6388/6388
f 475/475 434/434 411/411
f 411/411 434/434 325/325
f 315/315 325/325 356/356
f 356/356 293/293 315/315
f 293/293 289/289 288/288
f 288/288 289/289 284/284
f 4679/4679 4676/4676 4678/4678
f 4676/4676 4677/4677 4678/4678
f 4677/4677 4683/4683 4678/4678
f 8187/8187 8181/8181 8186/8186
f 8171/8171 8173/8173 8168/8168
f 8171/8171 8168/8168 8170/8170
f 8181/8181 8169/8169 8165/8165
f 8169/8169 8168/8168 8165/8165
f 8168/8168 8166/8166 8165/8165
f 210/210 197/197 185/185
f 247/247 210/210 185/185
f 455/455 377/377 396/396
f 396/396 377/377 247/247
f 8192/8192 8193/8193 8194/8194
f 8164/8164 8167/8167 8177/8177
f 249/249 258/258 339/339
f 372/372 358/358 360/360
f 360/360 358/358 359/359
f 361/361 362/362 373/373
f 373/373 362/362 369/369
f 369/369 375/375 428/428
f 375/375 413/413 457/457
f 5822/5822 5818/5818 5819/5819
f 5818/5818 5821/5821 5820/5820
f 5818/5818 5820/5820 5817/5817
f 5817/5817 5820/5820 5808/5808
f 5806/5806 5863/5863 5870/5870
f 5870/5870 5863/5863 5867/5867
f 7458/7458 7449/7449 7457/7457
f 7453/7453 7393/7393 7449/7449
f 7445/7445 7393/7393 7453/7453
f 1844/1844 1837/1837 1821/1821
f 7385/7385 7445/7445 7444/7444
f 7431/7431 7386/7386 7385/7385
f 1873/1873 1872/1872 1817/1817
f 7381/7381 7386/7386 7431/7431
f 1872/1872 1813/1813 1817/1817
f 1874/1874 1803/1803 1813/1813
f 1874/1874 1813/1813 1872/1872
f 1853/1853 1803/1803 1874/1874
f 7398/7398 7378/7378 7400/7400
f 1853/1853 1829/1829 1803/1803
f 1853/1853 1807/1807 1829/1829
f 2135/2135 2139/2139 2114/2114
f 2114/2114 2137/2137 2113/2113
f 1808/1808 1807/1807 1853/1853
f 6299/6299 6302/6302 6303/6303
f 2113/2113 2138/2138 2148/2148
f 6303/6303 6302/6302 6317/6317
f 6303/6303 6317/6317 6318/6318
f 6318/6318 6317/6317 6357/6357
f 6357/6357 6273/6273 6356/6356
f 2158/2158 2161/2161 2178/2178
f 2160/2160 2161/2161 2158/2158
f 2243/2243 2248/2248 2229/2229
f 2243/2243 2229/2229 2241/2241
f 2196/2196 2161/2161 2160/2160
f 2218/2218 2219/2219 2196/2196
f 2241/2241 2229/2229 2224/2224
f 2220/2220 2219/2219 2218/2218
f 2236/2236 2224/2224 2223/2223
f 2223/2223 2220/2220 2218/2218
f 7098/7098 7094/7094 7091/7091
f 7094/7094 7081/7081 7091/7091
f 7081/7081 7083/7083 7082/7082
f 2921/2921 2919/2919 2920/2920
f 5079/5079 5078/5078 5077/5077
f 4987/4987 5078/5078 5145/5145
f 5571/5571 5574/5574 5572/5572
f 7596/7596 7694/7694 7695/7695
f 6422/6422 6427/6427 6387/6387
f 6385/6385 6383/6383 6388/6388
f 6388/6388 6383/6383 6403/6403
f 325/325 434/434 424/424
f 4678/4678 4683/4683 4684/4684
f 4683/4683 4687/4687 4684/4684
f 286/286 245/245 341/341
f 245/245 278/278 341/341
f 341/341 278/278 378/378
f 8181/8181 8185/8185 8186/8186
f 8186/8186 8185/8185 8189/8189
f 378/378 278/278 349/349
f 8181/8181 8165/8165 8162/8162
f 8181/8181 8162/8162 8185/8185
f 8166/8166 8163/8163 8165/8165
f 8165/8165 8163/8163 8162/8162
f 872/872 808/808 871/871
f 185/185 197/197 195/195
f 189/189 190/190 191/191
f 8163/8163 8166/8166 8167/8167
f 8162/8162 8163/8163 8164/8164
f 8162/8162 8164/8164 8184/8184
f 8223/8223 8224/8224 8226/8226
f 247/247 377/377 210/210
f 249/249 191/191 258/258
f 8163/8163 8167/8167 8164/8164
f 379/379 358/358 372/372
f 489/489 374/374 455/455
f 361/361 359/359 362/362
f 369/369 365/365 375/375
f 5834/5834 5835/5835 5833/5833
f 5834/5834 5833/5833 5829/5829
f 5833/5833 5826/5826 5829/5829
f 5829/5829 5826/5826 5825/5825
f 5826/5826 5824/5824 5825/5825
f 5825/5825 5824/5824 5822/5822
f 5822/5822 5823/5823 5818/5818
f 5818/5818 5823/5823 5821/5821
f 5820/5820 5861/5861 5808/5808
f 5808/5808 5861/5861 5864/5864
f 5864/5864 5861/5861 5863/5863
f 5867/5867 5871/5871 5872/5872
f 1735/1735 1731/1731 1733/1733
f 7449/7449 7435/7435 7457/7457
f 1816/1816 1844/1844 1818/1818
f 7445/7445 7389/7389 7393/7393
f 5570/5570 5579/5579 5578/5578
f 1866/1866 1837/1837 1844/1844
f 1879/1879 1817/1817 1837/1837
f 1886/1886 1873/1873 1879/1879
f 1879/1879 1873/1873 1817/1817
f 1886/1886 1872/1872 1873/1873
f 7381/7381 7383/7383 7386/7386
f 1902/1902 1872/1872 1886/1886
f 1903/1903 1926/1926 1874/1874
f 1903/1903 1874/1874 1902/1902
f 1902/1902 1874/1874 1872/1872
f 1906/1906 2025/2025 1926/1926
f 1894/1894 2036/2036 1906/1906
f 1906/1906 2028/2028 2025/2025
f 2025/2025 1853/1853 1926/1926
f 1926/1926 1853/1853 1874/1874
f 2036/2036 2034/2034 1906/1906
f 1906/1906 2034/2034 2028/2028
f 7375/7375 7377/7377 7378/7378
f 2028/2028 2034/2034 1853/1853
f 2028/2028 1853/1853 2025/2025
f 2034/2034 1899/1899 1853/1853
f 2252/2252 2202/2202 2186/2186
f 2135/2135 2186/2186 2139/2139
f 2139/2139 2137/2137 2114/2114
f 1899/1899 1808/1808 1853/1853
f 1899/1899 1835/1835 1808/1808
f 2267/2267 2266/2266 2148/2148
f 1826/1826 1825/1825 1811/1811
f 1826/1826 1811/1811 1835/1835
f 7437/7437 7369/7369 7436/7436
f 1825/1825 1826/1826 1827/1827
f 6274/6274 6284/6284 6276/6276
f 6900/6900 6755/6755 6753/6753
f 2266/2266 2255/2255 2248/2248
f 2248/2248 2255/2255 2229/2229
f 7099/7099 7094/7094 7098/7098
f 7572/7572 7602/7602 7601/7601
f 2953/2953 2952/2952 2942/2942
f 4637/4637 4628/4628 4638/4638
f 4639/4639 4637/4637 4638/4638
f 5142/5142 5024/5024 5143/5143
f 7691/7691 7700/7700 7637/7637
f 7637/7637 7523/7523 7520/7520
f 7523/7523 7522/7522 7520/7520
f 6863/6863 6721/6721 6712/6712
f 6969/6969 6883/6883 6863/6863
f 475/475 502/502 434/434
f 325/325 424/424 384/384
f 325/325 384/384 356/356
f 356/356 383/383 293/293
f 283/283 245/245 286/286
f 245/245 250/250 278/278
f 8189/8189 8185/8185 8190/8190
f 8189/8189 8190/8190 8191/8191
f 278/278 347/347 349/349
f 871/871 804/804 873/873
f 349/349 347/347 379/379
f 333/333 210/210 377/377
f 191/191 211/211 258/258
f 347/347 358/358 379/379
f 455/455 374/374 377/377
f 374/374 333/333 377/377
f 365/365 366/366 375/375
f 375/375 366/366 413/413
f 413/413 374/374 489/489
f 413/413 366/366 374/374
f 362/362 365/365 369/369
f 339/339 439/439 430/430
f 5846/5846 5842/5842 5834/5834
f 5823/5823 5840/5840 5821/5821
f 5821/5821 5850/5850 5820/5820
f 5863/5863 5862/5862 5867/5867
f 1907/1907 1864/1864 1869/1869
f 1864/1864 1787/1787 1869/1869
f 1816/1816 1818/1818 1732/1732
f 1866/1866 1844/1844 1816/1816
f 1891/1891 1879/1879 1837/1837
f 1891/1891 1837/1837 1866/1866
f 1903/1903 1902/1902 1892/1892
f 1892/1892 1902/1902 1886/1886
f 1860/1860 1887/1887 1831/1831
f 1887/1887 1903/1903 1888/1888
f 1860/1860 1906/1906 1887/1887
f 1906/1906 1903/1903 1887/1887
f 1852/1852 1894/1894 1860/1860
f 1860/1860 1894/1894 1906/1906
f 1894/1894 1919/1919 2036/2036
f 1919/1919 1899/1899 2036/2036
f 2036/2036 1899/1899 2034/2034
f 7374/7374 7377/7377 7375/7375
f 2137/2137 2152/2152 2138/2138
f 1919/1919 1877/1877 1835/1835
f 1919/1919 1835/1835 1899/1899
f 2138/2138 2153/2153 2148/2148
f 2148/2148 2153/2153 2267/2267
f 1877/1877 1826/1826 1835/1835
f 7369/7369 7368/7368 7374/7374
f 6317/6317 6273/6273 6357/6357
f 2267/2267 2281/2281 2266/2266
f 2161/2161 2206/2206 2178/2178
f 5570/5570 5578/5578 5571/5571
f 2196/2196 2200/2200 2161/2161
f 2196/2196 2222/2222 2200/2200
f 7569/7569 7572/7572 7571/7571
f 2219/2219 2222/2222 2196/2196
f 2229/2229 2225/2225 2224/2224
f 2224/2224 2221/2221 2223/2223
f 2223/2223 2221/2221 2220/2220
f 5082/5082 5080/5080 5079/5079
f 6473/6473 6474/6474 6475/6475
f 7596/7596 7595/7595 7684/7684
f 7596/7596 7684/7684 7694/7694
f 6969/6969 6920/6920 6883/6883
f 6427/6427 6426/6426 6387/6387
f 6387/6387 6386/6386 6385/6385
f 6383/6383 6402/6402 6403/6403
f 356/356 384/384 383/383
f 293/293 332/332 289/289
f 690/690 846/846 686/686
f 250/250 236/236 278/278
f 278/278 236/236 347/347
f 236/236 348/348 347/347
f 846/846 873/873 845/845
f 873/873 804/804 865/865
f 795/795 797/797 769/769
f 804/804 802/802 865/865
f 865/865 802/802 856/856
f 856/856 802/802 828/828
f 828/828 802/802 800/800
f 828/828 800/800 801/801
f 801/801 800/800 798/798
f 210/210 268/268 204/204
f 210/210 204/204 197/197
f 197/197 204/204 196/196
f 196/196 193/193 195/195
f 197/197 196/196 195/195
f 195/195 193/193 190/190
f 192/192 211/211 191/191
f 190/190 192/192 191/191
f 348/348 352/352 347/347
f 333/333 268/268 210/210
f 347/347 352/352 358/358
f 335/335 333/333 374/374
f 258/258 385/385 339/339
f 358/358 352/352 359/359
f 352/352 364/364 359/359
f 359/359 364/364 363/363
f 365/365 363/363 366/366
f 366/366 363/363 338/338
f 366/366 338/338 374/374
f 374/374 338/338 335/335
f 339/339 385/385 439/439
f 5542/5542 5535/5535 5543/5543
f 5834/5834 5842/5842 5835/5835
f 5833/5833 5830/5830 5826/5826
f 5826/5826 5830/5830 5824/5824
f 5822/5822 5824/5824 5823/5823
f 3464/3464 3455/3455 3456/3456
f 5820/5820 5850/5850 5861/5861
f 5860/5860 5862/5862 5861/5861
f 5862/5862 5866/5866 5867/5867
f 5867/5867 5866/5866 5871/5871
f 8121/8121 8125/8125 8126/8126
f 8121/8121 8126/8126 8127/8127
f 7389/7389 7390/7390 7391/7391
f 1892/1892 1886/1886 1891/1891
f 1891/1891 1886/1886 1879/1879
f 1832/1832 1888/1888 1892/1892
f 1831/1831 1887/1887 1888/1888
f 1888/1888 1903/1903 1892/1892
f 1830/1830 1860/1860 1831/1831
f 1852/1852 1860/1860 1830/1830
f 1884/1884 2033/2033 1894/1894
f 1884/1884 1894/1894 1852/1852
f 2033/2033 1919/1919 1894/1894
f 2000/2000 1973/1973 1947/1947
f 6298/6298 6299/6299 6300/6300
f 2202/2202 2139/2139 2186/2186
f 6301/6301 6317/6317 6302/6302
f 6299/6299 6301/6301 6302/6302
f 2138/2138 2152/2152 2153/2153
f 7366/7366 7368/7368 7369/7369
f 2266/2266 2281/2281 2255/2255
f 2281/2281 2272/2272 2255/2255
f 2161/2161 2200/2200 2206/2206
f 2255/2255 2272/2272 2249/2249
f 2255/2255 2249/2249 2229/2229
f 2229/2229 2249/2249 2225/2225
f 2221/2221 2222/2222 2219/2219
f 2220/2220 2221/2221 2219/2219
f 2224/2224 2225/2225 2221/2221
f 7094/7094 7085/7085 7081/7081
f 7081/7081 7085/7085 7083/7083
f 5150/5150 5080/5080 5082/5082
f 5078/5078 5144/5144 5145/5145
f 4262/4262 4260/4260 4263/4263
f 5041/5041 5074/5074 5026/5026
f 5588/5588 5591/5591 5542/5542
f 5026/5026 5031/5031 5024/5024
f 7700/7700 7654/7654 7637/7637
f 7637/7637 7654/7654 7523/7523
f 6426/6426 6386/6386 6387/6387
f 6386/6386 6384/6384 6385/6385
f 424/424 438/438 384/384
f 383/383 332/332 293/293
f 289/289 280/280 284/284
f 284/284 282/282 283/283
f 283/283 282/282 245/245
f 845/845 865/865 810/810
f 856/856 828/828 857/857
f 864/864 856/856 857/857
f 681/681 795/795 768/768
f 681/681 768/768 680/680
f 865/865 856/856 864/864
f 857/857 828/828 801/801
f 801/801 798/798 796/796
f 796/796 798/798 795/795
f 193/193 192/192 190/190
f 192/192 263/263 211/211
f 333/333 334/334 268/268
f 263/263 353/353 211/211
f 211/211 353/353 258/258
f 335/335 337/337 336/336
f 335/335 336/336 334/334
f 335/335 334/334 333/333
f 258/258 353/353 385/385
f 352/352 415/415 364/364
f 364/364 367/367 363/363
f 363/363 367/367 338/338
f 338/338 367/367 337/337
f 5842/5842 5839/5839 5835/5835
f 5839/5839 5836/5836 5835/5835
f 5835/5835 5836/5836 5833/5833
f 5833/5833 5836/5836 5830/5830
f 3455/3455 3451/3451 3452/3452
f 5861/5861 5850/5850 5860/5860
f 5862/5862 5859/5859 5866/5866
f 1907/1907 1893/1893 1864/1864
f 3943/3943 3904/3904 3468/3468
f 8104/8104 8119/8119 8121/8121
f 8084/8084 8091/8091 8104/8104
f 1823/1823 1866/1866 1816/1816
f 8107/8107 8065/8065 8084/8084
f 1880/1880 1891/1891 1823/1823
f 1880/1880 1832/1832 1892/1892
f 1831/1831 1888/1888 1832/1832
f 7406/7406 7410/7410 7404/7404
f 1947/1947 1944/1944 2000/2000
f 2030/2030 1919/1919 2033/2033
f 6298/6298 6297/6297 6299/6299
f 6299/6299 6297/6297 6301/6301
f 2202/2202 2280/2280 2270/2270
f 2202/2202 2270/2270 2139/2139
f 2030/2030 1883/1883 1919/1919
f 2153/2153 2284/2284 2267/2267
f 1991/1991 2004/2004 2015/2015
f 1883/1883 1877/1877 1919/1919
f 7365/7365 7367/7367 7419/7419
f 6317/6317 6265/6265 6273/6273
f 1883/1883 1828/1828 1877/1877
f 7370/7370 7361/7361 7366/7366
f 7660/7660 7570/7570 7661/7661
f 1828/1828 1862/1862 1843/1843
f 1828/1828 1843/1843 1842/1842
f 7371/7371 7361/7361 7370/7370
f 7570/7570 7569/7569 7571/7571
f 2222/2222 2254/2254 2200/2200
f 7569/7569 7575/7575 7572/7572
f 7572/7572 7575/7575 7602/7602
f 2225/2225 2226/2226 2221/2221
f 7099/7099 7096/7096 7094/7094
f 5080/5080 5078/5078 5079/5079
f 6473/6473 6476/6476 6474/6474
f 7523/7523 7524/7524 7522/7522
f 7522/7522 7524/7524 7529/7529
f 7596/7596 7529/7529 7595/7595
f 6384/6384 6383/6383 6385/6385
f 502/502 477/477 434/434
f 434/434 477/477 424/424
f 383/383 437/437 281/281
f 383/383 281/281 332/332
f 289/289 332/332 280/280
f 284/284 280/280 282/282
f 245/245 235/235 250/250
f 686/686 810/810 687/687
f 810/810 864/864 782/782
f 864/864 857/857 782/782
f 782/782 857/857 847/847
f 250/250 235/235 236/236
f 857/857 796/796 847/847
f 796/796 795/795 681/681
f 236/236 234/234 348/348
f 234/234 401/401 348/348
f 196/196 198/198 193/193
f 415/415 460/460 364/364
f 460/460 519/519 398/398
f 337/337 398/398 416/416
f 337/337 416/416 336/336
f 353/353 431/431 385/385
f 385/385 431/431 484/484
f 5853/5853 5847/5847 5842/5842
f 5842/5842 5847/5847 5839/5839
f 5836/5836 5844/5844 5830/5830
f 5830/5830 5841/5841 5824/5824
f 5824/5824 5838/5838 5823/5823
f 5823/5823 5838/5838 5840/5840
f 5840/5840 5838/5838 5849/5849
f 5840/5840 5849/5849 5821/5821
f 5821/5821 5849/5849 5850/5850
f 5850/5850 5859/5859 5860/5860
f 1923/1923 1921/1921 1893/1893
f 1893/1893 1907/1907 1923/1923
f 1731/1731 1787/1787 1854/1854
f 8104/8104 8108/8108 8119/8119
f 8104/8104 8091/8091 8108/8108
f 1838/1838 1880/1880 1823/1823
f 1810/1810 1832/1832 1880/1880
f 1810/1810 1880/1880 1838/1838
f 1814/1814 1832/1832 1810/1810
f 1814/1814 1831/1831 1832/1832
f 1786/1786 1831/1831 1814/1814
f 1815/1815 1852/1852 1830/1830
f 1815/1815 1884/1884 1852/1852
f 2270/2270 2183/2183 2139/2139
f 2183/2183 2184/2184 2137/2137
f 2139/2139 2183/2183 2137/2137
f 2137/2137 2184/2184 2152/2152
f 2030/2030 2031/2031 1883/1883
f 6301/6301 6315/6315 6317/6317
f 2267/2267 2284/2284 2285/2285
f 2267/2267 2285/2285 2281/2281
f 1883/1883 1862/1862 1828/1828
f 7361/7361 7365/7365 7366/7366
f 6271/6271 6282/6282 6272/6272
f 2015/2015 1982/1982 1925/1925
f 7570/7570 7568/7568 7569/7569
f 2272/2272 2273/2273 2249/2249
f 2249/2249 2273/2273 2225/2225
f 2225/2225 2264/2264 2226/2226
f 2221/2221 2226/2226 2254/2254
f 2221/2221 2254/2254 2222/2222
f 7094/7094 7096/7096 7085/7085
f 7085/7085 7086/7086 7083/7083
f 2919/2919 2915/2915 2918/2918
f 5150/5150 5084/5084 5080/5080
f 4262/4262 4258/4258 4260/4260
f 5206/5206 5205/5205 5204/5204
f 5206/5206 5204/5204 5207/5207
f 5590/5590 5611/5611 5591/5591
f 5074/5074 5033/5033 5026/5026
f 5024/5024 5031/5031 5136/5136
f 5024/5024 5136/5136 5143/5143
f 7529/7529 7524/7524 7528/7528
f 7529/7529 7528/7528 7595/7595
f 7684/7684 7595/7595 7692/7692
f 6426/6426 6423/6423 6386/6386
f 477/477 438/438 424/424
f 384/384 438/438 437/437
f 384/384 437/437 383/383
f 687/687 810/810 782/782
f 782/782 847/847 767/767
f 245/245 231/231 235/235
f 847/847 796/796 767/767
f 767/767 796/796 681/681
f 235/235 234/234 236/236
f 417/417 213/213 268/268
f 268/268 213/213 204/204
f 204/204 213/213 198/198
f 204/204 198/198 196/196
f 193/193 194/194 192/192
f 482/482 483/483 505/505
f 482/482 505/505 415/415
f 519/519 524/524 520/520
f 263/263 376/376 431/431
f 263/263 431/431 353/353
f 5847/5847 5851/5851 5839/5839
f 5839/5839 5843/5843 5836/5836
f 5843/5843 5844/5844 5836/5836
f 5830/5830 5844/5844 5841/5841
f 5824/5824 5841/5841 5838/5838
f 5850/5850 5849/5849 5859/5859
f 3463/3463 3466/3466 3457/3457
f 5868/5868 5866/5866 5859/5859
f 3904/3904 3895/3895 3470/3470
f 3899/3899 3895/3895 3904/3904
f 8065/8065 8083/8083 8084/8084
f 8084/8084 8083/8083 8091/8091
f 1742/1742 1838/1838 1823/1823
f 8070/8070 8058/8058 8065/8065
f 1742/1742 1810/1810 1838/1838
f 1773/1773 1814/1814 1810/1810
f 7396/7396 7395/7395 7388/7388
f 1773/1773 1778/1778 1814/1814
f 1819/1819 1884/1884 1815/1815
f 1895/1895 2033/2033 1884/1884
f 1895/1895 2030/2030 2033/2033
f 2035/2035 2030/2030 1895/1895
f 1991/1991 2014/2014 1974/1974
f 2035/2035 2031/2031 2030/2030
f 6297/6297 6315/6315 6301/6301
f 2280/2280 2271/2271 2270/2270
f 2277/2277 2278/2278 2152/2152
f 2152/2152 2278/2278 2153/2153
f 2153/2153 2278/2278 2284/2284
f 6317/6317 6315/6315 6266/6266
f 6317/6317 6266/6266 6265/6265
f 7467/7467 7465/7465 7468/7468
f 7660/7660 7568/7568 7570/7570
f 1982/1982 1885/1885 1925/1925
f 1859/1859 1843/1843 1862/1862
f 2281/2281 2282/2282 2272/2272
f 1851/1851 1850/1850 1843/1843
f 2272/2272 2282/2282 2273/2273
f 2225/2225 2273/2273 2264/2264
f 7441/7441 7387/7387 7446/7446
f 7446/7446 7387/7387 7402/7402
f 7102/7102 7096/7096 7099/7099
f 2915/2915 2917/2917 2918/2918
f 5081/5081 5078/5078 5080/5080
f 5078/5078 5081/5081 5144/5144
f 7123/7123 7122/7122 7121/7121
f 5026/5026 5033/5033 5031/5031
f 6423/6423 6384/6384 6386/6386
f 6384/6384 6382/6382 6383/6383
f 6383/6383 6400/6400 6402/6402
f 502/502 512/512 477/477
f 437/437 486/486 432/432
f 437/437 432/432 281/281
f 674/674 782/782 682/682
f 332/332 281/281 280/280
f 282/282 233/233 245/245
f 234/234 274/274 401/401
f 401/401 274/274 482/482
f 482/482 274/274 483/483
f 213/213 201/201 198/198
f 417/417 480/480 319/319
f 417/417 319/319 213/213
f 192/192 376/376 263/263
f 5855/5855 5854/5854 5847/5847
f 5854/5854 5851/5851 5847/5847
f 5851/5851 5848/5848 5839/5839
f 5848/5848 5843/5843 5839/5839
f 5841/5841 5845/5845 5838/5838
f 5838/5838 5845/5845 5849/5849
f 5865/5865 5859/5859 5849/5849
f 1102/1102 1100/1100 1501/1501
f 1100/1100 1098/1098 1501/1501
f 5543/5543 5537/5537 5579/5579
f 1870/1870 1840/1840 1854/1854
f 1723/1723 1731/1731 1840/1840
f 1739/1739 1738/1738 1726/1726
f 3928/3928 3901/3901 3897/3897
f 3928/3928 3897/3897 3899/3899
f 1737/1737 1740/1740 1741/1741
f 8062/8062 8083/8083 8065/8065
f 1743/1743 1810/1810 1742/1742
f 8093/8093 8061/8061 8070/8070
f 1778/1778 1786/1786 1814/1814
f 7412/7412 7413/7413 7408/7408
f 1819/1819 1895/1895 1884/1884
f 1943/1943 2000/2000 1944/1944
f 6409/6409 6295/6295 6298/6298
f 2270/2270 2271/2271 2183/2183
f 2184/2184 2277/2277 2152/2152
f 3659/3659 3657/3657 3660/3660
f 2031/2031 1914/1914 1883/1883
f 2014/2014 1925/1925 2011/2011
f 1914/1914 1862/1862 1883/1883
f 6271/6271 6269/6269 6282/6282
f 1859/1859 1862/1862 1914/1914
f 7468/7468 7465/7465 7462/7462
f 1885/1885 1850/1850 1863/1863
f 1863/1863 1850/1850 1851/1851
f 7096/7096 7087/7087 7085/7085
f 5084/5084 5085/5085 5081/5081
f 5084/5084 5081/5081 5080/5080
f 5031/5031 5137/5137 5136/5136
f 7654/7654 7525/7525 7523/7523
f 7595/7595 7693/7693 7692/7692
f 6423/6423 6425/6425 6384/6384
f 6384/6384 6394/6394 6382/6382
f 438/438 486/486 437/437
f 432/432 427/427 281/281
f 281/281 243/243 280/280
f 280/280 233/233 282/282
f 675/675 663/663 669/669
f 245/245 233/233 231/231
f 234/234 237/237 274/274
f 292/292 202/202 319/319
f 202/202 201/201 213/213
f 319/319 202/202 213/213
f 201/201 200/200 198/198
f 198/198 200/200 199/199
f 198/198 199/199 193/193
f 193/193 199/199 194/194
f 194/194 269/269 192/192
f 192/192 269/269 376/376
f 5857/5857 5856/5856 5855/5855
f 5855/5855 5856/5856 5854/5854
f 1157/1157 1471/1471 1362/1362
f 1157/1157 1155/1155 1471/1471
f 5843/5843 5852/5852 5844/5844
f 5852/5852 5841/5841 5844/5844
f 1355/1355 1138/1138 1375/1375
f 1355/1355 1134/1134 1138/1138
f 1138/1138 1346/1346 1375/1375
f 5858/5858 5849/5849 5845/5845
f 5858/5858 5865/5865 5849/5849
f 1097/1097 1098/1098 1100/1100
f 1097/1097 1095/1095 1098/1098
f 1915/1915 1870/1870 1893/1893
f 1915/1915 1893/1893 1921/1921
f 1870/1870 1854/1854 1893/1893
f 3896/3896 3891/3891 3895/3895
f 1740/1740 1752/1752 1741/1741
f 8061/8061 8054/8054 8058/8058
f 8061/8061 8058/8058 8070/8070
f 5579/5579 5537/5537 5578/5578
f 8118/8118 8094/8094 8085/8085
f 7415/7415 7417/7417 7413/7413
f 7415/7415 7413/7413 7412/7412
f 1833/1833 1895/1895 1819/1819
f 1833/1833 1896/1896 1895/1895
f 1932/1932 1974/1974 1972/1972
f 1896/1896 2035/2035 1895/1895
f 6298/6298 6295/6295 6297/6297
f 2184/2184 2276/2276 2277/2277
f 1974/1974 2013/2013 1972/1972
f 6297/6297 6313/6313 6315/6315
f 2035/2035 2032/2032 2031/2031
f 7467/7467 7466/7466 7465/7465
f 2032/2032 1914/1914 2031/2031
f 1918/1918 1925/1925 1863/1863
f 1875/1875 1851/1851 1859/1859
f 1863/1863 1851/1851 1875/1875
f 7443/7443 7373/7373 7441/7441
f 7460/7460 7443/7443 7441/7441
f 7085/7085 7087/7087 7086/7086
f 2915/2915 2916/2916 2917/2917
f 4272/4272 4259/4259 4258/4258
f 4258/4258 4259/4259 4260/4260
f 5031/5031 5129/5129 5137/5137
f 4636/4636 4626/4626 4628/4628
f 7523/7523 7525/7525 7524/7524
f 6425/6425 6394/6394 6384/6384
f 6383/6383 6382/6382 6380/6380
f 6383/6383 6380/6380 6400/6400
f 512/512 510/510 477/477
f 477/477 510/510 503/503
f 477/477 503/503 438/438
f 438/438 503/503 486/486
f 486/486 463/463 432/432
f 463/463 427/427 432/432
f 281/281 427/427 279/279
f 281/281 279/279 243/243
f 243/243 233/233 280/280
f 233/233 229/229 231/231
f 235/235 231/231 234/234
f 393/393 214/214 386/386
f 386/386 207/207 292/292
f 274/274 237/237 392/392
f 274/274 392/392 483/483
f 194/194 199/199 269/269
f 269/269 453/453 376/376
f 453/453 497/497 376/376
f 1353/1353 1159/1159 1474/1474
f 1353/1353 1161/1161 1159/1159
f 1159/1159 1393/1393 1474/1474
f 1159/1159 1362/1362 1393/1393
f 1159/1159 1157/1157 1362/1362
f 1134/1134 1355/1355 1155/1155
f 1106/1106 1346/1346 1138/1138
f 1106/1106 1102/1102 1346/1346
f 1106/1106 1101/1101 1102/1102
f 1101/1101 1100/1100 1102/1102
f 1101/1101 1099/1099 1100/1100
f 1099/1099 1097/1097 1100/1100
f 1099/1099 1096/1096 1097/1097
f 1096/1096 1095/1095 1097/1097
f 3901/3901 3900/3900 3897/3897
f 8087/8087 8083/8083 8062/8062
f 8054/8054 8056/8056 8058/8058
f 8085/8085 8057/8057 8048/8048
f 8085/8085 8048/8048 8049/8049
f 8085/8085 8049/8049 8061/8061
f 8094/8094 8114/8114 8079/8079
f 8109/8109 8090/8090 8113/8113
f 1938/1938 1941/1941 1933/1933
f 1933/1933 1941/1941 1934/1934
f 1932/1932 1972/1972 1930/1930
f 1896/1896 2037/2037 2035/2035
f 6291/6291 6313/6313 6297/6297
f 6295/6295 6291/6291 6297/6297
f 6905/6905 6916/6916 6903/6903
f 2271/2271 2274/2274 2183/2183
f 2184/2184 2183/2183 2276/2276
f 3653/3653 3642/3642 3661/3661
f 3661/3661 3642/3642 3655/3655
f 1972/1972 2013/2013 1928/1928
f 6315/6315 6313/6313 6266/6266
f 2011/2011 2009/2009 1928/1928
f 2013/2013 2011/2011 1928/1928
f 2037/2037 2032/2032 2035/2035
f 3657/3657 3656/3656 3665/3665
f 6264/6264 6265/6265 6266/6266
f 2011/2011 1918/1918 2009/2009
f 2032/2032 1917/1917 1914/1914
f 7659/7659 7568/7568 7660/7660
f 1917/1917 1875/1875 1914/1914
f 7465/7465 7461/7461 7454/7454
f 1918/1918 1863/1863 1876/1876
f 1875/1875 1859/1859 1914/1914
f 1876/1876 1863/1863 1875/1875
f 7462/7462 7454/7454 7443/7443
f 7454/7454 7434/7434 7443/7443
f 7087/7087 7088/7088 7086/7086
f 5085/5085 5086/5086 5081/5081
f 4259/4259 4261/4261 4260/4260
f 6476/6476 6478/6478 6474/6474
f 5033/5033 5034/5034 5031/5031
f 5031/5031 5034/5034 5036/5036
f 5031/5031 5036/5036 5129/5129
f 4626/4626 4627/4627 4628/4628
f 5542/5542 5538/5538 5535/5535
f 521/521 510/510 512/512
f 6400/6400 6380/6380 6398/6398
f 643/643 636/636 637/637
f 663/663 675/675 678/678
f 393/393 238/238 215/215
f 215/215 214/214 393/393
f 237/237 238/238 392/392
f 392/392 238/238 393/393
f 292/292 207/207 202/202
f 206/206 203/203 202/202
f 202/202 203/203 200/200
f 200/200 212/212 199/199
f 199/199 212/212 275/275
f 275/275 346/346 199/199
f 199/199 346/346 269/269
f 269/269 346/346 453/453
f 1539/1539 1369/1369 1353/1353
f 1353/1353 1369/1369 1348/1348
f 1348/1348 1161/1161 1353/1353
f 1159/1159 1158/1158 1157/1157
f 1158/1158 1154/1154 1157/1157
f 1154/1154 1155/1155 1157/1157
f 1154/1154 1131/1131 1155/1155
f 1131/1131 1134/1134 1155/1155
f 1117/1117 1138/1138 1134/1134
f 1117/1117 1107/1107 1138/1138
f 1107/1107 1106/1106 1138/1138
f 1104/1104 1106/1106 1107/1107
f 1104/1104 1101/1101 1106/1106
f 3462/3462 3458/3458 3453/3453
f 1103/1103 1101/1101 1104/1104
f 1111/1111 1099/1099 1103/1103
f 1103/1103 1099/1099 1101/1101
f 1915/1915 1871/1871 1870/1870
f 3912/3912 3892/3892 3891/3891
f 1840/1840 1871/1871 1834/1834
f 3898/3898 3912/3912 3896/3896
f 8062/8062 8063/8063 8088/8088
f 8062/8062 8088/8088 8087/8087
f 8049/8049 8053/8053 8054/8054
f 8054/8054 8053/8053 8055/8055
f 8054/8054 8055/8055 8056/8056
f 8058/8058 8056/8056 8062/8062
f 8079/8079 8057/8057 8094/8094
f 8090/8090 8081/8081 8113/8113
f 7418/7418 7420/7420 7417/7417
f 1930/1930 1972/1972 1927/1927
f 1833/1833 1867/1867 1896/1896
f 1833/1833 1776/1776 1867/1867
f 6409/6409 6292/6292 6295/6295
f 3663/3663 3652/3652 3662/3662
f 3662/3662 3652/3652 3653/3653
f 3642/3642 3643/3643 3655/3655
f 3655/3655 3643/3643 3649/3649
f 1867/1867 2037/2037 1896/1896
f 6905/6905 6907/6907 6916/6916
f 1917/1917 2032/2032 2037/2037
f 1867/1867 1917/1917 2037/2037
f 6904/6904 6754/6754 6759/6759
f 2009/2009 1918/1918 1924/1924
f 1924/1924 1918/1918 1911/1911
f 7659/7659 7567/7567 7568/7568
f 1918/1918 1876/1876 1911/1911
f 1911/1911 1876/1876 1875/1875
f 7569/7569 7574/7574 7575/7575
f 2915/2915 2914/2914 2916/2916
f 5133/5133 5100/5100 5085/5085
f 5085/5085 5100/5100 5086/5086
f 5086/5086 5087/5087 5081/5081
f 5203/5203 5202/5202 5204/5204
f 6425/6425 6428/6428 6382/6382
f 6425/6425 6382/6382 6394/6394
f 214/214 209/209 207/207
f 503/503 509/509 486/486
f 486/486 508/508 463/463
f 427/427 423/423 279/279
f 243/243 228/228 233/233
f 233/233 228/228 229/229
f 229/229 230/230 231/231
f 231/231 230/230 234/234
f 234/234 230/230 237/237
f 237/237 230/230 232/232
f 237/237 232/232 238/238
f 207/207 206/206 202/202
f 200/200 203/203 212/212
f 346/346 275/275 454/454
f 346/346 454/454 453/453
f 1160/1160 1159/1159 1161/1161
f 1160/1160 1158/1158 1159/1159
f 1131/1131 1117/1117 1134/1134
f 1109/1109 1107/1107 1117/1117
f 1109/1109 1108/1108 1107/1107
f 1108/1108 1104/1104 1107/1107
f 1108/1108 1113/1113 1104/1104
f 1113/1113 1105/1105 1104/1104
f 1105/1105 1103/1103 1104/1104
f 1105/1105 1110/1110 1103/1103
f 1105/1105 1112/1112 1110/1110
f 1110/1110 1111/1111 1103/1103
f 1111/1111 1127/1127 1099/1099
f 1127/1127 1096/1096 1099/1099
f 1915/1915 1834/1834 1871/1871
f 8088/8088 8099/8099 8087/8087
f 8056/8056 8055/8055 8063/8063
f 8057/8057 8044/8044 8048/8048
f 8048/8048 8047/8047 8049/8049
f 8049/8049 8047/8047 8053/8053
f 8079/8079 8041/8041 8057/8057
f 8081/8081 8080/8080 8079/8079
f 8090/8090 8064/8064 8081/8081
f 8109/8109 8064/8064 8090/8090
f 1772/1772 1776/1776 1833/1833
f 1945/1945 1943/1943 1939/1939
f 6366/6366 6292/6292 6409/6409
f 1776/1776 1780/1780 1867/1867
f 6295/6295 6292/6292 6291/6291
f 3611/3611 3642/3642 3653/3653
f 1865/1865 1867/1867 1780/1780
f 3663/3663 3645/3645 3652/3652
f 3649/3649 3648/3648 3656/3656
f 1865/1865 2020/2020 1867/1867
f 6313/6313 6270/6270 6266/6266
f 1928/1928 2009/2009 1868/1868
f 1868/1868 2009/2009 2019/2019
f 2019/2019 1911/1911 2020/2020
f 2020/2020 1917/1917 1867/1867
f 2009/2009 1924/1924 2019/2019
f 2019/2019 1924/1924 1911/1911
f 2020/2020 1911/1911 1917/1917
f 7566/7566 7574/7574 7569/7569
f 7568/7568 7566/7566 7569/7569
f 7096/7096 7089/7089 7087/7087
f 4271/4271 4259/4259 4272/4272
f 5571/5571 5575/5575 5574/5574
f 5203/5203 5199/5199 5202/5202
f 5036/5036 5135/5135 5129/5129
f 4627/4627 4626/4626 4624/4624
f 7654/7654 7671/7671 7525/7525
f 7693/7693 7595/7595 7697/7697
f 7693/7693 7697/7697 7719/7719
f 219/219 216/216 215/215
f 228/228 223/223 229/229
f 229/229 223/223 230/230
f 238/238 232/232 219/219
f 209/209 208/208 207/207
f 207/207 208/208 206/206
f 1535/1535 1514/1514 1532/1532
f 463/463 423/423 427/427
f 279/279 266/266 243/243
f 243/243 266/266 228/228
f 206/206 251/251 203/203
f 486/486 509/509 508/508
f 508/508 507/507 463/463
f 203/203 251/251 252/252
f 203/203 252/252 212/212
f 212/212 252/252 275/275
f 1540/1540 1369/1369 1539/1539
f 1369/1369 1202/1202 1201/1201
f 1369/1369 1201/1201 1348/1348
f 1201/1201 1161/1161 1348/1348
f 1201/1201 1162/1162 1161/1161
f 1162/1162 1160/1160 1161/1161
f 1156/1156 1158/1158 1160/1160
f 1156/1156 1154/1154 1158/1158
f 1135/1135 1128/1128 1131/1131
f 1128/1128 1117/1117 1131/1131
f 1128/1128 1115/1115 1117/1117
f 1115/1115 1109/1109 1117/1117
f 1116/1116 1132/1132 1108/1108
f 1116/1116 1108/1108 1115/1115
f 1115/1115 1108/1108 1109/1109
f 1132/1132 1133/1133 1113/1113
f 1133/1133 1114/1114 1113/1113
f 1114/1114 1105/1105 1113/1113
f 1130/1130 1105/1105 1114/1114
f 1130/1130 1118/1118 1105/1105
f 1118/1118 1119/1119 1112/1112
f 1118/1118 1112/1112 1105/1105
f 1112/1112 1125/1125 1110/1110
f 1125/1125 1126/1126 1110/1110
f 1126/1126 1111/1111 1110/1110
f 1126/1126 1127/1127 1111/1111
f 1062/1062 1096/1096 1127/1127
f 1062/1062 1063/1063 1095/1095
f 1062/1062 1095/1095 1096/1096
f 1063/1063 1068/1068 1095/1095
f 3913/3913 3902/3902 3912/3912
f 1747/1747 1748/1748 1745/1745
f 1747/1747 1745/1745 1746/1746
f 8057/8057 8041/8041 8044/8044
f 8044/8044 8047/8047 8048/8048
f 8079/8079 8013/8013 8041/8041
f 8080/8080 8013/8013 8079/8079
f 8081/8081 8016/8016 8080/8080
f 8064/8064 8016/8016 8081/8081
f 1940/1940 1939/1939 1937/1937
f 1928/1928 1868/1868 1927/1927
f 3645/3645 3612/3612 3652/3652
f 6291/6291 6289/6289 6313/6313
f 1868/1868 2019/2019 1858/1858
f 1858/1858 2020/2020 1865/1865
f 6313/6313 6289/6289 6270/6270
f 1858/1858 2019/2019 2020/2020
f 6268/6268 6266/6266 6270/6270
f 6908/6908 6759/6759 6972/6972
f 6283/6283 6281/6281 6280/6280
f 6283/6283 6280/6280 6267/6267
f 7609/7609 7567/7567 7659/7659
f 7567/7567 7566/7566 7568/7568
f 7434/7434 7447/7447 7430/7430
f 7574/7574 7650/7650 7575/7575
f 7102/7102 7097/7097 7096/7096
f 7087/7087 7089/7089 7088/7088
f 2910/2910 2913/2913 2914/2914
f 5134/5134 5100/5100 5133/5133
f 7121/7121 7120/7120 7115/7115
f 5611/5611 5534/5534 5591/5591
f 6163/6163 6162/6162 6164/6164
f 5034/5034 5035/5035 5036/5036
f 4626/4626 4625/4625 4624/4624
f 7525/7525 7671/7671 7527/7527
f 7525/7525 7526/7526 7524/7524
f 5591/5591 5592/5592 5542/5542
f 7595/7595 7528/7528 7584/7584
f 7595/7595 7584/7584 7697/7697
f 6428/6428 6381/6381 6382/6382
f 6382/6382 6381/6381 6380/6380
f 219/219 218/218 216/216
f 215/215 216/216 209/209
f 209/209 216/216 217/217
f 209/209 217/217 208/208
f 228/228 226/226 223/223
f 230/230 223/223 232/232
f 232/232 223/223 221/221
f 232/232 221/221 219/219
f 208/208 251/251 206/206
f 1535/1535 1541/1541 1514/1514
f 423/423 422/422 279/279
f 279/279 422/422 266/266
f 1532/1532 1512/1512 1531/1531
f 507/507 462/462 463/463
f 463/463 462/462 423/423
f 251/251 340/340 252/252
f 252/252 340/340 426/426
f 252/252 426/426 275/275
f 426/426 454/454 275/275
f 426/426 501/501 454/454
f 1377/1377 1369/1369 1540/1540
f 1202/1202 1164/1164 1201/1201
f 1164/1164 1162/1162 1201/1201
f 1163/1163 1162/1162 1164/1164
f 1163/1163 1160/1160 1162/1162
f 1163/1163 1251/1251 1254/1254
f 1163/1163 1254/1254 1160/1160
f 1254/1254 1156/1156 1160/1160
f 1154/1154 1135/1135 1131/1131
f 1341/1341 1132/1132 1116/1116
f 1341/1341 1133/1133 1132/1132
f 5472/5472 5511/5511 5489/5489
f 5470/5470 5510/5510 5472/5472
f 5472/5472 5510/5510 5511/5511
f 1343/1343 1120/1120 1118/1118
f 1343/1343 1118/1118 1130/1130
f 1120/1120 1119/1119 1118/1118
f 1120/1120 1121/1121 1119/1119
f 1121/1121 1267/1267 1119/1119
f 1119/1119 1125/1125 1112/1112
f 1267/1267 1125/1125 1119/1119
f 1125/1125 1129/1129 1126/1126
f 1129/1129 1127/1127 1126/1126
f 3902/3902 3749/3749 3880/3880
f 3902/3902 3880/3880 3892/3892
f 1729/1729 1716/1716 1724/1724
f 8063/8063 8089/8089 8088/8088
f 8060/8060 8055/8055 8053/8053
f 8041/8041 8034/8034 8044/8044
f 8044/8044 8042/8042 8047/8047
f 8013/8013 8015/8015 8041/8041
f 8080/8080 8016/8016 8013/8013
f 8018/8018 8016/8016 8064/8064
f 1936/1936 1937/1937 1933/1933
f 8031/8031 8018/8018 8064/8064
f 1930/1930 1927/1927 1929/1929
f 1765/1765 1767/1767 1776/1776
f 1765/1765 1776/1776 1772/1772
f 1765/1765 1772/1772 1763/1763
f 8106/8106 8006/8006 8031/8031
f 3643/3643 3646/3646 3648/3648
f 6290/6290 6289/6289 6291/6291
f 6292/6292 6290/6290 6291/6291
f 3652/3652 3612/3612 3611/3611
f 1868/1868 1858/1858 1781/1781
f 1781/1781 1858/1858 1780/1780
f 7096/7096 7097/7097 7089/7089
f 4271/4271 4264/4264 4259/4259
f 4259/4259 4264/4264 4261/4261
f 5591/5591 5534/5534 5533/5533
f 5036/5036 5035/5035 5135/5135
f 5135/5135 5035/5035 5146/5146
f 7525/7525 7527/7527 7526/7526
f 7524/7524 7526/7526 7528/7528
f 6882/6882 6923/6923 6856/6856
f 5592/5592 5538/5538 5542/5542
f 645/645 652/652 646/646
f 221/221 220/220 219/219
f 219/219 220/220 218/218
f 216/216 218/218 217/217
f 217/217 261/261 208/208
f 6380/6380 6378/6378 6398/6398
f 223/223 222/222 221/221
f 261/261 260/260 208/208
f 208/208 260/260 251/251
f 266/266 226/226 228/228
f 423/423 462/462 422/422
f 251/251 260/260 340/340
f 1514/1514 1512/1512 1532/1532
f 508/508 509/509 507/507
f 1529/1529 1241/1241 1377/1377
f 1170/1170 1369/1369 1377/1377
f 1170/1170 1202/1202 1369/1369
f 1165/1165 1163/1163 1164/1164
f 1167/1167 1166/1166 1165/1165
f 1166/1166 1163/1163 1165/1165
f 1167/1167 1192/1192 1166/1166
f 1166/1166 1246/1246 1163/1163
f 1246/1246 1251/1251 1163/1163
f 1135/1135 1154/1154 1156/1156
f 1272/1272 1115/1115 1128/1128
f 1115/1115 1341/1341 1116/1116
f 5513/5513 5489/5489 5512/5512
f 5513/5513 5488/5488 5489/5489
f 1537/1537 1120/1120 1343/1343
f 1123/1123 1122/1122 1120/1120
f 1122/1122 1121/1121 1120/1120
f 1122/1122 1267/1267 1121/1121
f 1125/1125 1137/1137 1129/1129
f 1064/1064 1127/1127 1129/1129
f 1064/1064 1062/1062 1127/1127
f 1062/1062 1060/1060 1063/1063
f 1060/1060 1061/1061 1068/1068
f 1836/1836 1729/1729 1834/1834
f 8102/8102 8116/8116 8105/8105
f 8099/8099 8098/8098 8096/8096
f 8099/8099 8096/8096 8102/8102
f 8088/8088 8089/8089 8098/8098
f 8055/8055 8060/8060 8063/8063
f 8034/8034 8039/8039 8044/8044
f 8013/8013 8014/8014 8015/8015
f 8015/8015 8034/8034 8041/8041
f 8016/8016 8014/8014 8013/8013
f 8016/8016 8017/8017 8014/8014
f 1946/1946 1945/1945 1940/1940
f 1946/1946 1940/1940 1937/1937
f 8018/8018 8017/8017 8016/8016
f 1931/1931 1930/1930 1929/1929
f 6366/6366 6365/6365 6293/6293
f 8031/8031 8024/8024 8017/8017
f 8031/8031 8017/8017 8018/8018
f 6293/6293 6290/6290 6292/6292
f 6366/6366 6293/6293 6292/6292
f 1927/1927 1781/1781 1929/1929
f 1781/1781 1908/1908 1929/1929
f 8006/8006 8024/8024 8031/8031
f 3648/3648 3646/3646 3658/3658
f 8011/8011 8006/8006 8012/8012
f 8008/8008 8007/8007 8004/8004
f 8008/8008 8004/8004 8011/8011
f 7349/7349 7343/7343 7348/7348
f 5578/5578 5577/5577 5571/5571
f 4264/4264 4265/4265 4261/4261
f 5199/5199 5198/5198 5202/5202
f 5533/5533 5593/5593 5591/5591
f 5034/5034 5042/5042 5035/5035
f 6381/6381 6379/6379 6380/6380
f 221/221 222/222 220/220
f 220/220 224/224 218/218
f 218/218 239/239 217/217
f 217/217 239/239 240/240
f 217/217 240/240 391/391
f 217/217 391/391 261/261
f 223/223 226/226 222/222
f 261/261 443/443 260/260
f 266/266 276/276 226/226
f 1528/1528 1514/1514 1541/1541
f 6398/6398 6378/6378 6399/6399
f 260/260 473/473 340/340
f 340/340 481/481 426/426
f 1514/1514 1472/1472 1512/1512
f 509/509 517/517 507/507
f 1242/1242 1241/1241 1529/1529
f 1241/1241 1170/1170 1377/1377
f 1170/1170 1168/1168 1202/1202
f 1168/1168 1164/1164 1202/1202
f 1168/1168 1167/1167 1165/1165
f 1168/1168 1165/1165 1164/1164
f 1233/1233 1232/1232 1193/1193
f 1232/1232 1194/1194 1193/1193
f 1233/1233 1193/1193 1209/1209
f 1193/1193 1166/1166 1192/1192
f 1209/1209 1193/1193 1192/1192
f 1194/1194 1259/1259 1166/1166
f 1193/1193 1194/1194 1166/1166
f 1259/1259 1246/1246 1166/1166
f 1259/1259 1251/1251 1246/1246
f 1278/1278 1273/1273 1254/1254
f 1254/1254 1273/1273 1156/1156
f 1273/1273 1135/1135 1156/1156
f 1273/1273 1272/1272 1135/1135
f 1272/1272 1128/1128 1135/1135
f 1272/1272 1337/1337 1115/1115
f 1337/1337 1341/1341 1115/1115
f 1337/1337 1364/1364 1341/1341
f 1364/1364 1133/1133 1341/1341
f 5467/5467 5466/5466 5469/5469
f 5466/5466 5501/5501 5469/5469
f 1124/1124 1122/1122 1123/1123
f 1391/1391 1124/1124 1123/1123
f 1124/1124 1139/1139 1122/1122
f 1139/1139 1261/1261 1122/1122
f 1122/1122 1261/1261 1267/1267
f 1137/1137 1125/1125 1267/1267
f 1137/1137 1064/1064 1129/1129
f 1137/1137 1066/1066 1064/1064
f 1057/1057 1062/1062 1064/1064
f 1057/1057 1060/1060 1062/1062
f 3748/3748 3746/3746 3749/3749
f 8060/8060 8069/8069 8063/8063
f 8063/8063 8069/8069 8089/8089
f 8039/8039 8042/8042 8044/8044
f 8042/8042 8043/8043 8047/8047
f 8014/8014 8020/8020 8015/8015
f 8015/8015 8020/8020 8034/8034
f 1946/1946 1984/1984 1945/1945
f 8017/8017 8019/8019 8014/8014
f 1931/1931 1929/1929 1960/1960
f 8024/8024 8023/8023 8017/8017
f 3644/3644 3609/3609 3612/3612
f 1908/1908 1781/1781 1769/1769
f 1769/1769 1781/1781 1780/1780
f 1769/1769 1780/1780 1767/1767
f 8006/8006 8009/8009 8024/8024
f 6290/6290 6261/6261 6289/6289
f 8003/8003 8009/8009 8006/8006
f 8004/8004 8003/8003 8006/8006
f 6912/6912 6915/6915 6914/6914
f 8007/8007 8005/8005 8004/8004
f 6289/6289 6261/6261 6270/6270
f 7795/7795 7797/7797 7796/7796
f 6279/6279 6278/6278 6275/6275
f 6279/6279 6283/6283 6278/6278
f 7353/7353 7363/7363 7343/7343
f 7609/7609 7564/7564 7567/7567
f 7564/7564 7566/7566 7567/7567
f 7097/7097 7095/7095 7089/7089
f 7089/7089 7095/7095 7090/7090
f 7089/7089 7090/7090 7088/7088
f 2912/2912 2911/2911 2910/2910
f 5097/5097 5089/5089 5100/5100
f 5134/5134 5097/5097 5100/5100
f 5100/5100 5089/5089 5086/5086
f 5089/5089 5088/5088 5086/5086
f 4270/4270 4264/4264 4271/4271
f 5086/5086 5088/5088 5087/5087
f 5035/5035 5147/5147 5146/5146
f 7671/7671 7639/7639 7527/7527
f 7528/7528 7526/7526 7530/7530
f 7530/7530 7540/7540 7584/7584
f 7528/7528 7530/7530 7584/7584
f 7697/7697 7699/7699 7719/7719
f 7697/7697 7584/7584 7699/7699
f 6428/6428 6419/6419 6381/6381
f 218/218 241/241 239/239
f 239/239 465/465 464/464
f 239/239 464/464 240/240
f 240/240 464/464 391/391
f 226/226 276/276 244/244
f 226/226 244/244 222/222
f 391/391 443/443 261/261
f 266/266 421/421 276/276
f 443/443 473/473 260/260
f 462/462 421/421 422/422
f 473/473 481/481 340/340
f 1493/1493 1239/1239 1242/1242
f 1514/1514 1528/1528 1472/1472
f 1472/1472 1453/1453 1512/1512
f 1512/1512 1513/1513 1531/1531
f 1512/1512 1453/1453 1513/1513
f 1531/1531 1513/1513 1536/1536
f 1169/1169 1168/1168 1170/1170
f 1169/1169 1184/1184 1167/1167
f 1169/1169 1167/1167 1168/1168
f 1184/1184 1265/1265 1192/1192
f 1184/1184 1192/1192 1167/1167
f 1360/1360 1237/1237 1248/1248
f 1360/1360 1248/1248 1479/1479
f 1479/1479 1248/1248 1478/1478
f 1248/1248 1233/1233 1478/1478
f 1478/1478 1233/1233 1265/1265
f 1236/1236 1234/1234 1237/1237
f 1237/1237 1234/1234 1248/1248
f 1234/1234 1233/1233 1248/1248
f 1233/1233 1209/1209 1265/1265
f 1236/1236 1235/1235 1234/1234
f 1234/1234 1235/1235 1232/1232
f 1234/1234 1232/1232 1233/1233
f 1236/1236 1263/1263 1235/1235
f 1263/1263 1354/1354 1235/1235
f 1235/1235 1354/1354 1232/1232
f 1232/1232 1354/1354 1194/1194
f 2082/2082 2066/2066 2101/2101
f 2066/2066 2076/2076 2101/2101
f 2066/2066 2067/2067 2076/2076
f 2101/2101 2076/2076 2102/2102
f 2076/2076 2098/2098 2102/2102
f 1259/1259 1279/1279 1251/1251
f 1279/1279 1278/1278 1254/1254
f 1251/1251 1279/1279 1254/1254
f 1273/1273 1274/1274 1272/1272
f 1274/1274 1337/1337 1272/1272
f 3809/3809 3828/3828 3824/3824
f 3807/3807 3875/3875 3809/3809
f 5543/5543 5535/5535 5537/5537
f 1390/1390 1124/1124 1391/1391
f 1390/1390 1141/1141 1124/1124
f 1141/1141 1140/1140 1124/1124
f 1140/1140 1139/1139 1124/1124
f 1140/1140 1384/1384 1139/1139
f 1384/1384 1268/1268 1139/1139
f 1268/1268 1261/1261 1139/1139
f 1261/1261 1137/1137 1267/1267
f 1066/1066 1057/1057 1064/1064
f 1057/1057 1055/1055 1060/1060
f 3748/3748 3744/3744 3746/3746
f 1841/1841 1729/1729 1846/1846
f 1809/1809 1729/1729 1841/1841
f 8043/8043 8059/8059 8047/8047
f 8047/8047 8059/8059 8060/8060
f 8014/8014 8021/8021 8020/8020
f 1950/1950 1937/1937 1951/1951
f 8019/8019 8021/8021 8014/8014
f 8017/8017 8022/8022 8019/8019
f 1929/1929 1908/1908 1975/1975
f 8023/8023 8022/8022 8017/8017
f 6293/6293 6294/6294 6290/6290
f 3646/3646 3669/3669 3658/3658
f 6290/6290 6294/6294 6316/6316
f 8009/8009 8029/8029 8023/8023
f 8009/8009 8023/8023 8024/8024
f 6290/6290 6316/6316 6261/6261
f 8003/8003 8010/8010 8009/8009
f 7464/7464 7463/7463 7459/7459
f 7463/7463 7452/7452 7459/7459
f 7459/7459 7452/7452 7451/7451
f 7795/7795 7792/7792 7794/7794
f 7792/7792 7793/7793 7794/7794
f 6279/6279 6275/6275 6277/6277
f 6277/6277 6275/6275 6261/6261
f 7363/7363 7341/7341 7343/7343
f 7609/7609 7579/7579 7564/7564
f 7566/7566 7565/7565 7574/7574
f 7565/7565 7650/7650 7574/7574
f 2910/2910 2909/2909 2913/2913
f 5134/5134 5096/5096 5097/5097
f 7115/7115 7116/7116 7117/7117
f 5571/5571 5576/5576 5575/5575
f 5199/5199 5194/5194 5198/5198
f 5035/5035 5042/5042 5043/5043
f 4625/4625 4623/4623 4624/4624
f 5035/5035 5148/5148 5147/5147
f 6419/6419 6379/6379 6381/6381
f 257/257 225/225 222/222
f 244/244 257/257 222/222
f 222/222 225/225 220/220
f 220/220 225/225 224/224
f 218/218 242/242 241/241
f 1525/1525 1526/1526 1482/1482
f 380/380 257/257 244/244
f 276/276 380/380 244/244
f 464/464 443/443 391/391
f 1525/1525 1482/1482 1524/1524
f 421/421 380/380 276/276
f 6380/6380 6379/6379 6378/6378
f 462/462 506/506 421/421
f 507/507 506/506 462/462
f 517/517 518/518 507/507
f 507/507 518/518 506/506
f 1239/1239 1171/1171 1242/1242
f 1242/1242 1171/1171 1241/1241
f 1472/1472 1427/1427 1453/1453
f 1513/1513 1489/1489 1536/1536
f 1171/1171 1170/1170 1241/1241
f 1171/1171 1172/1172 1169/1169
f 1171/1171 1169/1169 1170/1170
f 1172/1172 1184/1184 1169/1169
f 1256/1256 1378/1378 1172/1172
f 1172/1172 1378/1378 1265/1265
f 1172/1172 1265/1265 1184/1184
f 1504/1504 1360/1360 1486/1486
f 1486/1486 1479/1479 1378/1378
f 1544/1544 1503/1503 1504/1504
f 1504/1504 1503/1503 1360/1360
f 1503/1503 1238/1238 1237/1237
f 1503/1503 1237/1237 1360/1360
f 1238/1238 1231/1231 1236/1236
f 1238/1238 1236/1236 1237/1237
f 1231/1231 1245/1245 1236/1236
f 1245/1245 1263/1263 1236/1236
f 2090/2090 2058/2058 2089/2089
f 2089/2089 2058/2058 2054/2054
f 2089/2089 2054/2054 2082/2082
f 2054/2054 2066/2066 2082/2082
f 2066/2066 2054/2054 2055/2055
f 2055/2055 2060/2060 2066/2066
f 2066/2066 2060/2060 2067/2067
f 2067/2067 2077/2077 2076/2076
f 2076/2076 2077/2077 2098/2098
f 1487/1487 1279/1279 1259/1259
f 1278/1278 1275/1275 1273/1273
f 1275/1275 1274/1274 1273/1273
f 1274/1274 1364/1364 1337/1337
f 1274/1274 1357/1357 1364/1364
f 5497/5497 5471/5471 5488/5488
f 5497/5497 5488/5488 5515/5515
f 3875/3875 3828/3828 3809/3809
f 5457/5457 5468/5468 5466/5466
f 5468/5468 5455/5455 5500/5500
f 1141/1141 1142/1142 1140/1140
f 1142/1142 1143/1143 1140/1140
f 1143/1143 1384/1384 1140/1140
f 1268/1268 1088/1088 1261/1261
f 1261/1261 1088/1088 1137/1137
f 1088/1088 1067/1067 1137/1137
f 1137/1137 1067/1067 1066/1066
f 1067/1067 1056/1056 1066/1066
f 1056/1056 1057/1057 1066/1066
f 1056/1056 1054/1054 1055/1055
f 1056/1056 1055/1055 1057/1057
f 1054/1054 1053/1053 1055/1055
f 3762/3762 3742/3742 3748/3748
f 8069/8069 8077/8077 8089/8089
f 1703/1703 1704/1704 1705/1705
f 8059/8059 8067/8067 8060/8060
f 8060/8060 8067/8067 8069/8069
f 8039/8039 8040/8040 8042/8042
f 8042/8042 8040/8040 8043/8043
f 8020/8020 8027/8027 8034/8034
f 8034/8034 8027/8027 8039/8039
f 6365/6365 6406/6406 6296/6296
f 8021/8021 8027/8027 8020/8020
f 6365/6365 6296/6296 6293/6293
f 8022/8022 8021/8021 8019/8019
f 5537/5537 5577/5577 5578/5578
f 3610/3610 3647/3647 3646/3646
f 3604/3604 3608/3608 3611/3611
f 6977/6977 6915/6915 6978/6978
f 8009/8009 8010/8010 8029/8029
f 7800/7800 7794/7794 7799/7799
f 7800/7800 7799/7799 7801/7801
f 7794/7794 7798/7798 7799/7799
f 7668/7668 7579/7579 7609/7609
f 7452/7452 7433/7433 7451/7451
f 7564/7564 7565/7565 7566/7566
f 5097/5097 5096/5096 5089/5089
f 5577/5577 5576/5576 5571/5571
f 5194/5194 5196/5196 5198/5198
f 5034/5034 5055/5055 5042/5042
f 5035/5035 5043/5043 5148/5148
f 5593/5593 5592/5592 5591/5591
f 4624/4624 4623/4623 4620/4620
f 7584/7584 7604/7604 7699/7699
f 225/225 227/227 224/224
f 224/224 227/227 218/218
f 241/241 326/326 239/239
f 239/239 326/326 466/466
f 239/239 466/466 465/465
f 465/465 466/466 495/495
f 1526/1526 1361/1361 1482/1482
f 1482/1482 1493/1493 1524/1524
f 1482/1482 1257/1257 1493/1493
f 1257/1257 1239/1239 1493/1493
f 1257/1257 1183/1183 1239/1239
f 1183/1183 1174/1174 1239/1239
f 6378/6378 6376/6376 6399/6399
f 1174/1174 1171/1171 1239/1239
f 1528/1528 1470/1470 1472/1472
f 1489/1489 1534/1534 1536/1536
f 1174/1174 1173/1173 1171/1171
f 1513/1513 1453/1453 1452/1452
f 1513/1513 1452/1452 1489/1489
f 1255/1255 1256/1256 1175/1175
f 1175/1175 1256/1256 1173/1173
f 1173/1173 1256/1256 1172/1172
f 1173/1173 1172/1172 1171/1171
f 1255/1255 1378/1378 1256/1256
f 1486/1486 1378/1378 1255/1255
f 1370/1370 1238/1238 1544/1544
f 1229/1229 1231/1231 1370/1370
f 1370/1370 1231/1231 1238/1238
f 1229/1229 1230/1230 1231/1231
f 1230/1230 1473/1473 1245/1245
f 1230/1230 1245/1245 1231/1231
f 2090/2090 2069/2069 2058/2058
f 2058/2058 2050/2050 2054/2054
f 2054/2054 2050/2050 2053/2053
f 2054/2054 2053/2053 2055/2055
f 2055/2055 2053/2053 2056/2056
f 2055/2055 2056/2056 2060/2060
f 2060/2060 2074/2074 2067/2067
f 2067/2067 2074/2074 2077/2077
f 1278/1278 1277/1277 1275/1275
f 1276/1276 1274/1274 1275/1275
f 1274/1274 1344/1344 1357/1357
f 1344/1344 1542/1542 1357/1357
f 5491/5491 5467/5467 5471/5471
f 5491/5491 5492/5492 5467/5467
f 5491/5491 5471/5471 5497/5497
f 3805/3805 3911/3911 3807/3807
f 1389/1389 1142/1142 1141/1141
f 1389/1389 1141/1141 1390/1390
f 1144/1144 1143/1143 1142/1142
f 1144/1144 1347/1347 1143/1143
f 1347/1347 1153/1153 1143/1143
f 1143/1143 1153/1153 1384/1384
f 1384/1384 1153/1153 1268/1268
f 1153/1153 1088/1088 1268/1268
f 1088/1088 1058/1058 1067/1067
f 1058/1058 1056/1056 1067/1067
f 1058/1058 1052/1052 1054/1054
f 1058/1058 1054/1054 1056/1056
f 1052/1052 1053/1053 1054/1054
f 1052/1052 1050/1050 1053/1053
f 3742/3742 3744/3744 3748/3748
f 8069/8069 8076/8076 8077/8077
f 8069/8069 8067/8067 8076/8076
f 1959/1959 1958/1958 1960/1960
f 8027/8027 8032/8032 8039/8039
f 6296/6296 6294/6294 6293/6293
f 3646/3646 3672/3672 3669/3669
f 8023/8023 8029/8029 8022/8022
f 6259/6259 6279/6279 6277/6277
f 6259/6259 6277/6277 6261/6261
f 8129/8129 8123/8123 8124/8124
f 8131/8131 8129/8129 8124/8124
f 8052/8052 8029/8029 8010/8010
f 7668/7668 7667/7667 7579/7579
f 4264/4264 4268/4268 4265/4265
f 5055/5055 5044/5044 5042/5042
f 5148/5148 5043/5043 5151/5151
f 4623/4623 4607/4607 4620/4620
f 7540/7540 7604/7604 7584/7584
f 257/257 382/382 225/225
f 382/382 390/390 225/225
f 225/225 390/390 227/227
f 218/218 227/227 242/242
f 241/241 242/242 326/326
f 7604/7604 7653/7653 7699/7699
f 6419/6419 6420/6420 6379/6379
f 257/257 440/440 382/382
f 421/421 440/440 380/380
f 1361/1361 1257/1257 1482/1482
f 506/506 440/440 421/421
f 6379/6379 6377/6377 6378/6378
f 1257/1257 1180/1180 1183/1183
f 1180/1180 1176/1176 1183/1183
f 1183/1183 1176/1176 1174/1174
f 1176/1176 1175/1175 1174/1174
f 1175/1175 1173/1173 1174/1174
f 6399/6399 6376/6376 6401/6401
f 1470/1470 1427/1427 1472/1472
f 1175/1175 1250/1250 1255/1255
f 1427/1427 1426/1426 1453/1453
f 1426/1426 1424/1424 1452/1452
f 1453/1453 1426/1426 1452/1452
f 1452/1452 1424/1424 1489/1489
f 1518/1518 1486/1486 1250/1250
f 1518/1518 1545/1545 1544/1544
f 1226/1226 1229/1229 1530/1530
f 1530/1530 1229/1229 1370/1370
f 1226/1226 1224/1224 1229/1229
f 1224/1224 1228/1228 1229/1229
f 1228/1228 1230/1230 1229/1229
f 1228/1228 1473/1473 1230/1230
f 2080/2080 2057/2057 2090/2090
f 2090/2090 2057/2057 2069/2069
f 2057/2057 2049/2049 2069/2069
f 2050/2050 2043/2043 2051/2051
f 2069/2069 2049/2049 2058/2058
f 2049/2049 2048/2048 2058/2058
f 2058/2058 2048/2048 2050/2050
f 2052/2052 2056/2056 2053/2053
f 2074/2074 2097/2097 2077/2077
f 2077/2077 2097/2097 2098/2098
f 1277/1277 1276/1276 1275/1275
f 1276/1276 1344/1344 1274/1274
f 1344/1344 1523/1523 1542/1542
f 3803/3803 3911/3911 3805/3805
f 1145/1145 1142/1142 1389/1389
f 1145/1145 1144/1144 1142/1142
f 1144/1144 1153/1153 1347/1347
f 1074/1074 1088/1088 1153/1153
f 1074/1074 1059/1059 1088/1088
f 1088/1088 1059/1059 1058/1058
f 1059/1059 1052/1052 1058/1058
f 1059/1059 1039/1039 1052/1052
f 1039/1039 1038/1038 1050/1050
f 1039/1039 1050/1050 1052/1052
f 1038/1038 1051/1051 1050/1050
f 1719/1719 1720/1720 1820/1820
f 8076/8076 8097/8097 8077/8077
f 1719/1719 1707/1707 1710/1710
f 1719/1719 1710/1710 1720/1720
f 1956/1956 1950/1950 1964/1964
f 1950/1950 1952/1952 1964/1964
f 1952/1952 1951/1951 1959/1959
f 8059/8059 8045/8045 8067/8067
f 1951/1951 1958/1958 1959/1959
f 8043/8043 8045/8045 8059/8059
f 8039/8039 8032/8032 8040/8040
f 8040/8040 8032/8032 8045/8045
f 8040/8040 8045/8045 8043/8043
f 8026/8026 8032/8032 8027/8027
f 6296/6296 6262/6262 6294/6294
f 3647/3647 3672/3672 3646/3646
f 6294/6294 6262/6262 6316/6316
f 8132/8132 8129/8129 8131/8131
f 6316/6316 6262/6262 6261/6261
f 8029/8029 8028/8028 8022/8022
f 6258/6258 6259/6259 6257/6257
f 6258/6258 6285/6285 6259/6259
f 6257/6257 6259/6259 6261/6261
f 6285/6285 6279/6279 6259/6259
f 8124/8124 8123/8123 8072/8072
f 8071/8071 8052/8052 8082/8082
f 8072/8072 8071/8071 8111/8111
f 7563/7563 7613/7613 7565/7565
f 7565/7565 7613/7613 7650/7650
f 7097/7097 7077/7077 7095/7095
f 7077/7077 7079/7079 7095/7095
f 7095/7095 7079/7079 7090/7090
f 2911/2911 2905/2905 2910/2910
f 2910/2910 2905/2905 2909/2909
f 4270/4270 4269/4269 4264/4264
f 5575/5575 5576/5576 5654/5654
f 6147/6147 6156/6156 6162/6162
f 5055/5055 5149/5149 5044/5044
f 5042/5042 5044/5044 5043/5043
f 5043/5043 5044/5044 5045/5045
f 7527/7527 7639/7639 7531/7531
f 7527/7527 7531/7531 7526/7526
f 6878/6878 6818/6818 6857/6857
f 227/227 390/390 476/476
f 227/227 476/476 242/242
f 242/242 476/476 435/435
f 242/242 435/435 326/326
f 440/440 498/498 382/382
f 1538/1538 1349/1349 1206/1206
f 1538/1538 1206/1206 1519/1519
f 7653/7653 7721/7721 7699/7699
f 1519/1519 1206/1206 1361/1361
f 6420/6420 6377/6377 6379/6379
f 514/514 516/516 440/440
f 1361/1361 1206/1206 1179/1179
f 1179/1179 1257/1257 1361/1361
f 506/506 514/514 440/440
f 1179/1179 1180/1180 1257/1257
f 506/506 518/518 514/514
f 1179/1179 1176/1176 1180/1180
f 6378/6378 6377/6377 6376/6376
f 1176/1176 1177/1177 1175/1175
f 1177/1177 1249/1249 1250/1250
f 1177/1177 1250/1250 1175/1175
f 1249/1249 1518/1518 1250/1250
f 1424/1424 1459/1459 1489/1489
f 1548/1548 1225/1225 1226/1226
f 1225/1225 1224/1224 1226/1226
f 1227/1227 1228/1228 1224/1224
f 1227/1227 1506/1506 1473/1473
f 1227/1227 1473/1473 1228/1228
f 2080/2080 2059/2059 2057/2057
f 2049/2049 2045/2045 2048/2048
f 2048/2048 2041/2041 2050/2050
f 2050/2050 2041/2041 2043/2043
f 2043/2043 2044/2044 2051/2051
f 2051/2051 2044/2044 2052/2052
f 2044/2044 2068/2068 2052/2052
f 2052/2052 2068/2068 2056/2056
f 2057/2057 2045/2045 2049/2049
f 2056/2056 2068/2068 2060/2060
f 2060/2060 2068/2068 2074/2074
f 1488/1488 1373/1373 1487/1487
f 1373/1373 1279/1279 1487/1487
f 1279/1279 1281/1281 1278/1278
f 1281/1281 1277/1277 1278/1278
f 1280/1280 1276/1276 1277/1277
f 1276/1276 1330/1330 1344/1344
f 1330/1330 1523/1523 1344/1344
f 5465/5465 5492/5492 5487/5487
f 1465/1465 1387/1387 1145/1145
f 1146/1146 1144/1144 1145/1145
f 1146/1146 1136/1136 1144/1144
f 1146/1146 1090/1090 1136/1136
f 1144/1144 1136/1136 1153/1153
f 1136/1136 1090/1090 1074/1074
f 1136/1136 1074/1074 1153/1153
f 1038/1038 1037/1037 1051/1051
f 3761/3761 3732/3732 3742/3742
f 1969/1969 1956/1956 1964/1964
f 1719/1719 1822/1822 1721/1721
f 1964/1964 1952/1952 1970/1970
f 1970/1970 1952/1952 1959/1959
f 8067/8067 8073/8073 8076/8076
f 6406/6406 6362/6362 6296/6296
f 8045/8045 8073/8073 8067/8067
f 6307/6307 6306/6306 6296/6296
f 6296/6296 6306/6306 6262/6262
f 3599/3599 3601/3601 3604/3604
f 8021/8021 8026/8026 8027/8027
f 8025/8025 8026/8026 8021/8021
f 8022/8022 8025/8025 8021/8021
f 6257/6257 6261/6261 6262/6262
f 8030/8030 8028/8028 8029/8029
f 8052/8052 8051/8051 8030/8030
f 8052/8052 8030/8030 8029/8029
f 8071/8071 8051/8051 8052/8052
f 7579/7579 7556/7556 7564/7564
f 7564/7564 7563/7563 7565/7565
f 2905/2905 2908/2908 2909/2909
f 5098/5098 5091/5091 5096/5096
f 5096/5096 5091/5091 5089/5089
f 4273/4273 4269/4269 4270/4270
f 5089/5089 5090/5090 5088/5088
f 5577/5577 5582/5582 5576/5576
f 5043/5043 5045/5045 5158/5158
f 5043/5043 5158/5158 5151/5151
f 954/954 953/953 776/776
f 7604/7604 7539/7539 7653/7653
f 498/498 390/390 382/382
f 1448/1448 1207/1207 1349/1349
f 1349/1349 1207/1207 1204/1204
f 1207/1207 1203/1203 1204/1204
f 1349/1349 1204/1204 1206/1206
f 440/440 516/516 498/498
f 1499/1499 1446/1446 1485/1485
f 1204/1204 1203/1203 1181/1181
f 1204/1204 1181/1181 1206/1206
f 1181/1181 1179/1179 1206/1206
f 1181/1181 1178/1178 1179/1179
f 1178/1178 1176/1176 1179/1179
f 1534/1534 1480/1480 1533/1533
f 1178/1178 1177/1177 1176/1176
f 1534/1534 1515/1515 1480/1480
f 1178/1178 1185/1185 1177/1177
f 1185/1185 1249/1249 1177/1177
f 6376/6376 6375/6375 6401/6401
f 1489/1489 1480/1480 1515/1515
f 1185/1185 1342/1342 1249/1249
f 6375/6375 6372/6372 6401/6401
f 1549/1549 1545/1545 1342/1342
f 1470/1470 1416/1416 1427/1427
f 1427/1427 1416/1416 1426/1426
f 1243/1243 1225/1225 1546/1546
f 1416/1416 1414/1414 1426/1426
f 1414/1414 1424/1424 1426/1426
f 1424/1424 1429/1429 1459/1459
f 1223/1223 1224/1224 1225/1225
f 1243/1243 1223/1223 1225/1225
f 1223/1223 1222/1222 1224/1224
f 1222/1222 1227/1227 1224/1224
f 1222/1222 1506/1506 1227/1227
f 2041/2041 2040/2040 2043/2043
f 2043/2043 2040/2040 2044/2044
f 2081/2081 2059/2059 2080/2080
f 2059/2059 2046/2046 2057/2057
f 2046/2046 2045/2045 2057/2057
f 2045/2045 2038/2038 2048/2048
f 2048/2048 2038/2038 2041/2041
f 2044/2044 2072/2072 2068/2068
f 2068/2068 2072/2072 2091/2091
f 2068/2068 2091/2091 2074/2074
f 2074/2074 2091/2091 2097/2097
f 1373/1373 1286/1286 1279/1279
f 1286/1286 1281/1281 1279/1279
f 1281/1281 1280/1280 1277/1277
f 1283/1283 1276/1276 1280/1280
f 1283/1283 1330/1330 1276/1276
f 1330/1330 1388/1388 1523/1523
f 5509/5509 5492/5492 5491/5491
f 3911/3911 3885/3885 3872/3872
f 3800/3800 3885/3885 3803/3803
f 1147/1147 1145/1145 1387/1387
f 1148/1148 1146/1146 1147/1147
f 1147/1147 1146/1146 1145/1145
f 1148/1148 1090/1090 1146/1146
f 1090/1090 1073/1073 1074/1074
f 1073/1073 1059/1059 1074/1074
f 1034/1034 1059/1059 1073/1073
f 1034/1034 1039/1039 1059/1059
f 1034/1034 1030/1030 1038/1038
f 1034/1034 1038/1038 1039/1039
f 1030/1030 1037/1037 1038/1038
f 1969/1969 1964/1964 1979/1979
f 1031/1031 1072/1072 1037/1037
f 3758/3758 3732/3732 3761/3761
f 1989/1989 1956/1956 1969/1969
f 1970/1970 1959/1959 1971/1971
f 8073/8073 8092/8092 8076/8076
f 6362/6362 6307/6307 6296/6296
f 8045/8045 8038/8038 8073/8073
f 3601/3601 3603/3603 3610/3610
f 8037/8037 8038/8038 8032/8032
f 8032/8032 8038/8038 8045/8045
f 3647/3647 3671/3671 3672/3672
f 8032/8032 8026/8026 8037/8037
f 6306/6306 6263/6263 6262/6262
f 8132/8132 8133/8133 8129/8129
f 8134/8134 8130/8130 8129/8129
f 8028/8028 8025/8025 8022/8022
f 6285/6285 6258/6258 6256/6256
f 6256/6256 6258/6258 6257/6257
f 6256/6256 6257/6257 6253/6253
f 8311/8311 8314/8314 8313/8313
f 6979/6979 6966/6966 6981/6981
f 8129/8129 8130/8130 8120/8120
f 8123/8123 8120/8120 8072/8072
f 8072/8072 8086/8086 8066/8066
f 8072/8072 8066/8066 8071/8071
f 8071/8071 8066/8066 8051/8051
f 7564/7564 7556/7556 7563/7563
f 7101/7101 7077/7077 7097/7097
f 5089/5089 5091/5091 5090/5090
f 5194/5194 5195/5195 5196/5196
f 5158/5158 5045/5045 5159/5159
f 6724/6724 6725/6725 6597/6597
f 7604/7604 7540/7540 7539/7539
f 1485/1485 1446/1446 1484/1484
f 1484/1484 1446/1446 1366/1366
f 1484/1484 1366/1366 1448/1448
f 1448/1448 1366/1366 1244/1244
f 1448/1448 1244/1244 1207/1207
f 1244/1244 1203/1203 1207/1207
f 1244/1244 1189/1189 1203/1203
f 1189/1189 1182/1182 1203/1203
f 1203/1203 1182/1182 1181/1181
f 7653/7653 7714/7714 7721/7721
f 1499/1499 1458/1458 1446/1446
f 6420/6420 6429/6429 6377/6377
f 1533/1533 1458/1458 1499/1499
f 1181/1181 1182/1182 1178/1178
f 1533/1533 1480/1480 1458/1458
f 1182/1182 1186/1186 1185/1185
f 1182/1182 1185/1185 1178/1178
f 6376/6376 6377/6377 6374/6374
f 6376/6376 6374/6374 6375/6375
f 1186/1186 1252/1252 1342/1342
f 1186/1186 1342/1342 1185/1185
f 1469/1469 1416/1416 1470/1470
f 1459/1459 1429/1429 1428/1428
f 1264/1264 1221/1221 1223/1223
f 1264/1264 1223/1223 1243/1243
f 1221/1221 1222/1222 1223/1223
f 1414/1414 1422/1422 1424/1424
f 1424/1424 1422/1422 1429/1429
f 1222/1222 1505/1505 1506/1506
f 2038/2038 2040/2040 2041/2041
f 2061/2061 2047/2047 2059/2059
f 2081/2081 2061/2061 2059/2059
f 2047/2047 2046/2046 2059/2059
f 2045/2045 2046/2046 2042/2042
f 2045/2045 2042/2042 2038/2038
f 2044/2044 2040/2040 2072/2072
f 1516/1516 1374/1374 1373/1373
f 1516/1516 1373/1373 1488/1488
f 5509/5509 5487/5487 5492/5492
f 3800/3800 3798/3798 3885/3885
f 5459/5459 5503/5503 5460/5460
f 3794/3794 3796/3796 3797/3797
f 1150/1150 1148/1148 1149/1149
f 1149/1149 1148/1148 1147/1147
f 1150/1150 1091/1091 1148/1148
f 1148/1148 1091/1091 1090/1090
f 1091/1091 1065/1065 1090/1090
f 1065/1065 1073/1073 1090/1090
f 1032/1032 1034/1034 1065/1065
f 1065/1065 1034/1034 1073/1073
f 1032/1032 1029/1029 1034/1034
f 1034/1034 1029/1029 1030/1030
f 1979/1979 1964/1964 1986/1986
f 1981/1981 1989/1989 1969/1969
f 1981/1981 1969/1969 1979/1979
f 1964/1964 1970/1970 1986/1986
f 1029/1029 1028/1028 1030/1030
f 1028/1028 1027/1027 1031/1031
f 1959/1959 1962/1962 1967/1967
f 1027/1027 1049/1049 1031/1031
f 3751/3751 3729/3729 3758/3758
f 6308/6308 6247/6247 6306/6306
f 6307/6307 6308/6308 6306/6306
f 3603/3603 3613/3613 3647/3647
f 3613/3613 3671/3671 3647/3647
f 6306/6306 6247/6247 6263/6263
f 8026/8026 8035/8035 8037/8037
f 8133/8133 8134/8134 8129/8129
f 2001/2001 1905/1905 1994/1994
f 8025/8025 8035/8035 8026/8026
f 7667/7667 7580/7580 7579/7579
f 7580/7580 7556/7556 7579/7579
f 8120/8120 8086/8086 8072/8072
f 8051/8051 8066/8066 8050/8050
f 8051/8051 8050/8050 8030/8030
f 7077/7077 7078/7078 7079/7079
f 2905/2905 2906/2906 2908/2908
f 5098/5098 5099/5099 5091/5091
f 4273/4273 4274/4274 4269/4269
f 5044/5044 5046/5046 5045/5045
f 7526/7526 7531/7531 7530/7530
f 1446/1446 1247/1247 1366/1366
f 1366/1366 1200/1200 1244/1244
f 1366/1366 1247/1247 1200/1200
f 1200/1200 1190/1190 1244/1244
f 1190/1190 1189/1189 1244/1244
f 1458/1458 1262/1262 1446/1446
f 1446/1446 1262/1262 1247/1247
f 1190/1190 1187/1187 1189/1189
f 1187/1187 1182/1182 1189/1189
f 1187/1187 1186/1186 1182/1182
f 1480/1480 1359/1359 1458/1458
f 1458/1458 1359/1359 1262/1262
f 1187/1187 1188/1188 1186/1186
f 1188/1188 1195/1195 1252/1252
f 1188/1188 1252/1252 1186/1186
f 5538/5538 5540/5540 5535/5535
f 1480/1480 1459/1459 1392/1392
f 1480/1480 1392/1392 1359/1359
f 1195/1195 1543/1543 1252/1252
f 6375/6375 6371/6371 6372/6372
f 1459/1459 1260/1260 1392/1392
f 1258/1258 1221/1221 1464/1464
f 1464/1464 1221/1221 1264/1264
f 1428/1428 1260/1260 1459/1459
f 1258/1258 1218/1218 1221/1221
f 1416/1416 1469/1469 1411/1411
f 1218/1218 1219/1219 1221/1221
f 1219/1219 1222/1222 1221/1221
f 2042/2042 2039/2039 2038/2038
f 2038/2038 2039/2039 2040/2040
f 1411/1411 1408/1408 1414/1414
f 1416/1416 1411/1411 1414/1414
f 1408/1408 1422/1422 1414/1414
f 1429/1429 1422/1422 1428/1428
f 1219/1219 1505/1505 1222/1222
f 2083/2083 2075/2075 2065/2065
f 2083/2083 2065/2065 2081/2081
f 2081/2081 2065/2065 2061/2061
f 2046/2046 2047/2047 2042/2042
f 2039/2039 2079/2079 2040/2040
f 2040/2040 2079/2079 2072/2072
f 2079/2079 2095/2095 2091/2091
f 2079/2079 2091/2091 2072/2072
f 1374/1374 1335/1335 1373/1373
f 1335/1335 1286/1286 1373/1373
f 1283/1283 1320/1320 1330/1330
f 1320/1320 1388/1388 1330/1330
f 1320/1320 1326/1326 1388/1388
f 3861/3861 3830/3830 3872/3872
f 5504/5504 5487/5487 5509/5509
f 1149/1149 1151/1151 1150/1150
f 5459/5459 5436/5436 5475/5475
f 1151/1151 1152/1152 1150/1150
f 1150/1150 1152/1152 1091/1091
f 1077/1077 1065/1065 1091/1091
f 2005/2005 1979/1979 1986/1986
f 1026/1026 1029/1029 1032/1032
f 6362/6362 6360/6360 6309/6309
f 1986/1986 1970/1970 1990/1990
f 1970/1970 1971/1971 1988/1988
f 1990/1990 1970/1970 1988/1988
f 1026/1026 1023/1023 1027/1027
f 1026/1026 1027/1027 1028/1028
f 1026/1026 1028/1028 1029/1029
f 6309/6309 6308/6308 6307/6307
f 6362/6362 6309/6309 6307/6307
f 1023/1023 1049/1049 1027/1027
f 1734/1734 1702/1702 1718/1718
f 1071/1071 1049/1049 1023/1023
f 1993/1993 1994/1994 1905/1905
f 6252/6252 6253/6253 6251/6251
f 8311/8311 8313/8313 8312/8312
f 8310/8310 8311/8311 8312/8312
f 8025/8025 8036/8036 8035/8035
f 7675/7675 7580/7580 7667/7667
f 8025/8025 8033/8033 8036/8036
f 6966/6966 6746/6746 6747/6747
f 1775/1775 1697/1697 1777/1777
f 8028/8028 8033/8033 8025/8025
f 8030/8030 8046/8046 8033/8033
f 8030/8030 8033/8033 8028/8028
f 8030/8030 8050/8050 8046/8046
f 5093/5093 5091/5091 5099/5099
f 4276/4276 4274/4274 4273/4273
f 5091/5091 5092/5092 5090/5090
f 4269/4269 4274/4274 4268/4268
f 5427/5427 5425/5425 5426/5426
f 5533/5533 5519/5519 5593/5593
f 5149/5149 5047/5047 5044/5044
f 5045/5045 5160/5160 5159/5159
f 4607/4607 4609/4609 4620/4620
f 7639/7639 7640/7640 7531/7531
f 7530/7530 7531/7531 7532/7532
f 7530/7530 7532/7532 7540/7540
f 7653/7653 7539/7539 7652/7652
f 7653/7653 7652/7652 7714/7714
f 1247/1247 1198/1198 1200/1200
f 1200/1200 1191/1191 1190/1190
f 1191/1191 1187/1187 1190/1190
f 7714/7714 7652/7652 7717/7717
f 6429/6429 6424/6424 6377/6377
f 1262/1262 1205/1205 1247/1247
f 1247/1247 1205/1205 1198/1198
f 1198/1198 1191/1191 1200/1200
f 6424/6424 6374/6374 6377/6377
f 1359/1359 1240/1240 1262/1262
f 1262/1262 1240/1240 1205/1205
f 1191/1191 1196/1196 1195/1195
f 1191/1191 1195/1195 1187/1187
f 1187/1187 1195/1195 1188/1188
f 1359/1359 1212/1212 1240/1240
f 1196/1196 1527/1527 1195/1195
f 1359/1359 1392/1392 1212/1212
f 1392/1392 1260/1260 1212/1212
f 1196/1196 1550/1550 1527/1527
f 1266/1266 1258/1258 1199/1199
f 1199/1199 1464/1464 1196/1196
f 1253/1253 1216/1216 1218/1218
f 1266/1266 1218/1218 1258/1258
f 1216/1216 1215/1215 1217/1217
f 1216/1216 1217/1217 1218/1218
f 1215/1215 1381/1381 1217/1217
f 1217/1217 1219/1219 1218/1218
f 6372/6372 6371/6371 6370/6370
f 1469/1469 1425/1425 1411/1411
f 1428/1428 1368/1368 1260/1260
f 1381/1381 1386/1386 1217/1217
f 1381/1381 1511/1511 1386/1386
f 1217/1217 1386/1386 1219/1219
f 1386/1386 1505/1505 1219/1219
f 2083/2083 2084/2084 2075/2075
f 2061/2061 2064/2064 2047/2047
f 2047/2047 2064/2064 2063/2063
f 2063/2063 2062/2062 2047/2047
f 2047/2047 2062/2062 2042/2042
f 2062/2062 2073/2073 2042/2042
f 2042/2042 2073/2073 2039/2039
f 2039/2039 2073/2073 2079/2079
f 1422/1422 1368/1368 1428/1428
f 2079/2079 2093/2093 2095/2095
f 1422/1422 1410/1410 1368/1368
f 1396/1396 1374/1374 1516/1516
f 1408/1408 1410/1410 1422/1422
f 1335/1335 1285/1285 1286/1286
f 1286/1286 1285/1285 1281/1281
f 1285/1285 1282/1282 1281/1281
f 1282/1282 1280/1280 1281/1281
f 1282/1282 1283/1283 1280/1280
f 1326/1326 1492/1492 1388/1388
f 3796/3796 3938/3938 3894/3894
f 3796/3796 3894/3894 3798/3798
f 3795/3795 3938/3938 3796/3796
f 5451/5451 5475/5475 5436/5436
f 3791/3791 3788/3788 3795/3795
f 1086/1086 1152/1152 1151/1151
f 1078/1078 1077/1077 1152/1152
f 1086/1086 1078/1078 1152/1152
f 1152/1152 1077/1077 1091/1091
f 1443/1443 1447/1447 1442/1442
f 1442/1442 1476/1476 1445/1445
f 1445/1445 1476/1476 1495/1495
f 1040/1040 1065/1065 1077/1077
f 1443/1443 1475/1475 1447/1447
f 1447/1447 1450/1450 1442/1442
f 1442/1442 1450/1450 1476/1476
f 2005/2005 1986/1986 1990/1990
f 1040/1040 1032/1032 1065/1065
f 1040/1040 1022/1022 1032/1032
f 1022/1022 1026/1026 1032/1032
f 1988/1988 1971/1971 1985/1985
f 1022/1022 1023/1023 1026/1026
f 3726/3726 3725/3725 3727/3727
f 6308/6308 6246/6246 6247/6247
f 3613/3613 3650/3650 3671/3671
f 1839/1839 1701/1701 1734/1734
f 6237/6237 6252/6252 6251/6251
f 6251/6251 6263/6263 6247/6247
f 8135/8135 8134/8134 8133/8133
f 7675/7675 7676/7676 7580/7580
f 8035/8035 8074/8074 8037/8037
f 1905/1905 1900/1900 1999/1999
f 1900/1900 1777/1777 1855/1855
f 8134/8134 8138/8138 8130/8130
f 8033/8033 8068/8068 8036/8036
f 8130/8130 8138/8138 8120/8120
f 8120/8120 8110/8110 8086/8086
f 8086/8086 8110/8110 8066/8066
f 8110/8110 8075/8075 8066/8066
f 8066/8066 8075/8075 8050/8050
f 8050/8050 8075/8075 8046/8046
f 7563/7563 7612/7612 7613/7613
f 5093/5093 5092/5092 5091/5091
f 4274/4274 4281/4281 4268/4268
f 5533/5533 5523/5523 5519/5519
f 5044/5044 5047/5047 5046/5046
f 7540/7540 7532/7532 7539/7539
f 1205/1205 1197/1197 1198/1198
f 1198/1198 1197/1197 1191/1191
f 1240/1240 1208/1208 1205/1205
f 1205/1205 1208/1208 1197/1197
f 1197/1197 1196/1196 1191/1191
f 1199/1199 1196/1196 1197/1197
f 1240/1240 1212/1212 1208/1208
f 1208/1208 1210/1210 1197/1197
f 1210/1210 1199/1199 1197/1197
f 1212/1212 1211/1211 1208/1208
f 1208/1208 1211/1211 1210/1210
f 1253/1253 1266/1266 1210/1210
f 1210/1210 1266/1266 1199/1199
f 1260/1260 1220/1220 1213/1213
f 1260/1260 1213/1213 1212/1212
f 1212/1212 1213/1213 1211/1211
f 1210/1210 1211/1211 1216/1216
f 1210/1210 1216/1216 1253/1253
f 6375/6375 6374/6374 6371/6371
f 1213/1213 1214/1214 1211/1211
f 1211/1211 1214/1214 1215/1215
f 1211/1211 1215/1215 1216/1216
f 1213/1213 1220/1220 1214/1214
f 1214/1214 1270/1270 1215/1215
f 1260/1260 1271/1271 1220/1220
f 1270/1270 1381/1381 1215/1215
f 1260/1260 1368/1368 1271/1271
f 2085/2085 2078/2078 2084/2084
f 2084/2084 2078/2078 2075/2075
f 2078/2078 2071/2071 2075/2075
f 2075/2075 2071/2071 2065/2065
f 2065/2065 2071/2071 2070/2070
f 2065/2065 2064/2064 2061/2061
f 2065/2065 2070/2070 2064/2064
f 2073/2073 2093/2093 2079/2079
f 1396/1396 1328/1328 1374/1374
f 1411/1411 1425/1425 1406/1406
f 1411/1411 1406/1406 1408/1408
f 1406/1406 1402/1402 1408/1408
f 1408/1408 1402/1402 1410/1410
f 1410/1410 1399/1399 1368/1368
f 1328/1328 1335/1335 1374/1374
f 1402/1402 1399/1399 1410/1410
f 1284/1284 1283/1283 1282/1282
f 1287/1287 1320/1320 1283/1283
f 1284/1284 1287/1287 1283/1283
f 1287/1287 1326/1326 1320/1320
f 1087/1087 1085/1085 1084/1084
f 1087/1087 1084/1084 1086/1086
f 3782/3782 3787/3787 3788/3788
f 1084/1084 1078/1078 1086/1086
f 1078/1078 1040/1040 1077/1077
f 6360/6360 6310/6310 6309/6309
f 1024/1024 1022/1022 1040/1040
f 6309/6309 6246/6246 6308/6308
f 1985/1985 1967/1967 1987/1987
f 1022/1022 1020/1020 1023/1023
f 3596/3596 3573/3573 3567/3567
f 1020/1020 1025/1025 1023/1023
f 3613/3613 3602/3602 3650/3650
f 1995/1995 1993/1993 1999/1999
f 1856/1856 1722/1722 1839/1839
f 3752/3752 3731/3731 3726/3726
f 6237/6237 6251/6251 6235/6235
f 6235/6235 6251/6251 6247/6247
f 8135/8135 8136/8136 8134/8134
f 1861/1861 1696/1696 1856/1856
f 1856/1856 1696/1696 1722/1722
f 3763/3763 3731/3731 3752/3752
f 8074/8074 8095/8095 8037/8037
f 8134/8134 8136/8136 8137/8137
f 1082/1082 1079/1079 1046/1046
f 1046/1046 1079/1079 1013/1013
f 1847/1847 1696/1696 1861/1861
f 1079/1079 1080/1080 1013/1013
f 1847/1847 1714/1714 1696/1696
f 7580/7580 7555/7555 7556/7556
f 8046/8046 8078/8078 8033/8033
f 8033/8033 8078/8078 8068/8068
f 8120/8120 8128/8128 8110/8110
f 7077/7077 7073/7073 7078/7078
f 5095/5095 5093/5093 5099/5099
f 4276/4276 4277/4277 4274/4274
f 5426/5426 5425/5425 5424/5424
f 5197/5197 5200/5200 5195/5195
f 5045/5045 5046/5046 5053/5053
f 5045/5045 5053/5053 5054/5054
f 5045/5045 5054/5054 5160/5160
f 5227/5227 5229/5229 5228/5228
f 6589/6589 6591/6591 6596/6596
f 7652/7652 7539/7539 7591/7591
f 7652/7652 7718/7718 7717/7717
f 6424/6424 6432/6432 6374/6374
f 6374/6374 6373/6373 6371/6371
f 1269/1269 1382/1382 1270/1270
f 1214/1214 1269/1269 1270/1270
f 1382/1382 1502/1502 1381/1381
f 1270/1270 1382/1382 1381/1381
f 1381/1381 1502/1502 1511/1511
f 2064/2064 2070/2070 2063/2063
f 2070/2070 2088/2088 2063/2063
f 2063/2063 2088/2088 2062/2062
f 2062/2062 2088/2088 2096/2096
f 2062/2062 2096/2096 2073/2073
f 2073/2073 2096/2096 2093/2093
f 6371/6371 6373/6373 6352/6352
f 6371/6371 6352/6352 6370/6370
f 1271/1271 1269/1269 1220/1220
f 1220/1220 1269/1269 1214/1214
f 2078/2078 2087/2087 2071/2071
f 1462/1462 1333/1333 1396/1396
f 1396/1396 1333/1333 1328/1328
f 1420/1420 1406/1406 1425/1425
f 6370/6370 6352/6352 6369/6369
f 1368/1368 1371/1371 1271/1271
f 1328/1328 1306/1306 1335/1335
f 1406/1406 1403/1403 1402/1402
f 1399/1399 1398/1398 1368/1368
f 1306/1306 1285/1285 1335/1335
f 1406/1406 1420/1420 1403/1403
f 1403/1403 1401/1401 1402/1402
f 1402/1402 1401/1401 1399/1399
f 1399/1399 1401/1401 1400/1400
f 1399/1399 1400/1400 1398/1398
f 1306/1306 1288/1288 1284/1284
f 1306/1306 1284/1284 1285/1285
f 1285/1285 1284/1284 1282/1282
f 1287/1287 1304/1304 1326/1326
f 1304/1304 1340/1340 1326/1326
f 3867/3867 3840/3840 3861/3861
f 1340/1340 1492/1492 1326/1326
f 1340/1340 1483/1483 1492/1492
f 5507/5507 5493/5493 5474/5474
f 5535/5535 5536/5536 5537/5537
f 3788/3788 3931/3931 3938/3938
f 3788/3788 3938/3938 3795/3795
f 1417/1417 1443/1443 1442/1442
f 1417/1417 1442/1442 1418/1418
f 1417/1417 1423/1423 1443/1443
f 1418/1418 1442/1442 1445/1445
f 1418/1418 1445/1445 1508/1508
f 1508/1508 1445/1445 1509/1509
f 1075/1075 1084/1084 1085/1085
f 3784/3784 3780/3780 3787/3787
f 1423/1423 1475/1475 1443/1443
f 6361/6361 6311/6311 6360/6360
f 2012/2012 1990/1990 2008/2008
f 1075/1075 1070/1070 1084/1084
f 6311/6311 6310/6310 6360/6360
f 1084/1084 1070/1070 1033/1033
f 1033/1033 1041/1041 1084/1084
f 1084/1084 1041/1041 1078/1078
f 1041/1041 1040/1040 1078/1078
f 1990/1990 1988/1988 2008/2008
f 1041/1041 1024/1024 1040/1040
f 6310/6310 6236/6236 6309/6309
f 1988/1988 1985/1985 2006/2006
f 1024/1024 1000/1000 1022/1022
f 6309/6309 6236/6236 6246/6246
f 1000/1000 999/999 1020/1020
f 1000/1000 1020/1020 1022/1022
f 3602/3602 3606/3606 3650/3650
f 1002/1002 1003/1003 999/999
f 1003/1003 1020/1020 999/999
f 1083/1083 1082/1082 1047/1047
f 3731/3731 3720/3720 3722/3722
f 6234/6234 6237/6237 6235/6235
f 1082/1082 1046/1046 1047/1047
f 6990/6990 7000/7000 6989/6989
f 1047/1047 1046/1046 1015/1015
f 1004/1004 1005/1005 1002/1002
f 1002/1002 1005/1005 1003/1003
f 7676/7676 7555/7555 7580/7580
f 1046/1046 1013/1013 1015/1015
f 1015/1015 1013/1013 1012/1012
f 1012/1012 1013/1013 1004/1004
f 1004/1004 1006/1006 1005/1005
f 1013/1013 1006/1006 1004/1004
f 3750/3750 3731/3731 3763/3763
f 8078/8078 8100/8100 8068/8068
f 7555/7555 7554/7554 7556/7556
f 3760/3760 3759/3759 3757/3757
f 7556/7556 7554/7554 7563/7563
f 7103/7103 7075/7075 7101/7101
f 7101/7101 7075/7075 7077/7077
f 2901/2901 2907/2907 2902/2902
f 2901/2901 2902/2902 2903/2903
f 5095/5095 5094/5094 5093/5093
f 7591/7591 7669/7669 7652/7652
f 7652/7652 7669/7669 7715/7715
f 7652/7652 7715/7715 7718/7718
f 6432/6432 6431/6431 6374/6374
f 6431/6431 6373/6373 6374/6374
f 2087/2087 2086/2086 2071/2071
f 2071/2071 2086/2086 2070/2070
f 2086/2086 2088/2088 2070/2070
f 1269/1269 1383/1383 1382/1382
f 2085/2085 2092/2092 2078/2078
f 2092/2092 2087/2087 2078/2078
f 1367/1367 1333/1333 1462/1462
f 1271/1271 1371/1371 1269/1269
f 1269/1269 1371/1371 1383/1383
f 1333/1333 1307/1307 1328/1328
f 1368/1368 1380/1380 1371/1371
f 1307/1307 1306/1306 1328/1328
f 1368/1368 1398/1398 1380/1380
f 6352/6352 6314/6314 6369/6369
f 1400/1400 1380/1380 1398/1398
f 1419/1419 1404/1404 1403/1403
f 1420/1420 1419/1419 1403/1403
f 1403/1403 1404/1404 1401/1401
f 1405/1405 1413/1413 1401/1401
f 1401/1401 1413/1413 1400/1400
f 1404/1404 1405/1405 1401/1401
f 1289/1289 1287/1287 1288/1288
f 1288/1288 1287/1287 1284/1284
f 1419/1419 1421/1421 1404/1404
f 1405/1405 1415/1415 1413/1413
f 1289/1289 1303/1303 1304/1304
f 1289/1289 1304/1304 1287/1287
f 1404/1404 1409/1409 1407/1407
f 1404/1404 1421/1421 1409/1409
f 1404/1404 1407/1407 1405/1405
f 1405/1405 1412/1412 1415/1415
f 3859/3859 3840/3840 3867/3867
f 1407/1407 1412/1412 1405/1405
f 1412/1412 1436/1436 1415/1415
f 5540/5540 5536/5536 5535/5535
f 1409/1409 1417/1417 1407/1407
f 1412/1412 1418/1418 1436/1436
f 1417/1417 1418/1418 1412/1412
f 1407/1407 1417/1417 1412/1412
f 5493/5493 5495/5495 5453/5453
f 3938/3938 3893/3893 3894/3894
f 1409/1409 1423/1423 1417/1417
f 6408/6408 6312/6312 6361/6361
f 6312/6312 6311/6311 6361/6361
f 5435/5435 5473/5473 5433/5433
f 3787/3787 3931/3931 3788/3788
f 1508/1508 1509/1509 1521/1521
f 5445/5445 5450/5450 5430/5430
f 3780/3780 3889/3889 3787/3787
f 1069/1069 1042/1042 1070/1070
f 1069/1069 1070/1070 1075/1075
f 1042/1042 1035/1035 1070/1070
f 1035/1035 1033/1033 1070/1070
f 1521/1521 1509/1509 1522/1522
f 2008/2008 1988/1988 2006/2006
f 1035/1035 1000/1000 1033/1033
f 1033/1033 1000/1000 1024/1024
f 1033/1033 1024/1024 1041/1041
f 6310/6310 6240/6240 6236/6236
f 3555/3555 3562/3562 3567/3567
f 1985/1985 1987/1987 1997/1997
f 1001/1001 999/999 998/998
f 998/998 999/999 1000/1000
f 1007/1007 1001/1001 1008/1008
f 6234/6234 6235/6235 6236/6236
f 6236/6236 6235/6235 6246/6246
f 1987/1987 1995/1995 1996/1996
f 1997/1997 1987/1987 1996/1996
f 1001/1001 1002/1002 999/999
f 7676/7676 7683/7683 7555/7555
f 1017/1017 1083/1083 1047/1047
f 1047/1047 1015/1015 1016/1016
f 1016/1016 1015/1015 1012/1012
f 1007/1007 1004/1004 1001/1001
f 1004/1004 1002/1002 1001/1001
f 3606/3606 3666/3666 3650/3650
f 1012/1012 1004/1004 1007/1007
f 2902/2902 2904/2904 2903/2903
f 5093/5093 5094/5094 5092/5092
f 4736/4736 4735/4735 4741/4741
f 5593/5593 5519/5519 5592/5592
f 5046/5046 5049/5049 5053/5053
f 4609/4609 4606/4606 4618/4618
f 5538/5538 5592/5592 5594/5594
f 7531/7531 7534/7534 7533/7533
f 7531/7531 7533/7533 7532/7532
f 5538/5538 5539/5539 5540/5540
f 6430/6430 6373/6373 6431/6431
f 7715/7715 7669/7669 7716/7716
f 6430/6430 6352/6352 6373/6373
f 2099/2099 2086/2086 2087/2087
f 2099/2099 2094/2094 2086/2086
f 2088/2088 2103/2103 2096/2096
f 1481/1481 1449/1449 1367/1367
f 1481/1481 1367/1367 1462/1462
f 1382/1382 1507/1507 1502/1502
f 2092/2092 2100/2100 2087/2087
f 1367/1367 1327/1327 1333/1333
f 1382/1382 1383/1383 1507/1507
f 1327/1327 1307/1307 1333/1333
f 1380/1380 1437/1437 1371/1371
f 1437/1437 1455/1455 1371/1371
f 6352/6352 6351/6351 6314/6314
f 1380/1380 1431/1431 1437/1437
f 1307/1307 1290/1290 1306/1306
f 1290/1290 1288/1288 1306/1306
f 1380/1380 1400/1400 1431/1431
f 6314/6314 6415/6415 6369/6369
f 1400/1400 1430/1430 1431/1431
f 1400/1400 1413/1413 1430/1430
f 6314/6314 6410/6410 6415/6415
f 1413/1413 1415/1415 1433/1433
f 1413/1413 1433/1433 1430/1430
f 1303/1303 1315/1315 1304/1304
f 6410/6410 6314/6314 6312/6312
f 1415/1415 1436/1436 1433/1433
f 6312/6312 6408/6408 6410/6410
f 1315/1315 1483/1483 1340/1340
f 1315/1315 1332/1332 1483/1483
f 1418/1418 1444/1444 1436/1436
f 1436/1436 1444/1444 1435/1435
f 1418/1418 1508/1508 1444/1444
f 3931/3931 3869/3869 3893/3893
f 6312/6312 6241/6241 6311/6311
f 1508/1508 1521/1521 1444/1444
f 5473/5473 5432/5432 5433/5433
f 3787/3787 3887/3887 3931/3931
f 3889/3889 3887/3887 3787/3787
f 6311/6311 6241/6241 6310/6310
f 5447/5447 5476/5476 5445/5445
f 3739/3739 3889/3889 3780/3780
f 1044/1044 1043/1043 1042/1042
f 5476/5476 5452/5452 5479/5479
f 6310/6310 6241/6241 6240/6240
f 1043/1043 1010/1010 1042/1042
f 1010/1010 1045/1045 1036/1036
f 1010/1010 1036/1036 1009/1009
f 1010/1010 998/998 1042/1042
f 998/998 1000/1000 1035/1035
f 1042/1042 998/998 1035/1035
f 1011/1011 1008/1008 1009/1009
f 1010/1010 1009/1009 1001/1001
f 1001/1001 998/998 1010/1010
f 6238/6238 6236/6236 6239/6239
f 6239/6239 6236/6236 6240/6240
f 2006/2006 1997/1997 2016/2016
f 1011/1011 1014/1014 1008/1008
f 1009/1009 1008/1008 1001/1001
f 5537/5537 5536/5536 5577/5577
f 7683/7683 7679/7679 7557/7557
f 1014/1014 1016/1016 1012/1012
f 1014/1014 1012/1012 1008/1008
f 6238/6238 6234/6234 6236/6236
f 1017/1017 1016/1016 1014/1014
f 6998/6998 6990/6990 6864/6864
f 7683/7683 7557/7557 7555/7555
f 6990/6990 6748/6748 6864/6864
f 3728/3728 3723/3723 3720/3720
f 5536/5536 5581/5581 5577/5577
f 7554/7554 7577/7577 7563/7563
f 7563/7563 7577/7577 7612/7612
f 7103/7103 7074/7074 7075/7075
f 5425/5425 5423/5423 5424/5424
f 5047/5047 5048/5048 5046/5046
f 5046/5046 5048/5048 5049/5049
f 5054/5054 5053/5053 5056/5056
f 5054/5054 5056/5056 5154/5154
f 4618/4618 4606/4606 4608/4608
f 4618/4618 4608/4608 4617/4617
f 7532/7532 7533/7533 7539/7539
f 7533/7533 7541/7541 7539/7539
f 7539/7539 7541/7541 7591/7591
f 7591/7591 7592/7592 7669/7669
f 7669/7669 7670/7670 7716/7716
f 7669/7669 7592/7592 7670/7670
f 2086/2086 2094/2094 2088/2088
f 6430/6430 6260/6260 6352/6352
f 7716/7716 7670/7670 7723/7723
f 2100/2100 2099/2099 2087/2087
f 2088/2088 2094/2094 2103/2103
f 1449/1449 1358/1358 1367/1367
f 6260/6260 6351/6351 6352/6352
f 1367/1367 1358/1358 1327/1327
f 1383/1383 1371/1371 1455/1455
f 1383/1383 1455/1455 1498/1498
f 1383/1383 1498/1498 1507/1507
f 1327/1327 1309/1309 1307/1307
f 1437/1437 1440/1440 1455/1455
f 1309/1309 1290/1290 1307/1307
f 6351/6351 6255/6255 6314/6314
f 1437/1437 1431/1431 1440/1440
f 1290/1290 1289/1289 1288/1288
f 6255/6255 6245/6245 6314/6314
f 1303/1303 1310/1310 1315/1315
f 6314/6314 6245/6245 6312/6312
f 1436/1436 1435/1435 1433/1433
f 6312/6312 6245/6245 6244/6244
f 1310/1310 1332/1332 1315/1315
f 1379/1379 1517/1517 1332/1332
f 3869/3869 3859/3859 3893/3893
f 5505/5505 5473/5473 5517/5517
f 6312/6312 6244/6244 6241/6241
f 6242/6242 6250/6250 6239/6239
f 3552/3552 3570/3570 3550/3550
f 6239/6239 6240/6240 6241/6241
f 6242/6242 6239/6239 6241/6241
f 1521/1521 1522/1522 1092/1092
f 1018/1018 1011/1011 1036/1036
f 6250/6250 6238/6238 6239/6239
f 1019/1019 1014/1014 1018/1018
f 1018/1018 1014/1014 1011/1011
f 1089/1089 1017/1017 1048/1048
f 1092/1092 1089/1089 1048/1048
f 1048/1048 1017/1017 1021/1021
f 1021/1021 1017/1017 1014/1014
f 1021/1021 1014/1014 1019/1019
f 6973/6973 6864/6864 6847/6847
f 6864/6864 6748/6748 6700/6700
f 3770/3770 3771/3771 3766/3766
f 7557/7557 7548/7548 7555/7555
f 7548/7548 7554/7554 7555/7555
f 7104/7104 7074/7074 7103/7103
f 7074/7074 7069/7069 7075/7075
f 5577/5577 5581/5581 5582/5582
f 7070/7070 7068/7068 7071/7071
f 5104/5104 5102/5102 5094/5094
f 5056/5056 5153/5153 5154/5154
f 6824/6824 6715/6715 6707/6707
f 7591/7591 7541/7541 7592/7592
f 7670/7670 7592/7592 7576/7576
f 1496/1496 1449/1449 1497/1497
f 1507/1507 1460/1460 1496/1496
f 1358/1358 1317/1317 1327/1327
f 1455/1455 1467/1467 1498/1498
f 1498/1498 1467/1467 1507/1507
f 1317/1317 1309/1309 1327/1327
f 6260/6260 6255/6255 6351/6351
f 1440/1440 1468/1468 1455/1455
f 1309/1309 1296/1296 1290/1290
f 1431/1431 1438/1438 1440/1440
f 1430/1430 1432/1432 1431/1431
f 1431/1431 1432/1432 1438/1438
f 1291/1291 1289/1289 1290/1290
f 1291/1291 1292/1292 1289/1289
f 1292/1292 1303/1303 1289/1289
f 1430/1430 1433/1433 1432/1432
f 1292/1292 1310/1310 1303/1303
f 1433/1433 1435/1435 1434/1434
f 1433/1433 1434/1434 1432/1432
f 1432/1432 1434/1434 1439/1439
f 1310/1310 1316/1316 1332/1332
f 1316/1316 1379/1379 1332/1332
f 5540/5540 5539/5539 5536/5536
f 1435/1435 1444/1444 1434/1434
f 1444/1444 1461/1461 1434/1434
f 1500/1500 1461/1461 1444/1444
f 3887/3887 3856/3856 3869/3869
f 6243/6243 6241/6241 6244/6244
f 5449/5449 5432/5432 5505/5505
f 6248/6248 6242/6242 6243/6243
f 6243/6243 6242/6242 6241/6241
f 6248/6248 6250/6250 6242/6242
f 1521/1521 1491/1491 1500/1500
f 3889/3889 3739/3739 3857/3857
f 3889/3889 3857/3857 3887/3887
f 7679/7679 7680/7680 7558/7558
f 3561/3561 3571/3571 3575/3575
f 1521/1521 1092/1092 1491/1491
f 7679/7679 7558/7558 7557/7557
f 1048/1048 1021/1021 1081/1081
f 3765/3765 3942/3942 3756/3756
f 3768/3768 3920/3920 3765/3765
f 5102/5102 5101/5101 5094/5094
f 5101/5101 5127/5127 5092/5092
f 5094/5094 5101/5101 5092/5092
f 4799/4799 4798/4798 4800/4800
f 5049/5049 5056/5056 5053/5053
f 5594/5594 5539/5539 5538/5538
f 7541/7541 7576/7576 7592/7592
f 1496/1496 1460/1460 1376/1376
f 1496/1496 1376/1376 1449/1449
f 1507/1507 1467/1467 1460/1460
f 1331/1331 1314/1314 1358/1358
f 1314/1314 1317/1317 1358/1358
f 1455/1455 1457/1457 1467/1467
f 1317/1317 1296/1296 1309/1309
f 7670/7670 7673/7673 7723/7723
f 7670/7670 7576/7576 7673/7673
f 6260/6260 6254/6254 6255/6255
f 1440/1440 1438/1438 1468/1468
f 1296/1296 1291/1291 1290/1290
f 6254/6254 6245/6245 6255/6255
f 6254/6254 6249/6249 6245/6245
f 1432/1432 1439/1439 1438/1438
f 1434/1434 1456/1456 1439/1439
f 1292/1292 1316/1316 1310/1310
f 6248/6248 6243/6243 6245/6245
f 6249/6249 6248/6248 6245/6245
f 6245/6245 6243/6243 6244/6244
f 3545/3545 3544/3544 3546/3546
f 7680/7680 7649/7649 7558/7558
f 1434/1434 1461/1461 1456/1456
f 1316/1316 1463/1463 1379/1379
f 1316/1316 1494/1494 1463/1463
f 3856/3856 3846/3846 3851/3851
f 1461/1461 1500/1500 1490/1490
f 1500/1500 1491/1491 1490/1490
f 3857/3857 3856/3856 3887/3887
f 1491/1491 1092/1092 1093/1093
f 5462/5462 5490/5490 5481/5481
f 1092/1092 1048/1048 1093/1093
f 1093/1093 1048/1048 1094/1094
f 1048/1048 1081/1081 1094/1094
f 5508/5508 5499/5499 5486/5486
f 3756/3756 3866/3866 3755/3755
f 3755/3755 3866/3866 3747/3747
f 3765/3765 3920/3920 3942/3942
f 7558/7558 7548/7548 7557/7557
f 3914/3914 3919/3919 3769/3769
f 4731/4731 4730/4730 4736/4736
f 5423/5423 5420/5420 5424/5424
f 5519/5519 5522/5522 5592/5592
f 6596/6596 6591/6591 6598/6598
f 4608/4608 4610/4610 4617/4617
f 7534/7534 7546/7546 7533/7533
f 7533/7533 7542/7542 7541/7541
f 7541/7541 7542/7542 7576/7576
f 3712/3712 3711/3711 3706/3706
f 1449/1449 1376/1376 1331/1331
f 1449/1449 1331/1331 1358/1358
f 1460/1460 1352/1352 1376/1376
f 1455/1455 1468/1468 1457/1457
f 1314/1314 1296/1296 1317/1317
f 7576/7576 7578/7578 7673/7673
f 3563/3563 3574/3574 3565/3565
f 1438/1438 1439/1439 1441/1441
f 1293/1293 1292/1292 1291/1291
f 7673/7673 7578/7578 7649/7649
f 1293/1293 1302/1302 1292/1292
f 1302/1302 1316/1316 1292/1292
f 1302/1302 1338/1338 1316/1316
f 7649/7649 7578/7578 7558/7558
f 1461/1461 1454/1454 1456/1456
f 1338/1338 1494/1494 1316/1316
f 1461/1461 1490/1490 1454/1454
f 1351/1351 1494/1494 1338/1338
f 3857/3857 3847/3847 3856/3856
f 5518/5518 5464/5464 5514/5514
f 7558/7558 7578/7578 7548/7548
f 5490/5490 5496/5496 5482/5482
f 5490/5490 5482/5482 5481/5481
f 3866/3866 3854/3854 3857/3857
f 3866/3866 3857/3857 3747/3747
f 3916/3916 3879/3879 3756/3756
f 3756/3756 3879/3879 3866/3866
f 3927/3927 3925/3925 3914/3914
f 3932/3932 3939/3939 3920/3920
f 3939/3939 3907/3907 3920/3920
f 3920/3920 3907/3907 3916/3916
f 3920/3920 3916/3916 3942/3942
f 7548/7548 7553/7553 7554/7554
f 7553/7553 7577/7577 7554/7554
f 7638/7638 7646/7646 7577/7577
f 7104/7104 7076/7076 7074/7074
f 7076/7076 7072/7072 7074/7074
f 5581/5581 5583/5583 5582/5582
f 5104/5104 5105/5105 5102/5102
f 5583/5583 5618/5618 5582/5582
f 4730/4730 4729/4729 4734/4734
f 5522/5522 5525/5525 5592/5592
f 5049/5049 5057/5057 5056/5056
f 5056/5056 5057/5057 5153/5153
f 5592/5592 5525/5525 5594/5594
f 5153/5153 5057/5057 5132/5132
f 5057/5057 5131/5131 5132/5132
f 7534/7534 7663/7663 7546/7546
f 7546/7546 7543/7543 7533/7533
f 1467/1467 1363/1363 1460/1460
f 1363/1363 1352/1352 1460/1460
f 1376/1376 1352/1352 1336/1336
f 1376/1376 1336/1336 1331/1331
f 1336/1336 1312/1312 1331/1331
f 1457/1457 1350/1350 1363/1363
f 1457/1457 1363/1363 1467/1467
f 1331/1331 1312/1312 1314/1314
f 1312/1312 1295/1295 1314/1314
f 1457/1457 1468/1468 1350/1350
f 1314/1314 1295/1295 1296/1296
f 1468/1468 1438/1438 1350/1350
f 1438/1438 1441/1441 1350/1350
f 7576/7576 7542/7542 7578/7578
f 1295/1295 1291/1291 1296/1296
f 1441/1441 1439/1439 1451/1451
f 1456/1456 1454/1454 1385/1385
f 1302/1302 1322/1322 1338/1338
f 1490/1490 1397/1397 1454/1454
f 1322/1322 1345/1345 1351/1351
f 1322/1322 1351/1351 1338/1338
f 1490/1490 1491/1491 1397/1397
f 1491/1491 1093/1093 1397/1397
f 1093/1093 1477/1477 1397/1397
f 1395/1395 1520/1520 1345/1345
f 1345/1345 1520/1520 1351/1351
f 3578/3578 3615/3615 3571/3571
f 1093/1093 1094/1094 1477/1477
f 1477/1477 1094/1094 1510/1510
f 3925/3925 3932/3932 3919/3919
f 7548/7548 7547/7547 7553/7553
f 7105/7105 7076/7076 7104/7104
f 7065/7065 7066/7066 7067/7067
f 5102/5102 5103/5103 5101/5101
f 5048/5048 5050/5050 5049/5049
f 5050/5050 5051/5051 5049/5049
f 5049/5049 5051/5051 5057/5057
f 7546/7546 7663/7663 7643/7643
f 7533/7533 7543/7543 7542/7542
f 7542/7542 7543/7543 7544/7544
f 1363/1363 1350/1350 1339/1339
f 1363/1363 1339/1339 1325/1325
f 1363/1363 1325/1325 1352/1352
f 1352/1352 1325/1325 1336/1336
f 1325/1325 1312/1312 1336/1336
f 1297/1297 1295/1295 1312/1312
f 1441/1441 1372/1372 1350/1350
f 1297/1297 1294/1294 1295/1295
f 1294/1294 1291/1291 1295/1295
f 1441/1441 1451/1451 1372/1372
f 1294/1294 1293/1293 1291/1291
f 1451/1451 1385/1385 1372/1372
f 1294/1294 1301/1301 1302/1302
f 1294/1294 1302/1302 1293/1293
f 1451/1451 1456/1456 1385/1385
f 5539/5539 5541/5541 5536/5536
f 7578/7578 7542/7542 7548/7548
f 1301/1301 1322/1322 1302/1302
f 3579/3579 3621/3621 3578/3578
f 1454/1454 1365/1365 1385/1385
f 1301/1301 1321/1321 1322/1322
f 1454/1454 1397/1397 1365/1365
f 1321/1321 1345/1345 1322/1322
f 3578/3578 3617/3617 3615/3615
f 1477/1477 1394/1394 1397/1397
f 1356/1356 1466/1466 1334/1334
f 1334/1334 1466/1466 1395/1395
f 1334/1334 1395/1395 1345/1345
f 1477/1477 1510/1510 1394/1394
f 1394/1394 1510/1510 1466/1466
f 1394/1394 1466/1466 1356/1356
f 3858/3858 3853/3853 3854/3854
f 3907/3907 3858/3858 3916/3916
f 3932/3932 3903/3903 3939/3939
f 3939/3939 3903/3903 3907/3907
f 5103/5103 5105/5105 5106/5106
f 5103/5103 5141/5141 5101/5101
f 4731/4731 4728/4728 4730/4730
f 4730/4730 4728/4728 4729/4729
f 4798/4798 4804/4804 4805/4805
f 5131/5131 5057/5057 5130/5130
f 4610/4610 4611/4611 4619/4619
f 1350/1350 1318/1318 1339/1339
f 1339/1339 1318/1318 1325/1325
f 1318/1318 1305/1305 1325/1325
f 1325/1325 1305/1305 1312/1312
f 1312/1312 1305/1305 1297/1297
f 1350/1350 1372/1372 1319/1319
f 1350/1350 1319/1319 1318/1318
f 1305/1305 1298/1298 1297/1297
f 1298/1298 1294/1294 1297/1297
f 1372/1372 1324/1324 1319/1319
f 1298/1298 1299/1299 1294/1294
f 1372/1372 1385/1385 1324/1324
f 1299/1299 1301/1301 1294/1294
f 7542/7542 7544/7544 7547/7547
f 7542/7542 7547/7547 7548/7548
f 1385/1385 1365/1365 1324/1324
f 1299/1299 1313/1313 1301/1301
f 1313/1313 1321/1321 1301/1301
f 1365/1365 1397/1397 1329/1329
f 1323/1323 1334/1334 1313/1313
f 1313/1313 1334/1334 1321/1321
f 1323/1323 1356/1356 1334/1334
f 1397/1397 1394/1394 1329/1329
f 1329/1329 1394/1394 1323/1323
f 1323/1323 1394/1394 1356/1356
f 5130/5130 5057/5057 5058/5058
f 5130/5130 5058/5058 5107/5107
f 7543/7543 7546/7546 7552/7552
f 1319/1319 1308/1308 1318/1318
f 1318/1318 1308/1308 1305/1305
f 1308/1308 1298/1298 1305/1305
f 1324/1324 1311/1311 1319/1319
f 1319/1319 1311/1311 1308/1308
f 1308/1308 1311/1311 1300/1300
f 1308/1308 1300/1300 1298/1298
f 1300/1300 1299/1299 1298/1298
f 1324/1324 1329/1329 1311/1311
f 1311/1311 1329/1329 1323/1323
f 1311/1311 1323/1323 1300/1300
f 1300/1300 1313/1313 1299/1299
f 1365/1365 1329/1329 1324/1324
f 1323/1323 1313/1313 1300/1300
f 7632/7632 7638/7638 7553/7553
f 8342/8342 8336/8336 8337/8337
f 5108/5108 5103/5103 5106/5106
f 5108/5108 5109/5109 5103/5103
f 5109/5109 5141/5141 5103/5103
f 5526/5526 5527/5527 5525/5525
f 5525/5525 5527/5527 5594/5594
f 5051/5051 5050/5050 5052/5052
f 5051/5051 5052/5052 5057/5057
f 5057/5057 5052/5052 5058/5058
f 5107/5107 5058/5058 5073/5073
f 7546/7546 7643/7643 7552/7552
f 7105/7105 7106/7106 7076/7076
f 7106/7106 7109/7109 7076/7076
f 8342/8342 8353/8353 8336/8336
f 5581/5581 5584/5584 5583/5583
f 4733/4733 4722/4722 4728/4728
f 4055/4055 4053/4053 4065/4065
f 5594/5594 5609/5609 5539/5539
f 5073/5073 5058/5058 5063/5063
f 4611/4611 4593/4593 4612/4612
f 4619/4619 4612/4612 4621/4621
f 7543/7543 7552/7552 7545/7545
f 7543/7543 7545/7545 7544/7544
f 7544/7544 7549/7549 7547/7547
f 5541/5541 5608/5608 5536/5536
f 7107/7107 7106/7106 7105/7105
f 5595/5595 5584/5584 5581/5581
f 5108/5108 5111/5111 5110/5110
f 5108/5108 5110/5110 5109/5109
f 4732/4732 4722/4722 4733/4733
f 5584/5584 5638/5638 5583/5583
f 5527/5527 5530/5530 5594/5594
f 5052/5052 5059/5059 5058/5058
f 5058/5058 5059/5059 5063/5063
f 5063/5063 5059/5059 5062/5062
f 4612/4612 4614/4614 4621/4621
f 5539/5539 5614/5614 5541/5541
f 5615/5615 5608/5608 5541/5541
f 7545/7545 7549/7549 7544/7544
f 7547/7547 7549/7549 7553/7553
f 7549/7549 7606/7606 7553/7553
f 7553/7553 7606/7606 7632/7632
f 5581/5581 5536/5536 5607/5607
f 7106/7106 7112/7112 7109/7109
f 5607/5607 5595/5595 5581/5581
f 4718/4718 4722/4722 4732/4732
f 7337/7337 7336/7336 7332/7332
f 4065/4065 4053/4053 4049/4049
f 5052/5052 5060/5060 5059/5059
f 5539/5539 5609/5609 5614/5614
f 4612/4612 4613/4613 4614/4614
f 5614/5614 5615/5615 5541/5541
f 7545/7545 7598/7598 7549/7549
f 7606/7606 7674/7674 7632/7632
f 7107/7107 7108/7108 7106/7106
f 5536/5536 5608/5608 5607/5607
f 7108/7108 7110/7110 7106/7106
f 7106/7106 7110/7110 7112/7112
f 5114/5114 5112/5112 5113/5113
f 5113/5113 5112/5112 5111/5111
f 5112/5112 5110/5110 5111/5111
f 4737/4737 4719/4719 4732/4732
f 4719/4719 4718/4718 4732/4732
f 5584/5584 5595/5595 5635/5635
f 5635/5635 5638/5638 5584/5584
f 5594/5594 5530/5530 5609/5609
f 5060/5060 5061/5061 5059/5059
f 5059/5059 5061/5061 5062/5062
f 5061/5061 5064/5064 5062/5062
f 4614/4614 4613/4613 4615/4615
f 4621/4621 4614/4614 4622/4622
f 5615/5615 5622/5622 5608/5608
f 7549/7549 7598/7598 7606/7606
f 7108/7108 7111/7111 7110/7110
f 5608/5608 5622/5622 5607/5607
f 4718/4718 4719/4719 4720/4720
f 5530/5530 5649/5649 5609/5609
f 5060/5060 5152/5152 5061/5061
f 5609/5609 5649/5649 5614/5614
f 5061/5061 5065/5065 5064/5064
f 5614/5614 5625/5625 5615/5615
f 5064/5064 5065/5065 5066/5066
f 4615/4615 4616/4616 4614/4614
f 4616/4616 4622/4622 4614/4614
f 7664/7664 7648/7648 7552/7552
f 7552/7552 7648/7648 7545/7545
f 5630/5630 5631/5631 5615/5615
f 5615/5615 5631/5631 5622/5622
f 7545/7545 7648/7648 7647/7647
f 7545/7545 7647/7647 7598/7598
f 5622/5622 5631/5631 5632/5632
f 7598/7598 7647/7647 7606/7606
f 7606/7606 7647/7647 7674/7674
f 7108/7108 7113/7113 7111/7111
f 5622/5622 5632/5632 5607/5607
f 5116/5116 5115/5115 5114/5114
f 5114/5114 5115/5115 5112/5112
f 4738/4738 4724/4724 4737/4737
f 5607/5607 5636/5636 5595/5595
f 4724/4724 4719/4719 4737/4737
f 5636/5636 5635/5635 5595/5595
f 5614/5614 5649/5649 5657/5657
f 5614/5614 5657/5657 5626/5626
f 5626/5626 5625/5625 5614/5614
f 5615/5615 5625/5625 5630/5630
f 5066/5066 5065/5065 5067/5067
f 7647/7647 7708/7708 7674/7674
f 7674/7674 7708/7708 7712/7712
f 5123/5123 5119/5119 5117/5117
f 5632/5632 5633/5633 5607/5607
f 5117/5117 5118/5118 5115/5115
f 5117/5117 5115/5115 5116/5116
f 5117/5117 5116/5116 5122/5122
f 5061/5061 5152/5152 5068/5068
f 5061/5061 5068/5068 5065/5065
f 5625/5625 5644/5644 5630/5630
f 5065/5065 5070/5070 5067/5067
f 5065/5065 5068/5068 5069/5069
f 5065/5065 5069/5069 5070/5070
f 5644/5644 5642/5642 5630/5630
f 4622/4622 4629/4629 4630/4630
f 4629/4629 4631/4631 4630/4630
f 5630/5630 5642/5642 5631/5631
f 4631/4631 4633/4633 4632/4632
f 4630/4630 4631/4631 4632/4632
f 5631/5631 5642/5642 5643/5643
f 4633/4633 4634/4634 4632/4632
f 5631/5631 5643/5643 5632/5632
f 5121/5121 5120/5120 5119/5119
f 5632/5632 5643/5643 5646/5646
f 5119/5119 5120/5120 5118/5118
f 5119/5119 5118/5118 5117/5117
f 5632/5632 5646/5646 5633/5633
f 4739/4739 4725/4725 4738/4738
f 5633/5633 5641/5641 5607/5607
f 5607/5607 5641/5641 5636/5636
f 4738/4738 4725/4725 4724/4724
f 7326/7326 7329/7329 7327/7327
f 5626/5626 5627/5627 5625/5625
f 5625/5625 5627/5627 5645/5645
f 5625/5625 5645/5645 5644/5644
f 5068/5068 5071/5071 5069/5069
f 5069/5069 5163/5163 5164/5164
f 5163/5163 5177/5177 5164/5164
f 8348/8348 8350/8350 8346/8346
f 5120/5120 5125/5125 5118/5118
f 7330/7330 7333/7333 7334/7334
f 4740/4740 4725/4725 4739/4739
f 5646/5646 5647/5647 5633/5633
f 7755/7755 7750/7750 7754/7754
f 6493/6493 6498/6498 6497/6497
f 5627/5627 5660/5660 5645/5645
f 5644/5644 5650/5650 5656/5656
f 5644/5644 5656/5656 5655/5655
f 5071/5071 5163/5163 5069/5069
f 5644/5644 5655/5655 5642/5642
f 5642/5642 5655/5655 5653/5653
f 8354/8354 8355/8355 8356/8356
f 5642/5642 5653/5653 5643/5643
f 8348/8348 8351/8351 8350/8350
f 5643/5643 5651/5651 5646/5646
f 5643/5643 5653/5653 5651/5651
f 5120/5120 5166/5166 5125/5125
f 1603/1603 1577/1577 1582/1582
f 1603/1603 1582/1582 1607/1607
f 5646/5646 5651/5651 5647/5647
f 5647/5647 5648/5648 5633/5633
f 7749/7749 7750/7750 7752/7752
f 5633/5633 5648/5648 5641/5641
f 5071/5071 5168/5168 5165/5165
f 5071/5071 5165/5165 5163/5163
f 7912/7912 7910/7910 7911/7911
f 7910/7910 7908/7908 7911/7911
f 5163/5163 5165/5165 5166/5166
f 5166/5166 5165/5165 5167/5167
f 7908/7908 7909/7909 7905/7905
f 1582/1582 1578/1578 1612/1612
f 7908/7908 7905/7905 7906/7906
f 1577/1577 1578/1578 1582/1582
f 5651/5651 5648/5648 5647/5647
f 1680/1680 1664/1664 1665/1665
f 7913/7913 7914/7914 7912/7912
f 7913/7913 7912/7912 7911/7911
f 7910/7910 7909/7909 7908/7908
f 5165/5165 5168/5168 5167/5167
f 5167/5167 5169/5169 5166/5166
f 1577/1577 1575/1575 1576/1576
f 1577/1577 1576/1576 1578/1578
f 7905/7905 7900/7900 7906/7906
f 7900/7900 7907/7907 7906/7906
f 7740/7740 7742/7742 7749/7749
f 7742/7742 7744/7744 7753/7753
f 1665/1665 1673/1673 1682/1682
f 1665/1665 1660/1660 1673/1673
f 5170/5170 5169/5169 5168/5168
f 5168/5168 5169/5169 5167/5167
f 1577/1577 1591/1591 1575/1575
f 7902/7902 7900/7900 7905/7905
f 7741/7741 7744/7744 7742/7742
f 7740/7740 7741/7741 7742/7742
f 7914/7914 7915/7915 7912/7912
f 7914/7914 7916/7916 7915/7915
f 5175/5175 5171/5171 5168/5168
f 5168/5168 5171/5171 5170/5170
f 7915/7915 7910/7910 7912/7912
f 7994/7994 7995/7995 7988/7988
f 5170/5170 5171/5171 5172/5172
f 5170/5170 5172/5172 5169/5169
f 7915/7915 7904/7904 7909/7909
f 7915/7915 7909/7909 7910/7910
f 7996/7996 7983/7983 7988/7988
f 7995/7995 7996/7996 7988/7988
f 7996/7996 7997/7997 7983/7983
f 7904/7904 7905/7905 7909/7909
f 7997/7997 7984/7984 7983/7983
f 1604/1604 1574/1574 1611/1611
f 7904/7904 7902/7902 7905/7905
f 1604/1604 1576/1576 1574/1574
f 7904/7904 7898/7898 7902/7902
f 7902/7902 7898/7898 7900/7900
f 1649/1649 1659/1659 1660/1660
f 5179/5179 5171/5171 5175/5175
f 1640/1640 1675/1675 1639/1639
f 7998/7998 7985/7985 7941/7941
f 7998/7998 7941/7941 7976/7976
f 7916/7916 7987/7987 7915/7915
f 7994/7994 7988/7988 7986/7986
f 7986/7986 7988/7988 7975/7975
f 7986/7986 7975/7975 7947/7947
f 7947/7947 7945/7945 7986/7986
f 7986/7986 7945/7945 7985/7985
f 7945/7945 7946/7946 7985/7985
f 7985/7985 7946/7946 7941/7941
f 7941/7941 7937/7937 7976/7976
f 7937/7937 7938/7938 7976/7976
f 7938/7938 7939/7939 7976/7976
f 7946/7946 7936/7936 7941/7941
f 7941/7941 7936/7936 7937/7937
f 7987/7987 7990/7990 7915/7915
f 7942/7942 7936/7936 7946/7946
f 7945/7945 7942/7942 7946/7946
f 7988/7988 7983/7983 7975/7975
f 7936/7936 7934/7934 7937/7937
f 7939/7939 7931/7931 7928/7928
f 7938/7938 7931/7931 7939/7939
f 7990/7990 7904/7904 7915/7915
f 7983/7983 7948/7948 7975/7975
f 7975/7975 7948/7948 7947/7947
f 5171/5171 5178/5178 5172/5172
f 7937/7937 7932/7932 7938/7938
f 7945/7945 7944/7944 7942/7942
f 7936/7936 7935/7935 7934/7934
f 7934/7934 7932/7932 7937/7937
f 7938/7938 7932/7932 7931/7931
f 7948/7948 7944/7944 7947/7947
f 7947/7947 7944/7944 7945/7945
f 7944/7944 7943/7943 7942/7942
f 7942/7942 7943/7943 7935/7935
f 7942/7942 7935/7935 7936/7936
f 7931/7931 7932/7932 7930/7930
f 7935/7935 7933/7933 7934/7934
f 7934/7934 7933/7933 7932/7932
f 7930/7930 7928/7928 7931/7931
f 7990/7990 7901/7901 7904/7904
f 7983/7983 7984/7984 7948/7948
f 7928/7928 7930/7930 7929/7929
f 7932/7932 7933/7933 7930/7930
f 7944/7944 7948/7948 7972/7972
f 7944/7944 7972/7972 7943/7943
f 7972/7972 7935/7935 7943/7943
f 1576/1576 1575/1575 1574/1574
f 7984/7984 7993/7993 7948/7948
f 7948/7948 7993/7993 7972/7972
f 1574/1574 1572/1572 1595/1595
f 1595/1595 1572/1572 1569/1569
f 7972/7972 7992/7992 7935/7935
f 1595/1595 1569/1569 1596/1596
f 1596/1596 1569/1569 1559/1559
f 7935/7935 7992/7992 7933/7933
f 1559/1559 1579/1579 1596/1596
f 7933/7933 7992/7992 7930/7930
f 1579/1579 1580/1580 1596/1596
f 7930/7930 7992/7992 7929/7929
f 7992/7992 8001/8001 7929/7929
f 7901/7901 7898/7898 7904/7904
f 7901/7901 7899/7899 7898/7898
f 7743/7743 7741/7741 7740/7740
f 7898/7898 7899/7899 7900/7900
f 7741/7741 7745/7745 7744/7744
f 1632/1632 1639/1639 1650/1650
f 1632/1632 1650/1650 1630/1630
f 1650/1650 1636/1636 1630/1630
f 1653/1653 1677/1677 1654/1654
f 1654/1654 1677/1677 1683/1683
f 7939/7939 7940/7940 8002/8002
f 8002/8002 7940/7940 7991/7991
f 7940/7940 7924/7924 7991/7991
f 7991/7991 7924/7924 7980/7980
f 7989/7989 7977/7977 7978/7978
f 7989/7989 7978/7978 7979/7979
f 7979/7979 7987/7987 7916/7916
f 7939/7939 7925/7925 7940/7940
f 7925/7925 7922/7922 7940/7940
f 7940/7940 7922/7922 7924/7924
f 7924/7924 7955/7955 7958/7958
f 7924/7924 7958/7958 7980/7980
f 7980/7980 7958/7958 7977/7977
f 7977/7977 7958/7958 7959/7959
f 7977/7977 7959/7959 7978/7978
f 7959/7959 7960/7960 7978/7978
f 7978/7978 7960/7960 7979/7979
f 7979/7979 7960/7960 7973/7973
f 7979/7979 7973/7973 7987/7987
f 88/88 82/82 86/86
f 7955/7955 7957/7957 7958/7958
f 7958/7958 7953/7953 7959/7959
f 7959/7959 7953/7953 7960/7960
f 7960/7960 7953/7953 7961/7961
f 7928/7928 7925/7925 7939/7939
f 7922/7922 7919/7919 7923/7923
f 7922/7922 7923/7923 7924/7924
f 7960/7960 7961/7961 7962/7962
f 7960/7960 7962/7962 7973/7973
f 7962/7962 7974/7974 7973/7973
f 7973/7973 7974/7974 7987/7987
f 7925/7925 7919/7919 7922/7922
f 7974/7974 7990/7990 7987/7987
f 7926/7926 7917/7917 7925/7925
f 7925/7925 7917/7917 7919/7919
f 7955/7955 7923/7923 7956/7956
f 7955/7955 7956/7956 7957/7957
f 7953/7953 7952/7952 7961/7961
f 7923/7923 7955/7955 7924/7924
f 7958/7958 7954/7954 7953/7953
f 7954/7954 7950/7950 7953/7953
f 7953/7953 7950/7950 7952/7952
f 7952/7952 7951/7951 7961/7961
f 7957/7957 7956/7956 7958/7958
f 7928/7928 7926/7926 7925/7925
f 7962/7962 7970/7970 7974/7974
f 7951/7951 7963/7963 7961/7961
f 7961/7961 7964/7964 7962/7962
f 7974/7974 7970/7970 7990/7990
f 7962/7962 7964/7964 7970/7970
f 7923/7923 7949/7949 7956/7956
f 7950/7950 7951/7951 7952/7952
f 7917/7917 7918/7918 7919/7919
f 7918/7918 7920/7920 7919/7919
f 7949/7949 7969/7969 7956/7956
f 5178/5178 5176/5176 5172/5172
f 7919/7919 7920/7920 7921/7921
f 7919/7919 7921/7921 7923/7923
f 7951/7951 7965/7965 7963/7963
f 7961/7961 7963/7963 7964/7964
f 7964/7964 7971/7971 7970/7970
f 7926/7926 7918/7918 7917/7917
f 7921/7921 7949/7949 7923/7923
f 7950/7950 7967/7967 7951/7951
f 7970/7970 7971/7971 7990/7990
f 7929/7929 7927/7927 7928/7928
f 7928/7928 7927/7927 7926/7926
f 7926/7926 7927/7927 7918/7918
f 7967/7967 7965/7965 7951/7951
f 7963/7963 7966/7966 7964/7964
f 7968/7968 7967/7967 7950/7950
f 7963/7963 7965/7965 7966/7966
f 7971/7971 7901/7901 7990/7990
f 7964/7964 7966/7966 7971/7971
f 7967/7967 7981/7981 7965/7965
f 7965/7965 7981/7981 7966/7966
f 7981/7981 7982/7982 7966/7966
f 7966/7966 7982/7982 7971/7971
f 1575/1575 1573/1573 1574/1574
f 1573/1573 1572/1572 1574/1574
f 1569/1569 1557/1557 1559/1559
f 1559/1559 1557/1557 1554/1554
f 1559/1559 1554/1554 1579/1579
f 1579/1579 1554/1554 1580/1580
f 1554/1554 1553/1553 1580/1580
f 1580/1580 1553/1553 1555/1555
f 7929/7929 8001/8001 7927/7927
f 7927/7927 8001/8001 7999/7999
f 1580/1580 1555/1555 1585/1585
f 7927/7927 7999/7999 7918/7918
f 7918/7918 7999/7999 7920/7920
f 7920/7920 7999/7999 7921/7921
f 1585/1585 1586/1586 1608/1608
f 1608/1608 1586/1586 1597/1597
f 7982/7982 7903/7903 7971/7971
f 1588/1588 1589/1589 1590/1590
f 7971/7971 7903/7903 7901/7901
f 7903/7903 7899/7899 7901/7901
f 7743/7743 7745/7745 7741/7741
f 7956/7956 7954/7954 7958/7958
f 7956/7956 7969/7969 7968/7968
f 7956/7956 7968/7968 7954/7954
f 7954/7954 7968/7968 7950/7950
f 1573/1573 1571/1571 1572/1572
f 1572/1572 1571/1571 1569/1569
f 1569/1569 1571/1571 1570/1570
f 1569/1569 1570/1570 1557/1557
f 1557/1557 1556/1556 1554/1554
f 1556/1556 1551/1551 1554/1554
f 1554/1554 1551/1551 1553/1553
f 1555/1555 1561/1561 1585/1585
f 1585/1585 1561/1561 1586/1586
f 1586/1586 1561/1561 1563/1563
f 1586/1586 1563/1563 1597/1597
f 1563/1563 1564/1564 1597/1597
f 7949/7949 8000/8000 7969/7969
f 1597/1597 1564/1564 1594/1594
f 7969/7969 8000/8000 7968/7968
f 7968/7968 8000/8000 7967/7967
f 1594/1594 1564/1564 1567/1567
f 1594/1594 1593/1593 1606/1606
f 1594/1594 1567/1567 1593/1593
f 1606/1606 1593/1593 1592/1592
f 1567/1567 1568/1568 1592/1592
f 1593/1593 1567/1567 1592/1592
f 1592/1592 1568/1568 1588/1588
f 1588/1588 1568/1568 1587/1587
f 1588/1588 1587/1587 1589/1589
f 7747/7747 7746/7746 7743/7743
f 7746/7746 7745/7745 7743/7743
f 1623/1623 1622/1622 1635/1635
f 66/66 56/56 67/67
f 1605/1605 1581/1581 1573/1573
f 1573/1573 1581/1581 1571/1571
f 1581/1581 1584/1584 1571/1571
f 1571/1571 1584/1584 1570/1570
f 1584/1584 1558/1558 1570/1570
f 1570/1570 1558/1558 1557/1557
f 1557/1557 1558/1558 1556/1556
f 1558/1558 1551/1551 1556/1556
f 1551/1551 1552/1552 1553/1553
f 1553/1553 1552/1552 1555/1555
f 1555/1555 1552/1552 1560/1560
f 1555/1555 1560/1560 1561/1561
f 1561/1561 1560/1560 1562/1562
f 1561/1561 1562/1562 1563/1563
f 1563/1563 1562/1562 1564/1564
f 1562/1562 1565/1565 1564/1564
f 1564/1564 1565/1565 1566/1566
f 1564/1564 1566/1566 1567/1567
f 1567/1567 1566/1566 1568/1568
f 1568/1568 1566/1566 1583/1583
f 1568/1568 1583/1583 1587/1587
f 7748/7748 7746/7746 7747/7747
f 42/42 45/45 81/81
f 81/81 45/45 89/89
f 1609/1609 1601/1601 1551/1551
f 1558/1558 1609/1609 1551/1551
f 1551/1551 1601/1601 1552/1552
f 1552/1552 1601/1601 1598/1598
f 1552/1552 1598/1598 1560/1560
f 1560/1560 1598/1598 1562/1562
f 1562/1562 1598/1598 1599/1599
f 1599/1599 1600/1600 1562/1562
f 1562/1562 1600/1600 1565/1565
f 1565/1565 1600/1600 1566/1566
f 1600/1600 1602/1602 1566/1566
f 1566/1566 1602/1602 1583/1583
f 10/10 12/12 11/11
f 11/11 12/12 84/84
f 1598/1598 1610/1610 1599/1599
f 1599/1599 1610/1610 1600/1600
f 12/12 55/55 85/85
f 4198/4198 4208/4208 4173/4173
f 4208/4208 4218/4218 4191/4191
f 4173/4173 4208/4208 4191/4191
f 5184/5184 5190/5190 5182/5182
f 4174/4174 4219/4219 4230/4230
f 4174/4174 4230/4230 4198/4198
f 4174/4174 4198/4198 4173/4173
f 5598/5598 5551/5551 5550/5550
f 4173/4173 4191/4191 4166/4166
f 4166/4166 4191/4191 4192/4192
f 4171/4171 4229/4229 4219/4219
f 4171/4171 4219/4219 4174/4174
f 4169/4169 4174/4174 4173/4173
f 4166/4166 4192/4192 4167/4167
f 4171/4171 4174/4174 4169/4169
f 4166/4166 4169/4169 4173/4173
f 4184/4184 4229/4229 4171/4171
f 4166/4166 4167/4167 4108/4108
f 4168/4168 4167/4167 4190/4190
f 5187/5187 5186/5186 5188/5188
f 4170/4170 4171/4171 4169/4169
f 4169/4169 4166/4166 4165/4165
f 4108/4108 4167/4167 4168/4168
f 4168/4168 4190/4190 4189/4189
f 4184/4184 4171/4171 4172/4172
f 4172/4172 4171/4171 4170/4170
f 4165/4165 4166/4166 4108/4108
f 4109/4109 4168/4168 4189/4189
f 4109/4109 4189/4189 4188/4188
f 4183/4183 4184/4184 4172/4172
f 4170/4170 4169/4169 4165/4165
f 4109/4109 4188/4188 4187/4187
f 4182/4182 4183/4183 4172/4172
f 6520/6520 6519/6519 6523/6523
f 6523/6523 6519/6519 6521/6521
f 6519/6519 6518/6518 6521/6521
f 6524/6524 6525/6525 6520/6520
f 6524/6524 6520/6520 6523/6523
f 6524/6524 6523/6523 6521/6521
f 6521/6521 6518/6518 6522/6522
f 6518/6518 6530/6530 6522/6522
f 2925/2925 2927/2927 2926/2926
f 2926/2926 2927/2927 2928/2928
f 6526/6526 6525/6525 6524/6524
f 6522/6522 6524/6524 6521/6521
f 6530/6530 6783/6783 6522/6522
f 6528/6528 6526/6526 6527/6527
f 6527/6527 6526/6526 6524/6524
f 6522/6522 6783/6783 6668/6668
f 6783/6783 6779/6779 6668/6668
f 4108/4108 4168/4168 4109/4109
f 4111/4111 4109/4109 4187/4187
f 2924/2924 2925/2925 2926/2926
f 6529/6529 6528/6528 6527/6527
f 6522/6522 6668/6668 6666/6666
f 6668/6668 6779/6779 6667/6667
f 6779/6779 6813/6813 6667/6667
f 4179/4179 4182/4182 4172/4172
f 4170/4170 4165/4165 4172/4172
f 6672/6672 6522/6522 6675/6675
f 6522/6522 6666/6666 6675/6675
f 6668/6668 6667/6667 6666/6666
f 6667/6667 6813/6813 6757/6757
f 4110/4110 4109/4109 4111/4111
f 4711/4711 4702/4702 4701/4701
f 4243/4243 4245/4245 4244/4244
f 6529/6529 6531/6531 6528/6528
f 6556/6556 6524/6524 6672/6672
f 4439/4439 4431/4431 4433/4433
f 6524/6524 6522/6522 6672/6672
f 6462/6462 6457/6457 6463/6463
f 4178/4178 4226/4226 4179/4179
f 6560/6560 6880/6880 6531/6531
f 6560/6560 6531/6531 6529/6529
f 4179/4179 4172/4172 4176/4176
f 6527/6527 6524/6524 6529/6529
f 3995/3995 3996/3996 3994/3994
f 3994/3994 3996/3996 3997/3997
f 4164/4164 4165/4165 4108/4108
f 4328/4328 4329/4329 4327/4327
f 4328/4328 4327/4327 4326/4326
f 4326/4326 4327/4327 4314/4314
f 4326/4326 4314/4314 4319/4319
f 4108/4108 4109/4109 4104/4104
f 6666/6666 6667/6667 6665/6665
f 6667/6667 6757/6757 6665/6665
f 6665/6665 6757/6757 6751/6751
f 2930/2930 2924/2924 2929/2929
f 4235/4235 4243/4243 4242/4242
f 4956/4956 4920/4920 5128/5128
f 3993/3993 3995/3995 3994/3994
f 4357/4357 4359/4359 4354/4354
f 4359/4359 4355/4355 4354/4354
f 6556/6556 6672/6672 6678/6678
f 4175/4175 4172/4172 4164/4164
f 4164/4164 4172/4172 4165/4165
f 4354/4354 4355/4355 4351/4351
f 4351/4351 4355/4355 4328/4328
f 4351/4351 4328/4328 4356/4356
f 4356/4356 4328/4328 4326/4326
f 4356/4356 4326/4326 4319/4319
f 6881/6881 6880/6880 6560/6560
f 6555/6555 6529/6529 6524/6524
f 3985/3985 3993/3993 3992/3992
f 6555/6555 6524/6524 6556/6556
f 4360/4360 4357/4357 4358/4358
f 4357/4357 4354/4354 4353/4353
f 4358/4358 4357/4357 4353/4353
f 4353/4353 4354/4354 4351/4351
f 4351/4351 4356/4356 4348/4348
f 4348/4348 4356/4356 4319/4319
f 4348/4348 4319/4319 4323/4323
f 4323/4323 4312/4312 4320/4320
f 4312/4312 4313/4313 4310/4310
f 6663/6663 6666/6666 6665/6665
f 6665/6665 6751/6751 6664/6664
f 6664/6664 6751/6751 6806/6806
f 4178/4178 4179/4179 4176/4176
f 6555/6555 6560/6560 6529/6529
f 3986/3986 3985/3985 3987/3987
f 3987/3987 3992/3992 4013/4013
f 3992/3992 4015/4015 4013/4013
f 7791/7791 7787/7787 7790/7790
f 6674/6674 6672/6672 6675/6675
f 4164/4164 4108/4108 4104/4104
f 4349/4349 4348/4348 4352/4352
f 4352/4352 4348/4348 4323/4323
f 6663/6663 6665/6665 6664/6664
f 6559/6559 6881/6881 6560/6560
f 6553/6553 6560/6560 6555/6555
f 4946/4946 4956/4956 4957/4957
f 3986/3986 3987/3987 4002/4002
f 3987/3987 4013/4013 4014/4014
f 4002/4002 3987/3987 4014/4014
f 4014/4014 4013/4013 4017/4017
f 4352/4352 4323/4323 4361/4361
f 4361/4361 4323/4323 4362/4362
f 4362/4362 4323/4323 4320/4320
f 6673/6673 6675/6675 6666/6666
f 6664/6664 6806/6806 6662/6662
f 2936/2936 2930/2930 2935/2935
f 4232/4232 4235/4235 4233/4233
f 6559/6559 6560/6560 6553/6553
f 3989/3989 3984/3984 3988/3988
f 3986/3986 4002/4002 4012/4012
f 3988/3988 3986/3986 4012/4012
f 4012/4012 4002/4002 4014/4014
f 4176/4176 4172/4172 4175/4175
f 6678/6678 6672/6672 6677/6677
f 6677/6677 6672/6672 6674/6674
f 6673/6673 6674/6674 6675/6675
f 4361/4361 4362/4362 4363/4363
f 6673/6673 6666/6666 6676/6676
f 4321/4321 4309/4309 4308/4308
f 6663/6663 6664/6664 6662/6662
f 6662/6662 6806/6806 6781/6781
f 7319/7319 7318/7318 7320/7320
f 4112/4112 4110/4110 4155/4155
f 3990/3990 3988/3988 4008/4008
f 4008/4008 3988/3988 4012/4012
f 4363/4363 4362/4362 4364/4364
f 6676/6676 6666/6666 6663/6663
f 4364/4364 4362/4362 4321/4321
f 4364/4364 4321/4321 4325/4325
f 6662/6662 6781/6781 6660/6660
f 4109/4109 4110/4110 4112/4112
f 2936/2936 2935/2935 2937/2937
f 6558/6558 6559/6559 6553/6553
f 3999/3999 3998/3998 3991/3991
f 3998/3998 3989/3989 3991/3991
f 3991/3991 3990/3990 4009/4009
f 3990/3990 4008/4008 4009/4009
f 6553/6553 6555/6555 6554/6554
f 6554/6554 6555/6555 6556/6556
f 4163/4163 4175/4175 4164/4164
f 6678/6678 6677/6677 6694/6694
f 6693/6693 6678/6678 6694/6694
f 6694/6694 6677/6677 6674/6674
f 4364/4364 4325/4325 4365/4365
f 4365/4365 4325/4325 4366/4366
f 4324/4324 4308/4308 4316/4316
f 4104/4104 4109/4109 4106/4106
f 4316/4316 4308/4308 4311/4311
f 6658/6658 6663/6663 6662/6662
f 4106/4106 4109/4109 4112/4112
f 4180/4180 4223/4223 4197/4197
f 4246/4246 4234/4234 4233/4233
f 3999/3999 3991/3991 4010/4010
f 4010/4010 3991/3991 4009/4009
f 6554/6554 6556/6556 6569/6569
f 6556/6556 6678/6678 6569/6569
f 6569/6569 6678/6678 6693/6693
f 6743/6743 6693/6693 6694/6694
f 6743/6743 6694/6694 6744/6744
f 6694/6694 6674/6674 6687/6687
f 4497/4497 4498/4498 4503/4503
f 6687/6687 6674/6674 6673/6673
f 6658/6658 6662/6662 6660/6660
f 6660/6660 6781/6781 6506/6506
f 4180/4180 4197/4197 4178/4178
f 4158/4158 4178/4178 4176/4176
f 4409/4409 4408/4408 4406/4406
f 4001/4001 4000/4000 3999/3999
f 4019/4019 4010/4010 4009/4009
f 4177/4177 4176/4176 4175/4175
f 4177/4177 4175/4175 4163/4163
f 6569/6569 6693/6693 6742/6742
f 6742/6742 6693/6693 6743/6743
f 6744/6744 6694/6694 6760/6760
f 6760/6760 6694/6694 6687/6687
f 4367/4367 4365/4365 4366/4366
f 6676/6676 6663/6663 6658/6658
f 4366/4366 4324/4324 4339/4339
f 4324/4324 4316/4316 4318/4318
f 4324/4324 4318/4318 4339/4339
f 6507/6507 6505/6505 6506/6506
f 4158/4158 4176/4176 4177/4177
f 6557/6557 6558/6558 6553/6553
f 4001/4001 3999/3999 4011/4011
f 3999/3999 4010/4010 4011/4011
f 4011/4011 4010/4010 4020/4020
f 4020/4020 4010/4010 4019/4019
f 6741/6741 6569/6569 6742/6742
f 6765/6765 6742/6742 6743/6743
f 6765/6765 6743/6743 6744/6744
f 6765/6765 6744/6744 6768/6768
f 6768/6768 6744/6744 6760/6760
f 6768/6768 6760/6760 6769/6769
f 6760/6760 6687/6687 6763/6763
f 6687/6687 6673/6673 6685/6685
f 4366/4366 4339/4339 4368/4368
f 6660/6660 6506/6506 6661/6661
f 6506/6506 6505/6505 6504/6504
f 4112/4112 4155/4155 4154/4154
f 4180/4180 4178/4178 4158/4158
f 4239/4239 4237/4237 4238/4238
f 4238/4238 4234/4234 4246/4246
f 4406/4406 4396/4396 4405/4405
f 4004/4004 4001/4001 4011/4011
f 4506/4506 4531/4531 4528/4528
f 6765/6765 6768/6768 6767/6767
f 6769/6769 6760/6760 6827/6827
f 6827/6827 6760/6760 6763/6763
f 6763/6763 6687/6687 6685/6685
f 6685/6685 6673/6673 6676/6676
f 4367/4367 4366/4366 4368/4368
f 6676/6676 6658/6658 6656/6656
f 4339/4339 4318/4318 4322/4322
f 6657/6657 6658/6658 6660/6660
f 6661/6661 6506/6506 6504/6504
f 5413/5413 5407/5407 5410/5410
f 6135/6135 6130/6130 6131/6131
f 4003/4003 4001/4001 4004/4004
f 4004/4004 4011/4011 4016/4016
f 4016/4016 4011/4011 4023/4023
f 4023/4023 4011/4011 4020/4020
f 6552/6552 6553/6553 6554/6554
f 6554/6554 6569/6569 6568/6568
f 6740/6740 6569/6569 6741/6741
f 6741/6741 6742/6742 6764/6764
f 6742/6742 6765/6765 6764/6764
f 6764/6764 6765/6765 6766/6766
f 6766/6766 6765/6765 6767/6767
f 6767/6767 6768/6768 6780/6780
f 6780/6780 6768/6768 6769/6769
f 4369/4369 4367/4367 4368/4368
f 4368/4368 4339/4339 4338/4338
f 4339/4339 4322/4322 4338/4338
f 6656/6656 6658/6658 6657/6657
f 6661/6661 6504/6504 6502/6502
f 6504/6504 6503/6503 6502/6502
f 6140/6140 6137/6137 6136/6136
f 6140/6140 6136/6136 6141/6141
f 2939/2939 2938/2938 2940/2940
f 6141/6141 6136/6136 6129/6129
f 4393/4393 4395/4395 4394/4394
f 5382/5382 5387/5387 5381/5381
f 6741/6741 6764/6764 6777/6777
f 6764/6764 6766/6766 6848/6848
f 6766/6766 6767/6767 6848/6848
f 6848/6848 6767/6767 6780/6780
f 6780/6780 6769/6769 6817/6817
f 4163/4163 4164/4164 4103/4103
f 6817/6817 6769/6769 6827/6827
f 6817/6817 6827/6827 6859/6859
f 4164/4164 4104/4104 4103/4103
f 6826/6826 6827/6827 6763/6763
f 6762/6762 6763/6763 6685/6685
f 4338/4338 4322/4322 4337/4337
f 6657/6657 6660/6660 6661/6661
f 5399/5399 5402/5402 5400/5400
f 5400/5400 5402/5402 5417/5417
f 7867/7867 7870/7870 7869/7869
f 6141/6141 6129/6129 6142/6142
f 6142/6142 6129/6129 6139/6139
f 6139/6139 6129/6129 6127/6127
f 6561/6561 6558/6558 6557/6557
f 5388/5388 5393/5393 5382/5382
f 4006/4006 4004/4004 4018/4018
f 4004/4004 4016/4016 4018/4018
f 6557/6557 6553/6553 6552/6552
f 4018/4018 4016/4016 4023/4023
f 4937/4937 4938/4938 4939/4939
f 6552/6552 6554/6554 6567/6567
f 6554/6554 6568/6568 6567/6567
f 6740/6740 6741/6741 6778/6778
f 6778/6778 6741/6741 6777/6777
f 5311/5311 5298/5298 5305/5305
f 5298/5298 5303/5303 5304/5304
f 5305/5305 5298/5298 5304/5304
f 6777/6777 6764/6764 6850/6850
f 5305/5305 5304/5304 5306/5306
f 5307/5307 5311/5311 5305/5305
f 5307/5307 5305/5305 5306/5306
f 4304/4304 4298/4298 4293/4293
f 4293/4293 4298/4298 4294/4294
f 5307/5307 5306/5306 5320/5320
f 6854/6854 6764/6764 6848/6848
f 6854/6854 6848/6848 6985/6985
f 6985/6985 6848/6848 6780/6780
f 6928/6928 6985/6985 6780/6780
f 4103/4103 4162/4162 4163/4163
f 4566/4566 4582/4582 4586/4586
f 6780/6780 6817/6817 6928/6928
f 4770/4770 4771/4771 4767/4767
f 4770/4770 4767/4767 4764/4764
f 6817/6817 6859/6859 6932/6932
f 6932/6932 6859/6859 6933/6933
f 6859/6859 6827/6827 6826/6826
f 4761/4761 4770/4770 4764/4764
f 6859/6859 6826/6826 6976/6976
f 6826/6826 6763/6763 6762/6762
f 4369/4369 4368/4368 4370/4370
f 4368/4368 4338/4338 4371/4371
f 4370/4370 4368/4368 4371/4371
f 5728/5728 5714/5714 5713/5713
f 6661/6661 6502/6502 6501/6501
f 6502/6502 6499/6499 6501/6501
f 5409/5409 5407/5407 5399/5399
f 7868/7868 7867/7867 7869/7869
f 7868/7868 7869/7869 7859/7859
f 7859/7859 7849/7849 7858/7858
f 6139/6139 6127/6127 6138/6138
f 4239/4239 4238/4238 4240/4240
f 4393/4393 4394/4394 4381/4381
f 4022/4022 4018/4018 4023/4023
f 4022/4022 4023/4023 4047/4047
f 6750/6750 6568/6568 6740/6740
f 5298/5298 5309/5309 5295/5295
f 5295/5295 5297/5297 5298/5298
f 5298/5298 5297/5297 5303/5303
f 6785/6785 6740/6740 6778/6778
f 6778/6778 6777/6777 6850/6850
f 6850/6850 6764/6764 6851/6851
f 6764/6764 6854/6854 6851/6851
f 6854/6854 6985/6985 6926/6926
f 6928/6928 6926/6926 6985/6985
f 6926/6926 6928/6928 6927/6927
f 6928/6928 6929/6929 6927/6927
f 4793/4793 4782/4782 4785/4785
f 6929/6929 6928/6928 6817/6817
f 4765/4765 4767/4767 4768/4768
f 6932/6932 6929/6929 6817/6817
f 4764/4764 4767/4767 4765/4765
f 4765/4765 4768/4768 4766/4766
f 4764/4764 4765/4765 4763/4763
f 4763/4763 4765/4765 4766/4766
f 6976/6976 6933/6933 6859/6859
f 6826/6826 6762/6762 6840/6840
f 6685/6685 6676/6676 6684/6684
f 7866/7866 7867/7867 7864/7864
f 7864/7864 7867/7867 7868/7868
f 7868/7868 7859/7859 7858/7858
f 7842/7842 7841/7841 7835/7835
f 5385/5385 5388/5388 5382/5382
f 5385/5385 5382/5382 5378/5378
f 5378/5378 5381/5381 5380/5380
f 4007/4007 4006/4006 4021/4021
f 4006/4006 4018/4018 4022/4022
f 4021/4021 4006/4006 4022/4022
f 6719/6719 6567/6567 6568/6568
f 6750/6750 6740/6740 6785/6785
f 5309/5309 5308/5308 5295/5295
f 5295/5295 5293/5293 5297/5297
f 5304/5304 5343/5343 5344/5344
f 4299/4299 4293/4293 4283/4283
f 4283/4283 4293/4293 4289/4289
f 6851/6851 6854/6854 6853/6853
f 6925/6925 6854/6854 6926/6926
f 6925/6925 6926/6926 6927/6927
f 2582/2582 2592/2592 2587/2587
f 6930/6930 6927/6927 6929/6929
f 6930/6930 6929/6929 6931/6931
f 6929/6929 6932/6932 6931/6931
f 6931/6931 6932/6932 6933/6933
f 6931/6931 6933/6933 6934/6934
f 4763/4763 4766/4766 4755/4755
f 6933/6933 6976/6976 6935/6935
f 6934/6934 6933/6933 6935/6935
f 4761/4761 4764/4764 4756/4756
f 4764/4764 4763/4763 4756/4756
f 4756/4756 4763/4763 4755/4755
f 6935/6935 6976/6976 6826/6826
f 6935/6935 6826/6826 6975/6975
f 6840/6840 6975/6975 6826/6826
f 6762/6762 6685/6685 6761/6761
f 6840/6840 6762/6762 6761/6761
f 6761/6761 6685/6685 6684/6684
f 6684/6684 6676/6676 6656/6656
f 4371/4371 4338/4338 4372/4372
f 5728/5728 5713/5713 5727/5727
f 5713/5713 5714/5714 5712/5712
f 4340/4340 4341/4341 4342/4342
f 6661/6661 6501/6501 6508/6508
f 6508/6508 6501/6501 6500/6500
f 7864/7864 7868/7868 7863/7863
f 5672/5672 5671/5671 5670/5670
f 7863/7863 7868/7868 7858/7858
f 4181/4181 4196/4196 4180/4180
f 6138/6138 6127/6127 6132/6132
f 4393/4393 4381/4381 4380/4380
f 4380/4380 4381/4381 4382/4382
f 5385/5385 5378/5378 5374/5374
f 5374/5374 5378/5378 5377/5377
f 5377/5377 5378/5378 5380/5380
f 6719/6719 6568/6568 6750/6750
f 5308/5308 5291/5291 5295/5295
f 5295/5295 5291/5291 5293/5293
f 6785/6785 6778/6778 6794/6794
f 6794/6794 6778/6778 6849/6849
f 5344/5344 5356/5356 5327/5327
f 6778/6778 6850/6850 6849/6849
f 5344/5344 5327/5327 5326/5326
f 6850/6850 6851/6851 6849/6849
f 6849/6849 6851/6851 6852/6852
f 5323/5323 5344/5344 5326/5326
f 6851/6851 6853/6853 6852/6852
f 4283/4283 4289/4289 4284/4284
f 6852/6852 6853/6853 6917/6917
f 4289/4289 4297/4297 4291/4291
f 4284/4284 4289/4289 4291/4291
f 2576/2576 2584/2584 2577/2577
f 2493/2493 2519/2519 2511/2511
f 4773/4773 4781/4781 4783/4783
f 6954/6954 6931/6931 6946/6946
f 6946/6946 6931/6931 6934/6934
f 4756/4756 4755/4755 4754/4754
f 4754/4754 4755/4755 4748/4748
f 6934/6934 6935/6935 6936/6936
f 4761/4761 4756/4756 4759/4759
f 4759/4759 4756/4756 4754/4754
f 6937/6937 6935/6935 6975/6975
f 6936/6936 6935/6935 6937/6937
f 6937/6937 6975/6975 6939/6939
f 6975/6975 6840/6840 6886/6886
f 4371/4371 4372/4372 4373/4373
f 6657/6657 6661/6661 6669/6669
f 6669/6669 6661/6661 6508/6508
f 4154/4154 4199/4199 4153/4153
f 5399/5399 5401/5401 5403/5403
f 7865/7865 7866/7866 7864/7864
f 4181/4181 4215/4215 4196/4196
f 7858/7858 7849/7849 7848/7848
f 7848/7848 7849/7849 7835/7835
f 7849/7849 7842/7842 7835/7835
f 6983/6983 6561/6561 6565/6565
f 4045/4045 4007/4007 4025/4025
f 4025/4025 4007/4007 4021/4021
f 4021/4021 4022/4022 4024/4024
f 4024/4024 4022/4022 4048/4048
f 6564/6564 6557/6557 6552/6552
f 6564/6564 6552/6552 6567/6567
f 6720/6720 6567/6567 6719/6719
f 6719/6719 6750/6750 6788/6788
f 5308/5308 5310/5310 5294/5294
f 5291/5291 5294/5294 5292/5292
f 6788/6788 6750/6750 6785/6785
f 5308/5308 5294/5294 5291/5291
f 6785/6785 6794/6794 6793/6793
f 6791/6791 6785/6785 6793/6793
f 6793/6793 6794/6794 6795/6795
f 5356/5356 5338/5338 5327/5327
f 6794/6794 6849/6849 6796/6796
f 6795/6795 6794/6794 6796/6796
f 2560/2560 2585/2585 2555/2555
f 2556/2556 2562/2562 2561/2561
f 4295/4295 4283/4283 4292/4292
f 4282/4282 4283/4283 4284/4284
f 4284/4284 4291/4291 4288/4288
f 2703/2703 2886/2886 2701/2701
f 6946/6946 6934/6934 6945/6945
f 6945/6945 6934/6934 6936/6936
f 6936/6936 6937/6937 6938/6938
f 4759/4759 4754/4754 4746/4746
f 4746/4746 4754/4754 4748/4748
f 6938/6938 6937/6937 6939/6939
f 4761/4761 4759/4759 4758/4758
f 6886/6886 6939/6939 6975/6975
f 6886/6886 6840/6840 6761/6761
f 6886/6886 6761/6761 6885/6885
f 6655/6655 6656/6656 6654/6654
f 5727/5727 5713/5713 5725/5725
f 6654/6654 6656/6656 6657/6657
f 5713/5713 5712/5712 5711/5711
f 6508/6508 6500/6500 6509/6509
f 4153/4153 4199/4199 4200/4200
f 5404/5404 5403/5403 5405/5405
f 7863/7863 7858/7858 7856/7856
f 7835/7835 7841/7841 7833/7833
f 7841/7841 7861/7861 7833/7833
f 7833/7833 7861/7861 7855/7855
f 4383/4383 4380/4380 4382/4382
f 6563/6563 6557/6557 6564/6564
f 4043/4043 4045/4045 4025/4025
f 6709/6709 6567/6567 6720/6720
f 5294/5294 5296/5296 5292/5292
f 6789/6789 6788/6788 6785/6785
f 6789/6789 6785/6785 6791/6791
f 6793/6793 6795/6795 6800/6800
f 6795/6795 6796/6796 6800/6800
f 2551/2551 2560/2560 2553/2553
f 2561/2561 2540/2540 2529/2529
f 2457/2457 2487/2487 2472/2472
f 4292/4292 4283/4283 4282/4282
f 6094/6094 6067/6067 6083/6083
f 6083/6083 6067/6067 5976/5976
f 6083/6083 5976/5976 5977/5977
f 6098/6098 6094/6094 6083/6083
f 6098/6098 6083/6083 6100/6100
f 6100/6100 6083/6083 5977/5977
f 4774/4774 4784/4784 4775/4775
f 6945/6945 6936/6936 6944/6944
f 6944/6944 6936/6936 6938/6938
f 4746/4746 4748/4748 4747/4747
f 4758/4758 4759/4759 4746/4746
f 6885/6885 6939/6939 6886/6886
f 6885/6885 6761/6761 6776/6776
f 6776/6776 6761/6761 6684/6684
f 6684/6684 6656/6656 6686/6686
f 4374/4374 4373/4373 4372/4372
f 5725/5725 5713/5713 5711/5711
f 4107/4107 4106/4106 4112/4112
f 4112/4112 4154/4154 4153/4153
f 7865/7865 7864/7864 7812/7812
f 7814/7814 7865/7865 7812/7812
f 5670/5670 5671/5671 5668/5668
f 7856/7856 7858/7858 7848/7848
f 7125/7125 7129/7129 7128/7128
f 7834/7834 7835/7835 7833/7833
f 6562/6562 6565/6565 6561/6561
f 4129/4129 4180/4180 4158/4158
f 6562/6562 6561/6561 6557/6557
f 6564/6564 6567/6567 6709/6709
f 6720/6720 6719/6719 6787/6787
f 6719/6719 6788/6788 6787/6787
f 5300/5300 5299/5299 5294/5294
f 5294/5294 5299/5299 5296/5296
f 6787/6787 6788/6788 6789/6789
f 6792/6792 6789/6789 6791/6791
f 6791/6791 6793/6793 6799/6799
f 6799/6799 6793/6793 6800/6800
f 2507/2507 2457/2457 2456/2456
f 5976/5976 6062/6062 5974/5974
f 6084/6084 6062/6062 6067/6067
f 6067/6067 6062/6062 5976/5976
f 5976/5976 5974/5974 5962/5962
f 6095/6095 6085/6085 6084/6084
f 4284/4284 4288/4288 4285/4285
f 6084/6084 6067/6067 6094/6094
f 5976/5976 5962/5962 5961/5961
f 6095/6095 6084/6084 6094/6094
f 5977/5977 5976/5976 5961/5961
f 5962/5962 5963/5963 5955/5955
f 2467/2467 2469/2469 2436/2436
f 7219/7219 7243/7243 7248/7248
f 7243/7243 7219/7219 7235/7235
f 6096/6096 6095/6095 6094/6094
f 5961/5961 5962/5962 5955/5955
f 6096/6096 6094/6094 6098/6098
f 6096/6096 6098/6098 6108/6108
f 5977/5977 5961/5961 6092/6092
f 7244/7244 7219/7219 7248/7248
f 5961/5961 5955/5955 5949/5949
f 7244/7244 7248/7248 7258/7258
f 6107/6107 6096/6096 6108/6108
f 6099/6099 6100/6100 5977/5977
f 6099/6099 5977/5977 6092/6092
f 6092/6092 5961/5961 5949/5949
f 6100/6100 6108/6108 6098/6098
f 6101/6101 6100/6100 6099/6099
f 7208/7208 7219/7219 7244/7244
f 6107/6107 6108/6108 6109/6109
f 6109/6109 6108/6108 6100/6100
f 3171/3171 3160/3160 3152/3152
f 3160/3160 3164/3164 3134/3134
f 3164/3164 3162/3162 3134/3134
f 7215/7215 7244/7244 7258/7258
f 3166/3166 3173/3173 3158/3158
f 3158/3158 3173/3173 3171/3171
f 3158/3158 3171/3171 3152/3152
f 7207/7207 7208/7208 7215/7215
f 7215/7215 7208/7208 7244/7244
f 6110/6110 6107/6107 6109/6109
f 3152/3152 3160/3160 3134/3134
f 6112/6112 6113/6113 6110/6110
f 7207/7207 7291/7291 7205/7205
f 3129/3129 3152/3152 3134/3134
f 6112/6112 6110/6110 6111/6111
f 6111/6111 6110/6110 6109/6109
f 3166/3166 3158/3158 3144/3144
f 3129/3129 3158/3158 3152/3152
f 6114/6114 6112/6112 6111/6111
f 3165/3165 3166/3166 3144/3144
f 3144/3144 3158/3158 3129/3129
f 3149/3149 3165/3165 3144/3144
f 3150/3150 3165/3165 3149/3149
f 3174/3174 3150/3150 3138/3138
f 6948/6948 6944/6944 6938/6938
f 4758/4758 4746/4746 4742/4742
f 4742/4742 4746/4746 4743/4743
f 4743/4743 4746/4746 4747/4747
f 4757/4757 4758/4758 4742/4742
f 6939/6939 6941/6941 6940/6940
f 6938/6938 6939/6939 6940/6940
f 4769/4769 4758/4758 4757/4757
f 6941/6941 6939/6939 6885/6885
f 6941/6941 6885/6885 6943/6943
f 6885/6885 6776/6776 6884/6884
f 6776/6776 6684/6684 6773/6773
f 6773/6773 6684/6684 6686/6686
f 6686/6686 6656/6656 6655/6655
f 4374/4374 4372/4372 4375/4375
f 6669/6669 6508/6508 6510/6510
f 6510/6510 6509/6509 6511/6511
f 7812/7812 7864/7864 7863/7863
f 7848/7848 7835/7835 7838/7838
f 7838/7838 7835/7835 7834/7834
f 4383/4383 4382/4382 4384/4384
f 5383/5383 5385/5385 5374/5374
f 5383/5383 5374/5374 5370/5370
f 6562/6562 6557/6557 6563/6563
f 7832/7832 7833/7833 7855/7855
f 4398/4398 4380/4380 4383/4383
f 5374/5374 5377/5377 5371/5371
f 7832/7832 7855/7855 7847/7847
f 4044/4044 4045/4045 4043/4043
f 6145/6145 6134/6134 6144/6144
f 4025/4025 4024/4024 4026/4026
f 6803/6803 6720/6720 6787/6787
f 6792/6792 6791/6791 6798/6798
f 6798/6798 6791/6791 6799/6799
f 2537/2537 2525/2525 2536/2536
f 2536/2536 2517/2517 2538/2538
f 2538/2538 2517/2517 2507/2507
f 2538/2538 2507/2507 2532/2532
f 2507/2507 2456/2456 2532/2532
f 2456/2456 2457/2457 2455/2455
f 6062/6062 6070/6070 5974/5974
f 6091/6091 6072/6072 6062/6062
f 7237/7237 7247/7247 7255/7255
f 6085/6085 6091/6091 6062/6062
f 7243/7243 7237/7237 7255/7255
f 4282/4282 4284/4284 4285/4285
f 7235/7235 7237/7237 7243/7243
f 5955/5955 5963/5963 5964/5964
f 7232/7232 7235/7235 7219/7219
f 5955/5955 5964/5964 5953/5953
f 7213/7213 7232/7232 7219/7219
f 5955/5955 5953/5953 5951/5951
f 5949/5949 5955/5955 5951/5951
f 7211/7211 7213/7213 7208/7208
f 7208/7208 7213/7213 7219/7219
f 5949/5949 5951/5951 5950/5950
f 7204/7204 7211/7211 7208/7208
f 5948/5948 5949/5949 5950/5950
f 7204/7204 7208/7208 7207/7207
f 3134/3134 3162/3162 3120/3120
f 3120/3120 3162/3162 3140/3140
f 7205/7205 7204/7204 7207/7207
f 3129/3129 3134/3134 3093/3093
f 3134/3134 3120/3120 3093/3093
f 3144/3144 3129/3129 3103/3103
f 3103/3103 3129/3129 3092/3092
f 3129/3129 3093/3093 3092/3092
f 3149/3149 3144/3144 3117/3117
f 3117/3117 3144/3144 3103/3103
f 3117/3117 3103/3103 3035/3035
f 3150/3150 3149/3149 3117/3117
f 3138/3138 3150/3150 3117/3117
f 3143/3143 3174/3174 3138/3138
f 6948/6948 6938/6938 6949/6949
f 4104/4104 4106/4106 4105/4105
f 6949/6949 6938/6938 6940/6940
f 6943/6943 6885/6885 6884/6884
f 6884/6884 6776/6776 6773/6773
f 6669/6669 6510/6510 6670/6670
f 5408/5408 5404/5404 5406/5406
f 5406/5406 5404/5404 5405/5405
f 7808/7808 7814/7814 7812/7812
f 7832/7832 7847/7847 7822/7822
f 4044/4044 4043/4043 4027/4027
f 4027/4027 4043/4043 4025/4025
f 4158/4158 4177/4177 4159/4159
f 4159/4159 4177/4177 4160/4160
f 5312/5312 5301/5301 5300/5300
f 5300/5300 5301/5301 5299/5299
f 4160/4160 4177/4177 4163/4163
f 6789/6789 6792/6792 6798/6798
f 6797/6797 6789/6789 6798/6798
f 2570/2570 2537/2537 2536/2536
f 6072/6072 6071/6071 6062/6062
f 6062/6062 6071/6071 6070/6070
f 6070/6070 6054/6054 5974/5974
f 5974/5974 6054/6054 5978/5978
f 5974/5974 5978/5978 5969/5969
f 5969/5969 5978/5978 5971/5971
f 7236/7236 7247/7247 7237/7237
f 2451/2451 2455/2455 2449/2449
f 7233/7233 7236/7236 7237/7237
f 5969/5969 5971/5971 5963/5963
f 5963/5963 5971/5971 5965/5965
f 4300/4300 4295/4295 4301/4301
f 4303/4303 4292/4292 4302/4302
f 4302/4302 4292/4292 4282/4282
f 4282/4282 4285/4285 4286/4286
f 5359/5359 5322/5322 5351/5351
f 7233/7233 7237/7237 7235/7235
f 5963/5963 5965/5965 5964/5964
f 2424/2424 2422/2422 2421/2421
f 7233/7233 7235/7235 7232/7232
f 7230/7230 7233/7233 7232/7232
f 5964/5964 5965/5965 5953/5953
f 5953/5953 5965/5965 5952/5952
f 5951/5951 5953/5953 5952/5952
f 5951/5951 5952/5952 5950/5950
f 5950/5950 5952/5952 5932/5932
f 5948/5948 5950/5950 5932/5932
f 5919/5919 5948/5948 5932/5932
f 3120/3120 3140/3140 3055/3055
f 4777/4777 4776/4776 4778/4778
f 3055/3055 3140/3140 3137/3137
f 3093/3093 3120/3120 3055/3055
f 3092/3092 3093/3093 3037/3037
f 3093/3093 3055/3055 3037/3037
f 3033/3033 3092/3092 3036/3036
f 3092/3092 3037/3037 3036/3036
f 3103/3103 3092/3092 3033/3033
f 3035/3035 3103/3103 3034/3034
f 3103/3103 3033/3033 3034/3034
f 3117/3117 3035/3035 3042/3042
f 3138/3138 3117/3117 3042/3042
f 3143/3143 3138/3138 3042/3042
f 3132/3132 3143/3143 3042/3042
f 2676/2676 2858/2858 2674/2674
f 4742/4742 4743/4743 4744/4744
f 4769/4769 4757/4757 4760/4760
f 4757/4757 4742/4742 4745/4745
f 4760/4760 4757/4757 4745/4745
f 6941/6941 6943/6943 6942/6942
f 6940/6940 6941/6941 6942/6942
f 6943/6943 6884/6884 6950/6950
f 4374/4374 4375/4375 4376/4376
f 6657/6657 6669/6669 6670/6670
f 4153/4153 4200/4200 4152/4152
f 7808/7808 7812/7812 7811/7811
f 7812/7812 7863/7863 7856/7856
f 7850/7850 7856/7856 7848/7848
f 7125/7125 7128/7128 7127/7127
f 4181/4181 4180/4180 4129/4129
f 4385/4385 4383/4383 4384/4384
f 5370/5370 5371/5371 5369/5369
f 7821/7821 7832/7832 7822/7822
f 3983/3983 4044/4044 4027/4027
f 4027/4027 4025/4025 4026/4026
f 5748/5748 5747/5747 5744/5744
f 4527/4527 4513/4513 4515/4515
f 6709/6709 6720/6720 6752/6752
f 6752/6752 6720/6720 6807/6807
f 6807/6807 6720/6720 6803/6803
f 6803/6803 6787/6787 6801/6801
f 6801/6801 6787/6787 6790/6790
f 6790/6790 6787/6787 6789/6789
f 6790/6790 6789/6789 6797/6797
f 2568/2568 2558/2558 2569/2569
f 2569/2569 2537/2537 2570/2570
f 6072/6072 6088/6088 6071/6071
f 7241/7241 7254/7254 7247/7247
f 6091/6091 6097/6097 6072/6072
f 6071/6071 6073/6073 6070/6070
f 6054/6054 6079/6079 5978/5978
f 7238/7238 7241/7241 7236/7236
f 5978/5978 6050/6050 5971/5971
f 7238/7238 7236/7236 7234/7234
f 7234/7234 7236/7236 7233/7233
f 7481/7481 7483/7483 7480/7480
f 7480/7480 7483/7483 7484/7484
f 5965/5965 5971/5971 5968/5968
f 7231/7231 7234/7234 7230/7230
f 7230/7230 7234/7234 7233/7233
f 4286/4286 4285/4285 4287/4287
f 4285/4285 4296/4296 4287/4287
f 5322/5322 5336/5336 5351/5351
f 7297/7297 7231/7231 7228/7228
f 7298/7298 7297/7297 7228/7228
f 7228/7228 7231/7231 7230/7230
f 4287/4287 4296/4296 4305/4305
f 4305/4305 4296/4296 4306/4306
f 5965/5965 5968/5968 5952/5952
f 5952/5952 5968/5968 5954/5954
f 5932/5932 5954/5954 5930/5930
f 5916/5916 5932/5932 5911/5911
f 5911/5911 5932/5932 5930/5930
f 5919/5919 5932/5932 5916/5916
f 5916/5916 5911/5911 5910/5910
f 5919/5919 5916/5916 5910/5910
f 3055/3055 3137/3137 3038/3038
f 3038/3038 3137/3137 3111/3111
f 3024/3024 3055/3055 3038/3038
f 3037/3037 3055/3055 3024/3024
f 3036/3036 3037/3037 3016/3016
f 3037/3037 3024/3024 3016/3016
f 3033/3033 3036/3036 3013/3013
f 3013/3013 3036/3036 3016/3016
f 3034/3034 3033/3033 3001/3001
f 3001/3001 3033/3033 3013/3013
f 3035/3035 3034/3034 3012/3012
f 3034/3034 3001/3001 3012/3012
f 3042/3042 3035/3035 3041/3041
f 3132/3132 3042/3042 3041/3041
f 2736/2736 2779/2779 2672/2672
f 6959/6959 6949/6949 6940/6940
f 4745/4745 4742/4742 4744/4744
f 4749/4749 4745/4745 4744/4744
f 6959/6959 6940/6940 6942/6942
f 6947/6947 6943/6943 6950/6950
f 6654/6654 6657/6657 6659/6659
f 6657/6657 6670/6670 6659/6659
f 6510/6510 6511/6511 6512/6512
f 7807/7807 7808/7808 7811/7811
f 7811/7811 7812/7812 7857/7857
f 7812/7812 7856/7856 7857/7857
f 7857/7857 7856/7856 7850/7850
f 7850/7850 7848/7848 7838/7838
f 6566/6566 6565/6565 6562/6562
f 5367/5367 5370/5370 5369/5369
f 7821/7821 7822/7822 7820/7820
f 7820/7820 7822/7822 7847/7847
f 4027/4027 4026/4026 4028/4028
f 7820/7820 7847/7847 7846/7846
f 6708/6708 6564/6564 6709/6709
f 2565/2565 2567/2567 2564/2564
f 2570/2570 2536/2536 2574/2574
f 2574/2574 2538/2538 2535/2535
f 6097/6097 6088/6088 6072/6072
f 6071/6071 6088/6088 6078/6078
f 6073/6073 6071/6071 6078/6078
f 2532/2532 2454/2454 2531/2531
f 6050/6050 5978/5978 6075/6075
f 2456/2456 2451/2451 2454/2454
f 7239/7239 7238/7238 7234/7234
f 7478/7478 7481/7481 7479/7479
f 7242/7242 7239/7239 7234/7234
f 7479/7479 7481/7481 7480/7480
f 5971/5971 5979/5979 5968/5968
f 7202/7202 7203/7203 7185/7185
f 7242/7242 7234/7234 7231/7231
f 7185/7185 7203/7203 7189/7189
f 5954/5954 5968/5968 5973/5973
f 2422/2422 2426/2426 2408/2408
f 5954/5954 5973/5973 5958/5958
f 5930/5930 5958/5958 5944/5944
f 5911/5911 5930/5930 5913/5913
f 5910/5910 5911/5911 5912/5912
f 5912/5912 5911/5911 5913/5913
f 3038/3038 3111/3111 3079/3079
f 3024/3024 3038/3038 3019/3019
f 3016/3016 3024/3024 2993/2993
f 2993/2993 3024/3024 3019/3019
f 2999/2999 3016/3016 2993/2993
f 3000/3000 3016/3016 2999/2999
f 3013/3013 3016/3016 3000/3000
f 3001/3001 3013/3013 3000/3000
f 3012/3012 3001/3001 3002/3002
f 3002/3002 3001/3001 2995/2995
f 3041/3041 3012/3012 3026/3026
f 6959/6959 6942/6942 6957/6957
f 4760/4760 4745/4745 4750/4750
f 4750/4750 4745/4745 4749/4749
f 6957/6957 6942/6942 6947/6947
f 4769/4769 4760/4760 4762/4762
f 4762/4762 4760/4760 4750/4750
f 6950/6950 6884/6884 6879/6879
f 6879/6879 6884/6884 6773/6773
f 6688/6688 6686/6686 6655/6655
f 4377/4377 4376/4376 4375/4375
f 4377/4377 4375/4375 4378/4378
f 5725/5725 5711/5711 5720/5720
f 5720/5720 5711/5711 5707/5707
f 5707/5707 5710/5710 5702/5702
f 6670/6670 6510/6510 6671/6671
f 6671/6671 6510/6510 6512/6512
f 7803/7803 7808/7808 7807/7807
f 7807/7807 7811/7811 7813/7813
f 7813/7813 7811/7811 7857/7857
f 4128/4128 4215/4215 4181/4181
f 7834/7834 7833/7833 7831/7831
f 7831/7831 7833/7833 7832/7832
f 4385/4385 4384/4384 4386/4386
f 5384/5384 5383/5383 5370/5370
f 5384/5384 5370/5370 5376/5376
f 5376/5376 5370/5370 5367/5367
f 5367/5367 5369/5369 5368/5368
f 3983/3983 4027/4027 3982/3982
f 7820/7820 7846/7846 7818/7818
f 7818/7818 7846/7846 7853/7853
f 6563/6563 6564/6564 6571/6571
f 5744/5744 5743/5743 5742/5742
f 6571/6571 6564/6564 6708/6708
f 6708/6708 6709/6709 6734/6734
f 6734/6734 6709/6709 6752/6752
f 6807/6807 6803/6803 6804/6804
f 6804/6804 6803/6803 6801/6801
f 6802/6802 6801/6801 6790/6790
f 2594/2594 2567/2567 2566/2566
f 7245/7245 7257/7257 7254/7254
f 7241/7241 7245/7245 7254/7254
f 6073/6073 6078/6078 6079/6079
f 6079/6079 6078/6078 6080/6080
f 7240/7240 7245/7245 7241/7241
f 7238/7238 7240/7240 7241/7241
f 5978/5978 6080/6080 6075/6075
f 6050/6050 6075/6075 6076/6076
f 5337/5337 5342/5342 5362/5362
f 7239/7239 7240/7240 7238/7238
f 7240/7240 7239/7239 7253/7253
f 7252/7252 7240/7240 7253/7253
f 6050/6050 6076/6076 6047/6047
f 2454/2454 2451/2451 2452/2452
f 5971/5971 6050/6050 6047/6047
f 7479/7479 7480/7480 7470/7470
f 7242/7242 7253/7253 7239/7239
f 5971/5971 6047/6047 5979/5979
f 7201/7201 7202/7202 7184/7184
f 7184/7184 7202/7202 7185/7185
f 5968/5968 5979/5979 5980/5980
f 7185/7185 7189/7189 7187/7187
f 4286/4286 4287/4287 4290/4290
f 2420/2420 2422/2422 2408/2408
f 2420/2420 2408/2408 2409/2409
f 5973/5973 5968/5968 5980/5980
f 5973/5973 5980/5980 6008/6008
f 2408/2408 2426/2426 2428/2428
f 5944/5944 5958/5958 5957/5957
f 5930/5930 5944/5944 5931/5931
f 5930/5930 5931/5931 5915/5915
f 5913/5913 5930/5930 5915/5915
f 2495/2495 2513/2513 2506/2506
f 5913/5913 5915/5915 5914/5914
f 5912/5912 5913/5913 5914/5914
f 3038/3038 3079/3079 3023/3023
f 3019/3019 3038/3038 3023/3023
f 3019/3019 3023/3023 3003/3003
f 3003/3003 2993/2993 3019/3019
f 2986/2986 3001/3001 3000/3000
f 2986/2986 3000/3000 2983/2983
f 2995/2995 3001/3001 2986/2986
f 2995/2995 2986/2986 2994/2994
f 3026/3026 3012/3012 3002/3002
f 3041/3041 3026/3026 3045/3045
f 4103/4103 4104/4104 4102/4102
f 3132/3132 3041/3041 3046/3046
f 3046/3046 3041/3041 3045/3045
f 3133/3133 3132/3132 3046/3046
f 4102/4102 4104/4104 4105/4105
f 6950/6950 6879/6879 6952/6952
f 6879/6879 6773/6773 6774/6774
f 6773/6773 6686/6686 6774/6774
f 6659/6659 6670/6670 6671/6671
f 7803/7803 7807/7807 7804/7804
f 7804/7804 7807/7807 7813/7813
f 5665/5665 5669/5669 5668/5668
f 5665/5665 5668/5668 5666/5666
f 7813/7813 7857/7857 7810/7810
f 7810/7810 7857/7857 7852/7852
f 7850/7850 7838/7838 7837/7837
f 7837/7837 7838/7838 7834/7834
f 7831/7831 7832/7832 7821/7821
f 3981/3981 3983/3983 3982/3982
f 7821/7821 7820/7820 7819/7819
f 7819/7819 7820/7820 7818/7818
f 7818/7818 7853/7853 7854/7854
f 5740/5740 5742/5742 5741/5741
f 6734/6734 6752/6752 6808/6808
f 6808/6808 6807/6807 6830/6830
f 6830/6830 6807/6807 6804/6804
f 6804/6804 6801/6801 6805/6805
f 6805/6805 6801/6801 6802/6802
f 611/611 777/777 765/765
f 594/594 765/765 766/766
f 594/594 766/766 607/607
f 766/766 792/792 607/607
f 6078/6078 6081/6081 6080/6080
f 7246/7246 7245/7245 7240/7240
f 7474/7474 7476/7476 7470/7470
f 7293/7293 7252/7252 7253/7253
f 7183/7183 7201/7201 7184/7184
f 7184/7184 7185/7185 7159/7159
f 7185/7185 7187/7187 7159/7159
f 5980/5980 5981/5981 6008/6008
f 5958/5958 6008/6008 5966/5966
f 5958/5958 5966/5966 5957/5957
f 5944/5944 5957/5957 5931/5931
f 5915/5915 5931/5931 5917/5917
f 5915/5915 5917/5917 5914/5914
f 3079/3079 3118/3118 3080/3080
f 3079/3079 3080/3080 3023/3023
f 3003/3003 3023/3023 2997/2997
f 2993/2993 3003/3003 2977/2977
f 2999/2999 2993/2993 2983/2983
f 2973/2973 2983/2983 2965/2965
f 3000/3000 2999/2999 2983/2983
f 2980/2980 2986/2986 2983/2983
f 3026/3026 3002/3002 3022/3022
f 3045/3045 3026/3026 3022/3022
f 3046/3046 3045/3045 3052/3052
f 3113/3113 3133/3133 3046/3046
f 6957/6957 6947/6947 6955/6955
f 4750/4750 4749/4749 4751/4751
f 4752/4752 4750/4750 4751/4751
f 4762/4762 4750/4750 4752/4752
f 6947/6947 6950/6950 6951/6951
f 6955/6955 6947/6947 6951/6951
f 6951/6951 6950/6950 6952/6952
f 6774/6774 6686/6686 6688/6688
f 6655/6655 6654/6654 6653/6653
f 4379/4379 4377/4377 4378/4378
f 5720/5720 5707/5707 5708/5708
f 5707/5707 5702/5702 5700/5700
f 6512/6512 6513/6513 6514/6514
f 4107/4107 4112/4112 4153/4153
f 5411/5411 5408/5408 5414/5414
f 7802/7802 7803/7803 7804/7804
f 7804/7804 7813/7813 7810/7810
f 7857/7857 7850/7850 7852/7852
f 4030/4030 3982/3982 4027/4027
f 4030/4030 4027/4027 4029/4029
f 4029/4029 4027/4027 4028/4028
f 7818/7818 7854/7854 7817/7817
f 7817/7817 7854/7854 7862/7862
f 5737/5737 5740/5740 5731/5731
f 6836/6836 6808/6808 6830/6830
f 6830/6830 6804/6804 6831/6831
f 6804/6804 6834/6834 6833/6833
f 6831/6831 6804/6804 6833/6833
f 6834/6834 6804/6804 6805/6805
f 822/822 823/823 791/791
f 765/765 594/594 585/585
f 611/611 765/765 585/585
f 607/607 792/792 606/606
f 606/606 792/792 818/818
f 606/606 818/818 816/816
f 7265/7265 7277/7277 7257/7257
f 7257/7257 7277/7277 7280/7280
f 470/470 355/355 474/474
f 6081/6081 6121/6121 6080/6080
f 7251/7251 7249/7249 7240/7240
f 7249/7249 7246/7246 7240/7240
f 7274/7274 7251/7251 7252/7252
f 7251/7251 7240/7240 7252/7252
f 7469/7469 7470/7470 7471/7471
f 7471/7471 7470/7470 7485/7485
f 7200/7200 7201/7201 7183/7183
f 5979/5979 6047/6047 6020/6020
f 2453/2453 2452/2452 2445/2445
f 7183/7183 7184/7184 7167/7167
f 5979/5979 6020/6020 5982/5982
f 5979/5979 5982/5982 5981/5981
f 7167/7167 7184/7184 7159/7159
f 7167/7167 7159/7159 7157/7157
f 7157/7157 7159/7159 7158/7158
f 7188/7188 7159/7159 7187/7187
f 7159/7159 7188/7188 7158/7158
f 2408/2408 2417/2417 2405/2405
f 5931/5931 5957/5957 5966/5966
f 5931/5931 5966/5966 5956/5956
f 5931/5931 5956/5956 5935/5935
f 5931/5931 5935/5935 5924/5924
f 5917/5917 5931/5931 5924/5924
f 5914/5914 5917/5917 5918/5918
f 3080/3080 3118/3118 3091/3091
f 3028/3028 3080/3080 3091/3091
f 3023/3023 3080/3080 3028/3028
f 2997/2997 3023/3023 3028/3028
f 2977/2977 3003/3003 2997/2997
f 2965/2965 2993/2993 2977/2977
f 2964/2964 2965/2965 2977/2977
f 2980/2980 2983/2983 2973/2973
f 2994/2994 2986/2986 2980/2980
f 3022/3022 3002/3002 2995/2995
f 3045/3045 3022/3022 3052/3052
f 3046/3046 3052/3052 3094/3094
f 3095/3095 3046/3046 3094/3094
f 3114/3114 3133/3133 3113/3113
f 6217/6217 6221/6221 6220/6220
f 6951/6951 6952/6952 6953/6953
f 6953/6953 6952/6952 6879/6879
f 4105/4105 4106/4106 4107/4107
f 5726/5726 5720/5720 5708/5708
f 5726/5726 5708/5708 5716/5716
f 6512/6512 6514/6514 6515/6515
f 4107/4107 4153/4153 4152/4152
f 7802/7802 7804/7804 7805/7805
f 7805/7805 7804/7804 7810/7810
f 5665/5665 5666/5666 5667/5667
f 7809/7809 7810/7810 7852/7852
f 7852/7852 7850/7850 7845/7845
f 7850/7850 7837/7837 7845/7845
f 6858/6858 6566/6566 6572/6572
f 6572/6572 6566/6566 6562/6562
f 4128/4128 4181/4181 4129/4129
f 4387/4387 4385/4385 4386/4386
f 5376/5376 5367/5367 5364/5364
f 5364/5364 5367/5367 5366/5366
f 7831/7831 7821/7821 7829/7829
f 7827/7827 7821/7821 7819/7819
f 7819/7819 7818/7818 7816/7816
f 7816/7816 7818/7818 7817/7817
f 6571/6571 6708/6708 6734/6734
f 7817/7817 7862/7862 7815/7815
f 6734/6734 6808/6808 6819/6819
f 7815/7815 7862/7862 7872/7872
f 7195/7195 7198/7198 7197/7197
f 822/822 791/791 602/602
f 602/602 791/791 611/611
f 579/579 611/611 585/585
f 585/585 594/594 545/545
f 545/545 594/594 577/577
f 7256/7256 7266/7266 7245/7245
f 7245/7245 7266/7266 7265/7265
f 7246/7246 7256/7256 7245/7245
f 2602/2602 2531/2531 2601/2601
f 7270/7270 7249/7249 7251/7251
f 7274/7274 7270/7270 7251/7251
f 6121/6121 6116/6116 6080/6080
f 2601/2601 2531/2531 2530/2530
f 2447/2447 2445/2445 2446/2446
f 7183/7183 7167/7167 7169/7169
f 7261/7261 7263/7263 7262/7262
f 2407/2407 2408/2408 2405/2405
f 2407/2407 2405/2405 2406/2406
f 7260/7260 7261/7261 7223/7223
f 7223/7223 7261/7261 7262/7262
f 7281/7281 7260/7260 7259/7259
f 7259/7259 7260/7260 7223/7223
f 7217/7217 7281/7281 7259/7259
f 5956/5956 5966/5966 5975/5975
f 7217/7217 7259/7259 7223/7223
f 5917/5917 5924/5924 5921/5921
f 5917/5917 5921/5921 5920/5920
f 5917/5917 5920/5920 5918/5918
f 2997/2997 3028/3028 3005/3005
f 2977/2977 2997/2997 2982/2982
f 2972/2972 2973/2973 2970/2970
f 2970/2970 2973/2973 2965/2965
f 2980/2980 2973/2973 2972/2972
f 2998/2998 2994/2994 2980/2980
f 2995/2995 2998/2998 3022/3022
f 3052/3052 3022/3022 3101/3101
f 3052/3052 3101/3101 3124/3124
f 2651/2651 2661/2661 2662/2662
f 3052/3052 3124/3124 3107/3107
f 3052/3052 3107/3107 3094/3094
f 3113/3113 3046/3046 3095/3095
f 4753/4753 4752/4752 4751/4751
f 6217/6217 6220/6220 6215/6215
f 6953/6953 6879/6879 6958/6958
f 6958/6958 6879/6879 6775/6775
f 6879/6879 6774/6774 6775/6775
f 6774/6774 6688/6688 6775/6775
f 6688/6688 6655/6655 6653/6653
f 7809/7809 7805/7805 7810/7810
f 7809/7809 7852/7852 7860/7860
f 7860/7860 7852/7852 7845/7845
f 7131/7131 7124/7124 7126/7126
f 7837/7837 7834/7834 7836/7836
f 7836/7836 7834/7834 7831/7831
f 4400/4400 4385/4385 4387/4387
f 3980/3980 3981/3981 3979/3979
f 3981/3981 3982/3982 3979/3979
f 7829/7829 7821/7821 7827/7827
f 4031/4031 4030/4030 4029/4029
f 6819/6819 6808/6808 6836/6836
f 7815/7815 7872/7872 7839/7839
f 6836/6836 6830/6830 6832/6832
f 6855/6855 6836/6836 6832/6832
f 5317/5317 5319/5319 5341/5341
f 6832/6832 6830/6830 6831/6831
f 6832/6832 6831/6831 6835/6835
f 6831/6831 6833/6833 6835/6835
f 602/602 611/611 579/579
f 579/579 585/585 546/546
f 585/585 545/545 546/546
f 7195/7195 7197/7197 7196/7196
f 7195/7195 7196/7196 7186/7186
f 577/577 607/607 591/591
f 591/591 607/607 606/606
f 7266/7266 7278/7278 7282/7282
f 7270/7270 7271/7271 7249/7249
f 7250/7250 7256/7256 7246/7246
f 7249/7249 7250/7250 7246/7246
f 7199/7199 7200/7200 7180/7180
f 6020/6020 6061/6061 6060/6060
f 7180/7180 7183/7183 7169/7169
f 4160/4160 4163/4163 4162/4162
f 7155/7155 7169/7169 7167/7167
f 7155/7155 7167/7167 7157/7157
f 5981/5981 5982/5982 5983/5983
f 5981/5981 5983/5983 5986/5986
f 7157/7157 7158/7158 7156/7156
f 2438/2438 2407/2407 2425/2425
f 7026/7026 7024/7024 7021/7021
f 6008/6008 5981/5981 5986/5986
f 7024/7024 7025/7025 7023/7023
f 7021/7021 7024/7024 7023/7023
f 7046/7046 7023/7023 7025/7025
f 5986/5986 6025/6025 5975/5975
f 2405/2405 2417/2417 2414/2414
f 2414/2414 2440/2440 2432/2432
f 5956/5956 5975/5975 5940/5940
f 5935/5935 5956/5956 5940/5940
f 5935/5935 5940/5940 5936/5936
f 5935/5935 5936/5936 5924/5924
f 3091/3091 3115/3115 3029/3029
f 3028/3028 3091/3091 3029/3029
f 2982/2982 2997/2997 3005/3005
f 2964/2964 2977/2977 2959/2959
f 2959/2959 2977/2977 2982/2982
f 2959/2959 2982/2982 2967/2967
f 2965/2965 2964/2964 2958/2958
f 2958/2958 2964/2964 2959/2959
f 2987/2987 2980/2980 2972/2972
f 3022/3022 2998/2998 3040/3040
f 3022/3022 3040/3040 3101/3101
f 3139/3139 3124/3124 3101/3101
f 3107/3107 3124/3124 3139/3139
f 3094/3094 3107/3107 3099/3099
f 3095/3095 3094/3094 3099/3099
f 3112/3112 3095/3095 3100/3100
f 3095/3095 3099/3099 3100/3100
f 3114/3114 3113/3113 3095/3095
f 6956/6956 6955/6955 6951/6951
f 6956/6956 6951/6951 6953/6953
f 5722/5722 5726/5726 5716/5716
f 6659/6659 6671/6671 6541/6541
f 6541/6541 6671/6671 6515/6515
f 5667/5667 5666/5666 5676/5676
f 5416/5416 5415/5415 5414/5414
f 7806/7806 7802/7802 7805/7805
f 7806/7806 7805/7805 7809/7809
f 7860/7860 7845/7845 7840/7840
f 7845/7845 7837/7837 7840/7840
f 7840/7840 7837/7837 7836/7836
f 4126/4126 4128/4128 4129/4129
f 5372/5372 5384/5384 5376/5376
f 5372/5372 5376/5376 5364/5364
f 5364/5364 5366/5366 5365/5365
f 7819/7819 7816/7816 7823/7823
f 6571/6571 6734/6734 6732/6732
f 6732/6732 6734/6734 6819/6819
f 7816/7816 7815/7815 7826/7826
f 6995/6995 6836/6836 6996/6996
f 7815/7815 7839/7839 7826/7826
f 6832/6832 6835/6835 6988/6988
f 812/812 602/602 811/811
f 601/601 602/602 579/579
f 7190/7190 7195/7195 7186/7186
f 550/550 577/577 591/591
f 7272/7272 7250/7250 7249/7249
f 7271/7271 7272/7272 7249/7249
f 7256/7256 7278/7278 7266/7266
f 2602/2602 2601/2601 2600/2600
f 2600/2600 2601/2601 2599/2599
f 404/404 324/324 433/433
f 7186/7186 7180/7180 7182/7182
f 2599/2599 2530/2530 2462/2462
f 2599/2599 2462/2462 2598/2598
f 6061/6061 6089/6089 6106/6106
f 7180/7180 7169/7169 7168/7168
f 7182/7182 7180/7180 7168/7168
f 5982/5982 6020/6020 5984/5984
f 7168/7168 7169/7169 7155/7155
f 5982/5982 5984/5984 5983/5983
f 7155/7155 7157/7157 7156/7156
f 5983/5983 5988/5988 5987/5987
f 5986/5986 5983/5983 5987/5987
f 7028/7028 7026/7026 7021/7021
f 2425/2425 2406/2406 2431/2431
f 7022/7022 7021/7021 7023/7023
f 6025/6025 5986/5986 5987/5987
f 2405/2405 2414/2414 2398/2398
f 2414/2414 2432/2432 2398/2398
f 5924/5924 5936/5936 5925/5925
f 5924/5924 5925/5925 5921/5921
f 5920/5920 5921/5921 5922/5922
f 3115/3115 3121/3121 3029/3029
f 3028/3028 3029/3029 3005/3005
f 4162/4162 4103/4103 4088/4088
f 2982/2982 3005/3005 2988/2988
f 2958/2958 2970/2970 2965/2965
f 2955/2955 2958/2958 2959/2959
f 2972/2972 2970/2970 2969/2969
f 2998/2998 2980/2980 2987/2987
f 3101/3101 3040/3040 3145/3145
f 3101/3101 3145/3145 3170/3170
f 3139/3139 3101/3101 3170/3170
f 3139/3139 3170/3170 3108/3108
f 3107/3107 3139/3139 3108/3108
f 3099/3099 3107/3107 3096/3096
f 3107/3107 3108/3108 3096/3096
f 3100/3100 3099/3099 3098/3098
f 3098/3098 3099/3099 3096/3096
f 3114/3114 3095/3095 3135/3135
f 3312/3312 3114/3114 3135/3135
f 3135/3135 3095/3095 3112/3112
f 6956/6956 6953/6953 6958/6958
f 6215/6215 6216/6216 6207/6207
f 6223/6223 6217/6217 6213/6213
f 6213/6213 6217/6217 6215/6215
f 6775/6775 6688/6688 6739/6739
f 5716/5716 5708/5708 5709/5709
f 5709/5709 5708/5708 5700/5700
f 5709/5709 5700/5700 5698/5698
f 5673/5673 5665/5665 5667/5667
f 6195/6195 6196/6196 6194/6194
f 7860/7860 7840/7840 7871/7871
f 4130/4130 4128/4128 4126/4126
f 7836/7836 7831/7831 7829/7829
f 4387/4387 4386/4386 4388/4388
f 4388/4388 4386/4386 4389/4389
f 5372/5372 5364/5364 5363/5363
f 5363/5363 5364/5364 5365/5365
f 3977/3977 3980/3980 3979/3979
f 3978/3978 3977/3977 3979/3979
f 7829/7829 7827/7827 7828/7828
f 3979/3979 4030/4030 4032/4032
f 4032/4032 4030/4030 4031/4031
f 6563/6563 6571/6571 6570/6570
f 7824/7824 7819/7819 7823/7823
f 6698/6698 6571/6571 6732/6732
f 7823/7823 7816/7816 7825/7825
f 6732/6732 6819/6819 6837/6837
f 7816/7816 7826/7826 7825/7825
f 7825/7825 7826/7826 7873/7873
f 6855/6855 6832/6832 6988/6988
f 811/811 602/602 601/601
f 601/601 579/579 578/578
f 578/578 579/579 546/546
f 578/578 546/546 541/541
f 541/541 546/546 540/540
f 540/540 546/546 545/545
f 7272/7272 7273/7273 7250/7250
f 7267/7267 7283/7283 7256/7256
f 7250/7250 7267/7267 7256/7256
f 7256/7256 7283/7283 7279/7279
f 545/545 577/577 550/550
f 7256/7256 7279/7279 7278/7278
f 400/400 418/418 290/290
f 7179/7179 7182/7182 7172/7172
f 606/606 816/816 588/588
f 588/588 816/816 817/817
f 166/166 157/157 324/324
f 2462/2462 2463/2463 2549/2549
f 6060/6060 6061/6061 6093/6093
f 7172/7172 7182/7182 7168/7168
f 6020/6020 6060/6060 5984/5984
f 5983/5983 5984/5984 5985/5985
f 5983/5983 5985/5985 5988/5988
f 7018/7018 7021/7021 7022/7022
f 2397/2397 2405/2405 2398/2398
f 6026/6026 6074/6074 5970/5970
f 2415/2415 2432/2432 2435/2435
f 5940/5940 5970/5970 5936/5936
f 5921/5921 5925/5925 5923/5923
f 5922/5922 5921/5921 5923/5923
f 3029/3029 3121/3121 3011/3011
f 3005/3005 3029/3029 3011/3011
f 2967/2967 2982/2982 2971/2971
f 2971/2971 2982/2982 2988/2988
f 2955/2955 2959/2959 2956/2956
f 2956/2956 2959/2959 2960/2960
f 2959/2959 2967/2967 2966/2966
f 2969/2969 2970/2970 2958/2958
f 2987/2987 2972/2972 2969/2969
f 3051/3051 2998/2998 3010/3010
f 2998/2998 2987/2987 3010/3010
f 3040/3040 2998/2998 3051/3051
f 4103/4103 4102/4102 4088/4088
f 3040/3040 3051/3051 3145/3145
f 3170/3170 3145/3145 3172/3172
f 3108/3108 3170/3170 3141/3141
f 3170/3170 3172/3172 3141/3141
f 3108/3108 3141/3141 3088/3088
f 2653/2653 2652/2652 2654/2654
f 3098/3098 3096/3096 3097/3097
f 3097/3097 3096/3096 3087/3087
f 3135/3135 3112/3112 3308/3308
f 3112/3112 3100/3100 3308/3308
f 3308/3308 3100/3100 3098/3098
f 3308/3308 3098/3098 3290/3290
f 6213/6213 6215/6215 6214/6214
f 6214/6214 6215/6215 6207/6207
f 6961/6961 6958/6958 6775/6775
f 6961/6961 6775/6775 6739/6739
f 5722/5722 5716/5716 5709/5709
f 4107/4107 4152/4152 4151/4151
f 4150/4150 4151/4151 4231/4231
f 6192/6192 6195/6195 6194/6194
f 7131/7131 7126/7126 7132/7132
f 4644/4644 4645/4645 4643/4643
f 4643/4643 4645/4645 4649/4649
f 6573/6573 6572/6572 6562/6562
f 7840/7840 7836/7836 7851/7851
f 7871/7871 7840/7840 7851/7851
f 4388/4388 4389/4389 4390/4390
f 5373/5373 5372/5372 5363/5363
f 7851/7851 7836/7836 7829/7829
f 7851/7851 7829/7829 7843/7843
f 4397/4397 4387/4387 4388/4388
f 7843/7843 7829/7829 7830/7830
f 7830/7830 7829/7829 7828/7828
f 7827/7827 7819/7819 7824/7824
f 7828/7828 7827/7827 7824/7824
f 6570/6570 6571/6571 6698/6698
f 7014/7014 6995/6995 6996/6996
f 868/868 869/869 832/832
f 832/832 869/869 852/852
f 852/852 859/859 811/811
f 811/811 601/601 761/761
f 814/814 811/811 761/761
f 7181/7181 7179/7179 7173/7173
f 7273/7273 7275/7275 7267/7267
f 7173/7173 7179/7179 7171/7171
f 7273/7273 7267/7267 7250/7250
f 540/540 545/545 535/535
f 535/535 545/545 550/550
f 7179/7179 7172/7172 7170/7170
f 7171/7171 7179/7179 7170/7170
f 572/572 606/606 588/588
f 2598/2598 2462/2462 2549/2549
f 7152/7152 7172/7172 7168/7168
f 7152/7152 7168/7168 7155/7155
f 5984/5984 6024/6024 5985/5985
f 7155/7155 7156/7156 7154/7154
f 7027/7027 7028/7028 7021/7021
f 5987/5987 5988/5988 5989/5989
f 7628/7628 7730/7730 7731/7731
f 5987/5987 6007/6007 6025/6025
f 2431/2431 2406/2406 2418/2418
f 2418/2418 2406/2406 2397/2397
f 6026/6026 6025/6025 6053/6053
f 5936/5936 5970/5970 5959/5959
f 4160/4160 4162/4162 4161/4161
f 5925/5925 5936/5936 5959/5959
f 3011/3011 3121/3121 3130/3130
f 2988/2988 3005/3005 3011/3011
f 2971/2971 2988/2988 2976/2976
f 2960/2960 2959/2959 2966/2966
f 2966/2966 2967/2967 2971/2971
f 2969/2969 2958/2958 2968/2968
f 2954/2954 2958/2958 2955/2955
f 2989/2989 2987/2987 2969/2969
f 3051/3051 3010/3010 3089/3089
f 3167/3167 3051/3051 3089/3089
f 3145/3145 3051/3051 3167/3167
f 3172/3172 3145/3145 3167/3167
f 3172/3172 3167/3167 3161/3161
f 3141/3141 3172/3172 3161/3161
f 3141/3141 3161/3161 3106/3106
f 3088/3088 3141/3141 3106/3106
f 3088/3088 3106/3106 3084/3084
f 3096/3096 3088/3088 3087/3087
f 3087/3087 3088/3088 3084/3084
f 3087/3087 3084/3084 3086/3086
f 3309/3309 3097/3097 3087/3087
f 3290/3290 3098/3098 3097/3097
f 6223/6223 6213/6213 6212/6212
f 6963/6963 6958/6958 6961/6961
f 6739/6739 6688/6688 6653/6653
f 6651/6651 6659/6659 6541/6541
f 4113/4113 4107/4107 4151/4151
f 6192/6192 6194/6194 6193/6193
f 6187/6187 6192/6192 6193/6193
f 6186/6186 6187/6187 6188/6188
f 6186/6186 6188/6188 6189/6189
f 3976/3976 3977/3977 3975/3975
f 3975/3975 3977/3977 3978/3978
f 7844/7844 7843/7843 7830/7830
f 3979/3979 4032/4032 4033/4033
f 6562/6562 6563/6563 6570/6570
f 4158/4158 4159/4159 4157/4157
f 6732/6732 6837/6837 6838/6838
f 832/832 852/852 814/814
f 7275/7275 7276/7276 7267/7267
f 601/601 578/578 605/605
f 578/578 541/541 552/552
f 485/485 395/395 389/389
f 539/539 540/540 535/535
f 535/535 550/550 534/534
f 534/534 550/550 572/572
f 176/176 174/174 177/177
f 2600/2600 2598/2598 2597/2597
f 7170/7170 7172/7172 7152/7152
f 2596/2596 2598/2598 2549/2549
f 6093/6093 6123/6123 6077/6077
f 2463/2463 2464/2464 2465/2465
f 7152/7152 7155/7155 7154/7154
f 5985/5985 6024/6024 5990/5990
f 5988/5988 5985/5985 5990/5990
f 5988/5988 5990/5990 5989/5989
f 7027/7027 7021/7021 7020/7020
f 5987/5987 5989/5989 6006/6006
f 6007/6007 5987/5987 6006/6006
f 6074/6074 6053/6053 6055/6055
f 6074/6074 5907/5907 5970/5970
f 5970/5970 5907/5907 5959/5959
f 5959/5959 5907/5907 5906/5906
f 5925/5925 5959/5959 5960/5960
f 5925/5925 5960/5960 5938/5938
f 5925/5925 5938/5938 5927/5927
f 5923/5923 5925/5925 5926/5926
f 5925/5925 5927/5927 5926/5926
f 5923/5923 5926/5926 5947/5947
f 3130/3130 3054/3054 3011/3011
f 2988/2988 3011/3011 3007/3007
f 2966/2966 2971/2971 2974/2974
f 2974/2974 2971/2971 2976/2976
f 2968/2968 2958/2958 2954/2954
f 2954/2954 2955/2955 2956/2956
f 2956/2956 2960/2960 2961/2961
f 2765/2765 2761/2761 2764/2764
f 2765/2765 2764/2764 2840/2840
f 2990/2990 2989/2989 2969/2969
f 2990/2990 2969/2969 2968/2968
f 3039/3039 2989/2989 2990/2990
f 3010/3010 2989/2989 3039/3039
f 3010/3010 3039/3039 3090/3090
f 3089/3089 3010/3010 3090/3090
f 3167/3167 3089/3089 3161/3161
f 3161/3161 3089/3089 3090/3090
f 3161/3161 3127/3127 3106/3106
f 3290/3290 3097/3097 3309/3309
f 3309/3309 3087/3087 3086/3086
f 3291/3291 3312/3312 3135/3135
f 3291/3291 3135/3135 3268/3268
f 3268/3268 3135/3135 3308/3308
f 3268/3268 3308/3308 3288/3288
f 3308/3308 3290/3290 3288/3288
f 6206/6206 6213/6213 6214/6214
f 6206/6206 6214/6214 6207/6207
f 6212/6212 6213/6213 6206/6206
f 5721/5721 5722/5722 5709/5709
f 6654/6654 6659/6659 6651/6651
f 5706/5706 5698/5698 5696/5696
f 4150/4150 4231/4231 4224/4224
f 5667/5667 5676/5676 5675/5675
f 4253/4253 4255/4255 4254/4254
f 6186/6186 6192/6192 6187/6187
f 4391/4391 4388/4388 4390/4390
f 5375/5375 5373/5373 5363/5363
f 6189/6189 6188/6188 6190/6190
f 6189/6189 6190/6190 6191/6191
f 4035/4035 3978/3978 3979/3979
f 4035/4035 3979/3979 4034/4034
f 4090/4090 4129/4129 4158/4158
f 4034/4034 3979/3979 4033/4033
f 6191/6191 6190/6190 6198/6198
f 4090/4090 4158/4158 4157/4157
f 6815/6815 6732/6732 6838/6838
f 7012/7012 7014/7014 7013/7013
f 868/868 832/832 819/819
f 7605/7605 7635/7635 7502/7502
f 7287/7287 7286/7286 7276/7276
f 7288/7288 7287/7287 7276/7276
f 7178/7178 7175/7175 7174/7174
f 7276/7276 7286/7286 7267/7267
f 7267/7267 7286/7286 7284/7284
f 7174/7174 7175/7175 7173/7173
f 761/761 601/601 605/605
f 605/605 578/578 552/552
f 7173/7173 7171/7171 7166/7166
f 7166/7166 7171/7171 7170/7170
f 572/572 588/588 537/537
f 157/157 156/156 154/154
f 2597/2597 2598/2598 2596/2596
f 7160/7160 7170/7170 7152/7152
f 2549/2549 2465/2465 2545/2545
f 7152/7152 7154/7154 7151/7151
f 7730/7730 7627/7627 7734/7734
f 6007/6007 6006/6006 6005/6005
f 6011/6011 6007/6007 6005/6005
f 6053/6053 6011/6011 6055/6055
f 2397/2397 2398/2398 2399/2399
f 2398/2398 2415/2415 2400/2400
f 3011/3011 3054/3054 3008/3008
f 3007/3007 3011/3011 3008/3008
f 2976/2976 2988/2988 2981/2981
f 2981/2981 2988/2988 3007/3007
f 2968/2968 2954/2954 2963/2963
f 2954/2954 2956/2956 2957/2957
f 2963/2963 2954/2954 2957/2957
f 2957/2957 2956/2956 2961/2961
f 2962/2962 2960/2960 2966/2966
f 3039/3039 2990/2990 3128/3128
f 3039/3039 3128/3128 3090/3090
f 3090/3090 3128/3128 3176/3176
f 3090/3090 3176/3176 3159/3159
f 3161/3161 3090/3090 3159/3159
f 3106/3106 3127/3127 3082/3082
f 3084/3084 3106/3106 3082/3082
f 3086/3086 3084/3084 3083/3083
f 3083/3083 3084/3084 3082/3082
f 3086/3086 3083/3083 3085/3085
f 3286/3286 3086/3086 3085/3085
f 3290/3290 3309/3309 3289/3289
f 3289/3289 3309/3309 3286/3286
f 3309/3309 3086/3086 3286/3286
f 3285/3285 3288/3288 3290/3290
f 6206/6206 6207/6207 6204/6204
f 6962/6962 6963/6963 6961/6961
f 4105/4105 4107/4107 4113/4113
f 5721/5721 5709/5709 5706/5706
f 5721/5721 5706/5706 5719/5719
f 5696/5696 5698/5698 5694/5694
f 4391/4391 4390/4390 4392/4392
f 5386/5386 5373/5373 5379/5379
f 6573/6573 6562/6562 6574/6574
f 5379/5379 5373/5373 5375/5375
f 3974/3974 3976/3976 3975/3975
f 3975/3975 3978/3978 4035/4035
f 6574/6574 6562/6562 6570/6570
f 6197/6197 6189/6189 6191/6191
f 6197/6197 6191/6191 6199/6199
f 6199/6199 6191/6191 6198/6198
f 6197/6197 6199/6199 6200/6200
f 6200/6200 6199/6199 6201/6201
f 6570/6570 6698/6698 6699/6699
f 6699/6699 6698/6698 6733/6733
f 819/819 832/832 774/774
f 7287/7287 7289/7289 7286/7286
f 7177/7177 7178/7178 7174/7174
f 832/832 814/814 774/774
f 774/774 814/814 813/813
f 7286/7286 7289/7289 7284/7284
f 813/813 814/814 761/761
f 813/813 761/761 753/753
f 753/753 761/761 605/605
f 414/414 320/320 395/395
f 605/605 552/552 604/604
f 4156/4156 4159/4159 4160/4160
f 552/552 541/541 539/539
f 538/538 539/539 535/535
f 536/536 535/535 532/532
f 532/532 535/535 534/534
f 537/537 588/588 547/547
f 547/547 609/609 586/586
f 7166/7166 7170/7170 7160/7160
f 7149/7149 7160/7160 7152/7152
f 2572/2572 2549/2549 2545/2545
f 343/343 342/342 429/429
f 7029/7029 7027/7027 7020/7020
f 5990/5990 6010/6010 5991/5991
f 5989/5989 5990/5990 5991/5991
f 7044/7044 7020/7020 7019/7019
f 5989/5989 5991/5991 5992/5992
f 6006/6006 5989/5989 6005/6005
f 5989/5989 5992/5992 6005/6005
f 6055/6055 6011/6011 6018/6018
f 2399/2399 2398/2398 2400/2400
f 5906/5906 5907/5907 5896/5896
f 5960/5960 5906/5906 5905/5905
f 2410/2410 2416/2416 2466/2466
f 5938/5938 5960/5960 5905/5905
f 5938/5938 5905/5905 5937/5937
f 5927/5927 5938/5938 5937/5937
f 5926/5926 5927/5927 5928/5928
f 5926/5926 5928/5928 5929/5929
f 5947/5947 5926/5926 5946/5946
f 5926/5926 5929/5929 5946/5946
f 3008/3008 3054/3054 3053/3053
f 2974/2974 2976/2976 2981/2981
f 2962/2962 2966/2966 2975/2975
f 2975/2975 2966/2966 2974/2974
f 2968/2968 2963/2963 3027/3027
f 2961/2961 2960/2960 2962/2962
f 2990/2990 2968/2968 3027/3027
f 2990/2990 3027/3027 3128/3128
f 3128/3128 3027/3027 3153/3153
f 3176/3176 3128/3128 3153/3153
f 3159/3159 3176/3176 3168/3168
f 3159/3159 3168/3168 3154/3154
f 3127/3127 3159/3159 3154/3154
f 3082/3082 3127/3127 3081/3081
f 3083/3083 3082/3082 3076/3076
f 3285/3285 3290/3290 3289/3289
f 3268/3268 3288/3288 3267/3267
f 6962/6962 6961/6961 6960/6960
f 6961/6961 6739/6739 6960/6960
f 6960/6960 6739/6739 6874/6874
f 6738/6738 6739/6739 6653/6653
f 5696/5696 5694/5694 5697/5697
f 4151/4151 4150/4150 4148/4148
f 4127/4127 4130/4130 4126/4126
f 6695/6695 6572/6572 6573/6573
f 4126/4126 4129/4129 4090/4090
f 6202/6202 6200/6200 6201/6201
f 7491/7491 7608/7608 7607/7607
f 4157/4157 4159/4159 4156/4156
f 7176/7176 7177/7177 7174/7174
f 7176/7176 7174/7174 7165/7165
f 7174/7174 7173/7173 7165/7165
f 753/753 605/605 604/604
f 7165/7165 7173/7173 7166/7166
f 552/552 539/539 551/551
f 538/538 535/535 536/536
f 532/532 534/534 530/530
f 530/530 534/534 533/533
f 533/533 534/534 537/537
f 533/533 537/537 547/547
f 586/586 609/609 587/587
f 587/587 609/609 616/616
f 2573/2573 2596/2596 2572/2572
f 7149/7149 7152/7152 7151/7151
f 2465/2465 2473/2473 2521/2521
f 2545/2545 2465/2465 2521/2521
f 7029/7029 7020/7020 7030/7030
f 5991/5991 6010/6010 5994/5994
f 5991/5991 5994/5994 5993/5993
f 5992/5992 5991/5991 5993/5993
f 5992/5992 5993/5993 5995/5995
f 5992/5992 5995/5995 6013/6013
f 6005/6005 5992/5992 6013/6013
f 6005/6005 6013/6013 6014/6014
f 2502/2502 2461/2461 2459/2459
f 6011/6011 6005/6005 6014/6014
f 6018/6018 6011/6011 6014/6014
f 2413/2413 2397/2397 2399/2399
f 2399/2399 2400/2400 2401/2401
f 5937/5937 5905/5905 5972/5972
f 5937/5937 5972/5972 5941/5941
f 4161/4161 4162/4162 4088/4088
f 3053/3053 3017/3017 3008/3008
f 2974/2974 2981/2981 2979/2979
f 2963/2963 2957/2957 2992/2992
f 2992/2992 2957/2957 2961/2961
f 2992/2992 2961/2961 2985/2985
f 2985/2985 2961/2961 2962/2962
f 2985/2985 2962/2962 2984/2984
f 3027/3027 2963/2963 3105/3105
f 3105/3105 2963/2963 2992/2992
f 3153/3153 3027/3027 3105/3105
f 3176/3176 3153/3153 3105/3105
f 3176/3176 3105/3105 3168/3168
f 3127/3127 3154/3154 3123/3123
f 3127/3127 3123/3123 3081/3081
f 3081/3081 3123/3123 3074/3074
f 3082/3082 3081/3081 3076/3076
f 3083/3083 3076/3076 3085/3085
f 3277/3277 3286/3286 3085/3085
f 2678/2678 2733/2733 2756/2756
f 3267/3267 3288/3288 3285/3285
f 3285/3285 3289/3289 3287/3287
f 3287/3287 3289/3289 3286/3286
f 2756/2756 2784/2784 2804/2804
f 3284/3284 3291/3291 3268/3268
f 6203/6203 6212/6212 6206/6206
f 6203/6203 6206/6206 6204/6204
f 6211/6211 6223/6223 6212/6212
f 6211/6211 6212/6212 6203/6203
f 6874/6874 6739/6739 6738/6738
f 6738/6738 6653/6653 6717/6717
f 6653/6653 6654/6654 6651/6651
f 6651/6651 6541/6541 6532/6532
f 6532/6532 6516/6516 6533/6533
f 5674/5674 5667/5667 5662/5662
f 5667/5667 5675/5675 5662/5662
f 3971/3971 3974/3974 3973/3973
f 3973/3973 3974/3974 3975/3975
f 6574/6574 6570/6570 6575/6575
f 6575/6575 6570/6570 6689/6689
f 6699/6699 6733/6733 6815/6815
f 7006/7006 7012/7012 7008/7008
f 870/870 819/819 793/793
f 793/793 819/819 774/774
f 450/450 447/447 445/445
f 834/834 774/774 813/813
f 834/834 813/813 753/753
f 753/753 604/604 603/603
f 603/603 604/604 552/552
f 603/603 552/552 551/551
f 536/536 532/532 531/531
f 530/530 533/533 528/528
f 569/569 547/547 586/586
f 569/569 586/586 587/587
f 2573/2573 2572/2572 2548/2548
f 7149/7149 7151/7151 7150/7150
f 7031/7031 7029/7029 7030/7030
f 2521/2521 2473/2473 2475/2475
f 2521/2521 2475/2475 2508/2508
f 6010/6010 6027/6027 5994/5994
f 7629/7629 7658/7658 7732/7732
f 7038/7038 7030/7030 7037/7037
f 6013/6013 5995/5995 6015/6015
f 6018/6018 6014/6014 6017/6017
f 6018/6018 6017/6017 5908/5908
f 2401/2401 2400/2400 2402/2402
f 2401/2401 2402/2402 2403/2403
f 2410/2410 2374/2374 2411/2411
f 5928/5928 5937/5937 5941/5941
f 5929/5929 5928/5928 5933/5933
f 5946/5946 5929/5929 5939/5939
f 5929/5929 5933/5933 5939/5939
f 3017/3017 3053/3053 3018/3018
f 3053/3053 3116/3116 3018/3018
f 2981/2981 3008/3008 2991/2991
f 2984/2984 2962/2962 2975/2975
f 3015/3015 2985/2985 2984/2984
f 3015/3015 2984/2984 3014/3014
f 3105/3105 2992/2992 3110/3110
f 2992/2992 2985/2985 3110/3110
f 3110/3110 2985/2985 3015/3015
f 3168/3168 3105/3105 3110/3110
f 3168/3168 3110/3110 3156/3156
f 3154/3154 3168/3168 3156/3156
f 3154/3154 3156/3156 3109/3109
f 3154/3154 3109/3109 3123/3123
f 3074/3074 3123/3123 3109/3109
f 3081/3081 3074/3074 3076/3076
f 3277/3277 3085/3085 3310/3310
f 3085/3085 3076/3076 3310/3310
f 3287/3287 3286/3286 3273/3273
f 3273/3273 3286/3286 3277/3277
f 3284/3284 3268/3268 3258/3258
f 6203/6203 6204/6204 6205/6205
f 4105/4105 4113/4113 4114/4114
f 5719/5719 5706/5706 5718/5718
f 5706/5706 5696/5696 5697/5697
f 5379/5379 5375/5375 5389/5389
f 5389/5389 5375/5375 5390/5390
f 3973/3973 3975/3975 4036/4036
f 4036/4036 3975/3975 4035/4035
f 6689/6689 6570/6570 6699/6699
f 7006/7006 7008/7008 7007/7007
f 784/784 870/870 793/793
f 757/757 774/774 763/763
f 551/551 539/539 538/538
f 538/538 536/536 531/531
f 531/531 532/532 530/530
f 569/569 533/533 547/547
f 598/598 587/587 616/616
f 2548/2548 2572/2572 2544/2544
f 2572/2572 2545/2545 2544/2544
f 2544/2544 2545/2545 2521/2521
f 7045/7045 7038/7038 7037/7037
f 5994/5994 6027/6027 5993/5993
f 5993/5993 6027/6027 6004/6004
f 5993/5993 6004/6004 5996/5996
f 5995/5995 5993/5993 5996/5996
f 4160/4160 4161/4161 4156/4156
f 6014/6014 6013/6013 6015/6015
f 6014/6014 6015/6015 6016/6016
f 6017/6017 6014/6014 6016/6016
f 2430/2430 2399/2399 2401/2401
f 2403/2403 2402/2402 2404/2404
f 2404/2404 2402/2402 2410/2410
f 2404/2404 2410/2410 2411/2411
f 5972/5972 5895/5895 5898/5898
f 5941/5941 5898/5898 5942/5942
f 5928/5928 5941/5941 5942/5942
f 5928/5928 5942/5942 5934/5934
f 5928/5928 5934/5934 5933/5933
f 3008/3008 3017/3017 2991/2991
f 2991/2991 2979/2979 2981/2981
f 2978/2978 2984/2984 2975/2975
f 3014/3014 2984/2984 2978/2978
f 3014/3014 2978/2978 3025/3025
f 3015/3015 3014/3014 3104/3104
f 3110/3110 3015/3015 3104/3104
f 3157/3157 3110/3110 3104/3104
f 3156/3156 3110/3110 3157/3157
f 3148/3148 3156/3156 3157/3157
f 3109/3109 3156/3156 3122/3122
f 3156/3156 3148/3148 3122/3122
f 3109/3109 3122/3122 3073/3073
f 3074/3074 3109/3109 3073/3073
f 3311/3311 3076/3076 3075/3075
f 3310/3310 3076/3076 3311/3311
f 3275/3275 3310/3310 3311/3311
f 3277/3277 3310/3310 3275/3275
f 3274/3274 3277/3277 3275/3275
f 3273/3273 3277/3277 3274/3274
f 3259/3259 3284/3284 3258/3258
f 3268/3268 3267/3267 3258/3258
f 3258/3258 3267/3267 3257/3257
f 3257/3257 3267/3267 3285/3285
f 6717/6717 6653/6653 6652/6652
f 6652/6652 6653/6653 6651/6651
f 4148/4148 4113/4113 4151/4151
f 4253/4253 4254/4254 4251/4251
f 4641/4641 4644/4644 4643/4643
f 5394/5394 5386/5386 5392/5392
f 5392/5392 5386/5386 5379/5379
f 6699/6699 6815/6815 6816/6816
f 793/793 774/774 757/757
f 7164/7164 7176/7176 7165/7165
f 834/834 831/831 763/763
f 7165/7165 7166/7166 7162/7162
f 603/603 551/551 829/829
f 829/829 551/551 596/596
f 596/596 551/551 538/538
f 596/596 538/538 549/549
f 549/549 538/538 531/531
f 549/549 531/531 548/548
f 7162/7162 7166/7166 7148/7148
f 531/531 530/530 526/526
f 7166/7166 7160/7160 7148/7148
f 530/530 528/528 526/526
f 528/528 533/533 529/529
f 7148/7148 7160/7160 7149/7149
f 569/569 587/587 598/598
f 598/598 616/616 788/788
f 7045/7045 7039/7039 7038/7038
f 5995/5995 5996/5996 5997/5997
f 5995/5995 5997/5997 6000/6000
f 5995/5995 6000/6000 6058/6058
f 6015/6015 5995/5995 6016/6016
f 6016/6016 5995/5995 6058/6058
f 6017/6017 6016/6016 6019/6019
f 2404/2404 2411/2411 2412/2412
f 5942/5942 5898/5898 6029/6029
f 5942/5942 6029/6029 5967/5967
f 5942/5942 5967/5967 5934/5934
f 5803/5803 5800/5800 5802/5802
f 3018/3018 3116/3116 3044/3044
f 2991/2991 3017/3017 3018/3018
f 2979/2979 2991/2991 2996/2996
f 2978/2978 2975/2975 2974/2974
f 2978/2978 2974/2974 2979/2979
f 3014/3014 3025/3025 3104/3104
f 3122/3122 3148/3148 3078/3078
f 3122/3122 3078/3078 3073/3073
f 3075/3075 3074/3074 3072/3072
f 3074/3074 3073/3073 3072/3072
f 3275/3275 3311/3311 3276/3276
f 3257/3257 3285/3285 3266/3266
f 3285/3285 3287/3287 3266/3266
f 3266/3266 3287/3287 3261/3261
f 6211/6211 6203/6203 6208/6208
f 6208/6208 6203/6203 6205/6205
f 6873/6873 6960/6960 6874/6874
f 6874/6874 6738/6738 6860/6860
f 5706/5706 5697/5697 5705/5705
f 6651/6651 6532/6532 6536/6536
f 4150/4150 4224/4224 4213/4213
f 4252/4252 4253/4253 4251/4251
f 3965/3965 3971/3971 3966/3966
f 7002/7002 7006/7006 7007/7007
f 784/784 793/793 757/757
f 757/757 763/763 756/756
f 756/756 763/763 755/755
f 830/830 831/831 829/829
f 548/548 531/531 526/526
f 526/526 528/528 527/527
f 529/529 533/533 543/543
f 533/533 569/569 543/543
f 7148/7148 7149/7149 7144/7144
f 569/569 598/598 571/571
f 7149/7149 7150/7150 7144/7144
f 2548/2548 2544/2544 2543/2543
f 598/598 788/788 821/821
f 7033/7033 7031/7031 7032/7032
f 7031/7031 7030/7030 7032/7032
f 2544/2544 2521/2521 2541/2541
f 2541/2541 2521/2521 2508/2508
f 2541/2541 2508/2508 2479/2479
f 5996/5996 6004/6004 5998/5998
f 5996/5996 5998/5998 5997/5997
f 6019/6019 6016/6016 6028/6028
f 5909/5909 6019/6019 6028/6028
f 2423/2423 2404/2404 2412/2412
f 5898/5898 5899/5899 6029/6029
f 4156/4156 4161/4161 4088/4088
f 5934/5934 5967/5967 5943/5943
f 5933/5933 5934/5934 5943/5943
f 5802/5802 5800/5800 5794/5794
f 5800/5800 5791/5791 5794/5794
f 2991/2991 3018/3018 3004/3004
f 2978/2978 2979/2979 3006/3006
f 3025/3025 2978/2978 3047/3047
f 3104/3104 3025/3025 3136/3136
f 3025/3025 3047/3047 3136/3136
f 3104/3104 3136/3136 3151/3151
f 3148/3148 3104/3104 3151/3151
f 3078/3078 3151/3151 3126/3126
f 3148/3148 3151/3151 3078/3078
f 3073/3073 3078/3078 3070/3070
f 3072/3072 3073/3073 3070/3070
f 3292/3292 3075/3075 3072/3072
f 3292/3292 3072/3072 3071/3071
f 3311/3311 3075/3075 3292/3292
f 2743/2743 2744/2744 2745/2745
f 3272/3272 3274/3274 3275/3275
f 3272/3272 3275/3275 3276/3276
f 3273/3273 3274/3274 3272/3272
f 3255/3255 3259/3259 3258/3258
f 3239/3239 3258/3258 3236/3236
f 3258/3258 3257/3257 3236/3236
f 3261/3261 3287/3287 3273/3273
f 6210/6210 6211/6211 6208/6208
f 6873/6873 6874/6874 6860/6860
f 6738/6738 6717/6717 6749/6749
f 5705/5705 5697/5697 5703/5703
f 5703/5703 5697/5697 5693/5693
f 4149/4149 4150/4150 4213/4213
f 4641/4641 4643/4643 4642/4642
f 5392/5392 5379/5379 5391/5391
f 5391/5391 5379/5379 5389/5389
f 3966/3966 3971/3971 3967/3967
f 3967/3967 3971/3971 3973/3973
f 6816/6816 7002/7002 7009/7009
f 7009/7009 7002/7002 7007/7007
f 7009/7009 7007/7007 7010/7010
f 755/755 831/831 830/830
f 7143/7143 7162/7162 7148/7148
f 615/615 549/549 548/548
f 527/527 528/528 529/529
f 543/543 569/569 567/567
f 567/567 569/569 571/571
f 597/597 598/598 821/821
f 7034/7034 7033/7033 7032/7032
f 2543/2543 2541/2541 2542/2542
f 7615/7615 7733/7733 7725/7725
f 7039/7039 7043/7043 7032/7032
f 2541/2541 2479/2479 2534/2534
f 6004/6004 6069/6069 6034/6034
f 5997/5997 5998/5998 5999/5999
f 5997/5997 5999/5999 6000/6000
f 6058/6058 6000/6000 6057/6057
f 6058/6058 6057/6057 6059/6059
f 6016/6016 6058/6058 6059/6059
f 6016/6016 6059/6059 5904/5904
f 6028/6028 6016/6016 5904/5904
f 6028/6028 5904/5904 5894/5894
f 4087/4087 4156/4156 4088/4088
f 5967/5967 6029/6029 6030/6030
f 5967/5967 6030/6030 5943/5943
f 5933/5933 5943/5943 5945/5945
f 3047/3047 2978/2978 3048/3048
f 3048/3048 2978/2978 3006/3006
f 3136/3136 3047/3047 3048/3048
f 3078/3078 3126/3126 3077/3077
f 3070/3070 3078/3078 3077/3077
f 3072/3072 3070/3070 3071/3071
f 3276/3276 3311/3311 3292/3292
f 3282/3282 3276/3276 3292/3292
f 3255/3255 3258/3258 3239/3239
f 3261/3261 3273/3273 3253/3253
f 3236/3236 3257/3257 3228/3228
f 3228/3228 3257/3257 3241/3241
f 3257/3257 3266/3266 3241/3241
f 3241/3241 3266/3266 3225/3225
f 3266/3266 3261/3261 3225/3225
f 6208/6208 6205/6205 6209/6209
f 6224/6224 6211/6211 6210/6210
f 6860/6860 6738/6738 6749/6749
f 5723/5723 5718/5718 5705/5705
f 5703/5703 5693/5693 5686/5686
f 6646/6646 6651/6651 6536/6536
f 4148/4148 4150/4150 4149/4149
f 3967/3967 3973/3973 4036/4036
f 807/807 784/784 748/748
f 748/748 784/784 757/757
f 494/494 448/448 452/452
f 7147/7147 7164/7164 7165/7165
f 756/756 755/755 737/737
f 737/737 755/755 732/732
f 7153/7153 7165/7165 7162/7162
f 7153/7153 7162/7162 7143/7143
f 7143/7143 7148/7148 7144/7144
f 615/615 548/548 576/576
f 548/548 526/526 576/576
f 576/576 526/526 525/525
f 525/525 526/526 527/527
f 571/571 598/598 597/597
f 2607/2607 2543/2543 2542/2542
f 7615/7615 7583/7583 7733/7733
f 7043/7043 7034/7034 7032/7032
f 6118/6118 6103/6103 6069/6069
f 6069/6069 6103/6103 6034/6034
f 6004/6004 6034/6034 5998/5998
f 5998/5998 6034/6034 6003/6003
f 5999/5999 5998/5998 6003/6003
f 6000/6000 5999/5999 6001/6001
f 6000/6000 6001/6001 6012/6012
f 6057/6057 6000/6000 6012/6012
f 5943/5943 6030/6030 6031/6031
f 5943/5943 6048/6048 5945/5945
f 5794/5794 5791/5791 5780/5780
f 3004/3004 3018/3018 3020/3020
f 3018/3018 3044/3044 3020/3020
f 3006/3006 2996/2996 3009/3009
f 2996/2996 3004/3004 3009/3009
f 3048/3048 3006/3006 3049/3049
f 3136/3136 3048/3048 3125/3125
f 3151/3151 3136/3136 3125/3125
f 3151/3151 3125/3125 3126/3126
f 3077/3077 3126/3126 3065/3065
f 3068/3068 3077/3077 3065/3065
f 3070/3070 3077/3077 3068/3068
f 3069/3069 3070/3070 3068/3068
f 2695/2695 2642/2642 2731/2731
f 3071/3071 3070/3070 3069/3069
f 3260/3260 3276/3276 3283/3283
f 3283/3283 3276/3276 3282/3282
f 3253/3253 3273/3273 3252/3252
f 3239/3239 3236/3236 3237/3237
f 3225/3225 3261/3261 3224/3224
f 6872/6872 6873/6873 6860/6860
f 6536/6536 6534/6534 6535/6535
f 5674/5674 5662/5662 5661/5661
f 3964/3964 3966/3966 3967/3967
f 6689/6689 6699/6699 6704/6704
f 7011/7011 6816/6816 7009/7009
f 7011/7011 7009/7009 7010/7010
f 7161/7161 7164/7164 7147/7147
f 737/737 748/748 757/757
f 7147/7147 7165/7165 7153/7153
f 737/737 732/732 736/736
f 755/755 830/830 743/743
f 7035/7035 7033/7033 7034/7034
f 527/527 529/529 542/542
f 542/542 529/529 543/543
f 567/567 571/571 570/570
f 570/570 571/571 597/597
f 7583/7583 7736/7736 7733/7733
f 2607/2607 2542/2542 2608/2608
f 6034/6034 6051/6051 6003/6003
f 5999/5999 6003/6003 6002/6002
f 6001/6001 5999/5999 6002/6002
f 6057/6057 6012/6012 6063/6063
f 6063/6063 6012/6012 6045/6045
f 6059/6059 6057/6057 6063/6063
f 6059/6059 6063/6063 5904/5904
f 6029/6029 5901/5901 5903/5903
f 6029/6029 5903/5903 6030/6030
f 6030/6030 5903/5903 6031/6031
f 2357/2357 2367/2367 2358/2358
f 5943/5943 6031/6031 6048/6048
f 2346/2346 2349/2349 2337/2337
f 5791/5791 5782/5782 5780/5780
f 5794/5794 5780/5780 5792/5792
f 3044/3044 3131/3131 3020/3020
f 3004/3004 3020/3020 3021/3021
f 3009/3009 3004/3004 3021/3021
f 3030/3030 3006/3006 3009/3009
f 3049/3049 3006/3006 3030/3030
f 2775/2775 2749/2749 2777/2777
f 3048/3048 3049/3049 3142/3142
f 3125/3125 3048/3048 3142/3142
f 3065/3065 3126/3126 3125/3125
f 3306/3306 3071/3071 3069/3069
f 3282/3282 3071/3071 3306/3306
f 2806/2806 2746/2746 2801/2801
f 3252/3252 3272/3272 3230/3230
f 3254/3254 3255/3255 3239/3239
f 3254/3254 3239/3239 3237/3237
f 3236/3236 3228/3228 3234/3234
f 3224/3224 3261/3261 3253/3253
f 3228/3228 3241/3241 3225/3225
f 6210/6210 6208/6208 6209/6209
f 6861/6861 6860/6860 6749/6749
f 6749/6749 6717/6717 6718/6718
f 6718/6718 6717/6717 6652/6652
f 5723/5723 5705/5705 5724/5724
f 6652/6652 6651/6651 6641/6641
f 4125/4125 4127/4127 4126/4126
f 4415/4415 4404/4404 4430/4430
f 5395/5395 5394/5394 5392/5392
f 3965/3965 3966/3966 3964/3964
f 4037/4037 3967/3967 4036/4036
f 4036/4036 4039/4039 4038/4038
f 6704/6704 6699/6699 6828/6828
f 6699/6699 6816/6816 6828/6828
f 858/858 807/807 806/806
f 806/806 807/807 748/748
f 491/491 449/449 494/494
f 735/735 737/737 736/736
f 732/732 755/755 734/734
f 7153/7153 7143/7143 7141/7141
f 734/734 755/755 743/743
f 7141/7141 7143/7143 7142/7142
f 267/267 330/330 323/323
f 7143/7143 7144/7144 7142/7142
f 842/842 615/615 848/848
f 848/848 615/615 576/576
f 7035/7035 7036/7036 7033/7033
f 576/576 525/525 593/593
f 593/593 525/525 544/544
f 544/544 525/525 527/527
f 542/542 543/543 553/553
f 543/543 567/567 554/554
f 553/553 543/543 554/554
f 554/554 567/567 570/570
f 7583/7583 7614/7614 7728/7728
f 7583/7583 7728/7728 7736/7736
f 2608/2608 2542/2542 2534/2534
f 6034/6034 6090/6090 6051/6051
f 6003/6003 6051/6051 6052/6052
f 6003/6003 6052/6052 6009/6009
f 6002/6002 6003/6003 6009/6009
f 6012/6012 6001/6001 6002/6002
f 2382/2382 2488/2488 2375/2375
f 6022/6022 6012/6012 6002/6002
f 6063/6063 6045/6045 6049/6049
f 6063/6063 6049/6049 6064/6064
f 2372/2372 2377/2377 2357/2357
f 5903/5903 6036/6036 6031/6031
f 3020/3020 3131/3131 3147/3147
f 3031/3031 3009/3009 3021/3021
f 3030/3030 3009/3009 3031/3031
f 3049/3049 3030/3030 3102/3102
f 3142/3142 3049/3049 3102/3102
f 3142/3142 3102/3102 3119/3119
f 3125/3125 3142/3142 3119/3119
f 3065/3065 3125/3125 3064/3064
f 3068/3068 3065/3065 3066/3066
f 3069/3069 3068/3068 3067/3067
f 3306/3306 3069/3069 3305/3305
f 3230/3230 3272/3272 3276/3276
f 3237/3237 3236/3236 3235/3235
f 3235/3235 3236/3236 3234/3234
f 3224/3224 3253/3253 3252/3252
f 3234/3234 3228/3228 3233/3233
f 3233/3233 3228/3228 3227/3227
f 3228/3228 3225/3225 3227/3227
f 3225/3225 3224/3224 3223/3223
f 6218/6218 6210/6210 6209/6209
f 6913/6913 6872/6872 6871/6871
f 6872/6872 6860/6860 6871/6871
f 6871/6871 6860/6860 6861/6861
f 6641/6641 6651/6651 6646/6646
f 5704/5704 5705/5705 5703/5703
f 5395/5395 5392/5392 5391/5391
f 4037/4037 4036/4036 4038/4038
f 6828/6828 6816/6816 7005/7005
f 836/836 858/858 806/806
f 745/745 748/748 737/737
f 745/745 737/737 735/735
f 735/735 736/736 730/730
f 7147/7147 7153/7153 7141/7141
f 730/730 736/736 732/732
f 730/730 732/732 728/728
f 728/728 732/732 734/734
f 743/743 841/841 733/733
f 7040/7040 7036/7036 7035/7035
f 7614/7614 7722/7722 7728/7728
f 527/527 542/542 544/544
f 554/554 570/570 556/556
f 570/570 597/597 564/564
f 564/564 597/597 610/610
f 2609/2609 2608/2608 2534/2534
f 6034/6034 6103/6103 6090/6090
f 2528/2528 2486/2486 2533/2533
f 2501/2501 2486/2486 2382/2382
f 6045/6045 6012/6012 6022/6022
f 6049/6049 6045/6045 6041/6041
f 6064/6064 6049/6049 6065/6065
f 6031/6031 6036/6036 6037/6037
f 6040/6040 6031/6031 6037/6037
f 6048/6048 6031/6031 6040/6040
f 5782/5782 5784/5784 5781/5781
f 5782/5782 5781/5781 5771/5771
f 5782/5782 5771/5771 5780/5780
f 2333/2333 2345/2345 2339/2339
f 3021/3021 3020/3020 3043/3043
f 3102/3102 3030/3030 3060/3060
f 3060/3060 3030/3030 3031/3031
f 4088/4088 4102/4102 4089/4089
f 3066/3066 3065/3065 3063/3063
f 3063/3063 3065/3065 3064/3064
f 3068/3068 3066/3066 3067/3067
f 3305/3305 3069/3069 3067/3067
f 3305/3305 3067/3067 3280/3280
f 3281/3281 3306/3306 3305/3305
f 3283/3283 3282/3282 3279/3279
f 3282/3282 3306/3306 3281/3281
f 3279/3279 3282/3282 3281/3281
f 3242/3242 3260/3260 3283/3283
f 3230/3230 3276/3276 3260/3260
f 3211/3211 3230/3230 3260/3260
f 3256/3256 3254/3254 3237/3237
f 3237/3237 3235/3235 3264/3264
f 3235/3235 3234/3234 3233/3233
f 3220/3220 3224/3224 3252/3252
f 3227/3227 3225/3225 3226/3226
f 3226/3226 3225/3225 3223/3223
f 3223/3223 3224/3224 3220/3220
f 4115/4115 4105/4105 4114/4114
f 6218/6218 6209/6209 6219/6219
f 6861/6861 6749/6749 6718/6718
f 7882/7882 7881/7881 7880/7880
f 4/4 5/5 6/6
f 4114/4114 4113/4113 4148/4148
f 6536/6536 6535/6535 6537/6537
f 4206/4206 4127/4127 4079/4079
f 4247/4247 4252/4252 4251/4251
f 6696/6696 6695/6695 6580/6580
f 6695/6695 6573/6573 6580/6580
f 6573/6573 6574/6574 6580/6580
f 3958/3958 3965/3965 3964/3964
f 4124/4124 4126/4126 4090/4090
f 6575/6575 6689/6689 6704/6704
f 806/806 748/748 785/785
f 785/785 748/748 745/745
f 7146/7146 7163/7163 7161/7161
f 7146/7146 7161/7161 7145/7145
f 7161/7161 7147/7147 7145/7145
f 745/745 735/735 780/780
f 7145/7145 7147/7147 7135/7135
f 7147/7147 7141/7141 7135/7135
f 729/729 730/730 728/728
f 729/729 728/728 727/727
f 7135/7135 7141/7141 7137/7137
f 728/728 734/734 743/743
f 728/728 743/743 733/733
f 7141/7141 7142/7142 7137/7137
f 387/387 408/408 330/330
f 733/733 842/842 843/843
f 7681/7681 7729/7729 7722/7722
f 7040/7040 7041/7041 7036/7036
f 843/843 842/842 863/863
f 593/593 544/544 599/599
f 564/564 610/610 583/583
f 583/583 610/610 762/762
f 2534/2534 2528/2528 2603/2603
f 4156/4156 4087/4087 4091/4091
f 6002/6002 6009/6009 6021/6021
f 6023/6023 6022/6022 6021/6021
f 6045/6045 6022/6022 6041/6041
f 2368/2368 2372/2372 2360/2360
f 6046/6046 6049/6049 6041/6041
f 6046/6046 6041/6041 6038/6038
f 6065/6065 6049/6049 6046/6046
f 6046/6046 6038/6038 6036/6036
f 6036/6036 6038/6038 6037/6037
f 5780/5780 5771/5771 5772/5772
f 3020/3020 3146/3146 3043/3043
f 3119/3119 3102/3102 3062/3062
f 3062/3062 3102/3102 3060/3060
f 4089/4089 4102/4102 4100/4100
f 3064/3064 3119/3119 3062/3062
f 3064/3064 3062/3062 3063/3063
f 3067/3067 3066/3066 3063/3063
f 3067/3067 3063/3063 3302/3302
f 3304/3304 3067/3067 3302/3302
f 3281/3281 3305/3305 3280/3280
f 3211/3211 3260/3260 3242/3242
f 3220/3220 3252/3252 3230/3230
f 3233/3233 3227/3227 3269/3269
f 6226/6226 6222/6222 6218/6218
f 5715/5715 5724/5724 5705/5705
f 5661/5661 5662/5662 5663/5663
f 4079/4079 4127/4127 4125/4125
f 5021/5021 5020/5020 5162/5162
f 4640/4640 4641/4641 4642/4642
f 5395/5395 5391/5391 5396/5396
f 3968/3968 3969/3969 3958/3958
f 4037/4037 4038/4038 4040/4040
f 6704/6704 6828/6828 6829/6829
f 6828/6828 7005/7005 6829/6829
f 836/836 806/806 785/785
f 7146/7146 7145/7145 7138/7138
f 7138/7138 7145/7145 7135/7135
f 4697/4697 4695/4695 4696/4696
f 735/735 730/730 731/731
f 7136/7136 7135/7135 7137/7137
f 308/308 301/301 408/408
f 731/731 730/730 729/729
f 729/729 727/727 740/740
f 727/727 728/728 724/724
f 7048/7048 7042/7042 7047/7047
f 728/728 733/733 724/724
f 724/724 733/733 723/723
f 723/723 733/733 746/746
f 7047/7047 7042/7042 7041/7041
f 544/544 542/542 574/574
f 599/599 544/544 574/574
f 574/574 542/542 553/553
f 553/553 554/554 555/555
f 617/617 762/762 783/783
f 6090/6090 6104/6104 6105/6105
f 2547/2547 2486/2486 2501/2501
f 6009/6009 6052/6052 6033/6033
f 6021/6021 6009/6009 6033/6033
f 2387/2387 2382/2382 2376/2376
f 2359/2359 2376/2376 2368/2368
f 6041/6041 6022/6022 6023/6023
f 2355/2355 2360/2360 2348/2348
f 6038/6038 6041/6041 6039/6039
f 6037/6037 6038/6038 6039/6039
f 2348/2348 2356/2356 2347/2347
f 6037/6037 6039/6039 6040/6040
f 2347/2347 2346/2346 2336/2336
f 4087/4087 4088/4088 4089/4089
f 5792/5792 5772/5772 5793/5793
f 2318/2318 2328/2328 2333/2333
f 3021/3021 3043/3043 3032/3032
f 3031/3031 3021/3021 3032/3032
f 3058/3058 3031/3031 3032/3032
f 3060/3060 3031/3031 3058/3058
f 2777/2777 2693/2693 2780/2780
f 3062/3062 3060/3060 3058/3058
f 3059/3059 3062/3062 3058/3058
f 3063/3063 3062/3062 3061/3061
f 3061/3061 3062/3062 3059/3059
f 3302/3302 3063/3063 3061/3061
f 3280/3280 3067/3067 3304/3304
f 4100/4100 4102/4102 4105/4105
f 3245/3245 3242/3242 3283/3283
f 3245/3245 3283/3283 3279/3279
f 3265/3265 3256/3256 3237/3237
f 3265/3265 3237/3237 3264/3264
f 3264/3264 3235/3235 3233/3233
f 3264/3264 3233/3233 3351/3351
f 3210/3210 3220/3220 3230/3230
f 3210/3210 3230/3230 3211/3211
f 3214/3214 3211/3211 3242/3242
f 3352/3352 3233/3233 3269/3269
f 3269/3269 3227/3227 3231/3231
f 3331/3331 3269/3269 3231/3231
f 3227/3227 3226/3226 3231/3231
f 3226/3226 3223/3223 3208/3208
f 3208/3208 3223/3223 3220/3220
f 4100/4100 4105/4105 4115/4115
f 6718/6718 6652/6652 6643/6643
f 5715/5715 5705/5705 5704/5704
f 6646/6646 6536/6536 6650/6650
f 6650/6650 6536/6536 6538/6538
f 4247/4247 4251/4251 4248/4248
f 3964/3964 3967/3967 3959/3959
f 3959/3959 3967/3967 4037/4037
f 7005/7005 7015/7015 7016/7016
f 837/837 836/836 785/785
f 492/492 522/522 490/490
f 7140/7140 7146/7146 7138/7138
f 7139/7139 7140/7140 7138/7138
f 7134/7134 7138/7138 7135/7135
f 4698/4698 4697/4697 4696/4696
f 7134/7134 7135/7135 7136/7136
f 4695/4695 4686/4686 4681/4681
f 4686/4686 4682/4682 4681/4681
f 7645/7645 7631/7631 7726/7726
f 731/731 729/729 741/741
f 729/729 740/740 741/741
f 740/740 727/727 726/726
f 726/726 727/727 724/724
f 5288/5288 5287/5287 5282/5282
f 723/723 746/746 722/722
f 746/746 843/843 738/738
f 738/738 843/843 849/849
f 4157/4157 4156/4156 4091/4091
f 835/835 574/574 820/820
f 573/573 574/574 553/553
f 553/553 555/555 559/559
f 555/555 554/554 556/556
f 557/557 555/555 556/556
f 564/564 583/583 565/565
f 583/583 762/762 617/617
f 139/139 125/125 120/120
f 2603/2603 2533/2533 2610/2610
f 6052/6052 6102/6102 6086/6086
f 2547/2547 2501/2501 2387/2387
f 6021/6021 6033/6033 6035/6035
f 6021/6021 6035/6035 6032/6032
f 6023/6023 6021/6021 6032/6032
f 2368/2368 2360/2360 2355/2355
f 2359/2359 2368/2368 2355/2355
f 6041/6041 6023/6023 6042/6042
f 6039/6039 6041/6041 6042/6042
f 6039/6039 6042/6042 6043/6043
f 6040/6040 6039/6039 6043/6043
f 5784/5784 5783/5783 5773/5773
f 5781/5781 5784/5784 5773/5773
f 3271/3271 3304/3304 3302/3302
f 3278/3278 3281/3281 3280/3280
f 3279/3279 3281/3281 3278/3278
f 3214/3214 3242/3242 3218/3218
f 3218/3218 3242/3242 3245/3245
f 3208/3208 3220/3220 3210/3210
f 3231/3231 3226/3226 3208/3208
f 6875/6875 6871/6871 6861/6861
f 5715/5715 5704/5704 5690/5690
f 5690/5690 5704/5704 5685/5685
f 4415/4415 4430/4430 4424/4424
f 3958/3958 3964/3964 3957/3957
f 3957/3957 3964/3964 3959/3959
f 7017/7017 7005/7005 7016/7016
f 837/837 785/785 787/787
f 7134/7134 7139/7139 7138/7138
f 7191/7191 7139/7139 7134/7134
f 7631/7631 7509/7509 7690/7690
f 8308/8308 8307/8307 8309/8309
f 7631/7631 7690/7690 7726/7726
f 4681/4681 4682/4682 4671/4671
f 764/764 731/731 741/741
f 8321/8321 8326/8326 8325/8325
f 8294/8294 8284/8284 8285/8285
f 8285/8285 8284/8284 8283/8283
f 8283/8283 8284/8284 8281/8281
f 5287/5287 5283/5283 5282/5282
f 726/726 724/724 725/725
f 725/725 724/724 721/721
f 5283/5283 5274/5274 5282/5282
f 722/722 746/746 738/738
f 5282/5282 5274/5274 5279/5279
f 5274/5274 5272/5272 5273/5273
f 738/738 849/849 739/739
f 739/739 849/849 853/853
f 5279/5279 5274/5274 5273/5273
f 5273/5273 5272/5272 5269/5269
f 5269/5269 5272/5272 5270/5270
f 5268/5268 5269/5269 5270/5270
f 5268/5268 5270/5270 5271/5271
f 5273/5273 5269/5269 5275/5275
f 5279/5279 5273/5273 5275/5275
f 614/614 820/820 574/574
f 574/574 573/573 614/614
f 573/573 553/553 559/559
f 557/557 556/556 564/564
f 557/557 564/564 560/560
f 617/617 783/783 772/772
f 2610/2610 2533/2533 2547/2547
f 2359/2359 2355/2355 2354/2354
f 6042/6042 6023/6023 6032/6032
f 6042/6042 6032/6032 6044/6044
f 2354/2354 2355/2355 2348/2348
f 6042/6042 6044/6044 6043/6043
f 2348/2348 2347/2347 2342/2342
f 2335/2335 2347/2347 2336/2336
f 2336/2336 2329/2329 2323/2323
f 2323/2323 2329/2329 2320/2320
f 3043/3043 3146/3146 3155/3155
f 3032/3032 3043/3043 3050/3050
f 3056/3056 3058/3058 3032/3032
f 3059/3059 3058/3058 3056/3056
f 3061/3061 3059/3059 3056/3056
f 3303/3303 3302/3302 3061/3061
f 3271/3271 3302/3302 3301/3301
f 3278/3278 3280/3280 3246/3246
f 3243/3243 3279/3279 3278/3278
f 3245/3245 3279/3279 3243/3243
f 3325/3325 3264/3264 3326/3326
f 3264/3264 3351/3351 3326/3326
f 3352/3352 3269/3269 3331/3331
f 3207/3207 3210/3210 3211/3211
f 3207/3207 3211/3211 3212/3212
f 3212/3212 3211/3211 3213/3213
f 3213/3213 3211/3211 3214/3214
f 3213/3213 3214/3214 3215/3215
f 3215/3215 3214/3214 3218/3218
f 6870/6870 6861/6861 6731/6731
f 6731/6731 6861/6861 6718/6718
f 6731/6731 6718/6718 6643/6643
f 6643/6643 6652/6652 6641/6641
f 6538/6538 6536/6536 6537/6537
f 5677/5677 5674/5674 5661/5661
f 6577/6577 6574/6574 6576/6576
f 6576/6576 6574/6574 6575/6575
f 6575/6575 6704/6704 6711/6711
f 7633/7633 7600/7600 7706/7706
f 7633/7633 7706/7706 7735/7735
f 8315/8315 8316/8316 8317/8317
f 7720/7720 7633/7633 7735/7735
f 8315/8315 8317/8317 8318/8318
f 838/838 837/837 787/787
f 7690/7690 7633/7633 7720/7720
f 787/787 785/785 786/786
f 8305/8305 8306/8306 8307/8307
f 786/786 785/785 745/745
f 8308/8308 8305/8305 8307/8307
f 4699/4699 4697/4697 4698/4698
f 8321/8321 8325/8325 8322/8322
f 5284/5284 5290/5290 5285/5285
f 5285/5285 5290/5290 5280/5280
f 8283/8283 8281/8281 8282/8282
f 8282/8282 8281/8281 8280/8280
f 8281/8281 8250/8250 8249/8249
f 8280/8280 8281/8281 8249/8249
f 5274/5274 5284/5284 5285/5285
f 5274/5274 5285/5285 5286/5286
f 721/721 722/722 719/719
f 722/722 738/738 719/719
f 719/719 738/738 739/739
f 5272/5272 5276/5276 5270/5270
f 5270/5270 5276/5276 5271/5271
f 8206/8206 8208/8208 8204/8204
f 614/614 573/573 590/590
f 590/590 573/573 559/559
f 590/590 559/559 589/589
f 559/559 555/555 558/558
f 555/555 557/557 558/558
f 560/560 564/564 565/565
f 93/93 92/92 133/133
f 583/583 617/617 584/584
f 441/441 312/312 357/357
f 441/441 357/357 469/469
f 772/772 826/826 778/778
f 6032/6032 6035/6035 6056/6056
f 6044/6044 6032/6032 6056/6056
f 3050/3050 3043/3043 3155/3155
f 3301/3301 3302/3302 3303/3303
f 3271/3271 3301/3301 3270/3270
f 3246/3246 3280/3280 3271/3271
f 2846/2846 2845/2845 2847/2847
f 3243/3243 3278/3278 3246/3246
f 3265/3265 3264/3264 3325/3325
f 3326/3326 3351/3351 3341/3341
f 3351/3351 3352/3352 3341/3341
f 3364/3364 3365/3365 3256/3256
f 3353/3353 3352/3352 3331/3331
f 3208/3208 3210/3210 3207/3207
f 6875/6875 6861/6861 6870/6870
f 8159/8159 8161/8161 8157/8157
f 6641/6641 6646/6646 6645/6645
f 5717/5717 5715/5715 5690/5690
f 6538/6538 6537/6537 6539/6539
f 3959/3959 4037/4037 4041/4041
f 6580/6580 6574/6574 6577/6577
f 4037/4037 4040/4040 4041/4041
f 6576/6576 6575/6575 6711/6711
f 4696/4696 4695/4695 4694/4694
f 4695/4695 4681/4681 4694/4694
f 4670/4670 4671/4671 4667/4667
f 8320/8320 8321/8321 8322/8322
f 5276/5276 5280/5280 5281/5281
f 5276/5276 5281/5281 5278/5278
f 744/744 725/725 721/721
f 8249/8249 8250/8250 8248/8248
f 744/744 721/721 720/720
f 721/721 719/719 720/720
f 719/719 739/739 718/718
f 718/718 739/739 717/717
f 5276/5276 5278/5278 5277/5277
f 5271/5271 5276/5276 5277/5277
f 8296/8296 8293/8293 8289/8289
f 589/589 559/559 580/580
f 580/580 559/559 558/558
f 560/560 565/565 568/568
f 568/568 583/583 584/584
f 125/125 127/127 117/117
f 584/584 617/617 760/760
f 760/760 617/617 772/772
f 772/772 778/778 760/760
f 469/469 357/357 436/436
f 2385/2385 2387/2387 2376/2376
f 2385/2385 2376/2376 2378/2378
f 2378/2378 2376/2376 2359/2359
f 2327/2327 2335/2335 2336/2336
f 5773/5773 5768/5768 5762/5762
f 5771/5771 5762/5762 5766/5766
f 5772/5772 5771/5771 5766/5766
f 2312/2312 2320/2320 2318/2318
f 3056/3056 3050/3050 3057/3057
f 3318/3318 3056/3056 3057/3057
f 3061/3061 3056/3056 3318/3318
f 3303/3303 3061/3061 3318/3318
f 3303/3303 3318/3318 3307/3307
f 3247/3247 3246/3246 3271/3271
f 3341/3341 3352/3352 3353/3353
f 3353/3353 3331/3331 3205/3205
f 3218/3218 3245/3245 3219/3219
f 3219/3219 3245/3245 3243/3243
f 3205/3205 3331/3331 3231/3231
f 2123/2123 2115/2115 2125/2125
f 5717/5717 5690/5690 5681/5681
f 6645/6645 6646/6646 6650/6650
f 4068/4068 4073/4073 4070/4070
f 5664/5664 5661/5661 5663/5663
f 4247/4247 4248/4248 4249/4249
f 5395/5395 5396/5396 5397/5397
f 3968/3968 3958/3958 3955/3955
f 3970/3970 3968/3968 3955/3955
f 3955/3955 3958/3958 3957/3957
f 6711/6711 6704/6704 6829/6829
f 6994/6994 7017/7017 7016/7016
f 786/786 964/964 912/912
f 964/964 962/962 912/912
f 912/912 962/962 913/913
f 913/913 962/962 935/935
f 4694/4694 4681/4681 4669/4669
f 8278/8278 8280/8280 8249/8249
f 8278/8278 8249/8249 8256/8256
f 8249/8249 8248/8248 8247/8247
f 8256/8256 8249/8249 8247/8247
f 720/720 719/719 714/714
f 719/719 718/718 714/714
f 714/714 718/718 717/717
f 8293/8293 8295/8295 8280/8280
f 8293/8293 8280/8280 8278/8278
f 750/750 862/862 861/861
f 8298/8298 8296/8296 8289/8289
f 558/558 557/557 560/560
f 115/115 114/114 112/112
f 2378/2378 2359/2359 2361/2361
f 2361/2361 2359/2359 2354/2354
f 5786/5786 5785/5785 5770/5770
f 2351/2351 2354/2354 2342/2342
f 2326/2326 2335/2335 2327/2327
f 4087/4087 4089/4089 4095/4095
f 2327/2327 2336/2336 2323/2323
f 2313/2313 2323/2323 2312/2312
f 2312/2312 2318/2318 2315/2315
f 5801/5801 5777/5777 5795/5795
f 2315/2315 2318/2318 2324/2324
f 3163/3163 3050/3050 3155/3155
f 3303/3303 3307/3307 3298/3298
f 3295/3295 3301/3301 3303/3303
f 3270/3270 3301/3301 3295/3295
f 3247/3247 3271/3271 3270/3270
f 3243/3243 3246/3246 3244/3244
f 3364/3364 3256/3256 3334/3334
f 3256/3256 3265/3265 3333/3333
f 3334/3334 3256/3256 3333/3333
f 3205/3205 3231/3231 3204/3204
f 3231/3231 3208/3208 3204/3204
f 3204/3204 3208/3208 3207/3207
f 3204/3204 3207/3207 3203/3203
f 3203/3203 3207/3207 3209/3209
f 3207/3207 3212/3212 3209/3209
f 3212/3212 3213/3213 3209/3209
f 3209/3209 3213/3213 3216/3216
f 3213/3213 3215/3215 3216/3216
f 3216/3216 3215/3215 3217/3217
f 3217/3217 3215/3215 3218/3218
f 6226/6226 6218/6218 6225/6225
f 6225/6225 6218/6218 6219/6219
f 5678/5678 5717/5717 5681/5681
f 4079/4079 4125/4125 4123/4123
f 4250/4250 4247/4247 4249/4249
f 7052/7052 7062/7062 7050/7050
f 4646/4646 4640/4640 4642/4642
f 3959/3959 4041/4041 4042/4042
f 4125/4125 4126/4126 4124/4124
f 837/837 838/838 840/840
f 8247/8247 8248/8248 8243/8243
f 715/715 744/744 720/720
f 715/715 720/720 714/714
f 715/715 714/714 713/713
f 714/714 717/717 712/712
f 712/712 717/717 750/750
f 750/750 861/861 850/850
f 580/580 558/558 581/581
f 563/563 560/560 568/568
f 778/778 826/826 827/827
f 2611/2611 2385/2385 2389/2389
f 4091/4091 4087/4087 4094/4094
f 2361/2361 2354/2354 2351/2351
f 2351/2351 2342/2342 2341/2341
f 2342/2342 2335/2335 2326/2326
f 2341/2341 2342/2342 2326/2326
f 5761/5761 5766/5766 5762/5762
f 2313/2313 2312/2312 2307/2307
f 2312/2312 2315/2315 2304/2304
f 3163/3163 3155/3155 3169/3169
f 2383/2383 2332/2332 2855/2855
f 3314/3314 3318/3318 3057/3057
f 3307/3307 3318/3318 3314/3314
f 3295/3295 3303/3303 3298/3298
f 3295/3295 3298/3298 3296/3296
f 3270/3270 3295/3295 3294/3294
f 3244/3244 3246/3246 3247/3247
f 3333/3333 3265/3265 3325/3325
f 3341/3341 3353/3353 3343/3343
f 3343/3343 3353/3353 3327/3327
f 3327/3327 3353/3353 3205/3205
f 3232/3232 3219/3219 3243/3243
f 3232/3232 3243/3243 3244/3244
f 3217/3217 3218/3218 3219/3219
f 6228/6228 6226/6226 6225/6225
f 6870/6870 6731/6731 6756/6756
f 8160/8160 8150/8150 8153/8153
f 4070/4070 4079/4079 4069/4069
f 4069/4069 4079/4079 4123/4123
f 4646/4646 4642/4642 4647/4647
f 4647/4647 4642/4642 4648/4648
f 5398/5398 5395/5395 5397/5397
f 6711/6711 6829/6829 6814/6814
f 6814/6814 6829/6829 6994/6994
f 787/787 786/786 905/905
f 4090/4090 4157/4157 4091/4091
f 912/912 913/913 899/899
f 913/913 935/935 907/907
f 907/907 935/935 915/915
f 4694/4694 4669/4669 4690/4690
f 4690/4690 4669/4669 4668/4668
f 4668/4668 4667/4667 4663/4663
f 714/714 712/712 713/713
f 713/713 712/712 711/711
f 712/712 750/750 716/716
f 8289/8289 8278/8278 8277/8277
f 581/581 558/558 582/582
f 561/561 558/558 560/560
f 779/779 778/778 827/827
f 2389/2389 2385/2385 2384/2384
f 2378/2378 2361/2361 2379/2379
f 4094/4094 4087/4087 4095/4095
f 2361/2361 2351/2351 2352/2352
f 2326/2326 2327/2327 2313/2313
f 2304/2304 2315/2315 2314/2314
f 3163/3163 3169/3169 3175/3175
f 3177/3177 3057/3057 3163/3163
f 2319/2319 2332/2332 2383/2383
f 4089/4089 4100/4100 4098/4098
f 3322/3322 3314/3314 3057/3057
f 3322/3322 3057/3057 3177/3177
f 3298/3298 3307/3307 3300/3300
f 3307/3307 3314/3314 3300/3300
f 3296/3296 3294/3294 3295/3295
f 3293/3293 3270/3270 3294/3294
f 3249/3249 3247/3247 3270/3270
f 3249/3249 3270/3270 3293/3293
f 3244/3244 3247/3247 3248/3248
f 3248/3248 3247/3247 3249/3249
f 3333/3333 3325/3325 3339/3339
f 3339/3339 3325/3325 3326/3326
f 3205/3205 3204/3204 3187/3187
f 3187/3187 3204/3204 3185/3185
f 3185/3185 3204/3204 3203/3203
f 3203/3203 3209/3209 3189/3189
f 3189/3189 3209/3209 3216/3216
f 6888/6888 6887/6887 6876/6876
f 6889/6889 6888/6888 6876/6876
f 6987/6987 6875/6875 6870/6870
f 6756/6756 6731/6731 6642/6642
f 6642/6642 6731/6731 6643/6643
f 6645/6645 6650/6650 6649/6649
f 6650/6650 6538/6538 6540/6540
f 4148/4148 4149/4149 4147/4147
f 4147/4147 4149/4149 4225/4225
f 2945/2945 2946/2946 2944/2944
f 3955/3955 3957/3957 3947/3947
f 3947/3947 3957/3957 3959/3959
f 3959/3959 3960/3960 3949/3949
f 6577/6577 6576/6576 6578/6578
f 840/840 838/838 839/839
f 839/839 838/838 787/787
f 839/839 787/787 900/900
f 900/900 787/787 905/905
f 905/905 786/786 898/898
f 786/786 912/912 898/898
f 898/898 912/912 899/899
f 899/899 913/913 907/907
f 4672/4672 4668/4668 4663/4663
f 4663/4663 4667/4667 4666/4666
f 711/711 712/712 710/710
f 8244/8244 8243/8243 8241/8241
f 8241/8241 8243/8243 8239/8239
f 712/712 716/716 710/710
f 8256/8256 8247/8247 8251/8251
f 8247/8247 8243/8243 8244/8244
f 8251/8251 8247/8247 8244/8244
f 716/716 850/850 824/824
f 8277/8277 8278/8278 8256/8256
f 824/824 581/581 833/833
f 833/833 581/581 582/582
f 8289/8289 8290/8290 8297/8297
f 582/582 558/558 561/561
f 561/561 560/560 562/562
f 562/562 560/560 563/563
f 566/566 563/563 568/568
f 584/584 760/760 749/749
f 749/749 760/760 778/778
f 779/779 827/827 825/825
f 2384/2384 2378/2378 2379/2379
f 2379/2379 2361/2361 2352/2352
f 2352/2352 2351/2351 2341/2341
f 5761/5761 5754/5754 5749/5749
f 2307/2307 2312/2312 2304/2304
f 2304/2304 2314/2314 2310/2310
f 2310/2310 2319/2319 2316/2316
f 3300/3300 3314/3314 3322/3322
f 3299/3299 3298/3298 3300/3300
f 3299/3299 3296/3296 3298/3298
f 3297/3297 3294/3294 3296/3296
f 3293/3293 3294/3294 3297/3297
f 3340/3340 3326/3326 3341/3341
f 3250/3250 3244/3244 3248/3248
f 3327/3327 3205/3205 3199/3199
f 3199/3199 3205/3205 3187/3187
f 3217/3217 3219/3219 3221/3221
f 6876/6876 6871/6871 6875/6875
f 6987/6987 6870/6870 6756/6756
f 4114/4114 4148/4148 4116/4116
f 6540/6540 6538/6538 6539/6539
f 3970/3970 3955/3955 3954/3954
f 5255/5255 5253/5253 5252/5252
f 3954/3954 3955/3955 3947/3947
f 3947/3947 3959/3959 3949/3949
f 6814/6814 6994/6994 6993/6993
f 6993/6993 6994/6994 6992/6992
f 4690/4690 4668/4668 4672/4672
f 8241/8241 8240/8240 8242/8242
f 709/709 711/711 710/710
f 8246/8246 8244/8244 8241/8241
f 8239/8239 8240/8240 8241/8241
f 708/708 710/710 716/716
f 716/716 824/824 706/706
f 8277/8277 8256/8256 8259/8259
f 8259/8259 8256/8256 8251/8251
f 833/833 582/582 618/618
f 618/618 582/582 561/561
f 592/592 566/566 584/584
f 600/600 584/584 749/749
f 123/123 161/161 160/160
f 749/749 778/778 747/747
f 778/778 779/779 747/747
f 328/328 273/273 327/327
f 2612/2612 2389/2389 2391/2391
f 2391/2391 2389/2389 2384/2384
f 2386/2386 2384/2384 2379/2379
f 2340/2340 2341/2341 2326/2326
f 2340/2340 2326/2326 2334/2334
f 2326/2326 2313/2313 2321/2321
f 2321/2321 2313/2313 2311/2311
f 2313/2313 2307/2307 2311/2311
f 5779/5779 5761/5761 5774/5774
f 5804/5804 5778/5778 5805/5805
f 3177/3177 3175/3175 3363/3363
f 3322/3322 3177/3177 3354/3354
f 3320/3320 3300/3300 3322/3322
f 3299/3299 3300/3300 3320/3320
f 2217/2217 2247/2247 2237/2237
f 3315/3315 3296/3296 3299/3299
f 3315/3315 3299/3299 3316/3316
f 3317/3317 3293/3293 3297/3297
f 3186/3186 3187/3187 3185/3185
f 3185/3185 3203/3203 3189/3189
f 3216/3216 3217/3217 3222/3222
f 3221/3221 3219/3219 3229/3229
f 3219/3219 3232/3232 3229/3229
f 6228/6228 6225/6225 6230/6230
f 6876/6876 6875/6875 6987/6987
f 7573/7573 7589/7589 7588/7588
f 6642/6642 6643/6643 6641/6641
f 5678/5678 5681/5681 5679/5679
f 4987/4987 4978/4978 5077/5077
f 6579/6579 6580/6580 6577/6577
f 4121/4121 4125/4125 4124/4124
f 899/899 907/907 902/902
f 8245/8245 8246/8246 8241/8241
f 8245/8245 8241/8241 8242/8242
f 710/710 708/708 709/709
f 8260/8260 8244/8244 8246/8246
f 706/706 824/824 742/742
f 8277/8277 8259/8259 8276/8276
f 562/562 563/563 566/566
f 8297/8297 8290/8290 8288/8288
f 592/592 584/584 600/600
f 2386/2386 2379/2379 2380/2380
f 2380/2380 2379/2379 2352/2352
f 2362/2362 2352/2352 2350/2350
f 5755/5755 5788/5788 5790/5790
f 2352/2352 2341/2341 2350/2350
f 2350/2350 2341/2341 2340/2340
f 2334/2334 2326/2326 2321/2321
f 2311/2311 2307/2307 2309/2309
f 3357/3357 3177/3177 3363/3363
f 3320/3320 3322/3322 3354/3354
f 3316/3316 3299/3299 3320/3320
f 3316/3316 3320/3320 3321/3321
f 3297/3297 3296/3296 3315/3315
f 3313/3313 3293/3293 3317/3317
f 3339/3339 3326/3326 3340/3340
f 3340/3340 3341/3341 3342/3342
f 3262/3262 3249/3249 3293/3293
f 3262/3262 3293/3293 3313/3313
f 3343/3343 3327/3327 3344/3344
f 3344/3344 3327/3327 3324/3324
f 3250/3250 3248/3248 3262/3262
f 3248/3248 3249/3249 3262/3262
f 3327/3327 3199/3199 3324/3324
f 3232/3232 3244/3244 3250/3250
f 3186/3186 3185/3185 3184/3184
f 3184/3184 3185/3185 3182/3182
f 3182/3182 3185/3185 3189/3189
f 3189/3189 3216/3216 3222/3222
f 3222/3222 3217/3217 3221/3221
f 6228/6228 6230/6230 6229/6229
f 6649/6649 6650/6650 6540/6540
f 6480/6480 6481/6481 6477/6477
f 4123/4123 4125/4125 4121/4121
f 4428/4428 4424/4424 4429/4429
f 5252/5252 5253/5253 5250/5250
f 3972/3972 3970/3970 3954/3954
f 6814/6814 6993/6993 6991/6991
f 6991/6991 6993/6993 6992/6992
f 898/898 899/899 890/890
f 907/907 915/915 914/914
f 4672/4672 4663/4663 4662/4662
f 4662/4662 4663/4663 4659/4659
f 709/709 708/708 707/707
f 708/708 706/706 707/707
f 8260/8260 8245/8245 8274/8274
f 8257/8257 8251/8251 8244/8244
f 8257/8257 8244/8244 8260/8260
f 742/742 824/824 618/618
f 618/618 561/561 608/608
f 608/608 561/561 562/562
f 575/575 562/562 566/566
f 8290/8290 8277/8277 8288/8288
f 8199/8199 8196/8196 8198/8198
f 747/747 779/779 794/794
f 794/794 779/779 825/825
f 2391/2391 2384/2384 2386/2386
f 2388/2388 2386/2386 2380/2380
f 2380/2380 2352/2352 2381/2381
f 2381/2381 2352/2352 2362/2362
f 2362/2362 2350/2350 2364/2364
f 2362/2362 2364/2364 2369/2369
f 2330/2330 2331/2331 2306/2306
f 2309/2309 2307/2307 2308/2308
f 2307/2307 2304/2304 2297/2297
f 2308/2308 2307/2307 2297/2297
f 2297/2297 2304/2304 2300/2300
f 2300/2300 2304/2304 2310/2310
f 2300/2300 2316/2316 2317/2317
f 3356/3356 3354/3354 3357/3357
f 3356/3356 3320/3320 3354/3354
f 3321/3321 3320/3320 3356/3356
f 4098/4098 4100/4100 4101/4101
f 4101/4101 4100/4100 4115/4115
f 3341/3341 3343/3343 3342/3342
f 3250/3250 3262/3262 3329/3329
f 2023/2023 2022/2022 2002/2002
f 3251/3251 3232/3232 3250/3250
f 3324/3324 3199/3199 3198/3198
f 3238/3238 3229/3229 3232/3232
f 3238/3238 3232/3232 3251/3251
f 3198/3198 3199/3199 3188/3188
f 3199/3199 3187/3187 3188/3188
f 3188/3188 3187/3187 3186/3186
f 3184/3184 3182/3182 3183/3183
f 3182/3182 3189/3189 3179/3179
f 3179/3179 3189/3189 3222/3222
f 6890/6890 6889/6889 6876/6876
f 6230/6230 6225/6225 6287/6287
f 4115/4115 4114/4114 4116/4116
f 4116/4116 4148/4148 4147/4147
f 3954/3954 3947/3947 3944/3944
f 3947/3947 3949/3949 3945/3945
f 5180/5180 5155/5155 5025/5025
f 4124/4124 4090/4090 4093/4093
f 890/890 899/899 902/902
f 902/902 907/907 914/914
f 4690/4690 4672/4672 4689/4689
f 4689/4689 4672/4672 4662/4662
f 8245/8245 8242/8242 8252/8252
f 8252/8252 8242/8242 8253/8253
f 707/707 706/706 705/705
f 705/705 706/706 703/703
f 8274/8274 8245/8245 8252/8252
f 706/706 742/742 703/703
f 8262/8262 8260/8260 8274/8274
f 742/742 618/618 608/608
f 8251/8251 8257/8257 8259/8259
f 608/608 562/562 575/575
f 8288/8288 8277/8277 8276/8276
f 592/592 600/600 677/677
f 794/794 825/825 844/844
f 844/844 825/825 855/855
f 844/844 855/855 866/866
f 3395/3395 3399/3399 3396/3396
f 2381/2381 2362/2362 2369/2369
f 4094/4094 4095/4095 4096/4096
f 2353/2353 2330/2330 2325/2325
f 2325/2325 2330/2330 2306/2306
f 2293/2293 2309/2309 2308/2308
f 3358/3358 3357/3357 3367/3367
f 3356/3356 3357/3357 3358/3358
f 1785/1785 1920/1920 1783/1783
f 1789/1789 1920/1920 1785/1785
f 1791/1791 1920/1920 1789/1789
f 2217/2217 2192/2192 2213/2213
f 3316/3316 3321/3321 3348/3348
f 3348/3348 3321/3321 3349/3349
f 3315/3315 3316/3316 3348/3348
f 3336/3336 3315/3315 3348/3348
f 3332/3332 3317/3317 3297/3297
f 3332/3332 3297/3297 3315/3315
f 3332/3332 3315/3315 3336/3336
f 3313/3313 3317/3317 3332/3332
f 3262/3262 3313/3313 3330/3330
f 3342/3342 3343/3343 3344/3344
f 3329/3329 3262/3262 3330/3330
f 3251/3251 3250/3250 3329/3329
f 3183/3183 3182/3182 3181/3181
f 3181/3181 3182/3182 3179/3179
f 3238/3238 3221/3221 3229/3229
f 3188/3188 3186/3186 3190/3190
f 3190/3190 3186/3186 3184/3184
f 3222/3222 3221/3221 3197/3197
f 6890/6890 6876/6876 6899/6899
f 6899/6899 6876/6876 6987/6987
f 6899/6899 6987/6987 6756/6756
f 4068/4068 4070/4070 4069/4069
f 3972/3972 3954/3954 3956/3956
f 3956/3956 3954/3954 3944/3944
f 3944/3944 3947/3947 3945/3945
f 6582/6582 6576/6576 6711/6711
f 839/839 900/900 882/882
f 905/905 898/898 887/887
f 898/898 890/890 888/888
f 914/914 915/915 916/916
f 4689/4689 4662/4662 4685/4685
f 4685/4685 4662/4662 4665/4665
f 4662/4662 4659/4659 4661/4661
f 4665/4665 4662/4662 4661/4661
f 8254/8254 8252/8252 8253/8253
f 8253/8253 8255/8255 8254/8254
f 703/703 742/742 702/702
f 8271/8271 8274/8274 8252/8252
f 702/702 742/742 608/608
f 8257/8257 8260/8260 8262/8262
f 608/608 575/575 612/612
f 8263/8263 8259/8259 8258/8258
f 575/575 566/566 595/595
f 595/595 566/566 592/592
f 677/677 600/600 747/747
f 844/844 866/866 867/867
f 3398/3398 3395/3395 3391/3391
f 3391/3391 3395/3395 3390/3390
f 3395/3395 3396/3396 3390/3390
f 3390/3390 3396/3396 3374/3374
f 3396/3396 3383/3383 3374/3374
f 3383/3383 3380/3380 3375/3375
f 3374/3374 3383/3383 3375/3375
f 3375/3375 3380/3380 3377/3377
f 3380/3380 3382/3382 3377/3377
f 3377/3377 3382/3382 3381/3381
f 2305/2305 2325/2325 2306/2306
f 2306/2306 2292/2292 2305/2305
f 2305/2305 2292/2292 2290/2290
f 2290/2290 2292/2292 2291/2291
f 2290/2290 2291/2291 2289/2289
f 2293/2293 2308/2308 2297/2297
f 2302/2302 2300/2300 2317/2317
f 2275/2275 2262/2262 2261/2261
f 1779/1779 1783/1783 2018/2018
f 1782/1782 1783/1783 1779/1779
f 1785/1785 1783/1783 1782/1782
f 1799/1799 1898/1898 1797/1797
f 1801/1801 1898/1898 1799/1799
f 3345/3345 3340/3340 3342/3342
f 1897/1897 1898/1898 1801/1801
f 3334/3334 3333/3333 3355/3355
f 3355/3355 3333/3333 3339/3339
f 3344/3344 3324/3324 3347/3347
f 3346/3346 3251/3251 3329/3329
f 3238/3238 3251/3251 3346/3346
f 3324/3324 3198/3198 3200/3200
f 3263/3263 3238/3238 3346/3346
f 2177/2177 2174/2174 2176/2176
f 6891/6891 6889/6889 6890/6890
f 3198/3198 3188/3188 3191/3191
f 3188/3188 3190/3190 3191/3191
f 3190/3190 3184/3184 3183/3183
f 3197/3197 3221/3221 3263/3263
f 3221/3221 3238/3238 3263/3263
f 6648/6648 6645/6645 6649/6649
f 2941/2941 2942/2942 2943/2943
f 7053/7053 7055/7055 7052/7052
f 7053/7053 7052/7052 7049/7049
f 7049/7049 7052/7052 7050/7050
f 6735/6735 6580/6580 6579/6579
f 4121/4121 4124/4124 4093/4093
f 6711/6711 6814/6814 6712/6712
f 6712/6712 6814/6814 6862/6862
f 6991/6991 6992/6992 6969/6969
f 937/937 839/839 882/882
f 900/900 905/905 887/887
f 4090/4090 4091/4091 4092/4092
f 887/887 898/898 888/888
f 901/901 902/902 914/914
f 4665/4665 4661/4661 4673/4673
f 8275/8275 8254/8254 8264/8264
f 8264/8264 8254/8254 8255/8255
f 705/705 703/703 704/704
f 8271/8271 8252/8252 8275/8275
f 8271/8271 8275/8275 8272/8272
f 8252/8252 8254/8254 8275/8275
f 8262/8262 8274/8274 8271/8271
f 8258/8258 8259/8259 8257/8257
f 8261/8261 8257/8257 8262/8262
f 595/595 592/592 619/619
f 8276/8276 8259/8259 8263/8263
f 619/619 592/592 677/677
f 747/747 794/794 752/752
f 752/752 794/794 809/809
f 4092/4092 4091/4091 4094/4094
f 3397/3397 3398/3398 3391/3391
f 3379/3379 3377/3377 3381/3381
f 5759/5759 5763/5763 5752/5752
f 3379/3379 3381/3381 3386/3386
f 2286/2286 2290/2290 2289/2289
f 2286/2286 2289/2289 2287/2287
f 2287/2287 2289/2289 2294/2294
f 2289/2289 2293/2293 2294/2294
f 2294/2294 2293/2293 2297/2297
f 2294/2294 2297/2297 2298/2298
f 2298/2298 2297/2297 2299/2299
f 2299/2299 2297/2297 2300/2300
f 2299/2299 2300/2300 2302/2302
f 1736/1736 2018/2018 1916/1916
f 3358/3358 3367/3367 3368/3368
f 1779/1779 2018/2018 1736/1736
f 1789/1789 1785/1785 1788/1788
f 1790/1790 1791/1791 1789/1789
f 1793/1793 1791/1791 1792/1792
f 1795/1795 1796/1796 1793/1793
f 1795/1795 1797/1797 1796/1796
f 1798/1798 1799/1799 1797/1797
f 1801/1801 1799/1799 1800/1800
f 3339/3339 3340/3340 3345/3345
f 3345/3345 3342/3342 3350/3350
f 2002/2002 2022/2022 1965/1965
f 3342/3342 3344/3344 3350/3350
f 1805/1805 1890/1890 1897/1897
f 1857/1857 1890/1890 1805/1805
f 1812/1812 1857/1857 1806/1806
f 3335/3335 3324/3324 3200/3200
f 1889/1889 1857/1857 1812/1812
f 3200/3200 3198/3198 3191/3191
f 3180/3180 3179/3179 3197/3197
f 3179/3179 3222/3222 3197/3197
f 6900/6900 6899/6899 6756/6756
f 4067/4067 4068/4068 4069/4069
f 7049/7049 7050/7050 7051/7051
f 3944/3944 3945/3945 3946/3946
f 3946/3946 3945/3945 3948/3948
f 6579/6579 6577/6577 6578/6578
f 882/882 900/900 887/887
f 890/890 902/902 901/901
f 901/901 914/914 918/918
f 4673/4673 4661/4661 4674/4674
f 4674/4674 4661/4661 4675/4675
f 8264/8264 8255/8255 8265/8265
f 8265/8265 8255/8255 8266/8266
f 704/704 703/703 701/701
f 703/703 702/702 701/701
f 8272/8272 8275/8275 8264/8264
f 701/701 702/702 613/613
f 613/613 612/612 575/575
f 8261/8261 8262/8262 8270/8270
f 8270/8270 8262/8262 8271/8271
f 8258/8258 8257/8257 8261/8261
f 8225/8225 8276/8276 8263/8263
f 8207/8207 8197/8197 8195/8195
f 677/677 747/747 752/752
f 809/809 794/794 844/844
f 3392/3392 3391/3391 3376/3376
f 3376/3376 3391/3391 3390/3390
f 3390/3390 3374/3374 3376/3376
f 3372/3372 3374/3374 3375/3375
f 3372/3372 3375/3375 3377/3377
f 3372/3372 3377/3377 3379/3379
f 3379/3379 3386/3386 3385/3385
f 2295/2295 2290/2290 2286/2286
f 1782/1782 1779/1779 1733/1733
f 1733/1733 1779/1779 1736/1736
f 1788/1788 1785/1785 1784/1784
f 1784/1784 1785/1785 1782/1782
f 1793/1793 1792/1792 1794/1794
f 1795/1795 1793/1793 1794/1794
f 1798/1798 1797/1797 1795/1795
f 1800/1800 1799/1799 1798/1798
f 1965/1965 1977/1977 1957/1957
f 1957/1957 1977/1977 1978/1978
f 1803/1803 1801/1801 1802/1802
f 3350/3350 3344/3344 3359/3359
f 1804/1804 1805/1805 1801/1801
f 3359/3359 3344/3344 3347/3347
f 1806/1806 1857/1857 1805/1805
f 1/1 2/2 3/3
f 6891/6891 6894/6894 6901/6901
f 3347/3347 3324/3324 3335/3335
f 1824/1824 1889/1889 1812/1812
f 6891/6891 6890/6890 6892/6892
f 3178/3178 3181/3181 3179/3179
f 3178/3178 3179/3179 3180/3180
f 3197/3197 3263/3263 3338/3338
f 6890/6890 6899/6899 6900/6900
f 6892/6892 6890/6890 6900/6900
f 3200/3200 3191/3191 3196/3196
f 3193/3193 3183/3183 3181/3181
f 3193/3193 3181/3181 3195/3195
f 6900/6900 6756/6756 6755/6755
f 3191/3191 3190/3190 3192/3192
f 3192/3192 3190/3190 3183/3183
f 3192/3192 3183/3183 3193/3193
f 6755/6755 6756/6756 6640/6640
f 6640/6640 6756/6756 6642/6642
f 6640/6640 6642/6642 6641/6641
f 5680/5680 5679/5679 5682/5682
f 4116/4116 4147/4147 4146/4146
f 3972/3972 3956/3956 3951/3951
f 3951/3951 3956/3956 3944/3944
f 6578/6578 6576/6576 6581/6581
f 6581/6581 6576/6576 6582/6582
f 6582/6582 6711/6711 6712/6712
f 4093/4093 4090/4090 4092/4092
f 875/875 887/887 888/888
f 888/888 890/890 889/889
f 914/914 916/916 917/917
f 918/918 914/914 917/917
f 916/916 922/922 917/917
f 4685/4685 4665/4665 4680/4680
f 4665/4665 4673/4673 4680/4680
f 4680/4680 4673/4673 4679/4679
f 4679/4679 4673/4673 4676/4676
f 8265/8265 8266/8266 8267/8267
f 8267/8267 8266/8266 8286/8286
f 701/701 613/613 699/699
f 8272/8272 8264/8264 8273/8273
f 613/613 575/575 699/699
f 699/699 575/575 595/595
f 8270/8270 8271/8271 8272/8272
f 8261/8261 8270/8270 8227/8227
f 8225/8225 8263/8263 8224/8224
f 8224/8224 8263/8263 8258/8258
f 752/752 809/809 759/759
f 3397/3397 3391/3391 3392/3392
f 3394/3394 3397/3397 3392/3392
f 4096/4096 4095/4095 4097/4097
f 2296/2296 2295/2295 2286/2286
f 4095/4095 4089/4089 4098/4098
f 2283/2283 2275/2275 2279/2279
f 2275/2275 2261/2261 2269/2269
f 1784/1784 1782/1782 1733/1733
f 1821/1821 1788/1788 1784/1784
f 1794/1794 1792/1792 1790/1790
f 1798/1798 1795/1795 1794/1794
f 1813/1813 1800/1800 1798/1798
f 1957/1957 1978/1978 1966/1966
f 2194/2194 2195/2195 2190/2190
f 2185/2185 2194/2194 2190/2190
f 1965/1965 1957/1957 1954/1954
f 1966/1966 1978/1978 1992/1992
f 1966/1966 1992/1992 1980/1980
f 1829/1829 1804/1804 1803/1803
f 1980/1980 1992/1992 2010/2010
f 1807/1807 1806/1806 1804/1804
f 2180/2180 2185/2185 2176/2176
f 1811/1811 1812/1812 1806/1806
f 1824/1824 1812/1812 1811/1811
f 3240/3240 3180/3180 3197/3197
f 3240/3240 3197/3197 3338/3338
f 3335/3335 3200/3200 3206/3206
f 3206/3206 3200/3200 3196/3196
f 3178/3178 3195/3195 3181/3181
f 6276/6276 6287/6287 6356/6356
f 3191/3191 3192/3192 3196/3196
f 3194/3194 3193/3193 3195/3195
f 6648/6648 6649/6649 6710/6710
f 4266/4266 4262/4262 4263/4263
f 4067/4067 4069/4069 4071/4071
f 4069/4069 4123/4123 4084/4084
f 5041/5041 5026/5026 5023/5023
f 6735/6735 6579/6579 6737/6737
f 5247/5247 5252/5252 5250/5250
f 6863/6863 6712/6712 6862/6862
f 874/874 887/887 875/875
f 875/875 888/888 889/889
f 889/889 890/890 901/901
f 901/901 918/918 903/903
f 903/903 918/918 919/919
f 918/918 917/917 919/919
f 8268/8268 8265/8265 8267/8267
f 8267/8267 8286/8286 8269/8269
f 8269/8269 8286/8286 8287/8287
f 701/701 699/699 700/700
f 8234/8234 8270/8270 8272/8272
f 8234/8234 8272/8272 8273/8273
f 8230/8230 8227/8227 8270/8270
f 8224/8224 8258/8258 8261/8261
f 8224/8224 8261/8261 8227/8227
f 8222/8222 8225/8225 8224/8224
f 677/677 752/752 692/692
f 692/692 752/752 759/759
f 759/759 809/809 815/815
f 815/815 809/809 844/844
f 3405/3405 3400/3400 3401/3401
f 3400/3400 3397/3397 3394/3394
f 3401/3401 3400/3400 3394/3394
f 3376/3376 3374/3374 3371/3371
f 3374/3374 3372/3372 3371/3371
f 3371/3371 3372/3372 3373/3373
f 3372/3372 3379/3379 3378/3378
f 3373/3373 3372/3372 3378/3378
f 3378/3378 3379/3379 3384/3384
f 3384/3384 3379/3379 3385/3385
f 2286/2286 2287/2287 2288/2288
f 2287/2287 2294/2294 2288/2288
f 2288/2288 2294/2294 2301/2301
f 2298/2298 2299/2299 2301/2301
f 2301/2301 2299/2299 2303/2303
f 1735/1735 1916/1916 1869/1869
f 2303/2303 2299/2299 2392/2392
f 1736/1736 1916/1916 1735/1735
f 1733/1733 1736/1736 1735/1735
f 1732/1732 1784/1784 1733/1733
f 1837/1837 1790/1790 1821/1821
f 1817/1817 1794/1794 1837/1837
f 1973/1973 1965/1965 1954/1954
f 2003/2003 2010/2010 2024/2024
f 3347/3347 3335/3335 3362/3362
f 1825/1825 1824/1824 1811/1811
f 6356/6356 6318/6318 6357/6357
f 1881/1881 1824/1824 1825/1825
f 3178/3178 3180/3180 3240/3240
f 3192/3192 3193/3193 3194/3194
f 4071/4071 4069/4069 4084/4084
f 7054/7054 7053/7053 7049/7049
f 7049/7049 7051/7051 7063/7063
f 6737/6737 6579/6579 6585/6585
f 5247/5247 5250/5250 5244/5244
f 3951/3951 3944/3944 3946/3946
f 937/937 882/882 910/910
f 882/882 887/887 874/874
f 901/901 903/903 889/889
f 919/919 917/917 920/920
f 917/917 922/922 920/920
f 920/920 922/922 923/923
f 4680/4680 4679/4679 4691/4691
f 4691/4691 4679/4679 4678/4678
f 8268/8268 8267/8267 8269/8269
f 8264/8264 8268/8268 8279/8279
f 699/699 595/595 621/621
f 700/700 699/699 621/621
f 621/621 595/595 620/620
f 8234/8234 8273/8273 8235/8235
f 8235/8235 8273/8273 8236/8236
f 8273/8273 8264/8264 8279/8279
f 8236/8236 8273/8273 8279/8279
f 8230/8230 8270/8270 8232/8232
f 8232/8232 8270/8270 8234/8234
f 620/620 595/595 619/619
f 8226/8226 8224/8224 8227/8227
f 626/626 619/619 677/677
f 626/626 677/677 692/692
f 8221/8221 8222/8222 8223/8223
f 8223/8223 8222/8222 8224/8224
f 3394/3394 3392/3392 3393/3393
f 3393/3393 3392/3392 3376/3376
f 3378/3378 3384/3384 3387/3387
f 2296/2296 2286/2286 2394/2394
f 2286/2286 2288/2288 2394/2394
f 2393/2393 2288/2288 2301/2301
f 2395/2395 2301/2301 2303/2303
f 1818/1818 1784/1784 1732/1732
f 1844/1844 1821/1821 1818/1818
f 7400/7400 7381/7381 7431/7431
f 1954/1954 1957/1957 1949/1949
f 1949/1949 1957/1957 1966/1966
f 1949/1949 1966/1966 1955/1955
f 1955/1955 1966/1966 1963/1963
f 1947/1947 1973/1973 1954/1954
f 1963/1963 1966/1966 1980/1980
f 1980/1980 2010/2010 2003/2003
f 2265/2265 2193/2193 2180/2180
f 2186/2186 2135/2135 2252/2252
f 2003/2003 2024/2024 2026/2026
f 1835/1835 1811/1811 1808/1808
f 6894/6894 6891/6891 6893/6893
f 2026/2026 2024/2024 2027/2027
f 6893/6893 6891/6891 6892/6892
f 1827/1827 1881/1881 1825/1825
f 2179/2179 2265/2265 2175/2175
f 6276/6276 6356/6356 6273/6273
f 6274/6274 6276/6276 6273/6273
f 3335/3335 3206/3206 3361/3361
f 3362/3362 3335/3335 3361/3361
f 1901/1901 1881/1881 1827/1827
f 1882/1882 1901/1901 1827/1827
f 3361/3361 3206/3206 3328/3328
f 3323/3323 3195/3195 3178/3178
f 3206/3206 3196/3196 3202/3202
f 3196/3196 3192/3192 3202/3202
f 3192/3192 3194/3194 3201/3201
f 4987/4987 5077/5077 5078/5078
f 4072/4072 4067/4067 4071/4071
f 3946/3946 3948/3948 3950/3950
f 3950/3950 3948/3948 3952/3952
f 7522/7522 7521/7521 7520/7520
f 984/984 937/937 910/910
f 910/910 882/882 881/881
f 882/882 874/874 881/881
f 875/875 889/889 877/877
f 889/889 903/903 894/894
f 903/903 919/919 933/933
f 933/933 919/919 920/920
f 920/920 923/923 924/924
f 923/923 925/925 924/924
f 4691/4691 4678/4678 4692/4692
f 4678/4678 4684/4684 4692/4692
f 8279/8279 8268/8268 8238/8238
f 8238/8238 8268/8268 8292/8292
f 8268/8268 8269/8269 8292/8292
f 8269/8269 8287/8287 8291/8291
f 8233/8233 8235/8235 8236/8236
f 8233/8233 8236/8236 8237/8237
f 8236/8236 8279/8279 8238/8238
f 8237/8237 8236/8236 8238/8238
f 8234/8234 8235/8235 8233/8233
f 8232/8232 8234/8234 8233/8233
f 620/620 619/619 626/626
f 871/871 808/808 804/804
f 804/804 808/808 805/805
f 804/804 805/805 803/803
f 8226/8226 8227/8227 8228/8228
f 8228/8228 8227/8227 8229/8229
f 8229/8229 8227/8227 8230/8230
f 8229/8229 8230/8230 8231/8231
f 8231/8231 8230/8230 8232/8232
f 692/692 759/759 781/781
f 759/759 815/815 781/781
f 4092/4092 4094/4094 4120/4120
f 3393/3393 3376/3376 3433/3433
f 3433/3433 3376/3376 3435/3435
f 3435/3435 3376/3376 3371/3371
f 3389/3389 3371/3371 3373/3373
f 3389/3389 3373/3373 3388/3388
f 3388/3388 3373/3373 3378/3378
f 3388/3388 3378/3378 3387/3387
f 3387/3387 3384/3384 3467/3467
f 3464/3464 3387/3387 3467/3467
f 2394/2394 2288/2288 2393/2393
f 2393/2393 2301/2301 2395/2395
f 1869/1869 2029/2029 1907/1907
f 1731/1731 1735/1735 1787/1787
f 1735/1735 1869/1869 1787/1787
f 7440/7440 7455/7455 7457/7457
f 7385/7385 7389/7389 7445/7445
f 7383/7383 7385/7385 7386/7386
f 1906/1906 1926/1926 1903/1903
f 7378/7378 7381/7381 7400/7400
f 1947/1947 1954/1954 1948/1948
f 1948/1948 1954/1954 1949/1949
f 1963/1963 1980/1980 1968/1968
f 7375/7375 7378/7378 7398/7398
f 1980/1980 2003/2003 1968/1968
f 1968/1968 2003/2003 2004/2004
f 2004/2004 2003/2003 2026/2026
f 7375/7375 7398/7398 7436/7436
f 6896/6896 6894/6894 6895/6895
f 2113/2113 2137/2137 2138/2138
f 7369/7369 7375/7375 7436/7436
f 6895/6895 6894/6894 6893/6893
f 6893/6893 6892/6892 6900/6900
f 6893/6893 6900/6900 6753/6753
f 6753/6753 6755/6755 6640/6640
f 3206/3206 3202/3202 3328/3328
f 3319/3319 3194/3194 3195/3195
f 3319/3319 3195/3195 3323/3323
f 3202/3202 3192/3192 3201/3201
f 3201/3201 3194/3194 3319/3319
f 6638/6638 6640/6640 6641/6641
f 3951/3951 3946/3946 3950/3950
f 6585/6585 6579/6579 6583/6583
f 6579/6579 6578/6578 6583/6583
f 6721/6721 6863/6863 6883/6883
f 883/883 877/877 889/889
f 883/883 889/889 894/894
f 921/921 903/903 933/933
f 924/924 925/925 926/926
f 4692/4692 4684/4684 4693/4693
f 4684/4684 4687/4687 4688/4688
f 695/695 683/683 679/679
f 679/679 683/683 631/631
f 622/622 621/621 620/620
f 622/622 620/620 626/626
f 769/769 695/695 768/768
f 8231/8231 8232/8232 8233/8233
f 804/804 803/803 802/802
f 803/803 799/799 802/802
f 802/802 799/799 800/800
f 799/799 797/797 798/798
f 800/800 799/799 798/798
f 3405/3405 3401/3401 3404/3404
f 3402/3402 3401/3401 3394/3394
f 3402/3402 3394/3394 3393/3393
f 3402/3402 3393/3393 3433/3433
f 3435/3435 3371/3371 3389/3389
f 3435/3435 3389/3389 3443/3443
f 3388/3388 3387/3387 3456/3456
f 3456/3456 3387/3387 3464/3464
f 3461/3461 3464/3464 3467/3467
f 5863/5863 5861/5861 5862/5862
f 3461/3461 3467/3467 3465/3465
f 2393/2393 2395/2395 2396/2396
f 4095/4095 4098/4098 4097/4097
f 7439/7439 7456/7456 7455/7455
f 7439/7439 7455/7455 7440/7440
f 1732/1732 1733/1733 1728/1728
f 1728/1728 1733/1733 1731/1731
f 1730/1730 1816/1816 1732/1732
f 7435/7435 7440/7440 7457/7457
f 7393/7393 7435/7435 7449/7449
f 7385/7385 7384/7384 7389/7389
f 7383/7383 7384/7384 7385/7385
f 7381/7381 7382/7382 7383/7383
f 7380/7380 7382/7382 7381/7381
f 7380/7380 7381/7381 7378/7378
f 7379/7379 7380/7380 7378/7378
f 1953/1953 1963/1963 1968/1968
f 7377/7377 7379/7379 7378/7378
f 7369/7369 7374/7374 7375/7375
f 1828/1828 1826/1826 1877/1877
f 1827/1827 1826/1826 1828/1828
f 2021/2021 2026/2026 2027/2027
f 2021/2021 2027/2027 2017/2017
f 1842/1842 1882/1882 1827/1827
f 2178/2178 2206/2206 2179/2179
f 7370/7370 7369/7369 7437/7437
f 3361/3361 3328/3328 3360/3360
f 1845/1845 1882/1882 1842/1842
f 3360/3360 3328/3328 3337/3337
f 3337/3337 3328/3328 3202/3202
f 1848/1848 1882/1882 1845/1845
f 3337/3337 3202/3202 3201/3201
f 2919/2919 2918/2918 2920/2920
f 2920/2920 2918/2918 2922/2922
f 6647/6647 6645/6645 6648/6648
f 6479/6479 6475/6475 6474/6474
f 7049/7049 7063/7063 7061/7061
f 6986/6986 6737/6737 6585/6585
f 5246/5246 5247/5247 5244/5244
f 6578/6578 6581/6581 6583/6583
f 6582/6582 6712/6712 6721/6721
f 874/874 875/875 876/876
f 894/894 903/903 921/921
f 894/894 921/921 895/895
f 921/921 933/933 934/934
f 933/933 920/920 934/934
f 920/920 924/924 928/928
f 934/934 920/920 928/928
f 689/689 690/690 686/686
f 686/686 846/846 845/845
f 679/679 631/631 628/628
f 623/623 631/631 624/624
f 623/623 624/624 621/621
f 768/768 695/695 679/679
f 680/680 768/768 679/679
f 845/845 873/873 865/865
f 795/795 769/769 768/768
f 798/798 797/797 795/795
f 688/688 626/626 692/692
f 3410/3410 3405/3405 3406/3406
f 3406/3406 3405/3405 3404/3404
f 362/362 359/359 363/363
f 362/362 363/363 365/365
f 3404/3404 3401/3401 3403/3403
f 3403/3403 3401/3401 3402/3402
f 3434/3434 3433/3433 3435/3435
f 3443/3443 3389/3389 3449/3449
f 3449/3449 3389/3389 3388/3388
f 3449/3449 3388/3388 3456/3456
f 3455/3455 3464/3464 3461/3461
f 3468/3468 3465/3465 3943/3943
f 1730/1730 1732/1732 1728/1728
f 7397/7397 7439/7439 7435/7435
f 7435/7435 7439/7439 7440/7440
f 7391/7391 7397/7397 7393/7393
f 7393/7393 7397/7397 7435/7435
f 1823/1823 1891/1891 1866/1866
f 7389/7389 7391/7391 7393/7393
f 1880/1880 1892/1892 1891/1891
f 7384/7384 7390/7390 7389/7389
f 7382/7382 7384/7384 7383/7383
f 7380/7380 7399/7399 7382/7382
f 7379/7379 7399/7399 7380/7380
f 1953/1953 1955/1955 1963/1963
f 7414/7414 7406/7406 7379/7379
f 1953/1953 1968/1968 1961/1961
f 7414/7414 7379/7379 7377/7377
f 1968/1968 2004/2004 1991/1991
f 7376/7376 7414/7414 7374/7374
f 7414/7414 7377/7377 7374/7374
f 2004/2004 2026/2026 2015/2015
f 7368/7368 7376/7376 7374/7374
f 6897/6897 6896/6896 6895/6895
f 6895/6895 6893/6893 6984/6984
f 2026/2026 2021/2021 2015/2015
f 6282/6282 6274/6274 6272/6272
f 6272/6272 6274/6274 6273/6273
f 6984/6984 6893/6893 6753/6753
f 1842/1842 1827/1827 1828/1828
f 7370/7370 7366/7366 7369/7369
f 6284/6284 6274/6274 6282/6282
f 2021/2021 2017/2017 1982/1982
f 1982/1982 2017/2017 1922/1922
f 7371/7371 7370/7370 7438/7438
f 1912/1912 1913/1913 1849/1849
f 1849/1849 1913/1913 1848/1848
f 6647/6647 6648/6648 6710/6710
f 7054/7054 7049/7049 7056/7056
f 7056/7056 7049/7049 7061/7061
f 5246/5246 5244/5244 5242/5242
f 3951/3951 3950/3950 3953/3953
f 5242/5242 5244/5244 5243/5243
f 6595/6595 6585/6585 6583/6583
f 6583/6583 6581/6581 6584/6584
f 911/911 984/984 910/910
f 881/881 874/874 876/876
f 876/876 875/875 877/877
f 883/883 894/894 893/893
f 894/894 895/895 893/893
f 921/921 934/934 906/906
f 906/906 934/934 928/928
f 924/924 926/926 927/927
f 927/927 926/926 689/689
f 686/686 845/845 810/810
f 628/628 631/631 623/623
f 623/623 621/621 622/622
f 810/810 865/865 864/864
f 857/857 801/801 796/796
f 622/622 626/626 672/672
f 672/672 626/626 688/688
f 688/688 692/692 770/770
f 692/692 781/781 770/770
f 770/770 781/781 978/978
f 335/335 338/338 337/337
f 3432/3432 3403/3403 3402/3402
f 3432/3432 3402/3402 3433/3433
f 3432/3432 3433/3433 3434/3434
f 3443/3443 3434/3434 3435/3435
f 3434/3434 3443/3443 3442/3442
f 3452/3452 3443/3443 3449/3449
f 3455/3455 3452/3452 3456/3456
f 3452/3452 3449/3449 3456/3456
f 3451/3451 3455/3455 3454/3454
f 3455/3455 3461/3461 3454/3454
f 5859/5859 5862/5862 5860/5860
f 3461/3461 3465/3465 3463/3463
f 1854/1854 1787/1787 1864/1864
f 1730/1730 1728/1728 1727/1727
f 1823/1823 1816/1816 1737/1737
f 1737/1737 1816/1816 1730/1730
f 7388/7388 7392/7392 7384/7384
f 7384/7384 7392/7392 7390/7390
f 4099/4099 4098/4098 4101/4101
f 1786/1786 1830/1830 1831/1831
f 7399/7399 7388/7388 7382/7382
f 7382/7382 7388/7388 7384/7384
f 7379/7379 7404/7404 7399/7399
f 7406/7406 7404/7404 7379/7379
f 7421/7421 7410/7410 7406/7406
f 1941/1941 1949/1949 1955/1955
f 1941/1941 1955/1955 1953/1953
f 7414/7414 7421/7421 7406/7406
f 7421/7421 7414/7414 7376/7376
f 1961/1961 1968/1968 1991/1991
f 7419/7419 7421/7421 7376/7376
f 7419/7419 7376/7376 7368/7368
f 6902/6902 6896/6896 6897/6897
f 7365/7365 7419/7419 7368/7368
f 6272/6272 6273/6273 6265/6265
f 7365/7365 7368/7368 7366/7366
f 2015/2015 2021/2021 1982/1982
f 6639/6639 6753/6753 6640/6640
f 1845/1845 1842/1842 1843/1843
f 1922/1922 1912/1912 1850/1850
f 1850/1850 1912/1912 1849/1849
f 1849/1849 1848/1848 1843/1843
f 1848/1848 1845/1845 1843/1843
f 6639/6639 6640/6640 6638/6638
f 4115/4115 4116/4116 4141/4141
f 6638/6638 6641/6641 6644/6644
f 6641/6641 6645/6645 6644/6644
f 4145/4145 4116/4116 4146/4146
f 4083/4083 4084/4084 4082/4082
f 4084/4084 4123/4123 4082/4082
f 7057/7057 7054/7054 7056/7056
f 4082/4082 4123/4123 4121/4121
f 3953/3953 3950/3950 3952/3952
f 6883/6883 6920/6920 6919/6919
f 911/911 910/910 881/881
f 876/876 877/877 878/878
f 877/877 883/883 878/878
f 893/893 895/895 897/897
f 895/895 921/921 897/897
f 897/897 921/921 906/906
f 928/928 924/924 668/668
f 924/924 927/927 668/668
f 927/927 689/689 669/669
f 689/689 686/686 669/669
f 669/669 686/686 685/685
f 685/685 686/686 687/687
f 681/681 680/680 649/649
f 680/680 679/679 628/628
f 649/649 680/680 628/628
f 348/348 401/401 415/415
f 348/348 415/415 352/352
f 417/417 268/268 334/334
f 364/364 460/460 367/367
f 460/460 398/398 367/367
f 367/367 398/398 337/337
f 3407/3407 3406/3406 3404/3404
f 3407/3407 3404/3404 3403/3403
f 3403/3403 3432/3432 3436/3436
f 3432/3432 3434/3434 3439/3439
f 3442/3442 3439/3439 3434/3434
f 3442/3442 3443/3443 3445/3445
f 3452/3452 3445/3445 3443/3443
f 3451/3451 3445/3445 3452/3452
f 3454/3454 3461/3461 3457/3457
f 3457/3457 3461/3461 3463/3463
f 3465/3465 3468/3468 3463/3463
f 8125/8125 8121/8121 8119/8119
f 1737/1737 1730/1730 1727/1727
f 1738/1738 1737/1737 1727/1727
f 8101/8101 8065/8065 8107/8107
f 7392/7392 7388/7388 7395/7395
f 8070/8070 8101/8101 8093/8093
f 7399/7399 7396/7396 7388/7388
f 1815/1815 1830/1830 1786/1786
f 7411/7411 7410/7410 7421/7421
f 1947/1947 1948/1948 1942/1942
f 1944/1944 1947/1947 1942/1942
f 1948/1948 1949/1949 1942/1942
f 1942/1942 1949/1949 1941/1941
f 1934/1934 1953/1953 1935/1935
f 1935/1935 1953/1953 1961/1961
f 7416/7416 7411/7411 7421/7421
f 1961/1961 1991/1991 1974/1974
f 7416/7416 7421/7421 7419/7419
f 7367/7367 7416/7416 7419/7419
f 1991/1991 2015/2015 2014/2014
f 6902/6902 6897/6897 6898/6898
f 6898/6898 6897/6897 6895/6895
f 6898/6898 6895/6895 6984/6984
f 2014/2014 2015/2015 1925/1925
f 6271/6271 6272/6272 6265/6265
f 6984/6984 6753/6753 6754/6754
f 1885/1885 1982/1982 1922/1922
f 1885/1885 1922/1922 1850/1850
f 1850/1850 1849/1849 1843/1843
f 7402/7402 7371/7371 7438/7438
f 7371/7371 7402/7402 7372/7372
f 6644/6644 6645/6645 6647/6647
f 4071/4071 4084/4084 4083/4083
f 5245/5245 5246/5246 5242/5242
f 3953/3953 3952/3952 3961/3961
f 6582/6582 6721/6721 6722/6722
f 879/879 881/881 876/876
f 878/878 883/883 884/884
f 884/884 883/883 666/666
f 666/666 883/883 893/893
f 666/666 893/893 897/897
f 666/666 897/897 660/660
f 687/687 782/782 674/674
f 782/782 767/767 682/682
f 897/897 906/906 660/660
f 660/660 906/906 662/662
f 906/906 928/928 668/668
f 662/662 906/906 668/668
f 668/668 927/927 669/669
f 632/632 767/767 681/681
f 649/649 628/628 629/629
f 622/622 672/672 673/673
f 672/672 688/688 773/773
f 688/688 770/770 973/973
f 773/773 688/688 973/973
f 401/401 482/482 415/415
f 493/493 417/417 334/334
f 336/336 493/493 334/334
f 973/973 770/770 978/978
f 415/415 505/505 460/460
f 460/460 505/505 519/519
f 398/398 519/519 520/520
f 398/398 520/520 416/416
f 520/520 493/493 416/416
f 416/416 493/493 336/336
f 3407/3407 3403/3403 3436/3436
f 3436/3436 3432/3432 3437/3437
f 3437/3437 3432/3432 3439/3439
f 3437/3437 3439/3439 3440/3440
f 4120/4120 4094/4094 4096/4096
f 3440/3440 3439/3439 3442/3442
f 3450/3450 3451/3451 3454/3454
f 3450/3450 3454/3454 3457/3457
f 3466/3466 3463/3463 3468/3468
f 1854/1854 1864/1864 1893/1893
f 3468/3468 3904/3904 3470/3470
f 1840/1840 1731/1731 1854/1854
f 1715/1715 1728/1728 1723/1723
f 1723/1723 1728/1728 1731/1731
f 3899/3899 3904/3904 3905/3905
f 1738/1738 1727/1727 1726/1726
f 1715/1715 1727/1727 1728/1728
f 1739/1739 1737/1737 1738/1738
f 4097/4097 4098/4098 4099/4099
f 1742/1742 1823/1823 1737/1737
f 1773/1773 1810/1810 1743/1743
f 8070/8070 8065/8065 8101/8101
f 7405/7405 7401/7401 7404/7404
f 7404/7404 7401/7401 7399/7399
f 7401/7401 7396/7396 7399/7399
f 1774/1774 1815/1815 1786/1786
f 7408/7408 7405/7405 7410/7410
f 7410/7410 7405/7405 7404/7404
f 7411/7411 7408/7408 7410/7410
f 7412/7412 7408/7408 7411/7411
f 1941/1941 1953/1953 1934/1934
f 7416/7416 7412/7412 7411/7411
f 7423/7423 7416/7416 7367/7367
f 7362/7362 7423/7423 7367/7367
f 6903/6903 6902/6902 6898/6898
f 7365/7365 7362/7362 7367/7367
f 7361/7361 7362/7362 7365/7365
f 1851/1851 1843/1843 1859/1859
f 7361/7361 7371/7371 7358/7358
f 7372/7372 7358/7358 7371/7371
f 6647/6647 6710/6710 6726/6726
f 4072/4072 4071/4071 4074/4074
f 4074/4074 4071/4071 4083/4083
f 4628/4628 4637/4637 4636/4636
f 5242/5242 5243/5243 5241/5241
f 3962/3962 3953/3953 3961/3961
f 6586/6586 6581/6581 6582/6582
f 6586/6586 6582/6582 6722/6722
f 6721/6721 6883/6883 6722/6722
f 6722/6722 6883/6883 6882/6882
f 6883/6883 6919/6919 6918/6918
f 908/908 911/911 881/881
f 908/908 881/881 879/879
f 880/880 876/876 878/878
f 658/658 666/666 660/660
f 669/669 685/685 675/675
f 685/685 687/687 675/675
f 675/675 687/687 674/674
f 682/682 767/767 632/632
f 660/660 662/662 661/661
f 661/661 662/662 663/663
f 662/662 668/668 663/663
f 663/663 668/668 669/669
f 632/632 681/681 649/649
f 632/632 649/649 629/629
f 627/627 628/628 623/623
f 627/627 623/623 625/625
f 625/625 623/623 622/622
f 625/625 622/622 673/673
f 673/673 672/672 773/773
f 505/505 483/483 519/519
f 483/483 513/513 519/519
f 524/524 523/523 520/520
f 520/520 523/523 480/480
f 520/520 480/480 493/493
f 493/493 480/480 417/417
f 519/519 513/513 524/524
f 3411/3411 3406/3406 3408/3408
f 3408/3408 3406/3406 3407/3407
f 3407/3407 3436/3436 3409/3409
f 3409/3409 3436/3436 3438/3438
f 3438/3438 3436/3436 3437/3437
f 3440/3440 3442/3442 3444/3444
f 3444/3444 3442/3442 3445/3445
f 3444/3444 3445/3445 3450/3450
f 3445/3445 3451/3451 3450/3450
f 3881/3881 3457/3457 3466/3466
f 3470/3470 3466/3466 3468/3468
f 1717/1717 1715/1715 1723/1723
f 3897/3897 3895/3895 3899/3899
f 3896/3896 3895/3895 3897/3897
f 1726/1726 1727/1727 1715/1715
f 1737/1737 1739/1739 1740/1740
f 1743/1743 1742/1742 1741/1741
f 1742/1742 1737/1737 1741/1741
f 7401/7401 7395/7395 7396/7396
f 7405/7405 7407/7407 7401/7401
f 1819/1819 1815/1815 1774/1774
f 7407/7407 7405/7405 7408/7408
f 1943/1943 1944/1944 1942/1942
f 1935/1935 1961/1961 1932/1932
f 1932/1932 1961/1961 1974/1974
f 7423/7423 7415/7415 7416/7416
f 7415/7415 7412/7412 7416/7416
f 1974/1974 2014/2014 2013/2013
f 6903/6903 6898/6898 6904/6904
f 2013/2013 2014/2014 2011/2011
f 7360/7360 7423/7423 7362/7362
f 6269/6269 6271/6271 6265/6265
f 7360/7360 7362/7362 7357/7357
f 6754/6754 6753/6753 6639/6639
f 1925/1925 1885/1885 1863/1863
f 7357/7357 7362/7362 7361/7361
f 7358/7358 7357/7357 7361/7361
f 7372/7372 7359/7359 7358/7358
f 4143/4143 4116/4116 4145/4145
f 4075/4075 4072/4072 4074/4074
f 6986/6986 6585/6585 6697/6697
f 6697/6697 6585/6585 6595/6595
f 5245/5245 5242/5242 5235/5235
f 5235/5235 5242/5242 5241/5241
f 3962/3962 3961/3961 3963/3963
f 6882/6882 6883/6883 6918/6918
f 879/879 876/876 880/880
f 878/878 884/884 886/886
f 675/675 674/674 678/678
f 674/674 682/682 643/643
f 643/643 682/682 632/632
f 659/659 658/658 660/660
f 659/659 660/660 661/661
f 627/627 629/629 628/628
f 625/625 673/673 751/751
f 515/515 511/511 523/523
f 523/523 511/511 480/480
f 480/480 511/511 319/319
f 513/513 515/515 524/524
f 524/524 515/515 523/523
f 3409/3409 3408/3408 3407/3407
f 3438/3438 3437/3437 3441/3441
f 3440/3440 3444/3444 3446/3446
f 3446/3446 3444/3444 3450/3450
f 3453/3453 3450/3450 3457/3457
f 3466/3466 3470/3470 3891/3891
f 3895/3895 3891/3891 3470/3470
f 1713/1713 1739/1739 1726/1726
f 1752/1752 1740/1740 1713/1713
f 1740/1740 1739/1739 1713/1713
f 8058/8058 8062/8062 8065/8065
f 1751/1751 1778/1778 1773/1773
f 1762/1762 1778/1778 1751/1751
f 7401/7401 7429/7429 7395/7395
f 8085/8085 8061/8061 8093/8093
f 1786/1786 1778/1778 1762/1762
f 7407/7407 7429/7429 7401/7401
f 1774/1774 1786/1786 1762/1762
f 7409/7409 7407/7407 7408/7408
f 7413/7413 7409/7409 7408/7408
f 1943/1943 1942/1942 1939/1939
f 1939/1939 1942/1942 1941/1941
f 7424/7424 7415/7415 7423/7423
f 6905/6905 6903/6903 6904/6904
f 6281/6281 6269/6269 6264/6264
f 6264/6264 6269/6269 6265/6265
f 6904/6904 6898/6898 6984/6984
f 6904/6904 6984/6984 6754/6754
f 2011/2011 1925/1925 1918/1918
f 6282/6282 6269/6269 6281/6281
f 6637/6637 6754/6754 6639/6639
f 7462/7462 7443/7443 7460/7460
f 7387/7387 7359/7359 7402/7402
f 7402/7402 7359/7359 7372/7372
f 6644/6644 6647/6647 6636/6636
f 4141/4141 4116/4116 4143/4143
f 7058/7058 7057/7057 7056/7056
f 7056/7056 7061/7061 7060/7060
f 6697/6697 6595/6595 6594/6594
f 6594/6594 6595/6595 6583/6583
f 5235/5235 5241/5241 5240/5240
f 6584/6584 6581/6581 6586/6586
f 6882/6882 6918/6918 6921/6921
f 909/909 908/908 879/879
f 880/880 878/878 885/885
f 885/885 878/878 886/886
f 886/886 884/884 657/657
f 657/657 884/884 666/666
f 657/657 666/666 658/658
f 657/657 658/658 655/655
f 658/658 659/659 655/655
f 636/636 643/643 632/632
f 636/636 632/632 630/630
f 653/653 659/659 661/661
f 661/661 663/663 670/670
f 630/630 632/632 629/629
f 630/630 629/629 627/627
f 515/515 393/393 511/511
f 393/393 386/386 511/511
f 511/511 386/386 319/319
f 319/319 386/386 292/292
f 751/751 673/673 773/773
f 483/483 392/392 513/513
f 392/392 393/393 513/513
f 393/393 515/515 513/513
f 773/773 973/973 971/971
f 3412/3412 3411/3411 3408/3408
f 3412/3412 3408/3408 3409/3409
f 3448/3448 3409/3409 3438/3438
f 3448/3448 3438/3438 3441/3441
f 3441/3441 3437/3437 3440/3440
f 3446/3446 3450/3450 3453/3453
f 3453/3453 3457/3457 3462/3462
f 3462/3462 3457/3457 3881/3881
f 3865/3865 3462/3462 3881/3881
f 3865/3865 3881/3881 3466/3466
f 1717/1717 1723/1723 1840/1840
f 1716/1716 1715/1715 1717/1717
f 3898/3898 3896/3896 3897/3897
f 1713/1713 1726/1726 1715/1715
f 1741/1741 1752/1752 1749/1749
f 1752/1752 1713/1713 1750/1750
f 1745/1745 1743/1743 1744/1744
f 1743/1743 1741/1741 1744/1744
f 1751/1751 1773/1773 1745/1745
f 1773/1773 1743/1743 1745/1745
f 8049/8049 8054/8054 8061/8061
f 8085/8085 8094/8094 8057/8057
f 8114/8114 8094/8094 8118/8118
f 1833/1833 1819/1819 1774/1774
f 1770/1770 1833/1833 1774/1774
f 1939/1939 1941/1941 1938/1938
f 1934/1934 1935/1935 1932/1932
f 7418/7418 7417/7417 7415/7415
f 7418/7418 7415/7415 7424/7424
f 7428/7428 7424/7424 7423/7423
f 6905/6905 6904/6904 6906/6906
f 3659/3659 3649/3649 3657/3657
f 7360/7360 7428/7428 7423/7423
f 6906/6906 6904/6904 6759/6759
f 7356/7356 7428/7428 7360/7360
f 6280/6280 6281/6281 6264/6264
f 7466/7466 7461/7461 7465/7465
f 7356/7356 7360/7360 7357/7357
f 7355/7355 7357/7357 7358/7358
f 7462/7462 7465/7465 7454/7454
f 7359/7359 7355/7355 7358/7358
f 7373/7373 7359/7359 7387/7387
f 7441/7441 7373/7373 7387/7387
f 6636/6636 6647/6647 6726/6726
f 7121/7121 7122/7122 7120/7120
f 5205/5205 5203/5203 5204/5204
f 7058/7058 7056/7056 7059/7059
f 7059/7059 7056/7056 7060/7060
f 5248/5248 5245/5245 5235/5235
f 5235/5235 5240/5240 5234/5234
f 6594/6594 6583/6583 6584/6584
f 5234/5234 5240/5240 5237/5237
f 6587/6587 6584/6584 6586/6586
f 892/892 909/909 879/879
f 879/879 880/880 891/891
f 885/885 886/886 664/664
f 678/678 674/674 640/640
f 640/640 674/674 643/643
f 640/640 643/643 637/637
f 653/653 661/661 670/670
f 670/670 663/663 678/678
f 650/650 627/627 625/625
f 386/386 214/214 207/207
f 625/625 751/751 696/696
f 751/751 773/773 968/968
f 201/201 202/202 200/200
f 968/968 773/773 971/971
f 3412/3412 3414/3414 3411/3411
f 4092/4092 4120/4120 4119/4119
f 3415/3415 3412/3412 3413/3413
f 3413/3413 3412/3412 3409/3409
f 3448/3448 3413/3413 3409/3409
f 3447/3447 3441/3441 3440/3440
f 3447/3447 3440/3440 3446/3446
f 3446/3446 3453/3453 3458/3458
f 3462/3462 3865/3865 3818/3818
f 3890/3890 3865/3865 3466/3466
f 3890/3890 3466/3466 3891/3891
f 3890/3890 3891/3891 3892/3892
f 1840/1840 1870/1870 1871/1871
f 1717/1717 1840/1840 1834/1834
f 3912/3912 3891/3891 3896/3896
f 1713/1713 1715/1715 1711/1711
f 1744/1744 1741/1741 1749/1749
f 1749/1749 1752/1752 1753/1753
f 1752/1752 1750/1750 1753/1753
f 3900/3900 3898/3898 3897/3897
f 3900/3900 3901/3901 3915/3915
f 1774/1774 1762/1762 1759/1759
f 1772/1772 1833/1833 1770/1770
f 8113/8113 8081/8081 8114/8114
f 8081/8081 8079/8079 8114/8114
f 1933/1933 1934/1934 1932/1932
f 3655/3655 3649/3649 3659/3659
f 6907/6907 6905/6905 6906/6906
f 3657/3657 3649/3649 3656/3656
f 6280/6280 6264/6264 6267/6267
f 6267/6267 6264/6264 6266/6266
f 6908/6908 6906/6906 6759/6759
f 1911/1911 1875/1875 1917/1917
f 7364/7364 7355/7355 7359/7359
f 7443/7443 7434/7434 7373/7373
f 7373/7373 7364/7364 7359/7359
f 4075/4075 4074/4074 4076/4076
f 4074/4074 4083/4083 4082/4082
f 4076/4076 4074/4074 4082/4082
f 5248/5248 5235/5235 5232/5232
f 5232/5232 5235/5235 5234/5234
f 6722/6722 6882/6882 6706/6706
f 6882/6882 6921/6921 6923/6923
f 892/892 879/879 891/891
f 891/891 880/880 885/885
f 664/664 886/886 657/657
f 646/646 678/678 640/640
f 637/637 636/636 635/635
f 635/635 636/636 630/630
f 657/657 655/655 656/656
f 655/655 659/659 653/653
f 652/652 653/653 670/670
f 630/630 627/627 633/633
f 633/633 627/627 650/650
f 650/650 625/625 696/696
f 696/696 751/751 967/967
f 967/967 751/751 968/968
f 972/972 968/968 971/971
f 3417/3417 3414/3414 3416/3416
f 3416/3416 3414/3414 3412/3412
f 3416/3416 3412/3412 3415/3415
f 3471/3471 3415/3415 3413/3413
f 3471/3471 3413/3413 3448/3448
f 3469/3469 3471/3471 3448/3448
f 3469/3469 3448/3448 3441/3441
f 3459/3459 3469/3469 3441/3441
f 3459/3459 3441/3441 3447/3447
f 3460/3460 3459/3459 3447/3447
f 3460/3460 3447/3447 3446/3446
f 3460/3460 3446/3446 3458/3458
f 1132/1132 1113/1113 1108/1108
f 3818/3818 3458/3458 3462/3462
f 3864/3864 3818/3818 3865/3865
f 3877/3877 3864/3864 3865/3865
f 3880/3880 3877/3877 3865/3865
f 3880/3880 3865/3865 3890/3890
f 1724/1724 1717/1717 1834/1834
f 3892/3892 3912/3912 3902/3902
f 1716/1716 1717/1717 1724/1724
f 3913/3913 3912/3912 3898/3898
f 1711/1711 1715/1715 1716/1716
f 1712/1712 1713/1713 1711/1711
f 3926/3926 3913/3913 3900/3900
f 3900/3900 3913/3913 3898/3898
f 1758/1758 1744/1744 1749/1749
f 1749/1749 1753/1753 1706/1706
f 1753/1753 1750/1750 1712/1712
f 1750/1750 1713/1713 1712/1712
f 1746/1746 1745/1745 1744/1744
f 1746/1746 1744/1744 1758/1758
f 1748/1748 1751/1751 1745/1745
f 8056/8056 8063/8063 8062/8062
f 1762/1762 1751/1751 1748/1748
f 1770/1770 1774/1774 1759/1759
f 1939/1939 1938/1938 1937/1937
f 1931/1931 1932/1932 1930/1930
f 1945/1945 1939/1939 1940/1940
f 1927/1927 1972/1972 1928/1928
f 7425/7425 7420/7420 7424/7424
f 7420/7420 7418/7418 7424/7424
f 3649/3649 3643/3643 3648/3648
f 7352/7352 7425/7425 7424/7424
f 6907/6907 6910/6910 6916/6916
f 7352/7352 7424/7424 7428/7428
f 6907/6907 6906/6906 6908/6908
f 6268/6268 6267/6267 6266/6266
f 7352/7352 7428/7428 7356/7356
f 7454/7454 7461/7461 7447/7447
f 7356/7356 7357/7357 7355/7355
f 7350/7350 7356/7356 7355/7355
f 7454/7454 7447/7447 7434/7434
f 7354/7354 7350/7350 7355/7355
f 7364/7364 7354/7354 7355/7355
f 6636/6636 6726/6726 6727/6727
f 5232/5232 5234/5234 5233/5233
f 5234/5234 5237/5237 5236/5236
f 6586/6586 6722/6722 6706/6706
f 939/939 909/909 892/892
f 6923/6923 6921/6921 6924/6924
f 939/939 892/892 938/938
f 938/938 892/892 932/932
f 932/932 892/892 931/931
f 931/931 892/892 891/891
f 639/639 646/646 640/640
f 639/639 640/640 637/637
f 891/891 885/885 896/896
f 896/896 885/885 664/664
f 670/670 678/678 646/646
f 635/635 630/630 634/634
f 664/664 657/657 656/656
f 656/656 655/655 654/654
f 654/654 655/655 653/653
f 634/634 630/630 633/633
f 219/219 215/215 238/238
f 215/215 209/209 214/214
f 3478/3478 3415/3415 3471/3471
f 3814/3814 3460/3460 3458/3458
f 5489/5489 5511/5511 5512/5512
f 3818/3818 3814/3814 3458/3458
f 3890/3890 3892/3892 3880/3880
f 1758/1758 1749/1749 1706/1706
f 1709/1709 1753/1753 1712/1712
f 3926/3926 3900/3900 3915/3915
f 1755/1755 1762/1762 1748/1748
f 1759/1759 1762/1762 1755/1755
f 1757/1757 1759/1759 1755/1755
f 1770/1770 1759/1759 1757/1757
f 1937/1937 1938/1938 1933/1933
f 1933/1933 1932/1932 1931/1931
f 1763/1763 1772/1772 1757/1757
f 1757/1757 1772/1772 1770/1770
f 8117/8117 8031/8031 8109/8109
f 8031/8031 8064/8064 8109/8109
f 1781/1781 1927/1927 1868/1868
f 1858/1858 1865/1865 1780/1780
f 7426/7426 7420/7420 7425/7425
f 3652/3652 3611/3611 3653/3653
f 6911/6911 6910/6910 6909/6909
f 7432/7432 7425/7425 7351/7351
f 7351/7351 7425/7425 7352/7352
f 6910/6910 6907/6907 6909/6909
f 6275/6275 6268/6268 6270/6270
f 6909/6909 6907/6907 6908/6908
f 6909/6909 6908/6908 6972/6972
f 6283/6283 6267/6267 6268/6268
f 7350/7350 7352/7352 7356/7356
f 6759/6759 6754/6754 6637/6637
f 7434/7434 7430/7430 7403/7403
f 7434/7434 7403/7403 7373/7373
f 7403/7403 7364/7364 7373/7373
f 6637/6637 6639/6639 6638/6638
f 2912/2912 2910/2910 2915/2915
f 2915/2915 2910/2910 2914/2914
f 6162/6162 6163/6163 6148/6148
f 6786/6786 6697/6697 6594/6594
f 5233/5233 5234/5234 5236/5236
f 6588/6588 6586/6586 6706/6706
f 6706/6706 6882/6882 6856/6856
f 938/938 932/932 931/931
f 645/645 646/646 639/639
f 639/639 637/637 638/638
f 638/638 637/637 635/635
f 931/931 891/891 896/896
f 654/654 653/653 651/651
f 651/651 653/653 652/652
f 652/652 670/670 646/646
f 896/896 664/664 904/904
f 904/904 664/664 671/671
f 664/664 656/656 671/671
f 671/671 656/656 654/654
f 633/633 650/650 694/694
f 694/694 650/650 696/696
f 966/966 696/696 967/967
f 970/970 967/967 968/968
f 970/970 968/968 972/972
f 3418/3418 3417/3417 3416/3416
f 3420/3420 3416/3416 3415/3415
f 3420/3420 3415/3415 3478/3478
f 3476/3476 3478/3478 3471/3471
f 3476/3476 3471/3471 3469/3469
f 3472/3472 3476/3476 3469/3469
f 3472/3472 3469/3469 3459/3459
f 3817/3817 3459/3459 3460/3460
f 3814/3814 3817/3817 3460/3460
f 3812/3812 3814/3814 3818/3818
f 3819/3819 3812/3812 3818/3818
f 3826/3826 3819/3819 3818/3818
f 3826/3826 3818/3818 3864/3864
f 1060/1060 1068/1068 1063/1063
f 1729/1729 1724/1724 1834/1834
f 8099/8099 8102/8102 8103/8103
f 8102/8102 8105/8105 8103/8103
f 1708/1708 1712/1712 1711/1711
f 1706/1706 1753/1753 1709/1709
f 1709/1709 1712/1712 1708/1708
f 8088/8088 8098/8098 8099/8099
f 1758/1758 1706/1706 1704/1704
f 1754/1754 1748/1748 1747/1747
f 1755/1755 1748/1748 1754/1754
f 8060/8060 8053/8053 8047/8047
f 1757/1757 1755/1755 1756/1756
f 1936/1936 1933/1933 1931/1931
f 1780/1780 1776/1776 1767/1767
f 8106/8106 8031/8031 8117/8117
f 7427/7427 7426/7426 7425/7425
f 3673/3673 3644/3644 3645/3645
f 3645/3645 3644/3644 3612/3612
f 3656/3656 3648/3648 3658/3658
f 8148/8148 8149/8149 8145/8145
f 7427/7427 7425/7425 7432/7432
f 6912/6912 6911/6911 6909/6909
f 3656/3656 3658/3658 3664/3664
f 8140/8140 8145/8145 8144/8144
f 8140/8140 8144/8144 8142/8142
f 3665/3665 3656/3656 3664/3664
f 7347/7347 7351/7351 7348/7348
f 7348/7348 7351/7351 7352/7352
f 6283/6283 6268/6268 6278/6278
f 6278/6278 6268/6268 6275/6275
f 7447/7447 7461/7461 7450/7450
f 7348/7348 7352/7352 7350/7350
f 7349/7349 7348/7348 7350/7350
f 6736/6736 6759/6759 6637/6637
f 6736/6736 6637/6637 6627/6627
f 7353/7353 7349/7349 7350/7350
f 7364/7364 7353/7353 7354/7354
f 7353/7353 7350/7350 7354/7354
f 4101/4101 4115/4115 4139/4139
f 4139/4139 4115/4115 4141/4141
f 4077/4077 4075/4075 4076/4076
f 6148/6148 6152/6152 6149/6149
f 6786/6786 6594/6594 6593/6593
f 5249/5249 5248/5248 5232/5232
f 5233/5233 5236/5236 5238/5238
f 6705/6705 6706/6706 6856/6856
f 6923/6923 6924/6924 6922/6922
f 946/946 939/939 938/938
f 651/651 652/652 645/645
f 635/635 634/634 648/648
f 931/931 896/896 930/930
f 4093/4093 4092/4092 4119/4119
f 694/694 696/696 966/966
f 3422/3422 3428/3428 3418/3418
f 3428/3428 3417/3417 3418/3418
f 3419/3419 3418/3418 3416/3416
f 3419/3419 3416/3416 3420/3420
f 3479/3479 3420/3420 3478/3478
f 3477/3477 3479/3479 3478/3478
f 3477/3477 3478/3478 3476/3476
f 3473/3473 3472/3472 3459/3459
f 3817/3817 3473/3473 3459/3459
f 3816/3816 3817/3817 3814/3814
f 3813/3813 3816/3816 3814/3814
f 5467/5467 5470/5470 5471/5471
f 5471/5471 5470/5470 5472/5472
f 5469/5469 5470/5470 5467/5467
f 3810/3810 3813/3813 3812/3812
f 3813/3813 3814/3814 3812/3812
f 1123/1123 1120/1120 1537/1537
f 3811/3811 3810/3810 3812/3812
f 3815/3815 3811/3811 3812/3812
f 3815/3815 3812/3812 3819/3819
f 3815/3815 3819/3819 3826/3826
f 3826/3826 3864/3864 3877/3877
f 3786/3786 3877/3877 3880/3880
f 3749/3749 3786/3786 3880/3880
f 3748/3748 3749/3749 3902/3902
f 1720/1720 1716/1716 1729/1729
f 1711/1711 1716/1716 1720/1720
f 1710/1710 1708/1708 1711/1711
f 1705/1705 1706/1706 1709/1709
f 1747/1747 1746/1746 1760/1760
f 1746/1746 1758/1758 1760/1760
f 1760/1760 1758/1758 1704/1704
f 4097/4097 4099/4099 4117/4117
f 1756/1756 1755/1755 1754/1754
f 1763/1763 1757/1757 1761/1761
f 3611/3611 3610/3610 3642/3642
f 3642/3642 3610/3610 3643/3643
f 3643/3643 3610/3610 3646/3646
f 7427/7427 7442/7442 7426/7426
f 6914/6914 6911/6911 6912/6912
f 8146/8146 8148/8148 8145/8145
f 6912/6912 6909/6909 6972/6972
f 8147/8147 8146/8146 8139/8139
f 8139/8139 8146/8146 8145/8145
f 8139/8139 8145/8145 8140/8140
f 8139/8139 8140/8140 8141/8141
f 8141/8141 8140/8140 8142/8142
f 7450/7450 7461/7461 7459/7459
f 7347/7347 7348/7348 7343/7343
f 6971/6971 6972/6972 6736/6736
f 6736/6736 6972/6972 6759/6759
f 7450/7450 7422/7422 7447/7447
f 7447/7447 7422/7422 7430/7430
f 7403/7403 7353/7353 7364/7364
f 6634/6634 6637/6637 6638/6638
f 6634/6634 6638/6638 6644/6644
f 6634/6634 6644/6644 6636/6636
f 7115/7115 7120/7120 7116/7116
f 4085/4085 4082/4082 4121/4121
f 6593/6593 6594/6594 6584/6584
f 5233/5233 5238/5238 5222/5222
f 6587/6587 6586/6586 6588/6588
f 6588/6588 6706/6706 6705/6705
f 6856/6856 6923/6923 6922/6922
f 651/651 645/645 644/644
f 644/644 645/645 639/639
f 644/644 639/639 642/642
f 642/642 639/639 641/641
f 641/641 639/639 638/638
f 641/641 638/638 635/635
f 641/641 635/635 647/647
f 948/948 946/946 938/938
f 697/697 654/654 665/665
f 654/654 651/651 665/665
f 647/647 635/635 648/648
f 676/676 648/648 634/634
f 698/698 671/671 654/654
f 698/698 654/654 697/697
f 634/634 633/633 676/676
f 676/676 633/633 694/694
f 930/930 896/896 929/929
f 929/929 896/896 904/904
f 929/929 904/904 671/671
f 929/929 671/671 698/698
f 775/775 694/694 966/966
f 966/966 967/967 969/969
f 969/969 967/967 970/970
f 3424/3424 3428/3428 3422/3422
f 3479/3479 3419/3419 3420/3420
f 1265/1265 1209/1209 1192/1192
f 3481/3481 3479/3479 3477/3477
f 3472/3472 3475/3475 3476/3476
f 3824/3824 3816/3816 3813/3813
f 5471/5471 5472/5472 5488/5488
f 5472/5472 5489/5489 5488/5488
f 3810/3810 3824/3824 3813/3813
f 3809/3809 3824/3824 3810/3810
f 3809/3809 3810/3810 3808/3808
f 5468/5468 5501/5501 5466/5466
f 3811/3811 3808/3808 3810/3810
f 3823/3823 3811/3811 3815/3815
f 3823/3823 3815/3815 3826/3826
f 3825/3825 3823/3823 3826/3826
f 3825/3825 3826/3826 3877/3877
f 3825/3825 3877/3877 3786/3786
f 1055/1055 1061/1061 1060/1060
f 1846/1846 1729/1729 1836/1836
f 1809/1809 1720/1720 1729/1729
f 1710/1710 1711/1711 1720/1720
f 8096/8096 8098/8098 8089/8089
f 1704/1704 1706/1706 1705/1705
f 1705/1705 1709/1709 1708/1708
f 1754/1754 1747/1747 1685/1685
f 1946/1946 1937/1937 1950/1950
f 1937/1937 1936/1936 1951/1951
f 1958/1958 1936/1936 1931/1931
f 1958/1958 1931/1931 1960/1960
f 1761/1761 1757/1757 1756/1756
f 1960/1960 1929/1929 1975/1975
f 1764/1764 1763/1763 1761/1761
f 1764/1764 1765/1765 1763/1763
f 1909/1909 1908/1908 1769/1769
f 1769/1769 1767/1767 1768/1768
f 1768/1768 1767/1767 1766/1766
f 1766/1766 1767/1767 1765/1765
f 1766/1766 1765/1765 1764/1764
f 6977/6977 6914/6914 6915/6915
f 8004/8004 8006/8006 8011/8011
f 8003/8003 8004/8004 8005/8005
f 7795/7795 7796/7796 7792/7792
f 7792/7792 7796/7796 7793/7793
f 6275/6275 6270/6270 6261/6261
f 6912/6912 6972/6972 6971/6971
f 8143/8143 8141/8141 8142/8142
f 7450/7450 7459/7459 7451/7451
f 7347/7347 7343/7343 7342/7342
f 7450/7450 7451/7451 7422/7422
f 7353/7353 7343/7343 7349/7349
f 7430/7430 7422/7422 7403/7403
f 7403/7403 7422/7422 7353/7353
f 6636/6636 6727/6727 6728/6728
f 4144/4144 4141/4141 4143/4143
f 4080/4080 4082/4082 4085/4085
f 5249/5249 5232/5232 5219/5219
f 5232/5232 5233/5233 5222/5222
f 5219/5219 5232/5232 5222/5222
f 5222/5222 5238/5238 5239/5239
f 6724/6724 6705/6705 6856/6856
f 6857/6857 6856/6856 6922/6922
f 665/665 651/651 644/644
f 948/948 938/938 943/943
f 943/943 938/938 931/931
f 936/936 929/929 698/698
f 775/775 676/676 694/694
f 421/421 266/266 422/422
f 3421/3421 3422/3422 3418/3418
f 3421/3421 3418/3418 3419/3419
f 1486/1486 1360/1360 1479/1479
f 1479/1479 1478/1478 1378/1378
f 1478/1478 1265/1265 1378/1378
f 3480/3480 3419/3419 3479/3479
f 3480/3480 3479/3479 3481/3481
f 3490/3490 3481/3481 3477/3477
f 3475/3475 3477/3477 3476/3476
f 3474/3474 3475/3475 3472/3472
f 3474/3474 3472/3472 3473/3473
f 3473/3473 3817/3817 3827/3827
f 3827/3827 3817/3817 3816/3816
f 5515/5515 5488/5488 5513/5513
f 3828/3828 3827/3827 3816/3816
f 3828/3828 3816/3816 3824/3824
f 3806/3806 3807/3807 3808/3808
f 3808/3808 3807/3807 3809/3809
f 4096/4096 4097/4097 4118/4118
f 3820/3820 3806/3806 3808/3808
f 3820/3820 3808/3808 3811/3811
f 3811/3811 3823/3823 3792/3792
f 3792/3792 3823/3823 3825/3825
f 3746/3746 3786/3786 3749/3749
f 1053/1053 1061/1061 1055/1055
f 8096/8096 8116/8116 8102/8102
f 1684/1684 1754/1754 1685/1685
f 1975/1975 1908/1908 1910/1910
f 1699/1699 1764/1764 1761/1761
f 1910/1910 1908/1908 1909/1909
f 3611/3611 3608/3608 3610/3610
f 3609/3609 3604/3604 3612/3612
f 6970/6970 6915/6915 6912/6912
f 6970/6970 6912/6912 6971/6971
f 7794/7794 7793/7793 7798/7798
f 6970/6970 6971/6971 6736/6736
f 7341/7341 7342/7342 7343/7343
f 6626/6626 6736/6736 6627/6627
f 7422/7422 7363/7363 7353/7353
f 4139/4139 4141/4141 4142/4142
f 6634/6634 6636/6636 6635/6635
f 6635/6635 6636/6636 6728/6728
f 4144/4144 4143/4143 4228/4228
f 4078/4078 4077/4077 4076/4076
f 4076/4076 4082/4082 4080/4080
f 4078/4078 4076/4076 4080/4080
f 6772/6772 6786/6786 6593/6593
f 5251/5251 5249/5249 5219/5219
f 6705/6705 6724/6724 6597/6597
f 6724/6724 6856/6856 6857/6857
f 665/665 644/644 667/667
f 667/667 644/644 642/642
f 642/642 641/641 667/667
f 684/684 641/641 647/647
f 684/684 647/647 758/758
f 758/758 647/647 648/648
f 648/648 676/676 789/789
f 6922/6922 6877/6877 6878/6878
f 698/698 697/697 950/950
f 789/789 676/676 790/790
f 676/676 775/775 790/790
f 936/936 698/698 945/945
f 945/945 698/698 950/950
f 790/790 775/775 965/965
f 943/943 931/931 941/941
f 931/931 930/930 941/941
f 941/941 930/930 940/940
f 940/940 930/930 929/929
f 965/965 775/775 966/966
f 965/965 966/966 969/969
f 3423/3423 3424/3424 3422/3422
f 3421/3421 3423/3423 3422/3422
f 3482/3482 3419/3419 3480/3480
f 1238/1238 1503/1503 1544/1544
f 3485/3485 3482/3482 3480/3480
f 3485/3485 3480/3480 3481/3481
f 3486/3486 3485/3485 3481/3481
f 3486/3486 3481/3481 3490/3490
f 3594/3594 3490/3490 3477/3477
f 3594/3594 3477/3477 3593/3593
f 3593/3593 3477/3477 3475/3475
f 3874/3874 3827/3827 3828/3828
f 5457/5457 5466/5466 5465/5465
f 5466/5466 5467/5467 5465/5465
f 5455/5455 5468/5468 5457/5457
f 3805/3805 3807/3807 3806/3806
f 3805/3805 3806/3806 3804/3804
f 3804/3804 3806/3806 3820/3820
f 3822/3822 3820/3820 3811/3811
f 3822/3822 3811/3811 3792/3792
f 3792/3792 3825/3825 3746/3746
f 3746/3746 3825/3825 3786/3786
f 8089/8089 8077/8077 8096/8096
f 1707/1707 1708/1708 1710/1710
f 1705/1705 1708/1708 1707/1707
f 1695/1695 1747/1747 1760/1760
f 1695/1695 1760/1760 1704/1704
f 1956/1956 1946/1946 1950/1950
f 1950/1950 1951/1951 1952/1952
f 1685/1685 1747/1747 1695/1695
f 1983/1983 1946/1946 1956/1956
f 1951/1951 1936/1936 1958/1958
f 1756/1756 1754/1754 1684/1684
f 1984/1984 1946/1946 1983/1983
f 1690/1690 1761/1761 1756/1756
f 1976/1976 1975/1975 1910/1910
f 1910/1910 1909/1909 1769/1769
f 1910/1910 1769/1769 1771/1771
f 3609/3609 3605/3605 3604/3604
f 3612/3612 3604/3604 3611/3611
f 1771/1771 1769/1769 1768/1768
f 1768/1768 1766/1766 1700/1700
f 1771/1771 1768/1768 1700/1700
f 1766/1766 1764/1764 1700/1700
f 1700/1700 1764/1764 1699/1699
f 7341/7341 7344/7344 7342/7342
f 7451/7451 7433/7433 7422/7422
f 7341/7341 7363/7363 7394/7394
f 7422/7422 7433/7433 7394/7394
f 7422/7422 7394/7394 7363/7363
f 6622/6622 6627/6627 6637/6637
f 6622/6622 6637/6637 6634/6634
f 7117/7117 7116/7116 7118/7118
f 5533/5533 5534/5534 5532/5532
f 6162/6162 6148/6148 6147/6147
f 6147/6147 6148/6148 6149/6149
f 6147/6147 6149/6149 6150/6150
f 6584/6584 6587/6587 6593/6593
f 5222/5222 5239/5239 5220/5220
f 5219/5219 5222/5222 5220/5220
f 6588/6588 6705/6705 6597/6597
f 693/693 665/665 667/667
f 691/691 667/667 641/641
f 691/691 641/641 684/684
f 776/776 697/697 665/665
f 776/776 665/665 693/693
f 758/758 648/648 789/789
f 6857/6857 6922/6922 6878/6878
f 950/950 697/697 776/776
f 6878/6878 6877/6877 6868/6868
f 6868/6868 6877/6877 6869/6869
f 949/949 948/948 943/943
f 983/983 965/965 969/969
f 3425/3425 3424/3424 3423/3423
f 1534/1534 1489/1489 1515/1515
f 3483/3483 3423/3423 3421/3421
f 3483/3483 3421/3421 3419/3419
f 1250/1250 1486/1486 1255/1255
f 3482/3482 3483/3483 3419/3419
f 1518/1518 1504/1504 1486/1486
f 1518/1518 1544/1544 1504/1504
f 3484/3484 3482/3482 3485/3485
f 3584/3584 3486/3486 3490/3490
f 3584/3584 3490/3490 3594/3594
f 3593/3593 3475/3475 3474/3474
f 3827/3827 3474/3474 3473/3473
f 5492/5492 5465/5465 5467/5467
f 3803/3803 3805/3805 3804/3804
f 5478/5478 5500/5500 5455/5455
f 3802/3802 3803/3803 3804/3804
f 3822/3822 3792/3792 3785/3785
f 3785/3785 3792/3792 3746/3746
f 3745/3745 3785/3785 3746/3746
f 3745/3745 3746/3746 3744/3744
f 1820/1820 1809/1809 1841/1841
f 1720/1720 1809/1809 1820/1820
f 8077/8077 8097/8097 8096/8096
f 3761/3761 3742/3742 3762/3762
f 1703/1703 1705/1705 1707/1707
f 1695/1695 1704/1704 1703/1703
f 1959/1959 1960/1960 1962/1962
f 1998/1998 1975/1975 1976/1976
f 1688/1688 1690/1690 1756/1756
f 1699/1699 1761/1761 1690/1690
f 6979/6979 6978/6978 6915/6915
f 8052/8052 8010/8010 8082/8082
f 6970/6970 6736/6736 6745/6745
f 6745/6745 6736/6736 6626/6626
f 7345/7345 7346/7346 7344/7344
f 7341/7341 7345/7345 7344/7344
f 4085/4085 4121/4121 4122/4122
f 5251/5251 5219/5219 5223/5223
f 5223/5223 5219/5219 5221/5221
f 5219/5219 5220/5220 5221/5221
f 6592/6592 6593/6593 6587/6587
f 5221/5221 5220/5220 5231/5231
f 6587/6587 6588/6588 6589/6589
f 693/693 667/667 754/754
f 754/754 667/667 691/691
f 691/691 684/684 771/771
f 771/771 684/684 758/758
f 789/789 790/790 960/960
f 945/945 950/950 776/776
f 790/790 965/965 963/963
f 942/942 929/929 936/936
f 440/440 257/257 380/380
f 3427/3427 3429/3429 3425/3425
f 3426/3426 3425/3425 3423/3423
f 3426/3426 3423/3423 3483/3483
f 3484/3484 3483/3483 3482/3482
f 1548/1548 1226/1226 1530/1530
f 1530/1530 1370/1370 1545/1545
f 1545/1545 1370/1370 1544/1544
f 3489/3489 3484/3484 3485/3485
f 3488/3488 3489/3489 3485/3485
f 3488/3488 3485/3485 3486/3486
f 3584/3584 3488/3488 3486/3486
f 3488/3488 3584/3584 3618/3618
f 2051/2051 2052/2052 2050/2050
f 2050/2050 2052/2052 2053/2053
f 3830/3830 3827/3827 3874/3874
f 3875/3875 3874/3874 3828/3828
f 5456/5456 5457/5457 5465/5465
f 3911/3911 3875/3875 3807/3807
f 5455/5455 5457/5457 5456/5456
f 5477/5477 5478/5478 5454/5454
f 5454/5454 5478/5478 5455/5455
f 3801/3801 3803/3803 3802/3802
f 1145/1145 1389/1389 1465/1465
f 3801/3801 3802/3802 3799/3799
f 3799/3799 3802/3802 3821/3821
f 3821/3821 3802/3802 3804/3804
f 3821/3821 3804/3804 3820/3820
f 3821/3821 3820/3820 3822/3822
f 3785/3785 3821/3821 3822/3822
f 1037/1037 1072/1072 1051/1051
f 1962/1962 1960/1960 1975/1975
f 1962/1962 1975/1975 1998/1998
f 1688/1688 1756/1756 1684/1684
f 3608/3608 3601/3601 3610/3610
f 2001/2001 1976/1976 1910/1910
f 6980/6980 6978/6978 6979/6979
f 2001/2001 1910/1910 1904/1904
f 1693/1693 1699/1699 1690/1690
f 1904/1904 1910/1910 1771/1771
f 6979/6979 6915/6915 6967/6967
f 1771/1771 1700/1700 1725/1725
f 1725/1725 1700/1700 1698/1698
f 1700/1700 1699/1699 1698/1698
f 1698/1698 1699/1699 1693/1693
f 6915/6915 6970/6970 6967/6967
f 6967/6967 6970/6970 6745/6745
f 8124/8124 8072/8072 8122/8122
f 8115/8115 8122/8122 8072/8072
f 8072/8072 8111/8111 8115/8115
f 6626/6626 6627/6627 6622/6622
f 4142/4142 4141/4141 4144/4144
f 6772/6772 6593/6593 6592/6592
f 4122/4122 4121/4121 4093/4093
f 4122/4122 4093/4093 4119/4119
f 955/955 776/776 693/693
f 955/955 693/693 754/754
f 771/771 758/758 959/959
f 758/758 789/789 959/959
f 6724/6724 6857/6857 6818/6818
f 960/960 790/790 963/963
f 6818/6818 6878/6878 6868/6868
f 942/942 936/936 945/945
f 3430/3430 3429/3429 3427/3427
f 940/940 929/929 942/942
f 944/944 941/941 940/940
f 3426/3426 3427/3427 3425/3425
f 3491/3491 3426/3426 3487/3487
f 3487/3487 3426/3426 3483/3483
f 3492/3492 3491/3491 3487/3487
f 3487/3487 3483/3483 3484/3484
f 1342/1342 1545/1545 1249/1249
f 1545/1545 1518/1518 1249/1249
f 3492/3492 3487/3487 3489/3489
f 1225/1225 1548/1548 1547/1547
f 1546/1546 1225/1225 1547/1547
f 1548/1548 1530/1530 1547/1547
f 8303/8303 8301/8301 8300/8300
f 8300/8300 8301/8301 8302/8302
f 3487/3487 3484/3484 3489/3489
f 3494/3494 3492/3492 3489/3489
f 3494/3494 3489/3489 3488/3488
f 3618/3618 3584/3584 3688/3688
f 3688/3688 3584/3584 3687/3687
f 3687/3687 3584/3584 3594/3594
f 3686/3686 3594/3594 3593/3593
f 3829/3829 3593/3593 3474/3474
f 3829/3829 3474/3474 3827/3827
f 3873/3873 3830/3830 3874/3874
f 3873/3873 3874/3874 3875/3875
f 3911/3911 3872/3872 3875/3875
f 5456/5456 5465/5465 5487/5487
f 5444/5444 5455/5455 5456/5456
f 5454/5454 5455/5455 5444/5444
f 5441/5441 5477/5477 5454/5454
f 3800/3800 3803/3803 3801/3801
f 5461/5461 5477/5477 5441/5441
f 3799/3799 3800/3800 3801/3801
f 3799/3799 3821/3821 3789/3789
f 3789/3789 3821/3821 3785/3785
f 3773/3773 3789/3789 3785/3785
f 3745/3745 3773/3773 3785/3785
f 3743/3743 3773/3773 3745/3745
f 3743/3743 3745/3745 3744/3744
f 3743/3743 3744/3744 3742/3742
f 3733/3733 3743/3743 3742/3742
f 1707/1707 1719/1719 1721/1721
f 1983/1983 1956/1956 1989/1989
f 1692/1692 1703/1703 1721/1721
f 1721/1721 1703/1703 1707/1707
f 1695/1695 1703/1703 1692/1692
f 1685/1685 1695/1695 1692/1692
f 1686/1686 1685/1685 1692/1692
f 1684/1684 1685/1685 1686/1686
f 1998/1998 1976/1976 2001/2001
f 3654/3654 3600/3600 3605/3605
f 3600/3600 3599/3599 3604/3604
f 3605/3605 3600/3600 3604/3604
f 3604/3604 3601/3601 3608/3608
f 6980/6980 6979/6979 6981/6981
f 1904/1904 1771/1771 1725/1725
f 6966/6966 6979/6979 6967/6967
f 6746/6746 6967/6967 6745/6745
f 4264/4264 4269/4269 4268/4268
f 4607/4607 4623/4623 4605/4605
f 5221/5221 5231/5231 5224/5224
f 5223/5223 5221/5221 5224/5224
f 6589/6589 6592/6592 6587/6587
f 6588/6588 6597/6597 6590/6590
f 955/955 754/754 956/956
f 956/956 754/754 691/691
f 957/957 691/691 771/771
f 957/957 771/771 958/958
f 771/771 959/959 958/958
f 954/954 776/776 955/955
f 960/960 959/959 789/789
f 953/953 945/945 776/776
f 974/974 960/960 979/979
f 979/979 960/960 963/963
f 953/953 942/942 945/945
f 3431/3431 3430/3430 3427/3427
f 947/947 942/942 953/953
f 6868/6868 6869/6869 6867/6867
f 949/949 943/943 951/951
f 943/943 941/941 944/944
f 951/951 943/943 944/944
f 944/944 940/940 942/942
f 3493/3493 3427/3427 3426/3426
f 3493/3493 3426/3426 3491/3491
f 1480/1480 1489/1489 1459/1459
f 1252/1252 1549/1549 1342/1342
f 3506/3506 3507/3507 3508/3508
f 3507/3507 3491/3491 3492/3492
f 3508/3508 3507/3507 3492/3492
f 1546/1546 1547/1547 1543/1543
f 8304/8304 8303/8303 8300/8300
f 3506/3506 3508/3508 3525/3525
f 3690/3690 3506/3506 3525/3525
f 3525/3525 3508/3508 3494/3494
f 3508/3508 3492/3492 3494/3494
f 3718/3718 3525/3525 3696/3696
f 3525/3525 3494/3494 3488/3488
f 3696/3696 3525/3525 3488/3488
f 3695/3695 3696/3696 3488/3488
f 3695/3695 3488/3488 3618/3618
f 3695/3695 3618/3618 3688/3688
f 3686/3686 3687/3687 3594/3594
f 3829/3829 3686/3686 3593/3593
f 3829/3829 3827/3827 3830/3830
f 4118/4118 4120/4120 4096/4096
f 3872/3872 3873/3873 3875/3875
f 3885/3885 3911/3911 3803/3803
f 5441/5441 5454/5454 5444/5444
f 5443/5443 5441/5441 5444/5444
f 5460/5460 5461/5461 5438/5438
f 5438/5438 5461/5461 5441/5441
f 5503/5503 5461/5461 5460/5460
f 3798/3798 3800/3800 3799/3799
f 3797/3797 3798/3798 3799/3799
f 3790/3790 3797/3797 3799/3799
f 4118/4118 4097/4097 4117/4117
f 3789/3789 3790/3790 3799/3799
f 3775/3775 3790/3790 3789/3789
f 3775/3775 3789/3789 3773/3773
f 3775/3775 3773/3773 3743/3743
f 1031/1031 1037/1037 1030/1030
f 1028/1028 1031/1031 1030/1030
f 3732/3732 3733/3733 3742/3742
f 1718/1718 1721/1721 1822/1822
f 8092/8092 8097/8097 8076/8076
f 1702/1702 1692/1692 1718/1718
f 1692/1692 1721/1721 1718/1718
f 1994/1994 1962/1962 1998/1998
f 1686/1686 1692/1692 1702/1702
f 1687/1687 1684/1684 1686/1686
f 3610/3610 3603/3603 3647/3647
f 1689/1689 1688/1688 1687/1687
f 1688/1688 1684/1684 1687/1687
f 3600/3600 3654/3654 3675/3675
f 1690/1690 1688/1688 1689/1689
f 6982/6982 6980/6980 6981/6981
f 1691/1691 1690/1690 1689/1689
f 1905/1905 2001/2001 1904/1904
f 1693/1693 1690/1690 1691/1691
f 6966/6966 6967/6967 6746/6746
f 1904/1904 1725/1725 1775/1775
f 1725/1725 1698/1698 1697/1697
f 1698/1698 1693/1693 1697/1697
f 8129/8129 8120/8120 8123/8123
f 6746/6746 6745/6745 6626/6626
f 4099/4099 4101/4101 4139/4139
f 6633/6633 6634/6634 6635/6635
f 6729/6729 6635/6635 6728/6728
f 7119/7119 7117/7117 7118/7118
f 6156/6156 6147/6147 6151/6151
f 6151/6151 6147/6147 6150/6150
f 5223/5223 5224/5224 5225/5225
f 6589/6589 6588/6588 6590/6590
f 6590/6590 6597/6597 6683/6683
f 956/956 691/691 957/957
f 6683/6683 6597/6597 6725/6725
f 955/955 956/956 954/954
f 958/958 959/959 974/974
f 953/953 954/954 977/977
f 974/974 959/959 960/960
f 6725/6725 6724/6724 6818/6818
f 3496/3496 3431/3431 3427/3427
f 3496/3496 3427/3427 3493/3493
f 952/952 949/949 951/951
f 944/944 942/942 947/947
f 3495/3495 3496/3496 3493/3493
f 3495/3495 3493/3493 3491/3491
f 3505/3505 3495/3495 3507/3507
f 3495/3495 3491/3491 3507/3507
f 1543/1543 1549/1549 1252/1252
f 3500/3500 3505/3505 3506/3506
f 3506/3506 3505/3505 3507/3507
f 1264/1264 1243/1243 1550/1550
f 1550/1550 1243/1243 1546/1546
f 1550/1550 1546/1546 1527/1527
f 1527/1527 1546/1546 1543/1543
f 3521/3521 3500/3500 3506/3506
f 3521/3521 3506/3506 3690/3690
f 3690/3690 3525/3525 3718/3718
f 3718/3718 3696/3696 3713/3713
f 3696/3696 3695/3695 3713/3713
f 3694/3694 3688/3688 3687/3687
f 3694/3694 3687/3687 3686/3686
f 3935/3935 3686/3686 3829/3829
f 3872/3872 3830/3830 3873/3873
f 5474/5474 5456/5456 5487/5487
f 5463/5463 5444/5444 5474/5474
f 5444/5444 5456/5456 5474/5474
f 5440/5440 5438/5438 5441/5441
f 5440/5440 5441/5441 5443/5443
f 5438/5438 5459/5459 5460/5460
f 3796/3796 3798/3798 3797/3797
f 3794/3794 3797/3797 3783/3783
f 3783/3783 3797/3797 3790/3790
f 3790/3790 3775/3775 3776/3776
f 3733/3733 3776/3776 3775/3775
f 3775/3775 3743/3743 3733/3733
f 1971/1971 1959/1959 1967/1967
f 3729/3729 3732/3732 3758/3758
f 1701/1701 1686/1686 1702/1702
f 8112/8112 8092/8092 8073/8073
f 3600/3600 3597/3597 3599/3599
f 3599/3599 3597/3597 3595/3595
f 3599/3599 3595/3595 3601/3601
f 1994/1994 1998/1998 2001/2001
f 1687/1687 1686/1686 1701/1701
f 1694/1694 1689/1689 1687/1687
f 6252/6252 6256/6256 6253/6253
f 6285/6285 6256/6256 6252/6252
f 6982/6982 6981/6981 6966/6966
f 1905/1905 1904/1904 1775/1775
f 1905/1905 1775/1775 1777/1777
f 1693/1693 1691/1691 1697/1697
f 1775/1775 1725/1725 1697/1697
f 6747/6747 6746/6746 6625/6625
f 6625/6625 6746/6746 6626/6626
f 6622/6622 6634/6634 6621/6621
f 6633/6633 6635/6635 6729/6729
f 5194/5194 5197/5197 5195/5195
f 4081/4081 4078/4078 4080/4080
f 4081/4081 4080/4080 4085/4085
f 6544/6544 6772/6772 6592/6592
f 4607/4607 4605/4605 4603/4603
f 4603/4603 4605/4605 4604/4604
f 5226/5226 5223/5223 5225/5225
f 6592/6592 6589/6589 6596/6596
f 961/961 954/954 956/956
f 961/961 956/956 957/957
f 975/975 957/957 958/958
f 958/958 974/974 985/985
f 6725/6725 6818/6818 6713/6713
f 3592/3592 3641/3641 3497/3497
f 3497/3497 3641/3641 3431/3431
f 3497/3497 3431/3431 3496/3496
f 980/980 947/947 953/953
f 980/980 953/953 977/977
f 6868/6868 6867/6867 6865/6865
f 6818/6818 6868/6868 6865/6865
f 3497/3497 3496/3496 3495/3495
f 982/982 944/944 981/981
f 981/981 944/944 947/947
f 981/981 947/947 980/980
f 951/951 944/944 982/982
f 3500/3500 3495/3495 3505/3505
f 1527/1527 1543/1543 1195/1195
f 1464/1464 1264/1264 1550/1550
f 1196/1196 1464/1464 1550/1550
f 3502/3502 3500/3500 3521/3521
f 1199/1199 1258/1258 1464/1464
f 3521/3521 3690/3690 3719/3719
f 3719/3719 3690/3690 3718/3718
f 3710/3710 3713/3713 3695/3695
f 3695/3695 3688/3688 3694/3694
f 3710/3710 3695/3695 3694/3694
f 3707/3707 3694/3694 3686/3686
f 3885/3885 3861/3861 3872/3872
f 5474/5474 5487/5487 5504/5504
f 5453/5453 5443/5443 5463/5463
f 5443/5443 5444/5444 5463/5463
f 5440/5440 5443/5443 5453/5453
f 5436/5436 5459/5459 5438/5438
f 3795/3795 3796/3796 3794/3794
f 3791/3791 3795/3795 3794/3794
f 3783/3783 3791/3791 3794/3794
f 1989/1989 1981/1981 2007/2007
f 3727/3727 3776/3776 3733/3733
f 1971/1971 1967/1967 1985/1985
f 3727/3727 3733/3733 3732/3732
f 3727/3727 3732/3732 3729/3729
f 1967/1967 1962/1962 1987/1987
f 1987/1987 1962/1962 1993/1993
f 1962/1962 1994/1994 1993/1993
f 1701/1701 1702/1702 1734/1734
f 3601/3601 3595/3595 3603/3603
f 8038/8038 8095/8095 8073/8073
f 8095/8095 8112/8112 8073/8073
f 3598/3598 3597/3597 3600/3600
f 3675/3675 3598/3598 3600/3600
f 1993/1993 1905/1905 1999/1999
f 1696/1696 1687/1687 1722/1722
f 1722/1722 1687/1687 1701/1701
f 1694/1694 1687/1687 1696/1696
f 1691/1691 1689/1689 1696/1696
f 1689/1689 1694/1694 1696/1696
f 6965/6965 6982/6982 6966/6966
f 1900/1900 1905/1905 1777/1777
f 1697/1697 1691/1691 1714/1714
f 6628/6628 6747/6747 6625/6625
f 6625/6625 6626/6626 6622/6622
f 5533/5533 5532/5532 5523/5523
f 5523/5523 5532/5532 5528/5528
f 6151/6151 6150/6150 6153/6153
f 6155/6155 6156/6156 6151/6151
f 961/961 957/957 975/975
f 976/976 954/954 961/961
f 975/975 958/958 985/985
f 6683/6683 6725/6725 6713/6713
f 977/977 954/954 976/976
f 3499/3499 3592/3592 3497/3497
f 3498/3498 3499/3499 3497/3497
f 3498/3498 3497/3497 3495/3495
f 6865/6865 6867/6867 6866/6866
f 3498/3498 3495/3495 3500/3500
f 3501/3501 3498/3498 3500/3500
f 952/952 951/951 992/992
f 992/992 951/951 990/990
f 990/990 951/951 982/982
f 3503/3503 3501/3501 3502/3502
f 3501/3501 3500/3500 3502/3502
f 3503/3503 3502/3502 3691/3691
f 1253/1253 1218/1218 1266/1266
f 3691/3691 3502/3502 3521/3521
f 3719/3719 3718/3718 3703/3703
f 3703/3703 3718/3718 3713/3713
f 4119/4119 4120/4120 4118/4118
f 3710/3710 3694/3694 3707/3707
f 3935/3935 3707/3707 3686/3686
f 3832/3832 3935/3935 3829/3829
f 3831/3831 3832/3832 3829/3829
f 3831/3831 3829/3829 3830/3830
f 3861/3861 3831/3831 3830/3830
f 3867/3867 3861/3861 3885/3885
f 3798/3798 3867/3867 3885/3885
f 5453/5453 5463/5463 5493/5493
f 5493/5493 5463/5463 5474/5474
f 5439/5439 5440/5440 5453/5453
f 5437/5437 5436/5436 5438/5438
f 5437/5437 5438/5438 5439/5439
f 5439/5439 5438/5438 5440/5440
f 5434/5434 5451/5451 5436/5436
f 1086/1086 1151/1151 1087/1087
f 3783/3783 3790/3790 3776/3776
f 3781/3781 3783/3783 3776/3776
f 3781/3781 3776/3776 3727/3727
f 3726/3726 3727/3727 3729/3729
f 1025/1025 1071/1071 1023/1023
f 3751/3751 3726/3726 3729/3729
f 3598/3598 3596/3596 3597/3597
f 6999/6999 7001/7001 7000/7000
f 3596/3596 3595/3595 3597/3597
f 3595/3595 3569/3569 3603/3603
f 3603/3603 3602/3602 3613/3613
f 1722/1722 1701/1701 1839/1839
f 3752/3752 3726/3726 3751/3751
f 7000/7000 7001/7001 6982/6982
f 7000/7000 6982/6982 6989/6989
f 8037/8037 8095/8095 8038/8038
f 6989/6989 6982/6982 6965/6965
f 1714/1714 1691/1691 1696/1696
f 6965/6965 6966/6966 6747/6747
f 1777/1777 1697/1697 1714/1714
f 1855/1855 1777/1777 1714/1714
f 4117/4117 4099/4099 4139/4139
f 2905/2905 2903/2903 2906/2906
f 2903/2903 2905/2905 2901/2901
f 4142/4142 4144/4144 4222/4222
f 4142/4142 4222/4222 4221/4221
f 6546/6546 6592/6592 6596/6596
f 5226/5226 5225/5225 5227/5227
f 4620/4620 4609/4609 4618/4618
f 6591/6591 6589/6589 6590/6590
f 986/986 961/961 975/975
f 6683/6683 6713/6713 6599/6599
f 976/976 961/961 989/989
f 989/989 961/961 986/986
f 993/993 986/986 975/975
f 993/993 975/975 985/985
f 977/977 976/976 987/987
f 987/987 976/976 989/989
f 3531/3531 3592/3592 3499/3499
f 3511/3511 3531/3531 3499/3499
f 6713/6713 6818/6818 6865/6865
f 980/980 977/977 987/987
f 3511/3511 3499/3499 3498/3498
f 988/988 980/980 987/987
f 981/981 980/980 988/988
f 3504/3504 3498/3498 3501/3501
f 994/994 952/952 992/992
f 3509/3509 3504/3504 3503/3503
f 3504/3504 3501/3501 3503/3503
f 3509/3509 3503/3503 3614/3614
f 3614/3614 3503/3503 3691/3691
f 3691/3691 3521/3521 3719/3719
f 3716/3716 3691/3691 3719/3719
f 3941/3941 3710/3710 3707/3707
f 5507/5507 5474/5474 5504/5504
f 3894/3894 3867/3867 3798/3798
f 5434/5434 5436/5436 5435/5435
f 5435/5435 5436/5436 5437/5437
f 5446/5446 5451/5451 5434/5434
f 3782/3782 3788/3788 3791/3791
f 3782/3782 3791/3791 3783/3783
f 3781/3781 3782/3782 3783/3783
f 3774/3774 3782/3782 3781/3781
f 3725/3725 3774/3774 3781/3781
f 3724/3724 3774/3774 3725/3725
f 3725/3725 3781/3781 3727/3727
f 3722/3722 3724/3724 3725/3725
f 3722/3722 3725/3725 3726/3726
f 6998/6998 6999/6999 6990/6990
f 3596/3596 3567/3567 3595/3595
f 3595/3595 3567/3567 3569/3569
f 3603/3603 3569/3569 3602/3602
f 1987/1987 1993/1993 1995/1995
f 1003/1003 1025/1025 1020/1020
f 6990/6990 6999/6999 7000/7000
f 1855/1855 1714/1714 1878/1878
f 1013/1013 1076/1076 1006/1006
f 8036/8036 8074/8074 8035/8035
f 8134/8134 8137/8137 8138/8138
f 8120/8120 8138/8138 8128/8128
f 6620/6620 6625/6625 6622/6622
f 6621/6621 6634/6634 6633/6633
f 6633/6633 6729/6729 6770/6770
f 4609/4609 4607/4607 4603/4603
f 5226/5226 5227/5227 5228/5228
f 6599/6599 6590/6590 6683/6683
f 989/989 986/986 997/997
f 3576/3576 3670/3670 3517/3517
f 3517/3517 3670/3670 3531/3531
f 3511/3511 3517/3517 3531/3531
f 3676/3676 3685/3685 3581/3581
f 3581/3581 3685/3685 3576/3576
f 987/987 989/989 996/996
f 3517/3517 3511/3511 3510/3510
f 3510/3510 3511/3511 3498/3498
f 6713/6713 6865/6865 6839/6839
f 988/988 987/987 996/996
f 3512/3512 3510/3510 3504/3504
f 3510/3510 3498/3498 3504/3504
f 6839/6839 6865/6865 6866/6866
f 3512/3512 3504/3504 3513/3513
f 995/995 994/994 992/992
f 990/990 982/982 991/991
f 982/982 981/981 991/991
f 991/991 981/981 988/988
f 3513/3513 3504/3504 3509/3509
f 3582/3582 3679/3679 3678/3678
f 3587/3587 3509/3509 3614/3614
f 3614/3614 3691/3691 3716/3716
f 3716/3716 3719/3719 3703/3703
f 3704/3704 3703/3703 3713/3713
f 3704/3704 3713/3713 3710/3710
f 3704/3704 3710/3710 3941/3941
f 3924/3924 3941/3941 3707/3707
f 3924/3924 3707/3707 3935/3935
f 3832/3832 3924/3924 3935/3935
f 5458/5458 5439/5439 5453/5453
f 5437/5437 5439/5439 5458/5458
f 5435/5435 5437/5437 5458/5458
f 5431/5431 5446/5446 5434/5434
f 5433/5433 5434/5434 5435/5435
f 5450/5450 5446/5446 5431/5431
f 5430/5430 5450/5450 5431/5431
f 3784/3784 3787/3787 3782/3782
f 3784/3784 3782/3782 3774/3774
f 6235/6235 6247/6247 6246/6246
f 3731/3731 3722/3722 3726/3726
f 6989/6989 6965/6965 6748/6748
f 6748/6748 6965/6965 6747/6747
f 6748/6748 6747/6747 6628/6628
f 8100/8100 8074/8074 8036/8036
f 8068/8068 8100/8100 8036/8036
f 6628/6628 6625/6625 6620/6620
f 8075/8075 8078/8078 8046/8046
f 5197/5197 5201/5201 5200/5200
f 5523/5523 5528/5528 5520/5520
f 4081/4081 4085/4085 4086/4086
f 4086/4086 4085/4085 4195/4195
f 6154/6154 6151/6151 6153/6153
f 6544/6544 6592/6592 6546/6546
f 4602/4602 4603/4603 4604/4604
f 5226/5226 5228/5228 5230/5230
f 6590/6590 6599/6599 6591/6591
f 3581/3581 3576/3576 3524/3524
f 3524/3524 3576/3576 3518/3518
f 3518/3518 3576/3576 3517/3517
f 3518/3518 3517/3517 3512/3512
f 3512/3512 3517/3517 3510/3510
f 6713/6713 6839/6839 6707/6707
f 3580/3580 3676/3676 3581/3581
f 3514/3514 3518/3518 3512/3512
f 3514/3514 3512/3512 3513/3513
f 3680/3680 3676/3676 3580/3580
f 3518/3518 3514/3514 3519/3519
f 3585/3585 3682/3682 3681/3681
f 3678/3678 3680/3680 3583/3583
f 3680/3680 3580/3580 3583/3583
f 3516/3516 3514/3514 3515/3515
f 3515/3515 3514/3514 3513/3513
f 3515/3515 3513/3513 3509/3509
f 3585/3585 3681/3681 3586/3586
f 3586/3586 3681/3681 3679/3679
f 3679/3679 3582/3582 3586/3586
f 3582/3582 3678/3678 3583/3583
f 3529/3529 3515/3515 3587/3587
f 3587/3587 3515/3515 3509/3509
f 3715/3715 3587/3587 3614/3614
f 3614/3614 3716/3716 3709/3709
f 3701/3701 3716/3716 3703/3703
f 3702/3702 3703/3703 3704/3704
f 3936/3936 3704/3704 3941/3941
f 3924/3924 3936/3936 3941/3941
f 3833/3833 3924/3924 3832/3832
f 3831/3831 3833/3833 3832/3832
f 3840/3840 3831/3831 3861/3861
f 1315/1315 1340/1340 1304/1304
f 3859/3859 3867/3867 3894/3894
f 5495/5495 5493/5493 5507/5507
f 5458/5458 5453/5453 5495/5495
f 5473/5473 5435/5435 5458/5458
f 5431/5431 5434/5434 5433/5433
f 5442/5442 5445/5445 5430/5430
f 5442/5442 5430/5430 5429/5429
f 5429/5429 5430/5430 5431/5431
f 1044/1044 1042/1042 1069/1069
f 3772/3772 3780/3780 3784/3784
f 3772/3772 3784/3784 3774/3774
f 2006/2006 1985/1985 1997/1997
f 3772/3772 3724/3724 3721/3721
f 3772/3772 3774/3774 3724/3724
f 3553/3553 3549/3549 3567/3567
f 3567/3567 3549/3549 3555/3555
f 3573/3573 3553/3553 3567/3567
f 3569/3569 3567/3567 3562/3562
f 1012/1012 1007/1007 1008/1008
f 6237/6237 6234/6234 6238/6238
f 3569/3569 3568/3568 3602/3602
f 1017/1017 1047/1047 1016/1016
f 3720/3720 3721/3721 3722/3722
f 3721/3721 3724/3724 3722/3722
f 6990/6990 6989/6989 6748/6748
f 3602/3602 3568/3568 3606/3606
f 3650/3650 3666/3666 3667/3667
f 3730/3730 3720/3720 3731/3731
f 3667/3667 3666/3666 3668/3668
f 3668/3668 3666/3666 3793/3793
f 3750/3750 3730/3730 3731/3731
f 3668/3668 3793/3793 3940/3940
f 3738/3738 3730/3730 3750/3750
f 6629/6629 6628/6628 6620/6620
f 3940/3940 3793/3793 3930/3930
f 3930/3930 3793/3793 3779/3779
f 3741/3741 3738/3738 3757/3757
f 3757/3757 3738/3738 3750/3750
f 3930/3930 3779/3779 3759/3759
f 3779/3779 3754/3754 3759/3759
f 3754/3754 3741/3741 3757/3757
f 3759/3759 3754/3754 3757/3757
f 7077/7077 7075/7075 7073/7073
f 5519/5519 5523/5523 5520/5520
f 6154/6154 6155/6155 6151/6151
f 4601/4601 4603/4603 4602/4602
f 4609/4609 4603/4603 4601/4601
f 4606/4606 4609/4609 4601/4601
f 5230/5230 5228/5228 5229/5229
f 7534/7534 7531/7531 7640/7640
f 6599/6599 6713/6713 6707/6707
f 3580/3580 3581/3581 3524/3524
f 3526/3526 3580/3580 3524/3524
f 3524/3524 3518/3518 3519/3519
f 6707/6707 6839/6839 6824/6824
f 3522/3522 3526/3526 3524/3524
f 3522/3522 3524/3524 3519/3519
f 3516/3516 3519/3519 3514/3514
f 6839/6839 6825/6825 6824/6824
f 3583/3583 3580/3580 3526/3526
f 3522/3522 3519/3519 3520/3520
f 3520/3520 3519/3519 3516/3516
f 3523/3523 3522/3522 3520/3520
f 3526/3526 3522/3522 3523/3523
f 6824/6824 6825/6825 6821/6821
f 3535/3535 3586/3586 3582/3582
f 3582/3582 3583/3583 3527/3527
f 3527/3527 3583/3583 3526/3526
f 3520/3520 3516/3516 3528/3528
f 3528/3528 3516/3516 3529/3529
f 3529/3529 3516/3516 3515/3515
f 3585/3585 3586/3586 3535/3535
f 3585/3585 3535/3535 3538/3538
f 3535/3535 3582/3582 3532/3532
f 3532/3532 3582/3582 3527/3527
f 3527/3527 3526/3526 3523/3523
f 3530/3530 3527/3527 3523/3523
f 3528/3528 3529/3529 3684/3684
f 3529/3529 3587/3587 3715/3715
f 3715/3715 3614/3614 3709/3709
f 3709/3709 3716/3716 3701/3701
f 3532/3532 3527/3527 3530/3530
f 3701/3701 3703/3703 3702/3702
f 3833/3833 3936/3936 3924/3924
f 1517/1517 1483/1483 1332/1332
f 3893/3893 3859/3859 3894/3894
f 5473/5473 5458/5458 5495/5495
f 5517/5517 5473/5473 5495/5495
f 3931/3931 3893/3893 3938/3938
f 1444/1444 1521/1521 1500/1500
f 5429/5429 5431/5431 5432/5432
f 5432/5432 5431/5431 5433/5433
f 5442/5442 5447/5447 5445/5445
f 5452/5452 5476/5476 5447/5447
f 3739/3739 3780/3780 3772/3772
f 1045/1045 1010/1010 1043/1043
f 1011/1011 1009/1009 1036/1036
f 3553/3553 3552/3552 3549/3549
f 3562/3562 3568/3568 3569/3569
f 6973/6973 6998/6998 6864/6864
f 3723/3723 3721/3721 3720/3720
f 3666/3666 3606/3606 3651/3651
f 3666/3666 3651/3651 3929/3929
f 3730/3730 3728/3728 3720/3720
f 6679/6679 6748/6748 6628/6628
f 3666/3666 3778/3778 3793/3793
f 3793/3793 3778/3778 3777/3777
f 3778/3778 3770/3770 3777/3777
f 3734/3734 3728/3728 3730/3730
f 6679/6679 6628/6628 6629/6629
f 3777/3777 3770/3770 3753/3753
f 3777/3777 3753/3753 3754/3754
f 3753/3753 3740/3740 3741/3741
f 3740/3740 3734/3734 3738/3738
f 3741/3741 3740/3740 3738/3738
f 3738/3738 3734/3734 3730/3730
f 3793/3793 3777/3777 3779/3779
f 3779/3779 3777/3777 3754/3754
f 3753/3753 3741/3741 3754/3754
f 4139/4139 4142/4142 4140/4140
f 4736/4736 4730/4730 4735/4735
f 6157/6157 6155/6155 6154/6154
f 6545/6545 6544/6544 6546/6546
f 4132/4132 4085/4085 4122/4122
f 7307/7307 7308/7308 7306/7306
f 4601/4601 4602/4602 4600/4600
f 7305/7305 7307/7307 7306/7306
f 6599/6599 6707/6707 6680/6680
f 3523/3523 3520/3520 3528/3528
f 3530/3530 3523/3523 3533/3533
f 3533/3533 3523/3523 3528/3528
f 3533/3533 3528/3528 3683/3683
f 3683/3683 3528/3528 3684/3684
f 3684/3684 3529/3529 3715/3715
f 3698/3698 3709/3709 3701/3701
f 3535/3535 3532/3532 3534/3534
f 3530/3530 3533/3533 3620/3620
f 3537/3537 3538/3538 3535/3535
f 3537/3537 3535/3535 3536/3536
f 3536/3536 3535/3535 3534/3534
f 3534/3534 3532/3532 3530/3530
f 3530/3530 3620/3620 3619/3619
f 3534/3534 3530/3530 3577/3577
f 3577/3577 3530/3530 3619/3619
f 3934/3934 3702/3702 3704/3704
f 3934/3934 3704/3704 3933/3933
f 3933/3933 3704/3704 3936/3936
f 3833/3833 3933/3933 3936/3936
f 3834/3834 3835/3835 3833/3833
f 3834/3834 3833/3833 3831/3831
f 3834/3834 3831/3831 3840/3840
f 3838/3838 3834/3834 3840/3840
f 3859/3859 3838/3838 3840/3840
f 5432/5432 5473/5473 5505/5505
f 5449/5449 5429/5429 5432/5432
f 3887/3887 3869/3869 3931/3931
f 5448/5448 5447/5447 5442/5442
f 5448/5448 5442/5442 5449/5449
f 5442/5442 5429/5429 5449/5449
f 5462/5462 5452/5452 5448/5448
f 5448/5448 5452/5452 5447/5447
f 5480/5480 5479/5479 5462/5462
f 5462/5462 5479/5479 5452/5452
f 3552/3552 3550/3550 3549/3549
f 3549/3549 3554/3554 3555/3555
f 5485/5485 5494/5494 5483/5483
f 5483/5483 5494/5494 5480/5480
f 3555/3555 3554/3554 3562/3562
f 1021/1021 1019/1019 1081/1081
f 3739/3739 3772/3772 3721/3721
f 3737/3737 3739/3739 3721/3721
f 3568/3568 3562/3562 3561/3561
f 3568/3568 3561/3561 3575/3575
f 6964/6964 6973/6973 6847/6847
f 3568/3568 3575/3575 3606/3606
f 3736/3736 3737/3737 3723/3723
f 3755/3755 3737/3737 3736/3736
f 3737/3737 3721/3721 3723/3723
f 6847/6847 6864/6864 6700/6700
f 3606/3606 3575/3575 3651/3651
f 3735/3735 3764/3764 3736/3736
f 3735/3735 3736/3736 3723/3723
f 6700/6700 6748/6748 6679/6679
f 3766/3766 3764/3764 3767/3767
f 3767/3767 3764/3764 3735/3735
f 3728/3728 3735/3735 3723/3723
f 3666/3666 3929/3929 3771/3771
f 3666/3666 3771/3771 3778/3778
f 3778/3778 3771/3771 3770/3770
f 3770/3770 3766/3766 3767/3767
f 3767/3767 3735/3735 3734/3734
f 3734/3734 3735/3735 3728/3728
f 3740/3740 3767/3767 3734/3734
f 3753/3753 3770/3770 3767/3767
f 3753/3753 3767/3767 3740/3740
f 6620/6620 6622/6622 6621/6621
f 7612/7612 7577/7577 7646/7646
f 7075/7075 7069/7069 7073/7073
f 4735/4735 4730/4730 4734/4734
f 4140/4140 4142/4142 4220/4220
f 4220/4220 4142/4142 4221/4221
f 5201/5201 5208/5208 5200/5200
f 6543/6543 6544/6544 6545/6545
f 4085/4085 4132/4132 4195/4195
f 4606/4606 4601/4601 4599/4599
f 4599/4599 4601/4601 4600/4600
f 6591/6591 6599/6599 6598/6598
f 4131/4131 4119/4119 4133/4133
f 6680/6680 6707/6707 6715/6715
f 3712/3712 3683/3683 3717/3717
f 3683/3683 3684/3684 3717/3717
f 3714/3714 3684/3684 3715/3715
f 3697/3697 3715/3715 3709/3709
f 3697/3697 3709/3709 3698/3698
f 3620/3620 3533/3533 3712/3712
f 3533/3533 3683/3683 3712/3712
f 3700/3700 3698/3698 3701/3701
f 6821/6821 6822/6822 6820/6820
f 3619/3619 3620/3620 3705/3705
f 3620/3620 3712/3712 3705/3705
f 3700/3700 3701/3701 3702/3702
f 3637/3637 3619/3619 3638/3638
f 3638/3638 3619/3619 3705/3705
f 6820/6820 6822/6822 6823/6823
f 3536/3536 3534/3534 3577/3577
f 3577/3577 3619/3619 3591/3591
f 3539/3539 3537/3537 3536/3536
f 3588/3588 3537/3537 3539/3539
f 3539/3539 3536/3536 3540/3540
f 3540/3540 3536/3536 3577/3577
f 3835/3835 3933/3933 3833/3833
f 3851/3851 3838/3838 3859/3859
f 3869/3869 3851/3851 3859/3859
f 5514/5514 5449/5449 5505/5505
f 3550/3550 3547/3547 3549/3549
f 3549/3549 3547/3547 3548/3548
f 3549/3549 3548/3548 3554/3554
f 5464/5464 5448/5448 5449/5449
f 5462/5462 5448/5448 5464/5464
f 5482/5482 5483/5483 5480/5480
f 5482/5482 5480/5480 5481/5481
f 5481/5481 5480/5480 5462/5462
f 6842/6842 6964/6964 6847/6847
f 3562/3562 3554/3554 3561/3561
f 5499/5499 5498/5498 5486/5486
f 5498/5498 5485/5485 5486/5486
f 5485/5485 5483/5483 5484/5484
f 3747/3747 3739/3739 3737/3737
f 3755/3755 3747/3747 3737/3737
f 3651/3651 3575/3575 3616/3616
f 3765/3765 3756/3756 3764/3764
f 3764/3764 3756/3756 3736/3736
f 3756/3756 3755/3755 3736/3736
f 6700/6700 6679/6679 6629/6629
f 3768/3768 3765/3765 3766/3766
f 3766/3766 3765/3765 3764/3764
f 3771/3771 3769/3769 3766/3766
f 3769/3769 3768/3768 3766/3766
f 7073/7073 7069/7069 7070/7070
f 6632/6632 6621/6621 6633/6633
f 6758/6758 6633/6633 6770/6770
f 5519/5519 5520/5520 5521/5521
f 5521/5521 5520/5520 5531/5531
f 5519/5519 5521/5521 5522/5522
f 6157/6157 6154/6154 6158/6158
f 7305/7305 7306/7306 7304/7304
f 4608/4608 4606/4606 4599/4599
f 4122/4122 4119/4119 4131/4131
f 6598/6598 6599/6599 6600/6600
f 6600/6600 6599/6599 6680/6680
f 4133/4133 4119/4119 4134/4134
f 6715/6715 6824/6824 6821/6821
f 6715/6715 6821/6821 6820/6820
f 6715/6715 6820/6820 6716/6716
f 3714/3714 3717/3717 3684/3684
f 3714/3714 3715/3715 3708/3708
f 3712/3712 3717/3717 3711/3711
f 3700/3700 3702/3702 3934/3934
f 6716/6716 6820/6820 6823/6823
f 4134/4134 4119/4119 4118/4118
f 3591/3591 3619/3619 3637/3637
f 3564/3564 3588/3588 3539/3539
f 3566/3566 3540/3540 3577/3577
f 3566/3566 3577/3577 3591/3591
f 3572/3572 3591/3591 3637/3637
f 3566/3566 3591/3591 3572/3572
f 3835/3835 3934/3934 3933/3933
f 3541/3541 3564/3564 3539/3539
f 3541/3541 3539/3539 3540/3540
f 3540/3540 3566/3566 3542/3542
f 3541/3541 3540/3540 3542/3542
f 3836/3836 3835/3835 3834/3834
f 3564/3564 3541/3541 3543/3543
f 3541/3541 3542/3542 3543/3543
f 3845/3845 3838/3838 3851/3851
f 3551/3551 3545/3545 3547/3547
f 3547/3547 3545/3545 3546/3546
f 3856/3856 3851/3851 3869/3869
f 3547/3547 3546/3546 3548/3548
f 3550/3550 3551/3551 3547/3547
f 3551/3551 3550/3550 3570/3570
f 6841/6841 6842/6842 6701/6701
f 3554/3554 3548/3548 3560/3560
f 5464/5464 5449/5449 5514/5514
f 3561/3561 3554/3554 3560/3560
f 3561/3561 3560/3560 3571/3571
f 5490/5490 5462/5462 5464/5464
f 6842/6842 6847/6847 6701/6701
f 5486/5486 5485/5485 5484/5484
f 5483/5483 5482/5482 5484/5484
f 3747/3747 3857/3857 3739/3739
f 6701/6701 6847/6847 6700/6700
f 6701/6701 6700/6700 6630/6630
f 6630/6630 6700/6700 6629/6629
f 3651/3651 3616/3616 3929/3929
f 3919/3919 3920/3920 3768/3768
f 3771/3771 3914/3914 3769/3769
f 3769/3769 3919/3919 3768/3768
f 7068/7068 7070/7070 7069/7069
f 7065/7065 7068/7068 7069/7069
f 4137/4137 4117/4117 4139/4139
f 6632/6632 6633/6633 6758/6758
f 4799/4799 4797/4797 4798/4798
f 4599/4599 4600/4600 4598/4598
f 7300/7300 7305/7305 7304/7304
f 7300/7300 7304/7304 7301/7301
f 6600/6600 6680/6680 6681/6681
f 6681/6681 6680/6680 6715/6715
f 6681/6681 6715/6715 6716/6716
f 3711/3711 3717/3717 3714/3714
f 3708/3708 3715/3715 3697/3697
f 3705/3705 3712/3712 3706/3706
f 3638/3638 3705/3705 3692/3692
f 3705/3705 3706/3706 3692/3692
f 3937/3937 3700/3700 3934/3934
f 6716/6716 6823/6823 6846/6846
f 3572/3572 3637/3637 3607/3607
f 3637/3637 3638/3638 3607/3607
f 3910/3910 3934/3934 3835/3835
f 6716/6716 6846/6846 6703/6703
f 3542/3542 3566/3566 3563/3563
f 3563/3563 3566/3566 3572/3572
f 3572/3572 3607/3607 3574/3574
f 3836/3836 3910/3910 3835/3835
f 3563/3563 3572/3572 3574/3574
f 6846/6846 6845/6845 6844/6844
f 6703/6703 6846/6846 6844/6844
f 3542/3542 3563/3563 3557/3557
f 3557/3557 3563/3563 3565/3565
f 3837/3837 3836/3836 3834/3834
f 3543/3543 3542/3542 3544/3544
f 3544/3544 3542/3542 3557/3557
f 6844/6844 6845/6845 6843/6843
f 3545/3545 3543/3543 3544/3544
f 3556/3556 3544/3544 3557/3557
f 3556/3556 3557/3557 3559/3559
f 3557/3557 3565/3565 3559/3559
f 1451/1451 1439/1439 1456/1456
f 6844/6844 6843/6843 6702/6702
f 3846/3846 3845/3845 3851/3851
f 6702/6702 6843/6843 6841/6841
f 3546/3546 3544/3544 3556/3556
f 3546/3546 3556/3556 3559/3559
f 3546/3546 3559/3559 3558/3558
f 6702/6702 6841/6841 6701/6701
f 3548/3548 3546/3546 3558/3558
f 3560/3560 3558/3558 3578/3578
f 3560/3560 3548/3548 3558/3558
f 3560/3560 3578/3578 3571/3571
f 5490/5490 5464/5464 5518/5518
f 5508/5508 5486/5486 5502/5502
f 5502/5502 5486/5486 5484/5484
f 5502/5502 5484/5484 5496/5496
f 5484/5484 5482/5482 5496/5496
f 3616/3616 3575/3575 3571/3571
f 3929/3929 3616/3616 3927/3927
f 3942/3942 3916/3916 3756/3756
f 3929/3929 3927/3927 3771/3771
f 3771/3771 3927/3927 3914/3914
f 3919/3919 3932/3932 3920/3920
f 6630/6630 6629/6629 6609/6609
f 6609/6609 6629/6629 6620/6620
f 6619/6619 6620/6620 6621/6621
f 7065/7065 7067/7067 7068/7068
f 4597/4597 4599/4599 4598/4598
f 4608/4608 4599/4599 4597/4597
f 6598/6598 6600/6600 6601/6601
f 6681/6681 6716/6716 6682/6682
f 3635/3635 3697/3697 3698/3698
f 3635/3635 3698/3698 3699/3699
f 3699/3699 3698/3698 3700/3700
f 3699/3699 3700/3700 3937/3937
f 3638/3638 3692/3692 3607/3607
f 3910/3910 3937/3937 3934/3934
f 6682/6682 6716/6716 6703/6703
f 3565/3565 3574/3574 3590/3590
f 6703/6703 6844/6844 6702/6702
f 3837/3837 3834/3834 3838/3838
f 3839/3839 3837/3837 3838/3838
f 3565/3565 3590/3590 3589/3589
f 3559/3559 3565/3565 3589/3589
f 3839/3839 3838/3838 3845/3845
f 3579/3579 3559/3559 3589/3589
f 3839/3839 3845/3845 3846/3846
f 3842/3842 3839/3839 3846/3846
f 3558/3558 3559/3559 3579/3579
f 3558/3558 3579/3579 3578/3578
f 3847/3847 3842/3842 3846/3846
f 3847/3847 3846/3846 3856/3856
f 6702/6702 6701/6701 6630/6630
f 3852/3852 3847/3847 3857/3857
f 5502/5502 5496/5496 5516/5516
f 5496/5496 5490/5490 5506/5506
f 5516/5516 5496/5496 5506/5506
f 3854/3854 3852/3852 3857/3857
f 3571/3571 3615/3615 3616/3616
f 3879/3879 3854/3854 3866/3866
f 3914/3914 3925/3925 3919/3919
f 4118/4118 4117/4117 4136/4136
f 4136/4136 4117/4117 4137/4137
f 7074/7074 7072/7072 7069/7069
f 7069/7069 7072/7072 7065/7065
f 5103/5103 5102/5102 5105/5105
f 6631/6631 6632/6632 6758/6758
f 4137/4137 4139/4139 4140/4140
f 5423/5423 5421/5421 5420/5420
f 4798/4798 4805/4805 4800/4800
f 5522/5522 5521/5521 5524/5524
f 5524/5524 5521/5521 5531/5531
f 5524/5524 5531/5531 5526/5526
f 6157/6157 6158/6158 6159/6159
f 6547/6547 6545/6545 6546/6546
f 4195/4195 4132/4132 4214/4214
f 6549/6549 6546/6546 6596/6596
f 6549/6549 6596/6596 6598/6598
f 4597/4597 4598/4598 4596/4596
f 7299/7299 7300/7300 7301/7301
f 4608/4608 4597/4597 4610/4610
f 7302/7302 7299/7299 7301/7301
f 4132/4132 4122/4122 4131/4131
f 6600/6600 6681/6681 6602/6602
f 6601/6601 6600/6600 6602/6602
f 6602/6602 6681/6681 6682/6682
f 3711/3711 3714/3714 3693/3693
f 3693/3693 3714/3714 3689/3689
f 3689/3689 3714/3714 3708/3708
f 3689/3689 3708/3708 3697/3697
f 3706/3706 3711/3711 3677/3677
f 3635/3635 3689/3689 3697/3697
f 3692/3692 3706/3706 3677/3677
f 3607/3607 3692/3692 3640/3640
f 3699/3699 3937/3937 3917/3917
f 3917/3917 3937/3937 3910/3910
f 3574/3574 3607/3607 3639/3639
f 3607/3607 3640/3640 3639/3639
f 3886/3886 3910/3910 3836/3836
f 3574/3574 3639/3639 3590/3590
f 3886/3886 3836/3836 3837/3837
f 6682/6682 6703/6703 6604/6604
f 6604/6604 6703/6703 6702/6702
f 1334/1334 1345/1345 1321/1321
f 6604/6604 6702/6702 6608/6608
f 6608/6608 6702/6702 6630/6630
f 3853/3853 3852/3852 3854/3854
f 3616/3616 3615/3615 3922/3922
f 3616/3616 3922/3922 3927/3927
f 3916/3916 3858/3858 3879/3879
f 3858/3858 3854/3854 3879/3879
f 6608/6608 6630/6630 6609/6609
f 3925/3925 3903/3903 3932/3932
f 8341/8341 8337/8337 8340/8340
f 8340/8340 8337/8337 8339/8339
f 6619/6619 6621/6621 6631/6631
f 6631/6631 6621/6621 6632/6632
f 5419/5419 5420/5420 5421/5421
f 5522/5522 5524/5524 5525/5525
f 4594/4594 4597/4597 4596/4596
f 4610/4610 4597/4597 4594/4594
f 7299/7299 7302/7302 7303/7303
f 6601/6601 6602/6602 6603/6603
f 3677/3677 3711/3711 3674/3674
f 3711/3711 3693/3693 3674/3674
f 3634/3634 3674/3674 3693/3693
f 3693/3693 3689/3689 3634/3634
f 3634/3634 3689/3689 3635/3635
f 3640/3640 3692/3692 3677/3677
f 3635/3635 3699/3699 3918/3918
f 3917/3917 3918/3918 3699/3699
f 3886/3886 3917/3917 3910/3910
f 6602/6602 6682/6682 6604/6604
f 3871/3871 3886/3886 3837/3837
f 4134/4134 4118/4118 4135/4135
f 3622/3622 3590/3590 3639/3639
f 3841/3841 3871/3871 3837/3837
f 3841/3841 3837/3837 3839/3839
f 3589/3589 3590/3590 3622/3622
f 3841/3841 3839/3839 3842/3842
f 3843/3843 3841/3841 3842/3842
f 3579/3579 3589/3589 3621/3621
f 3621/3621 3589/3589 3622/3622
f 3847/3847 3843/3843 3842/3842
f 3578/3578 3621/3621 3617/3617
f 3848/3848 3843/3843 3847/3847
f 3848/3848 3847/3847 3852/3852
f 3853/3853 3848/3848 3852/3852
f 3927/3927 3922/3922 3888/3888
f 3862/3862 3853/3853 3858/3858
f 3927/3927 3888/3888 3925/3925
f 3925/3925 3888/3888 3903/3903
f 3903/3903 3888/3888 3862/3862
f 3903/3903 3862/3862 3907/3907
f 3907/3907 3862/3862 3858/3858
f 4135/4135 4118/4118 4136/4136
f 7577/7577 7553/7553 7638/7638
f 6609/6609 6620/6620 6619/6619
f 8341/8341 8342/8342 8337/8337
f 8337/8337 8338/8338 8339/8339
f 6631/6631 6758/6758 6784/6784
f 4797/4797 4794/4794 4796/4796
f 4797/4797 4796/4796 4798/4798
f 4798/4798 4796/4796 4804/4804
f 6157/6157 6159/6159 6160/6160
f 6547/6547 6546/6546 6548/6548
f 6157/6157 6160/6160 6161/6161
f 6546/6546 6549/6549 6548/6548
f 4594/4594 4596/4596 4595/4595
f 6166/6166 6172/6172 6171/6171
f 4611/4611 4610/4610 4594/4594
f 6166/6166 6171/6171 6170/6170
f 6549/6549 6598/6598 6601/6601
f 3633/3633 3634/3634 3635/3635
f 3677/3677 3674/3674 3636/3636
f 3636/3636 3674/3674 3630/3630
f 3630/3630 3674/3674 3631/3631
f 3631/3631 3674/3674 3634/3634
f 3631/3631 3634/3634 3633/3633
f 3640/3640 3677/3677 3626/3626
f 3626/3626 3677/3677 3636/3636
f 3633/3633 3635/3635 3918/3918
f 3639/3639 3640/3640 3624/3624
f 3640/3640 3626/3626 3624/3624
f 3871/3871 3918/3918 3917/3917
f 3871/3871 3917/3917 3886/3886
f 3639/3639 3624/3624 3622/3622
f 3849/3849 3843/3843 3848/3848
f 3849/3849 3848/3848 3853/3853
f 3615/3615 3617/3617 3922/3922
f 3922/3922 3617/3617 3908/3908
f 3860/3860 3849/3849 3853/3853
f 3908/3908 3876/3876 3888/3888
f 3922/3922 3908/3908 3888/3888
f 3862/3862 3860/3860 3853/3853
f 3888/3888 3876/3876 3862/3862
f 3862/3862 3876/3876 3860/3860
f 6607/6607 6608/6608 6609/6609
f 8337/8337 8335/8335 8338/8338
f 4136/4136 4137/4137 4138/4138
f 4728/4728 4727/4727 4729/4729
f 5422/5422 5419/5419 5421/5421
f 5525/5525 5524/5524 5526/5526
f 4056/4056 4064/4064 4062/4062
f 6166/6166 6170/6170 6169/6169
f 4186/4186 4133/4133 4134/4134
f 3626/3626 3636/3636 3627/3627
f 3627/3627 3636/3636 3630/3630
f 3626/3626 3627/3627 3625/3625
f 3629/3629 3630/3630 3631/3631
f 3631/3631 3633/3633 3632/3632
f 6603/6603 6602/6602 6604/6604
f 3624/3624 3626/3626 3625/3625
f 3884/3884 3633/3633 3918/3918
f 3632/3632 3633/3633 3884/3884
f 3884/3884 3918/3918 3871/3871
f 3624/3624 3625/3625 3623/3623
f 3868/3868 3884/3884 3844/3844
f 3844/3844 3884/3884 3871/3871
f 3622/3622 3624/3624 3623/3623
f 3844/3844 3871/3871 3841/3841
f 3621/3621 3622/3622 3623/3623
f 3850/3850 3868/3868 3844/3844
f 3844/3844 3841/3841 3843/3843
f 3621/3621 3623/3623 3923/3923
f 3850/3850 3844/3844 3843/3843
f 6604/6604 6608/6608 6607/6607
f 3617/3617 3621/3621 3923/3923
f 3855/3855 3850/3850 3849/3849
f 3850/3850 3843/3843 3849/3849
f 3860/3860 3855/3855 3849/3849
f 3908/3908 3617/3617 3923/3923
f 3908/3908 3923/3923 3883/3883
f 3870/3870 3855/3855 3860/3860
f 3908/3908 3883/3883 3876/3876
f 3876/3876 3883/3883 3870/3870
f 3876/3876 3870/3870 3860/3860
f 6607/6607 6609/6609 6610/6610
f 6610/6610 6609/6609 6619/6619
f 8336/8336 8335/8335 8337/8337
f 6619/6619 6631/6631 6624/6624
f 6624/6624 6631/6631 6784/6784
f 4728/4728 4722/4722 4727/4727
f 4227/4227 4138/4138 4137/4137
f 4794/4794 4795/4795 4796/4796
f 4056/4056 4062/4062 4054/4054
f 6550/6550 6548/6548 6549/6549
f 4214/4214 4132/4132 4202/4202
f 4202/4202 4132/4132 4131/4131
f 4593/4593 4594/4594 4595/4595
f 6549/6549 6601/6601 6615/6615
f 4611/4611 4594/4594 4593/4593
f 6166/6166 6169/6169 6167/6167
f 4619/4619 4611/4611 4612/4612
f 6617/6617 6601/6601 6603/6603
f 3627/3627 3630/3630 3629/3629
f 3629/3629 3631/3631 3632/3632
f 3625/3625 3627/3627 3628/3628
f 3628/3628 3627/3627 3629/3629
f 3628/3628 3629/3629 3906/3906
f 3906/3906 3629/3629 3632/3632
f 3906/3906 3632/3632 3884/3884
f 3623/3623 3625/3625 3921/3921
f 3868/3868 3906/3906 3884/3884
f 3921/3921 3625/3625 3628/3628
f 3882/3882 3906/3906 3868/3868
f 3882/3882 3868/3868 3863/3863
f 3863/3863 3868/3868 3850/3850
f 3623/3623 3921/3921 3923/3923
f 3923/3923 3921/3921 3909/3909
f 3909/3909 3921/3921 3878/3878
f 3878/3878 3882/3882 3863/3863
f 3909/3909 3878/3878 3883/3883
f 3870/3870 3878/3878 3863/3863
f 3863/3863 3850/3850 3855/3855
f 3883/3883 3923/3923 3909/3909
f 3883/3883 3878/3878 3870/3870
f 3870/3870 3863/3863 3855/3855
f 8335/8335 8343/8343 8338/8338
f 6623/6623 6619/6619 6624/6624
f 7337/7337 7338/7338 7336/7336
f 4722/4722 4721/4721 4727/4727
f 5422/5422 5428/5428 5419/5419
f 4796/4796 4801/4801 4804/4804
f 5527/5527 5526/5526 5529/5529
f 6492/6492 6496/6496 6495/6495
f 4055/4055 4056/4056 4054/4054
f 5527/5527 5529/5529 5530/5530
f 4053/4053 4055/4055 4054/4054
f 6175/6175 6166/6166 6165/6165
f 6165/6165 6166/6166 6167/6167
f 4131/4131 4133/4133 4185/4185
f 4133/4133 4186/4186 4185/4185
f 6603/6603 6604/6604 6605/6605
f 3882/3882 3628/3628 3906/3906
f 3921/3921 3628/3628 3882/3882
f 6604/6604 6607/6607 6605/6605
f 3921/3921 3882/3882 3878/3878
f 4134/4134 4135/4135 4193/4193
f 4193/4193 4135/4135 4194/4194
f 4135/4135 4136/4136 4194/4194
f 6610/6610 6619/6619 6623/6623
f 8353/8353 8327/8327 8336/8336
f 8327/8327 8330/8330 8335/8335
f 8336/8336 8327/8327 8335/8335
f 8335/8335 8330/8330 8343/8343
f 6730/6730 6623/6623 6624/6624
f 4722/4722 4718/4718 4721/4721
f 4795/4795 4801/4801 4796/4796
f 4050/4050 4053/4053 4054/4054
f 6550/6550 6549/6549 6551/6551
f 6551/6551 6549/6549 6615/6615
f 4202/4202 4131/4131 4185/4185
f 4612/4612 4593/4593 4613/4613
f 6177/6177 6175/6175 6165/6165
f 6165/6165 6167/6167 6168/6168
f 6615/6615 6601/6601 6616/6616
f 6617/6617 6603/6603 6606/6606
f 4186/4186 4134/4134 4193/4193
f 6610/6610 6611/6611 6607/6607
f 8327/8327 8329/8329 8330/8330
f 8329/8329 8352/8352 8330/8330
f 7335/7335 7332/7332 7336/7336
f 4216/4216 4138/4138 4227/4227
f 6492/6492 6495/6495 6488/6488
f 4050/4050 4054/4054 4063/4063
f 4049/4049 4053/4053 4050/4050
f 4202/4202 4185/4185 4217/4217
f 6165/6165 6168/6168 6173/6173
f 6616/6616 6601/6601 6617/6617
f 6603/6603 6605/6605 6606/6606
f 6605/6605 6607/6607 6611/6611
f 8327/8327 8328/8328 8329/8329
f 6610/6610 6623/6623 6714/6714
f 6714/6714 6623/6623 6730/6730
f 4216/4216 4136/4136 4138/4138
f 4718/4718 4720/4720 4721/4721
f 4795/4795 4803/4803 4802/4802
f 4795/4795 4802/4802 4801/4801
f 6491/6491 6492/6492 6488/6488
f 4051/4051 4050/4050 4063/4063
f 6487/6487 6491/6491 6488/6488
f 4049/4049 4050/4050 4051/4051
f 6490/6490 6491/6491 6487/6487
f 4217/4217 4185/4185 4204/4204
f 6551/6551 6615/6615 6616/6616
f 4185/4185 4186/4186 4204/4204
f 4204/4204 4186/4186 4205/4205
f 6176/6176 6177/6177 6165/6165
f 6176/6176 6165/6165 6174/6174
f 6174/6174 6165/6165 6173/6173
f 4205/4205 4186/4186 4203/4203
f 4186/4186 4193/4193 4203/4203
f 4201/4201 4193/4193 4194/4194
f 6611/6611 6610/6610 6612/6612
f 8331/8331 8332/8332 8329/8329
f 8328/8328 8331/8331 8329/8329
f 4194/4194 4136/4136 4212/4212
f 7328/7328 7327/7327 7332/7332
f 4212/4212 4136/4136 4216/4216
f 7335/7335 7328/7328 7332/7332
f 6487/6487 6488/6488 6489/6489
f 4049/4049 4051/4051 4052/4052
f 7770/7770 7775/7775 7769/7769
f 6618/6618 6616/6616 6617/6617
f 6178/6178 6176/6176 6174/6174
f 6178/6178 6174/6174 6179/6179
f 6618/6618 6617/6617 6606/6606
f 6606/6606 6605/6605 6614/6614
f 4207/4207 4203/4203 4209/4209
f 4209/4209 4203/4203 4193/4193
f 6614/6614 6605/6605 6611/6611
f 4209/4209 4193/4193 4201/4201
f 6611/6611 6612/6612 6613/6613
f 8333/8333 8334/8334 8332/8332
f 5122/5122 5123/5123 5117/5117
f 8331/8331 8333/8333 8332/8332
f 6612/6612 6610/6610 6714/6714
f 4211/4211 4194/4194 4212/4212
f 4719/4719 4724/4724 4723/4723
f 4803/4803 4807/4807 4806/4806
f 4803/4803 4806/4806 4802/4802
f 7326/7326 7328/7328 7335/7335
f 4719/4719 4723/4723 4720/4720
f 6490/6490 6487/6487 6489/6489
f 4051/4051 4063/4063 4057/4057
f 4052/4052 4051/4051 4057/4057
f 7004/7004 6551/6551 6616/6616
f 7778/7778 7775/7775 7770/7770
f 6490/6490 6489/6489 6493/6493
f 6178/6178 6179/6179 6180/6180
f 4205/4205 4203/4203 4207/4207
f 4622/4622 4616/4616 4629/4629
f 6181/6181 6178/6178 6180/6180
f 6181/6181 6180/6180 6182/6182
f 8333/8333 8345/8345 8344/8344
f 8345/8345 8346/8346 8344/8344
f 8333/8333 8344/8344 8334/8334
f 4209/4209 4201/4201 4210/4210
f 4210/4210 4201/4201 4211/4211
f 4211/4211 4201/4201 4194/4194
f 7329/7329 7330/7330 7327/7327
f 7326/7326 7327/7327 7328/7328
f 7755/7755 7754/7754 7756/7756
f 4807/4807 4808/4808 4806/4806
f 4058/4058 4052/4052 4057/4057
f 5626/5626 5657/5657 5649/5649
f 4058/4058 4057/4057 4059/4059
f 7003/7003 7004/7004 6616/6616
f 6494/6494 6490/6490 6493/6493
f 6497/6497 6494/6494 6493/6493
f 7003/7003 6616/6616 6618/6618
f 7770/7770 7769/7769 7766/7766
f 7769/7769 7774/7774 7764/7764
f 6181/6181 6182/6182 6183/6183
f 6184/6184 6181/6181 6183/6183
f 6618/6618 6606/6606 6614/6614
f 7764/7764 7774/7774 7771/7771
f 6185/6185 6184/6184 6183/6183
f 4633/4633 4631/4631 4635/4635
f 8347/8347 8349/8349 8348/8348
f 7764/7764 7771/7771 7763/7763
f 8347/8347 8348/8348 8346/8346
f 4633/4633 4635/4635 4634/4634
f 8345/8345 8347/8347 8346/8346
f 6614/6614 6611/6611 6613/6613
f 7333/7333 7330/7330 7331/7331
f 7331/7331 7330/7330 7329/7329
f 7753/7753 7757/7757 7754/7754
f 4723/4723 4725/4725 4726/4726
f 4724/4724 4725/4725 4723/4723
f 4807/4807 4809/4809 4808/4808
f 5650/5650 5644/5644 5645/5645
f 4060/4060 4058/4058 4059/4059
f 4060/4060 4059/4059 4061/4061
f 4061/4061 4059/4059 4066/4066
f 7769/7769 7764/7764 7766/7766
f 6691/6691 6618/6618 6690/6690
f 6618/6618 6614/6614 6690/6690
f 6614/6614 6613/6613 6690/6690
f 6690/6690 6613/6613 6692/6692
f 1582/1582 1612/1612 1607/1607
f 7763/7763 7771/7771 7757/7757
f 7339/7339 7333/7333 7331/7331
f 7340/7340 7339/7339 7331/7331
f 7750/7750 7753/7753 7754/7754
f 7340/7340 7331/7331 7329/7329
f 4808/4808 4809/4809 4810/4810
f 7777/7777 7778/7778 7770/7770
f 1661/1661 1643/1643 1641/1641
f 1641/1641 1643/1643 1642/1642
f 1641/1641 1642/1642 1640/1640
f 1642/1642 1679/1679 1674/1674
f 1640/1640 1642/1642 1674/1674
f 6723/6723 6618/6618 6691/6691
f 7766/7766 7764/7764 7765/7765
f 7765/7765 7764/7764 7761/7761
f 6691/6691 6690/6690 6809/6809
f 7764/7764 7763/7763 7761/7761
f 7761/7761 7763/7763 7760/7760
f 7758/7758 7763/7763 7757/7757
f 7749/7749 7742/7742 7750/7750
f 7750/7750 7742/7742 7753/7753
f 1664/1664 1680/1680 1681/1681
f 7777/7777 7770/7770 7766/7766
f 7767/7767 7766/7766 7765/7765
f 6811/6811 6723/6723 6691/6691
f 6811/6811 6691/6691 6810/6810
f 6691/6691 6809/6809 6782/6782
f 6810/6810 6691/6691 6782/6782
f 6782/6782 6809/6809 6690/6690
f 6782/6782 6690/6690 6771/6771
f 7758/7758 7760/7760 7763/7763
f 6690/6690 6692/6692 6771/6771
f 7758/7758 7757/7757 7744/7744
f 7744/7744 7757/7757 7753/7753
f 1660/1660 1665/1665 1664/1664
f 7779/7779 7777/7777 7766/7766
f 7767/7767 7779/7779 7766/7766
f 1640/1640 1674/1674 1675/1675
f 7761/7761 7760/7760 7759/7759
f 6782/6782 6771/6771 6812/6812
f 7759/7759 7760/7760 7758/7758
f 6812/6812 6771/6771 6692/6692
f 1604/1604 1578/1578 1576/1576
f 1663/1663 1660/1660 1664/1664
f 1641/1641 1640/1640 1634/1634
f 1659/1659 1673/1673 1660/1660
f 7767/7767 7765/7765 7761/7761
f 7767/7767 7761/7761 7762/7762
f 7759/7759 7758/7758 7745/7745
f 1663/1663 1649/1649 1660/1660
f 1634/1634 1640/1640 1639/1639
f 1634/1634 1639/1639 1632/1632
f 1636/1636 1677/1677 1653/1653
f 7780/7780 7779/7779 7767/7767
f 7762/7762 7761/7761 7759/7759
f 7745/7745 7758/7758 7744/7744
f 1633/1633 1634/1634 1632/1632
f 1630/1630 1636/1636 1628/1628
f 1636/1636 1653/1653 1625/1625
f 1628/1628 1636/1636 1625/1625
f 1625/1625 1653/1653 1654/1654
f 1625/1625 1654/1654 1624/1624
f 1624/1624 1654/1654 1655/1655
f 1624/1624 1655/1655 1644/1644
f 1655/1655 1672/1672 1644/1644
f 1644/1644 1672/1672 1645/1645
f 1645/1645 1672/1672 1652/1652
f 1672/1672 1678/1678 1652/1652
f 1652/1652 1678/1678 1651/1651
f 1651/1651 1678/1678 1646/1646
f 1647/1647 1646/1646 1658/1658
f 1647/1647 1658/1658 1649/1649
f 1658/1658 1659/1659 1649/1649
f 7768/7768 7780/7780 7767/7767
f 7762/7762 7768/7768 7767/7767
f 5169/5169 5172/5172 5176/5176
f 1662/1662 1634/1634 1633/1633
f 1633/1633 1632/1632 1631/1631
f 1632/1632 1630/1630 1631/1631
f 1631/1631 1630/1630 1629/1629
f 1630/1630 1628/1628 1629/1629
f 1629/1629 1628/1628 1627/1627
f 1627/1627 1628/1628 1625/1625
f 1627/1627 1625/1625 1626/1626
f 1626/1626 1625/1625 1616/1616
f 1616/1616 1625/1625 1624/1624
f 1616/1616 1624/1624 1614/1614
f 1614/1614 1624/1624 1615/1615
f 1624/1624 1644/1644 1615/1615
f 1615/1615 1644/1644 1645/1645
f 1615/1615 1645/1645 1618/1618
f 1618/1618 1645/1645 1652/1652
f 1618/1618 1652/1652 1651/1651
f 1618/1618 1651/1651 1622/1622
f 1622/1622 1651/1651 1646/1646
f 1646/1646 1647/1647 1635/1635
f 1622/1622 1646/1646 1635/1635
f 1635/1635 1647/1647 1648/1648
f 1648/1648 1647/1647 1649/1649
f 1648/1648 1649/1649 1671/1671
f 1649/1649 1663/1663 1671/1671
f 7776/7776 7780/7780 7768/7768
f 86/86 82/82 77/77
f 7772/7772 7768/7768 7762/7762
f 7772/7772 7762/7762 7759/7759
f 7773/7773 7772/7772 7759/7759
f 87/87 86/86 78/78
f 86/86 77/77 78/78
f 7773/7773 7759/7759 7745/7745
f 1662/1662 1633/1633 1637/1637
f 1637/1637 1633/1633 1631/1631
f 1637/1637 1631/1631 1638/1638
f 1638/1638 1631/1631 1629/1629
f 1638/1638 1629/1629 1627/1627
f 1627/1627 1626/1626 1616/1616
f 1613/1613 1616/1616 1614/1614
f 1613/1613 1614/1614 1615/1615
f 1613/1613 1615/1615 1617/1617
f 1617/1617 1615/1615 1618/1618
f 1617/1617 1618/1618 1619/1619
f 1619/1619 1618/1618 1621/1621
f 1621/1621 1618/1618 1622/1622
f 1621/1621 1622/1622 1623/1623
f 1635/1635 1648/1648 1656/1656
f 1656/1656 1648/1648 1657/1657
f 1657/1657 1648/1648 1671/1671
f 77/77 82/82 65/65
f 7776/7776 7768/7768 7772/7772
f 7781/7781 7776/7776 7772/7772
f 77/77 65/65 66/66
f 7751/7751 7781/7781 7772/7772
f 7751/7751 7772/7772 7773/7773
f 77/77 66/66 67/67
f 78/78 77/77 67/67
f 7746/7746 7751/7751 7745/7745
f 7751/7751 7773/7773 7745/7745
f 1676/1676 1638/1638 1627/1627
f 1676/1676 1627/1627 1670/1670
f 1627/1627 1616/1616 1670/1670
f 1670/1670 1616/1616 1669/1669
f 1669/1669 1616/1616 1613/1613
f 1669/1669 1613/1613 1620/1620
f 1613/1613 1617/1617 1620/1620
f 1620/1620 1617/1617 1667/1667
f 1667/1667 1617/1617 1619/1619
f 1667/1667 1619/1619 1666/1666
f 1619/1619 1621/1621 1666/1666
f 1666/1666 1621/1621 1668/1668
f 1668/1668 1621/1621 1623/1623
f 1623/1623 1635/1635 1656/1656
f 1623/1623 1656/1656 1668/1668
f 1656/1656 1657/1657 1668/1668
f 61/61 75/75 54/54
f 57/57 83/83 43/43
f 43/43 83/83 36/36
f 54/54 75/75 33/33
f 33/33 75/75 63/63
f 63/63 75/75 70/70
f 57/57 43/43 44/44
f 69/69 63/63 70/70
f 31/31 54/54 33/33
f 43/43 36/36 39/39
f 35/35 36/36 37/37
f 35/35 39/39 36/36
f 33/33 63/63 60/60
f 34/34 33/33 60/60
f 65/65 57/57 56/56
f 44/44 43/43 39/39
f 56/56 57/57 44/44
f 66/66 65/65 56/56
f 32/32 31/31 33/33
f 41/41 44/44 39/39
f 32/32 33/33 34/34
f 60/60 63/63 64/64
f 64/64 63/63 69/69
f 41/41 56/56 44/44
f 64/64 69/69 73/73
f 42/42 41/41 39/39
f 59/59 60/60 64/64
f 40/40 41/41 42/42
f 42/42 39/39 35/35
f 34/34 60/60 59/59
f 40/40 56/56 41/41
f 32/32 34/34 30/30
f 67/67 56/56 58/58
f 58/58 56/56 40/40
f 30/30 34/34 59/59
f 58/58 40/40 81/81
f 81/81 40/40 42/42
f 71/71 30/30 59/59
f 71/71 59/59 64/64
f 37/37 36/36 62/62
f 37/37 62/62 47/47
f 47/47 62/62 74/74
f 47/47 74/74 48/48
f 48/48 74/74 49/49
f 49/49 74/74 79/79
f 49/49 79/79 50/50
f 79/79 80/80 50/50
f 50/50 80/80 52/52
f 52/52 80/80 76/76
f 52/52 76/76 51/51
f 51/51 76/76 61/61
f 51/51 61/61 53/53
f 53/53 61/61 54/54
f 37/37 47/47 38/38
f 19/19 47/47 48/48
f 50/50 52/52 22/22
f 19/19 48/48 8/8
f 8/8 48/48 49/49
f 49/49 50/50 8/8
f 8/8 50/50 9/9
f 9/9 50/50 22/22
f 52/52 51/51 25/25
f 53/53 54/54 31/31
f 38/38 47/47 19/19
f 22/22 52/52 25/25
f 25/25 51/51 31/31
f 31/31 51/51 53/53
f 15/15 19/19 8/8
f 35/35 37/37 38/38
f 20/20 38/38 19/19
f 15/15 8/8 7/7
f 7/7 8/8 9/9
f 22/22 25/25 23/23
f 28/28 25/25 31/31
f 7/7 9/9 10/10
f 20/20 19/19 18/18
f 10/10 9/9 21/21
f 26/26 25/25 28/28
f 9/9 22/22 21/21
f 18/18 19/19 16/16
f 16/16 19/19 15/15
f 23/23 25/25 26/26
f 28/28 31/31 29/29
f 29/29 31/31 32/32
f 21/21 22/22 23/23
f 38/38 20/20 35/35
f 17/17 18/18 16/16
f 16/16 15/15 14/14
f 14/14 15/15 7/7
f 11/11 7/7 10/10
f 17/17 16/16 14/14
f 13/13 14/14 7/7
f 13/13 7/7 11/11
f 27/27 26/26 28/28
f 21/21 23/23 24/24
f 27/27 28/28 29/29
f 45/45 35/35 20/20
f 20/20 18/18 46/46
f 46/46 18/18 17/17
f 12/12 10/10 21/21
f 27/27 23/23 26/26
f 42/42 35/35 45/45
f 45/45 20/20 46/46
f 29/29 32/32 30/30
f 24/24 23/23 55/55
f 55/55 23/23 27/27
f 27/27 29/29 30/30
f 45/45 46/46 68/68
f 68/68 46/46 17/17
f 68/68 17/17 14/14
f 68/68 14/14 13/13
f 68/68 13/13 84/84
f 13/13 11/11 84/84
f 85/85 55/55 27/27
f 85/85 27/27 72/72
f 27/27 30/30 72/72
f 72/72 30/30 71/71
f 12/12 21/21 24/24
f 12/12 24/24 55/55

