v -0.056042 -0.000413 0.003687
v -0.055366 -0.000208 0.003757
v -0.056425 -0.000548 0.003959
v -0.057311 -0.012394 0.027963
v -0.056942 -0.011909 0.027776
v -0.057339 -0.013134 0.027852
v -0.043071 -0.016736 0.003584
v -0.042989 -0.015893 0.003744
v -0.042827 -0.015365 0.003632
v -0.041541 -0.000548 0.000524
v -0.043321 -0.000067 0.000565
v -0.040758 -0.000798 0.000604
v -0.023840 -0.028032 0.013007
v -0.022934 -0.028279 0.016970
v -0.024934 -0.028145 0.012049
v -0.024360 -0.028932 0.020190
v -0.026399 -0.028702 0.015295
v -0.026241 -0.029309 0.021156
v -0.024613 -0.029316 0.023336
v -0.021748 -0.028627 0.022807
v -0.021889 -0.028958 0.025207
v -0.024108 -0.029547 0.025691
v -0.026411 -0.029990 0.026219
v -0.022527 -0.027278 0.009090
v -0.024334 -0.027467 0.007033
v -0.023242 -0.026911 0.004507
v -0.026216 -0.027425 0.003672
v -0.026197 -0.028018 0.008986
v -0.024813 -0.027001 0.001762
v -0.026774 -0.027373 0.001610
v -0.021612 -0.027166 0.010407
v -0.022013 -0.026386 0.002740
v -0.021049 -0.028087 0.019795
v -0.019688 -0.028161 0.023669
v -0.019481 -0.028350 0.025743
v -0.019709 -0.027286 0.016479
v -0.020225 -0.027059 0.013134
v -0.020586 -0.026141 0.004914
v -0.020163 -0.026419 0.008278
v -0.018670 -0.027944 0.024550
v -0.017395 -0.027678 0.025778
v -0.018499 -0.027266 0.019949
v -0.022305 -0.026238 0.001522
v -0.019278 -0.025396 0.002214
v -0.019826 -0.025393 0.001321
v -0.020738 -0.028941 0.026337
v -0.017620 -0.027410 0.023647
v -0.018189 -0.025213 0.004705
v -0.018637 -0.026208 0.011400
v -0.017917 -0.026444 0.015235
v -0.016876 -0.026424 0.018665
v -0.027665 -0.028379 0.011147
v -0.027337 -0.029762 0.023776
v -0.024134 -0.029878 0.026793
v -0.016872 -0.025396 0.011384
v -0.016487 -0.024082 0.001860
v -0.016821 -0.024812 0.006621
v -0.017261 -0.024339 0.001469
v -0.015971 -0.026343 0.021562
v -0.015154 -0.026459 0.025587
v -0.015337 -0.024885 0.013412
v -0.015436 -0.025551 0.017873
v -0.015713 -0.024303 0.007302
v -0.015107 -0.024175 0.009454
v -0.014558 -0.023213 0.003875
v -0.028033 -0.029352 0.020385
v -0.028586 -0.029824 0.023362
v -0.029054 -0.028838 0.015122
v -0.028594 -0.029919 0.024458
v -0.029249 -0.030286 0.026370
v -0.028266 -0.028067 0.008077
v -0.028521 -0.027618 0.004033
v -0.030000 -0.028189 0.009138
v -0.029749 -0.027486 0.002070
v -0.029780 -0.029325 0.019981
v -0.031135 -0.027393 0.001619
v -0.031608 -0.027543 0.004020
v -0.017280 -0.027974 0.026548
v -0.031591 -0.028456 0.012288
v -0.030135 -0.029780 0.023458
v -0.031324 -0.029953 0.025351
v -0.031878 -0.028899 0.017229
v -0.031826 -0.029467 0.021959
v -0.032206 -0.028011 0.008988
v -0.034606 -0.029632 0.025530
v -0.034001 -0.029405 0.023632
v -0.033046 -0.028811 0.017669
v -0.033969 -0.028994 0.020277
v -0.034042 -0.028283 0.013388
v -0.034567 -0.027276 0.004715
v -0.034627 -0.027027 0.001788
v -0.033708 -0.027884 0.009510
v -0.035361 -0.028373 0.016701
v -0.033561 -0.026996 0.001203
v -0.035294 -0.027535 0.008635
v -0.036163 -0.027976 0.014126
v -0.035468 -0.028853 0.021320
v -0.036397 -0.027004 0.005916
v -0.036860 -0.028807 0.023628
v -0.018458 -0.028944 0.027328
v -0.032602 -0.030251 0.026672
v -0.034999 -0.029878 0.026727
v -0.028718 -0.027007 0.000845
v -0.037741 -0.028013 0.018747
v -0.039111 -0.027906 0.021133
v -0.037920 -0.027101 0.010431
v -0.037464 -0.027506 0.013077
v -0.038576 -0.028794 0.026303
v -0.037548 -0.026564 0.004258
v -0.037067 -0.026482 0.001432
v -0.024223 -0.026383 0.000871
v -0.037081 -0.029394 0.026782
v -0.039600 -0.026283 0.008137
v -0.039795 -0.025726 0.001646
v -0.039161 -0.027175 0.014779
v -0.040339 -0.027106 0.017641
v -0.027432 -0.030413 0.026846
v -0.024026 -0.030339 0.027444
v -0.021896 -0.029898 0.027378
v -0.023647 -0.030215 0.027801
v -0.021446 -0.029826 0.027711
v -0.025650 -0.030457 0.028060
v -0.028032 -0.030882 0.027558
v -0.027833 -0.030787 0.027979
v -0.030230 -0.030899 0.027955
v -0.030496 -0.030875 0.027383
v -0.032016 -0.030824 0.027646
v -0.032793 -0.030571 0.027139
v -0.035516 -0.030319 0.027481
v -0.035500 -0.030266 0.027927
v -0.041180 -0.027349 0.022109
v -0.040655 -0.027926 0.025224
v -0.040115 -0.028528 0.026789
v -0.041332 -0.026200 0.012335
v -0.035477 -0.026396 0.000778
v -0.031666 -0.026886 0.000759
v -0.038133 -0.029665 0.027928
v -0.037527 -0.029862 0.027464
v -0.041047 -0.025388 0.004298
v -0.041318 -0.026515 0.015573
v -0.042512 -0.026595 0.020303
v -0.038919 -0.029376 0.027479
v -0.040984 -0.028682 0.027488
v -0.041879 -0.027767 0.026535
v -0.041584 -0.025825 0.010283
v -0.042293 -0.025199 0.007524
v -0.041118 -0.028618 0.027984
v -0.037930 -0.025987 0.000887
v -0.040314 -0.025215 0.000819
v -0.043615 -0.026695 0.025024
v -0.044400 -0.026625 0.026536
v -0.043117 -0.025951 0.017563
v -0.042505 -0.025884 0.014277
v -0.042642 -0.024369 0.000817
v -0.042679 -0.024487 0.001469
v -0.043475 -0.024334 0.001567
v -0.043032 -0.024313 0.002954
v -0.043683 -0.026326 0.022837
v -0.026630 -0.026910 0.000889
v -0.043113 -0.027798 0.027461
v -0.043532 -0.024912 0.010259
v -0.043978 -0.025006 0.013387
v -0.044286 -0.027271 0.027846
v -0.020742 -0.025408 0.000868
v -0.044028 -0.023647 0.000543
v -0.044997 -0.026781 0.027233
v -0.044685 -0.023476 0.000851
v -0.046172 -0.026287 0.027949
v -0.046429 -0.026082 0.027448
v -0.044269 -0.024222 0.008157
v -0.045124 -0.025079 0.019506
v -0.045351 -0.025328 0.022697
v -0.046811 -0.024945 0.025849
v -0.045823 -0.023472 0.010011
v -0.046042 -0.023948 0.015272
v -0.046453 -0.024035 0.018026
v -0.046844 -0.025268 0.026784
v -0.045646 -0.023084 0.006312
v -0.045235 -0.022937 0.002692
v -0.043804 -0.023831 0.002567
v -0.045294 -0.023169 0.001720
v -0.047297 -0.023661 0.019711
v -0.045928 -0.022627 0.000774
v -0.047935 -0.023591 0.023089
v -0.020125 -0.029506 0.027423
v -0.017965 -0.028740 0.027713
v -0.016443 -0.028200 0.027399
v -0.021400 -0.029498 0.027061
v -0.047982 -0.022386 0.014131
v -0.048246 -0.022789 0.018667
v -0.047892 -0.025016 0.027421
v -0.047524 -0.021301 0.003238
v -0.015037 -0.026798 0.026473
v -0.014594 -0.027283 0.027402
v -0.015484 -0.027666 0.027838
v -0.049361 -0.022941 0.025596
v -0.048868 -0.023637 0.026535
v -0.046853 -0.021966 0.002017
v -0.047185 -0.021910 0.001670
v -0.047597 -0.021337 0.000754
v -0.047217 -0.021943 0.007031
v -0.049861 -0.022064 0.023087
v -0.049082 -0.022231 0.019692
v -0.047946 -0.021169 0.001696
v -0.048601 -0.020546 0.001164
v -0.051252 -0.021461 0.026257
v -0.049972 -0.020651 0.014583
v -0.049432 -0.020763 0.011937
v -0.048507 -0.020699 0.006378
v -0.049072 -0.019994 0.000617
v -0.048406 -0.020466 0.002690
v -0.049620 -0.019622 0.001725
v -0.049995 -0.019160 0.000755
v -0.045575 -0.022562 0.000433
v -0.051192 -0.020598 0.022049
v -0.049431 -0.023675 0.027948
v -0.049040 -0.024096 0.027415
v -0.050193 -0.023148 0.027419
v -0.051348 -0.022075 0.027412
v -0.051255 -0.019810 0.018162
v -0.051412 -0.021989 0.027935
v -0.049528 -0.019317 0.003403
v -0.049301 -0.020098 0.007677
v -0.017427 -0.024037 0.000878
v -0.052839 -0.020571 0.027493
v -0.020659 -0.029399 0.028007
v -0.041993 -0.024116 0.000387
v -0.013521 -0.024682 0.020473
v -0.013692 -0.024278 0.016699
v -0.013651 -0.025327 0.024469
v -0.012766 -0.024988 0.025620
v -0.012814 -0.025376 0.026408
v -0.014458 -0.023560 0.007747
v -0.013485 -0.023070 0.008973
v -0.013456 -0.022790 0.006526
v -0.015235 -0.022823 0.000870
v -0.013278 -0.022050 0.002121
v -0.013449 -0.021948 0.001398
v -0.012460 -0.022944 0.013374
v -0.010674 -0.022930 0.023179
v -0.011552 -0.022839 0.017577
v -0.012830 -0.022711 0.009715
v -0.013062 -0.026260 0.028005
v -0.012695 -0.026205 0.027444
v -0.010901 -0.023675 0.025767
v -0.011498 -0.021430 0.007835
v -0.010954 -0.024393 0.026804
v -0.011255 -0.025130 0.027391
v -0.011632 -0.020541 0.001629
v -0.011079 -0.020628 0.004857
v -0.009853 -0.021126 0.015871
v -0.009337 -0.021205 0.019258
v -0.010243 -0.020852 0.011966
v -0.009373 -0.022384 0.025903
v -0.047672 -0.020772 0.000260
v -0.050620 -0.018528 0.001598
v -0.011469 -0.025121 0.028001
v -0.010179 -0.024342 0.027716
v -0.009747 -0.024006 0.027420
v -0.008224 -0.020656 0.022959
v -0.009005 -0.021745 0.024852
v -0.007808 -0.020963 0.026036
v -0.009961 -0.019956 0.007686
v -0.013024 -0.020918 0.000610
v -0.011236 -0.019620 0.000840
v -0.008627 -0.019370 0.012672
v -0.009723 -0.018730 0.002048
v -0.009194 -0.018754 0.005049
v -0.008038 -0.019474 0.016497
v -0.008999 -0.020325 0.016699
v -0.008734 -0.023033 0.027749
v -0.009372 -0.018046 0.001203
v -0.008849 -0.023001 0.027198
v -0.007527 -0.021859 0.027410
v -0.009043 -0.017347 0.000819
v -0.023902 0.028136 0.014408
v -0.022266 0.027905 0.016103
v -0.020276 0.027064 0.013717
v -0.021936 0.027350 0.012033
v -0.019819 0.027192 0.016114
v -0.024109 0.028406 0.016344
v -0.021879 0.028017 0.017628
v -0.018828 0.027176 0.018703
v -0.021225 0.028125 0.019961
v -0.023306 0.028528 0.018691
v -0.018792 0.027265 0.019778
v -0.020388 0.028052 0.021187
v -0.023121 0.028789 0.021783
v -0.024437 0.028855 0.019903
v -0.025145 0.028761 0.017729
v -0.025058 0.028149 0.012823
v -0.026315 0.028600 0.014778
v -0.025643 0.027971 0.010136
v -0.023869 0.027474 0.009339
v -0.021938 0.026925 0.008782
v -0.020356 0.026695 0.010765
v -0.020522 0.026464 0.008217
v -0.021106 0.028428 0.022371
v -0.022770 0.028878 0.023337
v -0.026918 0.028041 0.008855
v -0.026358 0.028219 0.011375
v -0.024679 0.029127 0.022187
v -0.026161 0.029277 0.021198
v -0.025383 0.029426 0.023328
v -0.023491 0.029320 0.025374
v -0.020580 0.028493 0.024487
v -0.020187 0.028228 0.023120
v -0.025632 0.027570 0.006529
v -0.022310 0.026975 0.007925
v -0.026766 0.027538 0.003771
v -0.024399 0.027126 0.005048
v -0.022197 0.026510 0.003765
v -0.026972 0.029566 0.022451
v -0.020464 0.026147 0.005713
v -0.018315 0.027868 0.025118
v -0.024212 0.027006 0.003495
v -0.026743 0.029747 0.024538
v -0.027941 0.027830 0.006037
v -0.027905 0.028792 0.015454
v -0.024423 0.029592 0.025846
v -0.026027 0.029827 0.025956
v -0.028397 0.029869 0.023943
v -0.028039 0.029349 0.020225
v -0.018550 0.027484 0.021871
v -0.018538 0.026185 0.012187
v -0.019406 0.025591 0.004365
v -0.029147 0.028961 0.016565
v -0.027939 0.029937 0.025385
v -0.028738 0.030231 0.026397
v -0.020268 0.028673 0.025847
v -0.022336 0.029359 0.026255
v -0.028100 0.027621 0.003465
v -0.027829 0.028331 0.011430
v -0.028357 0.028193 0.009431
v -0.029670 0.027824 0.005018
v -0.029636 0.027721 0.002522
v -0.025723 0.027374 0.002175
v -0.023908 0.026989 0.002168
v -0.024809 0.027087 0.001596
v -0.027368 0.027580 0.003148
v -0.027764 0.027548 0.001628
v -0.018922 0.025795 0.007723
v -0.018403 0.026462 0.014581
v -0.020388 0.025927 0.003197
v -0.017943 0.025691 0.010677
v -0.016690 0.026105 0.017362
v -0.017323 0.027166 0.023783
v -0.018232 0.025162 0.002273
v -0.019623 0.025658 0.001675
v -0.021068 0.026026 0.001600
v -0.022201 0.026577 0.002891
v -0.022612 0.026544 0.002133
v -0.016720 0.026503 0.020430
v -0.016749 0.025498 0.013141
v -0.017426 0.024899 0.005871
v -0.015997 0.026428 0.022704
v -0.030462 0.028215 0.008741
v -0.030851 0.028051 0.006335
v -0.031377 0.027772 0.003862
v -0.029818 0.029705 0.022678
v -0.029719 0.027617 0.001612
v -0.031672 0.027787 0.002209
v -0.030120 0.028572 0.012836
v -0.030038 0.028311 0.010581
v -0.029980 0.029321 0.019802
v -0.023798 0.026506 0.000806
v -0.016169 0.027055 0.025878
v -0.016412 0.024214 0.004381
v -0.016486 0.025813 0.016361
v -0.016604 0.024681 0.007425
v -0.015803 0.026104 0.021245
v -0.018085 0.028215 0.026299
v -0.015803 0.024427 0.009129
v -0.031344 0.028253 0.009496
v -0.031562 0.028452 0.012430
v -0.016489 0.024343 0.003434
v -0.014948 0.024221 0.011341
v -0.015756 0.025795 0.018749
v -0.015141 0.023738 0.006119
v -0.014548 0.023622 0.008737
v -0.015273 0.026106 0.023739
v -0.013967 0.025491 0.024752
v -0.014750 0.024687 0.014991
v -0.014702 0.025043 0.017950
v -0.016406 0.024123 0.001758
v -0.013942 0.022778 0.003964
v -0.028972 0.029898 0.023671
v -0.031310 0.029864 0.025137
v -0.031824 0.028940 0.017486
v -0.031577 0.029455 0.021640
v -0.031325 0.030163 0.026478
v -0.032505 0.027898 0.007073
v -0.014291 0.022878 0.002151
v -0.012750 0.024456 0.023091
v -0.014132 0.026095 0.026193
v -0.013180 0.024306 0.020317
v -0.012556 0.024179 0.022058
v -0.018375 0.024707 0.000860
v -0.022315 0.025844 0.000825
v -0.013276 0.022547 0.006188
v -0.017083 0.024049 0.000976
v -0.012855 0.023879 0.018422
v -0.013154 0.023718 0.015654
v -0.012945 0.022886 0.011228
v -0.013066 0.023288 0.013229
v -0.011439 0.023748 0.024570
v -0.012456 0.022284 0.009820
v -0.012256 0.024704 0.025918
v -0.010932 0.023867 0.026146
v -0.013384 0.025405 0.025853
v -0.014740 0.022759 0.000926
v -0.011067 0.022849 0.020661
v -0.010698 0.022318 0.018738
v -0.010438 0.022673 0.022688
v -0.013696 0.022140 0.001191
v -0.011617 0.022570 0.015653
v -0.011143 0.022453 0.017494
v -0.011779 0.022361 0.013600
v -0.012563 0.021623 0.002054
v -0.012807 0.021911 0.004300
v -0.011223 0.020731 0.005185
v -0.011865 0.021530 0.007330
v -0.010069 0.022172 0.021682
v -0.023465 0.030168 0.027424
v -0.026257 0.030394 0.026929
v -0.027472 0.030827 0.027422
v -0.026516 0.030715 0.027917
v -0.023883 0.030162 0.028005
v -0.021778 0.029794 0.027821
v -0.020338 0.029307 0.026885
v -0.019187 0.029112 0.027430
v -0.017533 0.028507 0.027236
v -0.029391 0.030889 0.028084
v -0.030998 0.030899 0.027443
v -0.031729 0.027463 0.001187
v -0.016602 0.027992 0.027031
v -0.015845 0.027642 0.027649
v -0.014331 0.026830 0.027153
v -0.010801 0.020884 0.009667
v -0.010006 0.020503 0.011692
v -0.009922 0.020854 0.013950
v -0.008644 0.021481 0.025319
v -0.011217 0.020571 0.004378
v -0.011517 0.020714 0.003002
v -0.009279 0.020988 0.018412
v -0.009270 0.020499 0.015479
v -0.008532 0.020837 0.022221
v -0.009884 0.022863 0.025914
v -0.021480 0.025532 0.000603
v -0.024204 0.026226 0.000577
v -0.012962 0.026000 0.027384
v -0.011556 0.025077 0.027228
v -0.012098 0.025347 0.027759
v -0.008426 0.021731 0.026339
v -0.033313 0.029377 0.023235
v -0.033335 0.028409 0.014000
v -0.033585 0.028006 0.010516
v -0.032097 0.030786 0.027937
v -0.010480 0.024186 0.026990
v -0.009565 0.023555 0.027403
v -0.018554 0.028630 0.028007
v -0.012478 0.020857 0.000770
v -0.010991 0.020037 0.001543
v -0.032805 0.027576 0.003687
v -0.034625 0.029428 0.025305
v -0.032062 0.029836 0.025754
v -0.032791 0.030426 0.027060
v -0.035115 0.029632 0.026317
v -0.035459 0.030232 0.027503
v -0.033221 0.027586 0.002701
v -0.033502 0.028591 0.016315
v -0.035793 0.028052 0.014234
v -0.034933 0.028690 0.019202
v -0.034780 0.028884 0.020817
v -0.035310 0.027666 0.009865
v -0.034673 0.027370 0.005941
v -0.033752 0.027242 0.001280
v -0.034302 0.027345 0.001908
v -0.036144 0.028204 0.017047
v -0.036145 0.028874 0.023276
v -0.035431 0.030208 0.028022
v -0.035313 0.027168 0.002841
v -0.029029 0.027099 0.000800
v -0.025848 0.026561 0.000602
v -0.035425 0.027002 0.003665
v -0.037572 0.028234 0.020614
v -0.014098 0.026346 0.028040
v -0.037886 0.026531 0.002153
v -0.036694 0.026674 0.001420
v -0.037439 0.028645 0.024323
v -0.037116 0.029020 0.025960
v -0.036831 0.027277 0.009808
v -0.037449 0.026464 0.004307
v -0.038081 0.029629 0.027899
v -0.037278 0.029798 0.027444
v -0.038170 0.027740 0.017673
v -0.038037 0.027429 0.014248
v -0.039895 0.027450 0.019401
v -0.038326 0.028187 0.022364
v -0.039062 0.028518 0.026175
v -0.038405 0.026309 0.003548
v -0.040392 0.027722 0.024041
v -0.041090 0.027355 0.022506
v -0.041334 0.026196 0.012548
v -0.039643 0.026211 0.008320
v -0.030218 0.026980 0.000667
v -0.038249 0.026091 0.001051
v -0.040463 0.025721 0.006552
v -0.041672 0.025720 0.009790
v -0.039685 0.025787 0.003916
v -0.040640 0.026862 0.016771
v -0.040977 0.026382 0.013592
v -0.042006 0.026253 0.015894
v -0.041535 0.026940 0.019965
v -0.042516 0.025818 0.013777
v -0.040788 0.025603 0.002159
v -0.041370 0.025324 0.001762
v -0.041581 0.027562 0.025867
v -0.042571 0.026892 0.023760
v -0.040113 0.028886 0.027466
v -0.040467 0.028788 0.028009
v -0.043199 0.027014 0.026384
v -0.042341 0.028060 0.027985
v -0.041876 0.028233 0.027473
v -0.041413 0.028022 0.026881
v -0.042903 0.024728 0.006644
v -0.042223 0.024809 0.004266
v -0.043136 0.024607 0.002962
v -0.043558 0.026235 0.022017
v -0.043204 0.026227 0.020044
v -0.044169 0.027205 0.027519
v -0.043363 0.025660 0.016181
v -0.044438 0.026216 0.025703
v -0.043646 0.024924 0.011217
v -0.045468 0.026122 0.026884
v -0.043361 0.024304 0.005069
v -0.044176 0.023922 0.003040
v -0.043509 0.024141 0.001539
v -0.044670 0.024777 0.015033
v -0.044928 0.023371 0.001765
v -0.044921 0.023825 0.008410
v -0.046135 0.026121 0.028002
v -0.045741 0.026387 0.027472
v -0.044449 0.023590 0.005421
v -0.045038 0.024698 0.016672
v -0.046519 0.024648 0.023489
v -0.046488 0.025030 0.025740
v -0.045505 0.024967 0.021025
v -0.045434 0.023863 0.011851
v -0.045889 0.022785 0.002391
v -0.009836 0.023475 0.027926
v -0.047672 0.025129 0.027593
v -0.048345 0.024469 0.027350
v -0.047076 0.023388 0.017226
v -0.047269 0.023635 0.020082
v -0.046045 0.022546 0.005573
v -0.046055 0.022535 0.003440
v -0.048013 0.024008 0.025798
v -0.046720 0.023191 0.013551
v -0.047051 0.022315 0.008736
v -0.048955 0.022697 0.022513
v -0.049581 0.022942 0.026297
v -0.049103 0.022130 0.019446
v -0.048103 0.022461 0.016178
v -0.047736 0.022196 0.012157
v -0.046929 0.021878 0.005736
v -0.046999 0.021610 0.004048
v -0.047510 0.021341 0.003669
v -0.050255 0.020804 0.017412
v -0.050200 0.021951 0.024045
v -0.051020 0.021809 0.026538
v -0.047689 0.021325 0.002113
v -0.050525 0.022815 0.027489
v -0.049192 0.023760 0.027997
v -0.050888 0.022444 0.027959
v -0.049244 0.021157 0.014129
v -0.050951 0.020936 0.022500
v -0.008754 0.022790 0.027041
v -0.008190 0.022370 0.027609
v -0.002953 -0.009977 0.017062
v -0.002596 -0.008321 0.015773
v -0.003151 -0.009183 0.013813
v -0.002090 -0.008148 0.019333
v -0.001669 -0.005737 0.017726
v -0.001103 -0.005502 0.021042
v -0.001577 -0.007347 0.021640
v -0.002229 -0.006186 0.014771
v -0.001163 -0.004366 0.018954
v -0.001073 -0.006013 0.022821
v -0.002993 -0.007734 0.011282
v -0.002623 -0.006168 0.011304
v -0.003060 -0.006377 0.008730
v -0.003459 -0.007994 0.008717
v -0.003768 -0.009751 0.010443
v -0.003182 -0.005611 0.006025
v -0.003708 -0.006929 0.004260
v -0.004082 -0.008991 0.006339
v -0.002502 -0.009700 0.020621
v -0.004011 -0.007454 0.003547
v -0.000876 -0.005739 0.024347
v -0.000282 -0.003961 0.025415
v -0.000644 -0.005621 0.025665
v -0.001438 -0.008057 0.025800
v -0.000470 -0.002942 0.021978
v -0.000193 -0.002622 0.024530
v 0.000239 -0.001518 0.026036
v -0.002144 -0.004202 0.012611
v -0.001670 -0.003659 0.015452
v -0.001393 -0.003366 0.016962
v -0.002591 -0.003694 0.008895
v -0.002688 -0.002152 0.005376
v -0.002072 -0.001941 0.010670
v -0.002436 -0.004145 0.010585
v -0.001673 -0.001962 0.013774
v -0.003147 -0.003536 0.004259
v -0.003556 -0.004850 0.003636
v -0.002149 -0.000387 0.008160
v -0.001749 -0.000132 0.011609
v -0.000436 -0.000555 0.020770
v -0.000190 -0.000562 0.022731
v -0.002650 -0.000064 0.004559
v -0.001457 -0.000670 0.015292
v -0.000998 -0.001916 0.018413
v -0.000020 -0.000140 0.024797
v -0.000825 0.000133 0.018895
v -0.001345 0.000753 0.016019
v -0.001707 0.002004 0.013549
v 0.000247 -0.000007 0.025987
v -0.003159 -0.001567 0.003671
v -0.002055 0.001877 0.009125
v -0.001765 0.001675 0.011203
v -0.002446 0.001659 0.006487
v -0.000173 0.001472 0.023471
v -0.000062 0.002095 0.025116
v -0.000662 0.002043 0.020189
v 0.000624 -0.002898 0.027393
v 0.000339 -0.003494 0.026482
v 0.000473 -0.005859 0.027553
v 0.000508 0.001365 0.027424
v 0.000282 0.001953 0.026271
v 0.000289 0.003424 0.026530
v 0.000609 0.004173 0.027682
v -0.001449 0.003268 0.016418
v -0.002746 0.001605 0.004673
v -0.002029 -0.009093 0.025320
v -0.004111 -0.011347 0.012851
v -0.000030 -0.004017 0.026085
v -0.004047 -0.011806 0.015281
v -0.002457 -0.009845 0.023393
v -0.004685 -0.009185 0.003709
v -0.005198 -0.011197 0.005456
v -0.005612 -0.011368 0.003649
v -0.004805 -0.011620 0.009243
v 0.000120 -0.005850 0.026681
v -0.002956 0.000309 0.003706
v -0.000028 -0.007536 0.027411
v -0.000459 0.003421 0.022682
v -0.000838 0.003995 0.020460
v -0.002077 0.004278 0.012670
v -0.002909 0.003854 0.005280
v -0.000255 0.003807 0.025641
v -0.002501 0.004204 0.009173
v -0.002192 0.003710 0.010297
v -0.003494 0.004985 0.003693
v -0.002052 0.005685 0.014813
v -0.001522 0.005466 0.018099
v -0.002592 0.005734 0.010089
v -0.002985 0.006322 0.008212
v -0.003292 0.005626 0.005021
v -0.001049 0.005829 0.021757
v -0.002974 0.007492 0.009997
v -0.002710 0.007465 0.012660
v -0.002355 0.007384 0.015340
v -0.000721 0.005501 0.025255
v -0.003823 0.009347 0.007465
v -0.003936 0.008656 0.005992
v 0.000267 0.005661 0.027421
v -0.003847 0.007742 0.004353
v -0.004079 0.007522 0.003604
v -0.003886 0.006165 0.003583
v -0.002123 0.007954 0.018454
v -0.002785 0.009290 0.016014
v -0.001814 0.007706 0.020145
v -0.003070 0.009584 0.015003
v -0.000226 0.005493 0.026322
v -0.000262 0.007106 0.026746
v -0.000111 0.007341 0.027450
v -0.003445 0.009778 0.012218
v -0.003531 0.009605 0.010717
v -0.003503 0.008655 0.008970
v -0.001576 0.007911 0.023511
v -0.004711 0.010039 0.004601
v -0.003937 0.009927 0.009027
v -0.001590 0.007979 0.024762
v -0.001456 0.008027 0.025910
v -0.000831 0.006387 0.025991
v -0.002910 0.010477 0.019603
v -0.002368 0.009728 0.022749
v -0.003895 0.011976 0.016467
v -0.004272 0.011282 0.010597
v -0.004114 0.011310 0.012335
v -0.000937 0.008745 0.026778
v 0.000133 0.007887 0.027626
v -0.000551 0.008543 0.027434
v -0.004379 0.012239 0.014490
v -0.002070 0.009410 0.026055
v -0.002871 0.011058 0.025553
v -0.002911 0.011524 0.026180
v -0.003584 0.012182 0.021544
v -0.004257 0.013024 0.018194
v -0.004925 0.011598 0.007584
v -0.005469 0.011574 0.004394
v -0.000986 0.009622 0.027468
v -0.004568 0.009130 0.004094
v -0.004754 0.011537 0.009080
v -0.000599 -0.008207 0.026743
v -0.002358 -0.010046 0.025808
v -0.003973 -0.013051 0.024777
v -0.003132 -0.011745 0.025875
v -0.003256 -0.011407 0.021676
v -0.001282 -0.009632 0.026720
v -0.004472 -0.013316 0.018065
v -0.000679 -0.009095 0.027537
v -0.005406 -0.013365 0.011140
v -0.001129 -0.010295 0.027716
v -0.004398 -0.013700 0.022047
v -0.003935 -0.013317 0.025990
v -0.006358 -0.013656 0.006308
v -0.007229 -0.014350 0.003642
v -0.003968 -0.012816 0.022539
v -0.006009 -0.013758 0.009215
v -0.005065 -0.009487 0.003260
v -0.004548 -0.008053 0.003201
v -0.006077 -0.015142 0.014288
v -0.005485 -0.015077 0.018694
v -0.005262 -0.015181 0.023544
v -0.005047 -0.015058 0.025896
v -0.006143 -0.015745 0.017035
v -0.001950 -0.010858 0.026725
v -0.001988 -0.012283 0.027841
v -0.006015 -0.016082 0.021274
v -0.006752 -0.015344 0.011075
v -0.007598 -0.015847 0.008295
v -0.007730 -0.015570 0.005783
v -0.006963 -0.017713 0.024712
v -0.006026 -0.016670 0.025970
v -0.007356 -0.018514 0.026006
v -0.007411 -0.017174 0.015494
v -0.007477 -0.016504 0.012120
v -0.002864 -0.013833 0.027797
v -0.003458 -0.013848 0.026764
v -0.003607 -0.015354 0.027814
v -0.006959 -0.017199 0.019784
v -0.007955 -0.018706 0.022171
v -0.008260 -0.019252 0.023558
v -0.008396 -0.019599 0.025556
v -0.008287 -0.015658 0.003645
v -0.009483 -0.018284 0.009672
v -0.009553 -0.021130 0.026206
v -0.009146 -0.019351 0.016664
v -0.008645 -0.019283 0.020677
v -0.009675 -0.017278 0.003733
v -0.010901 -0.018890 0.004532
v -0.010236 -0.019009 0.008865
v -0.008855 -0.018170 0.012883
v -0.009815 -0.019958 0.016104
v -0.009662 -0.016974 0.003204
v -0.010564 -0.018131 0.003464
v -0.011428 -0.019159 0.003564
v -0.004522 -0.016844 0.027901
v -0.005328 -0.017193 0.026994
v -0.006254 -0.018458 0.026987
v -0.005597 -0.018205 0.027847
v -0.006561 -0.019540 0.027811
v -0.007460 -0.020042 0.027043
v -0.007399 -0.020786 0.027790
v -0.011276 -0.020220 0.010451
v -0.010226 -0.021178 0.023028
v -0.011467 -0.020832 0.013112
v -0.010328 -0.021552 0.025703
v -0.012238 -0.020622 0.006978
v -0.012180 -0.019962 0.004047
v -0.010770 -0.020970 0.017138
v -0.006994 -0.013096 0.003188
v -0.006215 -0.011899 0.003211
v -0.012623 -0.021624 0.011739
v -0.012925 -0.022517 0.015138
v -0.008521 -0.015128 0.003027
v -0.011566 -0.022263 0.022451
v -0.012147 -0.022264 0.018529
v -0.011597 -0.022658 0.025955
v -0.003732 0.003462 0.003243
v -0.005411 0.011115 0.004232
v -0.001916 0.010825 0.026802
v -0.001591 0.011430 0.027732
v -0.004164 0.013367 0.022903
v -0.003698 0.012781 0.026139
v -0.004386 0.014170 0.026089
v -0.005190 0.012928 0.010701
v 0.001006 -0.000061 0.027800
v 0.001056 -0.003160 0.027779
v -0.006109 0.013584 0.007554
v -0.005151 0.014002 0.016196
v -0.006138 0.014728 0.012291
v -0.005951 0.014199 0.011322
v -0.005340 0.015145 0.020813
v -0.006042 0.013703 0.009364
v -0.005616 0.012807 0.009326
v -0.005628 0.015806 0.023371
v -0.005664 0.015216 0.017947
v -0.003141 0.013191 0.026872
v -0.006671 0.013398 0.004415
v -0.002823 0.013972 0.027740
v -0.003632 0.014756 0.027185
v -0.006999 0.015384 0.010060
v -0.007250 0.015140 0.007583
v -0.006188 0.015531 0.016158
v -0.003933 0.015731 0.027690
v -0.006348 0.016538 0.020167
v -0.006576 0.017332 0.025568
v -0.005782 0.016466 0.026267
v -0.008160 0.015609 0.004821
v -0.007415 0.014342 0.004231
v -0.006868 0.017508 0.023412
v -0.004988 0.016580 0.027083
v -0.006123 0.018258 0.027121
v -0.005071 0.017511 0.027782
v -0.008744 -0.021997 0.027738
v -0.010126 -0.022506 0.026939
v -0.009828 -0.023057 0.027790
v -0.007593 -0.013888 0.003284
v -0.058427 0.001487 0.015155
v -0.058400 0.003062 0.016816
v -0.058235 0.002221 0.013682
v -0.058778 0.001842 0.019286
v -0.058472 0.004098 0.019118
v -0.057958 0.005164 0.016115
v -0.057576 0.006337 0.014691
v -0.057999 0.005702 0.017630
v -0.057847 0.003772 0.011650
v -0.057973 0.002175 0.010293
v -0.057268 0.004386 0.008041
v -0.057233 0.005690 0.009968
v -0.057179 0.006746 0.011947
v -0.057675 0.007280 0.018262
v -0.058142 0.006104 0.019927
v -0.058530 0.004893 0.021735
v -0.058719 0.005221 0.024584
v -0.058294 0.006368 0.022839
v -0.057874 0.007521 0.021059
v -0.057088 0.007966 0.014555
v -0.058020 0.007752 0.023759
v -0.056357 0.007497 0.006789
v -0.056588 0.007909 0.009810
v -0.056532 0.005891 0.004923
v -0.056067 0.007104 0.003451
v -0.056661 0.004300 0.003389
v -0.057443 0.009476 0.022582
v -0.057798 0.009846 0.025056
v -0.055259 0.009698 0.003341
v -0.057350 0.001953 0.006344
v -0.056929 0.002057 0.003406
v -0.056333 0.009480 0.012396
v -0.058300 0.008544 0.025842
v -0.056806 0.010637 0.020528
v -0.056583 0.009945 0.016468
v -0.056889 0.011318 0.022952
v -0.055666 0.009307 0.006181
v -0.055663 0.010102 0.008254
v -0.054957 0.011371 0.006543
v -0.057398 0.010939 0.025075
v -0.058852 0.006745 0.026335
v -0.058019 0.010454 0.026635
v -0.055189 0.011781 0.010125
v -0.055735 0.011488 0.013954
v -0.056257 0.013343 0.023846
v -0.055668 0.013436 0.020728
v -0.055927 0.011680 0.016909
v -0.054414 0.011732 0.003324
v -0.055847 0.012319 0.018540
v -0.056907 0.013295 0.026507
v -0.059341 0.002063 0.025729
v -0.059113 0.002160 0.024533
v -0.058991 0.001282 0.021997
v -0.057938 0.000536 0.009108
v -0.057018 0.000205 0.003412
v -0.058275 0.000355 0.012461
v -0.057831 0.011915 0.027553
v -0.054093 0.013836 0.008942
v -0.058738 -0.000074 0.017847
v -0.058995 -0.000257 0.021258
v -0.053945 0.013318 0.005963
v -0.054962 0.013729 0.017100
v -0.055414 0.013131 0.018709
v -0.054439 0.014977 0.017973
v -0.054007 0.014869 0.013439
v -0.054408 0.015673 0.020116
v -0.055079 0.015345 0.022967
v -0.055051 0.012706 0.013087
v -0.056204 0.014289 0.025760
v -0.055720 0.008899 0.001387
v -0.056531 0.005783 0.001884
v -0.055845 0.007882 0.000812
v -0.056401 0.005723 0.000847
v -0.056885 0.003219 0.000838
v -0.057082 0.002673 0.001620
v -0.057133 0.000961 0.000766
v -0.056962 0.003054 0.002538
v -0.054602 0.011709 0.001874
v -0.057252 0.000051 0.001767
v -0.057118 0.013723 0.027799
v -0.056414 0.014636 0.026837
v -0.055053 0.016536 0.025924
v -0.058705 0.009381 0.027512
v -0.054884 0.010251 0.000719
v -0.053915 0.012936 0.001196
v -0.052872 0.015025 0.002057
v -0.052662 0.015333 0.001298
v -0.053007 0.014455 0.003235
v -0.052853 0.015081 0.005466
v -0.053196 0.015858 0.011199
v -0.052629 0.016459 0.009807
v -0.056343 0.015437 0.027424
v -0.056452 0.015121 0.028020
v -0.053999 0.017378 0.023669
v -0.053147 0.016904 0.016704
v -0.053262 0.017444 0.019955
v -0.059327 0.007109 0.027748
v -0.059447 0.005184 0.027091
v -0.059851 0.003817 0.027537
v -0.054199 0.018029 0.026374
v -0.051857 0.016242 0.003652
v -0.055539 0.016853 0.027596
v -0.051941 0.016468 0.002525
v -0.059338 0.000080 0.025461
v -0.059109 -0.001654 0.023898
v -0.057183 -0.001736 0.001102
v -0.059511 0.003128 0.026586
v -0.060000 0.002196 0.027650
v -0.051174 0.017681 0.006615
v -0.057972 0.011271 0.027921
v -0.051542 0.019292 0.017340
v -0.051211 0.018611 0.011569
v -0.050762 0.018645 0.008961
v -0.050999 0.017474 0.003976
v -0.050569 0.018166 0.001325
v -0.050091 0.018948 0.002288
v -0.052405 0.019078 0.021930
v -0.052941 0.019140 0.024786
v -0.050863 0.020542 0.019891
v -0.059978 0.001188 0.027611
v -0.059336 -0.001798 0.025767
v -0.057888 -0.001171 0.008968
v -0.058196 -0.001462 0.012053
v -0.057345 -0.000843 0.005623
v -0.056992 -0.001553 0.003470
v -0.058517 -0.001492 0.016047
v -0.059997 -0.000692 0.027612
v -0.059994 0.000447 0.027680
v -0.058858 -0.001723 0.020137
v -0.055406 0.016924 0.028047
v -0.054353 0.018455 0.027490
v -0.052679 0.019927 0.026420
v -0.057388 -0.003150 0.007077
v -0.058559 -0.003443 0.018573
v -0.059976 -0.002904 0.027560
v -0.059994 -0.001797 0.027680
v -0.057924 -0.002824 0.010547
v -0.057068 -0.003139 0.001758
v -0.058313 -0.003111 0.015643
v -0.050951 0.020936 0.022500
v -0.049879 0.018806 0.003972
v -0.053144 0.020057 0.027464
v -0.054191 0.018553 0.027995
v -0.049724 0.019226 0.005880
v -0.050255 0.020804 0.017412
v -0.050446 0.019848 0.013528
v -0.049096 0.019924 0.001605
v -0.052626 0.020639 0.027976
v -0.059715 0.003938 0.027973
v -0.050200 0.021951 0.024045
v -0.051020 0.021809 0.026538
v -0.049254 0.020663 0.011180
v -0.049030 0.020321 0.008023
v -0.048858 0.019875 0.004018
v -0.052090 0.021245 0.027429
v -0.051500 0.016585 0.000876
v -0.049244 0.021157 0.014129
v -0.058898 -0.004250 0.024610
v -0.058880 -0.005279 0.025521
v -0.058685 -0.004340 0.022133
v -0.056921 -0.003522 0.000754
v -0.056734 -0.003693 0.003552
v -0.056906 -0.002204 0.000505
v -0.058608 0.008977 0.028067
v -0.059370 -0.004742 0.026824
v -0.052813 0.014268 0.000677
v -0.058336 -0.006324 0.023120
v -0.058038 -0.004963 0.015999
v -0.057987 -0.006369 0.018622
v -0.050888 0.022444 0.027959
v -0.050525 0.022815 0.027489
v -0.047689 0.021325 0.002113
v -0.047510 0.021341 0.003669
v -0.049103 0.022130 0.019446
v -0.047051 0.022315 0.008736
v -0.046999 0.021610 0.004048
v -0.047736 0.022196 0.012157
v -0.058880 -0.007155 0.026563
v -0.057518 -0.005100 0.010944
v -0.059863 0.000327 0.028083
v -0.059845 0.001246 0.027999
v -0.056997 -0.005738 0.007868
v -0.056361 -0.005504 0.003600
v -0.056356 -0.006376 0.000780
v -0.056618 -0.005437 0.001945
v -0.056140 -0.006529 0.003746
v -0.057687 -0.008377 0.021574
v -0.057889 -0.009427 0.025102
v -0.057537 -0.009735 0.023713
v -0.055620 -0.009412 0.000953
v -0.055596 -0.008485 0.003739
v -0.057343 -0.007581 0.015815
v -0.056880 -0.007824 0.012256
v -0.059927 -0.003530 0.027586
v -0.059448 -0.006455 0.027374
v -0.058315 -0.009383 0.026540
v -0.056161 -0.008453 0.007756
v -0.057045 -0.009548 0.018770
v -0.057084 -0.010210 0.021212
v -0.057842 -0.011349 0.026948
v -0.057059 -0.012120 0.025384
v -0.056583 -0.012102 0.022876
v -0.058880 -0.008901 0.027371
v -0.059239 -0.007377 0.027890
v -0.059468 -0.005645 0.027951
v -0.059872 -0.004381 0.027655
v -0.055853 -0.010494 0.011392
v -0.056220 -0.010974 0.016420
v -0.055029 -0.010114 0.003832
v -0.055254 -0.011887 0.011009
v -0.056843 0.001118 0.000446
v -0.055670 -0.012170 0.015682
v -0.055794 -0.012827 0.018965
v -0.054886 -0.011368 0.001347
v -0.059849 -0.000609 0.027953
v -0.055939 -0.013970 0.023609
v -0.056433 -0.013769 0.025753
v -0.055663 -0.013900 0.021943
v -0.054380 -0.012695 0.007244
v -0.054314 -0.011754 0.003692
v -0.054491 -0.011776 0.002917
v -0.056891 -0.014170 0.027385
v -0.056002 -0.006916 0.000443
v -0.054837 -0.010893 0.000465
v -0.054201 -0.012957 0.001160
v -0.053723 -0.013597 0.000465
v -0.053372 -0.014682 0.000811
v -0.054601 -0.013427 0.011688
v -0.054874 -0.013786 0.015522
v -0.054913 -0.014511 0.018664
v -0.053501 -0.014343 0.002061
v -0.052970 -0.015486 0.001678
v -0.057640 -0.012463 0.027475
v -0.058218 -0.010869 0.028019
v -0.057339 -0.013134 0.027852
v -0.055502 -0.015755 0.026116
v -0.059733 -0.002907 0.028039
v -0.059779 -0.003445 0.027892
v -0.053294 -0.014510 0.006224
v -0.053387 -0.015306 0.009946
v -0.053004 -0.014423 0.003700
v -0.055095 -0.015720 0.023940
v -0.054419 -0.016029 0.021222
v -0.058395 -0.010529 0.027378
v -0.058597 -0.009792 0.027961
v -0.058817 -0.008474 0.028004
v -0.056331 -0.015480 0.027442
v -0.056368 -0.015455 0.027892
v -0.056791 -0.013972 0.027941
v -0.056131 0.005373 0.000489
v -0.052714 -0.015753 0.000528
v -0.054390 -0.017714 0.026216
v -0.059719 -0.004184 0.028033
v -0.053453 -0.016336 0.016147
v -0.052022 -0.017009 0.001124
v -0.055380 -0.017104 0.027895
v -0.054923 -0.017843 0.027436
v -0.053504 -0.016897 0.019019
v -0.054130 -0.017275 0.024011
v -0.052130 -0.016376 0.006370
v -0.051409 -0.016970 0.003735
v -0.052991 -0.018702 0.023216
v -0.052454 -0.016899 0.010822
v -0.052514 -0.017707 0.015730
v -0.052677 -0.018151 0.019216
v -0.051370 -0.017616 0.007444
v -0.052667 -0.019718 0.025491
v -0.053722 -0.019427 0.027437
v -0.051071 -0.018827 0.011374
v -0.051483 -0.018962 0.014946
v -0.051255 -0.019810 0.018162
v -0.051192 -0.020598 0.022049
v -0.049528 -0.019317 0.003403
v -0.050384 -0.019055 0.008548
v -0.049301 -0.020098 0.007677
v -0.049972 -0.020651 0.014583
v -0.049432 -0.020763 0.011937
v -0.051113 -0.017461 0.003389
v -0.051717 -0.017380 0.001680
v -0.051252 -0.021461 0.026257
v -0.052839 -0.020571 0.027493
v -0.053146 -0.020116 0.027950
v -0.054551 -0.018059 0.027952
v -0.051842 -0.016575 0.000264
v -0.050803 -0.018227 0.000724
v -0.050620 -0.018528 0.001598
v -0.049995 -0.019160 0.000755
v -0.051412 -0.021989 0.027935
v -0.059069 0.006564 0.028153
v -0.053287 -0.015307 0.016973
v -0.054662 -0.013090 0.017179
v -0.053534 -0.015297 0.019891
v -0.053920 -0.013765 0.013498
v -0.053114 -0.015118 0.013985
v -0.054256 -0.014097 0.019356
v -0.054493 -0.013988 0.020848
v -0.053822 -0.015197 0.021860
v -0.053811 -0.013518 0.011692
v -0.052660 -0.014928 0.008937
v -0.053624 -0.013366 0.009206
v -0.053180 -0.013280 0.006110
v -0.052166 -0.014784 0.005763
v -0.051184 -0.017167 0.010433
v -0.051442 -0.017251 0.013128
v -0.052911 -0.016268 0.020631
v -0.051867 -0.017467 0.019038
v -0.052123 -0.017684 0.021451
v -0.052317 -0.016425 0.015842
v -0.051525 -0.017411 0.015497
v -0.051820 -0.015837 0.007862
v -0.052960 -0.017073 0.023729
v -0.050884 -0.019349 0.021798
v -0.050016 -0.019571 0.017144
v -0.050739 -0.018491 0.016838
v -0.050093 -0.019114 0.015412
v -0.050053 -0.018856 0.012520
v -0.051380 -0.019128 0.024379
v -0.050798 -0.017260 0.008552
v -0.053515 -0.016590 0.026037
v -0.053952 -0.015572 0.023136
v -0.050236 -0.017275 0.005750
v -0.050796 -0.016160 0.004113
v -0.049603 -0.017698 0.004016
v -0.049334 -0.019312 0.010233
v -0.050166 -0.018141 0.009367
v -0.049160 -0.019243 0.008793
v -0.049156 -0.020952 0.019760
v -0.049558 -0.020860 0.022117
v -0.048997 -0.018620 0.005505
v -0.048803 -0.018648 0.003550
v -0.048406 -0.019574 0.006251
v -0.047482 -0.020342 0.004679
v -0.050099 -0.020418 0.023723
v -0.049680 -0.020936 0.023367
v -0.050507 -0.020163 0.025030
v -0.049628 -0.021327 0.025952
v -0.047355 -0.021104 0.009015
v -0.047297 -0.020133 0.003074
v -0.046681 -0.020929 0.003356
v -0.048189 -0.021042 0.015261
v -0.048080 -0.020882 0.012811
v -0.051188 -0.019674 0.025854
v -0.052558 -0.018038 0.026031
v -0.054823 -0.014198 0.023781
v -0.054529 -0.014532 0.023016
v -0.052487 -0.013434 0.003670
v -0.051408 -0.015065 0.003801
v -0.048715 -0.021759 0.023027
v -0.055287 -0.012141 0.019301
v -0.055108 -0.013693 0.025533
v -0.053126 -0.012301 0.003717
v -0.053985 -0.011371 0.005193
v -0.055142 -0.013009 0.022663
v -0.054065 -0.014693 0.022459
v -0.054484 -0.011434 0.008575
v -0.054721 -0.011566 0.011420
v -0.055123 -0.011671 0.015279
v -0.046300 -0.022420 0.012369
v -0.047078 -0.022176 0.016675
v -0.047264 -0.022641 0.019989
v -0.046039 -0.023237 0.018123
v -0.046277 -0.022768 0.015852
v -0.046994 -0.023380 0.024927
v -0.047410 -0.022751 0.022280
v -0.048115 -0.022712 0.026047
v -0.045801 -0.021795 0.005306
v -0.045174 -0.022680 0.007569
v -0.045222 -0.022953 0.009784
v -0.054424 -0.015275 0.026268
v -0.055414 -0.013557 0.026473
v -0.046764 -0.023704 0.026087
v -0.044351 -0.024189 0.016092
v -0.044211 -0.023912 0.012279
v -0.043660 -0.023093 0.004157
v -0.044664 -0.022332 0.003497
v -0.045825 -0.024051 0.023966
v -0.045613 -0.024520 0.026104
v -0.045672 -0.023877 0.021833
v -0.044378 -0.024333 0.017642
v -0.044631 -0.024410 0.019645
v -0.044030 -0.024955 0.022226
v -0.054988 -0.009408 0.006306
v -0.055814 -0.011360 0.022327
v -0.056155 -0.010714 0.023112
v -0.056256 -0.009815 0.020252
v -0.054504 -0.009491 0.003764
v -0.053794 -0.010989 0.003963
v -0.056088 -0.011348 0.026103
v -0.055413 -0.009482 0.010516
v -0.055775 -0.009885 0.015258
v -0.056909 -0.009172 0.026157
v -0.055813 -0.012130 0.026199
v -0.056187 -0.009354 0.018330
v -0.056823 -0.007351 0.017436
v -0.056914 -0.007982 0.020459
v -0.056808 -0.008891 0.023431
v -0.055930 -0.008200 0.011227
v -0.055851 -0.007662 0.008843
v -0.056707 -0.006665 0.013995
v -0.054971 -0.008145 0.003718
v -0.049421 -0.017454 0.003375
v -0.056012 -0.006093 0.006228
v -0.057193 -0.005676 0.016311
v -0.057416 -0.006314 0.020970
v -0.056560 -0.005112 0.008820
v -0.056344 -0.006668 0.011217
v -0.057497 -0.006330 0.023905
v -0.057305 -0.007495 0.026209
v -0.056875 -0.004601 0.011266
v -0.057337 -0.004099 0.014574
v -0.055824 -0.005556 0.004595
v -0.056255 -0.003699 0.004557
v -0.056610 -0.003457 0.006642
v -0.057882 -0.003970 0.021020
v -0.057917 -0.004131 0.022911
v -0.057512 -0.004557 0.017032
v -0.055938 -0.004391 0.004073
v -0.057692 -0.005418 0.025585
v -0.057785 -0.006016 0.026472
v -0.055496 -0.006028 0.004122
v -0.057627 -0.003242 0.016553
v -0.056903 -0.002657 0.008166
v -0.057975 -0.002355 0.018610
v -0.058260 -0.001375 0.020857
v -0.057223 -0.002143 0.011127
v -0.057517 -0.002091 0.013695
v -0.058113 -0.002718 0.024415
v -0.058167 -0.002350 0.026298
v -0.057784 -0.005174 0.026308
v -0.058383 -0.000446 0.024592
v -0.058463 0.000222 0.026411
v -0.056409 -0.001736 0.004041
v -0.057691 -0.000316 0.014549
v -0.055831 -0.014317 0.027741
v -0.055208 -0.015412 0.027613
v -0.054253 -0.016245 0.026750
v -0.055526 -0.014937 0.027909
v -0.054420 -0.016568 0.027879
v -0.053992 -0.017000 0.027744
v -0.053721 -0.017724 0.027794
v -0.053258 -0.017733 0.026710
v -0.052987 -0.018702 0.027777
v -0.052126 -0.019348 0.026671
v -0.052606 -0.019235 0.027864
v -0.051962 -0.019794 0.027525
v -0.050810 -0.020764 0.026601
v -0.051399 -0.020596 0.027808
v -0.050568 -0.021457 0.027812
v -0.049824 -0.022081 0.027776
v -0.049082 -0.022491 0.026642
v -0.048916 -0.023016 0.027826
v -0.056480 -0.013011 0.027777
v -0.056942 -0.011909 0.027776
v -0.056847 -0.011508 0.027287
v -0.057219 -0.010749 0.027793
v -0.057147 -0.009607 0.026759
v -0.057547 -0.009906 0.027656
v -0.057987 -0.008746 0.027617
v -0.058223 -0.000219 0.019648
v -0.057031 -0.000267 0.007978
v -0.058367 -0.000182 0.022014
v -0.057242 0.000725 0.010072
v -0.058715 -0.001000 0.027379
v -0.056425 -0.000548 0.003959
v -0.058020 0.000823 0.018412
v -0.047996 -0.023541 0.027515
v -0.047401 -0.023822 0.026654
v -0.047283 -0.024317 0.027841
v -0.045577 -0.025092 0.026703
v -0.046453 -0.025021 0.027818
v -0.057381 0.001607 0.011595
v -0.056685 0.001634 0.005849
v -0.056910 0.001579 0.007803
v -0.058718 0.000779 0.027368
v -0.058252 0.001623 0.020732
v -0.057676 0.001573 0.015279
v -0.056372 0.001261 0.003911
v -0.056046 -0.001903 0.003769
v -0.058685 0.001796 0.027289
v -0.048193 -0.018972 0.003115
v -0.058313 0.001335 0.025099
v -0.058254 -0.006142 0.027335
v -0.046527 -0.020801 0.003008
v -0.058367 -0.007375 0.027721
v -0.050368 -0.016264 0.003729
v -0.056376 0.002190 0.004312
v -0.056426 0.003515 0.005253
v -0.057098 0.002957 0.010320
v -0.058757 -0.005814 0.027787
v -0.058240 -0.004286 0.026767
v -0.058754 -0.003629 0.027334
v -0.058730 -0.005390 0.027855
v -0.059151 -0.003178 0.027884
v -0.057328 0.003735 0.014146
v -0.057507 0.002998 0.015295
v -0.057836 0.003432 0.019423
v -0.059169 -0.001948 0.027911
v -0.059181 0.000007 0.028169
v -0.059107 0.001170 0.027995
v -0.058112 0.002758 0.024182
v -0.057237 0.005246 0.016739
v -0.058138 0.002421 0.026349
v -0.057705 0.005319 0.024030
v -0.057877 0.004058 0.026073
v -0.058168 0.003633 0.026734
v -0.057879 0.004077 0.021852
v -0.057586 0.006100 0.025912
v -0.056339 0.005822 0.007915
v -0.059109 -0.001137 0.028035
v -0.057375 0.006086 0.020207
v -0.058627 0.003219 0.027289
v -0.058802 0.003856 0.027895
v -0.056972 0.005100 0.013263
v -0.056496 0.005942 0.010430
v -0.057690 0.005828 0.026377
v -0.057288 0.007839 0.026212
v -0.057151 0.007828 0.023738
v -0.055925 0.006842 0.006484
v -0.056842 0.007113 0.017363
v -0.058279 0.006238 0.027273
v -0.058423 0.007231 0.027850
v -0.056455 0.007296 0.013058
v -0.055888 0.005387 0.004685
v -0.055974 0.003686 0.004047
v -0.055354 0.007747 0.004935
v -0.055930 0.008163 0.010600
v -0.056908 0.007839 0.020186
v -0.054921 0.008981 0.004451
v -0.056537 0.009208 0.020511
v -0.056694 0.009607 0.024304
v -0.056916 0.009162 0.026039
v -0.056843 0.010167 0.026670
v -0.054992 0.007860 0.004402
v -0.056343 0.008820 0.018227
v -0.058004 0.009397 0.027802
v -0.055710 0.009903 0.013703
v -0.055603 0.010886 0.017350
v -0.055707 0.011099 0.019363
v -0.054679 0.010796 0.006793
v -0.054280 0.011249 0.004918
v -0.054605 0.010003 0.004087
v -0.055961 0.011170 0.021919
v -0.055742 0.012170 0.023699
v -0.054837 0.011241 0.010812
v -0.056196 0.011027 0.026205
v -0.055546 0.013009 0.026416
v -0.054881 0.012953 0.018244
v -0.054941 0.012052 0.014587
v -0.054720 0.013649 0.020231
v -0.054598 0.013157 0.016937
v -0.055395 0.006637 0.004504
v -0.053748 0.013264 0.008762
v -0.054291 0.012991 0.013271
v -0.054129 0.011074 0.004097
v -0.054302 0.015159 0.024075
v -0.054662 0.014687 0.026083
v -0.054793 0.014923 0.026668
v -0.056508 0.012314 0.027333
v -0.057107 0.011268 0.027797
v -0.056246 0.013545 0.027815
v -0.055560 0.014328 0.027177
v -0.054031 0.014357 0.017526
v -0.054002 0.014794 0.019423
v -0.053709 0.013923 0.012378
v -0.053492 0.012566 0.004699
v -0.055318 0.015214 0.027766
v -0.053619 0.016498 0.026278
v -0.053324 0.015855 0.019692
v -0.053052 0.015006 0.012830
v -0.053521 0.014918 0.016443
v -0.054171 0.016635 0.027084
v -0.052801 0.014752 0.008679
v -0.055527 0.005000 0.004215
v -0.054339 0.016852 0.027809
v -0.052915 0.017134 0.023452
v -0.052654 0.016955 0.020488
v -0.052536 0.013877 0.004628
v -0.053520 0.018030 0.027779
v -0.051721 0.016562 0.011142
v -0.051887 0.016819 0.014804
v -0.051459 0.017822 0.017602
v -0.052646 0.018657 0.026938
v -0.051500 0.018737 0.022126
v -0.050539 0.019421 0.019457
v -0.051784 0.018750 0.025051
v -0.051948 0.018771 0.026302
v -0.052540 0.019341 0.027770
v -0.050222 0.019120 0.016590
v -0.051809 0.015507 0.007162
v -0.050941 0.016921 0.008388
v -0.049834 0.018510 0.009842
v -0.049575 0.019400 0.014077
v -0.048864 0.020704 0.016766
v -0.052981 0.017458 0.026359
v -0.049671 0.020962 0.023673
v -0.050179 0.020629 0.025965
v -0.049764 0.020647 0.022213
v -0.049923 0.017769 0.007217
v -0.048761 0.018755 0.004914
v -0.050331 0.016817 0.005872
v -0.050709 0.016534 0.006707
v -0.051241 0.015516 0.005918
v -0.050799 0.020757 0.026811
v -0.051579 0.020470 0.027770
v -0.050821 0.020165 0.026341
v -0.001611 -0.000302 0.006200
v -0.001346 0.002168 0.010063
v -0.001241 -0.000170 0.010473
v -0.001700 0.001649 0.006087
v -0.000968 0.002070 0.013145
v -0.000715 0.000146 0.014488
v -0.000634 0.001685 0.015454
v -0.000266 0.000034 0.018012
v -0.000236 0.001840 0.018474
v -0.001609 0.003837 0.009637
v -0.001494 0.004928 0.012027
v -0.001898 0.005829 0.009754
v -0.000808 0.004229 0.016387
v -0.000677 0.003055 0.016533
v -0.000563 0.004064 0.018131
v -0.002293 0.005748 0.006693
v -0.000689 0.005411 0.018981
v -0.002041 0.005776 0.009000
v -0.002097 0.003472 0.004181
v -0.001944 0.001992 0.003284
v -0.001757 -0.000131 0.002990
v -0.002057 0.001244 0.001622
v -0.002450 0.004335 0.001647
v -0.002473 0.005537 0.004430
v -0.001274 0.006760 0.016660
v -0.001049 0.007007 0.018670
v -0.001474 0.005792 0.013791
v -0.001798 0.009554 0.016078
v -0.000768 0.006879 0.020196
v -0.003045 0.007106 0.001633
v -0.002621 0.007559 0.007441
v -0.003010 0.007735 0.004232
v -0.002361 0.008205 0.010434
v -0.001927 0.007552 0.014047
v -0.002108 0.008523 0.013686
v -0.002167 0.009310 0.014649
v -0.002580 0.009591 0.011941
v -0.001702 0.009522 0.018351
v -0.001399 0.009202 0.020348
v -0.003173 0.009752 0.007958
v -0.003541 0.009633 0.004930
v -0.003769 0.009473 0.001739
v -0.003688 0.009692 0.003220
v -0.000640 0.007861 0.021895
v -0.000227 0.003974 0.019237
v 0.000160 -0.001539 0.019491
v -0.002761 0.011088 0.015298
v -0.002219 -0.000400 0.000859
v -0.002035 -0.001424 0.001626
v -0.003647 0.011296 0.009042
v -0.003262 0.011632 0.013241
v -0.003433 0.011451 0.011349
v -0.004632 0.011586 0.001622
v -0.002992 0.005746 0.000957
v -0.001334 0.009495 0.021919
v -0.002383 0.011378 0.019550
v -0.002637 0.011418 0.017068
v -0.003899 0.011345 0.007690
v -0.004422 0.011489 0.003625
v -0.005139 0.012884 0.003472
v -0.000943 0.009235 0.023363
v -0.002328 0.011647 0.021565
v -0.000100 0.005210 0.020328
v -0.003969 0.013300 0.014634
v -0.003770 0.013403 0.016203
v -0.003416 0.013376 0.019538
v -0.005333 0.012880 0.001894
v -0.004324 0.013134 0.011080
v -0.002349 0.012012 0.023870
v -0.002982 0.013098 0.022848
v -0.002998 0.013586 0.024698
v -0.005144 0.013565 0.007268
v -0.005364 0.013337 0.004515
v -0.006115 0.014484 0.004229
v -0.004006 0.014861 0.022186
v -0.005308 0.014626 0.010481
v -0.004343 0.015669 0.023660
v -0.003877 0.015438 0.025309
v -0.001266 0.010631 0.025136
v -0.001874 0.011914 0.025407
v -0.005243 0.015190 0.013540
v -0.004349 0.015107 0.020326
v -0.004901 0.015464 0.017112
v -0.006354 0.014465 0.001426
v -0.006971 0.015576 0.001910
v -0.006691 0.015469 0.003678
v -0.006465 0.015277 0.005299
v -0.006320 0.015695 0.008644
v -0.002624 0.013742 0.025945
v -0.005395 0.016978 0.021891
v -0.005112 0.017465 0.025629
v -0.005887 0.017296 0.019454
v -0.006040 0.017107 0.017164
v -0.006825 0.017449 0.013443
v -0.006563 0.016829 0.012344
v -0.004299 0.009721 0.000783
v -0.003623 0.007465 0.000732
v -0.004751 0.011279 0.000972
v -0.005779 0.017719 0.023510
v -0.007092 0.017062 0.010274
v -0.007348 0.016738 0.006593
v -0.007612 0.017441 0.008652
v -0.006600 0.018878 0.023648
v -0.006829 0.018746 0.020883
v -0.008190 0.017466 0.004723
v -0.008250 0.017215 0.001624
v -0.007485 0.018633 0.015452
v -0.007810 0.019424 0.017893
v -0.000188 0.007765 0.022808
v 0.000177 0.006055 0.021370
v 0.001500 0.004164 0.021354
v -0.008943 0.018426 0.005089
v -0.007977 0.019956 0.020241
v -0.008408 0.018833 0.011442
v -0.009786 0.018983 0.002302
v -0.007862 0.020473 0.024471
v -0.006142 0.019048 0.026007
v -0.008532 0.020837 0.022221
v -0.006027 0.013067 0.000778
v -0.009385 0.019329 0.008121
v -0.008644 0.021481 0.025319
v -0.000751 0.009423 0.024129
v -0.002488 0.002004 0.000793
v -0.003216 0.015575 0.026565
v -0.007552 0.020505 0.025883
v -0.009270 0.020499 0.015479
v -0.009279 0.020988 0.018412
v -0.009922 0.020854 0.013950
v -0.008426 0.021731 0.026339
v -0.010801 0.020884 0.009667
v -0.010006 0.020503 0.011692
v -0.011223 0.020731 0.005185
v -0.011217 0.020571 0.004378
v 0.000074 0.009066 0.024910
v -0.007286 0.015265 0.000887
v -0.008888 0.017230 0.000796
v -0.012563 0.021623 0.002054
v -0.011517 0.020714 0.003002
v -0.010991 0.020037 0.001543
v -0.010076 0.018794 0.000993
v 0.000532 0.003814 0.020360
v -0.011865 0.021530 0.007330
v 0.000529 0.002587 0.020285
v -0.002110 0.014372 0.027163
v 0.000774 0.009128 0.025975
v -0.001147 0.012541 0.026932
v -0.000111 0.010488 0.026576
v -0.000622 0.011513 0.027298
v -0.001537 0.013252 0.027246
v 0.000478 0.009590 0.026771
v 0.000107 0.009856 0.027366
v -0.003380 0.016469 0.027008
v -0.003273 0.016134 0.027611
v -0.004099 0.017496 0.027593
v -0.004529 0.018080 0.027018
v -0.005283 0.019080 0.027601
v -0.005745 0.019656 0.027092
v -0.006525 0.020543 0.027601
v -0.007000 0.021018 0.027089
v -0.008190 0.022370 0.027609
v -0.008754 0.022790 0.027041
v -0.009565 0.023555 0.027403
v -0.010480 0.024186 0.026990
v 0.000569 0.000620 0.020220
v -0.000593 -0.001738 0.016190
v -0.000231 -0.002067 0.018439
v -0.001078 -0.001540 0.012655
v -0.001607 -0.001125 0.007314
v -0.001756 -0.001743 0.005502
v -0.000379 -0.004056 0.018854
v -0.000843 -0.003834 0.016159
v -0.002106 -0.002450 0.002104
v -0.001823 -0.003408 0.009013
v -0.001373 -0.004121 0.012892
v -0.001829 -0.005703 0.010691
v -0.002175 -0.005897 0.008362
v -0.002397 -0.005129 0.004392
v -0.002611 -0.005177 0.001708
v -0.001572 -0.005819 0.013464
v -0.002513 -0.003582 0.001127
v -0.002511 -0.002297 0.000725
v -0.001342 -0.006724 0.016367
v 0.000243 -0.004213 0.020224
v -0.002097 -0.007512 0.011161
v 0.000965 -0.001819 0.020741
v -0.000617 -0.006028 0.019510
v -0.001254 -0.008236 0.018322
v -0.000269 -0.005790 0.020637
v -0.001734 -0.009435 0.016587
v -0.002175 -0.009166 0.014495
v -0.002681 -0.008776 0.009158
v -0.002764 -0.007548 0.006230
v -0.002947 -0.007185 0.003400
v -0.003243 -0.007898 0.002162
v -0.002340 -0.009113 0.012806
v -0.003287 -0.009255 0.005904
v -0.003010 -0.005222 0.000799
v -0.003458 -0.007897 0.001279
v 0.000302 -0.005911 0.021858
v -0.000778 -0.008359 0.022395
v -0.001731 -0.009835 0.018402
v -0.003691 -0.007820 0.000808
v -0.004246 -0.010447 0.001613
v -0.003681 -0.009835 0.004452
v -0.002921 -0.011206 0.014325
v -0.003162 -0.010808 0.011057
v -0.004341 -0.009951 0.000939
v -0.003848 -0.012045 0.010057
v -0.004678 -0.012036 0.004318
v -0.000061 -0.006761 0.022508
v -0.000181 -0.007730 0.023782
v -0.000666 -0.009327 0.024582
v -0.001270 -0.009733 0.022943
v -0.001902 -0.010770 0.020912
v -0.002207 -0.011082 0.019747
v -0.002618 -0.012724 0.023683
v -0.003100 -0.012313 0.016657
v -0.003359 -0.013319 0.019063
v -0.001846 -0.011321 0.024262
v -0.002806 -0.013787 0.025562
v -0.004464 -0.014154 0.013831
v -0.004706 -0.013198 0.008477
v -0.005846 -0.013450 0.001497
v -0.001883 0.013188 0.027739
v -0.004649 -0.015061 0.016635
v -0.003423 -0.004976 0.000450
v 0.001324 0.001921 0.020941
v -0.001081 -0.010901 0.025768
v -0.005894 -0.014376 0.005037
v -0.005436 -0.012019 0.000810
v -0.004086 -0.014802 0.020587
v -0.003498 -0.014377 0.024061
v -0.003925 -0.015594 0.025291
v -0.002998 -0.014661 0.026228
v -0.006090 -0.015617 0.009080
v -0.005599 -0.015962 0.014033
v -0.004825 -0.016335 0.022756
v -0.005038 -0.017081 0.024738
v -0.005012 -0.017611 0.026032
v -0.007227 -0.015698 0.001684
v -0.006821 -0.016050 0.006148
v -0.003889 -0.016226 0.026315
v -0.005452 -0.016776 0.019618
v -0.001035 -0.012021 0.026999
v -0.000081 -0.010160 0.026439
v -0.001800 -0.013499 0.027050
v -0.002740 -0.015263 0.027044
v -0.006557 -0.018142 0.018960
v -0.006306 -0.016812 0.013350
v -0.007140 -0.017167 0.009616
v -0.006247 -0.018226 0.022319
v -0.007279 -0.015114 0.000827
v -0.007766 -0.017206 0.005661
v -0.007923 -0.016640 0.001712
v -0.006901 -0.019655 0.025291
v -0.008227 -0.018357 0.009200
v -0.006063 -0.018975 0.025980
v -0.007316 -0.019374 0.021152
v -0.003803 -0.017075 0.027058
v -0.003324 -0.016273 0.027610
v -0.002830 -0.015070 0.027850
v -0.004045 -0.017425 0.027645
v -0.004700 -0.018258 0.027069
v -0.005261 -0.019210 0.027585
v -0.006096 -0.020262 0.027379
v -0.008038 -0.019474 0.016497
v -0.008627 -0.019370 0.012672
v -0.009194 -0.018754 0.005049
v -0.009723 -0.018730 0.002048
v -0.007808 -0.020963 0.026036
v -0.007527 -0.021859 0.027410
v -0.007068 -0.021306 0.027762
v -0.009043 -0.017347 0.000819
v -0.009372 -0.018046 0.001203
v -0.009961 -0.019956 0.007686
v -0.008224 -0.020656 0.022959
v -0.009337 -0.021205 0.019258
v -0.009005 -0.021745 0.024852
v 0.000545 -0.008344 0.025355
v 0.001066 -0.008229 0.026329
v -0.008734 -0.023033 0.027749
v 0.000259 -0.007444 0.023960
v -0.008129 0.021963 0.027966
v -0.002830 -0.015070 0.027850
v -0.002864 -0.013833 0.027797
v -0.003607 -0.015354 0.027814
v -0.001988 -0.012283 0.027841
v -0.004522 -0.016844 0.027901
v -0.004045 -0.017425 0.027645
v -0.005426 -0.018845 0.027986
v -0.001870 -0.013387 0.027603
v -0.001013 -0.011142 0.027817
v -0.001129 -0.010295 0.027716
v -0.000252 -0.009373 0.027729
v -0.005597 -0.018205 0.027847
v -0.006561 -0.019540 0.027811
v -0.006865 -0.020749 0.027946
v -0.007399 -0.020786 0.027790
v -0.000679 -0.009095 0.027537
v -0.000028 -0.007536 0.027411
v -0.008744 -0.021997 0.027738
v -0.009095 -0.023023 0.027943
v -0.009828 -0.023057 0.027790
v -0.011469 -0.025121 0.028001
v -0.011339 -0.024076 0.027773
v -0.013062 -0.026260 0.028005
v -0.013111 -0.025302 0.027755
v -0.014712 -0.026286 0.027718
v -0.016291 -0.027672 0.027943
v -0.016773 -0.027298 0.027727
v -0.018297 -0.028602 0.027964
v -0.018657 -0.028128 0.027730
v -0.020659 -0.029399 0.028007
v -0.021373 -0.028937 0.027811
v -0.023731 -0.029367 0.027831
v -0.024038 -0.029936 0.028033
v -0.026076 -0.029650 0.027857
v -0.028622 -0.029783 0.027825
v -0.025650 -0.030457 0.028060
v -0.030710 -0.029867 0.027834
v -0.015484 -0.027666 0.027838
v -0.031844 -0.030361 0.028072
v -0.030230 -0.030899 0.027955
v -0.027833 -0.030787 0.027979
v -0.035506 -0.030064 0.028065
v -0.035395 -0.029360 0.027865
v -0.038274 -0.029275 0.028094
v -0.037326 -0.028900 0.027866
v -0.038931 -0.028373 0.027862
v -0.040358 -0.028369 0.028031
v -0.041118 -0.028618 0.027984
v -0.041616 -0.027417 0.027869
v -0.043066 -0.027475 0.028068
v -0.042715 -0.026946 0.027864
v -0.043675 -0.026483 0.027843
v -0.045577 -0.026134 0.027969
v -0.044953 -0.025850 0.027813
v -0.046453 -0.025021 0.027818
v -0.032214 -0.029784 0.027840
v -0.040276 -0.027950 0.027849
v -0.017965 -0.028740 0.027713
v -0.044286 -0.027271 0.027846
v -0.038133 -0.029665 0.027928
v 0.000525 -0.007434 0.027654
v 0.000473 -0.005859 0.027553
v 0.001015 -0.005911 0.027647
v 0.001056 -0.003160 0.027779
v -0.023647 -0.030215 0.027801
v -0.021446 -0.029826 0.027711
v -0.035500 -0.030266 0.027927
v -0.008734 -0.023033 0.027749
v -0.007068 -0.021306 0.027762
v 0.000710 -0.008281 0.027302
v -0.010179 -0.024342 0.027716
v 0.000624 -0.002898 0.027393
v -0.000268 -0.010530 0.027274
v -0.005261 -0.019210 0.027585
v 0.001365 0.003960 0.025781
v 0.001126 -0.000122 0.026558
v 0.001259 -0.000288 0.025933
v 0.001203 -0.003557 0.026578
v 0.001334 -0.003132 0.025957
v 0.001355 -0.004796 0.025993
v 0.001109 0.006019 0.026435
v 0.001260 -0.005841 0.027341
v 0.001424 -0.006551 0.026059
v 0.001066 -0.008229 0.026329
v 0.001172 0.005776 0.027041
v 0.000998 0.008057 0.026346
v 0.001306 -0.001150 0.027188
v 0.001285 -0.000567 0.027508
v 0.001295 0.004988 0.027323
v 0.000763 0.007365 0.027369
v 0.000710 -0.008281 0.027302
v 0.000931 0.005675 0.027654
v 0.000478 0.009590 0.026771
v 0.000774 0.009128 0.025975
v 0.000541 -0.009264 0.026908
v 0.001389 -0.007961 0.025780
v 0.001433 0.006919 0.025952
v 0.000107 0.009856 0.027366
v 0.001056 -0.003160 0.027779
v 0.000995 0.003850 0.027763
v 0.001493 0.008486 0.025259
v 0.001015 -0.005911 0.027647
v -0.000268 -0.010530 0.027274
v 0.001006 -0.000061 0.027800
v -0.000081 -0.010160 0.026439
v -0.001035 -0.012021 0.026999
v -0.001870 -0.013387 0.027603
v -0.001800 -0.013499 0.027050
v -0.002830 -0.015070 0.027850
v -0.002740 -0.015263 0.027044
v -0.053723 -0.013597 0.000465
v -0.054837 -0.010893 0.000465
v -0.054188 -0.010989 0.000204
v -0.052442 -0.014673 0.000180
v -0.052714 -0.015753 0.000528
v -0.054809 -0.008817 0.000175
v -0.056002 -0.006916 0.000443
v -0.055353 -0.006459 0.000210
v -0.055993 -0.004125 0.000263
v -0.056906 -0.002204 0.000505
v -0.056451 -0.000656 0.000304
v -0.056843 0.001118 0.000446
v -0.056103 0.001947 0.000304
v -0.052881 -0.012738 0.000187
v -0.056131 0.005373 0.000489
v -0.055836 0.004386 0.000376
v -0.055327 0.008160 0.000487
v -0.054268 -0.008461 0.000263
v -0.053471 -0.010068 0.000410
v -0.051842 -0.016575 0.000264
v -0.055845 0.007882 0.000812
v -0.054884 0.010251 0.000719
v -0.019835 0.016911 0.000385
v -0.021724 0.017455 0.000383
v -0.020009 0.019136 0.000473
v -0.022653 0.014759 0.000350
v -0.018298 0.014034 0.000325
v -0.017432 0.017258 0.000335
v -0.020748 0.013275 0.000342
v -0.018872 0.011813 0.000340
v -0.020907 0.010932 0.000349
v -0.022775 0.011703 0.000425
v -0.015743 0.012873 0.000270
v -0.014968 0.009748 0.000237
v -0.017913 0.009209 0.000321
v -0.016325 0.015420 0.000346
v -0.013294 0.012357 0.000277
v -0.012749 0.007850 0.000239
v -0.014607 0.007687 0.000264
v -0.014486 0.014481 0.000249
v -0.012478 0.016263 0.000217
v -0.014672 0.017572 0.000298
v -0.018172 0.020207 0.000294
v -0.016932 0.018674 0.000307
v -0.010823 0.013271 0.000212
v -0.008621 0.013577 0.000136
v -0.008090 0.012044 0.000138
v -0.010931 0.011213 0.000230
v -0.009728 0.009303 0.000218
v -0.011940 0.009885 0.000186
v -0.019172 0.009567 0.000244
v -0.023889 0.017381 0.000453
v -0.022609 0.018456 0.000439
v -0.025461 0.019397 0.000528
v -0.023124 0.020311 0.000484
v -0.026095 0.016292 0.000445
v -0.028319 0.015705 0.000473
v -0.028313 0.017662 0.000537
v -0.026596 0.014112 0.000389
v -0.028009 0.013692 0.000465
v -0.025808 0.011970 0.000446
v -0.027993 0.010818 0.000453
v -0.026709 0.009927 0.000365
v -0.028703 0.007956 0.000472
v -0.026465 0.007788 0.000399
v -0.025296 0.011038 0.000447
v -0.021055 0.019374 0.000277
v -0.015897 0.007945 0.000111
v -0.017695 0.007393 0.000246
v -0.019163 0.006295 0.000166
v -0.015748 0.006491 0.000216
v -0.013545 0.015595 0.000150
v -0.014019 0.005914 0.000039
v -0.014547 0.004308 0.000141
v -0.018362 0.005547 0.000267
v -0.020236 0.020499 0.000388
v -0.020483 0.005511 0.000256
v -0.017274 0.015607 0.000233
v -0.007436 0.013519 0.000294
v -0.024899 0.017635 0.000355
v -0.006033 0.012043 0.000450
v -0.010097 0.016124 0.000147
v -0.014997 -0.022001 0.000464
v -0.012579 -0.019497 0.000445
v -0.013024 -0.020918 0.000610
v -0.014349 -0.019867 0.000362
v -0.013480 -0.018440 0.000236
v -0.011128 -0.018497 0.000409
v -0.012378 -0.017037 0.000321
v -0.010547 -0.015765 0.000349
v -0.009016 -0.016516 0.000455
v -0.009014 -0.015085 0.000440
v -0.007698 -0.014822 0.000474
v -0.008801 -0.013228 0.000344
v -0.006066 -0.011867 0.000397
v -0.008155 -0.011876 0.000339
v -0.007161 -0.011031 0.000356
v -0.005920 -0.010432 0.000303
v -0.016244 -0.019629 0.000429
v -0.007600 -0.009168 0.000340
v -0.015887 -0.021853 0.000388
v -0.004491 -0.008459 0.000419
v -0.015225 -0.017127 0.000481
v -0.016087 -0.018074 0.000413
v -0.009868 -0.014622 0.000258
v -0.008335 -0.010820 0.000154
v -0.009843 -0.012565 0.000394
v -0.011236 -0.019620 0.000840
v -0.009043 -0.017347 0.000819
v -0.005436 -0.012019 0.000810
v -0.004341 -0.009951 0.000939
v -0.007279 -0.015114 0.000827
v -0.003691 -0.007820 0.000808
v -0.003010 -0.005222 0.000799
v -0.003423 -0.004976 0.000450
v -0.002513 -0.003582 0.001127
v -0.007520 0.014669 0.000482
v -0.006027 0.013067 0.000778
v -0.004751 0.011279 0.000972
v -0.004755 0.010035 0.000530
v -0.004299 0.009721 0.000783
v -0.003623 0.007465 0.000732
v -0.003886 0.006729 0.000442
v -0.006028 0.010255 0.000197
v -0.009408 0.017143 0.000427
v -0.005366 0.008555 0.000302
v -0.011639 0.017841 0.000130
v -0.011061 0.019167 0.000566
v -0.012631 0.020230 0.000436
v -0.013953 0.019721 0.000212
v -0.014755 0.021553 0.000371
v -0.012478 0.020857 0.000770
v -0.007286 0.015265 0.000887
v -0.002992 0.005746 0.000957
v -0.008888 0.017230 0.000796
v -0.003348 0.004100 0.000403
v -0.002488 0.002004 0.000793
v -0.002913 0.001515 0.000428
v -0.002729 -0.000570 0.000408
v -0.002219 -0.000400 0.000859
v -0.006354 0.014465 0.001426
v -0.010076 0.018794 0.000993
v -0.010991 0.020037 0.001543
v -0.016744 -0.023094 0.000498
v -0.017237 -0.022386 0.000320
v -0.018615 -0.023826 0.000467
v -0.017427 -0.024037 0.000878
v -0.020742 -0.025408 0.000868
v -0.020394 -0.024444 0.000465
v -0.024086 -0.025602 0.000454
v -0.024223 -0.026383 0.000871
v -0.026554 -0.026300 0.000455
v -0.015235 -0.022823 0.000870
v -0.026630 -0.026910 0.000889
v -0.028718 -0.027007 0.000845
v -0.029066 -0.026373 0.000444
v -0.031666 -0.026886 0.000759
v -0.032025 -0.026300 0.000435
v -0.035477 -0.026396 0.000778
v -0.035993 -0.025562 0.000450
v -0.037930 -0.025987 0.000887
v -0.039029 -0.025083 0.000455
v -0.040314 -0.025215 0.000819
v -0.041993 -0.024116 0.000387
v -0.045747 0.021749 0.000833
v -0.047641 0.020804 0.000979
v -0.045357 0.022611 0.000993
v -0.044529 0.022367 0.000690
v -0.048347 0.019702 0.000777
v -0.043499 0.023140 0.000715
v -0.043509 0.024141 0.001539
v -0.041739 0.024525 0.000777
v -0.046586 0.022008 0.001368
v -0.049096 0.019924 0.001605
v -0.049553 0.018741 0.000861
v -0.050569 0.018166 0.001325
v -0.051500 0.016585 0.000876
v -0.044928 0.023371 0.001765
v -0.041370 0.025324 0.001762
v -0.039866 0.025385 0.000911
v -0.038249 0.026091 0.001051
v -0.047689 0.021325 0.002113
v -0.045889 0.022785 0.002391
v -0.014288 -0.002427 0.000195
v -0.013656 -0.001241 0.000000
v -0.012788 -0.001900 0.000252
v -0.009399 0.007352 0.000161
v -0.008083 0.008237 0.000070
v -0.009600 0.005813 0.000146
v -0.011358 0.005434 0.000188
v -0.013062 0.005159 0.000243
v -0.012618 0.002631 0.000202
v -0.010078 0.003891 0.000206
v -0.009636 0.001695 0.000182
v -0.010033 0.000008 0.000168
v -0.013354 0.000685 0.000198
v -0.014616 0.001776 0.000211
v -0.007268 0.001752 0.000215
v -0.007508 0.004493 0.000231
v -0.006171 0.004529 0.000214
v -0.006649 -0.000153 0.000181
v -0.007440 -0.001444 0.000211
v -0.009424 -0.002114 0.000170
v -0.011403 -0.004099 0.000232
v -0.011556 -0.001928 0.000228
v -0.005153 0.000771 0.000234
v -0.004824 0.002859 0.000244
v -0.009749 -0.004400 0.000237
v -0.012043 -0.005406 0.000262
v -0.007236 -0.003935 0.000222
v -0.009709 -0.006963 0.000259
v -0.007502 -0.006080 0.000297
v -0.008664 -0.008197 0.000227
v -0.003490 0.001005 0.000245
v -0.005261 -0.001655 0.000252
v -0.003176 -0.002403 0.000337
v -0.011377 -0.008645 0.000353
v -0.013102 -0.007332 0.000368
v -0.016538 0.001069 0.000292
v -0.013907 -0.005717 0.000230
v -0.014179 -0.003315 0.000130
v -0.006156 -0.003152 0.000156
v -0.006161 0.006322 0.000108
v -0.004099 -0.003227 0.000247
v -0.015016 -0.007702 0.000366
v -0.012914 -0.009369 0.000467
v -0.015565 -0.005010 0.000290
v -0.015617 -0.006914 0.000215
v -0.017026 -0.006049 0.000311
v -0.017849 -0.004771 0.000243
v -0.016463 -0.003298 0.000285
v -0.016494 -0.001844 0.000201
v -0.017332 -0.002914 0.000180
v -0.006033 -0.007012 0.000195
v -0.006141 -0.004707 0.000276
v -0.004224 -0.004799 0.000307
v -0.018898 -0.002189 0.000277
v -0.015712 -0.000555 0.000162
v -0.018263 -0.007304 0.000216
v -0.019551 -0.005311 0.000303
v -0.020434 -0.007100 0.000312
v -0.020140 -0.008637 0.000383
v -0.009180 -0.009153 0.000322
v -0.010802 -0.011203 0.000445
v -0.017913 -0.009454 0.000387
v -0.017106 -0.007682 0.000378
v -0.005228 0.005719 0.000288
v -0.013963 -0.008821 0.000261
v -0.008139 -0.005051 0.000149
v -0.017111 0.000186 0.000207
v -0.018146 0.001504 0.000211
v -0.016503 0.003781 0.000240
v -0.011753 -0.010708 0.000322
v -0.005183 -0.007996 0.000322
v -0.015508 0.002856 0.000091
v -0.014668 -0.010122 0.000399
v -0.012886 -0.012131 0.000425
v -0.007483 0.007121 0.000274
v -0.006986 0.009197 0.000229
v -0.002511 -0.002297 0.000725
v -0.016331 0.022384 0.000276
v -0.017680 0.023550 0.000401
v -0.015524 0.022657 0.000524
v -0.018188 0.023107 0.000217
v -0.020086 0.024824 0.000568
v -0.020020 0.023595 0.000267
v -0.020976 0.023584 0.000190
v -0.021480 0.025532 0.000603
v -0.023222 0.025032 0.000303
v -0.024204 0.026226 0.000577
v -0.025848 0.026561 0.000602
v -0.026324 0.025975 0.000371
v -0.029029 0.027099 0.000800
v -0.018375 0.024707 0.000860
v -0.028040 0.026331 0.000446
v -0.029406 0.026531 0.000429
v -0.030218 0.026980 0.000667
v -0.014740 0.022759 0.000926
v -0.013696 0.022140 0.001191
v -0.017083 0.024049 0.000976
v -0.019623 0.025658 0.001675
v -0.016871 0.021216 0.000222
v -0.020074 0.022035 0.000272
v -0.015361 0.019610 0.000125
v -0.023505 0.022122 0.000389
v -0.024285 0.024287 0.000318
v -0.039559 0.025028 0.000681
v -0.036744 0.025771 0.000542
v -0.035376 0.026539 0.000785
v -0.034126 0.025757 0.000446
v -0.036694 0.026674 0.001420
v -0.033752 0.027242 0.001280
v -0.033187 0.026796 0.000642
v -0.031729 0.027463 0.001187
v -0.031087 0.026833 0.000476
v -0.033734 0.019691 0.000558
v -0.031294 0.021360 0.000503
v -0.030050 0.019227 0.000560
v -0.033541 0.021601 0.000521
v -0.034990 0.020224 0.000557
v -0.033114 0.017824 0.000716
v -0.031014 0.022593 0.000432
v -0.029275 0.021297 0.000455
v -0.026415 0.018372 0.000487
v -0.027381 0.021988 0.000454
v -0.029330 0.022746 0.000387
v -0.034789 0.017635 0.000723
v -0.037097 0.022664 0.000615
v -0.038252 0.020334 0.000786
v -0.039093 0.022663 0.000754
v -0.041005 0.021031 0.000826
v -0.030854 0.017387 0.000573
v -0.031751 0.024247 0.000513
v -0.033652 0.024277 0.000538
v -0.030149 0.024287 0.000476
v -0.024765 0.020717 0.000408
v -0.024732 0.023040 0.000320
v -0.027930 0.024273 0.000468
v -0.026095 0.024436 0.000367
v -0.029898 0.025794 0.000349
v -0.035928 0.024106 0.000586
v -0.034215 0.022656 0.000446
v -0.039186 0.024167 0.000643
v -0.031988 0.025577 0.000309
v -0.035805 0.025231 0.000452
v -0.037964 0.024618 0.000529
v -0.026715 0.025380 0.000289
v -0.040851 0.024122 0.000601
v -0.039863 0.023052 0.000627
v -0.041775 0.022253 0.000738
v -0.033744 0.026461 0.000507
v -0.040989 0.004448 0.000648
v -0.041852 0.006521 0.000659
v -0.039449 0.005630 0.000631
v -0.042336 0.002175 0.000624
v -0.045226 0.002251 0.000619
v -0.043389 0.004308 0.000661
v -0.043321 -0.000067 0.000565
v -0.038756 0.001548 0.000625
v -0.037578 0.002542 0.000556
v -0.037371 0.005644 0.000576
v -0.034969 0.001274 0.000536
v -0.033484 0.002484 0.000494
v -0.034437 0.005532 0.000510
v -0.040686 0.007916 0.000731
v -0.039067 0.008800 0.000732
v -0.036949 0.007346 0.000602
v -0.037875 0.009541 0.000627
v -0.036743 0.009844 0.000620
v -0.034683 0.012379 0.000587
v -0.033721 0.008657 0.000553
v -0.033518 0.004486 0.000520
v -0.035897 0.012137 0.000599
v -0.041493 0.010465 0.000781
v -0.039320 0.011062 0.000777
v -0.043305 0.009336 0.000812
v -0.043005 0.007529 0.000774
v -0.042138 0.011371 0.000852
v -0.045027 0.010016 0.000841
v -0.045809 0.008620 0.000818
v -0.036379 0.014230 0.000628
v -0.034258 0.015387 0.000608
v -0.033077 0.014036 0.000602
v -0.032795 0.015029 0.000571
v -0.033440 0.015825 0.000571
v -0.031680 0.014078 0.000531
v -0.031162 0.014952 0.000554
v -0.031911 0.012223 0.000565
v -0.030122 0.012824 0.000545
v -0.031064 0.010130 0.000515
v -0.038253 0.012120 0.000748
v -0.036286 0.000457 0.000469
v -0.032194 0.010077 0.000440
v -0.044740 0.006177 0.000661
v -0.039416 0.015178 0.000735
v -0.037516 0.015593 0.000712
v -0.041196 0.013343 0.000814
v -0.042040 0.014906 0.000837
v -0.042679 0.012891 0.000855
v -0.039247 0.016405 0.000803
v -0.042401 0.016813 0.000935
v -0.040157 0.017956 0.000804
v -0.036422 0.017894 0.000637
v -0.036867 0.020064 0.000613
v -0.038628 0.018654 0.000843
v -0.040152 0.011724 0.000702
v -0.045496 0.012705 0.000843
v -0.048141 0.013094 0.000859
v -0.045404 0.013847 0.000841
v -0.048246 0.014821 0.000856
v -0.046385 0.016821 0.000887
v -0.043567 0.015403 0.000803
v -0.045511 0.016735 0.000937
v -0.048733 0.016428 0.000950
v -0.047865 0.018320 0.000941
v -0.045534 0.018069 0.000904
v -0.043383 0.018325 0.000852
v -0.041677 0.019482 0.000882
v -0.043278 0.020540 0.000904
v -0.046457 0.019468 0.001029
v -0.048422 0.011181 0.000822
v -0.049300 0.012108 0.000817
v -0.050326 0.010108 0.000745
v -0.048581 0.009492 0.000823
v -0.051714 0.011855 0.000846
v -0.048376 0.007422 0.000750
v -0.050519 0.009250 0.000799
v -0.048807 0.005940 0.000668
v -0.050351 0.006779 0.000682
v -0.045410 -0.000842 0.000578
v -0.047122 0.001548 0.000622
v -0.046670 0.003462 0.000624
v -0.045009 0.004710 0.000643
v -0.050391 0.003906 0.000655
v -0.050652 0.002572 0.000600
v -0.051796 -0.000097 0.000571
v -0.048594 -0.001496 0.000627
v -0.048545 -0.004807 0.000599
v -0.045438 -0.003524 0.000563
v -0.042923 -0.005488 0.000528
v -0.042519 -0.002071 0.000557
v -0.039548 -0.005278 0.000509
v -0.043039 -0.007501 0.000538
v -0.040203 -0.009214 0.000548
v -0.037630 -0.007574 0.000517
v -0.036907 -0.004829 0.000509
v -0.037870 -0.001715 0.000534
v -0.035843 -0.000964 0.000535
v -0.046280 -0.006702 0.000602
v -0.046650 -0.009065 0.000613
v -0.040758 -0.000798 0.000604
v -0.041541 -0.000548 0.000524
v -0.044545 -0.011597 0.000630
v -0.042777 -0.011136 0.000613
v -0.042157 -0.009925 0.000589
v -0.047842 -0.009839 0.000617
v -0.041230 -0.010422 0.000540
v -0.039333 -0.000364 0.000613
v -0.046448 -0.011418 0.000615
v -0.046501 -0.013560 0.000615
v -0.044515 -0.013774 0.000626
v -0.048799 -0.011776 0.000644
v -0.048664 -0.013104 0.000609
v -0.050490 -0.013046 0.000603
v -0.048518 -0.015413 0.000612
v -0.046329 -0.015159 0.000560
v -0.047072 -0.016239 0.000551
v -0.054134 -0.003288 0.000525
v -0.054721 -0.001573 0.000503
v -0.050843 -0.001675 0.000591
v -0.050602 -0.003658 0.000581
v -0.054625 0.000122 0.000499
v -0.052196 0.001397 0.000556
v -0.048942 -0.003177 0.000549
v -0.050629 -0.005078 0.000566
v -0.052286 -0.005130 0.000569
v -0.052743 -0.006724 0.000586
v -0.054886 0.001568 0.000521
v -0.052809 0.005274 0.000593
v -0.048809 -0.017413 0.000514
v -0.046610 -0.018362 0.000530
v -0.052683 0.006345 0.000570
v -0.054716 0.004061 0.000528
v -0.050820 -0.011174 0.000566
v -0.047221 -0.007962 0.000524
v -0.048572 -0.008078 0.000593
v -0.050255 -0.006956 0.000647
v -0.050472 -0.009196 0.000619
v -0.049054 -0.014957 0.000490
v -0.050521 -0.015224 0.000486
v -0.051798 -0.013124 0.000593
v -0.041356 0.001774 0.000668
v -0.054749 0.006179 0.000496
v -0.053665 0.007990 0.000600
v -0.052674 0.008811 0.000664
v -0.052765 0.011096 0.000674
v -0.045178 -0.015584 0.000670
v -0.044359 -0.018334 0.000587
v -0.043650 -0.015769 0.000594
v -0.043336 -0.013632 0.000602
v -0.042831 -0.018603 0.000603
v -0.043268 -0.020479 0.000604
v -0.041292 -0.020488 0.000620
v -0.040757 -0.019622 0.000615
v -0.039606 -0.020391 0.000617
v -0.044470 -0.021034 0.000597
v -0.043827 -0.022100 0.000592
v -0.046266 -0.019764 0.000572
v -0.042053 -0.017320 0.000625
v -0.042403 -0.015172 0.000620
v -0.040839 -0.022804 0.000678
v -0.041686 -0.022212 0.000495
v -0.040206 -0.018900 0.000566
v -0.037013 -0.021152 0.000598
v -0.036629 -0.018580 0.000615
v -0.035879 -0.020225 0.000554
v -0.036001 -0.022007 0.000576
v -0.054871 -0.003928 0.000457
v -0.042517 -0.023007 0.000474
v -0.038073 -0.008978 0.000452
v -0.042754 -0.012686 0.000669
v -0.030397 0.016053 0.000644
v -0.038904 -0.021825 0.000509
v -0.054532 -0.005792 0.000388
v -0.032778 0.016710 0.000443
v -0.037747 -0.023094 0.000749
v -0.047585 -0.018718 0.000450
v -0.050929 -0.006958 0.000445
v -0.052532 -0.007791 0.000535
v -0.053817 -0.008014 0.000527
v -0.051836 -0.009580 0.000505
v -0.051060 -0.008356 0.000487
v -0.052147 -0.011805 0.000530
v -0.051240 -0.012621 0.000532
v -0.048997 -0.010493 0.000523
v -0.039925 0.019755 0.000710
v -0.043563 0.011772 0.000726
v -0.054192 0.009051 0.000474
v -0.049171 0.014046 0.000713
v -0.039726 -0.023317 0.000699
v -0.049845 0.017732 0.000767
v -0.051001 -0.015250 0.000446
v -0.039894 0.000301 0.000462
v -0.034941 -0.019768 0.000690
v -0.043457 -0.012392 0.000439
v -0.050222 0.016720 0.000743
v -0.047482 0.019959 0.000781
v -0.045908 0.020357 0.000843
v -0.053588 0.011619 0.000555
v -0.042586 0.023264 0.000642
v -0.050207 -0.015917 0.000608
v -0.035407 -0.021897 0.000691
v -0.037378 -0.009489 0.000578
v -0.050134 0.015704 0.001047
v -0.036061 -0.024178 0.000381
v -0.050897 0.014877 0.000915
v -0.049525 -0.016619 0.000398
v -0.038041 -0.018377 0.000533
v -0.037422 -0.016548 0.000578
v -0.052342 0.013466 0.000566
v -0.052813 0.014268 0.000677
v -0.051643 0.015585 0.000638
v -0.050443 -0.016577 0.000205
v -0.051209 0.013103 0.000835
v -0.037917 -0.024624 0.000378
v -0.048132 -0.019949 0.000151
v -0.049012 -0.018219 0.000223
v -0.050170 -0.018249 0.000179
v -0.038850 -0.022605 0.000481
v -0.045404 -0.021672 0.000277
v -0.046354 -0.021417 0.000172
v -0.045575 -0.022562 0.000433
v -0.044363 -0.022559 0.000246
v -0.038461 -0.023490 0.000745
v -0.047672 -0.020772 0.000260
v -0.035269 -0.024596 0.000600
v -0.033617 -0.021964 0.000618
v -0.033621 -0.024930 0.000557
v -0.037135 -0.024622 0.000435
v -0.038915 -0.024102 0.000333
v -0.032521 -0.025743 0.000412
v -0.027667 -0.025586 0.000409
v -0.039811 -0.024047 0.000451
v -0.041965 -0.023470 0.000342
v -0.032529 -0.024407 0.000371
v -0.031578 -0.022355 0.000608
v -0.026390 -0.024972 0.000552
v -0.024293 -0.024486 0.000568
v -0.022237 -0.024659 0.000479
v -0.024204 -0.022727 0.000630
v -0.025447 -0.024465 0.000447
v -0.025876 -0.022858 0.000568
v -0.027545 -0.024032 0.000541
v -0.027980 -0.022646 0.000635
v -0.028119 -0.020239 0.000640
v -0.025892 -0.020330 0.000646
v -0.028416 -0.024638 0.000623
v -0.029482 -0.024059 0.000511
v -0.029767 -0.023078 0.000559
v -0.024892 -0.021618 0.000498
v -0.024057 -0.020912 0.000587
v -0.029811 -0.024953 0.000596
v -0.031438 -0.024217 0.000638
v -0.032048 -0.024942 0.000587
v -0.028764 -0.022229 0.000466
v -0.030659 -0.021007 0.000626
v -0.044028 -0.023647 0.000543
v -0.049072 -0.019994 0.000617
v -0.049995 -0.019160 0.000755
v -0.045928 -0.022627 0.000774
v -0.050803 -0.018227 0.000724
v -0.019974 -0.011001 0.000391
v -0.023144 -0.010594 0.000393
v -0.021166 -0.008682 0.000359
v -0.020485 -0.012793 0.000427
v -0.021961 -0.012583 0.000425
v -0.021922 -0.016196 0.000496
v -0.018910 -0.015311 0.000494
v -0.022366 -0.019074 0.000565
v -0.018228 -0.018144 0.000539
v -0.020336 -0.020285 0.000572
v -0.016765 -0.016454 0.000504
v -0.016712 -0.014879 0.000469
v -0.018263 -0.012638 0.000450
v -0.016580 -0.012265 0.000432
v -0.014488 -0.012409 0.000398
v -0.016854 -0.009398 0.000367
v -0.024230 -0.013965 0.000463
v -0.026822 -0.012600 0.000431
v -0.024618 -0.008619 0.000352
v -0.027739 -0.009031 0.000347
v -0.030310 -0.008956 0.000366
v -0.029869 -0.013258 0.000481
v -0.031885 -0.012863 0.000508
v -0.035578 -0.010510 0.000516
v -0.025432 -0.001151 0.000316
v -0.028389 0.002036 0.000363
v -0.024461 0.000001 0.000267
v -0.028206 -0.001018 0.000382
v -0.027408 -0.003968 0.000387
v -0.024078 -0.005008 0.000337
v -0.022997 -0.001905 0.000294
v -0.022479 -0.004945 0.000334
v -0.030021 0.000279 0.000380
v -0.026627 -0.015217 0.000556
v -0.024094 -0.017089 0.000594
v -0.029913 -0.015432 0.000575
v -0.020760 -0.002943 0.000258
v -0.020341 -0.000908 0.000230
v -0.021348 0.000622 0.000195
v -0.027021 -0.006402 0.000368
v -0.028788 -0.004432 0.000356
v -0.030212 -0.006096 0.000370
v -0.035033 -0.007283 0.000498
v -0.032613 -0.004675 0.000453
v -0.031022 -0.002036 0.000450
v -0.038149 -0.012394 0.000566
v -0.034071 -0.004304 0.000454
v -0.034052 -0.013190 0.000515
v -0.034172 -0.016072 0.000531
v -0.033632 0.000333 0.000481
v -0.033825 -0.001991 0.000493
v -0.038044 -0.015295 0.000548
v -0.039649 -0.012897 0.000564
v -0.034979 -0.003686 0.000476
v -0.025004 0.003576 0.000298
v -0.041301 -0.016390 0.000607
v -0.026289 -0.018942 0.000612
v -0.017394 -0.020273 0.000509
v -0.018110 -0.021828 0.000497
v -0.013607 -0.014459 0.000369
v -0.033347 -0.015425 0.000573
v -0.032089 -0.016063 0.000593
v -0.034334 -0.017463 0.000627
v -0.034387 -0.018757 0.000635
v -0.029284 -0.016404 0.000588
v -0.031637 -0.018608 0.000609
v -0.031753 -0.020959 0.000618
v -0.029650 -0.019113 0.000610
v -0.012743 -0.015518 0.000421
v -0.011036 -0.012642 0.000440
v -0.032253 -0.002918 0.000371
v -0.022104 -0.021451 0.000530
v -0.020949 -0.022805 0.000501
v -0.019586 -0.023287 0.000453
v -0.027495 -0.017036 0.000674
v -0.020205 0.002241 0.000273
v -0.018693 0.004039 0.000270
v -0.024821 -0.006750 0.000292
v -0.023358 0.002313 0.000317
v -0.024558 0.006008 0.000346
v -0.022516 0.006063 0.000327
v -0.024266 0.008934 0.000376
v -0.020516 0.007792 0.000317
v -0.022499 0.009656 0.000355
v -0.030634 0.007614 0.000458
v -0.029997 0.004056 0.000419
v -0.028164 0.005475 0.000411
v -0.027649 0.003054 0.000383
v -0.026154 0.005440 0.000379
v -0.021187 0.002263 0.000178
v -0.025402 -0.018065 0.000543
v -0.026523 -0.016474 0.000758
v -0.028485 -0.018400 0.000527
v -0.036089 -0.007092 0.000422
v -0.019278 -0.022286 0.000334
v -0.030655 -0.014607 0.000432
v -0.011023 0.015424 0.000135
v -0.028665 0.011698 0.000391
v -0.057543 0.011346 0.028022
v -0.056083 0.014592 0.028037
v -0.056452 0.015121 0.028020
v -0.055406 0.016924 0.028047
v -0.054597 0.017123 0.028044
v -0.054191 0.018553 0.027995
v -0.052935 0.019794 0.028039
v -0.052626 0.020639 0.027976
v -0.051254 0.021836 0.028023
v -0.057972 0.011271 0.027921
v -0.058608 0.008977 0.028067
v -0.050888 0.022444 0.027959
v -0.049192 0.023760 0.027997
v -0.049173 0.023395 0.028038
v -0.046135 0.026121 0.028002
v -0.045894 0.025793 0.028044
v -0.043553 0.027216 0.028058
v -0.042341 0.028060 0.027985
v -0.040201 0.028441 0.028043
v -0.040467 0.028788 0.028009
v -0.037221 0.029677 0.028089
v -0.050341 0.021713 0.027757
v -0.051579 0.020470 0.027770
v -0.044607 0.025981 0.027824
v -0.043231 0.026702 0.027785
v -0.052540 0.019341 0.027770
v -0.040888 0.027711 0.027789
v -0.038424 0.028660 0.027810
v -0.034781 0.029479 0.027832
v -0.053520 0.018030 0.027779
v -0.049035 0.022846 0.027770
v -0.047332 0.024192 0.027789
v -0.045702 0.025368 0.027774
v -0.054339 0.016852 0.027809
v -0.055318 0.015214 0.027766
v -0.038081 0.029629 0.027899
v -0.035431 0.030208 0.028022
v -0.018404 -0.009709 0.003141
v -0.017901 -0.010452 0.004023
v -0.017668 -0.009568 0.003710
v -0.018591 -0.010894 0.003607
v -0.018491 -0.008480 0.002927
v -0.016852 -0.008472 0.003672
v -0.018219 -0.011217 0.003819
v -0.018787 -0.011959 0.003564
v -0.018100 -0.007045 0.003129
v -0.017145 -0.006821 0.003258
v -0.058218 -0.010869 0.028019
v -0.057219 -0.010749 0.027793
v -0.057547 -0.009906 0.027656
v -0.058597 -0.009792 0.027961
v -0.056942 -0.011909 0.027776
v -0.058817 -0.008474 0.028004
v -0.057339 -0.013134 0.027852
v -0.057987 -0.008746 0.027617
v -0.058367 -0.007375 0.027721
v -0.059239 -0.007377 0.027890
v -0.059127 -0.006759 0.028017
v -0.058757 -0.005814 0.027787
v -0.059468 -0.005645 0.027951
v -0.058730 -0.005390 0.027855
v -0.059719 -0.004184 0.028033
v -0.059151 -0.003178 0.027884
v -0.059779 -0.003445 0.027892
v -0.059733 -0.002907 0.028039
v -0.059169 -0.001948 0.027911
v -0.059851 -0.002093 0.027943
v -0.059790 -0.001471 0.028137
v -0.059109 -0.001137 0.028035
v -0.059849 -0.000609 0.027953
v -0.059181 0.000007 0.028169
v -0.059863 0.000327 0.028083
v -0.059107 0.001170 0.027995
v -0.059426 0.002437 0.028135
v -0.058802 0.003856 0.027895
v -0.059069 0.006564 0.028153
v -0.058423 0.007231 0.027850
v -0.058608 0.008977 0.028067
v -0.058004 0.009397 0.027802
v -0.059715 0.003938 0.027973
v -0.059765 0.002528 0.028055
v -0.059834 0.002007 0.027984
v -0.059845 0.001246 0.027999
v -0.057543 0.011346 0.028022
v -0.057107 0.011268 0.027797
v -0.056246 0.013545 0.027815
v -0.056083 0.014592 0.028037
v -0.055318 0.015214 0.027766
v 0.016328 0.006329 0.025019
v 0.016241 0.006590 0.025553
v 0.018748 0.006475 0.025405
v 0.013099 0.006566 0.025093
v 0.012508 0.006733 0.025458
v 0.010090 0.006783 0.025126
v 0.009319 0.006836 0.025596
v 0.019979 0.006371 0.025736
v 0.023999 0.006411 0.025612
v 0.021108 0.006350 0.025246
v 0.024052 0.006391 0.025383
v 0.025482 0.006339 0.025491
v 0.013474 0.006474 0.025782
v 0.045219 -0.006470 0.025448
v 0.052087 -0.006374 0.025717
v 0.045776 -0.006388 0.025733
v 0.041041 -0.006265 0.025662
v 0.042229 -0.006311 0.025369
v 0.038352 -0.006382 0.025392
v 0.036710 -0.006273 0.025753
v 0.035601 -0.006387 0.025383
v 0.034448 -0.006458 0.025509
v 0.050316 -0.006386 0.025447
v 0.054910 -0.006430 0.025387
v 0.055254 -0.006332 0.025590
v 0.057172 -0.005533 0.025372
v -0.031329 0.030434 0.028069
v -0.027592 0.030549 0.028078
v -0.029391 0.030889 0.028084
v -0.032097 0.030786 0.027937
v -0.035431 0.030208 0.028022
v -0.026516 0.030715 0.027917
v -0.023883 0.030162 0.028005
v -0.031290 0.029862 0.027825
v -0.037221 0.029677 0.028089
v -0.028569 0.029783 0.027754
v -0.023385 0.029866 0.028043
v -0.024347 0.029449 0.027798
v -0.020694 0.028765 0.027881
v -0.020860 0.029245 0.028075
v -0.018554 0.028630 0.028007
v -0.018530 0.028053 0.027808
v -0.016076 0.027322 0.028037
v -0.016954 0.027342 0.027886
v -0.015127 0.026219 0.027816
v -0.013642 0.025385 0.027769
v -0.014098 0.026346 0.028040
v -0.011931 0.024883 0.028017
v -0.012036 0.024377 0.027818
v -0.010572 0.023358 0.027826
v -0.009836 0.023475 0.027926
v -0.009306 0.022481 0.027759
v -0.008129 0.021963 0.027966
v -0.008341 0.021656 0.027944
v -0.007284 0.020546 0.027816
v -0.021778 0.029794 0.027821
v -0.005892 0.019304 0.027913
v -0.005973 0.018680 0.027765
v -0.004086 0.016928 0.027858
v -0.005071 0.017511 0.027782
v -0.003933 0.015731 0.027690
v -0.002823 0.013972 0.027740
v -0.001883 0.013188 0.027739
v -0.001591 0.011430 0.027732
v -0.000368 0.009717 0.027750
v -0.000986 0.009622 0.027468
v -0.000551 0.008543 0.027434
v 0.000133 0.007887 0.027626
v -0.034781 0.029479 0.027832
v -0.003273 0.016134 0.027611
v 0.000107 0.009856 0.027366
v 0.000763 0.007365 0.027369
v 0.000931 0.005675 0.027654
v 0.000609 0.004173 0.027682
v 0.000995 0.003850 0.027763
v 0.001006 -0.000061 0.027800
v -0.000622 0.011513 0.027298
v -0.005283 0.019080 0.027601
v -0.004099 0.017496 0.027593
v -0.008931 0.021402 0.027371
v -0.012098 0.025347 0.027759
v -0.008062 0.019967 0.026761
v -0.006525 0.020543 0.027601
v -0.015845 0.027642 0.027649
v -0.006123 0.018258 0.027121
v -0.007427 0.018556 0.026257
v -0.005782 0.016466 0.026267
v -0.009176 0.020789 0.026411
v -0.008190 0.022370 0.027609
v -0.020763 -0.024884 0.003748
v -0.019732 -0.024093 0.003329
v -0.020762 -0.024206 0.003333
v -0.022773 -0.024864 0.003385
v -0.022956 -0.025396 0.003642
v -0.025544 -0.025937 0.003171
v -0.018675 -0.024155 0.003760
v -0.018646 -0.023768 0.003269
v -0.024199 -0.025848 0.003688
v -0.016351 -0.023008 0.003919
v -0.016765 -0.022829 0.003205
v -0.014651 -0.021854 0.003846
v -0.013966 -0.020696 0.003452
v -0.015142 -0.021406 0.003478
v -0.013331 -0.020832 0.003607
v -0.012370 -0.019801 0.003518
v -0.016039 -0.022165 0.003302
v -0.012180 -0.019962 0.004047
v -0.011428 -0.019159 0.003564
v -0.012238 -0.020622 0.006978
v -0.014714 -0.022706 0.007668
v -0.014342 -0.022641 0.009829
v -0.012623 -0.021624 0.011739
v -0.014031 -0.022996 0.013148
v -0.012925 -0.022517 0.015138
v -0.029800 -0.027899 0.015835
v -0.029364 -0.028078 0.017500
v -0.026530 -0.027821 0.015854
v -0.027201 -0.028149 0.018747
v -0.028181 -0.027645 0.013214
v -0.029799 -0.027655 0.013054
v -0.029700 -0.028587 0.021292
v -0.026047 -0.028348 0.020693
v -0.026289 -0.028596 0.022948
v -0.027983 -0.028850 0.025590
v -0.026220 -0.028840 0.026061
v -0.028612 -0.028952 0.026258
v -0.030936 -0.028746 0.023685
v -0.030333 -0.028864 0.025634
v -0.031930 -0.028967 0.026295
v -0.031924 -0.027579 0.013252
v -0.032162 -0.027854 0.016792
v -0.031352 -0.027893 0.016804
v -0.031252 -0.028326 0.019984
v -0.032609 -0.026920 0.007962
v -0.027928 -0.026926 0.007781
v -0.031268 -0.026777 0.005855
v -0.027486 -0.026662 0.005588
v -0.029367 -0.026566 0.004301
v -0.026315 -0.027149 0.010592
v -0.027451 -0.026379 0.003506
v -0.031771 -0.026384 0.003699
v -0.029915 -0.026345 0.003495
v -0.025967 -0.026296 0.003928
v -0.024815 -0.027781 0.017673
v -0.033541 -0.028737 0.026006
v -0.032793 -0.028608 0.023530
v -0.033684 -0.028372 0.022814
v -0.034585 -0.026146 0.003870
v -0.033578 -0.027130 0.010848
v -0.034404 -0.027381 0.014143
v -0.033756 -0.028018 0.020169
v -0.034652 -0.026946 0.010527
v -0.036401 -0.026956 0.013231
v -0.035428 -0.026409 0.007336
v -0.024833 -0.026712 0.008633
v -0.023903 -0.027163 0.013410
v -0.024386 -0.028322 0.022561
v -0.024100 -0.027891 0.019588
v -0.025094 -0.026415 0.006543
v -0.024058 -0.028433 0.025473
v -0.023655 -0.028537 0.026228
v -0.022642 -0.026453 0.009645
v -0.035647 -0.027368 0.016637
v -0.035545 -0.027732 0.019935
v -0.034825 -0.028061 0.022261
v -0.037169 -0.027397 0.019623
v -0.037197 -0.026932 0.015480
v -0.038165 -0.027389 0.021722
v -0.036444 -0.027850 0.023214
v -0.035930 -0.028037 0.023840
v -0.033907 -0.028393 0.023978
v -0.035770 -0.028217 0.025488
v -0.036851 -0.028091 0.025997
v -0.037973 -0.025749 0.006172
v -0.038094 -0.025941 0.008432
v -0.036523 -0.026353 0.009288
v -0.037702 -0.026339 0.011140
v -0.038612 -0.027391 0.023650
v -0.039233 -0.026954 0.020007
v -0.037044 -0.025463 0.003185
v -0.039185 -0.025054 0.003697
v -0.035485 -0.025817 0.003222
v -0.039860 -0.025764 0.011142
v -0.040428 -0.025739 0.012652
v -0.038999 -0.026299 0.013953
v -0.039610 -0.026192 0.015217
v -0.038917 -0.027528 0.026147
v -0.040673 -0.026669 0.021643
v -0.040481 -0.026357 0.018759
v -0.040956 -0.025000 0.007975
v -0.040896 -0.024583 0.004343
v -0.041471 -0.025768 0.017151
v -0.040635 -0.026863 0.025537
v -0.034224 -0.025937 0.003178
v -0.032769 -0.026022 0.003298
v -0.042081 -0.026369 0.026083
v -0.042259 -0.025843 0.020236
v -0.042965 -0.025764 0.024293
v -0.042286 -0.024776 0.011052
v -0.042648 -0.024421 0.009573
v -0.042955 -0.024734 0.013593
v -0.042828 -0.025271 0.018104
v -0.041972 -0.026179 0.023183
v -0.042881 -0.024167 0.008315
v -0.042686 -0.023972 0.005958
v -0.041823 -0.024006 0.003318
v -0.040336 -0.024419 0.003303
v -0.038735 -0.024893 0.003182
v -0.043761 -0.025588 0.026177
v -0.021936 -0.027337 0.018814
v -0.021258 -0.026499 0.012957
v -0.023092 -0.025777 0.004935
v -0.022393 -0.027767 0.021993
v -0.020334 -0.025206 0.005584
v -0.020461 -0.025953 0.010867
v -0.021474 -0.027678 0.024134
v -0.021482 -0.027811 0.026056
v -0.020172 -0.027077 0.021058
v -0.026541 -0.026134 0.003448
v -0.020199 -0.026799 0.018668
v -0.021076 -0.026828 0.016848
v -0.018404 -0.026677 0.024079
v -0.020072 -0.026276 0.014586
v -0.020281 -0.027394 0.025993
v -0.018654 -0.026085 0.017733
v -0.018195 -0.026678 0.025872
v -0.018242 -0.026484 0.022814
v -0.017041 -0.025731 0.020595
v -0.018864 -0.024492 0.004787
v -0.018372 -0.025277 0.012049
v -0.017687 -0.025268 0.014275
v -0.036434 -0.028575 0.026714
v -0.026153 -0.029324 0.026857
v -0.023731 -0.029367 0.027831
v -0.021373 -0.028937 0.027811
v -0.026076 -0.029650 0.027857
v -0.027891 -0.029519 0.026950
v -0.028622 -0.029783 0.027825
v -0.030710 -0.029867 0.027834
v -0.030934 -0.029473 0.026830
v -0.033523 -0.029229 0.026765
v -0.032214 -0.029784 0.027840
v -0.035395 -0.029360 0.027865
v -0.037326 -0.028900 0.027866
v -0.039420 -0.027901 0.026763
v -0.038931 -0.028373 0.027862
v -0.040276 -0.027950 0.027849
v -0.041208 -0.027244 0.026749
v -0.041616 -0.027417 0.027869
v -0.042715 -0.026946 0.027864
v -0.043616 -0.026232 0.026797
v -0.043675 -0.026483 0.027843
v -0.044953 -0.025850 0.027813
v -0.044211 -0.023912 0.012279
v -0.044030 -0.024955 0.022226
v -0.044351 -0.024189 0.016092
v -0.044631 -0.024410 0.019645
v -0.044378 -0.024333 0.017642
v -0.043660 -0.023093 0.004157
v -0.045825 -0.024051 0.023966
v -0.045613 -0.024520 0.026104
v -0.045174 -0.022680 0.007569
v -0.045222 -0.022953 0.009784
v -0.045577 -0.025092 0.026703
v -0.046453 -0.025021 0.027818
v -0.017239 -0.025276 0.016387
v -0.016890 -0.023802 0.006539
v -0.016601 -0.025752 0.023468
v -0.016251 -0.025808 0.026013
v -0.016198 -0.023734 0.008668
v -0.020533 -0.028012 0.026691
v -0.018657 -0.028128 0.027730
v -0.015923 -0.024987 0.019369
v -0.015472 -0.023867 0.012899
v -0.017015 -0.024406 0.010892
v -0.017642 -0.026987 0.026599
v -0.014348 -0.023588 0.015928
v -0.014948 -0.024680 0.022001
v -0.014356 -0.024490 0.024187
v -0.014227 -0.024627 0.025966
v -0.016773 -0.027298 0.027727
v -0.014333 -0.023849 0.018507
v -0.013200 -0.023457 0.021913
v -0.012147 -0.022264 0.018529
v -0.012751 -0.023573 0.025926
v -0.012462 -0.023114 0.023991
v -0.014712 -0.026286 0.027718
v -0.011566 -0.022263 0.022451
v -0.042491 -0.023493 0.003169
v -0.043594 -0.022842 0.003168
v -0.044664 -0.022332 0.003497
v -0.011597 -0.022658 0.025955
v -0.010226 -0.021178 0.023028
v -0.013111 -0.025302 0.027755
v -0.012076 -0.024023 0.026938
v -0.011339 -0.024076 0.027773
v -0.044911 -0.021927 0.003144
v -0.046681 -0.020929 0.003356
v -0.046527 -0.020801 0.003008
v -0.010126 -0.022506 0.026939
v -0.009828 -0.023057 0.027790
v -0.017668 -0.009568 0.003710
v -0.017901 -0.010452 0.004023
v -0.016850 -0.010981 0.002945
v -0.016752 -0.009569 0.003067
v -0.017307 -0.011586 0.003119
v -0.018219 -0.011217 0.003819
v -0.017173 -0.012665 0.003109
v -0.017955 -0.013670 0.003229
v -0.017230 -0.009326 0.003666
v -0.016852 -0.008472 0.003672
v -0.018035 0.022986 0.004242
v -0.018837 0.023983 0.004210
v -0.018852 0.022233 0.003688
v -0.017694 0.022136 0.004067
v -0.017454 0.023585 0.004820
v -0.017875 0.021776 0.003761
v -0.018940 0.024495 0.004506
v -0.020294 0.024547 0.003886
v -0.017270 0.022579 0.004946
v -0.017096 0.022257 0.004793
v -0.016654 0.023127 0.005073
v -0.016996 0.021749 0.003773
v -0.020608 0.025102 0.004496
v -0.022394 0.025537 0.004088
v -0.022976 0.025836 0.004181
v -0.023603 0.025444 0.003729
v -0.024677 0.026337 0.004097
v -0.016422 0.022623 0.004846
v -0.015724 0.022599 0.004996
v -0.016332 0.022195 0.003964
v -0.033717 0.027501 0.015680
v -0.032947 0.027851 0.018075
v -0.035842 0.027315 0.017169
v -0.035060 0.027768 0.019931
v -0.031816 0.028326 0.020586
v -0.033755 0.028334 0.022740
v -0.038497 0.027117 0.020151
v -0.036271 0.027873 0.023340
v -0.037210 0.026988 0.016442
v -0.038234 0.027475 0.023530
v -0.036371 0.026982 0.013859
v -0.033629 0.027386 0.013344
v -0.034090 0.026938 0.009100
v -0.037438 0.026434 0.011176
v -0.036209 0.026420 0.008695
v -0.038157 0.027690 0.026210
v -0.034270 0.028301 0.024139
v -0.032725 0.028649 0.025376
v -0.035745 0.028278 0.026301
v -0.030894 0.028754 0.023321
v -0.032031 0.027174 0.008942
v -0.031493 0.027631 0.013232
v -0.035168 0.026341 0.004250
v -0.032823 0.026792 0.004334
v -0.029949 0.027939 0.016641
v -0.030263 0.028338 0.019881
v -0.031064 0.026874 0.004035
v -0.029865 0.027641 0.012531
v -0.030340 0.027200 0.008425
v -0.032701 0.028873 0.026460
v -0.040572 0.026713 0.022317
v -0.037958 0.025918 0.008698
v -0.035891 0.026054 0.004136
v -0.038103 0.025487 0.004878
v -0.039328 0.026534 0.017635
v -0.041382 0.026248 0.020128
v -0.038695 0.026384 0.014893
v -0.039747 0.025940 0.013380
v -0.040778 0.025598 0.012751
v -0.040553 0.025226 0.009170
v -0.040331 0.026975 0.026219
v -0.041016 0.024858 0.007863
v -0.041198 0.024567 0.005172
v -0.041397 0.025703 0.016345
v -0.039408 0.024948 0.004165
v -0.040481 0.024570 0.004043
v -0.042779 0.024703 0.011616
v -0.037733 0.025366 0.004084
v -0.028943 0.028868 0.026081
v -0.027571 0.028446 0.020351
v -0.028304 0.028804 0.023471
v -0.028221 0.028144 0.018446
v -0.027862 0.027785 0.014371
v -0.029164 0.026871 0.004060
v -0.026211 0.028045 0.018097
v -0.025794 0.027851 0.016648
v -0.027935 0.027314 0.010270
v -0.025934 0.027512 0.013307
v -0.027420 0.026990 0.006876
v -0.026996 0.026757 0.004064
v -0.026173 0.027048 0.008765
v -0.026588 0.028690 0.023336
v -0.027098 0.028805 0.026047
v -0.027544 0.029086 0.026656
v -0.042585 0.025039 0.015353
v -0.042709 0.024280 0.008877
v -0.042630 0.026003 0.026439
v -0.042419 0.023963 0.006202
v -0.024704 0.028286 0.021818
v -0.043214 0.025448 0.021099
v -0.042886 0.025764 0.023413
v -0.043503 0.025522 0.025990
v -0.043773 0.025672 0.026759
v -0.038306 0.027839 0.026658
v -0.043370 0.024520 0.013318
v -0.024015 0.027931 0.019833
v -0.024940 0.028504 0.023794
v -0.024082 0.028426 0.025953
v -0.023813 0.027461 0.015792
v -0.023893 0.026964 0.011435
v -0.024337 0.026531 0.006455
v -0.028189 0.026545 0.003257
v -0.024047 0.028582 0.026517
v -0.043506 0.024707 0.016720
v -0.044667 0.023811 0.014704
v -0.029755 0.026482 0.003209
v -0.041616 0.024064 0.004160
v -0.040584 0.027190 0.026845
v -0.043942 0.023763 0.009684
v -0.044039 0.023265 0.007073
v -0.043176 0.023588 0.006455
v -0.022533 0.026425 0.008897
v -0.022049 0.026525 0.010989
v -0.022313 0.026981 0.014466
v -0.022594 0.027406 0.017791
v -0.022180 0.027689 0.021655
v -0.022750 0.027878 0.022617
v -0.022254 0.027844 0.023616
v -0.022070 0.027948 0.026302
v -0.021945 0.027741 0.022755
v -0.020893 0.026460 0.012878
v -0.020572 0.026627 0.015962
v -0.020270 0.026963 0.019837
v -0.020669 0.027414 0.024447
v -0.021063 0.027674 0.026467
v -0.020999 0.025621 0.006992
v -0.020953 0.025962 0.009074
v -0.019057 0.026740 0.022160
v -0.032034 0.026558 0.003742
v -0.020025 0.025805 0.010915
v -0.020535 0.025660 0.008586
v -0.026384 0.026451 0.003688
v -0.018593 0.026619 0.024226
v -0.018503 0.026694 0.025980
v -0.018659 0.025768 0.014601
v -0.019666 0.026540 0.018322
v -0.018117 0.026204 0.020553
v -0.018047 0.025853 0.018009
v -0.017229 0.025882 0.021293
v -0.018229 0.024879 0.010458
v -0.016699 0.025712 0.023161
v -0.017048 0.026089 0.026315
v -0.019734 0.027340 0.026524
v -0.016894 0.024561 0.012129
v -0.016389 0.025019 0.017577
v -0.016379 0.025195 0.019507
v -0.015276 0.024178 0.015776
v -0.044918 0.024678 0.026322
v -0.045390 0.024277 0.024032
v -0.046418 0.023736 0.026338
v -0.045136 0.024087 0.020065
v -0.045480 0.023424 0.016739
v -0.044653 0.024538 0.022427
v -0.046953 0.022694 0.018952
v -0.045387 0.022888 0.010927
v -0.047831 0.022475 0.023385
v -0.047894 0.022633 0.026266
v -0.044969 0.022646 0.007455
v -0.046474 0.021620 0.008177
v -0.047321 0.021939 0.016066
v -0.024810 0.029181 0.027218
v -0.029422 0.029539 0.027136
v -0.028569 0.029783 0.027754
v -0.024347 0.029449 0.027798
v -0.031290 0.029862 0.027825
v -0.033227 0.029250 0.027043
v -0.034781 0.029479 0.027832
v -0.038501 0.028332 0.027243
v -0.038424 0.028660 0.027810
v -0.040888 0.027711 0.027789
v -0.041486 0.027222 0.027282
v -0.043231 0.026702 0.027785
v -0.021267 0.028497 0.027267
v -0.020694 0.028765 0.027881
v -0.043996 0.026014 0.027229
v -0.044607 0.025981 0.027824
v -0.045166 0.025405 0.027235
v -0.045702 0.025368 0.027774
v -0.047210 0.021691 0.013577
v -0.014751 0.024452 0.020994
v -0.016720 0.023697 0.008089
v -0.016080 0.023760 0.010800
v -0.014748 0.023997 0.016900
v -0.015256 0.025039 0.025964
v -0.015453 0.025366 0.026505
v -0.014206 0.023862 0.019174
v -0.015182 0.023791 0.013695
v -0.013507 0.023801 0.023926
v -0.013820 0.023903 0.021582
v -0.012147 0.023091 0.026301
v -0.013114 0.022567 0.014378
v -0.014511 0.022559 0.009993
v -0.015469 0.022717 0.007257
v -0.014099 0.022873 0.012931
v -0.013416 0.024028 0.026451
v -0.012766 0.022612 0.016642
v -0.011702 0.022464 0.023502
v -0.011919 0.022583 0.022404
v -0.012160 0.022418 0.019562
v -0.011894 0.022451 0.021316
v -0.018530 0.028053 0.027808
v -0.017075 0.026991 0.027296
v -0.016954 0.027342 0.027886
v -0.014904 0.021960 0.004985
v -0.011006 0.022181 0.026265
v -0.012760 0.021788 0.012888
v -0.015127 0.026219 0.027816
v -0.015557 0.026120 0.027180
v -0.013642 0.025385 0.027769
v -0.010286 0.021253 0.022766
v -0.009982 0.021076 0.024624
v -0.009176 0.020789 0.026411
v -0.011529 0.021339 0.015094
v -0.010052 0.020726 0.020561
v -0.010572 0.020848 0.017515
v -0.012699 0.020802 0.009129
v -0.011030 0.019889 0.011341
v -0.013207 0.020643 0.006843
v -0.011489 0.019433 0.007265
v -0.012174 0.019843 0.004716
v -0.013832 0.021018 0.004766
v -0.011114 0.018968 0.004904
v -0.009781 0.018051 0.008408
v -0.010952 0.018743 0.004571
v -0.010684 0.019939 0.012849
v -0.012273 0.024110 0.027200
v -0.012036 0.024377 0.027818
v -0.010572 0.023358 0.027826
v -0.009306 0.022481 0.027759
v -0.009823 0.019863 0.016169
v -0.009493 0.019146 0.014474
v -0.009154 0.016956 0.004709
v -0.008342 0.019444 0.024846
v -0.008228 0.018712 0.019313
v -0.008126 0.018351 0.017716
v -0.008634 0.017033 0.009167
v -0.007696 0.016570 0.011689
v -0.008449 0.016554 0.007583
v -0.008856 0.018144 0.013274
v -0.007944 0.018706 0.022081
v -0.006999 0.015384 0.010060
v -0.007528 0.016895 0.014478
v -0.007283 0.016988 0.016261
v -0.007250 0.015140 0.007583
v -0.008160 0.015609 0.004821
v -0.046900 0.024147 0.027107
v -0.006348 0.016538 0.020167
v -0.006868 0.017508 0.023412
v -0.006576 0.017332 0.025568
v -0.006138 0.014728 0.012291
v -0.006188 0.015531 0.016158
v -0.005664 0.015216 0.017947
v -0.007427 0.018556 0.026257
v -0.005782 0.016466 0.026267
v -0.047332 0.024192 0.027789
v -0.048993 0.022447 0.026912
v -0.048927 0.021759 0.025865
v -0.047498 0.020282 0.006305
v -0.045997 0.021157 0.005495
v -0.045407 0.021758 0.006047
v -0.044505 0.022139 0.006366
v -0.044418 0.021795 0.005527
v -0.044738 0.021475 0.004276
v -0.045552 0.021237 0.004212
v -0.043058 0.022438 0.004331
v -0.043181 0.022409 0.005391
v -0.046765 0.020326 0.004471
v -0.043123 0.022800 0.005935
v -0.049035 0.022846 0.027770
v -0.049671 0.020962 0.023673
v -0.048912 0.021238 0.020324
v -0.048864 0.020704 0.016766
v -0.047991 0.019287 0.004436
v -0.047422 0.021232 0.011673
v -0.048761 0.018755 0.004914
v -0.047622 0.020706 0.009008
v -0.050799 0.020757 0.026811
v -0.050341 0.021713 0.027757
v -0.050179 0.020629 0.025965
v -0.049575 0.019400 0.014077
v -0.049834 0.018510 0.009842
v -0.051579 0.020470 0.027770
v -0.050539 0.019421 0.019457
v -0.049764 0.020647 0.022213
v -0.042406 0.023310 0.004482
v 0.009740 -0.006835 0.025237
v 0.008631 -0.006828 0.025553
v 0.005813 -0.007313 0.025090
v 0.010135 -0.006537 0.025708
v 0.005787 -0.006766 0.025697
v 0.004212 -0.007691 0.025091
v 0.003393 -0.007102 0.025712
v 0.002101 -0.007916 0.025281
v 0.002486 -0.007228 0.025673
v 0.001389 -0.007961 0.025780
v 0.003634 -0.007641 0.024437
v 0.003930 -0.007658 0.024593
v 0.001594 -0.007772 0.024810
v 0.000545 -0.008344 0.025355
v 0.001066 -0.008229 0.026329
v 0.059845 0.000573 0.025003
v 0.059754 0.003269 0.025360
v 0.060000 0.000860 0.025413
v 0.059819 -0.002485 0.025241
v 0.059821 -0.002459 0.025537
v 0.059687 0.003041 0.025659
v 0.059778 0.000500 0.025782
v 0.058738 0.005258 0.025434
v 0.005422 0.007366 0.025020
v 0.004300 0.007729 0.025147
v 0.005340 0.007221 0.025626
v 0.007142 0.007173 0.025254
v 0.003285 0.007658 0.025594
v 0.003014 0.007999 0.025183
v 0.001820 0.008136 0.025603
v 0.007941 0.006676 0.025774
v 0.001493 0.008486 0.025259
v 0.000998 0.008057 0.026346
v 0.009319 0.006836 0.025596
v 0.010090 0.006783 0.025126
v 0.059074 -0.003125 0.024988
v 0.059821 -0.002459 0.025537
v 0.058887 -0.003988 0.025362
v 0.057978 -0.004287 0.025048
v 0.057172 -0.005533 0.025372
v 0.056444 -0.005088 0.025005
v 0.054910 -0.006430 0.025387
v 0.054674 -0.005875 0.025083
v 0.050316 -0.006386 0.025447
v 0.050201 -0.005682 0.025064
v 0.045912 -0.005842 0.024979
v 0.045843 -0.006373 0.025311
v 0.045219 -0.006470 0.025448
v 0.041944 -0.005724 0.024889
v 0.042229 -0.006311 0.025369
v 0.038504 -0.005856 0.024936
v 0.038352 -0.006382 0.025392
v 0.035004 -0.005924 0.024929
v 0.035601 -0.006387 0.025383
v 0.034448 -0.006458 0.025509
v 0.031593 -0.006367 0.025424
v 0.031369 -0.005928 0.024987
v 0.028792 -0.005774 0.024950
v 0.028454 -0.006258 0.025572
v 0.025182 -0.005800 0.024877
v 0.025829 -0.006259 0.025488
v 0.021667 -0.006338 0.025173
v 0.021425 -0.006437 0.025498
v 0.018590 -0.006389 0.025360
v 0.027405 -0.001786 0.024194
v 0.024888 0.000020 0.024090
v 0.031445 0.000015 0.024277
v 0.030842 -0.003452 0.024394
v 0.027547 -0.003463 0.024261
v 0.035220 -0.003268 0.024441
v 0.035312 0.000050 0.024346
v 0.038182 -0.002771 0.024496
v 0.038692 -0.000022 0.024489
v 0.023922 -0.002672 0.024176
v 0.043472 -0.003184 0.024640
v 0.043591 -0.000118 0.024607
v 0.047832 -0.003309 0.024819
v 0.047347 -0.000280 0.024785
v 0.051354 -0.004553 0.024935
v 0.051233 -0.001411 0.024894
v 0.050594 0.001069 0.024872
v 0.020976 -0.002914 0.024152
v 0.019128 0.000396 0.023990
v 0.017321 0.000492 0.023904
v 0.017104 -0.003440 0.024053
v 0.054356 0.002080 0.024862
v 0.055365 -0.001756 0.024880
v 0.058637 -0.000032 0.024826
v 0.050397 0.004418 0.024872
v 0.048837 0.002495 0.024829
v 0.046389 0.001703 0.024807
v 0.045454 0.004589 0.024788
v 0.043843 0.002088 0.024701
v 0.054600 0.006469 0.024956
v 0.058578 0.002625 0.024888
v 0.048602 0.006079 0.024885
v 0.022092 -0.003409 0.024151
v 0.039844 0.002632 0.024613
v 0.042597 0.003675 0.024684
v 0.035196 0.001726 0.024453
v 0.035263 0.002994 0.024515
v 0.020691 0.002630 0.024141
v 0.030071 0.002736 0.024404
v 0.023530 0.002992 0.024260
v 0.026416 0.002368 0.024277
v 0.016212 0.002419 0.023914
v 0.042786 0.005965 0.024834
v 0.037737 0.005345 0.024740
v 0.032490 0.004349 0.024605
v 0.047081 -0.004784 0.024878
v 0.014783 -0.002367 0.023813
v 0.011302 -0.000042 0.023416
v 0.010211 0.002273 0.023426
v 0.009677 -0.003067 0.023492
v 0.056722 0.006029 0.025050
v 0.041445 -0.004572 0.024705
v 0.036955 -0.004763 0.024631
v 0.034667 -0.005030 0.024639
v 0.019517 -0.004761 0.024308
v 0.014322 -0.004559 0.024036
v 0.025490 -0.004794 0.024446
v 0.008053 -0.000078 0.023055
v 0.006370 0.002203 0.022972
v 0.059845 0.000573 0.025003
v 0.033037 0.005339 0.024749
v 0.030086 0.003987 0.024533
v 0.027630 0.004360 0.024566
v 0.025799 0.004506 0.024518
v 0.022338 0.004589 0.024438
v 0.018811 0.004625 0.024300
v 0.014823 0.004275 0.024020
v 0.058978 0.004173 0.025069
v 0.005999 -0.003389 0.023028
v 0.004987 -0.000071 0.022590
v 0.004892 -0.003056 0.022745
v 0.029365 -0.004851 0.024528
v 0.031520 -0.005027 0.024628
v 0.011091 0.004309 0.023790
v 0.006079 0.004275 0.023309
v 0.008961 -0.004393 0.023636
v 0.004435 0.002447 0.022621
v 0.020912 -0.005302 0.024480
v 0.029016 0.005749 0.024891
v 0.048303 0.006709 0.025013
v 0.043881 0.006517 0.024980
v 0.003451 -0.004091 0.022423
v 0.037172 0.006292 0.024969
v 0.033767 0.006084 0.025013
v 0.004004 0.004103 0.022791
v 0.003079 -0.000033 0.022017
v 0.005785 -0.004953 0.023411
v 0.018110 -0.005570 0.024502
v 0.026580 0.005872 0.025029
v 0.002880 -0.001904 0.021943
v 0.023427 -0.005461 0.024606
v 0.015460 -0.005811 0.024507
v 0.012192 -0.005938 0.024385
v 0.007649 -0.005801 0.024017
v 0.003082 0.002022 0.022055
v 0.003756 -0.004645 0.022737
v 0.059819 -0.002485 0.025241
v 0.003275 0.004066 0.022437
v 0.005514 -0.006728 0.024243
v 0.003022 -0.006262 0.023348
v 0.059754 0.003269 0.025360
v 0.001097 -0.004419 0.021302
v 0.000951 -0.003331 0.020827
v 0.000965 -0.001819 0.020741
v 0.002555 0.000598 0.021665
v 0.001324 0.001921 0.020941
v 0.001500 0.004164 0.021354
v 0.008679 -0.006498 0.024584
v 0.010899 -0.006325 0.024577
v 0.003634 -0.007641 0.024437
v 0.001898 -0.006855 0.023674
v 0.001393 -0.006029 0.022610
v 0.015907 -0.006365 0.025013
v 0.012589 -0.006630 0.025044
v 0.000302 -0.005911 0.021858
v 0.000243 -0.004213 0.020224
v -0.000061 -0.006761 0.022508
v 0.003930 -0.007658 0.024593
v 0.001594 -0.007772 0.024810
v 0.000259 -0.007444 0.023960
v 0.005813 -0.007313 0.025090
v 0.009740 -0.006835 0.025237
v 0.000545 -0.008344 0.025355
v 0.011205 -0.006775 0.025344
v 0.015394 -0.006550 0.025403
v 0.047084 0.007203 0.025397
v 0.046441 0.007230 0.025607
v 0.051637 0.007447 0.025535
v 0.041820 0.006860 0.025396
v 0.051701 0.007311 0.025231
v 0.054133 0.007292 0.025284
v 0.037362 0.006836 0.025509
v 0.034756 0.006591 0.025543
v 0.033325 0.006553 0.025513
v 0.029340 0.006518 0.025473
v 0.027135 0.006266 0.025449
v 0.025482 0.006339 0.025491
v 0.024137 0.005856 0.024906
v 0.024052 0.006391 0.025383
v 0.021108 0.006350 0.025246
v 0.019380 0.005868 0.024838
v 0.018748 0.006475 0.025405
v 0.016328 0.006329 0.025019
v 0.017193 0.005541 0.024547
v 0.012514 0.005806 0.024482
v 0.013099 0.006566 0.025093
v 0.010090 0.006783 0.025126
v 0.013859 0.004858 0.024146
v 0.008736 0.005650 0.024102
v 0.008009 0.006597 0.024635
v 0.005404 0.006089 0.023820
v 0.003533 0.005859 0.023302
v 0.002872 0.006778 0.023699
v 0.056997 0.006519 0.025408
v 0.003509 0.007505 0.024575
v 0.058738 0.005258 0.025434
v 0.001109 0.007117 0.023317
v 0.001434 0.006092 0.022417
v 0.001493 0.008486 0.025259
v 0.007142 0.007173 0.025254
v 0.054887 0.007281 0.025558
v 0.000177 0.006055 0.021370
v -0.000188 0.007765 0.022808
v 0.000074 0.009066 0.024910
v 0.005422 0.007366 0.025020
v 0.004300 0.007729 0.025147
v 0.003014 0.007999 0.025183
v 0.000774 0.009128 0.025975
v 0.057788 0.006009 0.025596
v 0.031593 -0.006367 0.025424
v 0.032206 -0.006297 0.025678
v 0.028454 -0.006258 0.025572
v 0.034448 -0.006458 0.025509
v -0.056480 -0.013011 0.027777
v -0.057311 -0.012394 0.027963
v -0.057339 -0.013134 0.027852
v -0.056791 -0.013972 0.027941
v -0.055831 -0.014317 0.027741
v -0.056942 -0.011909 0.027776
v -0.055526 -0.014937 0.027909
v -0.056368 -0.015455 0.027892
v -0.055386 -0.016218 0.027946
v -0.055380 -0.017104 0.027895
v -0.054551 -0.018059 0.027952
v -0.054420 -0.016568 0.027879
v -0.053721 -0.017724 0.027794
v -0.052987 -0.018702 0.027777
v -0.052606 -0.019235 0.027864
v -0.053146 -0.020116 0.027950
v -0.052396 -0.020179 0.027984
v -0.051412 -0.021989 0.027935
v -0.051399 -0.020596 0.027808
v -0.050405 -0.022374 0.027993
v -0.050568 -0.021457 0.027812
v -0.049824 -0.022081 0.027776
v -0.049431 -0.023675 0.027948
v -0.048916 -0.023016 0.027826
v -0.048546 -0.024140 0.028008
v -0.047283 -0.024317 0.027841
v -0.045577 -0.026134 0.027969
v -0.046172 -0.026287 0.027949
v -0.044286 -0.027271 0.027846
v -0.055208 -0.015412 0.027613
v -0.046453 -0.025021 0.027818
v -0.053992 -0.017000 0.027744
v -0.051962 -0.019794 0.027525
v -0.012147 -0.008245 0.003527
v -0.012793 -0.008807 0.003531
v -0.011895 -0.008356 0.003823
v -0.011863 -0.009102 0.003892
v -0.012054 -0.007805 0.003917
v -0.015337 -0.020341 0.003467
v -0.015777 -0.020142 0.004144
v -0.016141 -0.020514 0.003452
v -0.029541 -0.021880 0.003658
v -0.030077 -0.021998 0.004661
v -0.029349 -0.022058 0.004304
v -0.029925 -0.021678 0.004129
v -0.029062 -0.022380 0.004255
v 0.056997 0.006519 0.025408
v 0.056254 0.006778 0.025710
v 0.057788 0.006009 0.025596
v 0.054887 0.007281 0.025558
v 0.054410 0.006822 0.026137
v 0.052033 0.007339 0.025967
v 0.056270 0.005934 0.026153
v 0.051637 0.007447 0.025535
v 0.046441 0.007230 0.025607
v 0.044893 0.006676 0.026119
v 0.041955 0.006842 0.025676
v 0.041820 0.006860 0.025396
v 0.027908 -0.004379 0.026219
v 0.027493 -0.002776 0.026207
v 0.025255 -0.003801 0.026189
v 0.024967 -0.004910 0.026191
v 0.033834 -0.004698 0.026242
v 0.029606 -0.002929 0.026221
v 0.033236 -0.002229 0.026275
v 0.035818 -0.003402 0.026292
v 0.035496 -0.000758 0.026337
v 0.042058 -0.003177 0.026406
v 0.030666 0.000113 0.026227
v 0.040207 -0.004936 0.026303
v 0.035680 -0.005193 0.026221
v 0.041594 -0.000052 0.026416
v 0.044520 -0.001880 0.026440
v 0.046422 0.000133 0.026475
v 0.048132 -0.003007 0.026420
v 0.045377 -0.003920 0.026380
v 0.049743 -0.000832 0.026505
v 0.052393 -0.003145 0.026442
v 0.053344 -0.000719 0.026522
v 0.048473 0.002179 0.026542
v 0.053308 0.003770 0.026565
v 0.049287 0.004123 0.026531
v 0.045788 0.004203 0.026471
v 0.042857 0.001935 0.026412
v 0.036101 0.001621 0.026297
v 0.032192 0.002176 0.026188
v 0.028954 0.001765 0.026131
v 0.027672 0.000314 0.026162
v 0.025041 0.000574 0.026095
v 0.033465 0.002796 0.026200
v 0.034713 0.004735 0.026216
v 0.042812 0.004179 0.026399
v 0.028794 0.002954 0.026136
v 0.029882 0.004470 0.026154
v 0.026157 0.003906 0.026078
v 0.039753 0.005504 0.026283
v 0.026168 -0.001757 0.026079
v 0.023811 -0.000463 0.026051
v 0.024620 -0.002061 0.026110
v 0.021529 -0.001807 0.026057
v 0.027075 0.002026 0.026152
v 0.055096 0.000361 0.026507
v 0.028321 0.005683 0.026069
v 0.030176 0.005857 0.026062
v 0.020387 0.000080 0.026091
v 0.023374 0.002214 0.026080
v 0.020345 0.002076 0.026082
v 0.022459 0.003771 0.026052
v 0.019032 0.004136 0.026034
v 0.018661 0.001930 0.026014
v 0.017096 0.002986 0.026006
v 0.016645 0.000203 0.026028
v 0.019035 -0.001852 0.026014
v 0.015565 -0.002099 0.025937
v 0.024283 0.005416 0.026110
v 0.049012 0.005937 0.026434
v 0.044766 0.006036 0.026335
v 0.016549 -0.003948 0.026045
v 0.018610 -0.003839 0.026095
v 0.018509 -0.005740 0.026114
v 0.015121 -0.005384 0.026046
v 0.020863 -0.005354 0.026146
v 0.021853 -0.003498 0.026164
v 0.022250 -0.004699 0.026158
v 0.016152 0.002083 0.025925
v 0.014480 -0.003432 0.025943
v 0.011952 -0.001409 0.025763
v 0.015275 -0.000082 0.025941
v 0.013167 0.002081 0.025827
v 0.012486 0.000003 0.025770
v 0.009249 0.001540 0.025728
v 0.011681 0.002483 0.025769
v 0.009104 -0.000413 0.025703
v 0.009501 0.004198 0.025793
v 0.011723 -0.004650 0.025937
v 0.010196 -0.006016 0.025941
v 0.008992 -0.001682 0.025772
v 0.010820 -0.003027 0.025776
v 0.008226 -0.004190 0.025766
v 0.056013 0.003029 0.026463
v 0.014024 0.000124 0.025938
v 0.013843 0.003971 0.025949
v 0.017107 0.005208 0.026134
v 0.014243 0.005935 0.026051
v 0.021688 0.005323 0.026129
v 0.017241 0.005907 0.026065
v 0.021771 0.005916 0.026068
v 0.012688 0.004787 0.025990
v 0.011692 0.005936 0.026037
v 0.012420 -0.003638 0.025971
v 0.055538 -0.003415 0.026358
v 0.056873 -0.001223 0.026351
v 0.007475 0.006016 0.025933
v 0.025819 -0.005826 0.026124
v 0.027874 -0.005824 0.026112
v 0.053480 0.005804 0.026410
v 0.022657 -0.005856 0.026070
v 0.007402 -0.005943 0.025912
v 0.052295 -0.004786 0.026293
v 0.046313 -0.004962 0.026276
v 0.008136 0.002076 0.025598
v 0.007326 0.003817 0.025613
v 0.005639 0.001236 0.025384
v 0.004918 0.003600 0.025456
v 0.006602 -0.001167 0.025439
v 0.003664 0.000411 0.025254
v 0.003384 0.001184 0.025277
v 0.004037 0.002060 0.025305
v 0.002151 0.002812 0.025360
v 0.003084 0.004763 0.025420
v 0.005888 -0.004585 0.025613
v 0.004627 -0.002448 0.025408
v 0.003108 -0.004114 0.025515
v 0.001874 -0.003462 0.025555
v 0.001892 -0.005271 0.025626
v 0.001818 0.005187 0.025565
v 0.005850 0.005278 0.025659
v 0.005740 0.006487 0.025823
v 0.003334 -0.001136 0.025306
v 0.001915 -0.000318 0.025414
v 0.036396 0.005879 0.026142
v 0.033247 0.005814 0.026073
v 0.004630 -0.001628 0.025486
v 0.058708 0.000140 0.026175
v 0.005238 -0.006064 0.025805
v 0.050475 0.006729 0.026314
v 0.032591 -0.005902 0.026052
v 0.044908 -0.005856 0.026092
v 0.002806 0.006312 0.025661
v 0.054372 -0.005806 0.026069
v 0.050829 -0.005841 0.026067
v 0.058588 0.003210 0.026106
v 0.058343 -0.002571 0.026068
v 0.002165 -0.005888 0.025731
v 0.003393 -0.007102 0.025712
v 0.002486 -0.007228 0.025673
v 0.005787 -0.006766 0.025697
v 0.026052 0.005791 0.026047
v 0.056424 -0.004845 0.026062
v 0.015715 -0.006189 0.025890
v 0.035511 -0.005819 0.026075
v 0.038813 -0.005806 0.026057
v 0.041315 -0.005830 0.026055
v 0.007941 0.006676 0.025774
v 0.009319 0.006836 0.025596
v 0.001433 0.006919 0.025952
v 0.002507 0.007358 0.025721
v 0.003646 0.006863 0.025829
v 0.005340 0.007221 0.025626
v 0.003285 0.007658 0.025594
v 0.001820 0.008136 0.025603
v 0.058498 0.004668 0.025896
v 0.040387 0.006111 0.026117
v 0.010135 -0.006537 0.025708
v 0.001424 -0.006551 0.026059
v 0.001389 -0.007961 0.025780
v 0.059778 0.000500 0.025782
v 0.059821 -0.002459 0.025537
v 0.059687 0.003041 0.025659
v 0.013474 0.006474 0.025782
v 0.023999 0.006411 0.025612
v 0.001365 0.003960 0.025781
v 0.016241 0.006590 0.025553
v 0.019979 0.006371 0.025736
v 0.029926 0.006298 0.025785
v 0.033325 0.006553 0.025513
v 0.034756 0.006591 0.025543
v 0.037362 0.006836 0.025509
v 0.027258 0.006097 0.025789
v 0.029340 0.006518 0.025473
v 0.001355 -0.004796 0.025993
v 0.001334 -0.003132 0.025957
v 0.001259 -0.000288 0.025933
v 0.058738 0.005258 0.025434
v 0.000998 0.008057 0.026346
v 0.025482 0.006339 0.025491
v 0.027135 0.006266 0.025449
v 0.021425 -0.006437 0.025498
v 0.018770 -0.006216 0.025839
v 0.018590 -0.006389 0.025360
v 0.015394 -0.006550 0.025403
v 0.021189 -0.006210 0.025818
v 0.024763 -0.006219 0.025778
v 0.011205 -0.006775 0.025344
v 0.009740 -0.006835 0.025237
v 0.025829 -0.006259 0.025488
v 0.028454 -0.006258 0.025572
v 0.032206 -0.006297 0.025678
v 0.034448 -0.006458 0.025509
v 0.036710 -0.006273 0.025753
v 0.041041 -0.006265 0.025662
v 0.045776 -0.006388 0.025733
v 0.052087 -0.006374 0.025717
v 0.055254 -0.006332 0.025590
v 0.057416 -0.005328 0.025605
v 0.058887 -0.003988 0.025362
v 0.058887 -0.003988 0.025362
v 0.057416 -0.005328 0.025605
v 0.057172 -0.005533 0.025372
v 0.055254 -0.006332 0.025590
v -0.005284 0.008484 0.003573
v -0.005377 0.007445 0.003923
v -0.005297 0.007152 0.003695
v -0.026619 -0.010672 0.003613
v -0.027307 -0.011257 0.003776
v -0.027423 -0.011602 0.003495
v -0.010202 0.006741 0.003781
v -0.009603 0.006422 0.004086
v -0.011167 0.007329 0.003736
v -0.029541 -0.021880 0.003658
v -0.029280 -0.021617 0.004039
v -0.029925 -0.021678 0.004129
v -0.029541 -0.021880 0.003658
v -0.029349 -0.022058 0.004304
v -0.029280 -0.021617 0.004039
v -0.041775 -0.021122 0.003447
v -0.042429 -0.020741 0.003913
v -0.042620 -0.020768 0.003676
v -0.051011 -0.007720 0.003699
v -0.050565 -0.007860 0.003769
v -0.051850 -0.007303 0.004117
v -0.059994 -0.001797 0.027680
v -0.059851 -0.002093 0.027943
v -0.059790 -0.001471 0.028137
v -0.038180 -0.013474 0.003507
v -0.038899 -0.013208 0.003641
v -0.039521 -0.012871 0.003462
v -0.060000 0.002196 0.027650
v -0.059834 0.002007 0.027984
v -0.059765 0.002528 0.028055
v -0.042620 -0.020768 0.003676
v -0.042429 -0.020741 0.003913
v -0.041873 -0.020441 0.003775
v -0.015511 0.002119 0.003752
v -0.015926 0.001825 0.003798
v -0.016602 0.001344 0.003525
v -0.050455 -0.010592 0.003807
v -0.050198 -0.010916 0.004036
v -0.049897 -0.010991 0.003836
v -0.029258 -0.017348 0.003700
v -0.029186 -0.017852 0.003848
v -0.029117 -0.018578 0.003741
v -0.053196 0.015858 0.011199
v -0.054007 0.014869 0.013439
v -0.052629 0.016459 0.009807
v -0.011863 -0.009102 0.003892
v -0.012054 -0.007805 0.003917
v -0.011895 -0.008356 0.003823
v -0.031329 -0.020550 0.003674
v -0.031402 -0.020920 0.003955
v -0.031104 -0.020345 0.003799
v -0.051468 -0.006085 0.003998
v -0.050138 -0.005089 0.003674
v -0.050589 -0.005432 0.003857
v 0.012589 -0.006630 0.025044
v 0.015394 -0.006550 0.025403
v 0.011205 -0.006775 0.025344
v 0.041820 0.006860 0.025396
v 0.037362 0.006836 0.025509
v 0.041955 0.006842 0.025676
v -0.043058 0.022438 0.004331
v -0.043123 0.022800 0.005935
v -0.043181 0.022409 0.005391
v 0.059819 -0.002485 0.025241
v 0.059821 -0.002459 0.025537
v 0.059074 -0.003125 0.024988
v -0.051692 0.011363 0.004119
v -0.050962 0.012240 0.004108
v -0.051505 0.013310 0.004344
v -0.051596 0.010568 0.004054
v -0.052655 0.013187 0.004130
v -0.053232 0.010857 0.003857
v -0.052536 0.013877 0.004628
v -0.050765 0.014090 0.004547
v -0.050167 0.012627 0.003652
v -0.049634 0.011552 0.003434
v -0.053698 0.011543 0.004002
v -0.051864 0.014202 0.004601
v -0.054129 0.011074 0.004097
v -0.050316 0.010715 0.003460
v -0.052407 0.009285 0.004031
v -0.054547 0.009117 0.003863
v -0.049536 0.013321 0.003632
v -0.054605 0.010003 0.004087
v -0.054921 0.008981 0.004451
v -0.054585 0.008468 0.004094
v -0.054992 0.007860 0.004402
v -0.053673 0.007891 0.004431
v -0.053716 0.007284 0.004891
v -0.053308 0.008633 0.004222
v -0.054937 0.007227 0.004567
v -0.053492 0.012566 0.004699
v -0.054465 0.006579 0.004852
v -0.054866 0.005658 0.004160
v -0.053976 0.006279 0.004709
v -0.055395 0.006637 0.004504
v -0.052195 0.008365 0.003735
v -0.053220 0.009272 0.004039
v -0.052830 0.007956 0.003805
v -0.050111 0.014465 0.004129
v -0.049266 0.014521 0.003694
v -0.047575 0.012785 0.003422
v -0.047077 0.014465 0.003607
v -0.046625 0.013018 0.003408
v -0.045066 0.014679 0.003425
v -0.045636 0.015334 0.003693
v -0.044540 0.016755 0.003591
v -0.045888 0.018016 0.003656
v -0.042964 0.018142 0.003547
v -0.044093 0.018980 0.003661
v -0.041639 0.018140 0.003462
v -0.042577 0.019996 0.003601
v -0.039794 0.019271 0.003443
v -0.040051 0.017056 0.003585
v -0.038919 0.018148 0.003434
v -0.037736 0.018973 0.003359
v -0.037602 0.016403 0.003460
v -0.037518 0.020662 0.003378
v -0.035744 0.020595 0.003104
v -0.035694 0.021607 0.003328
v -0.038628 0.022848 0.003595
v -0.037457 0.023085 0.003580
v -0.036102 0.023202 0.003509
v -0.036922 0.023992 0.003516
v -0.036064 0.024087 0.003337
v -0.036476 0.024825 0.003631
v -0.037986 0.024406 0.003532
v -0.037733 0.025366 0.004084
v -0.035891 0.026054 0.004136
v -0.035210 0.025518 0.003733
v -0.035168 0.026341 0.004250
v -0.033743 0.025646 0.003516
v -0.032034 0.026558 0.003742
v -0.032329 0.025349 0.003396
v -0.030903 0.024813 0.003150
v -0.032157 0.024583 0.003198
v -0.029755 0.026482 0.003209
v -0.028202 0.024590 0.003051
v -0.029645 0.023877 0.003213
v -0.028224 0.025893 0.003065
v -0.028189 0.026545 0.003257
v -0.026384 0.026451 0.003688
v -0.039408 0.024948 0.004165
v -0.033274 0.024572 0.003420
v -0.033007 0.024136 0.003273
v -0.033797 0.022669 0.003175
v -0.031294 0.023589 0.003181
v -0.031994 0.021365 0.002988
v -0.030851 0.023116 0.003233
v -0.029451 0.023313 0.003233
v -0.030184 0.020917 0.002954
v -0.030371 0.019398 0.002921
v -0.031695 0.018091 0.002857
v -0.033598 0.018728 0.002893
v -0.033790 0.017348 0.002965
v -0.035097 0.018962 0.002968
v -0.035277 0.017069 0.003412
v -0.033984 0.016409 0.003027
v -0.035738 0.016230 0.003448
v -0.028743 0.020120 0.003174
v -0.028543 0.018093 0.003346
v -0.028258 0.018924 0.003400
v -0.027660 0.016607 0.003392
v -0.029292 0.016056 0.003349
v -0.030024 0.017538 0.003259
v -0.030374 0.016916 0.003395
v -0.031296 0.015829 0.003187
v -0.030342 0.014520 0.003269
v -0.032200 0.015296 0.003280
v -0.031972 0.013783 0.003153
v -0.030698 0.013377 0.003337
v -0.028983 0.013120 0.003402
v -0.030808 0.012540 0.003272
v -0.032537 0.014971 0.003173
v -0.033239 0.012630 0.003361
v -0.028571 0.014708 0.003474
v -0.026641 0.019401 0.003345
v -0.025528 0.018040 0.003398
v -0.025069 0.018949 0.003589
v -0.025956 0.020640 0.003405
v -0.024533 0.020748 0.003441
v -0.024273 0.016404 0.003415
v -0.026040 0.022140 0.003495
v -0.023572 0.019010 0.003553
v -0.024129 0.022424 0.003623
v -0.025619 0.022702 0.003669
v -0.026238 0.023464 0.003448
v -0.027493 0.023100 0.003561
v -0.026650 0.024185 0.003240
v -0.025673 0.024018 0.003537
v -0.026628 0.024590 0.003327
v -0.027589 0.024016 0.003270
v -0.025836 0.024790 0.003264
v -0.024364 0.024277 0.003464
v -0.024250 0.025430 0.003669
v -0.023827 0.024778 0.003707
v -0.022905 0.024130 0.003556
v -0.023603 0.025444 0.003729
v -0.024692 0.023812 0.003597
v -0.022964 0.020154 0.003640
v -0.024214 0.018351 0.003438
v -0.033683 0.014809 0.003165
v -0.029703 0.018350 0.003045
v -0.027393 0.020512 0.003437
v -0.029004 0.021605 0.003109
v -0.032078 0.012284 0.003391
v -0.029319 0.011500 0.003504
v -0.027398 0.011540 0.003363
v -0.027872 0.010629 0.003301
v -0.026498 0.010386 0.003235
v -0.026832 0.009036 0.003498
v -0.025599 0.009365 0.003474
v -0.025584 0.010121 0.003178
v -0.024443 0.010001 0.003321
v -0.024613 0.008554 0.003486
v -0.023037 0.009364 0.003416
v -0.023793 0.007342 0.003742
v -0.022123 0.008570 0.003664
v -0.021710 0.009540 0.003637
v -0.020681 0.009223 0.003595
v -0.023069 0.010930 0.003317
v -0.022077 0.006957 0.003713
v -0.020562 0.007462 0.003722
v -0.019145 0.008010 0.003956
v -0.018795 0.009546 0.003729
v -0.018299 0.008325 0.003803
v -0.018821 0.007117 0.003691
v -0.017609 0.007681 0.003869
v -0.018137 0.006576 0.003690
v -0.016934 0.007460 0.003603
v -0.016630 0.008333 0.003793
v -0.015673 0.007702 0.003747
v -0.014736 0.008328 0.003806
v -0.014281 0.006462 0.003876
v -0.013684 0.006795 0.003888
v -0.013720 0.005760 0.003718
v -0.012278 0.006554 0.003864
v -0.012296 0.005564 0.003502
v -0.013196 0.004626 0.003905
v -0.012683 0.003886 0.003581
v -0.013686 0.003845 0.003719
v -0.014344 0.003905 0.004033
v -0.014175 0.003284 0.003869
v -0.015174 0.004056 0.003514
v -0.015812 0.003741 0.003498
v -0.015246 0.005180 0.003445
v -0.015347 0.003161 0.003821
v -0.015511 0.002119 0.003752
v -0.016312 0.005273 0.003634
v -0.016091 0.005638 0.003984
v -0.017011 0.004086 0.003726
v -0.017233 0.004974 0.003703
v -0.017031 0.005723 0.003485
v -0.017678 0.005665 0.003566
v -0.018153 0.004715 0.003677
v -0.016475 0.002962 0.003411
v -0.011795 0.003848 0.003866
v -0.011631 0.003195 0.003774
v -0.012378 0.003001 0.003484
v -0.014171 0.002644 0.003886
v -0.011214 0.003595 0.003743
v -0.010849 0.003169 0.003730
v -0.011487 0.002313 0.003859
v -0.010833 0.002210 0.003589
v -0.010750 0.001566 0.003802
v -0.009537 0.002286 0.003499
v -0.011362 0.001435 0.003685
v -0.010544 0.000929 0.003889
v -0.010514 0.000410 0.003621
v -0.009695 0.000531 0.003375
v -0.010276 -0.000057 0.003703
v -0.009095 -0.000629 0.003429
v -0.008770 0.000295 0.003757
v -0.008204 -0.000383 0.003812
v -0.008451 0.000984 0.003675
v -0.008254 0.001691 0.003957
v -0.007659 0.000975 0.003856
v -0.007103 -0.000669 0.003728
v -0.007014 0.000108 0.003541
v -0.005780 -0.000246 0.003386
v -0.005707 -0.001011 0.003188
v -0.006318 0.000794 0.003496
v -0.005359 0.001197 0.003260
v -0.005699 0.001792 0.003197
v -0.005043 0.003363 0.003397
v -0.005807 0.003457 0.003306
v -0.006969 0.002250 0.003646
v -0.006867 0.003102 0.003385
v -0.007550 0.002876 0.003707
v -0.008093 0.002243 0.003621
v -0.008850 0.002503 0.003562
v -0.008712 0.002873 0.003920
v -0.008035 0.003508 0.003843
v -0.009067 0.003488 0.003682
v -0.008346 0.004031 0.003562
v -0.009175 0.004475 0.003476
v -0.009753 0.004204 0.003649
v -0.010697 0.004933 0.003587
v -0.010256 0.005563 0.003830
v -0.011027 0.005507 0.003724
v -0.010792 0.005952 0.003914
v -0.009603 0.006422 0.004086
v -0.008954 0.006217 0.003809
v -0.010202 0.006741 0.003781
v -0.011167 0.007329 0.003736
v -0.007495 0.003670 0.003566
v -0.003846 0.002320 0.003307
v -0.004497 0.000748 0.003214
v -0.004484 0.003354 0.003196
v -0.003732 0.003462 0.003243
v -0.004327 0.005548 0.003265
v -0.003886 0.006165 0.003583
v -0.004079 0.007522 0.003604
v -0.004638 0.008143 0.003442
v -0.004568 0.009130 0.004094
v -0.005297 0.007152 0.003695
v -0.005284 0.008484 0.003573
v -0.005412 0.005274 0.003426
v -0.003440 0.001285 0.003447
v -0.004929 0.000146 0.003394
v -0.003494 0.004985 0.003693
v -0.007011 -0.001476 0.003477
v -0.007775 -0.001409 0.004281
v -0.005692 -0.001611 0.003133
v -0.003829 -0.001535 0.003232
v -0.003819 -0.001068 0.003478
v -0.003159 -0.001567 0.003671
v -0.004627 -0.002399 0.003178
v -0.005919 -0.003179 0.003026
v -0.005105 -0.003257 0.003185
v -0.005362 -0.003936 0.003113
v -0.004240 -0.004029 0.003325
v -0.004886 -0.004455 0.003082
v -0.005804 -0.005313 0.003702
v -0.003556 -0.004850 0.003636
v -0.006428 -0.004130 0.003213
v -0.006461 -0.004648 0.003146
v -0.007733 -0.004910 0.003217
v -0.005349 -0.006134 0.003137
v -0.004712 -0.005705 0.003050
v -0.007399 -0.003554 0.003301
v -0.006379 -0.005660 0.003572
v -0.004113 -0.003373 0.003188
v -0.007223 0.001664 0.003497
v -0.009795 -0.001123 0.003348
v -0.009080 -0.001410 0.003687
v -0.009291 -0.002055 0.003535
v -0.010209 -0.002100 0.003570
v -0.010333 -0.003601 0.003453
v -0.009366 -0.003599 0.003476
v -0.009838 -0.004270 0.003746
v -0.010469 -0.004621 0.003482
v -0.011207 -0.003581 0.003692
v -0.011078 -0.005227 0.003732
v -0.010668 -0.005594 0.003762
v -0.009820 -0.005163 0.003850
v -0.011028 -0.006170 0.003591
v -0.009718 -0.006159 0.003434
v -0.011512 -0.004796 0.003803
v -0.011990 -0.003389 0.003754
v -0.010795 -0.000809 0.003682
v -0.010696 -0.002927 0.003789
v -0.008792 -0.002727 0.003770
v -0.008875 -0.003993 0.003745
v -0.008247 -0.002394 0.004115
v -0.008861 0.001725 0.003579
v -0.007581 -0.002902 0.003637
v -0.010471 0.003704 0.003576
v -0.012183 0.001496 0.003694
v -0.012610 0.002203 0.003846
v -0.011722 0.006618 0.003601
v -0.011590 0.005266 0.003914
v -0.014485 0.004764 0.003743
v -0.015383 0.006399 0.004038
v -0.012147 0.007615 0.003960
v -0.013229 0.008202 0.003794
v -0.012026 0.009851 0.003764
v -0.010455 0.008590 0.003795
v -0.010517 0.010510 0.003857
v -0.009469 0.009001 0.003756
v -0.008986 0.009993 0.003782
v -0.008736 0.009424 0.003843
v -0.007197 0.009194 0.003577
v -0.008976 0.008252 0.003738
v -0.007022 0.007122 0.003524
v -0.008110 0.007047 0.003729
v -0.008906 0.007681 0.003863
v -0.007778 0.009871 0.003752
v -0.006688 0.008199 0.003602
v -0.009658 0.008083 0.003610
v -0.008685 0.010808 0.003829
v -0.009388 0.011324 0.003810
v -0.010442 0.012477 0.003822
v -0.008395 0.012274 0.003658
v -0.008213 0.013278 0.003380
v -0.012555 0.012350 0.003763
v -0.009057 0.014315 0.003341
v -0.007501 0.012725 0.003509
v -0.007374 0.011594 0.003548
v -0.007685 0.013988 0.003779
v -0.013664 0.010000 0.003761
v -0.011231 0.013827 0.003892
v -0.015966 0.006690 0.003682
v -0.017742 0.009433 0.003789
v -0.021337 0.005975 0.003559
v -0.019706 0.005861 0.003644
v -0.021025 0.005325 0.003481
v -0.022049 0.005050 0.003701
v -0.019306 0.004468 0.004481
v -0.019909 0.004535 0.004219
v -0.019352 0.003904 0.005046
v -0.018966 0.003881 0.004402
v -0.019599 0.003025 0.004572
v -0.019934 0.003489 0.004691
v -0.019726 0.007434 0.003912
v -0.021197 0.004282 0.003664
v -0.015286 0.012624 0.003736
v -0.014686 0.010724 0.003755
v -0.014380 0.013750 0.003761
v -0.015442 0.013985 0.003923
v -0.015058 0.015212 0.003826
v -0.013511 0.014525 0.003797
v -0.013754 0.015502 0.003880
v -0.014864 0.017710 0.003806
v -0.016310 0.016630 0.003769
v -0.017062 0.017881 0.003741
v -0.016368 0.018177 0.003872
v -0.014760 0.018766 0.003633
v -0.015904 0.014755 0.003813
v -0.013611 0.017712 0.003646
v -0.013923 0.018929 0.003692
v -0.014427 0.019723 0.003707
v -0.015290 0.020224 0.003534
v -0.014065 0.020193 0.004176
v -0.013137 0.019485 0.004173
v -0.015339 0.021164 0.004114
v -0.016307 0.020780 0.003656
v -0.016332 0.022195 0.003964
v -0.015724 0.022599 0.004996
v -0.014904 0.021960 0.004985
v -0.016996 0.021749 0.003773
v -0.016596 0.020255 0.003660
v -0.017875 0.021776 0.003761
v -0.017461 0.020183 0.003978
v -0.019055 0.020828 0.003885
v -0.018852 0.022233 0.003688
v -0.019940 0.022000 0.003771
v -0.019974 0.022961 0.003645
v -0.020818 0.022748 0.003676
v -0.020305 0.023331 0.003821
v -0.021449 0.023605 0.003648
v -0.022214 0.023153 0.003689
v -0.021914 0.024566 0.003692
v -0.020294 0.024547 0.003886
v -0.021568 0.022054 0.003651
v -0.019180 0.019095 0.003670
v -0.017812 0.018941 0.004020
v -0.013832 0.021018 0.004766
v -0.018074 0.018210 0.003827
v -0.019294 0.017165 0.003870
v -0.020537 0.018516 0.003628
v -0.020336 0.016574 0.003531
v -0.018349 0.016645 0.003685
v -0.020201 0.014945 0.003541
v -0.021348 0.015066 0.003781
v -0.017828 0.015280 0.003839
v -0.019371 0.014011 0.003820
v -0.018585 0.013823 0.003849
v -0.019347 0.012204 0.003449
v -0.018131 0.012630 0.003655
v -0.018482 0.011026 0.003723
v -0.016651 0.012805 0.003636
v -0.017278 0.013676 0.003510
v -0.020086 0.013131 0.003648
v -0.022726 0.016878 0.003395
v -0.021071 0.019149 0.003708
v -0.012441 0.015916 0.003759
v -0.011810 0.017117 0.003468
v -0.011221 0.015195 0.003587
v -0.016576 0.018760 0.003683
v -0.023326 0.005935 0.003771
v -0.008823 0.005043 0.003773
v -0.017865 0.003646 0.003775
v -0.017934 0.002849 0.003812
v -0.018667 0.003280 0.004109
v -0.018289 0.002278 0.003556
v -0.018224 0.003999 0.003568
v -0.019118 0.002413 0.004178
v -0.018231 0.001476 0.003438
v -0.019281 0.001534 0.003639
v -0.019952 0.001976 0.004362
v -0.019751 0.001321 0.003989
v -0.021117 0.001096 0.003622
v -0.020316 0.000592 0.003968
v -0.021114 0.000264 0.003648
v -0.019980 -0.000398 0.004146
v -0.022302 0.001482 0.003631
v -0.021094 0.001813 0.003593
v -0.022058 0.002144 0.003848
v -0.021393 0.002839 0.003529
v -0.022445 0.002682 0.003615
v -0.022298 -0.000031 0.003577
v -0.021971 -0.000446 0.003848
v -0.022555 -0.001798 0.003672
v -0.022150 -0.001383 0.003830
v -0.021546 -0.000918 0.003604
v -0.020945 -0.001666 0.003787
v -0.019214 0.000888 0.003653
v -0.020380 0.002437 0.004082
v -0.022727 -0.000138 0.003580
v -0.020871 -0.002323 0.003685
v -0.021980 -0.002729 0.003725
v -0.021152 -0.003417 0.003352
v -0.020268 -0.003315 0.003675
v -0.020347 -0.003961 0.003436
v -0.019803 -0.003625 0.003662
v -0.019295 -0.004220 0.003622
v -0.021153 -0.004250 0.003754
v -0.018473 -0.003150 0.003236
v -0.018898 -0.002198 0.003602
v -0.017750 -0.001887 0.003460
v -0.017991 -0.000589 0.003832
v -0.017034 -0.002801 0.003586
v -0.016961 -0.001037 0.003274
v -0.019525 -0.001429 0.004584
v -0.022491 -0.003962 0.003347
v -0.022596 -0.002982 0.003613
v -0.023282 -0.003370 0.003665
v -0.023849 -0.004218 0.003647
v -0.024320 -0.003639 0.003554
v -0.024576 -0.002792 0.003803
v -0.024773 -0.004251 0.003528
v -0.025572 -0.003744 0.003773
v -0.025459 -0.002258 0.003507
v -0.025191 -0.001531 0.003511
v -0.024135 -0.002208 0.003602
v -0.024128 -0.000680 0.003677
v -0.024923 -0.000319 0.003633
v -0.025656 -0.000967 0.003661
v -0.026255 -0.000144 0.003674
v -0.025573 0.000326 0.003746
v -0.025052 0.001057 0.003528
v -0.026313 0.001373 0.003570
v -0.024208 0.000553 0.003706
v -0.026872 -0.001614 0.003655
v -0.027016 -0.003072 0.003489
v -0.027650 -0.003339 0.003609
v -0.026594 -0.004229 0.003606
v -0.028334 -0.003962 0.003489
v -0.028697 -0.003530 0.003395
v -0.028330 -0.005881 0.003478
v -0.027490 -0.005556 0.003496
v -0.029650 -0.005020 0.003347
v -0.030247 -0.002321 0.003600
v -0.029229 -0.002171 0.003544
v -0.029295 -0.001808 0.003725
v -0.028569 -0.001318 0.003689
v -0.029865 -0.000208 0.003520
v -0.028559 -0.000128 0.003686
v -0.029385 0.000597 0.003594
v -0.031098 0.000096 0.003711
v -0.031743 0.001812 0.003590
v -0.029323 0.001875 0.003604
v -0.031561 0.002940 0.003688
v -0.028994 0.003166 0.003712
v -0.034059 0.001923 0.003568
v -0.033434 0.003426 0.003648
v -0.032023 0.004946 0.003704
v -0.035192 0.003647 0.003717
v -0.036519 0.002165 0.003593
v -0.037515 0.003370 0.003570
v -0.039012 0.003068 0.003531
v -0.037296 0.005016 0.003607
v -0.037757 0.000895 0.003369
v -0.039036 -0.000319 0.003412
v -0.037744 -0.000622 0.003582
v -0.038031 -0.001329 0.003453
v -0.036112 -0.001350 0.003553
v -0.039753 -0.001600 0.003366
v -0.041308 0.000231 0.003420
v -0.040717 0.000364 0.003600
v -0.036616 -0.000286 0.003545
v -0.036072 -0.002755 0.003474
v -0.038847 -0.003294 0.003332
v -0.036744 -0.003735 0.003479
v -0.038164 -0.005328 0.003349
v -0.035767 -0.005314 0.003222
v -0.036975 -0.006231 0.003414
v -0.035402 -0.005879 0.003037
v -0.033861 -0.005558 0.003033
v -0.039854 -0.003361 0.003548
v -0.035023 -0.004182 0.003385
v -0.036075 -0.006851 0.003041
v -0.038015 -0.006642 0.003296
v -0.039427 -0.004425 0.003296
v -0.041290 -0.001887 0.003320
v -0.033999 0.004236 0.003747
v -0.034284 0.006085 0.003674
v -0.033342 0.006362 0.003721
v -0.032520 0.007667 0.003628
v -0.033587 0.008999 0.003642
v -0.030601 0.005828 0.003792
v -0.032740 0.009788 0.003582
v -0.031294 0.008806 0.003666
v -0.030396 0.008133 0.003594
v -0.030937 0.009528 0.003543
v -0.030149 0.007226 0.003687
v -0.035216 0.007571 0.003683
v -0.035937 0.001489 0.003459
v -0.034327 0.001041 0.003660
v -0.033479 0.000256 0.003458
v -0.039634 0.004097 0.003449
v -0.039423 0.005886 0.003487
v -0.041410 0.003639 0.003416
v -0.041011 0.002391 0.003445
v -0.041450 0.004743 0.003521
v -0.042375 0.003777 0.003582
v -0.042618 0.003004 0.003492
v -0.043667 0.004288 0.003451
v -0.041182 0.007346 0.003536
v -0.039582 0.008844 0.003533
v -0.037991 0.008378 0.003575
v -0.041241 0.009282 0.003519
v -0.040573 0.010859 0.003493
v -0.037719 0.010922 0.003542
v -0.038320 0.011456 0.003605
v -0.036911 0.012573 0.003518
v -0.038150 0.012555 0.003525
v -0.037045 0.015050 0.003599
v -0.039505 0.013642 0.003476
v -0.035472 0.010526 0.003494
v -0.035733 0.012926 0.003450
v -0.034472 0.011474 0.003625
v -0.039902 0.012429 0.003450
v -0.036922 0.009669 0.003498
v -0.028460 0.001619 0.003641
v -0.031842 -0.000166 0.003540
v -0.041649 0.001517 0.003522
v -0.037884 0.006503 0.003516
v -0.039354 0.001346 0.003456
v -0.034381 0.000172 0.003768
v -0.042970 0.009154 0.003510
v -0.030418 -0.001297 0.003473
v -0.035294 0.005734 0.003708
v -0.041814 0.006101 0.003632
v -0.036784 0.001279 0.003587
v -0.029420 -0.006325 0.003455
v -0.030651 -0.007044 0.003189
v -0.031162 -0.004988 0.003209
v -0.031876 -0.003752 0.003331
v -0.032572 -0.005553 0.003050
v -0.031147 -0.003292 0.003445
v -0.027118 -0.006494 0.003458
v -0.026907 -0.005997 0.003713
v -0.043448 0.007177 0.003434
v -0.028353 -0.007498 0.003348
v -0.026389 -0.005444 0.003509
v -0.028209 -0.001961 0.003511
v -0.036155 0.007785 0.003786
v -0.032056 -0.007799 0.003041
v -0.031144 -0.008420 0.003208
v -0.029990 -0.008382 0.003195
v -0.030034 -0.009415 0.003271
v -0.028845 -0.009271 0.003789
v -0.029183 -0.010007 0.003441
v -0.030124 -0.011229 0.003332
v -0.029314 -0.010947 0.003531
v -0.028640 -0.011285 0.003389
v -0.028860 -0.012226 0.003618
v -0.029702 -0.012346 0.003601
v -0.028739 -0.012911 0.003491
v -0.031143 -0.011164 0.003276
v -0.030338 -0.012763 0.003576
v -0.028350 -0.011770 0.003584
v -0.028070 -0.009497 0.003403
v -0.031462 -0.009681 0.003233
v -0.032706 -0.003692 0.003424
v -0.033444 -0.004055 0.003193
v -0.027759 0.003466 0.003758
v -0.028340 0.006479 0.003601
v -0.026807 0.004180 0.003810
v -0.026639 0.006515 0.003730
v -0.027956 0.007299 0.003590
v -0.027372 0.008286 0.003517
v -0.025873 0.004957 0.003674
v -0.025841 0.003654 0.003593
v -0.030214 0.004878 0.003729
v -0.029443 -0.013649 0.003610
v -0.027823 -0.013727 0.003372
v -0.028779 -0.014513 0.003769
v -0.027383 -0.014472 0.003605
v -0.026226 -0.013776 0.003333
v -0.025946 -0.014566 0.003654
v -0.024759 -0.014583 0.003715
v -0.023867 -0.013732 0.003291
v -0.025263 -0.011903 0.003406
v -0.022590 -0.012238 0.003368
v -0.022319 -0.013852 0.003380
v -0.023094 -0.014599 0.003696
v -0.022470 -0.010835 0.003358
v -0.024484 -0.010293 0.003304
v -0.025906 -0.011210 0.003383
v -0.026311 -0.009417 0.003422
v -0.026619 -0.010672 0.003613
v -0.027423 -0.011602 0.003495
v -0.025824 -0.009072 0.003532
v -0.027066 -0.007942 0.003540
v -0.027216 -0.008548 0.003623
v -0.024362 -0.009004 0.003329
v -0.021741 -0.011356 0.003297
v -0.025831 -0.008355 0.003471
v -0.022930 -0.009476 0.003349
v -0.021837 -0.009245 0.003420
v -0.020773 -0.009400 0.003106
v -0.021813 -0.008223 0.003351
v -0.020378 -0.007827 0.003018
v -0.018880 -0.007570 0.002922
v -0.019711 -0.007111 0.003140
v -0.019108 -0.006242 0.003675
v -0.018100 -0.007045 0.003129
v -0.018336 -0.006009 0.003378
v -0.019025 -0.005250 0.003666
v -0.019676 -0.005014 0.003871
v -0.017145 -0.006821 0.003258
v -0.019792 -0.005931 0.003691
v -0.018111 -0.005183 0.003671
v -0.018491 -0.008480 0.002927
v -0.022943 -0.008003 0.003354
v -0.016043 -0.004745 0.003502
v -0.017187 -0.004020 0.003379
v -0.018216 -0.004139 0.003220
v -0.015780 -0.005779 0.003490
v -0.016468 -0.006482 0.003430
v -0.015298 -0.005054 0.003247
v -0.015293 -0.004091 0.003191
v -0.016546 -0.007827 0.003470
v -0.014785 -0.005381 0.003560
v -0.014798 -0.003559 0.003341
v -0.014009 -0.004992 0.003806
v -0.013644 -0.004162 0.003788
v -0.013084 -0.005011 0.004668
v -0.013573 -0.005527 0.004208
v -0.012525 -0.004777 0.004235
v -0.012602 -0.005727 0.004078
v -0.016309 -0.002842 0.003388
v -0.014411 -0.005309 0.003865
v -0.013959 -0.003475 0.003499
v -0.016852 -0.008472 0.003672
v -0.015429 -0.007825 0.003624
v -0.015185 -0.006298 0.003677
v -0.016001 -0.008604 0.003268
v -0.020505 -0.012996 0.003409
v -0.020491 -0.014124 0.003716
v -0.021217 -0.014605 0.003876
v -0.019968 -0.015184 0.003553
v -0.021199 -0.015318 0.003658
v -0.019967 -0.013965 0.003870
v -0.020071 -0.016129 0.003374
v -0.021416 -0.016180 0.003745
v -0.019256 -0.015955 0.003513
v -0.019841 -0.017046 0.003468
v -0.020543 -0.017571 0.003332
v -0.019111 -0.016400 0.003628
v -0.018094 -0.015579 0.003417
v -0.018186 -0.014748 0.003529
v -0.017256 -0.014475 0.003612
v -0.016876 -0.015247 0.003263
v -0.016498 -0.014095 0.003466
v -0.015336 -0.014808 0.003580
v -0.017253 -0.013491 0.003380
v -0.016661 -0.012494 0.003163
v -0.017173 -0.012665 0.003109
v -0.017307 -0.011586 0.003119
v -0.015943 -0.012281 0.003041
v -0.016287 -0.011708 0.003062
v -0.015068 -0.011014 0.002915
v -0.015349 -0.012783 0.003671
v -0.014405 -0.011673 0.003363
v -0.014379 -0.010362 0.003080
v -0.015247 -0.009421 0.002954
v -0.013944 -0.009892 0.003283
v -0.014141 -0.009007 0.003246
v -0.013173 -0.009319 0.003317
v -0.012979 -0.010519 0.003695
v -0.012131 -0.009678 0.003698
v -0.012984 -0.008030 0.003385
v -0.014471 -0.012334 0.003682
v -0.013169 -0.012273 0.003731
v -0.013591 -0.010926 0.003611
v -0.016850 -0.010981 0.002945
v -0.015901 -0.013155 0.003625
v -0.015786 -0.015713 0.003770
v -0.016914 -0.016334 0.003286
v -0.016279 -0.016731 0.003964
v -0.015650 -0.016306 0.004155
v -0.015493 -0.016858 0.003532
v -0.014407 -0.016513 0.003112
v -0.014459 -0.017386 0.003223
v -0.014727 -0.017956 0.003028
v -0.013447 -0.017462 0.002681
v -0.016529 -0.017102 0.003524
v -0.015950 -0.017819 0.003594
v -0.015579 -0.018674 0.003031
v -0.014774 -0.019170 0.003040
v -0.014362 -0.018701 0.003396
v -0.014239 -0.019466 0.003047
v -0.015395 -0.019471 0.003448
v -0.014782 -0.019935 0.003655
v -0.016486 -0.018501 0.003485
v -0.017955 -0.013670 0.003229
v -0.017896 -0.016140 0.003514
v -0.015198 -0.015884 0.004202
v -0.019212 -0.017550 0.003540
v -0.021925 -0.017098 0.003730
v -0.018574 -0.017764 0.003556
v -0.020221 -0.018467 0.003675
v -0.020904 -0.018220 0.003343
v -0.020613 -0.019084 0.003527
v -0.021082 -0.019138 0.003641
v -0.021355 -0.020347 0.003356
v -0.021686 -0.019784 0.003806
v -0.023073 -0.020161 0.003696
v -0.023145 -0.019190 0.003705
v -0.024054 -0.020058 0.003704
v -0.023031 -0.021134 0.003545
v -0.024004 -0.020872 0.003585
v -0.023425 -0.021672 0.003862
v -0.024718 -0.021755 0.003792
v -0.025353 -0.021328 0.003643
v -0.025659 -0.020992 0.003791
v -0.026406 -0.020492 0.003616
v -0.025979 -0.021904 0.003744
v -0.026129 -0.022483 0.003699
v -0.026973 -0.022401 0.003820
v -0.027059 -0.020742 0.003745
v -0.027543 -0.020346 0.003869
v -0.027620 -0.020995 0.003798
v -0.026186 -0.019946 0.003739
v -0.027159 -0.021587 0.004025
v -0.028514 -0.020285 0.003662
v -0.026990 -0.019259 0.003800
v -0.025823 -0.018561 0.003590
v -0.027147 -0.018704 0.003952
v -0.025734 -0.017905 0.003785
v -0.025740 -0.019565 0.003917
v -0.024688 -0.018634 0.003727
v -0.024807 -0.017397 0.003683
v -0.026534 -0.016694 0.003468
v -0.025782 -0.016536 0.003691
v -0.024775 -0.016106 0.003434
v -0.023912 -0.016640 0.003651
v -0.026256 -0.015679 0.003479
v -0.023995 -0.017867 0.003660
v -0.026571 -0.017585 0.003752
v -0.024901 -0.019074 0.003663
v -0.027452 -0.019355 0.003691
v -0.026556 -0.022883 0.003902
v -0.027344 -0.022827 0.003832
v -0.027232 -0.024291 0.003576
v -0.028132 -0.023523 0.003849
v -0.029194 -0.020295 0.003769
v -0.028612 -0.021849 0.004312
v -0.029280 -0.021617 0.004039
v -0.029738 -0.020786 0.003712
v -0.030161 -0.019817 0.003802
v -0.029349 -0.022058 0.004304
v -0.029526 -0.019279 0.003941
v -0.029925 -0.021678 0.004129
v -0.030961 -0.021866 0.003923
v -0.030077 -0.021998 0.004661
v -0.031378 -0.021208 0.004042
v -0.031664 -0.022063 0.004161
v -0.031402 -0.020920 0.003955
v -0.030811 -0.022398 0.004693
v -0.032268 -0.021058 0.003801
v -0.031104 -0.020345 0.003799
v -0.025461 -0.022370 0.004016
v -0.025196 -0.022687 0.003730
v -0.029150 -0.024136 0.003521
v -0.028038 -0.025323 0.003385
v -0.026804 -0.025556 0.003351
v -0.027451 -0.026379 0.003506
v -0.026541 -0.026134 0.003448
v -0.025544 -0.025937 0.003171
v -0.024615 -0.024523 0.003247
v -0.022773 -0.024864 0.003385
v -0.024388 -0.023907 0.003559
v -0.022637 -0.023799 0.003616
v -0.023827 -0.022986 0.003690
v -0.024394 -0.022371 0.003535
v -0.022393 -0.022588 0.003511
v -0.021286 -0.023281 0.003534
v -0.021551 -0.022510 0.003766
v -0.021010 -0.022023 0.003730
v -0.020709 -0.023369 0.003356
v -0.020186 -0.022656 0.003204
v -0.020138 -0.021029 0.003297
v -0.019920 -0.021270 0.003143
v -0.019228 -0.020919 0.003335
v -0.018940 -0.021875 0.003526
v -0.020985 -0.021134 0.003795
v -0.020642 -0.020653 0.003614
v -0.021811 -0.021769 0.003467
v -0.020762 -0.024206 0.003333
v -0.029643 -0.025744 0.003298
v -0.028891 -0.023364 0.004155
v -0.028670 -0.022860 0.003722
v -0.029767 -0.023659 0.003963
v -0.025235 -0.023490 0.003840
v -0.027851 -0.022587 0.003805
v -0.025067 -0.022084 0.003744
v -0.019780 -0.018925 0.003672
v -0.019786 -0.019748 0.003575
v -0.018932 -0.018657 0.003383
v -0.019149 -0.018088 0.003814
v -0.020292 -0.012235 0.003430
v -0.029915 -0.026345 0.003495
v -0.030412 -0.025990 0.003173
v -0.031771 -0.026384 0.003699
v -0.032380 -0.025702 0.003287
v -0.032769 -0.026022 0.003298
v -0.034463 -0.024995 0.003110
v -0.034224 -0.025937 0.003178
v -0.035485 -0.025817 0.003222
v -0.036409 -0.025027 0.002966
v -0.035281 -0.024517 0.003134
v -0.035290 -0.023517 0.003752
v -0.034032 -0.023311 0.003817
v -0.034615 -0.022926 0.003802
v -0.034214 -0.022891 0.004028
v -0.034140 -0.022224 0.003739
v -0.035178 -0.022847 0.003644
v -0.035907 -0.023061 0.003717
v -0.035980 -0.022081 0.003671
v -0.036310 -0.022996 0.003879
v -0.037067 -0.022281 0.003608
v -0.036604 -0.021578 0.004184
v -0.036281 -0.020836 0.004365
v -0.035254 -0.021519 0.004078
v -0.035653 -0.020493 0.004744
v -0.036200 -0.020370 0.004582
v -0.035690 -0.020032 0.004179
v -0.037108 -0.020204 0.004168
v -0.036455 -0.019598 0.003795
v -0.037791 -0.019248 0.003686
v -0.037879 -0.018743 0.003754
v -0.038878 -0.019106 0.003951
v -0.039461 -0.018960 0.003685
v -0.039152 -0.017905 0.003824
v -0.040004 -0.018319 0.003908
v -0.040153 -0.016758 0.003708
v -0.039323 -0.016254 0.003659
v -0.038546 -0.017241 0.003783
v -0.040295 -0.019194 0.003825
v -0.040181 -0.020297 0.003772
v -0.041294 -0.019796 0.003780
v -0.041363 -0.018399 0.003552
v -0.042330 -0.019984 0.003487
v -0.042559 -0.019291 0.003618
v -0.043490 -0.019860 0.003611
v -0.043714 -0.018935 0.003551
v -0.044887 -0.020491 0.002997
v -0.045225 -0.019101 0.002938
v -0.044361 -0.017417 0.003203
v -0.043399 -0.018124 0.003633
v -0.043427 -0.018603 0.003837
v -0.045405 -0.017067 0.002947
v -0.046871 -0.018237 0.002851
v -0.047319 -0.018697 0.002839
v -0.043405 -0.017320 0.003643
v -0.043071 -0.016736 0.003584
v -0.042539 -0.017919 0.003701
v -0.046527 -0.020801 0.003008
v -0.047160 -0.017118 0.002894
v -0.046851 -0.015321 0.003066
v -0.044828 -0.014431 0.003318
v -0.046252 -0.013569 0.003692
v -0.045310 -0.012936 0.004342
v -0.044173 -0.013784 0.003473
v -0.043770 -0.015038 0.003346
v -0.043479 -0.014542 0.003610
v -0.043062 -0.014912 0.003525
v -0.042827 -0.015365 0.003632
v -0.042039 -0.014848 0.003658
v -0.042061 -0.014082 0.003649
v -0.041067 -0.014974 0.003526
v -0.041073 -0.013589 0.003430
v -0.040698 -0.014570 0.003810
v -0.042914 -0.013151 0.003572
v -0.040015 -0.014408 0.003625
v -0.039348 -0.015314 0.003728
v -0.039746 -0.013634 0.003648
v -0.041477 -0.015709 0.003814
v -0.046202 -0.012868 0.004398
v -0.045175 -0.012277 0.004810
v -0.046145 -0.012148 0.004300
v -0.045398 -0.011306 0.003821
v -0.046919 -0.013045 0.003937
v -0.047433 -0.012708 0.003742
v -0.046735 -0.011289 0.003952
v -0.048502 -0.013528 0.003811
v -0.047107 -0.014037 0.003842
v -0.047647 -0.013980 0.003650
v -0.048776 -0.014475 0.003707
v -0.049284 -0.013577 0.003630
v -0.049401 -0.012825 0.004065
v -0.049859 -0.013191 0.003738
v -0.049673 -0.012019 0.003857
v -0.050559 -0.013354 0.003645
v -0.050545 -0.011395 0.003603
v -0.049897 -0.010991 0.003836
v -0.049056 -0.011263 0.003838
v -0.048162 -0.012157 0.004016
v -0.048168 -0.011243 0.004254
v -0.049584 -0.010265 0.003756
v -0.048160 -0.010641 0.004603
v -0.050455 -0.010592 0.003807
v -0.050547 -0.009567 0.003701
v -0.051064 -0.009732 0.003976
v -0.051746 -0.010442 0.003827
v -0.051040 -0.011133 0.003722
v -0.052892 -0.010895 0.003506
v -0.051736 -0.011940 0.003664
v -0.051216 -0.011707 0.003934
v -0.053126 -0.012301 0.003717
v -0.052487 -0.013434 0.003670
v -0.053794 -0.010989 0.003963
v -0.053366 -0.010051 0.003349
v -0.050198 -0.010916 0.004036
v -0.051083 -0.012352 0.003702
v -0.050244 -0.013714 0.003969
v -0.050904 -0.014135 0.003477
v -0.049534 -0.014758 0.003513
v -0.049836 -0.014085 0.003796
v -0.047354 -0.014807 0.003693
v -0.046259 -0.010910 0.003742
v -0.048666 -0.012453 0.003715
v -0.044444 -0.011906 0.004776
v -0.044546 -0.012487 0.004895
v -0.049206 -0.015670 0.003612
v -0.048466 -0.015573 0.003529
v -0.048846 -0.016413 0.003702
v -0.047729 -0.015899 0.003146
v -0.049441 -0.016907 0.003331
v -0.050368 -0.016264 0.003729
v -0.046647 -0.013371 0.003864
v -0.047785 -0.016705 0.003102
v -0.044211 -0.015491 0.003302
v -0.042620 -0.020768 0.003676
v -0.043936 -0.021371 0.003416
v -0.042759 -0.021896 0.003432
v -0.043594 -0.022842 0.003168
v -0.042425 -0.022658 0.003201
v -0.041705 -0.022035 0.003391
v -0.042491 -0.023493 0.003169
v -0.040872 -0.023618 0.003282
v -0.041775 -0.021122 0.003447
v -0.044911 -0.021927 0.003144
v -0.040285 -0.017723 0.003634
v -0.038966 -0.020942 0.003723
v -0.041212 -0.017994 0.003674
v -0.041265 -0.020614 0.003735
v -0.040606 -0.021076 0.003766
v -0.039706 -0.021060 0.003881
v -0.038940 -0.016523 0.003884
v -0.037865 -0.017775 0.003868
v -0.038068 -0.016217 0.003654
v -0.038783 -0.019588 0.003809
v -0.035169 -0.019329 0.003877
v -0.034500 -0.018707 0.003717
v -0.033751 -0.019704 0.003988
v -0.034508 -0.020275 0.004186
v -0.033793 -0.020648 0.004132
v -0.033188 -0.020116 0.003748
v -0.033012 -0.021068 0.004117
v -0.033325 -0.021151 0.004296
v -0.032796 -0.021757 0.004112
v -0.033726 -0.021660 0.004381
v -0.033045 -0.022281 0.004465
v -0.033155 -0.018541 0.003752
v -0.034400 -0.017918 0.003935
v -0.035186 -0.017789 0.003839
v -0.034797 -0.017315 0.003656
v -0.035875 -0.018141 0.003704
v -0.033587 -0.017398 0.003771
v -0.037030 -0.017525 0.003949
v -0.035101 -0.020082 0.003983
v -0.032020 -0.019121 0.003945
v -0.032283 -0.018012 0.003713
v -0.031066 -0.019095 0.003862
v -0.030513 -0.018405 0.003999
v -0.030845 -0.017834 0.003703
v -0.030746 -0.017166 0.003745
v -0.031716 -0.016911 0.003698
v -0.030271 -0.016528 0.003521
v -0.029186 -0.017852 0.003848
v -0.031314 -0.015966 0.003640
v -0.030285 -0.015268 0.003611
v -0.029373 -0.016809 0.003828
v -0.028592 -0.015582 0.003571
v -0.028669 -0.016463 0.003752
v -0.028403 -0.016849 0.003608
v -0.031969 -0.014796 0.003652
v -0.031254 -0.014665 0.003842
v -0.031859 -0.013868 0.003403
v -0.033132 -0.014630 0.003794
v -0.033580 -0.014039 0.003443
v -0.033318 -0.015149 0.003686
v -0.035208 -0.015028 0.003813
v -0.035511 -0.015571 0.003637
v -0.036108 -0.014668 0.003632
v -0.036053 -0.016426 0.003570
v -0.036491 -0.016078 0.003810
v -0.036947 -0.014707 0.003843
v -0.037819 -0.015616 0.003919
v -0.035120 -0.016574 0.003748
v -0.037838 -0.014253 0.003555
v -0.035134 -0.014199 0.003377
v -0.033707 -0.012880 0.003389
v -0.032425 -0.012793 0.003310
v -0.031260 -0.013152 0.003527
v -0.033353 -0.012160 0.003255
v -0.033724 -0.011625 0.003195
v -0.034593 -0.012308 0.003629
v -0.034544 -0.011242 0.003577
v -0.032358 -0.011659 0.003241
v -0.035108 -0.012302 0.003530
v -0.035822 -0.010443 0.003123
v -0.036044 -0.011216 0.003205
v -0.036055 -0.012887 0.003673
v -0.036826 -0.012271 0.003588
v -0.037461 -0.011387 0.003291
v -0.037840 -0.011807 0.003435
v -0.037961 -0.012861 0.003759
v -0.038401 -0.012405 0.003467
v -0.039394 -0.011506 0.003321
v -0.038865 -0.010075 0.003278
v -0.038899 -0.013208 0.003641
v -0.038180 -0.013474 0.003507
v -0.034323 -0.010265 0.003174
v -0.036858 -0.010882 0.003503
v -0.035933 -0.009467 0.003011
v -0.036741 -0.009221 0.003545
v -0.033886 -0.008832 0.002955
v -0.035625 -0.008428 0.002969
v -0.032125 -0.015315 0.003747
v -0.029258 -0.017348 0.003700
v -0.034188 -0.021294 0.004132
v -0.032364 -0.017125 0.003617
v -0.037029 -0.020988 0.003946
v -0.036844 -0.020444 0.004499
v -0.036941 -0.023308 0.003590
v -0.038082 -0.022013 0.003865
v -0.037044 -0.025463 0.003185
v -0.038102 -0.024566 0.003012
v -0.037035 -0.024240 0.003262
v -0.039324 -0.024189 0.003534
v -0.038115 -0.023832 0.003518
v -0.039006 -0.023124 0.003813
v -0.039362 -0.022761 0.003675
v -0.040485 -0.023627 0.003484
v -0.038735 -0.024893 0.003182
v -0.038477 -0.022725 0.003695
v -0.039740 -0.024296 0.003286
v -0.032830 -0.024805 0.003367
v -0.035093 -0.022019 0.004269
v -0.023940 -0.015071 0.003650
v -0.029336 -0.015008 0.003862
v -0.030299 -0.014292 0.003573
v -0.030278 -0.013596 0.003363
v -0.031415 -0.012716 0.003422
v -0.047297 -0.020133 0.003074
v -0.048193 -0.018972 0.003115
v -0.034685 -0.001200 0.003532
v -0.033920 -0.002431 0.003489
v -0.026082 -0.003184 0.003631
v -0.023881 -0.001592 0.003827
v -0.023510 -0.005115 0.003555
v -0.018164 -0.003619 0.003401
v -0.018752 -0.000740 0.004289
v -0.018494 -0.000095 0.003758
v -0.019890 -0.002682 0.003757
v -0.020661 -0.004903 0.003909
v -0.019563 -0.000559 0.004534
v -0.018763 -0.004565 0.003541
v -0.023293 -0.002207 0.003680
v -0.019602 0.023391 0.004065
v -0.018673 0.005681 0.003641
v -0.026995 -0.012394 0.003474
v -0.015515 -0.003190 0.003626
v -0.041308 0.013164 0.003454
v -0.038942 -0.007580 0.003370
v -0.037965 -0.007551 0.003184
v -0.037879 -0.008811 0.003196
v -0.040511 -0.008229 0.003354
v -0.041221 -0.006001 0.003358
v -0.041892 -0.007999 0.003469
v -0.042229 -0.005795 0.003532
v -0.041547 -0.005042 0.003501
v -0.043359 -0.005104 0.003354
v -0.042651 -0.006077 0.003408
v -0.042555 -0.003629 0.003411
v -0.045032 -0.005109 0.003590
v -0.045402 -0.003535 0.003530
v -0.046167 -0.005470 0.003751
v -0.046407 -0.006113 0.003637
v -0.045503 -0.006349 0.003675
v -0.043018 -0.007334 0.003436
v -0.043930 -0.002940 0.003517
v -0.045259 -0.002506 0.003631
v -0.046256 -0.003250 0.003458
v -0.046330 -0.002476 0.003629
v -0.047255 -0.002288 0.003497
v -0.047442 -0.001521 0.003704
v -0.046462 -0.001505 0.003458
v -0.048226 -0.002281 0.003645
v -0.047915 -0.000665 0.003540
v -0.048897 -0.001843 0.003534
v -0.048987 -0.003970 0.003668
v -0.048079 -0.003792 0.003774
v -0.049125 -0.004792 0.003693
v -0.049740 -0.002855 0.003728
v -0.049025 -0.001017 0.003634
v -0.050014 -0.000907 0.003618
v -0.050406 -0.000026 0.003722
v -0.050057 -0.001719 0.003795
v -0.051034 -0.001275 0.003605
v -0.051642 -0.000215 0.003942
v -0.051186 0.000503 0.004031
v -0.050268 0.001801 0.003534
v -0.051519 0.001991 0.003581
v -0.052133 0.000659 0.003634
v -0.051729 -0.000919 0.003895
v -0.051091 0.002393 0.003377
v -0.052529 0.003003 0.003183
v -0.050640 0.003824 0.003134
v -0.052785 0.004273 0.003115
v -0.053633 0.002193 0.003313
v -0.053915 0.003989 0.003339
v -0.052607 0.005518 0.003216
v -0.050642 0.006121 0.003174
v -0.054668 0.003304 0.003644
v -0.053953 0.001251 0.003285
v -0.054902 0.000885 0.003652
v -0.054523 -0.000091 0.003579
v -0.053197 -0.000441 0.003592
v -0.053849 -0.001405 0.003815
v -0.053031 -0.001474 0.003910
v -0.053960 -0.002200 0.004138
v -0.053036 -0.002051 0.003616
v -0.053100 -0.003615 0.003732
v -0.054024 -0.003389 0.004160
v -0.055019 -0.002744 0.003832
v -0.052910 -0.004280 0.003900
v -0.053789 -0.005063 0.004062
v -0.053521 -0.005600 0.003972
v -0.054733 -0.005473 0.003834
v -0.053078 -0.005000 0.003739
v -0.052967 -0.006322 0.004124
v -0.054736 -0.006643 0.003821
v -0.055496 -0.006028 0.004122
v -0.054971 -0.008145 0.003718
v -0.054010 -0.009055 0.003368
v -0.055938 -0.004391 0.004073
v -0.055520 -0.003699 0.003910
v -0.056046 -0.001903 0.003769
v -0.053595 -0.007391 0.003847
v -0.052562 -0.003931 0.003855
v -0.051999 -0.004391 0.003721
v -0.054673 -0.001497 0.003912
v -0.054999 -0.003584 0.003829
v -0.052629 -0.005687 0.003863
v -0.052598 -0.002287 0.003708
v -0.055974 0.003686 0.004047
v -0.056372 0.001261 0.003911
v -0.055989 0.000878 0.003671
v -0.056425 -0.000548 0.003959
v -0.049766 0.002796 0.003271
v -0.051919 -0.005425 0.004074
v -0.055366 -0.000208 0.003757
v -0.049293 -0.005871 0.003832
v -0.048096 -0.005475 0.003899
v -0.048925 -0.006787 0.004129
v -0.049377 -0.007885 0.003984
v -0.050090 -0.006938 0.003753
v -0.050565 -0.007860 0.003769
v -0.051850 -0.007303 0.004117
v -0.049124 -0.008955 0.004240
v -0.051468 -0.006085 0.003998
v -0.049655 -0.008331 0.003675
v -0.048051 -0.007187 0.004892
v -0.050138 -0.005089 0.003674
v -0.049805 0.000663 0.003520
v -0.050169 -0.003173 0.003636
v -0.047238 -0.003273 0.003635
v -0.045070 -0.001696 0.003502
v -0.042275 -0.002229 0.003507
v -0.043150 -0.001737 0.003406
v -0.042286 -0.001838 0.003711
v -0.042919 -0.001003 0.003414
v -0.046550 -0.007033 0.003642
v -0.046296 -0.008010 0.003605
v -0.046924 -0.008234 0.003757
v -0.046655 -0.009031 0.003719
v -0.045537 -0.008784 0.003486
v -0.044338 -0.005354 0.003412
v -0.040738 -0.009787 0.003274
v -0.039281 -0.009219 0.003332
v -0.043889 0.008819 0.003682
v -0.044456 0.007313 0.003664
v -0.044391 0.009351 0.003530
v -0.044949 0.008101 0.003729
v -0.025329 0.007559 0.003638
v -0.028847 0.007793 0.003706
v -0.008592 0.005739 0.003690
v -0.041490 -0.003122 0.003307
v -0.041823 -0.024006 0.003318
v -0.035827 0.009421 0.003598
v -0.006864 0.011817 0.003803
v -0.006368 0.012193 0.003887
v -0.006255 0.010489 0.003848
v -0.005411 0.011115 0.004232
v -0.005469 0.011574 0.004394
v -0.022094 -0.015111 0.003804
v -0.024099 -0.007042 0.003569
v -0.025743 -0.005268 0.003644
v -0.033982 -0.000570 0.003435
v -0.041120 -0.021690 0.003535
v -0.048429 0.001609 0.003577
v -0.041810 -0.001369 0.003589
v -0.044845 -0.008593 0.003719
v -0.044319 -0.010649 0.003608
v -0.043615 -0.008977 0.003711
v -0.044408 -0.008193 0.003498
v -0.043413 -0.008468 0.003553
v -0.043652 -0.007851 0.003698
v -0.044551 -0.007492 0.003725
v -0.043285 -0.009599 0.003333
v -0.017228 0.015683 0.003644
v -0.042553 0.002188 0.003590
v -0.043531 0.002352 0.003430
v -0.022102 0.014216 0.003547
v -0.026170 0.011502 0.002962
v -0.026004 0.012801 0.002965
v -0.028772 0.009659 0.003500
v -0.034250 -0.003260 0.003360
v -0.022657 -0.004878 0.003582
v -0.036524 0.006633 0.003680
v -0.022863 0.000458 0.003893
v -0.023620 0.002437 0.003815
v -0.055773 -0.001426 0.003809
v -0.056042 -0.000413 0.003687
v -0.039802 0.002168 0.003639
v -0.009689 0.015076 0.003324
v -0.012505 0.013294 0.003890
v -0.046319 -0.010029 0.003485
v -0.047484 -0.009753 0.004426
v -0.010385 0.016338 0.003649
v -0.011898 0.017705 0.003664
v -0.010033 0.017606 0.004464
v -0.009157 0.016307 0.004236
v -0.009154 0.016956 0.004709
v -0.008160 0.015609 0.004821
v -0.010952 0.018743 0.004571
v -0.022198 0.021177 0.003718
v -0.025500 0.002585 0.003580
v -0.024758 0.002690 0.003756
v -0.010892 -0.006814 0.003681
v -0.032586 -0.019871 0.003936
v -0.025776 0.014898 0.003403
v -0.043958 -0.001861 0.003462
v -0.043275 0.006025 0.003470
v -0.044388 0.005761 0.003647
v -0.020858 0.010594 0.003638
v -0.018341 -0.016999 0.003365
v -0.045805 0.008313 0.003448
v -0.045263 0.009834 0.003421
v -0.045972 0.010796 0.003439
v -0.047188 0.009244 0.003334
v -0.044880 0.004501 0.003507
v -0.041873 -0.020441 0.003775
v -0.045398 -0.020839 0.002885
v -0.026978 0.013228 0.003286
v -0.028934 -0.008054 0.003372
v -0.040057 0.023896 0.003711
v -0.030481 0.024044 0.003313
v -0.034785 0.024649 0.003360
v -0.026618 0.025248 0.003406
v -0.028292 0.023822 0.003366
v -0.040481 0.024570 0.004043
v -0.041616 0.024064 0.004160
v -0.040670 0.022777 0.003627
v -0.041657 0.023060 0.003698
v -0.042406 0.023310 0.004482
v -0.042930 0.021774 0.003604
v -0.043058 0.022438 0.004331
v -0.043725 0.021501 0.003587
v -0.044738 0.021475 0.004276
v -0.041821 0.021823 0.003559
v -0.041886 0.020940 0.003606
v -0.040877 0.022005 0.003547
v -0.042005 -0.009460 0.003475
v -0.041660 -0.010745 0.003379
v -0.042411 -0.010039 0.003775
v -0.042674 -0.010597 0.003538
v -0.041533 -0.011717 0.003600
v -0.042212 -0.011971 0.003350
v -0.041648 -0.012938 0.003796
v -0.040617 -0.011426 0.003518
v -0.044777 0.002857 0.003509
v -0.046662 0.002404 0.003457
v -0.045681 0.001566 0.003545
v -0.046353 0.001700 0.003719
v -0.047150 0.000856 0.003527
v -0.048099 0.002185 0.003412
v -0.046318 0.000322 0.003751
v -0.046948 0.004060 0.003364
v -0.044329 0.001409 0.003424
v -0.013037 0.018801 0.003666
v -0.022843 0.004964 0.003656
v -0.023709 0.003830 0.003795
v -0.043606 -0.013244 0.003981
v -0.044161 -0.000150 0.003663
v -0.022395 0.013655 0.003488
v -0.024181 0.011306 0.003012
v -0.049235 -0.009720 0.003872
v -0.009661 -0.006876 0.003549
v -0.021820 0.020278 0.003665
v -0.044444 -0.001472 0.003629
v -0.016979 0.010616 0.003741
v -0.043513 0.000831 0.003603
v -0.018382 0.000418 0.003694
v -0.036975 -0.013690 0.003513
v -0.030307 0.011284 0.003396
v -0.043042 0.011287 0.003494
v -0.042674 0.013979 0.003420
v -0.041508 0.015224 0.003519
v -0.043707 0.013580 0.003428
v -0.019389 -0.002179 0.003877
v -0.035712 0.014250 0.003517
v -0.047856 0.009694 0.003436
v -0.048673 0.007883 0.003371
v -0.014955 -0.002304 0.003546
v -0.015966 -0.001843 0.003790
v -0.015511 -0.001558 0.003740
v -0.032235 -0.021800 0.004408
v -0.032290 -0.022440 0.003883
v -0.020394 -0.010061 0.003182
v -0.019076 -0.009864 0.003177
v -0.019591 -0.010264 0.003104
v -0.018591 -0.010894 0.003607
v -0.018404 -0.009709 0.003141
v -0.027802 -0.010598 0.003386
v -0.026808 -0.007211 0.003618
v -0.036805 0.000261 0.003691
v -0.022805 0.012453 0.003425
v -0.039361 0.023206 0.003584
v -0.040564 0.001830 0.003698
v -0.019539 -0.011160 0.003376
v -0.007766 0.010920 0.003764
v -0.023964 0.003504 0.003678
v -0.023731 -0.000089 0.003964
v -0.006671 0.013398 0.004415
v -0.007415 0.014342 0.004231
v -0.009195 -0.005576 0.003509
v -0.008890 -0.006183 0.003696
v -0.042224 -0.015764 0.003555
v -0.042989 -0.015893 0.003744
v -0.036987 -0.007365 0.003365
v -0.046972 0.007200 0.003351
v -0.022394 0.025537 0.004088
v -0.011651 -0.004255 0.003646
v -0.033183 -0.022939 0.003743
v -0.042164 -0.016692 0.003998
v -0.006203 0.006071 0.003554
v -0.006644 0.004613 0.003428
v -0.050269 -0.002021 0.003617
v -0.033571 -0.023366 0.003956
v -0.034377 0.013553 0.003335
v -0.040724 -0.004479 0.003353
v -0.025534 0.006011 0.003687
v -0.043207 -0.000108 0.003359
v -0.052534 -0.003066 0.003885
v -0.051353 -0.002674 0.003775
v -0.050994 -0.003416 0.004007
v -0.037863 -0.020969 0.004215
v -0.015073 -0.007401 0.003461
v -0.048095 0.006463 0.003366
v -0.050636 0.006925 0.003425
v -0.014058 0.002158 0.003627
v -0.048032 -0.009641 0.004780
v -0.012793 -0.008807 0.003531
v -0.012147 -0.008245 0.003527
v -0.012054 -0.007805 0.003917
v -0.012725 -0.011296 0.003627
v -0.043322 -0.013900 0.003590
v -0.021912 -0.018330 0.003695
v -0.030412 -0.019023 0.003825
v -0.011863 -0.009102 0.003892
v -0.010857 -0.009741 0.003624
v -0.011042 -0.009034 0.003471
v -0.009799 -0.009446 0.003404
v -0.011265 -0.010198 0.003631
v -0.010081 -0.010729 0.003490
v -0.010625 -0.008432 0.003653
v -0.018837 0.023983 0.004210
v -0.047689 -0.000012 0.003651
v -0.014790 -0.015205 0.003787
v -0.014646 -0.014105 0.003735
v -0.013638 -0.014811 0.003635
v -0.014466 -0.013536 0.003759
v -0.013464 -0.013542 0.003907
v -0.012466 -0.013551 0.003730
v -0.012087 -0.015031 0.002813
v -0.011641 -0.013669 0.003063
v -0.011391 -0.014856 0.002647
v -0.011096 -0.013007 0.003179
v -0.010403 -0.014213 0.002809
v -0.010273 -0.013260 0.002953
v -0.009791 -0.013624 0.003097
v -0.008951 -0.013423 0.003229
v -0.009741 -0.015037 0.003247
v -0.012711 -0.015292 0.002765
v -0.009353 -0.012215 0.003005
v -0.008976 -0.012344 0.003010
v -0.008547 -0.013002 0.003422
v -0.007593 -0.013888 0.003284
v -0.008521 -0.015128 0.003027
v -0.008967 -0.011230 0.003182
v -0.007858 -0.012484 0.003332
v -0.006994 -0.013096 0.003188
v -0.007536 -0.011923 0.003285
v -0.011165 -0.016356 0.002659
v -0.012720 -0.017023 0.002686
v -0.012017 -0.017229 0.002743
v -0.012852 -0.017885 0.002778
v -0.012347 -0.018614 0.003291
v -0.011429 -0.017561 0.003296
v -0.011428 -0.019159 0.003564
v -0.012370 -0.019801 0.003518
v -0.010564 -0.018131 0.003464
v -0.013484 -0.019046 0.003062
v -0.010634 -0.016888 0.003237
v -0.009662 -0.016974 0.003204
v -0.009862 -0.016123 0.003127
v -0.042861 -0.009372 0.003375
v -0.027537 0.000336 0.003609
v -0.040221 -0.011274 0.003673
v -0.038687 -0.021390 0.003930
v -0.032898 0.015900 0.003008
v -0.045964 -0.004584 0.003550
v -0.002956 0.000309 0.003706
v -0.040908 0.001422 0.003467
v -0.023458 0.014691 0.003426
v -0.008689 0.015366 0.003903
v -0.014034 -0.018317 0.002976
v -0.032812 -0.002408 0.003468
v -0.021910 0.003781 0.003874
v -0.034221 -0.016455 0.003735
v -0.033853 0.020671 0.002958
v -0.036226 0.017943 0.003217
v -0.035174 0.023996 0.003509
v -0.041364 0.016247 0.003499
v -0.044144 0.020842 0.003629
v -0.040769 0.020236 0.003585
v -0.045497 0.020034 0.003735
v -0.047095 0.016960 0.003762
v -0.048936 0.017517 0.004214
v -0.047166 0.019559 0.004048
v -0.047499 0.015533 0.003683
v -0.049885 0.015580 0.004453
v -0.050514 0.015022 0.005233
v -0.008999 -0.014670 0.003107
v -0.023300 -0.005935 0.003682
v -0.021812 -0.020947 0.003494
v -0.043511 0.015865 0.003493
v -0.039356 0.016154 0.003457
v -0.042458 -0.012900 0.003763
v -0.049004 0.018140 0.004447
v -0.047991 0.019287 0.004436
v -0.046765 0.020326 0.004471
v -0.048761 0.018755 0.004914
v -0.049973 0.017000 0.005046
v -0.050331 0.016817 0.005872
v -0.049697 0.016941 0.004506
v -0.025863 -0.015220 0.003639
v -0.053009 -0.008173 0.003813
v -0.052232 -0.008992 0.003835
v -0.051572 -0.007984 0.003887
v -0.046024 0.020614 0.004133
v -0.037254 -0.018341 0.003597
v -0.006690 0.003886 0.003635
v -0.027601 -0.017963 0.003660
v -0.040164 -0.015525 0.003732
v -0.029823 -0.024532 0.003628
v -0.031601 -0.024149 0.003757
v -0.030812 -0.023766 0.004257
v -0.036148 -0.024087 0.003650
v -0.051405 -0.009309 0.003777
v -0.024872 -0.020055 0.003611
v -0.033666 -0.007272 0.002968
v -0.012096 -0.010782 0.003957
v -0.043775 -0.006075 0.003559
v -0.023512 0.023521 0.003626
v -0.019732 -0.024093 0.003329
v -0.047377 -0.006444 0.004277
v -0.010691 -0.015827 0.002732
v -0.033254 -0.001712 0.003590
v -0.010795 -0.001556 0.003926
v -0.011746 -0.001216 0.003453
v -0.011420 -0.000535 0.003410
v -0.012236 0.000003 0.003618
v -0.011016 -0.001982 0.003659
v -0.012563 -0.000534 0.003920
v -0.013094 -0.000220 0.003709
v -0.013057 -0.000849 0.003718
v -0.009618 0.001544 0.003374
v -0.045382 0.007056 0.003417
v -0.044722 0.012367 0.003352
v -0.013723 -0.016191 0.003151
v -0.047996 -0.008053 0.004800
v -0.035130 0.022572 0.003434
v -0.048514 0.005304 0.003172
v -0.048778 0.004006 0.003162
v -0.028274 -0.019426 0.003889
v -0.023500 -0.000857 0.003675
v -0.027671 -0.016662 0.003533
v -0.045256 -0.000227 0.003475
v -0.007561 0.005343 0.003374
v -0.047367 -0.004279 0.003505
v -0.009642 0.003266 0.003361
v -0.006957 0.009889 0.003544
v -0.020539 -0.006258 0.003360
v -0.034505 -0.012880 0.003482
v -0.028049 -0.018763 0.003700
v -0.042914 -0.018609 0.003556
v -0.035954 0.000501 0.003490
v -0.010747 -0.010897 0.003875
v -0.028082 -0.008496 0.003568
v -0.014064 -0.006285 0.003679
v -0.014584 0.001449 0.003726
v -0.015411 0.000922 0.003404
v -0.016602 0.001344 0.003525
v -0.014981 0.000343 0.003506
v -0.024677 0.026337 0.004097
v -0.052876 -0.007219 0.003886
v -0.014530 -0.007053 0.003723
v -0.025985 -0.004342 0.003551
v -0.040713 -0.017317 0.003727
v -0.037090 -0.010000 0.003384
v -0.021472 -0.005297 0.004077
v -0.038993 -0.022299 0.003587
v -0.033307 -0.015884 0.003547
v -0.039765 -0.022094 0.003829
v -0.051009 -0.014711 0.003506
v -0.051408 -0.015065 0.003801
v -0.033079 -0.010506 0.003233
v -0.017244 0.002300 0.003420
v -0.054504 -0.009491 0.003764
v -0.022936 -0.017429 0.003637
v -0.046815 0.006266 0.003405
v -0.017404 0.001393 0.003737
v -0.043514 -0.011127 0.003660
v -0.043806 -0.011620 0.004118
v -0.018799 -0.013142 0.003555
v -0.050600 0.008995 0.003416
v -0.023095 0.002266 0.003630
v -0.038290 -0.014853 0.003837
v -0.016863 -0.019128 0.003216
v -0.016474 -0.019811 0.003576
v -0.015777 -0.020142 0.004144
v -0.016141 -0.020514 0.003452
v -0.017292 -0.020138 0.003529
v -0.017417 -0.018397 0.003506
v -0.009700 -0.007910 0.003278
v -0.010777 -0.007693 0.003688
v -0.011180 -0.007914 0.003579
v -0.011678 -0.006970 0.003721
v -0.048043 -0.015190 0.003823
v -0.028194 0.022007 0.003415
v -0.016366 0.013477 0.003787
v -0.039811 0.021838 0.003590
v -0.048726 0.001332 0.003484
v -0.022701 -0.018595 0.003510
v -0.051241 0.015516 0.005918
v -0.040336 -0.024419 0.003303
v -0.016804 -0.000150 0.003250
v -0.016925 0.006534 0.003555
v -0.045552 0.021237 0.004212
v -0.042693 0.001457 0.003478
v -0.020134 -0.005101 0.003565
v -0.035070 -0.020684 0.004784
v -0.005033 -0.006413 0.003179
v -0.013808 -0.019768 0.003333
v -0.043976 -0.006959 0.003452
v -0.011275 0.000143 0.003640
v -0.048452 0.011153 0.003397
v -0.018787 -0.011959 0.003564
v -0.023139 -0.015708 0.003473
v -0.048920 0.015000 0.003795
v -0.018592 -0.014064 0.003398
v -0.047210 -0.005292 0.003575
v -0.029117 -0.018578 0.003741
v -0.028156 -0.021669 0.003963
v -0.022862 -0.022147 0.003423
v -0.043300 -0.012246 0.003758
v -0.012174 0.019843 0.004716
v -0.050270 -0.009267 0.003958
v -0.032487 -0.016094 0.003694
v -0.014857 -0.013143 0.003510
v -0.051969 0.001588 0.003476
v -0.031277 -0.022673 0.004224
v -0.026340 -0.023897 0.003698
v -0.008077 0.006103 0.003882
v -0.009096 0.007119 0.003767
v -0.015045 -0.000669 0.003897
v -0.007742 0.006176 0.003634
v -0.044909 0.020580 0.003597
v -0.053613 0.005432 0.003529
v -0.041824 -0.000061 0.003493
v -0.019524 -0.023149 0.003503
v -0.031754 -0.001207 0.003565
v -0.048510 -0.017227 0.003165
v -0.037923 -0.020075 0.003755
v -0.014781 -0.008340 0.003455
v -0.018132 -0.020954 0.003507
v -0.018123 -0.020643 0.003674
v -0.018142 -0.021248 0.003310
v -0.015337 -0.020341 0.003467
v -0.049421 -0.017454 0.003375
v -0.046635 -0.000102 0.003536
v -0.018074 -0.023165 0.003276
v -0.022590 0.003729 0.003649
v -0.012167 -0.011594 0.004249
v -0.012148 -0.012400 0.004054
v -0.019388 0.000243 0.003680
v -0.007756 -0.011041 0.003472
v -0.007378 -0.010482 0.003419
v -0.038741 -0.020225 0.003946
v -0.014806 0.005715 0.003694
v -0.051208 -0.012879 0.003774
v -0.052959 0.000408 0.003603
v -0.040828 -0.022442 0.003604
v -0.051149 -0.004207 0.003814
v -0.005509 0.009831 0.003808
v -0.006215 -0.011899 0.003211
v -0.006698 -0.011175 0.003064
v -0.045051 -0.010835 0.003712
v -0.050704 -0.002364 0.003885
v -0.013990 -0.007658 0.003425
v -0.005810 -0.010554 0.003269
v -0.004222 -0.000409 0.003180
v -0.018646 -0.023768 0.003269
v -0.016628 -0.017680 0.003579
v -0.025517 -0.006629 0.003646
v -0.016765 -0.022829 0.003205
v -0.032857 -0.016990 0.003846
v -0.029929 -0.022503 0.004514
v -0.030466 -0.022815 0.004094
v -0.037930 -0.022657 0.003792
v -0.013290 0.002784 0.003467
v -0.013459 0.001101 0.003902
v -0.040403 -0.021898 0.003547
v -0.046859 -0.010839 0.004088
v -0.052323 -0.001516 0.003621
v -0.007232 -0.009633 0.003210
v -0.008147 -0.009327 0.003130
v -0.006564 -0.009354 0.003534
v -0.005863 -0.008707 0.003395
v -0.005289 -0.008214 0.003119
v -0.005065 -0.009487 0.003260
v -0.004548 -0.008053 0.003201
v -0.007234 -0.008712 0.003171
v -0.004953 -0.007228 0.003190
v -0.005735 -0.007096 0.003127
v -0.008549 -0.009897 0.003050
v -0.004341 -0.006562 0.003128
v -0.004011 -0.007454 0.003547
v -0.005867 -0.007946 0.003448
v -0.006709 -0.007918 0.003287
v -0.011424 -0.010966 0.003714
v -0.005612 -0.011368 0.003649
v -0.012552 -0.001686 0.003651
v -0.017261 -0.017321 0.003564
v -0.017447 0.000495 0.003902
v -0.009353 -0.004737 0.003787
v -0.008726 -0.008860 0.003528
v -0.008814 -0.008223 0.003604
v -0.021023 0.012601 0.003624
v -0.015005 0.009183 0.003808
v -0.034371 -0.003898 0.003429
v -0.007246 -0.007134 0.003354
v -0.005892 -0.006732 0.003434
v -0.007237 -0.006336 0.003373
v -0.041391 -0.016917 0.003566
v -0.006279 -0.008528 0.003063
v -0.021853 -0.006379 0.003676
v -0.052054 -0.006412 0.003869
v -0.011649 -0.002323 0.003877
v -0.012073 -0.002685 0.003608
v -0.012772 -0.002971 0.003719
v -0.012953 -0.003769 0.003730
v -0.013577 -0.002131 0.003813
v -0.013073 -0.001893 0.003898
v -0.014472 0.005202 0.003907
v -0.035882 -0.013830 0.003372
v -0.010939 -0.011543 0.003600
v -0.013251 -0.006173 0.003658
v -0.034618 -0.021813 0.004188
v -0.021084 0.003310 0.003515
v -0.027582 -0.015984 0.003663
v -0.032402 -0.009336 0.003285
v -0.052509 0.007480 0.003772
v -0.052814 0.007064 0.003904
v -0.029062 -0.022380 0.004255
v -0.024629 0.013174 0.003012
v -0.032408 -0.023191 0.003936
v -0.027739 -0.022015 0.003669
v -0.014507 -0.015903 0.003491
v -0.018216 0.005968 0.003798
v -0.024435 -0.007755 0.003350
v -0.051134 0.007783 0.003580
v -0.014591 -0.000263 0.003606
v -0.014387 0.000040 0.003910
v -0.013992 0.000985 0.003623
v -0.052830 0.007956 0.003805
v -0.052407 0.009285 0.004031
v -0.053308 0.008633 0.004222
v -0.053220 0.009272 0.004039
v -0.048920 0.015000 0.003795
v -0.049697 0.016941 0.004506
v -0.049885 0.015580 0.004453
v -0.049973 0.017000 0.005046
v -0.050331 0.016817 0.005872
v -0.051241 0.015516 0.005918
v -0.052830 0.007956 0.003805
v -0.053716 0.007284 0.004891
v -0.052814 0.007064 0.003904
v -0.053976 0.006279 0.004709
v -0.053613 0.005432 0.003529
v -0.052607 0.005518 0.003216
v -0.050642 0.006121 0.003174
v -0.050636 0.006925 0.003425
v -0.052509 0.007480 0.003772
v -0.051134 0.007783 0.003580
v -0.048095 0.006463 0.003366
v -0.050600 0.008995 0.003416
v -0.048514 0.005304 0.003172
v -0.046948 0.004060 0.003364
v -0.048778 0.004006 0.003162
v -0.050640 0.003824 0.003134
v -0.046815 0.006266 0.003405
v -0.049766 0.002796 0.003271
v -0.048429 0.001609 0.003577
v -0.048099 0.002185 0.003412
v -0.047150 0.000856 0.003527
v -0.047689 -0.000012 0.003651
v -0.048726 0.001332 0.003484
v -0.046635 -0.000102 0.003536
v -0.011231 0.013827 0.003892
v -0.012441 0.015916 0.003759
v -0.013754 0.015502 0.003880
v -0.013511 0.014525 0.003797
v -0.011221 0.015195 0.003587
v -0.012505 0.013294 0.003890
v -0.009689 0.015076 0.003324
v -0.010952 0.018743 0.004571
v -0.013137 0.019485 0.004173
v -0.013037 0.018801 0.003666
v -0.012174 0.019843 0.004716
v -0.008689 0.015366 0.003903
v -0.007415 0.014342 0.004231
v -0.008160 0.015609 0.004821
v -0.016366 0.013477 0.003787
v -0.015904 0.014755 0.003813
v -0.017278 0.013676 0.003510
v -0.017228 0.015683 0.003644
v -0.017228 0.015683 0.003644
v -0.017062 0.017881 0.003741
v -0.018349 0.016645 0.003685
v -0.019294 0.017165 0.003870
v -0.018074 0.018210 0.003827
v -0.016576 0.018760 0.003683
v -0.015286 0.012624 0.003736
v -0.016366 0.013477 0.003787
v -0.016651 0.012805 0.003636
v -0.016979 0.010616 0.003741
v -0.004953 -0.007228 0.003190
v -0.005033 -0.006413 0.003179
v -0.005735 -0.007096 0.003127
v -0.004341 -0.006562 0.003128
v -0.005349 -0.006134 0.003137
v -0.005892 -0.006732 0.003434
v -0.006860 -0.006072 0.003224
v -0.007237 -0.006336 0.003373
v -0.006379 -0.005660 0.003572
v -0.007733 -0.004910 0.003217
v -0.008144 -0.005529 0.003427
v -0.004712 -0.005705 0.003050
v -0.003556 -0.004850 0.003636
v -0.004011 -0.007454 0.003547
v -0.008763 -0.006853 0.003443
v -0.008890 -0.006183 0.003696
v -0.009718 -0.006159 0.003434
v -0.009661 -0.006876 0.003549
v -0.008814 -0.008223 0.003604
v -0.007234 -0.008712 0.003171
v -0.007246 -0.007134 0.003354
v -0.009195 -0.005576 0.003509
v -0.009700 -0.007910 0.003278
v -0.010777 -0.007693 0.003688
v -0.010892 -0.006814 0.003681
v -0.011678 -0.006970 0.003721
v -0.012602 -0.005727 0.004078
v -0.011512 -0.004796 0.003803
v -0.012525 -0.004777 0.004235
v -0.011651 -0.004255 0.003646
v -0.011990 -0.003389 0.003754
v -0.012953 -0.003769 0.003730
v -0.013644 -0.004162 0.003788
v -0.013959 -0.003475 0.003499
v -0.013577 -0.002131 0.003813
v -0.014436 -0.002837 0.003743
v -0.014955 -0.002304 0.003546
v -0.015515 -0.003190 0.003626
v -0.014550 -0.001115 0.003600
v -0.013876 -0.001121 0.003903
v -0.014591 -0.000263 0.003606
v -0.013057 -0.000849 0.003718
v -0.013094 -0.000220 0.003709
v -0.014387 0.000040 0.003910
v -0.013459 0.001101 0.003902
v -0.013992 0.000985 0.003623
v -0.014584 0.001449 0.003726
v -0.014981 0.000343 0.003506
v -0.014058 0.002158 0.003627
v -0.012796 0.001587 0.003651
v -0.013290 0.002784 0.003467
v -0.012610 0.002203 0.003846
v -0.012183 0.001496 0.003694
v -0.015045 -0.000669 0.003897
v -0.013073 -0.001893 0.003898
v -0.012552 -0.001686 0.003651
v -0.012772 -0.002971 0.003719
v -0.012073 -0.002685 0.003608
v -0.011649 -0.002323 0.003877
v -0.012236 0.000003 0.003618
v -0.015511 -0.001558 0.003740
v -0.012658 -0.006654 0.003705
v -0.012054 -0.007805 0.003917
v -0.012984 -0.008030 0.003385
v -0.011180 -0.007914 0.003579
v -0.014798 -0.003559 0.003341
v -0.013251 -0.006173 0.003658
v -0.010625 -0.008432 0.003653
v -0.011863 -0.009102 0.003892
v -0.009799 -0.009446 0.003404
v -0.008726 -0.008860 0.003528
v -0.008549 -0.009897 0.003050
v -0.009375 -0.010473 0.003411
v -0.010081 -0.010729 0.003490
v -0.008967 -0.011230 0.003182
v -0.007378 -0.010482 0.003419
v -0.009601 -0.011347 0.003171
v -0.010939 -0.011543 0.003600
v -0.010747 -0.010897 0.003875
v -0.010994 -0.012355 0.003525
v -0.012167 -0.011594 0.004249
v -0.012148 -0.012400 0.004054
v -0.011096 -0.013007 0.003179
v -0.011641 -0.013669 0.003063
v -0.012466 -0.013551 0.003730
v -0.013464 -0.013542 0.003907
v -0.013169 -0.012273 0.003731
v -0.014466 -0.013536 0.003759
v -0.014857 -0.013143 0.003510
v -0.009353 -0.012215 0.003005
v -0.016961 -0.001037 0.003274
v -0.015966 -0.001843 0.003790
v -0.016522 -0.001983 0.003535
v -0.017034 -0.002801 0.003586
v -0.016309 -0.002842 0.003388
v -0.011275 0.000143 0.003640
v -0.006709 -0.007918 0.003287
v -0.006279 -0.008528 0.003063
v -0.009353 -0.004737 0.003787
v -0.017187 -0.004020 0.003379
v -0.018164 -0.003619 0.003401
v -0.030937 0.009528 0.003543
v -0.030307 0.011284 0.003396
v -0.032078 0.012284 0.003391
v -0.029319 0.011500 0.003504
v -0.032740 0.009788 0.003582
v -0.028772 0.009659 0.003500
v -0.033750 0.010807 0.003449
v -0.033239 0.012630 0.003361
v -0.034472 0.011474 0.003625
v -0.035472 0.010526 0.003494
v -0.033587 0.008999 0.003642
v -0.034377 0.013553 0.003335
v -0.035827 0.009421 0.003598
v -0.027372 0.008286 0.003517
v -0.026832 0.009036 0.003498
v -0.028772 0.009659 0.003500
v -0.025329 0.007559 0.003638
v -0.025534 0.006011 0.003687
v -0.018795 0.009546 0.003729
v -0.018482 0.011026 0.003723
v -0.020858 0.010594 0.003638
v -0.016979 0.010616 0.003741
v -0.031296 0.015829 0.003187
v -0.031695 0.018091 0.002857
v -0.032898 0.015900 0.003008
v -0.030374 0.016916 0.003395
v -0.030024 0.017538 0.003259
v -0.029703 0.018350 0.003045
v -0.023458 0.014691 0.003426
v -0.022726 0.016878 0.003395
v -0.024273 0.016404 0.003415
v -0.022092 0.018060 0.003587
v -0.020336 0.016574 0.003531
v -0.024214 0.018351 0.003438
v -0.023572 0.019010 0.003553
v -0.020537 0.018516 0.003628
v -0.021820 0.020278 0.003665
v -0.021071 0.019149 0.003708
v -0.023069 0.010930 0.003317
v -0.021023 0.012601 0.003624
v -0.022395 0.013655 0.003488
v -0.022805 0.012453 0.003425
v -0.024629 0.013174 0.003012
v -0.023458 0.014691 0.003426
v -0.035097 0.018962 0.002968
v -0.033853 0.020671 0.002958
v -0.035744 0.020595 0.003104
v -0.036226 0.017943 0.003217
v -0.021820 0.020278 0.003665
v -0.022198 0.021177 0.003718
v -0.024129 0.022424 0.003623
v -0.023512 0.023521 0.003626
v -0.022905 0.024130 0.003556
v -0.021568 0.022054 0.003651
v -0.022214 0.023153 0.003689
v -0.021914 0.024566 0.003692
v -0.022394 0.025537 0.004088
v -0.018673 0.005681 0.003641
v -0.018821 0.007117 0.003691
v -0.019706 0.005861 0.003644
v -0.019726 0.007434 0.003912
v -0.023964 0.003504 0.003678
v -0.023709 0.003830 0.003795
v -0.025534 0.006011 0.003687
v -0.023620 0.002437 0.003815
v -0.023044 0.003260 0.003817
v -0.022590 0.003729 0.003649
v -0.022445 0.002682 0.003615
v -0.023095 0.002266 0.003630
v -0.024758 0.002690 0.003756
v -0.024217 0.001820 0.003676
v -0.023222 0.001125 0.003764
v -0.025052 0.001057 0.003528
v -0.024208 0.000553 0.003706
v -0.023731 -0.000089 0.003964
v -0.022863 0.000458 0.003893
v -0.025735 0.001772 0.003680
v -0.025500 0.002585 0.003580
v -0.026313 0.001373 0.003570
v -0.027759 0.003466 0.003758
v -0.028460 0.001619 0.003641
v -0.027537 0.000336 0.003609
v -0.023500 -0.000857 0.003675
v -0.035216 0.007571 0.003683
v -0.036155 0.007785 0.003786
v -0.036524 0.006633 0.003680
v -0.035827 0.009421 0.003598
v -0.030851 0.023116 0.003233
v -0.029645 0.023877 0.003213
v -0.030481 0.024044 0.003313
v -0.029451 0.023313 0.003233
v -0.028292 0.023822 0.003366
v -0.028194 0.022007 0.003415
v -0.017678 0.005665 0.003566
v -0.016925 0.006534 0.003555
v -0.018137 0.006576 0.003690
v -0.018216 0.005968 0.003798
v -0.033853 0.020671 0.002958
v -0.033797 0.022669 0.003175
v -0.035694 0.021607 0.003328
v -0.035130 0.022572 0.003434
v -0.005297 0.007152 0.003695
v -0.006688 0.008199 0.003602
v -0.007022 0.007122 0.003524
v -0.005958 0.008115 0.003859
v -0.006203 0.006071 0.003554
v -0.007561 0.005343 0.003374
v -0.007742 0.006176 0.003634
v -0.008110 0.007047 0.003729
v -0.005284 0.008484 0.003573
v -0.008077 0.006103 0.003882
v -0.009096 0.007119 0.003767
v -0.008906 0.007681 0.003863
v -0.009658 0.008083 0.003610
v -0.011167 0.007329 0.003736
v -0.010455 0.008590 0.003795
v -0.012147 0.007615 0.003960
v -0.011722 0.006618 0.003601
v -0.012278 0.006554 0.003864
v -0.009603 0.006422 0.004086
v -0.008954 0.006217 0.003809
v -0.005377 0.007445 0.003923
v -0.005509 0.009831 0.003808
v -0.006644 0.004613 0.003428
v -0.007561 0.005343 0.003374
v -0.007495 0.003670 0.003566
v -0.006690 0.003886 0.003635
v -0.027589 0.024016 0.003270
v -0.026618 0.025248 0.003406
v -0.028202 0.024590 0.003051
v -0.028292 0.023822 0.003366
v -0.015926 0.001825 0.003798
v -0.015511 0.002119 0.003752
v -0.016475 0.002962 0.003411
v -0.017244 0.002300 0.003420
v -0.016602 0.001344 0.003525
v -0.017404 0.001393 0.003737
v -0.017447 0.000495 0.003902
v -0.026618 0.025248 0.003406
v -0.024250 0.025430 0.003669
v -0.026384 0.026451 0.003688
v -0.024677 0.026337 0.004097
v -0.021393 0.002839 0.003529
v -0.021084 0.003310 0.003515
v -0.022590 0.003729 0.003649
v -0.021910 0.003781 0.003874
v -0.014806 0.005715 0.003694
v -0.015383 0.006399 0.004038
v -0.016091 0.005638 0.003984
v -0.016925 0.006534 0.003555
v -0.018494 -0.000095 0.003758
v -0.018382 0.000418 0.003694
v -0.019214 0.000888 0.003653
v -0.019388 0.000243 0.003680
v -0.011027 0.005507 0.003724
v -0.011722 0.006618 0.003601
v -0.012296 0.005564 0.003502
v -0.011590 0.005266 0.003914
v -0.018153 0.004715 0.003677
v -0.018673 0.005681 0.003641
v -0.019306 0.004468 0.004481
v -0.018966 0.003881 0.004402
v -0.018224 0.003999 0.003568
v -0.018667 0.003280 0.004109
v -0.019599 0.003025 0.004572
v -0.019118 0.002413 0.004178
v -0.019952 0.001976 0.004362
v -0.020380 0.002437 0.004082
v -0.019934 0.003489 0.004691
v -0.021084 0.003310 0.003515
v -0.005509 0.009831 0.003808
v -0.004568 0.009130 0.004094
v -0.005411 0.011115 0.004232
v -0.034377 0.013553 0.003335
v -0.035712 0.014250 0.003517
v -0.035733 0.012926 0.003450
v -0.033683 0.014809 0.003165
v -0.035712 0.014250 0.003517
v -0.035738 0.016230 0.003448
v -0.037045 0.015050 0.003599
v -0.037602 0.016403 0.003460
v -0.036226 0.017943 0.003217
v -0.039505 0.013642 0.003476
v -0.039356 0.016154 0.003457
v -0.043071 -0.016736 0.003584
v -0.042164 -0.016692 0.003998
v -0.042989 -0.015893 0.003744
v -0.055773 -0.001426 0.003809
v -0.056425 -0.000548 0.003959
v -0.056409 -0.001736 0.004041
v -0.056042 -0.000413 0.003687
v -0.056046 -0.001903 0.003769
v -0.054673 -0.001497 0.003912
v -0.055019 -0.002744 0.003832
v -0.055520 -0.003699 0.003910
v -0.054999 -0.003584 0.003829
v -0.056255 -0.003699 0.004557
v -0.053366 -0.010051 0.003349
v -0.052232 -0.008992 0.003835
v -0.054010 -0.009055 0.003368
v -0.051405 -0.009309 0.003777
v -0.054504 -0.009491 0.003764
v -0.050904 -0.014135 0.003477
v -0.051208 -0.012879 0.003774
v -0.052487 -0.013434 0.003670
v -0.051009 -0.014711 0.003506
v -0.051408 -0.015065 0.003801
v -0.049534 -0.014758 0.003513
v -0.049836 -0.014085 0.003796
v -0.051083 -0.012352 0.003702
v -0.050545 -0.011395 0.003603
v -0.051040 -0.011133 0.003722
v -0.050455 -0.010592 0.003807
v -0.050198 -0.010916 0.004036
v -0.050547 -0.009567 0.003701
v -0.051011 -0.007720 0.003699
v -0.051405 -0.009309 0.003777
v -0.051572 -0.007984 0.003887
v -0.050270 -0.009267 0.003958
v -0.050565 -0.007860 0.003769
v -0.051850 -0.007303 0.004117
v -0.052876 -0.007219 0.003886
v -0.052967 -0.006322 0.004124
v -0.052054 -0.006412 0.003869
v -0.054668 0.003304 0.003644
v -0.055527 0.005000 0.004215
v -0.055974 0.003686 0.004047
v -0.054866 0.005658 0.004160
v -0.053915 0.003989 0.003339
v -0.053613 0.005432 0.003529
v -0.055395 0.006637 0.004504
v -0.048666 -0.012453 0.003715
v -0.047433 -0.012708 0.003742
v -0.048162 -0.012157 0.004016
v -0.046859 -0.010839 0.004088
v -0.047354 -0.014807 0.003693
v -0.048043 -0.015190 0.003823
v -0.046851 -0.015321 0.003066
v -0.048466 -0.015573 0.003529
v -0.047729 -0.015899 0.003146
v -0.047785 -0.016705 0.003102
v -0.047107 -0.014037 0.003842
v -0.046647 -0.013371 0.003864
v -0.009291 -0.002055 0.003535
v -0.008792 -0.002727 0.003770
v -0.008233 -0.001621 0.004646
v -0.008247 -0.002394 0.004115
v -0.009080 -0.001410 0.003687
v -0.009095 -0.000629 0.003429
v -0.007775 -0.001409 0.004281
v -0.007067 -0.002324 0.003647
v -0.007581 -0.002902 0.003637
v -0.007011 -0.001476 0.003477
v -0.005692 -0.001611 0.003133
v -0.005919 -0.003179 0.003026
v -0.008204 -0.000383 0.003812
v -0.007399 -0.003554 0.003301
v -0.008875 -0.003993 0.003745
v -0.009353 -0.004737 0.003787
v -0.011214 0.003595 0.003743
v -0.010471 0.003704 0.003576
v -0.010697 0.004933 0.003587
v -0.011590 0.005266 0.003914
v -0.010849 0.003169 0.003730
v -0.009642 0.003266 0.003361
v -0.010471 0.003704 0.003576
v -0.009753 0.004204 0.003649
v -0.031104 -0.020345 0.003799
v -0.031066 -0.019095 0.003862
v -0.032020 -0.019121 0.003945
v -0.032586 -0.019871 0.003936
v -0.031329 -0.020550 0.003674
v -0.031402 -0.020920 0.003955
v -0.030412 -0.019023 0.003825
v -0.034797 -0.017315 0.003656
v -0.034221 -0.016455 0.003735
v -0.035120 -0.016574 0.003748
v -0.035618 -0.016904 0.003615
v -0.036053 -0.016426 0.003570
v -0.035186 -0.017789 0.003839
v -0.038068 -0.016217 0.003654
v -0.038546 -0.017241 0.003783
v -0.037865 -0.017775 0.003868
v -0.036491 -0.016078 0.003810
v -0.037819 -0.015616 0.003919
v -0.039348 -0.015314 0.003728
v -0.038290 -0.014853 0.003837
v -0.039323 -0.016254 0.003659
v -0.040164 -0.015525 0.003732
v -0.037030 -0.017525 0.003949
v -0.037254 -0.018341 0.003597
v -0.029526 -0.019279 0.003941
v -0.030513 -0.018405 0.003999
v -0.030412 -0.019023 0.003825
v -0.029117 -0.018578 0.003741
v -0.028049 -0.018763 0.003700
v -0.028403 -0.016849 0.003608
v -0.029117 -0.018578 0.003741
v -0.027601 -0.017963 0.003660
v -0.027671 -0.016662 0.003533
v -0.040153 -0.016758 0.003708
v -0.040164 -0.015525 0.003732
v -0.041477 -0.015709 0.003814
v -0.041391 -0.016917 0.003566
v -0.022936 -0.017429 0.003637
v -0.023139 -0.015708 0.003473
v -0.023912 -0.016640 0.003651
v -0.021925 -0.017098 0.003730
v -0.022701 -0.018595 0.003510
v -0.022936 -0.017429 0.003637
v -0.023995 -0.017867 0.003660
v -0.021912 -0.018330 0.003695
v -0.024054 -0.020058 0.003704
v -0.022701 -0.018595 0.003510
v -0.024688 -0.018634 0.003727
v -0.024901 -0.019074 0.003663
v -0.024872 -0.020055 0.003611
v -0.021811 -0.021769 0.003467
v -0.021812 -0.020947 0.003494
v -0.023031 -0.021134 0.003545
v -0.022862 -0.022147 0.003423
v -0.023139 -0.015708 0.003473
v -0.023940 -0.015071 0.003650
v -0.024775 -0.016106 0.003434
v -0.025863 -0.015220 0.003639
v -0.026256 -0.015679 0.003479
v -0.025863 -0.015220 0.003639
v -0.027582 -0.015984 0.003663
v -0.027582 -0.015984 0.003663
v -0.027383 -0.014472 0.003605
v -0.028592 -0.015582 0.003571
v -0.029336 -0.015008 0.003862
v -0.024388 -0.023907 0.003559
v -0.024394 -0.022371 0.003535
v -0.025196 -0.022687 0.003730
v -0.025067 -0.022084 0.003744
v -0.025235 -0.023490 0.003840
v -0.024718 -0.021755 0.003792
v -0.022862 -0.022147 0.003423
v -0.017417 -0.018397 0.003506
v -0.017261 -0.017321 0.003564
v -0.018574 -0.017764 0.003556
v -0.018310 -0.018445 0.003296
v -0.018932 -0.018657 0.003383
v -0.019149 -0.018088 0.003814
v -0.018239 -0.019142 0.003521
v -0.016863 -0.019128 0.003216
v -0.017292 -0.020138 0.003529
v -0.019045 -0.019995 0.003294
v -0.018123 -0.020643 0.003674
v -0.017232 -0.020665 0.003344
v -0.016141 -0.020514 0.003452
v -0.016231 -0.021241 0.003491
v -0.017101 -0.021548 0.003308
v -0.016706 -0.021895 0.003137
v -0.016039 -0.022165 0.003302
v -0.016765 -0.022829 0.003205
v -0.015142 -0.021406 0.003478
v -0.018074 -0.023165 0.003276
v -0.015337 -0.020341 0.003467
v -0.019114 -0.020441 0.003086
v -0.019228 -0.020919 0.003335
v -0.020151 -0.020269 0.003756
v -0.020138 -0.021029 0.003297
v -0.020642 -0.020653 0.003614
v -0.021355 -0.020347 0.003356
v -0.020613 -0.019084 0.003527
v -0.020985 -0.021134 0.003795
v -0.021812 -0.020947 0.003494
v -0.018132 -0.020954 0.003507
v -0.019786 -0.019748 0.003575
v -0.013966 -0.020696 0.003452
v -0.014782 -0.019935 0.003655
v -0.013808 -0.019768 0.003333
v -0.012370 -0.019801 0.003518
v -0.018142 -0.021248 0.003310
v -0.018940 -0.021875 0.003526
v -0.041120 -0.021690 0.003535
v -0.041265 -0.020614 0.003735
v -0.041775 -0.021122 0.003447
v -0.041873 -0.020441 0.003775
v -0.042429 -0.020741 0.003913
v -0.040336 -0.024419 0.003303
v -0.039740 -0.024296 0.003286
v -0.040872 -0.023618 0.003282
v -0.040485 -0.023627 0.003484
v -0.040828 -0.022442 0.003604
v -0.017955 -0.013670 0.003229
v -0.018799 -0.013142 0.003555
v -0.018592 -0.014064 0.003398
v -0.018787 -0.011959 0.003564
v -0.018219 -0.011217 0.003819
v -0.044911 -0.021927 0.003144
v -0.045398 -0.020839 0.002885
v -0.046527 -0.020801 0.003008
v -0.043071 -0.016736 0.003584
v -0.042827 -0.015365 0.003632
v -0.044211 -0.015491 0.003302
v -0.041363 -0.018399 0.003552
v -0.042539 -0.017919 0.003701
v -0.042914 -0.018609 0.003556
v -0.041391 -0.016917 0.003566
v -0.032268 -0.021058 0.003801
v -0.032586 -0.019871 0.003936
v -0.033188 -0.020116 0.003748
v -0.033012 -0.021068 0.004117
v -0.032796 -0.021757 0.004112
v -0.032235 -0.021800 0.004408
v -0.032290 -0.022440 0.003883
v -0.033045 -0.022281 0.004465
v -0.033183 -0.022939 0.003743
v -0.032408 -0.023191 0.003936
v -0.034140 -0.022224 0.003739
v -0.033726 -0.021660 0.004381
v -0.034618 -0.021813 0.004188
v -0.009662 -0.016974 0.003204
v -0.008521 -0.015128 0.003027
v -0.009862 -0.016123 0.003127
v -0.009741 -0.015037 0.003247
v -0.010691 -0.015827 0.002732
v -0.008999 -0.014670 0.003107
v -0.027851 -0.022587 0.003805
v -0.027739 -0.022015 0.003669
v -0.028612 -0.021849 0.004312
v -0.029062 -0.022380 0.004255
v -0.037863 -0.020969 0.004215
v -0.037923 -0.020075 0.003755
v -0.038741 -0.020225 0.003946
v -0.037108 -0.020204 0.004168
v -0.037029 -0.020988 0.003946
v -0.036844 -0.020444 0.004499
v -0.030812 -0.023766 0.004257
v -0.031277 -0.022673 0.004224
v -0.032408 -0.023191 0.003936
v -0.030519 -0.023179 0.004472
v -0.029823 -0.024532 0.003628
v -0.030811 -0.022398 0.004693
v -0.030466 -0.022815 0.004094
v -0.029767 -0.023659 0.003963
v -0.029929 -0.022503 0.004514
v -0.029062 -0.022380 0.004255
v -0.030077 -0.021998 0.004661
v -0.029929 -0.022503 0.004514
v -0.036148 -0.024087 0.003650
v -0.036941 -0.023308 0.003590
v -0.037035 -0.024240 0.003262
v -0.038115 -0.023832 0.003518
v -0.037930 -0.022657 0.003792
v -0.038477 -0.022725 0.003695
v -0.037930 -0.022657 0.003792
v -0.038082 -0.022013 0.003865
v -0.038993 -0.022299 0.003587
v -0.039765 -0.022094 0.003829
v -0.012720 -0.017023 0.002686
v -0.013723 -0.016191 0.003151
v -0.013447 -0.017462 0.002681
v -0.012852 -0.017885 0.002778
v -0.013484 -0.019046 0.003062
v -0.014034 -0.018317 0.002976
v -0.014239 -0.019466 0.003047
v -0.013808 -0.019768 0.003333
v -0.041508 0.015224 0.003519
v -0.039356 0.016154 0.003457
v -0.041364 0.016247 0.003499
v -0.043511 0.015865 0.003493
v -0.043707 0.013580 0.003428
v -0.043511 0.015865 0.003493
v -0.045066 0.014679 0.003425
v -0.044722 0.012367 0.003352
v -0.045972 0.010796 0.003439
v -0.044722 0.012367 0.003352
v -0.046625 0.013018 0.003408
v -0.048452 0.011153 0.003397
v -0.048673 0.007883 0.003371
v -0.048452 0.011153 0.003397
v -0.050316 0.010715 0.003460
v -0.050600 0.008995 0.003416
v -0.028340 0.006479 0.003601
v -0.030149 0.007226 0.003687
v -0.030214 0.004878 0.003729
v -0.028847 0.007793 0.003706
v -0.042577 0.019996 0.003601
v -0.043725 0.021501 0.003587
v -0.044144 0.020842 0.003629
v -0.042930 0.021774 0.003604
v -0.041886 0.020940 0.003606
v -0.040769 0.020236 0.003585
v -0.038865 -0.010075 0.003278
v -0.037879 -0.008811 0.003196
v -0.039281 -0.009219 0.003332
v -0.037090 -0.010000 0.003384
v -0.036741 -0.009221 0.003545
v -0.036865 -0.008252 0.003336
v -0.035625 -0.008428 0.002969
v -0.036075 -0.006851 0.003041
v -0.033666 -0.007272 0.002968
v -0.036987 -0.007365 0.003365
v -0.039827 -0.010707 0.003594
v -0.039394 -0.011506 0.003321
v -0.040221 -0.011274 0.003673
v -0.040617 -0.011426 0.003518
v -0.039521 -0.012871 0.003462
v -0.038401 -0.012405 0.003467
v -0.038899 -0.013208 0.003641
v -0.041533 -0.011717 0.003600
v -0.041073 -0.013589 0.003430
v -0.037965 -0.007551 0.003184
v -0.040738 -0.009787 0.003274
v -0.039746 -0.013634 0.003648
v -0.041648 -0.012938 0.003796
v -0.042458 -0.012900 0.003763
v -0.042555 -0.003629 0.003411
v -0.041490 -0.003122 0.003307
v -0.041290 -0.001887 0.003320
v -0.042275 -0.002229 0.003507
v -0.041810 -0.001369 0.003589
v -0.032706 -0.003692 0.003424
v -0.033920 -0.002431 0.003489
v -0.034250 -0.003260 0.003360
v -0.032812 -0.002408 0.003468
v -0.033254 -0.001712 0.003590
v -0.031754 -0.001207 0.003565
v -0.027066 -0.007942 0.003540
v -0.026808 -0.007211 0.003618
v -0.028353 -0.007498 0.003348
v -0.028082 -0.008496 0.003568
v -0.026995 -0.012394 0.003474
v -0.027423 -0.011602 0.003495
v -0.028350 -0.011770 0.003584
v -0.027802 -0.010598 0.003386
v -0.027307 -0.011257 0.003776
v -0.026619 -0.010672 0.003613
v -0.028070 -0.009497 0.003403
v -0.026311 -0.009417 0.003422
v -0.027216 -0.008548 0.003623
v -0.028082 -0.008496 0.003568
v -0.022943 -0.008003 0.003354
v -0.023300 -0.005935 0.003682
v -0.024099 -0.007042 0.003569
v -0.024435 -0.007755 0.003350
v -0.033886 -0.008832 0.002955
v -0.032056 -0.007799 0.003041
v -0.033666 -0.007272 0.002968
v -0.032402 -0.009336 0.003285
v -0.033666 -0.007272 0.002968
v -0.032572 -0.005553 0.003050
v -0.033861 -0.005558 0.003033
v -0.033444 -0.004055 0.003193
v -0.034371 -0.003898 0.003429
v -0.031143 -0.011164 0.003276
v -0.033079 -0.010506 0.003233
v -0.032358 -0.011659 0.003241
v -0.031415 -0.012716 0.003422
v -0.031462 -0.009681 0.003233
v -0.032402 -0.009336 0.003285
v -0.033079 -0.010506 0.003233
v -0.035134 -0.014199 0.003377
v -0.034505 -0.012880 0.003482
v -0.035108 -0.012302 0.003530
v -0.035882 -0.013830 0.003372
v -0.031260 -0.013152 0.003527
v -0.030338 -0.012763 0.003576
v -0.031415 -0.012716 0.003422
v -0.030278 -0.013596 0.003363
v -0.023510 -0.005115 0.003555
v -0.023300 -0.005935 0.003682
v -0.021853 -0.006379 0.003676
v -0.025517 -0.006629 0.003646
v -0.025743 -0.005268 0.003644
v -0.026389 -0.005444 0.003509
v -0.025985 -0.004342 0.003551
v -0.034685 -0.001200 0.003532
v -0.034381 0.000172 0.003768
v -0.035954 0.000501 0.003490
v -0.033982 -0.000570 0.003435
v -0.043958 -0.001861 0.003462
v -0.043207 -0.000108 0.003359
v -0.044161 -0.000150 0.003663
v -0.044444 -0.001472 0.003629
v -0.045256 -0.000227 0.003475
v -0.045051 -0.010835 0.003712
v -0.046319 -0.010029 0.003485
v -0.046259 -0.010910 0.003742
v -0.046859 -0.010839 0.004088
v -0.037838 -0.014253 0.003555
v -0.036975 -0.013690 0.003513
v -0.038180 -0.013474 0.003507
v -0.038290 -0.014853 0.003837
v -0.039746 -0.013634 0.003648
v -0.039521 -0.012871 0.003462
v -0.030299 -0.014292 0.003573
v -0.030278 -0.013596 0.003363
v -0.031859 -0.013868 0.003403
v -0.029443 -0.013649 0.003610
v -0.030299 -0.014292 0.003573
v -0.029336 -0.015008 0.003862
v -0.028779 -0.014513 0.003769
v -0.030285 -0.015268 0.003611
v -0.042861 -0.009372 0.003375
v -0.043018 -0.007334 0.003436
v -0.043413 -0.008468 0.003553
v -0.043652 -0.007851 0.003698
v -0.043976 -0.006959 0.003452
v -0.042674 -0.010597 0.003538
v -0.042861 -0.009372 0.003375
v -0.043285 -0.009599 0.003333
v -0.043514 -0.011127 0.003660
v -0.018216 -0.004139 0.003220
v -0.018164 -0.003619 0.003401
v -0.019295 -0.004220 0.003622
v -0.018763 -0.004565 0.003541
v -0.019025 -0.005250 0.003666
v -0.019676 -0.005014 0.003871
v -0.020661 -0.004903 0.003909
v -0.020134 -0.005101 0.003565
v -0.020539 -0.006258 0.003360
v -0.021853 -0.006379 0.003676
v -0.014781 -0.008340 0.003455
v -0.013990 -0.007658 0.003425
v -0.015073 -0.007401 0.003461
v -0.016850 -0.010981 0.002945
v -0.015247 -0.009421 0.002954
v -0.016752 -0.009569 0.003067
v -0.014781 -0.008340 0.003455
v -0.016001 -0.008604 0.003268
v -0.016852 -0.008472 0.003672
v -0.013990 -0.007658 0.003425
v -0.013251 -0.006173 0.003658
v -0.014530 -0.007053 0.003723
v -0.020871 -0.002323 0.003685
v -0.020989 -0.000710 0.003910
v -0.020945 -0.001666 0.003787
v -0.019525 -0.001429 0.004584
v -0.019563 -0.000559 0.004534
v -0.019890 -0.002682 0.003757
v -0.019389 -0.002179 0.003877
v -0.021546 -0.000918 0.003604
v -0.019980 -0.000398 0.004146
v -0.019388 0.000243 0.003680
v -0.021114 0.000264 0.003648
v -0.021971 -0.000446 0.003848
v -0.042458 -0.012900 0.003763
v -0.042212 -0.011971 0.003350
v -0.043514 -0.011127 0.003660
v -0.043300 -0.012246 0.003758
v -0.042914 -0.013151 0.003572
v -0.043325 -0.012512 0.003596
v -0.043606 -0.013244 0.003981
v -0.043322 -0.013900 0.003590
v -0.049235 -0.009720 0.003872
v -0.049124 -0.008955 0.004240
v -0.050270 -0.009267 0.003958
v -0.048032 -0.009641 0.004780
v -0.047996 -0.008053 0.004800
v -0.047484 -0.009753 0.004426
v -0.046859 -0.010839 0.004088
v -0.003556 -0.004850 0.003636
v -0.003159 -0.001567 0.003671
v -0.004113 -0.003373 0.003188
v -0.045051 -0.010835 0.003712
v -0.044444 -0.011906 0.004776
v -0.043806 -0.011620 0.004118
v -0.043300 -0.012246 0.003758
v -0.046924 -0.008234 0.003757
v -0.048051 -0.007187 0.004892
v -0.047996 -0.008053 0.004800
v -0.047377 -0.006444 0.004277
v -0.008861 0.001725 0.003579
v -0.009537 0.002286 0.003499
v -0.009618 0.001544 0.003374
v -0.008093 0.002243 0.003621
v -0.008850 0.002503 0.003562
v -0.009642 0.003266 0.003361
v -0.008254 0.001691 0.003957
v -0.007223 0.001664 0.003497
v -0.051642 -0.000215 0.003942
v -0.052959 0.000408 0.003603
v -0.053197 -0.000441 0.003592
v -0.052323 -0.001516 0.003621
v -0.051034 -0.001275 0.003605
v -0.052598 -0.002287 0.003708
v -0.050704 -0.002364 0.003885
v -0.052323 -0.001516 0.003621
v -0.050589 -0.005432 0.003857
v -0.051149 -0.004207 0.003814
v -0.051919 -0.005425 0.004074
v -0.050138 -0.005089 0.003674
v -0.051468 -0.006085 0.003998
v -0.052054 -0.006412 0.003869
v -0.050169 -0.003173 0.003636
v -0.050704 -0.002364 0.003885
v -0.050994 -0.003416 0.004007
v -0.051149 -0.004207 0.003814
vt 0.983570 0.964654
vt 0.980018 0.968416
vt 0.983570 0.961299
vt 0.500922 0.735320
vt 0.496892 0.737100
vt 0.505773 0.737100
vt 0.500444 0.922153
vt 0.495032 0.920374
vt 0.491563 0.922153
vt 0.884870 0.698843
vt 0.896536 0.697954
vt 0.879663 0.697954
vt 0.489731 0.492681
vt 0.464806 0.486724
vt 0.495613 0.499735
vt 0.444153 0.495826
vt 0.474902 0.508983
vt 0.437774 0.507814
vt 0.424162 0.497320
vt 0.428065 0.478795
vt 0.412792 0.479670
vt 0.409276 0.494045
vt 0.405545 0.508765
vt 0.514739 0.484286
vt 0.527379 0.495999
vt 0.543521 0.488993
vt 0.548296 0.508067
vt 0.514790 0.507857
vt 0.560493 0.499214
vt 0.561120 0.511694
vt 0.506635 0.478264
vt 0.554916 0.481061
vt 0.447331 0.474298
vt 0.423056 0.465264
vt 0.409939 0.463871
vt 0.468690 0.465555
vt 0.489732 0.469061
vt 0.541609 0.471532
vt 0.520478 0.468688
vt 0.417721 0.458491
vt 0.410237 0.449995
vt 0.447058 0.457344
vt 0.562624 0.482829
vt 0.558954 0.462984
vt 0.564510 0.466436
vt 0.405711 0.472409
vt 0.423815 0.451352
vt 0.543662 0.455470
vt 0.501233 0.458327
vt 0.477142 0.453483
vt 0.455778 0.446269
vt 0.501031 0.517092
vt 0.420982 0.514731
vt 0.402080 0.494391
vt 0.502008 0.446113
vt 0.562197 0.443839
vt 0.532103 0.445964
vt 0.564447 0.449006
vt 0.437766 0.439817
vt 0.412521 0.433948
vt 0.489809 0.435268
vt 0.461460 0.436002
vt 0.528300 0.438070
vt 0.515031 0.433472
vt 0.550437 0.429856
vt 0.442524 0.519215
vt 0.423492 0.522673
vt 0.475842 0.525781
vt 0.416542 0.522694
vt 0.404232 0.526808
vt 0.520386 0.520925
vt 0.545882 0.522568
vt 0.513673 0.531826
vt 0.558157 0.530288
vt 0.445041 0.530295
vt 0.561022 0.538953
vt 0.545997 0.541967
vt 0.405000 0.449772
vt 0.493801 0.541824
vt 0.422897 0.532479
vt 0.410883 0.539993
vt 0.462570 0.543639
vt 0.432505 0.543246
vt 0.514713 0.545752
vt 0.409955 0.560843
vt 0.422034 0.557098
vt 0.459870 0.551080
vt 0.443375 0.556945
vt 0.487031 0.557385
vt 0.541869 0.560689
vt 0.560257 0.560951
vt 0.511539 0.555288
vt 0.466228 0.565872
vt 0.563910 0.554278
vt 0.517244 0.565408
vt 0.482623 0.570980
vt 0.436926 0.566576
vt 0.534594 0.572501
vt 0.422474 0.575597
vt 0.398816 0.458497
vt 0.402213 0.547943
vt 0.402196 0.563183
vt 0.566524 0.523821
vt 0.453659 0.581381
vt 0.438772 0.590373
vt 0.506333 0.582438
vt 0.489509 0.579487
vt 0.405703 0.586578
vt 0.545252 0.579898
vt 0.562898 0.576551
vt 0.566936 0.494899
vt 0.402252 0.576600
vt 0.521243 0.593596
vt 0.562170 0.594339
vt 0.479101 0.590695
vt 0.461230 0.598535
vt 0.401031 0.515346
vt 0.397082 0.494102
vt 0.397791 0.480617
vt 0.394886 0.491599
vt 0.395887 0.477687
vt 0.392984 0.504128
vt 0.395845 0.519234
vt 0.393205 0.517903
vt 0.393204 0.532926
vt 0.396792 0.534564
vt 0.395319 0.544004
vt 0.398641 0.548936
vt 0.396478 0.565931
vt 0.393677 0.565944
vt 0.433037 0.604131
vt 0.413082 0.600542
vt 0.402754 0.596451
vt 0.495071 0.605063
vt 0.567437 0.566712
vt 0.567207 0.542445
vt 0.394172 0.582778
vt 0.396844 0.578709
vt 0.545864 0.603148
vt 0.474608 0.605107
vt 0.444923 0.613215
vt 0.397285 0.587862
vt 0.397819 0.601466
vt 0.404932 0.608468
vt 0.508158 0.606862
vt 0.525842 0.611736
vt 0.394779 0.602540
vt 0.566891 0.582461
vt 0.567863 0.598274
vt 0.415231 0.620782
vt 0.405765 0.625918
vt 0.462561 0.617526
vt 0.483166 0.613190
vt 0.568383 0.613862
vt 0.564182 0.613982
vt 0.563784 0.618968
vt 0.555004 0.616968
vt 0.429240 0.621457
vt 0.566420 0.510542
vt 0.398649 0.615799
vt 0.508967 0.620399
vt 0.489369 0.623672
vt 0.396662 0.623902
vt 0.567686 0.472038
vt 0.570765 0.623482
vt 0.400816 0.629047
vt 0.568806 0.627719
vt 0.396658 0.637202
vt 0.399902 0.639026
vt 0.522582 0.625820
vt 0.451059 0.631984
vt 0.430888 0.633693
vt 0.411449 0.644116
vt 0.511558 0.637316
vt 0.478379 0.638968
vt 0.461109 0.641980
vt 0.405255 0.643603
vt 0.534911 0.636253
vt 0.557553 0.633160
vt 0.557642 0.622605
vt 0.563699 0.632260
vt 0.450873 0.648426
vt 0.569909 0.637064
vt 0.429820 0.653518
vt 0.397779 0.469326
vt 0.396552 0.455114
vt 0.398956 0.445252
vt 0.400397 0.477067
vt 0.486664 0.654097
vt 0.458069 0.656008
vt 0.401043 0.650206
vt 0.555385 0.651039
vt 0.406512 0.433937
vt 0.399585 0.432525
vt 0.396525 0.438362
vt 0.414687 0.664395
vt 0.408197 0.659757
vt 0.562597 0.644593
vt 0.564977 0.646313
vt 0.570959 0.650095
vt 0.531268 0.648771
vt 0.431061 0.668990
vt 0.452110 0.662811
vt 0.565278 0.652834
vt 0.568990 0.658210
vt 0.411812 0.679805
vt 0.485184 0.670888
vt 0.501569 0.666538
vt 0.536247 0.659688
vt 0.572811 0.662413
vt 0.559370 0.658417
vt 0.566235 0.667051
vt 0.572560 0.670265
vt 0.572458 0.635260
vt 0.438736 0.680784
vt 0.398828 0.663179
vt 0.401893 0.659336
vt 0.402681 0.668626
vt 0.403714 0.678444
vt 0.463577 0.682317
vt 0.400521 0.679463
vt 0.555737 0.668821
vt 0.528610 0.666562
vt 0.568757 0.449339
vt 0.404792 0.691726
vt 0.393781 0.472188
vt 0.572213 0.610450
vt 0.445993 0.421678
vt 0.469859 0.422990
vt 0.420502 0.422650
vt 0.413594 0.416260
vt 0.408209 0.417468
vt 0.526155 0.428739
vt 0.518955 0.421373
vt 0.534377 0.421415
vt 0.569686 0.433480
vt 0.562254 0.420016
vt 0.566838 0.420866
vt 0.491690 0.413488
vt 0.430676 0.399287
vt 0.465635 0.406354
vt 0.514645 0.416356
vt 0.396390 0.420894
vt 0.400107 0.419068
vt 0.413830 0.401807
vt 0.527418 0.405834
vt 0.406261 0.404167
vt 0.401430 0.408023
vt 0.566635 0.406404
vt 0.546571 0.402268
vt 0.477724 0.392240
vt 0.456606 0.388168
vt 0.502239 0.395183
vt 0.414231 0.389160
vt 0.575044 0.652388
vt 0.567719 0.676232
vt 0.397467 0.408738
vt 0.400056 0.399564
vt 0.402207 0.396378
vt 0.434106 0.378465
vt 0.421387 0.385499
vt 0.414911 0.375890
vt 0.529616 0.392590
vt 0.573352 0.415292
vt 0.572737 0.401205
vt 0.499140 0.381021
vt 0.565699 0.389690
vt 0.547039 0.385535
vt 0.475269 0.376484
vt 0.473279 0.384400
vt 0.401297 0.387474
vt 0.571682 0.385688
vt 0.404725 0.388274
vt 0.404623 0.377269
vt 0.575044 0.381422
vt 0.566042 0.829790
vt 0.555718 0.840617
vt 0.542195 0.825424
vt 0.552754 0.814708
vt 0.539632 0.840665
vt 0.567771 0.842109
vt 0.553556 0.850370
vt 0.533562 0.857118
vt 0.549755 0.865259
vt 0.563100 0.857131
vt 0.533462 0.863952
vt 0.544537 0.873093
vt 0.562441 0.876837
vt 0.570582 0.864775
vt 0.574712 0.850866
vt 0.573104 0.819593
vt 0.581565 0.831945
vt 0.576306 0.802458
vt 0.564680 0.797481
vt 0.552031 0.793996
vt 0.542043 0.806589
vt 0.542665 0.790402
vt 0.549533 0.880683
vt 0.560453 0.886769
vt 0.584151 0.794191
vt 0.581127 0.810252
vt 0.572552 0.879320
vt 0.581884 0.872890
vt 0.577354 0.886590
vt 0.565586 0.899796
vt 0.546439 0.894172
vt 0.543592 0.885444
vt 0.575481 0.779576
vt 0.554366 0.788578
vt 0.582154 0.762099
vt 0.567254 0.770279
vt 0.552908 0.762237
vt 0.587338 0.880841
vt 0.541778 0.774502
vt 0.531560 0.898170
vt 0.565891 0.760541
vt 0.586276 0.894190
vt 0.589987 0.776185
vt 0.591779 0.835991
vt 0.571722 0.902813
vt 0.581996 0.903321
vt 0.596685 0.890180
vt 0.593631 0.866430
vt 0.532345 0.877332
vt 0.530101 0.815523
vt 0.534410 0.765861
vt 0.599869 0.842849
vt 0.594059 0.899446
vt 0.599361 0.905970
vt 0.544843 0.902929
vt 0.558532 0.905668
vt 0.590438 0.759969
vt 0.590435 0.810364
vt 0.593351 0.797593
vt 0.600610 0.769409
vt 0.599826 0.753758
vt 0.575464 0.752273
vt 0.564039 0.752284
vt 0.569555 0.748677
vt 0.585833 0.758128
vt 0.588014 0.748637
vt 0.531798 0.787152
vt 0.529764 0.830792
vt 0.541013 0.758555
vt 0.525587 0.805803
vt 0.518670 0.848319
vt 0.524188 0.889391
vt 0.526770 0.752609
vt 0.536020 0.748946
vt 0.545334 0.748539
vt 0.553076 0.756736
vt 0.555535 0.751899
vt 0.519462 0.867871
vt 0.517955 0.821380
vt 0.521117 0.775211
vt 0.514780 0.882270
vt 0.606449 0.792805
vt 0.608332 0.777521
vt 0.611040 0.761735
vt 0.605403 0.881789
vt 0.600090 0.747995
vt 0.612408 0.751307
vt 0.605200 0.818880
vt 0.604187 0.804534
vt 0.605819 0.863337
vt 0.562710 0.743487
vt 0.516979 0.902747
vt 0.513703 0.765609
vt 0.516860 0.841859
vt 0.515666 0.784954
vt 0.513017 0.872878
vt 0.530911 0.906061
vt 0.510196 0.795611
vt 0.612164 0.797377
vt 0.614227 0.815924
vt 0.514644 0.759673
vt 0.504474 0.809509
vt 0.512317 0.856964
vt 0.504987 0.776384
vt 0.500901 0.792819
vt 0.509582 0.888680
vt 0.500264 0.894837
vt 0.504138 0.832767
vt 0.504375 0.851587
vt 0.513766 0.749132
vt 0.495867 0.762458
vt 0.600267 0.888370
vt 0.615400 0.897112
vt 0.617006 0.848058
vt 0.616334 0.874679
vt 0.615705 0.905827
vt 0.618965 0.781689
vt 0.498407 0.751138
vt 0.490697 0.883804
vt 0.502769 0.904472
vt 0.493198 0.866170
vt 0.489003 0.877127
vt 0.526505 0.743261
vt 0.552657 0.742821
vt 0.491095 0.776341
vt 0.517386 0.743750
vt 0.490527 0.854012
vt 0.492247 0.836501
vt 0.489362 0.808218
vt 0.490906 0.821020
vt 0.480891 0.892789
vt 0.485038 0.799057
vt 0.488176 0.901921
vt 0.478251 0.902981
vt 0.496550 0.901831
vt 0.500622 0.743225
vt 0.476942 0.867587
vt 0.473710 0.855204
vt 0.472445 0.880268
vt 0.492965 0.744667
vt 0.480207 0.835928
vt 0.476832 0.847444
vt 0.480850 0.822896
vt 0.485092 0.749990
vt 0.486818 0.764196
vt 0.474227 0.769251
vt 0.479904 0.783064
vt 0.469023 0.873621
vt 0.566502 0.913805
vt 0.583929 0.910305
vt 0.591797 0.913780
vt 0.585830 0.916927
vt 0.569054 0.917483
vt 0.555732 0.916323
vt 0.546320 0.910411
vt 0.539115 0.913818
vt 0.528315 0.912555
vt 0.603811 0.917705
vt 0.613674 0.913407
vt 0.612553 0.744598
vt 0.521816 0.911150
vt 0.516551 0.914916
vt 0.505929 0.911483
vt 0.471493 0.797419
vt 0.465479 0.809925
vt 0.465744 0.824313
vt 0.457955 0.896057
vt 0.473783 0.764114
vt 0.476169 0.755552
vt 0.461654 0.852394
vt 0.460662 0.833707
vt 0.456039 0.876194
vt 0.469231 0.900846
vt 0.547071 0.741325
vt 0.564800 0.740853
vt 0.495911 0.912455
vt 0.485489 0.911133
vt 0.489090 0.914639
vt 0.457500 0.902754
vt 0.627785 0.884311
vt 0.625829 0.825393
vt 0.626661 0.803152
vt 0.620684 0.916160
vt 0.476903 0.909178
vt 0.469861 0.911460
vt 0.534397 0.917705
vt 0.482162 0.741048
vt 0.471408 0.745644
vt 0.620032 0.760185
vt 0.636635 0.897130
vt 0.620377 0.900807
vt 0.624900 0.909914
vt 0.639809 0.903643
vt 0.641710 0.912075
vt 0.622248 0.753842
vt 0.627441 0.840063
vt 0.641553 0.826077
vt 0.637225 0.858010
vt 0.636627 0.868367
vt 0.637516 0.798454
vt 0.632575 0.773758
vt 0.625324 0.744518
vt 0.628834 0.748453
vt 0.644543 0.843812
vt 0.645996 0.883565
vt 0.641785 0.915321
vt 0.635598 0.753895
vt 0.595397 0.742202
vt 0.575330 0.741082
vt 0.636844 0.759069
vt 0.654655 0.865980
vt 0.502923 0.917223
vt 0.651834 0.748502
vt 0.644106 0.744297
vt 0.654717 0.889698
vt 0.652828 0.900401
vt 0.647368 0.797491
vt 0.650245 0.762239
vt 0.658558 0.913399
vt 0.653267 0.910971
vt 0.657896 0.846963
vt 0.656219 0.825227
vt 0.669582 0.857228
vt 0.660057 0.876796
vt 0.665593 0.900926
vt 0.655940 0.757001
vt 0.674140 0.886539
vt 0.678344 0.876421
vt 0.677597 0.812920
vt 0.665619 0.786751
vt 0.602812 0.740658
vt 0.654285 0.741121
vt 0.670718 0.775098
vt 0.679344 0.795185
vt 0.664760 0.758763
vt 0.674024 0.840090
vt 0.675567 0.819691
vt 0.682999 0.833813
vt 0.680652 0.860015
vt 0.685956 0.820084
vt 0.670796 0.747148
vt 0.674614 0.744359
vt 0.682427 0.897637
vt 0.688727 0.883624
vt 0.671829 0.909663
vt 0.674374 0.912872
vt 0.693434 0.900100
vt 0.686826 0.911695
vt 0.683478 0.908758
vt 0.680939 0.904587
vt 0.687353 0.774399
vt 0.682009 0.759649
vt 0.687029 0.750923
vt 0.695169 0.871915
vt 0.692111 0.859587
vt 0.699092 0.907666
vt 0.692455 0.834859
vt 0.702262 0.894866
vt 0.693419 0.803106
vt 0.708934 0.902156
vt 0.690295 0.764046
vt 0.694793 0.750753
vt 0.689704 0.741667
vt 0.701654 0.826676
vt 0.699893 0.742240
vt 0.702161 0.784387
vt 0.713299 0.909427
vt 0.710011 0.906418
vt 0.698697 0.765513
vt 0.704874 0.836799
vt 0.717177 0.879190
vt 0.717174 0.893660
vt 0.709160 0.864219
vt 0.706822 0.805847
vt 0.707262 0.745515
vt 0.470749 0.915084
vt 0.724256 0.905454
vt 0.729856 0.903150
vt 0.720411 0.838759
vt 0.722389 0.856805
vt 0.710766 0.765361
vt 0.709621 0.751946
vt 0.728735 0.892797
vt 0.716916 0.815670
vt 0.718701 0.784791
vt 0.736048 0.870845
vt 0.740956 0.894626
vt 0.736781 0.851146
vt 0.728327 0.831198
vt 0.724807 0.805926
vt 0.717808 0.765724
vt 0.718214 0.754988
vt 0.721520 0.752203
vt 0.746152 0.837045
vt 0.746151 0.879483
vt 0.752573 0.894743
vt 0.721510 0.742384
vt 0.746990 0.902105
vt 0.737178 0.906449
vt 0.750526 0.904713
vt 0.737576 0.817043
vt 0.752664 0.868743
vt 0.463067 0.908764
vt 0.458407 0.912414
vt 0.929393 0.238534
vt 0.921346 0.227861
vt 0.908877 0.233981
vt 0.943909 0.226103
vt 0.933784 0.210678
vt 0.954912 0.208446
vt 0.958592 0.220497
vt 0.914974 0.214251
vt 0.941614 0.201539
vt 0.966191 0.211583
vt 0.892950 0.224890
vt 0.893056 0.214792
vt 0.876745 0.216756
vt 0.876697 0.227224
vt 0.887540 0.238397
vt 0.859673 0.212341
vt 0.848572 0.221194
vt 0.861642 0.234295
vt 0.951873 0.236337
vt 0.843996 0.224876
vt 0.975917 0.209665
vt 0.982754 0.197751
vt 0.984388 0.208588
vt 0.985042 0.224860
vt 0.960794 0.191780
vt 0.976984 0.189291
vt 0.986628 0.181835
vt 0.901154 0.201995
vt 0.919149 0.197889
vt 0.928760 0.195669
vt 0.877570 0.199635
vt 0.855309 0.190492
vt 0.888614 0.188078
vt 0.888297 0.202118
vt 0.908274 0.187473
vt 0.848272 0.199609
vt 0.844276 0.208217
vt 0.872616 0.178794
vt 0.894274 0.176424
vt 0.952771 0.176925
vt 0.965235 0.176527
vt 0.849850 0.177568
vt 0.917652 0.178960
vt 0.937852 0.186109
vt 0.978262 0.173403
vt 0.940554 0.173034
vt 0.921969 0.169785
vt 0.905938 0.162474
vt 0.985970 0.172284
vt 0.844039 0.187392
vt 0.878167 0.164406
vt 0.891308 0.165201
vt 0.861555 0.166361
vt 0.969420 0.163476
vt 0.979714 0.159082
vt 0.948327 0.160667
vt 0.995905 0.189955
vt 0.990289 0.194086
vt 0.998260 0.208080
vt 0.994827 0.163331
vt 0.987374 0.159819
vt 0.988906 0.150536
vt 0.996327 0.145881
vt 0.923772 0.153759
vt 0.850080 0.167109
vt 0.981681 0.232288
vt 0.902563 0.248735
vt 0.987295 0.197755
vt 0.917800 0.251555
vt 0.969351 0.237458
vt 0.844826 0.236580
vt 0.855732 0.249675
vt 0.844195 0.251494
vt 0.879656 0.251599
vt 0.992488 0.208663
vt 0.844090 0.175434
vt 0.997545 0.218901
vt 0.963745 0.151288
vt 0.949374 0.148220
vt 0.899610 0.148267
vt 0.853153 0.152800
vt 0.982413 0.147906
vt 0.877528 0.149579
vt 0.884886 0.152528
vt 0.842443 0.145842
vt 0.912634 0.138728
vt 0.933648 0.139327
vt 0.882777 0.139692
vt 0.870661 0.136369
vt 0.850765 0.141551
vt 0.956780 0.136055
vt 0.881447 0.128472
vt 0.898229 0.127833
vt 0.915226 0.127648
vt 0.979164 0.136853
vt 0.864596 0.117110
vt 0.855522 0.121737
vt 0.994452 0.136417
vt 0.845665 0.128148
vt 0.840736 0.129452
vt 0.840994 0.138099
vt 0.934668 0.123054
vt 0.918556 0.115072
vt 0.945535 0.124215
vt 0.911948 0.113280
vt 0.986752 0.137110
vt 0.989743 0.127061
vt 0.994178 0.125626
vt 0.894266 0.112839
vt 0.884931 0.114471
vt 0.874364 0.121040
vt 0.966702 0.121600
vt 0.845873 0.112669
vt 0.874015 0.112601
vt 0.974519 0.120435
vt 0.981832 0.119734
vt 0.983348 0.130749
vt 0.940445 0.105824
vt 0.960727 0.109607
vt 0.919721 0.096630
vt 0.883128 0.103107
vt 0.894023 0.102317
vt 0.988727 0.116174
vt 0.996569 0.122627
vt 0.993282 0.117785
vt 0.906939 0.095038
vt 0.981635 0.110164
vt 0.977460 0.098962
vt 0.981340 0.095821
vt 0.951489 0.093167
vt 0.929847 0.088688
vt 0.863761 0.101431
vt 0.843507 0.102097
vt 0.992860 0.110657
vt 0.842912 0.118589
vt 0.873202 0.101277
vt 0.992947 0.223959
vt 0.984638 0.238734
vt 0.977496 0.260184
vt 0.984848 0.250587
vt 0.958216 0.248267
vt 0.992361 0.233729
vt 0.935061 0.261735
vt 0.997954 0.229352
vt 0.891325 0.263390
vt 0.998924 0.237273
vt 0.960060 0.264483
vt 0.985197 0.261825
vt 0.860611 0.266872
vt 0.843528 0.272771
vt 0.963364 0.258389
vt 0.878965 0.266990
vt 0.841603 0.239201
vt 0.841195 0.229620
vt 0.910701 0.275837
vt 0.938529 0.274633
vt 0.969100 0.275685
vt 0.984061 0.274898
vt 0.927831 0.279954
vt 0.991867 0.242432
vt 0.999556 0.250702
vt 0.954439 0.282446
vt 0.890255 0.278374
vt 0.872397 0.283175
vt 0.856636 0.281463
vt 0.975637 0.295377
vt 0.984106 0.286893
vt 0.983658 0.301401
vt 0.917556 0.291403
vt 0.896407 0.287248
vt 0.998853 0.261781
vt 0.991605 0.263458
vt 0.998997 0.272277
vt 0.944611 0.291189
vt 0.959062 0.303337
vt 0.967604 0.307739
vt 0.980146 0.310786
vt 0.842897 0.283298
vt 0.879924 0.303004
vt 0.983681 0.323219
vt 0.923911 0.309249
vt 0.949283 0.308360
vt 0.842623 0.296743
vt 0.846945 0.309731
vt 0.874446 0.309215
vt 0.900376 0.301094
vt 0.920033 0.314664
vt 0.839179 0.295033
vt 0.840362 0.304358
vt 0.840530 0.312832
vt 0.999107 0.283188
vt 0.992546 0.287499
vt 0.992029 0.297262
vt 0.998008 0.293846
vt 0.997475 0.303991
vt 0.991901 0.309709
vt 0.997428 0.313296
vt 0.883716 0.319877
vt 0.963026 0.324818
vt 0.900244 0.324581
vt 0.979689 0.328288
vt 0.861411 0.324419
vt 0.843084 0.319951
vt 0.925892 0.323823
vt 0.839935 0.265074
vt 0.840759 0.256112
vt 0.890920 0.332651
vt 0.912021 0.339413
vt 0.837922 0.281335
vt 0.958600 0.335362
vt 0.933717 0.336318
vt 0.980154 0.338995
vt 0.839114 0.155393
vt 0.842469 0.104995
vt 0.987360 0.101952
vt 0.993812 0.098802
vt 0.959155 0.084034
vt 0.979862 0.086588
vt 0.978698 0.076837
vt 0.882551 0.091302
vt 0.998864 0.172161
vt 0.999556 0.191488
vt 0.861972 0.087053
vt 0.916411 0.081925
vt 0.891085 0.077510
vt 0.885372 0.081624
vt 0.944647 0.072089
vt 0.873209 0.085349
vt 0.873562 0.091553
vt 0.960163 0.065873
vt 0.926530 0.072584
vt 0.985988 0.085343
vt 0.842008 0.088453
vt 0.992354 0.081309
vt 0.987701 0.075047
vt 0.876220 0.072768
vt 0.860656 0.075010
vt 0.914858 0.070398
vt 0.990484 0.068505
vt 0.939408 0.061792
vt 0.972608 0.053057
vt 0.977885 0.059824
vt 0.842509 0.071519
vt 0.839881 0.081114
vt 0.958905 0.052666
vt 0.984916 0.061086
vt 0.983413 0.048488
vt 0.989387 0.055316
vt 0.995812 0.324491
vt 0.988908 0.332289
vt 0.995269 0.333914
vt 0.839421 0.271441
vt 0.291825 0.771790
vt 0.301978 0.761550
vt 0.296265 0.781245
vt 0.294537 0.745638
vt 0.308827 0.747144
vt 0.315305 0.766487
vt 0.322633 0.775844
vt 0.318940 0.756999
vt 0.305789 0.794420
vt 0.295514 0.802620
vt 0.309321 0.817491
vt 0.317874 0.805612
vt 0.324950 0.793380
vt 0.329232 0.753413
vt 0.321798 0.742480
vt 0.314273 0.730692
vt 0.316729 0.712610
vt 0.323941 0.724043
vt 0.331168 0.735679
vt 0.333268 0.777227
vt 0.333073 0.718573
vt 0.329241 0.826398
vt 0.332299 0.807342
vt 0.318640 0.837768
vt 0.326281 0.847506
vt 0.308271 0.847079
vt 0.344212 0.726566
vt 0.346566 0.710701
vt 0.343283 0.849121
vt 0.293764 0.827760
vt 0.294082 0.846496
vt 0.343044 0.791504
vt 0.338065 0.705259
vt 0.351766 0.740117
vt 0.346723 0.765789
vt 0.356473 0.724827
vt 0.341159 0.830953
vt 0.346622 0.818054
vt 0.354978 0.829461
vt 0.353902 0.711015
vt 0.326417 0.701581
vt 0.350290 0.700580
vt 0.358217 0.806876
vt 0.356733 0.782404
vt 0.370141 0.719860
vt 0.370895 0.740007
vt 0.358563 0.763699
vt 0.357098 0.850092
vt 0.363111 0.753551
vt 0.369346 0.702544
vt 0.296707 0.704582
vt 0.297223 0.712319
vt 0.291359 0.728340
vt 0.285132 0.809847
vt 0.282443 0.846174
vt 0.284395 0.788648
vt 0.359625 0.695004
vt 0.372279 0.815373
vt 0.282317 0.754505
vt 0.281558 0.732834
vt 0.368465 0.834096
vt 0.372897 0.763476
vt 0.368977 0.752928
vt 0.381797 0.758532
vt 0.380338 0.787355
vt 0.386767 0.745126
vt 0.384337 0.726572
vt 0.365110 0.788508
vt 0.376520 0.707949
vt 0.336948 0.861104
vt 0.317106 0.856983
vt 0.330476 0.864529
vt 0.316594 0.863513
vt 0.300857 0.862801
vt 0.297526 0.857808
vt 0.286865 0.862931
vt 0.300114 0.852178
vt 0.355880 0.859182
vt 0.281296 0.856565
vt 0.371805 0.694262
vt 0.378375 0.700942
vt 0.392441 0.708072
vt 0.342946 0.694261
vt 0.346427 0.866178
vt 0.364295 0.864004
vt 0.379103 0.859743
vt 0.380986 0.864628
vt 0.376213 0.852050
vt 0.381208 0.838276
vt 0.387146 0.802151
vt 0.391493 0.811391
vt 0.383317 0.697191
vt 0.381511 0.693319
vt 0.399169 0.723289
vt 0.395715 0.767772
vt 0.399939 0.747305
vt 0.328408 0.692184
vt 0.316350 0.696033
vt 0.307668 0.692669
vt 0.403461 0.706158
vt 0.389722 0.850582
vt 0.393487 0.696976
vt 0.389965 0.857794
vt 0.284156 0.706043
vt 0.273008 0.715897
vt 0.270165 0.860626
vt 0.303437 0.699072
vt 0.297583 0.691770
vt 0.401223 0.832736
vt 0.355706 0.692375
vt 0.414095 0.765378
vt 0.408591 0.801738
vt 0.408954 0.818460
vt 0.399320 0.849445
vt 0.402737 0.866630
vt 0.408956 0.861144
vt 0.412590 0.735831
vt 0.412709 0.717436
vt 0.424449 0.750140
vt 0.291343 0.692000
vt 0.272318 0.703893
vt 0.274460 0.810572
vt 0.272980 0.791050
vt 0.276093 0.831952
vt 0.271362 0.845670
vt 0.273202 0.765795
vt 0.279624 0.691737
vt 0.286731 0.691476
vt 0.272197 0.739818
vt 0.394563 0.694200
vt 0.405773 0.698924
vt 0.418676 0.707530
vt 0.261769 0.822556
vt 0.261169 0.749657
vt 0.265826 0.691623
vt 0.272748 0.691091
vt 0.264279 0.800505
vt 0.261507 0.856439
vt 0.262938 0.768278
vt 0.427702 0.733803
vt 0.410234 0.850525
vt 0.418220 0.700316
vt 0.407182 0.695834
vt 0.414042 0.838712
vt 0.426543 0.766197
vt 0.418783 0.790239
vt 0.417146 0.866286
vt 0.423401 0.697626
vt 0.308649 0.689853
vt 0.436647 0.725015
vt 0.434399 0.708598
vt 0.426043 0.806033
vt 0.423396 0.825964
vt 0.419538 0.851190
vt 0.428018 0.701655
vt 0.391154 0.868612
vt 0.430272 0.787656
vt 0.256562 0.711246
vt 0.250144 0.705385
vt 0.255756 0.727022
vt 0.259036 0.862661
vt 0.257793 0.845097
vt 0.267113 0.864670
vt 0.340900 0.690418
vt 0.253955 0.696771
vt 0.374468 0.868772
vt 0.243030 0.720774
vt 0.251179 0.766006
vt 0.242409 0.749383
vt 0.438985 0.699718
vt 0.441829 0.703094
vt 0.429811 0.864442
vt 0.431706 0.854817
vt 0.438898 0.754682
vt 0.441407 0.823374
vt 0.435446 0.852683
vt 0.440170 0.801395
vt 0.238552 0.698423
vt 0.249803 0.798048
vt 0.286048 0.688800
vt 0.291781 0.689435
vt 0.245352 0.817614
vt 0.246166 0.844861
vt 0.241048 0.862721
vt 0.246998 0.855321
vt 0.239537 0.844035
vt 0.229544 0.730727
vt 0.223263 0.708167
vt 0.220879 0.717162
vt 0.221690 0.861959
vt 0.226766 0.844302
vt 0.234170 0.767321
vt 0.232174 0.789961
vt 0.261929 0.691422
vt 0.243499 0.692674
vt 0.224153 0.698718
vt 0.227541 0.818644
vt 0.221526 0.748695
vt 0.217389 0.733200
vt 0.211509 0.696165
vt 0.205474 0.706615
vt 0.204868 0.722827
vt 0.227916 0.692856
vt 0.237597 0.689524
vt 0.248417 0.688914
vt 0.256644 0.690823
vt 0.214331 0.795799
vt 0.211618 0.763901
vt 0.215864 0.843966
vt 0.204875 0.798467
vt 0.287895 0.865625
vt 0.203458 0.768794
vt 0.199388 0.747963
vt 0.208698 0.859973
vt 0.280186 0.689412
vt 0.192286 0.718441
vt 0.194282 0.704554
vt 0.192303 0.729170
vt 0.198711 0.822652
vt 0.204599 0.845150
vt 0.205052 0.850168
vt 0.192836 0.693645
vt 0.237320 0.865355
vt 0.211525 0.865618
vt 0.198011 0.861545
vt 0.193357 0.866223
vt 0.186270 0.864194
vt 0.194255 0.794499
vt 0.192162 0.770181
vt 0.187495 0.750310
vt 0.188160 0.856320
vt 0.180516 0.859079
vt 0.204451 0.692803
vt 0.214908 0.689179
vt 0.199824 0.690562
vt 0.180388 0.702789
vt 0.265734 0.688267
vt 0.262412 0.689292
vt 0.185654 0.829627
vt 0.180685 0.806084
vt 0.185837 0.845746
vt 0.179949 0.716801
vt 0.176947 0.734409
vt 0.217424 0.693024
vt 0.222031 0.689273
vt 0.230322 0.688729
vt 0.183972 0.693495
vt 0.184104 0.690684
vt 0.193641 0.689975
vt 0.314665 0.866521
vt 0.178576 0.866353
vt 0.166210 0.702797
vt 0.257606 0.688167
vt 0.173657 0.767009
vt 0.169593 0.862912
vt 0.172142 0.691253
vt 0.166906 0.694417
vt 0.169965 0.748874
vt 0.168404 0.716948
vt 0.171791 0.829310
vt 0.166921 0.846315
vt 0.157264 0.722734
vt 0.168875 0.801066
vt 0.163366 0.770174
vt 0.160462 0.748143
vt 0.162349 0.822945
vt 0.149956 0.708618
vt 0.154547 0.695285
vt 0.153845 0.798377
vt 0.153482 0.775712
vt 0.147212 0.755683
vt 0.141472 0.731365
vt 0.148153 0.849321
vt 0.151063 0.816533
vt 0.142037 0.822623
vt 0.139463 0.778915
vt 0.137781 0.795840
vt 0.163400 0.848742
vt 0.166531 0.859628
vt 0.135502 0.704973
vt 0.145489 0.695479
vt 0.148744 0.692412
vt 0.164232 0.691199
vt 0.171245 0.868772
vt 0.159087 0.865855
vt 0.156766 0.860438
vt 0.151400 0.865893
vt 0.132771 0.693229
vt 0.325558 0.688669
vt 0.657380 0.653469
vt 0.655995 0.637049
vt 0.638940 0.652713
vt 0.679206 0.642980
vt 0.676225 0.652892
vt 0.642264 0.643838
vt 0.632804 0.642501
vt 0.626418 0.651266
vt 0.690605 0.641919
vt 0.708025 0.653096
vt 0.706253 0.641614
vt 0.725831 0.642429
vt 0.728160 0.653795
vt 0.698908 0.670063
vt 0.681908 0.669832
vt 0.634329 0.660053
vt 0.644553 0.669943
vt 0.629164 0.670325
vt 0.664668 0.662669
vt 0.666989 0.670598
vt 0.714955 0.660679
vt 0.614514 0.664292
vt 0.627219 0.683503
vt 0.656871 0.687397
vt 0.658699 0.679179
vt 0.667836 0.684628
vt 0.686050 0.683092
vt 0.610711 0.680818
vt 0.710846 0.671768
vt 0.599789 0.659950
vt 0.618115 0.652872
vt 0.728711 0.673618
vt 0.738953 0.665657
vt 0.739836 0.677933
vt 0.700631 0.687827
vt 0.705889 0.678690
vt 0.709757 0.687967
vt 0.640570 0.697946
vt 0.625584 0.696272
vt 0.730605 0.685080
vt 0.742901 0.685695
vt 0.726014 0.692208
vt 0.736188 0.699393
vt 0.615241 0.692238
vt 0.617690 0.696340
vt 0.606835 0.689546
vt 0.601212 0.698936
vt 0.708920 0.704325
vt 0.746430 0.698861
vt 0.744809 0.705244
vt 0.669334 0.701711
vt 0.684800 0.700949
vt 0.601343 0.684488
vt 0.599910 0.670974
vt 0.613987 0.642652
vt 0.618770 0.645405
vt 0.741530 0.645373
vt 0.740918 0.657732
vt 0.620128 0.704254
vt 0.642648 0.629888
vt 0.602917 0.638924
vt 0.741209 0.637156
vt 0.731688 0.629462
vt 0.621326 0.635112
vt 0.622739 0.647684
vt 0.710276 0.628382
vt 0.692369 0.628407
vt 0.668036 0.627809
vt 0.688189 0.715652
vt 0.660816 0.712077
vt 0.639791 0.713977
vt 0.652056 0.721804
vt 0.666281 0.718125
vt 0.608802 0.719717
vt 0.625329 0.714381
vt 0.601176 0.711964
vt 0.732888 0.713578
vt 0.718839 0.720813
vt 0.704856 0.722308
vt 0.598138 0.649821
vt 0.596778 0.637245
vt 0.601618 0.722552
vt 0.665517 0.733276
vt 0.689555 0.731784
vt 0.741050 0.728906
vt 0.744770 0.720755
vt 0.615372 0.727825
vt 0.602051 0.731402
vt 0.628868 0.727267
vt 0.655762 0.734166
vt 0.643051 0.733812
vt 0.627099 0.739769
vt 0.724758 0.615584
vt 0.623581 0.623839
vt 0.618658 0.619154
vt 0.636853 0.613926
vt 0.740916 0.617368
vt 0.739716 0.627839
vt 0.599653 0.622706
vt 0.698246 0.614710
vt 0.668337 0.615868
vt 0.599539 0.607950
vt 0.598954 0.627955
vt 0.649065 0.611547
vt 0.654927 0.598444
vt 0.635789 0.601631
vt 0.616886 0.606855
vt 0.693912 0.605974
vt 0.708983 0.603196
vt 0.676675 0.594993
vt 0.741350 0.608382
vt 0.744274 0.677294
vt 0.725681 0.593810
vt 0.662270 0.587863
vt 0.632864 0.590589
vt 0.709499 0.586600
vt 0.694205 0.596020
vt 0.614371 0.589998
vt 0.599582 0.597004
vt 0.694229 0.582615
vt 0.673509 0.578330
vt 0.736195 0.591091
vt 0.736731 0.579072
vt 0.723557 0.576773
vt 0.633038 0.575568
vt 0.621117 0.576088
vt 0.657940 0.580448
vt 0.739801 0.583859
vt 0.603946 0.583739
vt 0.598020 0.587150
vt 0.739366 0.594548
vt 0.661275 0.572299
vt 0.714129 0.571223
vt 0.648537 0.566025
vt 0.634699 0.559173
vt 0.695659 0.567076
vt 0.679506 0.565917
vt 0.611990 0.566721
vt 0.600180 0.563890
vt 0.599451 0.581894
vt 0.611497 0.552218
vt 0.600156 0.547403
vt 0.740467 0.566792
vt 0.674632 0.554513
vt 0.587636 0.640362
vt 0.588471 0.648188
vt 0.594443 0.655685
vt 0.586590 0.644659
vt 0.587139 0.656919
vt 0.588168 0.660591
vt 0.587699 0.665359
vt 0.594882 0.666931
vt 0.587963 0.672930
vt 0.595167 0.679266
vt 0.587469 0.677002
vt 0.589834 0.682183
vt 0.596004 0.691334
vt 0.588121 0.688278
vt 0.588320 0.695727
vt 0.588840 0.701756
vt 0.596212 0.706641
vt 0.588736 0.709899
vt 0.587367 0.631287
vt 0.587449 0.623850
vt 0.590838 0.621816
vt 0.587870 0.616490
vt 0.595044 0.610034
vt 0.588684 0.610934
vt 0.588720 0.603273
vt 0.642589 0.552312
vt 0.715966 0.556281
vt 0.627783 0.551352
vt 0.703111 0.549417
vt 0.593356 0.554724
vt 0.741351 0.559339
vt 0.650732 0.546179
vt 0.591219 0.716315
vt 0.596863 0.720031
vt 0.589328 0.722927
vt 0.597524 0.733936
vt 0.589697 0.729736
vt 0.693824 0.543424
vt 0.730054 0.545031
vt 0.717717 0.544761
vt 0.594022 0.543624
vt 0.636403 0.540468
vt 0.670689 0.542434
vt 0.742270 0.547956
vt 0.743067 0.568370
vt 0.594667 0.537268
vt 0.746238 0.689587
vt 0.608907 0.540775
vt 0.591793 0.587169
vt 0.747336 0.705233
vt 0.588279 0.594404
vt 0.742020 0.667701
vt 0.740036 0.541973
vt 0.734520 0.533374
vt 0.702365 0.535329
vt 0.588002 0.584471
vt 0.596154 0.575824
vt 0.591937 0.571141
vt 0.588007 0.581836
vt 0.588044 0.567902
vt 0.678644 0.529166
vt 0.671139 0.533429
vt 0.645337 0.529394
vt 0.588566 0.560269
vt 0.588058 0.548137
vt 0.589520 0.541055
vt 0.615202 0.532044
vt 0.663007 0.518647
vt 0.601477 0.533352
vt 0.617124 0.515757
vt 0.603804 0.523035
vt 0.599263 0.525682
vt 0.630339 0.524492
vt 0.605532 0.510059
vt 0.718746 0.517892
vt 0.588555 0.555217
vt 0.641527 0.512181
vt 0.594835 0.528400
vt 0.590993 0.524411
vt 0.684803 0.520733
vt 0.703021 0.516217
vt 0.602487 0.511707
vt 0.604226 0.498674
vt 0.620022 0.499632
vt 0.728270 0.511767
vt 0.659940 0.506390
vt 0.595661 0.509396
vt 0.591816 0.503248
vt 0.687105 0.506701
vt 0.739105 0.521461
vt 0.742631 0.532395
vt 0.738680 0.506131
vt 0.703044 0.501779
vt 0.642480 0.500791
vt 0.742347 0.498141
vt 0.641089 0.491723
vt 0.617310 0.487735
vt 0.606009 0.489944
vt 0.602173 0.483385
vt 0.742692 0.505200
vt 0.655400 0.494807
vt 0.592636 0.489440
vt 0.684396 0.489408
vt 0.662017 0.481474
vt 0.649426 0.479380
vt 0.728452 0.485644
vt 0.740556 0.483115
vt 0.745167 0.491591
vt 0.633271 0.478154
vt 0.622597 0.470823
vt 0.703446 0.481209
vt 0.606193 0.477191
vt 0.605950 0.463953
vt 0.657563 0.467254
vt 0.680089 0.474646
vt 0.645481 0.461721
vt 0.665998 0.466112
vt 0.741243 0.513194
vt 0.717612 0.468062
vt 0.689057 0.468369
vt 0.745807 0.484203
vt 0.622215 0.449740
vt 0.609195 0.452156
vt 0.605332 0.450838
vt 0.598418 0.469596
vt 0.594702 0.476682
vt 0.595821 0.461659
vt 0.600759 0.455948
vt 0.663098 0.457430
vt 0.651409 0.453761
vt 0.695347 0.462059
vt 0.742932 0.473652
vt 0.597564 0.450035
vt 0.609360 0.438835
vt 0.650562 0.445698
vt 0.693351 0.453833
vt 0.670422 0.453465
vt 0.603197 0.439329
vt 0.719297 0.457118
vt 0.743039 0.523561
vt 0.598510 0.438268
vt 0.627786 0.435036
vt 0.646436 0.437091
vt 0.744561 0.463553
vt 0.599615 0.429458
vt 0.705373 0.442266
vt 0.682503 0.438969
vt 0.665688 0.430336
vt 0.605916 0.423748
vt 0.637679 0.422656
vt 0.655305 0.417547
vt 0.619214 0.421505
vt 0.611262 0.421086
vt 0.600783 0.419352
vt 0.673396 0.419903
vt 0.729850 0.450736
vt 0.723296 0.439510
vt 0.715596 0.426341
vt 0.689681 0.417857
vt 0.673891 0.406724
vt 0.609616 0.431517
vt 0.630232 0.403470
vt 0.615458 0.405344
vt 0.639151 0.406464
vt 0.731746 0.432238
vt 0.747336 0.424516
vt 0.739621 0.439478
vt 0.734025 0.441752
vt 0.738350 0.449396
vt 0.608965 0.406486
vt 0.601948 0.410153
vt 0.612291 0.409839
vt 0.514401 0.222774
vt 0.489927 0.207144
vt 0.487263 0.221982
vt 0.515147 0.210465
vt 0.470197 0.207738
vt 0.461518 0.219995
vt 0.455329 0.210180
vt 0.438830 0.220779
vt 0.435811 0.209212
vt 0.492825 0.196491
vt 0.477728 0.189430
vt 0.492340 0.183752
vt 0.449619 0.193804
vt 0.448545 0.201335
vt 0.438303 0.194778
vt 0.511809 0.184285
vt 0.433170 0.185876
vt 0.497184 0.184036
vt 0.527343 0.198937
vt 0.532814 0.208333
vt 0.534532 0.221656
vt 0.543221 0.213029
vt 0.543349 0.193581
vt 0.526081 0.185736
vt 0.448466 0.177338
vt 0.435662 0.175526
vt 0.466641 0.183760
vt 0.452737 0.159623
vt 0.425797 0.176200
vt 0.543921 0.175894
vt 0.507429 0.172560
vt 0.527766 0.171587
vt 0.488526 0.168348
vt 0.465501 0.172192
vt 0.467964 0.166012
vt 0.462019 0.160839
vt 0.479329 0.159181
vt 0.438496 0.159194
vt 0.425722 0.160936
vt 0.504705 0.158206
vt 0.523880 0.159036
vt 0.543873 0.160443
vt 0.534650 0.158892
vt 0.415216 0.169765
vt 0.430837 0.195471
vt 0.429080 0.230840
vt 0.458577 0.148776
vt 0.548177 0.223303
vt 0.543207 0.229712
vt 0.498379 0.147720
vt 0.471877 0.145193
vt 0.483811 0.146522
vt 0.545374 0.146284
vt 0.548222 0.184382
vt 0.415919 0.158653
vt 0.431773 0.146277
vt 0.447453 0.146461
vt 0.507028 0.147294
vt 0.532789 0.146628
vt 0.534365 0.136872
vt 0.406571 0.160408
vt 0.419205 0.143983
vt 0.423823 0.187477
vt 0.463881 0.133244
vt 0.453946 0.132546
vt 0.432893 0.132179
vt 0.544328 0.136991
vt 0.486303 0.134685
vt 0.404976 0.140791
vt 0.411914 0.133428
vt 0.400467 0.129853
vt 0.510753 0.131499
vt 0.528060 0.133264
vt 0.530479 0.124827
vt 0.417020 0.120971
vt 0.490921 0.123778
vt 0.408162 0.114807
vt 0.397432 0.116753
vt 0.396101 0.150863
vt 0.395026 0.142002
vt 0.471856 0.119509
vt 0.428911 0.119479
vt 0.449387 0.117401
vt 0.548111 0.125424
vt 0.545622 0.117289
vt 0.534434 0.117962
vt 0.524161 0.118945
vt 0.503249 0.115621
vt 0.392285 0.129568
vt 0.420192 0.105262
vt 0.396599 0.101656
vt 0.435793 0.103211
vt 0.450135 0.104884
vt 0.473914 0.102326
vt 0.480492 0.107005
vt 0.550500 0.158172
vt 0.550345 0.172961
vt 0.549598 0.147952
vt 0.410484 0.099163
vt 0.493823 0.104995
vt 0.516902 0.107645
vt 0.504359 0.102033
vt 0.410447 0.090174
vt 0.427821 0.091620
vt 0.529243 0.101852
vt 0.548450 0.104541
vt 0.462083 0.092828
vt 0.447276 0.086283
vt 0.408973 0.170964
vt 0.416953 0.182393
vt 0.413389 0.196005
vt 0.527641 0.094040
vt 0.432903 0.081631
vt 0.487771 0.090553
vt 0.545641 0.089612
vt 0.406607 0.076915
vt 0.395204 0.089591
vt 0.421188 0.073958
vt 0.552229 0.134377
vt 0.509240 0.086201
vt 0.402201 0.068388
vt 0.401569 0.159520
vt 0.548925 0.208091
vt 0.388527 0.117531
vt 0.397536 0.077036
vt 0.463581 0.076733
vt 0.445450 0.072588
vt 0.473645 0.073321
vt 0.395585 0.067373
vt 0.500938 0.072124
vt 0.487688 0.075998
vt 0.529067 0.073788
vt 0.534048 0.075028
vt 0.395447 0.163628
vt 0.552535 0.118264
vt 0.554618 0.102466
vt 0.549629 0.065923
vt 0.542839 0.073938
vt 0.551414 0.080148
vt 0.554102 0.090058
vt 0.422200 0.197110
vt 0.516351 0.066081
vt 0.423131 0.204824
vt 0.383518 0.127120
vt 0.387659 0.165022
vt 0.384017 0.140031
vt 0.385185 0.154514
vt 0.381282 0.147018
vt 0.382421 0.134873
vt 0.383261 0.161043
vt 0.379801 0.158067
vt 0.385496 0.112036
vt 0.381559 0.113857
vt 0.382568 0.103956
vt 0.386567 0.099789
vt 0.383701 0.091668
vt 0.387323 0.087429
vt 0.385010 0.079753
vt 0.388701 0.075973
vt 0.386857 0.064396
vt 0.391015 0.060542
vt 0.389712 0.053259
vt 0.393361 0.046708
vt 0.423741 0.217226
vt 0.450692 0.232056
vt 0.436186 0.234213
vt 0.473405 0.230739
vt 0.507400 0.228016
vt 0.518875 0.231854
vt 0.433821 0.246941
vt 0.451184 0.245486
vt 0.540326 0.236200
vt 0.496911 0.242689
vt 0.472199 0.247264
vt 0.486436 0.257276
vt 0.501305 0.258484
vt 0.526285 0.253374
vt 0.543174 0.253515
vt 0.468828 0.258196
vt 0.546796 0.243471
vt 0.549418 0.235389
vt 0.450460 0.264122
vt 0.424357 0.247564
vt 0.483765 0.268892
vt 0.419751 0.232437
vt 0.430081 0.259665
vt 0.438216 0.273836
vt 0.422664 0.258093
vt 0.449514 0.281392
vt 0.462994 0.279927
vt 0.496796 0.277054
vt 0.515126 0.269056
vt 0.532909 0.266544
vt 0.540852 0.271063
vt 0.473720 0.279441
vt 0.517608 0.280211
vt 0.549377 0.254169
vt 0.546544 0.271238
vt 0.414189 0.258034
vt 0.412394 0.275109
vt 0.438242 0.284378
vt 0.549885 0.271073
vt 0.545101 0.288023
vt 0.526992 0.284056
vt 0.464780 0.293605
vt 0.485393 0.290687
vt 0.549541 0.285148
vt 0.492242 0.299162
vt 0.528681 0.299154
vt 0.410861 0.264207
vt 0.403183 0.270628
vt 0.398650 0.281296
vt 0.409484 0.284501
vt 0.422783 0.291230
vt 0.430330 0.293310
vt 0.406224 0.305452
vt 0.450449 0.301378
vt 0.435735 0.308812
vt 0.401882 0.295655
vt 0.394700 0.312733
vt 0.469320 0.314310
vt 0.502845 0.307410
vt 0.547185 0.309227
vt 0.378774 0.133935
vt 0.452066 0.321150
vt 0.552977 0.252982
vt 0.417054 0.209359
vt 0.391665 0.291823
vt 0.525291 0.315962
vt 0.551368 0.299831
vt 0.426934 0.319888
vt 0.404714 0.317399
vt 0.397416 0.325944
vt 0.390608 0.318415
vt 0.500352 0.325161
vt 0.469123 0.327790
vt 0.414111 0.331619
vt 0.401926 0.337320
vt 0.393746 0.340671
vt 0.547272 0.325770
vt 0.519230 0.328453
vt 0.390859 0.329700
vt 0.434264 0.334443
vt 0.383616 0.298442
vt 0.385925 0.285095
vt 0.383960 0.308853
vt 0.384744 0.321298
vt 0.439390 0.345066
vt 0.474018 0.334322
vt 0.497974 0.337153
vt 0.418186 0.346244
vt 0.552907 0.322470
vt 0.523114 0.337507
vt 0.547719 0.333069
vt 0.400288 0.357649
vt 0.501564 0.346965
vt 0.395057 0.351478
vt 0.426471 0.355358
vt 0.385519 0.334257
vt 0.381805 0.328746
vt 0.379560 0.320888
vt 0.382099 0.337154
vt 0.386320 0.343435
vt 0.383597 0.350587
vt 0.385651 0.358814
vt 0.456071 0.355920
vt 0.480378 0.355494
vt 0.528226 0.350286
vt 0.547342 0.350480
vt 0.396551 0.368057
vt 0.386961 0.372167
vt 0.384210 0.367926
vt 0.554618 0.340338
vt 0.552323 0.345288
vt 0.512564 0.360700
vt 0.416109 0.366279
vt 0.440134 0.371131
vt 0.405156 0.375886
vt 0.391872 0.272638
vt 0.385110 0.271051
vt 0.386016 0.383007
vt 0.401245 0.267759
vt 0.383961 0.066198
vt 0.938535 0.768140
vt 0.945461 0.771485
vt 0.939191 0.763025
vt 0.951477 0.780776
vt 0.933508 0.753704
vt 0.928688 0.754824
vt 0.925276 0.742794
vt 0.944792 0.778540
vt 0.955083 0.789312
vt 0.960060 0.791156
vt 0.962361 0.798746
vt 0.929395 0.743679
vt 0.924752 0.734446
vt 0.918710 0.729439
vt 0.920140 0.726249
vt 0.965371 0.797187
vt 0.972006 0.805350
vt 0.916979 0.715310
vt 0.911854 0.710635
vt 0.913777 0.706320
vt 0.906146 0.691477
vt 0.911985 0.694959
vt 0.903833 0.679326
vt 0.909696 0.681536
vt 0.908323 0.669721
vt 0.904156 0.656991
vt 0.907851 0.655207
vt 0.904165 0.642974
vt 0.908130 0.642179
vt 0.905604 0.627256
vt 0.910302 0.624336
vt 0.913758 0.609517
vt 0.911004 0.606209
vt 0.918099 0.595151
vt 0.923913 0.580018
vt 0.912161 0.595493
vt 0.928773 0.567647
vt 0.901969 0.661666
vt 0.928486 0.559638
vt 0.921170 0.567644
vt 0.915742 0.581908
vt 0.939451 0.539012
vt 0.943436 0.541505
vt 0.950844 0.524706
vt 0.950917 0.531341
vt 0.957923 0.523197
vt 0.961232 0.514684
vt 0.961628 0.509607
vt 0.969919 0.509588
vt 0.972914 0.500803
vt 0.975365 0.504243
vt 0.980318 0.499566
vt 0.986491 0.488919
vt 0.986922 0.493365
vt 0.995115 0.486210
vt 0.933052 0.559078
vt 0.963681 0.516317
vt 0.901865 0.644522
vt 0.976697 0.493800
vt 0.948024 0.524419
vt 0.970573 0.808889
vt 0.979291 0.813462
vt 0.977298 0.816253
vt 0.991883 0.825178
vt 0.907963 0.607696
vt 0.904330 0.621411
vt 0.938026 0.538395
vt 0.910454 0.712798
vt 0.915750 0.726915
vt 0.964836 0.807866
vt 0.906571 0.701144
vt 0.995115 0.822915
vt 0.955072 0.796143
vt 0.921774 0.743214
vt 0.864786 0.758648
vt 0.868393 0.732741
vt 0.864321 0.731900
vt 0.867479 0.711138
vt 0.863587 0.713986
vt 0.863338 0.703486
vt 0.869936 0.771343
vt 0.871563 0.696524
vt 0.863221 0.692386
vt 0.864878 0.681530
vt 0.873684 0.769533
vt 0.870393 0.784307
vt 0.872173 0.726077
vt 0.874400 0.729626
vt 0.875065 0.764440
vt 0.876845 0.779664
vt 0.871411 0.680741
vt 0.877907 0.768826
vt 0.874350 0.794109
vt 0.868851 0.791434
vt 0.868935 0.674490
vt 0.861012 0.683570
vt 0.866511 0.777205
vt 0.878774 0.795819
vt 0.875627 0.713188
vt 0.878168 0.757226
vt 0.862787 0.786866
vt 0.873979 0.695840
vt 0.872042 0.665299
vt 0.877113 0.732663
vt 0.866518 0.667452
vt 0.871250 0.654506
vt 0.876047 0.644707
vt 0.872484 0.643966
vt 0.878774 0.632519
vt 0.873596 0.631228
vt 0.353072 0.410361
vt 0.362062 0.426489
vt 0.357603 0.426542
vt 0.343986 0.404728
vt 0.345339 0.397475
vt 0.363106 0.439652
vt 0.372200 0.450588
vt 0.368225 0.454003
vt 0.373926 0.468217
vt 0.381290 0.479583
vt 0.379324 0.489681
vt 0.383215 0.500542
vt 0.379075 0.506285
vt 0.348220 0.416496
vt 0.381767 0.527798
vt 0.379150 0.521799
vt 0.378642 0.545845
vt 0.360002 0.442279
vt 0.353645 0.432916
vt 0.338900 0.393171
vt 0.382397 0.543909
vt 0.377584 0.559375
vt 0.163743 0.626910
vt 0.175953 0.628890
vt 0.166514 0.640691
vt 0.179705 0.611289
vt 0.151965 0.610059
vt 0.148999 0.630902
vt 0.166693 0.603441
vt 0.153869 0.595703
vt 0.165914 0.588646
vt 0.178162 0.592062
vt 0.135122 0.604718
vt 0.127925 0.585718
vt 0.145910 0.580128
vt 0.140687 0.620235
vt 0.119439 0.603339
vt 0.112612 0.575491
vt 0.124099 0.573088
vt 0.128488 0.615742
vt 0.117308 0.628423
vt 0.132004 0.634973
vt 0.155851 0.648819
vt 0.146950 0.640153
vt 0.104698 0.610955
vt 0.091169 0.614566
vt 0.086671 0.605363
vt 0.103802 0.597973
vt 0.094830 0.586921
vt 0.109096 0.588871
vt 0.154046 0.581398
vt 0.189417 0.626767
vt 0.182262 0.634472
vt 0.200765 0.638175
vt 0.186892 0.645680
vt 0.202345 0.618265
vt 0.215758 0.612894
vt 0.217228 0.625136
vt 0.203806 0.604247
vt 0.212312 0.600544
vt 0.197282 0.591435
vt 0.210039 0.582577
vt 0.201359 0.577969
vt 0.212329 0.564147
vt 0.198233 0.564769
vt 0.193385 0.585990
vt 0.173265 0.641396
vt 0.132362 0.573720
vt 0.143172 0.568910
vt 0.151518 0.560927
vt 0.130324 0.564733
vt 0.123470 0.623448
vt 0.119092 0.562399
vt 0.121158 0.551955
vt 0.145945 0.556837
vt 0.168990 0.649057
vt 0.159173 0.555011
vt 0.146770 0.620684
vt 0.083655 0.615159
vt 0.195922 0.627563
vt 0.073661 0.607018
vt 0.102333 0.629387
vt 0.104488 0.386487
vt 0.091113 0.403919
vt 0.092795 0.394588
vt 0.101967 0.400364
vt 0.097567 0.409946
vt 0.082799 0.411305
vt 0.091711 0.419543
vt 0.081185 0.428893
vt 0.071035 0.425280
vt 0.072036 0.434257
vt 0.063983 0.436875
vt 0.072109 0.446093
vt 0.055960 0.456688
vt 0.069042 0.455067
vt 0.063447 0.461125
vt 0.056140 0.465815
vt 0.114005 0.400456
vt 0.067589 0.472506
vt 0.110172 0.386775
vt 0.048631 0.479263
vt 0.109484 0.416913
vt 0.114172 0.410328
vt 0.077786 0.436580
vt 0.070994 0.461597
vt 0.079139 0.449516
vt 0.082101 0.403690
vt 0.069995 0.419626
vt 0.051170 0.455908
vt 0.045551 0.469697
vt 0.060524 0.435006
vt 0.043325 0.483710
vt 0.040918 0.500590
vt 0.044427 0.501963
vt 0.037744 0.511223
vt 0.084909 0.622442
vt 0.073920 0.613823
vt 0.064216 0.603772
vt 0.064098 0.595414
vt 0.060494 0.594067
vt 0.054620 0.580303
vt 0.056195 0.575255
vt 0.072466 0.595697
vt 0.098671 0.636444
vt 0.066960 0.585567
vt 0.113251 0.638935
vt 0.110410 0.648023
vt 0.121154 0.653326
vt 0.129105 0.649001
vt 0.135505 0.659988
vt 0.120378 0.657855
vt 0.083262 0.626944
vt 0.048738 0.570163
vt 0.094918 0.637995
vt 0.050867 0.559125
vt 0.043015 0.546843
vt 0.046077 0.543245
vt 0.043465 0.530249
vt 0.039310 0.531818
vt 0.075433 0.623688
vt 0.103270 0.647289
vt 0.108714 0.656141
vt 0.114541 0.378320
vt 0.118177 0.382452
vt 0.125722 0.372417
vt 0.117750 0.371279
vt 0.137612 0.360335
vt 0.136408 0.367199
vt 0.158666 0.357194
vt 0.158664 0.351526
vt 0.173551 0.351004
vt 0.104846 0.380500
vt 0.173331 0.346261
vt 0.186402 0.344201
vt 0.189158 0.348642
vt 0.204992 0.342972
vt 0.207677 0.346938
vt 0.229235 0.343314
vt 0.233071 0.348612
vt 0.244906 0.343679
vt 0.252422 0.349276
vt 0.260470 0.346648
vt 0.271722 0.353152
vt 0.328464 0.637625
vt 0.339595 0.630589
vt 0.326871 0.643384
vt 0.321356 0.642320
vt 0.343140 0.623170
vt 0.315599 0.647893
vt 0.317734 0.655774
vt 0.305682 0.657574
vt 0.334806 0.639637
vt 0.349834 0.625742
vt 0.350078 0.616440
vt 0.357239 0.613067
vt 0.360958 0.601693
vt 0.326708 0.650684
vt 0.305938 0.665794
vt 0.295116 0.664773
vt 0.285843 0.670923
vt 0.343831 0.637181
vt 0.334673 0.648810
vt 0.114492 0.509891
vt 0.111488 0.517829
vt 0.105479 0.514312
vt 0.091271 0.574939
vt 0.083759 0.581493
vt 0.091356 0.565133
vt 0.102055 0.561412
vt 0.112485 0.558395
vt 0.107828 0.542879
vt 0.092889 0.552708
vt 0.088466 0.539257
vt 0.089683 0.528364
vt 0.110977 0.530106
vt 0.119679 0.536013
vt 0.073686 0.541406
vt 0.077260 0.558445
vt 0.068910 0.559682
vt 0.068380 0.529905
vt 0.072354 0.521194
vt 0.084280 0.515494
vt 0.095186 0.501537
vt 0.097760 0.515056
vt 0.059707 0.536837
vt 0.059214 0.550200
vt 0.084605 0.500881
vt 0.098221 0.492847
vt 0.069213 0.505698
vt 0.082445 0.484817
vt 0.069292 0.492013
vt 0.074984 0.477847
vt 0.049477 0.539567
vt 0.058550 0.521518
vt 0.044902 0.518392
vt 0.091641 0.472993
vt 0.103420 0.479943
vt 0.131170 0.530153
vt 0.109662 0.489522
vt 0.113135 0.504396
vt 0.063041 0.511431
vt 0.070226 0.570922
vt 0.050095 0.512503
vt 0.115114 0.476217
vt 0.100730 0.467315
vt 0.120559 0.492722
vt 0.119452 0.480773
vt 0.128906 0.485110
vt 0.135017 0.492522
vt 0.127434 0.502782
vt 0.128719 0.511895
vt 0.133167 0.504562
vt 0.059406 0.487246
vt 0.061777 0.501649
vt 0.049675 0.502497
vt 0.143503 0.507935
vt 0.124790 0.520570
vt 0.135736 0.476351
vt 0.145264 0.487874
vt 0.149452 0.475993
vt 0.146480 0.466561
vt 0.077509 0.471432
vt 0.086154 0.457351
vt 0.131947 0.463095
vt 0.128180 0.474804
vt 0.063864 0.567860
vt 0.107732 0.469997
vt 0.074047 0.498041
vt 0.134096 0.524166
vt 0.141548 0.531657
vt 0.133003 0.547172
vt 0.092484 0.459774
vt 0.053335 0.481673
vt 0.126045 0.542141
vt 0.111138 0.461293
vt 0.098510 0.449999
vt 0.079104 0.574943
vt 0.077614 0.588340
vt 0.040102 0.519539
vt 0.146044 0.663855
vt 0.155239 0.670241
vt 0.141133 0.666403
vt 0.158126 0.666947
vt 0.171238 0.676708
vt 0.169943 0.668717
vt 0.175935 0.667886
vt 0.180583 0.680001
vt 0.191105 0.675208
vt 0.198149 0.682163
vt 0.208680 0.683017
vt 0.211202 0.678714
vt 0.229027 0.684243
vt 0.160254 0.677692
vt 0.222229 0.679609
vt 0.230896 0.679740
vt 0.236372 0.682252
vt 0.135943 0.668413
vt 0.128471 0.666023
vt 0.151455 0.675010
vt 0.168231 0.685498
vt 0.148487 0.656138
vt 0.169122 0.658848
vt 0.137827 0.647249
vt 0.190642 0.656747
vt 0.197172 0.669716
vt 0.292731 0.662478
vt 0.275825 0.669255
vt 0.268061 0.675446
vt 0.259575 0.671193
vt 0.277128 0.677179
vt 0.259049 0.682705
vt 0.254604 0.678601
vt 0.246486 0.685498
vt 0.241623 0.680238
vt 0.252514 0.633694
vt 0.238618 0.645951
vt 0.229255 0.633576
vt 0.252765 0.645736
vt 0.260714 0.636061
vt 0.247264 0.622496
vt 0.237823 0.653866
vt 0.226003 0.647124
vt 0.205936 0.631028
vt 0.214728 0.652913
vt 0.227460 0.656137
vt 0.257514 0.620057
vt 0.275618 0.649628
vt 0.281060 0.634265
vt 0.287996 0.648091
vt 0.298620 0.636551
vt 0.232864 0.621455
vt 0.243697 0.663591
vt 0.255510 0.662319
vt 0.233781 0.665115
vt 0.197434 0.646996
vt 0.199000 0.661565
vt 0.219932 0.666789
vt 0.208594 0.669248
vt 0.233424 0.674762
vt 0.269486 0.659490
vt 0.257745 0.651797
vt 0.289725 0.657393
vt 0.246189 0.671746
vt 0.269582 0.666620
vt 0.282477 0.661156
vt 0.213177 0.674684
vt 0.299883 0.655827
vt 0.293081 0.649960
vt 0.304264 0.643595
vt 0.257734 0.675874
vt 0.286367 0.533063
vt 0.293269 0.545400
vt 0.277632 0.541597
vt 0.293104 0.517849
vt 0.311201 0.516190
vt 0.301242 0.530430
vt 0.297607 0.503071
vt 0.270313 0.516554
vt 0.263682 0.523649
vt 0.264677 0.543219
vt 0.246464 0.517652
vt 0.238089 0.526328
vt 0.246294 0.544695
vt 0.287031 0.554997
vt 0.277597 0.561715
vt 0.263304 0.554186
vt 0.270688 0.567220
vt 0.263865 0.569952
vt 0.252906 0.587324
vt 0.244150 0.564784
vt 0.239786 0.538838
vt 0.260290 0.584911
vt 0.293920 0.570343
vt 0.280828 0.575658
vt 0.304395 0.561965
vt 0.301208 0.550878
vt 0.298614 0.575534
vt 0.315619 0.564969
vt 0.319492 0.555674
vt 0.264847 0.597621
vt 0.252517 0.606428
vt 0.244154 0.598876
vt 0.243134 0.605282
vt 0.247752 0.609771
vt 0.235481 0.600195
vt 0.232916 0.606044
vt 0.235533 0.588432
vt 0.224834 0.593534
vt 0.228677 0.575983
vt 0.274975 0.583053
vt 0.254075 0.511562
vt 0.235688 0.574806
vt 0.311044 0.541131
vt 0.284449 0.601289
vt 0.272941 0.605291
vt 0.294182 0.588526
vt 0.300572 0.597667
vt 0.303085 0.584627
vt 0.284318 0.609074
vt 0.304214 0.609289
vt 0.291120 0.618064
vt 0.267856 0.620462
vt 0.272220 0.633619
vt 0.282156 0.623532
vt 0.286493 0.579188
vt 0.320473 0.581426
vt 0.337221 0.581964
vt 0.320724 0.588622
vt 0.339108 0.592675
vt 0.328948 0.606478
vt 0.310417 0.599640
vt 0.323447 0.606561
vt 0.343331 0.602388
vt 0.339171 0.614833
vt 0.324529 0.614844
vt 0.311387 0.618002
vt 0.301665 0.626433
vt 0.312347 0.631830
vt 0.331207 0.622889
vt 0.337625 0.569803
vt 0.343760 0.574984
vt 0.348751 0.561728
vt 0.337413 0.559120
vt 0.358632 0.571707
vt 0.334636 0.546299
vt 0.349327 0.556207
vt 0.336255 0.536686
vt 0.346514 0.540822
vt 0.310077 0.496680
vt 0.322528 0.510392
vt 0.321106 0.522720
vt 0.311653 0.531754
vt 0.344676 0.522779
vt 0.345337 0.514220
vt 0.350529 0.496637
vt 0.329487 0.490224
vt 0.326730 0.469512
vt 0.308272 0.479857
vt 0.291123 0.469415
vt 0.291117 0.491118
vt 0.270206 0.473227
vt 0.290361 0.456717
vt 0.271390 0.448080
vt 0.256541 0.460261
vt 0.254047 0.477990
vt 0.262356 0.496775
vt 0.250263 0.502988
vt 0.311182 0.459330
vt 0.311753 0.444265
vt 0.281069 0.500397
vt 0.286152 0.501388
vt 0.296773 0.429962
vt 0.286058 0.434125
vt 0.283072 0.442176
vt 0.318621 0.438547
vt 0.276912 0.439753
vt 0.272480 0.504148
vt 0.308764 0.429688
vt 0.307525 0.416249
vt 0.294973 0.416381
vt 0.323157 0.425719
vt 0.321352 0.417513
vt 0.332739 0.416552
vt 0.318759 0.403173
vt 0.305285 0.406365
vt 0.309122 0.399056
vt 0.362804 0.474888
vt 0.367746 0.485219
vt 0.343414 0.487442
vt 0.340445 0.475175
vt 0.368402 0.495930
vt 0.354129 0.505713
vt 0.330431 0.479429
vt 0.339561 0.466241
vt 0.349893 0.464702
vt 0.351553 0.454393
vt 0.371072 0.504819
vt 0.360790 0.529586
vt 0.319097 0.390447
vt 0.304699 0.386084
vt 0.360789 0.536399
vt 0.371839 0.520579
vt 0.336202 0.427999
vt 0.316134 0.450748
vt 0.324466 0.449018
vt 0.335764 0.454783
vt 0.335499 0.440636
vt 0.322470 0.405666
vt 0.331365 0.402972
vt 0.340756 0.415103
vt 0.286694 0.516053
vt 0.373598 0.533847
vt 0.368113 0.546010
vt 0.362503 0.551891
vt 0.364719 0.566164
vt 0.297769 0.404549
vt 0.290644 0.387928
vt 0.288091 0.404513
vt 0.287707 0.418139
vt 0.280899 0.387363
vt 0.282248 0.375300
vt 0.269922 0.376687
vt 0.267216 0.382507
vt 0.259482 0.378549
vt 0.289343 0.370917
vt 0.284515 0.364808
vt 0.301485 0.377568
vt 0.276984 0.395971
vt 0.280732 0.409175
vt 0.265343 0.362552
vt 0.271158 0.365615
vt 0.264301 0.387438
vt 0.242778 0.375632
vt 0.242210 0.392023
vt 0.236353 0.382245
vt 0.235838 0.370973
vt 0.366954 0.470319
vt 0.275744 0.360024
vt 0.258286 0.451163
vt 0.284705 0.424456
vt 0.228990 0.613493
vt 0.254062 0.370141
vt 0.363485 0.458853
vt 0.244238 0.615722
vt 0.246010 0.363016
vt 0.310566 0.383091
vt 0.340098 0.454260
vt 0.349433 0.447888
vt 0.357241 0.445542
vt 0.343766 0.437214
vt 0.339856 0.445459
vt 0.344009 0.423022
vt 0.337720 0.418654
vt 0.325356 0.433609
vt 0.290981 0.629422
vt 0.307781 0.576994
vt 0.372239 0.552287
vt 0.344306 0.587165
vt 0.258026 0.360173
vt 0.351211 0.609888
vt 0.334355 0.402360
vt 0.276490 0.507911
vt 0.230781 0.385805
vt 0.289413 0.425784
vt 0.352957 0.603301
vt 0.337977 0.625357
vt 0.328507 0.628899
vt 0.370306 0.568856
vt 0.310014 0.649252
vt 0.328841 0.398982
vt 0.232122 0.372119
vt 0.253553 0.448441
vt 0.351465 0.596858
vt 0.234657 0.357324
vt 0.355614 0.591203
vt 0.324254 0.394820
vt 0.251184 0.392288
vt 0.248644 0.404187
vt 0.363910 0.581382
vt 0.367475 0.586105
vt 0.361010 0.595142
vt 0.330148 0.394186
vt 0.356368 0.579888
vt 0.245857 0.353083
vt 0.313244 0.374762
vt 0.320002 0.384991
vt 0.327198 0.383959
vt 0.253198 0.365396
vt 0.294884 0.365942
vt 0.301062 0.366866
vt 0.295341 0.360097
vt 0.287710 0.361121
vt 0.250097 0.360098
vt 0.309805 0.369851
vt 0.229255 0.355302
vt 0.220877 0.373022
vt 0.218709 0.354436
vt 0.240944 0.353646
vt 0.252449 0.355400
vt 0.211189 0.350061
vt 0.181020 0.354623
vt 0.258046 0.355256
vt 0.272033 0.357260
vt 0.212323 0.358578
vt 0.207865 0.372073
vt 0.173516 0.359509
vt 0.160785 0.364080
vt 0.147784 0.364492
vt 0.161517 0.375169
vt 0.168016 0.363400
vt 0.171855 0.373135
vt 0.181402 0.364560
vt 0.185141 0.372915
vt 0.187811 0.387894
vt 0.173828 0.388959
vt 0.186412 0.360140
vt 0.193497 0.362987
vt 0.196001 0.368905
vt 0.166635 0.381612
vt 0.161932 0.386659
vt 0.194878 0.357142
vt 0.205564 0.360521
vt 0.208869 0.355537
vt 0.190395 0.374957
vt 0.203112 0.381213
vt 0.284886 0.354265
vt 0.319636 0.372995
vt 0.326368 0.377129
vt 0.298030 0.358475
vt 0.332198 0.382379
vt 0.143692 0.451854
vt 0.163815 0.452063
vt 0.152863 0.465521
vt 0.145566 0.440230
vt 0.154952 0.440460
vt 0.152051 0.417817
vt 0.133865 0.425593
vt 0.152716 0.399434
vt 0.127525 0.408313
vt 0.139130 0.393333
vt 0.119609 0.419999
vt 0.120438 0.429924
vt 0.131780 0.442847
vt 0.121527 0.446431
vt 0.108332 0.447071
vt 0.125353 0.464225
vt 0.168114 0.430114
vt 0.185317 0.436765
vt 0.174486 0.463353
vt 0.193677 0.458460
vt 0.209794 0.457022
vt 0.203869 0.430379
vt 0.216758 0.431361
vt 0.241557 0.443379
vt 0.185105 0.509558
vt 0.205944 0.527316
vt 0.179895 0.517512
vt 0.202532 0.508321
vt 0.195359 0.490435
vt 0.173785 0.486395
vt 0.169336 0.506656
vt 0.163838 0.487978
vt 0.214827 0.515098
vt 0.182173 0.420491
vt 0.164985 0.410601
vt 0.202533 0.416701
vt 0.154578 0.501818
vt 0.153475 0.514893
vt 0.160915 0.523733
vt 0.191136 0.475466
vt 0.203636 0.486500
vt 0.211293 0.475018
vt 0.240532 0.464002
vt 0.227345 0.482132
vt 0.219369 0.499848
vt 0.256225 0.429681
vt 0.236721 0.483382
vt 0.230057 0.427712
vt 0.228697 0.409568
vt 0.237419 0.512749
vt 0.236905 0.498051
vt 0.253443 0.411589
vt 0.265211 0.425423
vt 0.242852 0.486579
vt 0.185964 0.539492
vt 0.272968 0.402350
vt 0.177318 0.397362
vt 0.120746 0.395580
vt 0.124098 0.385315
vt 0.101311 0.434851
vt 0.224006 0.414220
vt 0.215673 0.411151
vt 0.228679 0.400712
vt 0.228058 0.392559
vt 0.197894 0.411067
vt 0.210982 0.395525
vt 0.209985 0.380702
vt 0.198208 0.393817
vt 0.095125 0.428833
vt 0.086556 0.448154
vt 0.226398 0.493408
vt 0.149321 0.384716
vt 0.141099 0.377084
vt 0.132202 0.375063
vt 0.186242 0.408419
vt 0.154965 0.534737
vt 0.146874 0.547137
vt 0.177135 0.474926
vt 0.174745 0.532820
vt 0.185002 0.555060
vt 0.172291 0.556936
vt 0.185376 0.573596
vt 0.161118 0.569276
vt 0.174888 0.579452
vt 0.224114 0.560560
vt 0.217487 0.538766
vt 0.207107 0.549018
vt 0.202087 0.534251
vt 0.194536 0.550305
vt 0.161134 0.534135
vt 0.172435 0.403522
vt 0.180598 0.412642
vt 0.191462 0.399150
vt 0.247276 0.464436
vt 0.131046 0.381562
vt 0.207795 0.421362
vt 0.107572 0.624297
vt 0.214886 0.587581
vt 0.270649 0.908954
vt 0.250178 0.899608
vt 0.249692 0.895472
vt 0.237219 0.891299
vt 0.232589 0.893820
vt 0.224684 0.888670
vt 0.213580 0.888110
vt 0.208600 0.885309
vt 0.197132 0.885393
vt 0.273021 0.907400
vt 0.285524 0.915925
vt 0.192891 0.883897
vt 0.179393 0.884579
vt 0.180792 0.886467
vt 0.155130 0.885811
vt 0.155307 0.888450
vt 0.138256 0.891114
vt 0.128978 0.891858
vt 0.117072 0.898767
vt 0.116979 0.895940
vt 0.097645 0.904801
vt 0.193289 0.890170
vt 0.204293 0.890954
vt 0.148384 0.893159
vt 0.138855 0.895362
vt 0.213522 0.892364
vt 0.123466 0.900005
vt 0.107696 0.905345
vt 0.086590 0.915925
vt 0.223598 0.894537
vt 0.182409 0.890159
vt 0.168762 0.890704
vt 0.156172 0.891816
vt 0.232382 0.896669
vt 0.243801 0.900493
vt 0.101865 0.901111
vt 0.086656 0.909075
vt 0.929132 0.394491
vt 0.932669 0.387275
vt 0.926747 0.388789
vt 0.936790 0.391618
vt 0.921917 0.398132
vt 0.918289 0.386566
vt 0.937924 0.388201
vt 0.943606 0.390733
vt 0.912485 0.398132
vt 0.908970 0.392852
vt 0.977204 0.678301
vt 0.983921 0.677138
vt 0.981483 0.671817
vt 0.974291 0.671481
vt 0.986234 0.684535
vt 0.972281 0.663044
vt 0.984039 0.692616
vt 0.978124 0.664483
vt 0.974995 0.655765
vt 0.969110 0.656110
vt 0.969534 0.652067
vt 0.971744 0.645813
vt 0.966861 0.644994
vt 0.971716 0.643061
vt 0.964568 0.635642
vt 0.968024 0.628917
vt 0.963959 0.630884
vt 0.963967 0.627384
vt 0.967399 0.620966
vt 0.962911 0.622169
vt 0.962957 0.618117
vt 0.967406 0.615694
vt 0.962326 0.612564
vt 0.966399 0.608315
vt 0.961790 0.606516
vt 0.966522 0.600767
vt 0.963823 0.592695
vt 0.967538 0.583276
vt 0.964540 0.565857
vt 0.968737 0.561300
vt 0.966690 0.550072
vt 0.970684 0.547124
vt 0.961397 0.583103
vt 0.961578 0.592241
vt 0.961368 0.595641
vt 0.961591 0.600562
vt 0.972845 0.534333
vt 0.975902 0.534671
vt 0.980704 0.519604
vt 0.981245 0.512765
vt 0.986234 0.508452
vt 0.371670 0.079603
vt 0.375988 0.080287
vt 0.375271 0.064394
vt 0.372106 0.100082
vt 0.374885 0.103910
vt 0.372104 0.119161
vt 0.375429 0.124110
vt 0.377886 0.056630
vt 0.377197 0.031199
vt 0.374165 0.049444
vt 0.375531 0.030838
vt 0.376446 0.021797
vt 0.377886 0.097782
vt 0.991992 0.684835
vt 0.994227 0.728044
vt 0.993991 0.688326
vt 0.993549 0.658519
vt 0.991563 0.665988
vt 0.991679 0.641589
vt 0.994227 0.631263
vt 0.991683 0.624275
vt 0.992452 0.616993
vt 0.992316 0.716916
vt 0.992199 0.745833
vt 0.993711 0.747992
vt 0.993101 0.761121
vt 0.322075 0.944415
vt 0.302334 0.930610
vt 0.313218 0.935119
vt 0.327527 0.945139
vt 0.343363 0.960176
vt 0.297219 0.925694
vt 0.281065 0.919488
vt 0.319676 0.947639
vt 0.351243 0.969306
vt 0.304678 0.938561
vt 0.277341 0.919297
vt 0.280873 0.925281
vt 0.258979 0.915745
vt 0.261697 0.913564
vt 0.247392 0.908281
vt 0.245028 0.911401
vt 0.229777 0.905400
vt 0.234289 0.908856
vt 0.220693 0.907641
vt 0.209990 0.906225
vt 0.216022 0.902775
vt 0.199561 0.901720
vt 0.198080 0.904891
vt 0.186892 0.904067
vt 0.183763 0.900535
vt 0.177299 0.903434
vt 0.169617 0.900931
vt 0.169440 0.903189
vt 0.160088 0.905005
vt 0.268719 0.913421
vt 0.148443 0.905428
vt 0.146385 0.908852
vt 0.130504 0.909628
vt 0.137487 0.910822
vt 0.125019 0.914810
vt 0.112682 0.918476
vt 0.105114 0.918356
vt 0.096634 0.925451
vt 0.083972 0.928508
vt 0.086538 0.931902
vt 0.079965 0.935009
vt 0.073950 0.934718
vt 0.337137 0.962066
vt 0.123316 0.909670
vt 0.081909 0.925205
vt 0.068628 0.934241
vt 0.061244 0.942082
vt 0.056725 0.950576
vt 0.053538 0.950541
vt 0.037744 0.969306
vt 0.091961 0.920100
vt 0.144454 0.903426
vt 0.132613 0.906370
vt 0.171503 0.908016
vt 0.202194 0.899403
vt 0.162141 0.913756
vt 0.156085 0.900895
vt 0.230021 0.901867
vt 0.145953 0.913693
vt 0.153880 0.919574
vt 0.137816 0.923183
vt 0.170865 0.915146
vt 0.171539 0.898132
vt 0.917675 0.992135
vt 0.925252 0.996236
vt 0.918701 0.997047
vt 0.905419 0.995861
vt 0.903481 0.992456
vt 0.886742 0.994906
vt 0.931550 0.992709
vt 0.932497 0.996547
vt 0.895198 0.991621
vt 0.947859 0.992792
vt 0.945748 0.997693
vt 0.960697 0.994357
vt 0.967991 0.999555
vt 0.959322 0.998995
vt 0.970973 0.996684
vt 0.979568 0.998608
vt 0.951939 0.998304
vt 0.980218 0.994902
vt 0.986864 0.998789
vt 0.979175 0.975992
vt 0.959399 0.969723
vt 0.962689 0.956316
vt 0.976182 0.945358
vt 0.964770 0.935283
vt 0.973204 0.923302
vt 0.860126 0.913782
vt 0.862938 0.903207
vt 0.880704 0.913863
vt 0.876636 0.895420
vt 0.870198 0.930474
vt 0.860038 0.931411
vt 0.860984 0.878993
vt 0.883989 0.883087
vt 0.882582 0.868713
vt 0.872008 0.851814
vt 0.883189 0.848856
vt 0.868054 0.847560
vt 0.853291 0.863764
vt 0.857187 0.851403
vt 0.847185 0.847004
vt 0.846690 0.930152
vt 0.845261 0.907716
vt 0.850368 0.907636
vt 0.851136 0.887337
vt 0.842196 0.963754
vt 0.871594 0.965054
vt 0.850551 0.977113
vt 0.874292 0.979010
vt 0.862417 0.987082
vt 0.881852 0.947345
vt 0.874443 0.992276
vt 0.847270 0.990909
vt 0.858935 0.992332
vt 0.883822 0.989743
vt 0.891694 0.902549
vt 0.836851 0.848916
vt 0.841540 0.864724
vt 0.835819 0.869383
vt 0.829510 0.989902
vt 0.836162 0.945485
vt 0.831027 0.924618
vt 0.835219 0.886304
vt 0.829344 0.947591
vt 0.818303 0.930576
vt 0.824259 0.967956
vt 0.891158 0.959994
vt 0.897243 0.929795
vt 0.894650 0.871441
vt 0.896358 0.890472
vt 0.889529 0.973310
vt 0.897110 0.852924
vt 0.899637 0.847982
vt 0.905135 0.953942
vt 0.823089 0.908919
vt 0.823821 0.887935
vt 0.828416 0.873062
vt 0.813409 0.890089
vt 0.813107 0.916447
vt 0.806989 0.876887
vt 0.818010 0.867158
vt 0.821348 0.863077
vt 0.834338 0.862000
vt 0.822363 0.852519
vt 0.815403 0.849379
vt 0.807908 0.975647
vt 0.807130 0.961337
vt 0.817224 0.955721
vt 0.809739 0.944085
vt 0.803934 0.864725
vt 0.800084 0.887946
vt 0.813574 0.994631
vt 0.799824 0.991620
vt 0.823631 0.994198
vt 0.795713 0.944414
vt 0.791992 0.934947
vt 0.801370 0.926438
vt 0.797278 0.918547
vt 0.801816 0.848889
vt 0.790609 0.877876
vt 0.791710 0.896172
vt 0.788293 0.964793
vt 0.788550 0.987875
vt 0.784945 0.906656
vt 0.790334 0.853195
vt 0.831610 0.994544
vt 0.840807 0.993960
vt 0.780539 0.850052
vt 0.779812 0.887242
vt 0.774407 0.861792
vt 0.779284 0.945602
vt 0.776691 0.955124
vt 0.774688 0.929669
vt 0.775635 0.900984
vt 0.781493 0.868510
vt 0.775032 0.963194
vt 0.776281 0.978127
vt 0.782017 0.994719
vt 0.791753 0.994707
vt 0.802334 0.995274
vt 0.768809 0.850080
vt 0.910247 0.895886
vt 0.914247 0.933266
vt 0.902354 0.983933
vt 0.907563 0.875531
vt 0.920125 0.980367
vt 0.919447 0.946794
vt 0.913856 0.862135
vt 0.914078 0.849885
vt 0.921976 0.882079
vt 0.880338 0.993082
vt 0.921648 0.897306
vt 0.915815 0.908653
vt 0.934276 0.863426
vt 0.922220 0.923312
vt 0.922123 0.850667
vt 0.932002 0.903830
vt 0.936110 0.852004
vt 0.935250 0.871589
vt 0.943249 0.886232
vt 0.930015 0.985987
vt 0.933569 0.940057
vt 0.938339 0.926180
vt 0.818537 0.844136
vt 0.883402 0.842952
vt 0.898427 0.836634
vt 0.913316 0.836776
vt 0.883793 0.836363
vt 0.872525 0.841955
vt 0.868049 0.836220
vt 0.855085 0.835854
vt 0.853581 0.842554
vt 0.837316 0.843176
vt 0.845740 0.835859
vt 0.825785 0.835891
vt 0.813389 0.836287
vt 0.799337 0.843956
vt 0.802900 0.836712
vt 0.794148 0.837050
vt 0.787462 0.844519
vt 0.785195 0.837336
vt 0.777783 0.837691
vt 0.771168 0.844910
vt 0.771177 0.838168
vt 0.762323 0.838799
vt 0.765691 0.938447
vt 0.766781 0.875332
vt 0.764596 0.914310
vt 0.762640 0.891873
vt 0.764417 0.904489
vt 0.768840 0.990066
vt 0.753594 0.865078
vt 0.755438 0.851356
vt 0.758137 0.968891
vt 0.757997 0.954772
vt 0.757100 0.846439
vt 0.751672 0.839429
vt 0.941686 0.912983
vt 0.943704 0.975726
vt 0.946879 0.868140
vt 0.949822 0.851937
vt 0.948646 0.962542
vt 0.919645 0.845110
vt 0.930827 0.837740
vt 0.951112 0.894604
vt 0.954111 0.936049
vt 0.943126 0.948062
vt 0.938882 0.846509
vt 0.962467 0.917393
vt 0.958615 0.878388
vt 0.963536 0.864802
vt 0.964716 0.853405
vt 0.943495 0.838620
vt 0.962935 0.901029
vt 0.971962 0.880090
vt 0.979857 0.902335
vt 0.976197 0.854821
vt 0.978166 0.867425
vt 0.957830 0.839410
vt 0.984928 0.877860
vt 0.776816 0.996097
vt 0.768745 0.996563
vt 0.761154 0.994799
vt 0.985419 0.855697
vt 0.996004 0.875344
vt 0.969532 0.840222
vt 0.978778 0.847052
vt 0.982893 0.841425
vt 0.758629 0.997609
vt 0.745560 0.997039
vt 0.746134 0.999555
vt 0.994051 0.848802
vt 0.994182 0.842212
vt 0.591177 0.965109
vt 0.597072 0.966637
vt 0.599054 0.955961
vt 0.589947 0.957544
vt 0.603536 0.958440
vt 0.602421 0.966637
vt 0.610173 0.956453
vt 0.617673 0.959995
vt 0.589004 0.962848
vt 0.583037 0.961817
vt 0.680930 0.266689
vt 0.682712 0.259051
vt 0.673623 0.265272
vt 0.677783 0.271251
vt 0.686966 0.267739
vt 0.674820 0.271504
vt 0.685754 0.256980
vt 0.681171 0.248982
vt 0.683546 0.272353
vt 0.682372 0.273595
vt 0.688079 0.273595
vt 0.676833 0.276082
vt 0.685865 0.246004
vt 0.683294 0.234494
vt 0.684193 0.230459
vt 0.679707 0.227411
vt 0.683835 0.219351
vt 0.685371 0.276466
vt 0.687380 0.280218
vt 0.680261 0.279158
vt 0.756435 0.161192
vt 0.771798 0.165943
vt 0.765517 0.147453
vt 0.783293 0.152294
vt 0.788017 0.173049
vt 0.801509 0.160528
vt 0.783930 0.130082
vt 0.804776 0.144140
vt 0.760612 0.138700
vt 0.805503 0.131349
vt 0.744438 0.144429
vt 0.741660 0.162007
vt 0.714711 0.159417
vt 0.727179 0.137688
vt 0.711691 0.145740
vt 0.822619 0.131384
vt 0.810320 0.157011
vt 0.818518 0.166925
vt 0.823937 0.147243
vt 0.805607 0.178823
vt 0.714035 0.172509
vt 0.741255 0.175578
vt 0.683856 0.153004
vt 0.684888 0.167996
vt 0.762996 0.185077
vt 0.783658 0.182946
vt 0.683244 0.179055
vt 0.736982 0.185902
vt 0.710951 0.183218
vt 0.825599 0.167080
vt 0.797063 0.116140
vt 0.711254 0.134259
vt 0.682905 0.148159
vt 0.687012 0.133606
vt 0.767632 0.124708
vt 0.782912 0.111075
vt 0.750362 0.129034
vt 0.740491 0.122281
vt 0.736238 0.115615
vt 0.713575 0.117227
vt 0.821930 0.116807
vt 0.705077 0.114078
vt 0.688007 0.113232
vt 0.758787 0.111030
vt 0.682082 0.124940
vt 0.680976 0.117806
vt 0.728358 0.102250
vt 0.681905 0.135824
vt 0.823324 0.191119
vt 0.786799 0.199981
vt 0.806674 0.195255
vt 0.774570 0.195945
vt 0.748746 0.198402
vt 0.683543 0.190972
vt 0.772386 0.208689
vt 0.763179 0.211378
vt 0.722752 0.198228
vt 0.742013 0.210650
vt 0.701359 0.201710
vt 0.683701 0.204581
vt 0.713292 0.209452
vt 0.805773 0.206166
vt 0.823099 0.202979
vt 0.827328 0.200024
vt 0.751993 0.102828
vt 0.710979 0.102518
vt 0.822375 0.100869
vt 0.693895 0.104168
vt 0.795963 0.218205
vt 0.788269 0.098121
vt 0.803068 0.099910
vt 0.819141 0.094673
vt 0.824258 0.093280
vt 0.825642 0.130580
vt 0.738798 0.097764
vt 0.783253 0.222660
vt 0.808555 0.216719
vt 0.822224 0.222451
vt 0.757623 0.224034
vt 0.730064 0.223774
vt 0.698697 0.221296
vt 0.678242 0.197246
vt 0.825974 0.222571
vt 0.760247 0.096137
vt 0.746861 0.087880
vt 0.677575 0.187349
vt 0.681214 0.109956
vt 0.826257 0.115555
vt 0.715552 0.093880
vt 0.699031 0.092947
vt 0.695478 0.098776
vt 0.713981 0.232625
vt 0.727089 0.235625
vt 0.749059 0.233742
vt 0.770117 0.231850
vt 0.794534 0.234578
vt 0.800720 0.230961
vt 0.806982 0.234245
vt 0.824050 0.235731
vt 0.801471 0.236139
vt 0.738862 0.242945
vt 0.758183 0.245103
vt 0.782629 0.247054
vt 0.811891 0.244840
vt 0.824800 0.242423
vt 0.701691 0.243012
vt 0.714876 0.242929
vt 0.797010 0.255287
vt 0.680720 0.172852
vt 0.726228 0.249056
vt 0.711637 0.245952
vt 0.680993 0.208658
vt 0.809931 0.258871
vt 0.821087 0.259738
vt 0.749158 0.257903
vt 0.772868 0.251172
vt 0.786562 0.261588
vt 0.770435 0.262129
vt 0.790944 0.267721
vt 0.722768 0.261550
vt 0.802527 0.271816
vt 0.822698 0.269876
vt 0.825147 0.251144
vt 0.732999 0.270381
vt 0.767147 0.273605
vt 0.779291 0.273820
vt 0.755364 0.281597
vt 0.820417 0.084032
vt 0.805654 0.081218
vt 0.819711 0.072799
vt 0.780624 0.083803
vt 0.759259 0.081295
vt 0.795819 0.086768
vt 0.772458 0.069969
vt 0.722524 0.082721
vt 0.800020 0.062400
vt 0.818271 0.061159
vt 0.700684 0.085770
vt 0.704316 0.073969
vt 0.753776 0.066771
vt 0.831363 0.217261
vt 0.831336 0.188036
vt 0.835555 0.193372
vt 0.835523 0.219926
vt 0.836146 0.176303
vt 0.830171 0.163914
vt 0.835725 0.154293
vt 0.830544 0.130028
vt 0.834593 0.130841
vt 0.833198 0.114544
vt 0.829540 0.110166
vt 0.832392 0.098764
vt 0.831624 0.239871
vt 0.836146 0.242931
vt 0.828151 0.092816
vt 0.832025 0.089149
vt 0.827886 0.084574
vt 0.831383 0.081365
vt 0.738024 0.067688
vt 0.787990 0.285558
vt 0.707259 0.272577
vt 0.724137 0.276797
vt 0.762190 0.285415
vt 0.819636 0.282935
vt 0.823383 0.281073
vt 0.776213 0.289661
vt 0.742179 0.282561
vt 0.805845 0.295581
vt 0.791239 0.292555
vt 0.820185 0.306288
vt 0.745525 0.297753
vt 0.718237 0.288761
vt 0.701372 0.282109
vt 0.736738 0.291033
vt 0.821892 0.296369
vt 0.759540 0.300360
vt 0.802112 0.309531
vt 0.795337 0.307456
vt 0.777504 0.305494
vt 0.788447 0.307540
vt 0.835473 0.257084
vt 0.830823 0.267766
vt 0.835140 0.267775
vt 0.686755 0.286620
vt 0.819195 0.315513
vt 0.735605 0.301741
vt 0.833436 0.280847
vt 0.829234 0.278544
vt 0.832687 0.291314
vt 0.796510 0.320833
vt 0.807982 0.324036
vt 0.818909 0.330010
vt 0.748967 0.310538
vt 0.782344 0.322905
vt 0.763544 0.318316
vt 0.711431 0.303977
vt 0.724438 0.316785
vt 0.697114 0.300931
vt 0.698712 0.314227
vt 0.683241 0.307954
vt 0.684603 0.295350
vt 0.683666 0.316593
vt 0.704635 0.328580
vt 0.681414 0.318080
vt 0.733856 0.319021
vt 0.827904 0.302495
vt 0.832318 0.303052
vt 0.831786 0.314148
vt 0.830948 0.323755
vt 0.754395 0.325155
vt 0.743274 0.328746
vt 0.680761 0.333953
vt 0.807957 0.338693
vt 0.772922 0.339110
vt 0.762712 0.340191
vt 0.708482 0.338608
vt 0.723749 0.346322
vt 0.698236 0.340575
vt 0.734953 0.335240
vt 0.790115 0.342053
vt 0.712587 0.353645
vt 0.741338 0.347355
vt 0.752489 0.349099
vt 0.697018 0.352122
vt 0.680289 0.344435
vt 0.825827 0.071262
vt 0.776388 0.357598
vt 0.797388 0.352960
vt 0.810650 0.356382
vt 0.725831 0.361765
vt 0.750558 0.360388
vt 0.761421 0.365214
vt 0.815959 0.347567
vt 0.814263 0.364150
vt 0.830288 0.068816
vt 0.822885 0.054424
vt 0.815062 0.052736
vt 0.691484 0.064687
vt 0.687036 0.075897
vt 0.690947 0.080890
vt 0.692766 0.087035
vt 0.687244 0.086741
vt 0.679424 0.084294
vt 0.679080 0.078988
vt 0.680246 0.096283
vt 0.686690 0.095104
vt 0.679997 0.069376
vt 0.690415 0.096275
vt 0.828815 0.055233
vt 0.800512 0.047219
vt 0.779780 0.053879
vt 0.757074 0.053957
vt 0.678925 0.059317
vt 0.725747 0.065880
vt 0.681474 0.053217
vt 0.708695 0.064314
vt 0.820493 0.038943
vt 0.827633 0.044384
vt 0.814562 0.041989
vt 0.739124 0.046723
vt 0.711949 0.044284
vt 0.826267 0.033363
vt 0.772765 0.039117
vt 0.791089 0.046294
vt 0.682300 0.102907
vt 0.027473 0.512919
vt 0.029554 0.505877
vt 0.026275 0.487743
vt 0.030991 0.515569
vt 0.031528 0.487863
vt 0.025286 0.477382
vt 0.031036 0.472539
vt 0.025810 0.463834
vt 0.030629 0.466782
vt 0.028249 0.458835
vt 0.020870 0.474037
vt 0.021962 0.475903
vt 0.022286 0.460986
vt 0.025108 0.453292
vt 0.031528 0.456012
vt 0.007549 0.936298
vt 0.010705 0.953425
vt 0.010711 0.938053
vt 0.009291 0.916815
vt 0.011418 0.916969
vt 0.012929 0.951984
vt 0.013766 0.935761
vt 0.013766 0.967527
vt 0.071525 0.819549
vt 0.063979 0.819366
vt 0.070903 0.823735
vt 0.082530 0.821464
vt 0.057426 0.822404
vt 0.055526 0.818888
vt 0.047630 0.821176
vt 0.087898 0.826068
vt 0.045336 0.818061
vt 0.042185 0.826068
vt 0.096538 0.824441
vt 0.101687 0.821620
vt 0.654707 0.385484
vt 0.652472 0.392421
vt 0.660735 0.384432
vt 0.661661 0.378097
vt 0.669723 0.372743
vt 0.666097 0.368082
vt 0.674512 0.357934
vt 0.670434 0.356608
vt 0.672673 0.328798
vt 0.667557 0.328354
vt 0.666867 0.301148
vt 0.670776 0.300526
vt 0.671618 0.296517
vt 0.664611 0.276095
vt 0.669504 0.277633
vt 0.664226 0.254291
vt 0.668572 0.253090
vt 0.663341 0.232163
vt 0.667640 0.235702
vt 0.668092 0.228350
vt 0.666150 0.210412
vt 0.662171 0.209244
vt 0.660333 0.193050
vt 0.665168 0.190651
vt 0.659028 0.170329
vt 0.663991 0.174188
vt 0.661774 0.148127
vt 0.663839 0.146544
vt 0.662047 0.128886
vt 0.633998 0.185814
vt 0.621709 0.170648
vt 0.624207 0.211960
vt 0.645828 0.206843
vt 0.644588 0.186070
vt 0.646347 0.234530
vt 0.625467 0.236378
vt 0.644372 0.253428
vt 0.627222 0.257718
vt 0.638255 0.163592
vt 0.649049 0.286712
vt 0.629735 0.288650
vt 0.651557 0.314263
vt 0.632227 0.312368
vt 0.660794 0.336088
vt 0.640880 0.336525
vt 0.624969 0.333442
vt 0.638673 0.145004
vt 0.617229 0.134601
vt 0.615974 0.123278
vt 0.640550 0.120528
vt 0.620034 0.357600
vt 0.644633 0.362526
vt 0.634962 0.383870
vt 0.603751 0.333509
vt 0.615278 0.322884
vt 0.619320 0.307095
vt 0.600714 0.302307
vt 0.615891 0.291130
vt 0.592487 0.360825
vt 0.618173 0.384448
vt 0.592527 0.322825
vt 0.642172 0.151827
vt 0.610903 0.266049
vt 0.605386 0.283868
vt 0.614834 0.236309
vt 0.606856 0.237227
vt 0.603776 0.145256
vt 0.606517 0.204345
vt 0.602512 0.163231
vt 0.607493 0.181153
vt 0.603492 0.117036
vt 0.590959 0.285968
vt 0.592928 0.253791
vt 0.597216 0.220245
vt 0.660597 0.308940
vt 0.632964 0.106308
vt 0.617137 0.085137
vt 0.602165 0.079157
vt 0.635680 0.073983
vt 0.595949 0.374060
vt 0.657056 0.273367
vt 0.656499 0.244914
vt 0.657306 0.230374
vt 0.649767 0.135200
vt 0.646579 0.102748
vt 0.652258 0.172641
vt 0.616207 0.064488
vt 0.601128 0.054699
vt 0.631567 0.391845
vt 0.591113 0.224094
vt 0.598599 0.204933
vt 0.595284 0.189580
vt 0.593739 0.178081
vt 0.591985 0.156355
vt 0.590528 0.134227
vt 0.591317 0.109076
vt 0.608517 0.387567
vt 0.636529 0.050447
vt 0.615062 0.044860
vt 0.633929 0.043336
vt 0.654134 0.197008
vt 0.656115 0.210537
vt 0.589618 0.085690
vt 0.587687 0.053983
vt 0.643887 0.069205
vt 0.598930 0.042301
vt 0.653774 0.143757
vt 0.586865 0.198893
vt 0.588327 0.321204
vt 0.587786 0.293126
vt 0.639808 0.033505
vt 0.586566 0.250608
vt 0.586403 0.229007
vt 0.588184 0.040331
vt 0.614163 0.032366
vt 0.646729 0.049023
vt 0.654542 0.126141
vt 0.584891 0.183598
vt 0.625685 0.030313
vt 0.655797 0.159460
vt 0.655199 0.109518
vt 0.654940 0.089170
vt 0.652912 0.060906
vt 0.601322 0.032973
vt 0.643781 0.035654
vt 0.651026 0.390773
vt 0.588450 0.035182
vt 0.658970 0.047791
vt 0.654874 0.031754
vt 0.614263 0.392794
vt 0.640182 0.017043
vt 0.632988 0.015739
vt 0.623979 0.016640
vt 0.610057 0.028658
vt 0.601780 0.020275
vt 0.588257 0.022407
vt 0.658391 0.067405
vt 0.657471 0.081123
vt 0.665050 0.036659
vt 0.659944 0.025449
vt 0.652487 0.020869
vt 0.659928 0.112177
vt 0.660870 0.091554
vt 0.650161 0.013258
vt 0.637009 0.009342
vt 0.656546 0.011983
vt 0.665464 0.038538
vt 0.668864 0.024988
vt 0.665198 0.016160
vt 0.664980 0.050261
vt 0.662608 0.074094
vt 0.674512 0.019664
vt 0.662907 0.083043
vt 0.662615 0.108999
vt 0.583920 0.313708
vt 0.582488 0.309665
vt 0.583469 0.342686
vt 0.583690 0.280256
vt 0.585639 0.342946
vt 0.586771 0.358292
vt 0.581781 0.252042
vt 0.582016 0.235459
vt 0.581937 0.226422
vt 0.580911 0.201276
vt 0.581487 0.187315
vt 0.580239 0.177019
vt 0.584280 0.168209
vt 0.579756 0.168013
vt 0.579179 0.149511
vt 0.582313 0.138399
vt 0.576805 0.134898
vt 0.577756 0.119622
vt 0.583904 0.124528
vt 0.580172 0.095497
vt 0.574514 0.099737
vt 0.571277 0.081361
vt 0.587147 0.103334
vt 0.579697 0.071762
vt 0.572448 0.068102
vt 0.575365 0.051060
vt 0.576285 0.038701
vt 0.569329 0.035763
vt 0.592352 0.376363
vt 0.563561 0.041293
vt 0.601100 0.387048
vt 0.566418 0.024868
vt 0.575025 0.024458
vt 0.553503 0.031525
vt 0.566360 0.063780
vt 0.586022 0.363327
vt 0.576822 0.014689
vt 0.563396 0.016108
vt 0.550141 0.022763
vt 0.564538 0.053311
vt 0.561225 0.046924
vt 0.558217 0.039725
vt 0.546625 0.029519
vt 0.595268 0.381792
vt 0.579931 0.990658
vt 0.575993 0.988879
vt 0.599911 0.989033
vt 0.561723 0.990658
vt 0.944571 0.401878
vt 0.942349 0.395655
vt 0.939574 0.399478
vt 0.939381 0.405773
vt 0.943408 0.410955
vt 0.946270 0.394573
vt 0.942400 0.415300
vt 0.936102 0.414895
vt 0.938391 0.422434
vt 0.934903 0.426879
vt 0.935182 0.434836
vt 0.941798 0.428024
vt 0.940761 0.436470
vt 0.940524 0.444169
vt 0.940123 0.448318
vt 0.933837 0.450473
vt 0.937293 0.453837
vt 0.934481 0.466632
vt 0.940510 0.460032
vt 0.937705 0.472698
vt 0.940961 0.467607
vt 0.942017 0.473690
vt 0.936822 0.482975
vt 0.942360 0.481973
vt 0.939169 0.488903
vt 0.944650 0.495046
vt 0.944948 0.510902
vt 0.941410 0.509119
vt 0.946270 0.521797
vt 0.943099 0.419228
vt 0.945724 0.501884
vt 0.942438 0.431886
vt 0.942072 0.453780
vt 0.751384 0.436246
vt 0.756217 0.439057
vt 0.751501 0.433749
vt 0.756217 0.431939
vt 0.748224 0.435535
vt 0.822824 0.824288
vt 0.817496 0.821848
vt 0.822824 0.818950
vt 0.456039 0.857079
vt 0.452469 0.850089
vt 0.451445 0.855563
vt 0.456039 0.852701
vt 0.448934 0.857206
vt 0.764167 0.442378
vt 0.763591 0.447687
vt 0.768545 0.437991
vt 0.759239 0.455935
vt 0.763530 0.459504
vt 0.759454 0.474222
vt 0.769484 0.448135
vt 0.756533 0.476564
vt 0.757740 0.509290
vt 0.762398 0.519037
vt 0.759724 0.537549
vt 0.758002 0.538485
vt 0.828821 0.628174
vt 0.818640 0.630483
vt 0.824658 0.644787
vt 0.831587 0.646815
vt 0.831971 0.590875
vt 0.820000 0.617189
vt 0.816297 0.594166
vt 0.824185 0.578118
vt 0.807469 0.579634
vt 0.823942 0.538788
vt 0.801040 0.609912
vt 0.834675 0.550768
vt 0.835442 0.579334
vt 0.804211 0.541110
vt 0.816253 0.523065
vt 0.803972 0.510753
vt 0.823964 0.500595
vt 0.829225 0.518051
vt 0.810611 0.490125
vt 0.825512 0.473928
vt 0.810510 0.467608
vt 0.791560 0.497510
vt 0.782521 0.467044
vt 0.779570 0.492048
vt 0.778342 0.513927
vt 0.791969 0.532782
vt 0.792606 0.575363
vt 0.788340 0.599887
vt 0.790281 0.620384
vt 0.799178 0.628751
vt 0.797026 0.645307
vt 0.784685 0.591744
vt 0.772726 0.583494
vt 0.777860 0.532615
vt 0.782757 0.621154
vt 0.773430 0.613976
vt 0.776203 0.637619
vt 0.768868 0.551591
vt 0.811941 0.638652
vt 0.803334 0.653266
vt 0.813568 0.648469
vt 0.811381 0.667918
vt 0.788263 0.632189
vt 0.804066 0.456500
vt 0.765412 0.623569
vt 0.764754 0.611835
vt 0.799267 0.674769
vt 0.786368 0.655520
vt 0.786665 0.674662
vt 0.776374 0.661003
vt 0.773427 0.682552
vt 0.787264 0.685324
vt 0.780293 0.694994
vt 0.797785 0.698366
vt 0.811202 0.683671
vt 0.812117 0.705639
vt 0.766287 0.649190
vt 0.768191 0.493403
vt 0.766609 0.519953
vt 0.823979 0.699752
vt 0.823676 0.686713
vt 0.835640 0.687707
vt 0.832793 0.709036
vt 0.833660 0.672769
vt 0.822126 0.666179
vt 0.829760 0.663898
vt 0.785817 0.701144
vt 0.820332 0.712738
vt 0.807077 0.728349
vt 0.799324 0.707088
vt 0.785267 0.720016
vt 0.798262 0.724712
vt 0.787948 0.744877
vt 0.782455 0.729332
vt 0.800252 0.746162
vt 0.771200 0.742782
vt 0.827511 0.730371
vt 0.835847 0.740269
vt 0.808253 0.747080
vt 0.817073 0.735800
vt 0.823923 0.752393
vt 0.787601 0.450330
vt 0.797756 0.714935
vt 0.773439 0.715362
vt 0.766250 0.694474
vt 0.761091 0.712437
vt 0.766457 0.665586
vt 0.761839 0.693492
vt 0.762749 0.664956
vt 0.768051 0.722493
vt 0.760602 0.728553
vt 0.821269 0.725770
vt 0.827684 0.454336
vt 0.814243 0.445641
vt 0.759240 0.755193
vt 0.837540 0.641635
vt 0.837948 0.628674
vt 0.769871 0.465571
vt 0.837131 0.661537
vt 0.834890 0.757879
vt 0.835805 0.474778
vt 0.835966 0.512343
vt 0.784370 0.751852
vt 0.773233 0.756641
vt 0.789218 0.767793
vt 0.774206 0.771893
vt 0.804513 0.762173
vt 0.794051 0.780377
vt 0.789153 0.781994
vt 0.783762 0.777739
vt 0.778700 0.789459
vt 0.766612 0.783248
vt 0.825947 0.767254
vt 0.812219 0.774843
vt 0.822462 0.784699
vt 0.818153 0.792388
vt 0.829562 0.792556
vt 0.763706 0.791148
vt 0.763725 0.765687
vt 0.755983 0.766130
vt 0.803706 0.782734
vt 0.798330 0.791546
vt 0.765843 0.572671
vt 0.765582 0.592519
vt 0.807064 0.774634
vt 0.806063 0.433872
vt 0.835260 0.771588
vt 0.763502 0.484111
vt 0.839406 0.598949
vt 0.841449 0.521348
vt 0.756680 0.784784
vt 0.842541 0.461905
vt 0.842400 0.484110
vt 0.786827 0.434082
vt 0.822968 0.436581
vt 0.833592 0.791054
vt 0.841500 0.783471
vt 0.842153 0.789230
vt 0.839868 0.768266
vt 0.764273 0.637911
vt 0.836864 0.448938
vt 0.838096 0.705451
vt 0.839455 0.580535
vt 0.840090 0.559726
vt 0.840717 0.543965
vt 0.754996 0.752171
vt 0.753916 0.743398
vt 0.752513 0.793570
vt 0.749919 0.786481
vt 0.753284 0.779307
vt 0.751107 0.768537
vt 0.748014 0.781442
vt 0.744671 0.790598
vt 0.777592 0.434233
vt 0.764989 0.547499
vt 0.839435 0.740781
vt 0.837706 0.796287
vt 0.846803 0.796205
vt 0.804029 0.426624
vt 0.822833 0.426677
vt 0.787898 0.426601
vt 0.757149 0.717195
vt 0.759190 0.650752
vt 0.771243 0.794779
vt 0.756266 0.699647
vt 0.758793 0.676109
vt 0.761468 0.613317
vt 0.759751 0.591895
vt 0.759834 0.582900
vt 0.758739 0.566467
vt 0.762043 0.630203
vt 0.759040 0.616972
vt 0.826618 0.796689
vt 0.816055 0.796652
vt 0.798036 0.796818
vt 0.773300 0.431714
vt 0.745467 0.797598
vt 0.759251 0.641363
vt 0.759644 0.630957
vt 0.842044 0.669454
vt 0.839147 0.686162
vt 0.842332 0.687383
vt 0.841863 0.707593
vt 0.839520 0.670876
vt 0.840516 0.648408
vt 0.842345 0.734089
vt 0.842891 0.743360
vt 0.842409 0.641724
vt 0.842420 0.625137
vt 0.842768 0.601469
vt 0.844631 0.587391
vt 0.843186 0.573084
vt 0.844352 0.545810
vt 0.845639 0.516002
vt 0.846594 0.476280
vt 0.846803 0.456200
vt 0.840573 0.442394
vt 0.832629 0.432498
vt 0.929396 0.423625
vt 0.916840 0.424822
vt 0.914896 0.423043
vt 0.901865 0.424822
vt 0.036856 0.431939
vt 0.035080 0.424841
vt 0.036856 0.423043
vt 0.880551 0.806495
vt 0.877886 0.800838
vt 0.880551 0.798488
vt 0.434287 0.025356
vt 0.429396 0.027135
vt 0.441829 0.027135
vt 0.384103 0.510231
vt 0.387655 0.510231
vt 0.385762 0.505783
vt 0.026199 0.988879
vt 0.026199 0.993327
vt 0.023535 0.991160
vt 0.023535 0.867883
vt 0.029073 0.870552
vt 0.029751 0.867883
vt 0.907808 0.038701
vt 0.910746 0.036922
vt 0.900977 0.036922
vt 0.538632 0.365214
vt 0.538632 0.367883
vt 0.534192 0.366013
vt 0.099911 0.678381
vt 0.104964 0.680160
vt 0.109680 0.678381
vt 0.112345 0.338523
vt 0.115009 0.338523
vt 0.114039 0.334964
vt 0.829041 0.382117
vt 0.830419 0.383897
vt 0.834369 0.382117
vt 0.831705 0.800267
vt 0.832593 0.803501
vt 0.831705 0.809164
vt 0.667407 0.040480
vt 0.670039 0.042260
vt 0.671847 0.040480
vt 0.877886 0.823399
vt 0.878774 0.826716
vt 0.877886 0.831406
vt 0.898816 0.465747
vt 0.915187 0.464858
vt 0.888544 0.464858
vt 0.191385 0.966637
vt 0.200266 0.966637
vt 0.196409 0.965747
vt 0.930284 0.054590
vt 0.928508 0.057384
vt 0.928508 0.052936
vt 0.216252 0.922153
vt 0.226909 0.922153
vt 0.223192 0.921263
vt 0.357460 0.075263
vt 0.360124 0.057384
vt 0.360124 0.084075
vt 0.580333 0.708630
vt 0.551954 0.710409
vt 0.581261 0.710409
vt 0.031528 0.668594
vt 0.042185 0.668594
vt 0.038209 0.666815
vt 0.860124 0.066054
vt 0.858348 0.067171
vt 0.858348 0.059164
vt 0.307235 0.311683
vt 0.312167 0.306890
vt 0.318944 0.309785
vt 0.302399 0.311446
vt 0.318531 0.316859
vt 0.304645 0.321234
vt 0.323517 0.315468
vt 0.323536 0.305053
vt 0.313365 0.301012
vt 0.306327 0.298910
vt 0.309026 0.323788
vt 0.324713 0.311385
vt 0.306453 0.326693
vt 0.302075 0.303308
vt 0.294996 0.316761
vt 0.294738 0.329871
vt 0.317007 0.296698
vt 0.300250 0.330070
vt 0.294796 0.334151
vt 0.291137 0.331942
vt 0.288209 0.335730
vt 0.285376 0.328299
vt 0.281193 0.330197
vt 0.288476 0.324427
vt 0.284491 0.337067
vt 0.317304 0.323988
vt 0.279448 0.336151
vt 0.276693 0.342972
vt 0.276148 0.335005
vt 0.283118 0.341354
vt 0.289180 0.315542
vt 0.294025 0.321877
vt 0.285439 0.320434
vt 0.324874 0.299888
vt 0.324147 0.294043
vt 0.312016 0.285081
vt 0.321973 0.280662
vt 0.312661 0.279064
vt 0.321519 0.268108
vt 0.326246 0.271150
vt 0.333766 0.262970
vt 0.342855 0.269892
vt 0.340591 0.251909
vt 0.346888 0.257946
vt 0.339189 0.243820
vt 0.351499 0.247633
vt 0.344174 0.231390
vt 0.330905 0.235252
vt 0.336438 0.227190
vt 0.340270 0.219123
vt 0.324451 0.220932
vt 0.350357 0.216089
vt 0.348105 0.205207
vt 0.354415 0.204036
vt 0.364804 0.220861
vt 0.365169 0.213481
vt 0.364601 0.205076
vt 0.370209 0.209333
vt 0.370053 0.203881
vt 0.375126 0.206098
vt 0.373622 0.215526
vt 0.380150 0.213277
vt 0.382718 0.201591
vt 0.378254 0.197873
vt 0.384103 0.197015
vt 0.377286 0.188867
vt 0.381610 0.177821
vt 0.374258 0.180587
vt 0.369622 0.172427
vt 0.369355 0.180185
vt 0.378536 0.163915
vt 0.365645 0.156417
vt 0.362741 0.165819
vt 0.373482 0.155269
vt 0.377536 0.154426
vt 0.375995 0.143229
vt 0.379338 0.223763
vt 0.370455 0.186978
vt 0.367502 0.185704
vt 0.359412 0.191732
vt 0.362630 0.175929
vt 0.349918 0.182132
vt 0.359418 0.173659
vt 0.359288 0.165112
vt 0.345556 0.171728
vt 0.336660 0.174260
vt 0.330069 0.183387
vt 0.335647 0.194171
vt 0.327579 0.196617
vt 0.338431 0.202926
vt 0.327074 0.206142
vt 0.322099 0.198548
vt 0.322364 0.209508
vt 0.339462 0.163748
vt 0.327117 0.164260
vt 0.331800 0.161739
vt 0.317398 0.160416
vt 0.315677 0.170691
vt 0.325239 0.173653
vt 0.321797 0.176389
vt 0.316038 0.182923
vt 0.307388 0.178310
vt 0.313572 0.188798
vt 0.304294 0.188700
vt 0.300796 0.181329
vt 0.297917 0.171234
vt 0.295865 0.182695
vt 0.311865 0.191147
vt 0.298383 0.197301
vt 0.307003 0.167536
vt 0.333076 0.151616
vt 0.323876 0.146294
vt 0.328887 0.142537
vt 0.339838 0.146349
vt 0.339205 0.137738
vt 0.312891 0.140393
vt 0.348889 0.145491
vt 0.327949 0.133520
vt 0.348908 0.133784
vt 0.352003 0.142419
vt 0.356976 0.145919
vt 0.355492 0.153709
vt 0.361748 0.147916
vt 0.359755 0.141989
vt 0.364163 0.147228
vt 0.362074 0.153684
vt 0.364789 0.142319
vt 0.360329 0.133924
vt 0.367167 0.131957
vt 0.362886 0.130005
vt 0.357767 0.125414
vt 0.366584 0.127917
vt 0.357877 0.136327
vt 0.334277 0.128788
vt 0.324403 0.138070
vt 0.312040 0.198158
vt 0.329849 0.171152
vt 0.340327 0.154975
vt 0.348610 0.163999
vt 0.295285 0.190606
vt 0.288400 0.174471
vt 0.287249 0.162843
vt 0.282070 0.166325
vt 0.279642 0.158210
vt 0.271631 0.161287
vt 0.272640 0.153612
vt 0.277501 0.152837
vt 0.275559 0.146097
vt 0.266975 0.148335
vt 0.270525 0.138208
vt 0.258880 0.144437
vt 0.264820 0.133378
vt 0.270235 0.130003
vt 0.267390 0.124136
vt 0.279941 0.137008
vt 0.255129 0.134545
vt 0.256752 0.125040
vt 0.258602 0.115945
vt 0.267596 0.112560
vt 0.259880 0.110567
vt 0.252866 0.114356
vt 0.255672 0.106712
vt 0.249250 0.110534
vt 0.253601 0.102621
vt 0.258816 0.100325
vt 0.254541 0.094879
vt 0.257861 0.088931
vt 0.246419 0.087052
vt 0.248139 0.083303
vt 0.241843 0.083988
vt 0.246064 0.074946
vt 0.239722 0.075470
vt 0.234531 0.081835
vt 0.229785 0.078540
vt 0.229603 0.084659
vt 0.230476 0.088986
vt 0.226572 0.088094
vt 0.230502 0.094967
vt 0.228045 0.098489
vt 0.237148 0.096429
vt 0.224668 0.094950
vt 0.218341 0.095790
vt 0.236717 0.102972
vt 0.240002 0.102437
vt 0.228986 0.106089
vt 0.234087 0.108213
vt 0.238919 0.107682
vt 0.237895 0.111500
vt 0.231742 0.113492
vt 0.222890 0.101905
vt 0.229004 0.072959
vt 0.224921 0.072589
vt 0.224204 0.077519
vt 0.222420 0.087895
vt 0.226879 0.069694
vt 0.223976 0.067955
vt 0.219508 0.072664
vt 0.218153 0.068567
vt 0.214106 0.069345
vt 0.216957 0.060824
vt 0.214076 0.073186
vt 0.210064 0.068816
vt 0.206724 0.069950
vt 0.204779 0.065114
vt 0.203546 0.070340
vt 0.196915 0.065705
vt 0.200506 0.060611
vt 0.195212 0.059914
vt 0.203019 0.056751
vt 0.205474 0.052690
vt 0.199836 0.052378
vt 0.189841 0.055602
vt 0.193056 0.051968
vt 0.186583 0.047609
vt 0.182449 0.050018
vt 0.193515 0.046075
vt 0.191521 0.039958
vt 0.195573 0.039056
vt 0.199757 0.029594
vt 0.203336 0.032610
vt 0.203234 0.042931
vt 0.206485 0.038600
vt 0.208404 0.042953
vt 0.207772 0.047978
vt 0.212005 0.050337
vt 0.213770 0.047647
vt 0.213197 0.042053
vt 0.218019 0.046107
vt 0.217006 0.040706
vt 0.222560 0.042002
vt 0.223996 0.045730
vt 0.231178 0.046255
vt 0.232042 0.041461
vt 0.235084 0.045058
vt 0.236037 0.041960
vt 0.232911 0.034824
vt 0.228810 0.033282
vt 0.237226 0.036075
vt 0.243767 0.038007
vt 0.211551 0.038900
vt 0.190215 0.028649
vt 0.185976 0.038023
vt 0.197369 0.026926
vt 0.194588 0.023268
vt 0.205972 0.016802
vt 0.206471 0.011860
vt 0.213113 0.006929
vt 0.218247 0.006841
vt 0.221455 0.000445
vt 0.217261 0.014116
vt 0.222643 0.007485
vt 0.209673 0.022952
vt 0.183950 0.031196
vt 0.185055 0.042364
vt 0.199608 0.014971
vt 0.185330 0.058055
vt 0.189358 0.062408
vt 0.179519 0.052176
vt 0.173028 0.042962
vt 0.175425 0.040867
vt 0.170795 0.038669
vt 0.171830 0.049968
vt 0.172861 0.059067
vt 0.169431 0.055387
vt 0.167163 0.059169
vt 0.162510 0.054050
vt 0.162916 0.058930
vt 0.162546 0.067386
vt 0.155832 0.053349
vt 0.170711 0.064697
vt 0.169109 0.067420
vt 0.174636 0.072993
vt 0.155958 0.066820
vt 0.156159 0.062432
vt 0.177033 0.066489
vt 0.163489 0.071813
vt 0.164997 0.050698
vt 0.201288 0.046829
vt 0.196191 0.070854
vt 0.192311 0.067570
vt 0.189698 0.070853
vt 0.192022 0.075895
vt 0.184297 0.080742
vt 0.181629 0.075547
vt 0.179016 0.080061
vt 0.179495 0.084680
vt 0.187264 0.085340
vt 0.178442 0.089977
vt 0.175209 0.089202
vt 0.174039 0.083555
vt 0.173611 0.093114
vt 0.168610 0.087007
vt 0.182085 0.090706
vt 0.190959 0.088527
vt 0.200861 0.075558
vt 0.189329 0.080791
vt 0.184581 0.069702
vt 0.177983 0.073595
vt 0.184621 0.065320
vt 0.208137 0.056272
vt 0.179116 0.063422
vt 0.226022 0.057969
vt 0.215592 0.077924
vt 0.219761 0.079084
vt 0.243868 0.052858
vt 0.237150 0.063205
vt 0.235840 0.090407
vt 0.246369 0.093788
vt 0.252383 0.073671
vt 0.256516 0.079916
vt 0.265801 0.071848
vt 0.257474 0.063013
vt 0.269044 0.062453
vt 0.259458 0.056884
vt 0.265178 0.053495
vt 0.261634 0.052241
vt 0.258984 0.043103
vt 0.254620 0.054463
vt 0.246459 0.043509
vt 0.246770 0.050191
vt 0.251079 0.054628
vt 0.263750 0.046210
vt 0.252680 0.040731
vt 0.254158 0.058635
vt 0.269937 0.051297
vt 0.273385 0.055267
vt 0.280818 0.061042
vt 0.278632 0.048795
vt 0.284764 0.047062
vt 0.281079 0.073818
vt 0.291407 0.051626
vt 0.280929 0.043143
vt 0.274106 0.042938
vt 0.288898 0.042931
vt 0.267505 0.081686
vt 0.289286 0.065209
vt 0.248666 0.097333
vt 0.266203 0.106382
vt 0.248532 0.131022
vt 0.246415 0.121369
vt 0.244339 0.129766
vt 0.243759 0.136282
vt 0.236534 0.119277
vt 0.237767 0.123074
vt 0.231713 0.119327
vt 0.234459 0.115718
vt 0.228115 0.114261
vt 0.229051 0.120876
vt 0.255691 0.119872
vt 0.238213 0.131859
vt 0.284110 0.090117
vt 0.272382 0.087474
vt 0.290428 0.084093
vt 0.292455 0.090415
vt 0.299601 0.087340
vt 0.294599 0.078426
vt 0.300626 0.079335
vt 0.314513 0.084806
vt 0.308816 0.094097
vt 0.316749 0.097935
vt 0.318249 0.093560
vt 0.320858 0.083447
vt 0.297365 0.092702
vt 0.313858 0.077205
vt 0.321337 0.078324
vt 0.326398 0.080858
vt 0.329903 0.085847
vt 0.329500 0.077527
vt 0.324452 0.072704
vt 0.336374 0.084301
vt 0.334716 0.090950
vt 0.343306 0.089494
vt 0.346635 0.082650
vt 0.341647 0.078874
vt 0.341229 0.093985
vt 0.331932 0.093240
vt 0.342333 0.099164
vt 0.332353 0.098791
vt 0.338225 0.107330
vt 0.346308 0.104320
vt 0.346278 0.111036
vt 0.352016 0.109999
vt 0.351834 0.115242
vt 0.354797 0.111521
vt 0.357545 0.118133
vt 0.355617 0.123128
vt 0.363714 0.119957
vt 0.362054 0.110245
vt 0.348638 0.120499
vt 0.328158 0.110443
vt 0.325438 0.102339
vt 0.334514 0.074564
vt 0.321477 0.105071
vt 0.316895 0.113590
vt 0.326533 0.119180
vt 0.314887 0.120810
vt 0.312030 0.109150
vt 0.305236 0.122705
vt 0.307840 0.129301
vt 0.303228 0.108305
vt 0.298331 0.119289
vt 0.295984 0.115022
vt 0.287624 0.122232
vt 0.288238 0.114395
vt 0.279372 0.118775
vt 0.287118 0.105494
vt 0.292906 0.107626
vt 0.294436 0.124989
vt 0.320899 0.134040
vt 0.330984 0.121482
vt 0.302418 0.071204
vt 0.309405 0.066636
vt 0.297548 0.064125
vt 0.322498 0.094863
vt 0.250236 0.142936
vt 0.223192 0.037648
vt 0.225576 0.110811
vt 0.220744 0.110504
vt 0.222556 0.115648
vt 0.216520 0.111557
vt 0.227684 0.113303
vt 0.217059 0.117859
vt 0.211693 0.110631
vt 0.210797 0.117053
vt 0.213965 0.122771
vt 0.209742 0.120671
vt 0.205820 0.128400
vt 0.204453 0.122463
vt 0.201031 0.126849
vt 0.199395 0.118509
vt 0.205861 0.135947
vt 0.209998 0.129591
vt 0.210325 0.135941
vt 0.215604 0.132833
vt 0.212719 0.139359
vt 0.197138 0.133141
vt 0.195068 0.130205
vt 0.186351 0.132339
vt 0.189297 0.130201
vt 0.192718 0.126824
vt 0.188426 0.122758
vt 0.207699 0.116500
vt 0.215122 0.125925
vt 0.195844 0.135476
vt 0.184491 0.121823
vt 0.181195 0.128175
vt 0.177393 0.122424
vt 0.179344 0.117041
vt 0.175155 0.116963
vt 0.177948 0.113956
vt 0.174919 0.110313
vt 0.171886 0.121422
vt 0.182334 0.106179
vt 0.187535 0.110380
vt 0.190973 0.103999
vt 0.198444 0.107606
vt 0.186932 0.098202
vt 0.197182 0.100576
vt 0.192309 0.117356
vt 0.173008 0.129992
vt 0.178967 0.131596
vt 0.176131 0.135441
vt 0.170613 0.138214
vt 0.173746 0.141516
vt 0.178900 0.143606
vt 0.169733 0.143785
vt 0.172680 0.149162
vt 0.181834 0.149398
vt 0.186325 0.148074
vt 0.182867 0.141297
vt 0.192082 0.142094
vt 0.193806 0.147099
vt 0.189564 0.151224
vt 0.194249 0.155218
vt 0.197444 0.151333
vt 0.202111 0.148261
vt 0.203567 0.156206
vt 0.199350 0.143099
vt 0.185092 0.158235
vt 0.176199 0.158391
vt 0.174381 0.162194
vt 0.169271 0.155603
vt 0.170413 0.166192
vt 0.172908 0.168583
vt 0.158848 0.165629
vt 0.161046 0.160648
vt 0.163639 0.173886
vt 0.179793 0.178325
vt 0.180979 0.172217
vt 0.183386 0.172827
vt 0.186351 0.168445
vt 0.193115 0.176282
vt 0.193534 0.168328
vt 0.197949 0.173312
vt 0.195192 0.183754
vt 0.205683 0.187334
vt 0.205650 0.172717
vt 0.212480 0.186038
vt 0.213406 0.170501
vt 0.206746 0.201296
vt 0.215718 0.197269
vt 0.224658 0.188496
vt 0.217369 0.207847
vt 0.208618 0.216102
vt 0.216041 0.221937
vt 0.214440 0.231024
vt 0.225936 0.220363
vt 0.201079 0.223822
vt 0.194001 0.231779
vt 0.191839 0.223995
vt 0.187620 0.226005
vt 0.186848 0.214427
vt 0.186493 0.236481
vt 0.197992 0.245315
vt 0.198941 0.241620
vt 0.193571 0.217100
vt 0.178404 0.214651
vt 0.176002 0.231556
vt 0.172702 0.218989
vt 0.163543 0.228070
vt 0.162758 0.213608
vt 0.157626 0.221269
vt 0.159179 0.211403
vt 0.161028 0.202086
vt 0.175879 0.237779
vt 0.169510 0.208857
vt 0.153410 0.215597
vt 0.155573 0.227734
vt 0.169381 0.235313
vt 0.185304 0.245851
vt 0.220727 0.200553
vt 0.231935 0.201937
vt 0.233439 0.196198
vt 0.241167 0.190975
vt 0.249393 0.197172
vt 0.229693 0.179727
vt 0.254000 0.191905
vt 0.247798 0.183361
vt 0.243545 0.178068
vt 0.252120 0.181019
vt 0.238032 0.176755
vt 0.241081 0.207282
vt 0.204368 0.212706
vt 0.201416 0.202981
vt 0.196693 0.197698
vt 0.220748 0.234648
vt 0.231507 0.233092
vt 0.218257 0.245440
vt 0.210665 0.243227
vt 0.224953 0.245522
vt 0.219322 0.251316
vt 0.214651 0.252860
vt 0.222598 0.259079
vt 0.240614 0.243466
vt 0.249380 0.233556
vt 0.246307 0.224029
vt 0.252302 0.243498
vt 0.261701 0.239200
vt 0.261600 0.221959
vt 0.264953 0.225492
vt 0.271385 0.216730
vt 0.271557 0.224214
vt 0.286361 0.216985
vt 0.278413 0.232154
vt 0.258733 0.208483
vt 0.273265 0.209539
vt 0.264224 0.202183
vt 0.271165 0.234856
vt 0.253904 0.217382
vt 0.203967 0.167543
vt 0.193941 0.188150
vt 0.205577 0.247323
vt 0.234987 0.223704
vt 0.204141 0.233142
vt 0.196139 0.203413
vt 0.251820 0.253957
vt 0.186355 0.179833
vt 0.229980 0.208126
vt 0.233219 0.247557
vt 0.203322 0.217851
vt 0.155828 0.172062
vt 0.151175 0.179480
vt 0.163457 0.183056
vt 0.170818 0.187586
vt 0.159694 0.191475
vt 0.173692 0.183358
vt 0.155492 0.158147
vt 0.158772 0.156650
vt 0.240058 0.257191
vt 0.148947 0.165380
vt 0.162278 0.154115
vt 0.182480 0.166109
vt 0.242395 0.213010
vt 0.146273 0.187819
vt 0.142743 0.182078
vt 0.143291 0.175121
vt 0.137035 0.175108
vt 0.137994 0.167281
vt 0.133370 0.169922
vt 0.126080 0.175754
vt 0.127665 0.170674
vt 0.125086 0.166833
vt 0.119336 0.168542
vt 0.118989 0.173669
vt 0.115090 0.168129
vt 0.126947 0.181868
vt 0.116793 0.177701
vt 0.121807 0.165219
vt 0.135648 0.162657
vt 0.135528 0.183505
vt 0.171126 0.192634
vt 0.168560 0.197112
vt 0.215019 0.162993
vt 0.233317 0.166053
vt 0.219167 0.157114
vt 0.233245 0.155740
vt 0.238207 0.163602
vt 0.244110 0.159942
vt 0.223737 0.151308
vt 0.215753 0.151264
vt 0.223925 0.177576
vt 0.110978 0.172784
vt 0.109736 0.162948
vt 0.105248 0.169398
vt 0.104717 0.160911
vt 0.108292 0.153388
vt 0.102967 0.152374
vt 0.101810 0.145279
vt 0.106821 0.139192
vt 0.118835 0.146235
vt 0.114864 0.130437
vt 0.104988 0.129972
vt 0.100590 0.135137
vt 0.123196 0.128687
vt 0.127940 0.140374
vt 0.123469 0.149591
vt 0.134520 0.150736
vt 0.127213 0.153720
vt 0.121886 0.158959
vt 0.136339 0.147551
vt 0.143891 0.154329
vt 0.140356 0.155731
vt 0.135570 0.138644
vt 0.119534 0.124675
vt 0.140660 0.147050
vt 0.131660 0.130428
vt 0.132235 0.123705
vt 0.130306 0.117229
vt 0.138294 0.122520
vt 0.139305 0.113380
vt 0.139434 0.104196
vt 0.143089 0.108793
vt 0.148732 0.104415
vt 0.142187 0.099090
vt 0.148761 0.099235
vt 0.154366 0.102357
vt 0.156827 0.105949
vt 0.142534 0.093135
vt 0.151235 0.108174
vt 0.153672 0.096855
vt 0.133709 0.102555
vt 0.140571 0.129271
vt 0.153531 0.084051
vt 0.159427 0.089760
vt 0.160510 0.095996
vt 0.147100 0.083723
vt 0.143679 0.088589
vt 0.150815 0.079724
vt 0.156505 0.078505
vt 0.135805 0.090626
vt 0.148050 0.076663
vt 0.158956 0.074754
vt 0.149271 0.071355
vt 0.153781 0.068254
vt 0.146790 0.064135
vt 0.145089 0.068957
vt 0.150015 0.061006
vt 0.142753 0.061544
vt 0.165098 0.083057
vt 0.147484 0.073890
vt 0.158476 0.069599
vt 0.132114 0.093160
vt 0.134465 0.083953
vt 0.143036 0.080514
vt 0.130568 0.088071
vt 0.108784 0.118475
vt 0.101761 0.119106
vt 0.099085 0.123728
vt 0.095208 0.116128
vt 0.094588 0.123605
vt 0.102447 0.115763
vt 0.089410 0.116791
vt 0.089451 0.125217
vt 0.090561 0.111822
vt 0.083903 0.115215
vt 0.080662 0.119468
vt 0.087861 0.110755
vt 0.093389 0.104994
vt 0.098374 0.106025
vt 0.100593 0.100592
vt 0.095789 0.097706
vt 0.103000 0.095992
vt 0.099430 0.088553
vt 0.106690 0.100547
vt 0.112829 0.096953
vt 0.111935 0.100105
vt 0.118467 0.100623
vt 0.113998 0.092526
vt 0.117521 0.094490
vt 0.121453 0.086942
vt 0.109797 0.088195
vt 0.116884 0.082675
vt 0.124960 0.082312
vt 0.131124 0.087028
vt 0.127569 0.079212
vt 0.132994 0.079933
vt 0.130601 0.074268
vt 0.123318 0.073185
vt 0.127915 0.067924
vt 0.138245 0.072412
vt 0.112446 0.082865
vt 0.113009 0.075019
vt 0.120891 0.077035
vt 0.122331 0.097656
vt 0.107935 0.092095
vt 0.093470 0.090282
vt 0.089238 0.097420
vt 0.086736 0.091862
vt 0.089677 0.088171
vt 0.084765 0.086766
vt 0.085063 0.079444
vt 0.080068 0.081249
vt 0.076781 0.083493
vt 0.077573 0.074784
vt 0.083802 0.093936
vt 0.079952 0.091025
vt 0.073585 0.089401
vt 0.069670 0.085251
vt 0.071711 0.081430
vt 0.066812 0.082923
vt 0.068059 0.089814
vt 0.064275 0.087625
vt 0.075600 0.095211
vt 0.105681 0.105154
vt 0.089988 0.103602
vt 0.092309 0.085646
vt 0.080927 0.111341
vt 0.083736 0.128262
vt 0.079736 0.107464
vt 0.075024 0.117125
vt 0.076738 0.121632
vt 0.071425 0.119823
vt 0.070918 0.122709
vt 0.063282 0.123391
vt 0.066970 0.126433
vt 0.062687 0.133998
vt 0.068252 0.135871
vt 0.061832 0.139892
vt 0.057000 0.132290
vt 0.057100 0.138371
vt 0.052840 0.133883
vt 0.050858 0.141454
vt 0.052722 0.145773
vt 0.054423 0.148103
vt 0.054806 0.153612
vt 0.047987 0.147840
vt 0.044402 0.147364
vt 0.042809 0.152281
vt 0.051817 0.156690
vt 0.052797 0.160410
vt 0.049033 0.159169
vt 0.058416 0.153938
vt 0.046563 0.155517
vt 0.050496 0.165950
vt 0.060157 0.160085
vt 0.066978 0.155356
vt 0.062780 0.162547
vt 0.070844 0.156906
vt 0.061557 0.151984
vt 0.070179 0.149235
vt 0.076303 0.153560
vt 0.075054 0.164818
vt 0.078219 0.161172
vt 0.083496 0.156907
vt 0.082765 0.150688
vt 0.081491 0.166247
vt 0.076086 0.147907
vt 0.070245 0.162279
vt 0.067018 0.148980
vt 0.058350 0.162372
vt 0.040983 0.148864
vt 0.039604 0.153445
vt 0.031408 0.149766
vt 0.034093 0.156581
vt 0.048416 0.169547
vt 0.041048 0.162024
vt 0.040821 0.166591
vt 0.044420 0.171461
vt 0.048889 0.176039
vt 0.037917 0.165418
vt 0.053426 0.173736
vt 0.038597 0.169849
vt 0.035330 0.175439
vt 0.035001 0.168451
vt 0.037813 0.179497
vt 0.032349 0.178987
vt 0.039428 0.180329
vt 0.030624 0.172297
vt 0.036761 0.185033
vt 0.043616 0.180096
vt 0.046739 0.143503
vt 0.044382 0.141598
vt 0.028027 0.160881
vt 0.023746 0.152011
vt 0.025114 0.144558
vt 0.019012 0.146425
vt 0.022368 0.141823
vt 0.025973 0.136584
vt 0.036029 0.134844
vt 0.038599 0.123806
vt 0.040411 0.135039
vt 0.045002 0.125498
vt 0.046878 0.134000
vt 0.048910 0.138711
vt 0.052362 0.126813
vt 0.050926 0.119066
vt 0.054986 0.122171
vt 0.058736 0.119890
vt 0.051372 0.115412
vt 0.056344 0.113281
vt 0.065913 0.115539
vt 0.064858 0.113649
vt 0.068722 0.110772
vt 0.063539 0.106511
vt 0.063959 0.121173
vt 0.067311 0.119556
vt 0.058722 0.125442
vt 0.046656 0.114065
vt 0.017902 0.160154
vt 0.034207 0.161612
vt 0.038080 0.159926
vt 0.030323 0.165778
vt 0.040488 0.140840
vt 0.039877 0.155890
vt 0.048893 0.142126
vt 0.072078 0.114672
vt 0.067099 0.115102
vt 0.073040 0.109113
vt 0.077170 0.110725
vt 0.113177 0.116624
vt 0.013771 0.160280
vt 0.015122 0.164202
vt 0.008140 0.169989
vt 0.010835 0.175380
vt 0.008167 0.176810
vt 0.010044 0.188626
vt 0.005343 0.185138
vt 0.003107 0.192418
vt 0.005573 0.199467
vt 0.010966 0.194247
vt 0.017705 0.196361
vt 0.021279 0.189568
vt 0.022363 0.193631
vt 0.023801 0.191254
vt 0.027664 0.191622
vt 0.021769 0.197125
vt 0.019004 0.200790
vt 0.024374 0.203262
vt 0.018398 0.203359
vt 0.021275 0.209151
vt 0.027319 0.208164
vt 0.032205 0.207171
vt 0.029488 0.200063
vt 0.036036 0.204173
vt 0.035304 0.207603
vt 0.039610 0.206715
vt 0.034533 0.213636
vt 0.040213 0.212452
vt 0.037943 0.220466
vt 0.040346 0.222443
vt 0.035529 0.226805
vt 0.035526 0.230753
vt 0.042149 0.231437
vt 0.037991 0.235356
vt 0.046545 0.239489
vt 0.051134 0.235873
vt 0.047160 0.229410
vt 0.032441 0.235032
vt 0.026481 0.232039
vt 0.026920 0.239363
vt 0.034673 0.242893
vt 0.023734 0.245103
vt 0.027216 0.247883
vt 0.022082 0.251964
vt 0.026839 0.255155
vt 0.015394 0.259299
vt 0.022576 0.264033
vt 0.033941 0.262387
vt 0.032090 0.254985
vt 0.029415 0.253349
vt 0.033716 0.269179
vt 0.024121 0.275120
vt 0.020610 0.276720
vt 0.036631 0.256628
vt 0.040679 0.256325
vt 0.035287 0.250445
vt 0.010308 0.267937
vt 0.029870 0.279021
vt 0.040718 0.280899
vt 0.049963 0.271231
vt 0.052467 0.281179
vt 0.059381 0.277428
vt 0.054870 0.268500
vt 0.048240 0.264093
vt 0.051893 0.263019
vt 0.050190 0.260082
vt 0.047987 0.257852
vt 0.052376 0.254265
vt 0.056737 0.255746
vt 0.053401 0.248405
vt 0.061387 0.250825
vt 0.056439 0.246285
vt 0.060690 0.261941
vt 0.059279 0.242971
vt 0.056024 0.237004
vt 0.064192 0.243337
vt 0.048306 0.249517
vt 0.058262 0.282706
vt 0.064256 0.278126
vt 0.062273 0.284462
vt 0.069625 0.284642
vt 0.055272 0.287002
vt 0.055808 0.290850
vt 0.065381 0.290292
vt 0.048474 0.294314
vt 0.049387 0.285424
vt 0.047720 0.288463
vt 0.042541 0.293776
vt 0.046377 0.298672
vt 0.051205 0.300792
vt 0.047642 0.302696
vt 0.054450 0.304936
vt 0.044789 0.305991
vt 0.055192 0.311527
vt 0.059286 0.309025
vt 0.060207 0.303784
vt 0.057931 0.296445
vt 0.063156 0.298678
vt 0.064047 0.309402
vt 0.067115 0.299734
vt 0.059848 0.313116
vt 0.065073 0.316492
vt 0.062410 0.319000
vt 0.056545 0.320198
vt 0.055200 0.314375
vt 0.050229 0.324530
vt 0.048839 0.315209
vt 0.051727 0.312760
vt 0.042356 0.320923
vt 0.038871 0.313911
vt 0.046140 0.329064
vt 0.053015 0.329714
vt 0.059586 0.311224
vt 0.049041 0.310394
vt 0.043495 0.302764
vt 0.039612 0.306747
vt 0.039184 0.297490
vt 0.042368 0.300408
vt 0.044133 0.284631
vt 0.068602 0.289615
vt 0.054726 0.297885
vt 0.068613 0.275815
vt 0.065014 0.274322
vt 0.034887 0.293510
vt 0.037038 0.289535
vt 0.031413 0.289919
vt 0.037140 0.284167
vt 0.027159 0.292839
vt 0.029302 0.299024
vt 0.053538 0.284382
vt 0.031808 0.283009
vt 0.045051 0.265661
vt 0.018531 0.245277
vt 0.012377 0.251661
vt 0.011658 0.243923
vt 0.004480 0.246901
vt 0.007710 0.240534
vt 0.012775 0.237607
vt 0.002795 0.239359
vt 0.005228 0.229796
vt 0.017875 0.239652
vt 0.007158 0.256268
vt 0.040736 0.238653
vt 0.025379 0.223838
vt 0.037045 0.242858
vt 0.022384 0.237459
vt 0.021196 0.232762
vt 0.023130 0.227750
vt 0.050812 0.232768
vt 0.045678 0.224500
vt 0.054800 0.228913
vt 0.033082 0.225430
vt 0.045153 0.206274
vt 0.050470 0.204593
vt 0.047176 0.197668
vt 0.041814 0.199923
vt 0.042054 0.195070
vt 0.047094 0.193232
vt 0.041935 0.189739
vt 0.040274 0.191212
vt 0.039201 0.186370
vt 0.036355 0.191479
vt 0.035137 0.186051
vt 0.055153 0.197930
vt 0.055095 0.206370
vt 0.053385 0.210880
vt 0.057212 0.210513
vt 0.049442 0.213475
vt 0.060291 0.203639
vt 0.049707 0.221479
vt 0.041391 0.203656
vt 0.055203 0.190176
vt 0.060437 0.194815
vt 0.058175 0.185242
vt 0.063451 0.184198
vt 0.065737 0.187903
vt 0.069717 0.188725
vt 0.069140 0.194729
vt 0.074517 0.187458
vt 0.069975 0.178463
vt 0.075319 0.194570
vt 0.081517 0.190394
vt 0.075244 0.181549
vt 0.084041 0.180355
vt 0.078922 0.178562
vt 0.077472 0.175992
vt 0.080367 0.200847
vt 0.083059 0.197225
vt 0.085660 0.203254
vt 0.077374 0.207302
vt 0.079598 0.211703
vt 0.074005 0.207485
vt 0.069861 0.218119
vt 0.065983 0.218254
vt 0.069051 0.223990
vt 0.059899 0.218685
vt 0.060364 0.222318
vt 0.066462 0.228508
vt 0.059206 0.230715
vt 0.061837 0.213243
vt 0.067217 0.234692
vt 0.075026 0.220365
vt 0.085262 0.215847
vt 0.089592 0.209436
vt 0.091213 0.202171
vt 0.090134 0.216173
vt 0.091837 0.219719
vt 0.085206 0.222349
vt 0.090785 0.225524
vt 0.095716 0.212472
vt 0.083585 0.225052
vt 0.090688 0.234988
vt 0.086054 0.233536
vt 0.077391 0.227731
vt 0.077838 0.233669
vt 0.080350 0.239967
vt 0.076865 0.240365
vt 0.070969 0.237265
vt 0.072031 0.241322
vt 0.073496 0.249288
vt 0.082179 0.251272
vt 0.066264 0.241077
vt 0.066857 0.236433
vt 0.096704 0.228188
vt 0.084963 0.239012
vt 0.095143 0.238920
vt 0.092554 0.244340
vt 0.105338 0.231042
vt 0.101192 0.241321
vt 0.076462 0.200300
vt 0.072365 0.179872
vt 0.037298 0.195427
vt 0.065687 0.197954
vt 0.029985 0.211915
vt 0.033831 0.210917
vt 0.014807 0.205931
vt 0.021869 0.215879
vt 0.001412 0.201884
vt 0.003942 0.209894
vt 0.008701 0.204940
vt 0.004588 0.218175
vt 0.009033 0.212036
vt 0.011451 0.218680
vt 0.012468 0.221679
vt 0.004992 0.225925
vt 0.000444 0.212564
vt 0.014941 0.216684
vt 0.001898 0.219918
vt 0.014586 0.180011
vt 0.027758 0.197598
vt 0.098549 0.140580
vt 0.094167 0.179537
vt 0.094451 0.188201
vt 0.101578 0.186821
vt 0.101230 0.197644
vt 0.012411 0.273700
vt 0.017025 0.281209
vt 0.187273 0.205819
vt 0.179641 0.201638
vt 0.175791 0.152637
vt 0.186810 0.139707
vt 0.165417 0.135573
vt 0.174429 0.100656
vt 0.197029 0.112869
vt 0.201705 0.110387
vt 0.183550 0.115478
vt 0.168522 0.117426
vt 0.197774 0.118054
vt 0.158182 0.099975
vt 0.183098 0.136319
vt 0.354721 0.106890
vt 0.242171 0.115623
vt 0.117199 0.157092
vt 0.162667 0.078285
vt 0.275960 0.243188
vt 0.150318 0.233660
vt 0.150073 0.227698
vt 0.142506 0.227734
vt 0.147010 0.243288
vt 0.160594 0.246723
vt 0.148887 0.251503
vt 0.162193 0.252776
vt 0.166477 0.248448
vt 0.166764 0.259351
vt 0.160656 0.255502
vt 0.175301 0.253992
vt 0.167467 0.269458
vt 0.177042 0.270996
vt 0.165749 0.276458
vt 0.161880 0.278005
vt 0.160174 0.272659
vt 0.153220 0.257999
vt 0.179997 0.261951
vt 0.183170 0.269743
vt 0.179035 0.276032
vt 0.183808 0.276130
vt 0.185128 0.281693
vt 0.189969 0.282411
vt 0.189764 0.276360
vt 0.185876 0.287532
vt 0.195387 0.284850
vt 0.188877 0.291342
vt 0.176198 0.292980
vt 0.176742 0.287421
vt 0.171361 0.294247
vt 0.183214 0.296968
vt 0.193906 0.291701
vt 0.195035 0.297561
vt 0.200522 0.299466
vt 0.190150 0.298564
vt 0.193523 0.304194
vt 0.200575 0.307112
vt 0.204566 0.303867
vt 0.211150 0.296297
vt 0.214118 0.303323
vt 0.206935 0.309606
vt 0.196452 0.308267
vt 0.216017 0.300096
vt 0.222074 0.307391
vt 0.223671 0.295084
vt 0.229857 0.306748
vt 0.219204 0.315158
vt 0.230073 0.313890
vt 0.236871 0.303831
vt 0.237176 0.291357
vt 0.227381 0.319694
vt 0.214179 0.318429
vt 0.213721 0.324927
vt 0.207431 0.324315
vt 0.202922 0.317400
vt 0.198529 0.323021
vt 0.196435 0.318501
vt 0.193820 0.325242
vt 0.192556 0.318917
vt 0.183888 0.322667
vt 0.187202 0.328002
vt 0.193005 0.332603
vt 0.179692 0.323548
vt 0.177266 0.330279
vt 0.173637 0.329888
vt 0.176712 0.336601
vt 0.175647 0.325630
vt 0.168397 0.328056
vt 0.170055 0.338909
vt 0.175171 0.342340
vt 0.161835 0.342972
vt 0.154653 0.338931
vt 0.185334 0.341377
vt 0.188369 0.337443
vt 0.199626 0.336501
vt 0.163695 0.333714
vt 0.180597 0.320707
vt 0.176538 0.318887
vt 0.199349 0.328007
vt 0.188085 0.334323
vt 0.171130 0.324604
vt 0.189837 0.316551
vt 0.231810 0.327006
vt 0.218265 0.333007
vt 0.215118 0.331326
vt 0.208297 0.337415
vt 0.216272 0.291737
vt 0.170982 0.320886
vt 0.207987 0.329705
vt 0.164937 0.295722
vt 0.166673 0.288355
vt 0.159046 0.293849
vt 0.152976 0.297672
vt 0.159229 0.301323
vt 0.154092 0.304827
vt 0.158459 0.312293
vt 0.146289 0.296664
vt 0.165466 0.308915
vt 0.150486 0.300318
vt 0.155130 0.287633
vt 0.170255 0.300231
vt 0.204228 0.295232
vt 0.181723 0.299842
vt 0.179294 0.282184
vt 0.187916 0.268197
vt 0.183576 0.251757
vt 0.186915 0.256800
vt 0.186187 0.251325
vt 0.191302 0.255379
vt 0.156421 0.279154
vt 0.150487 0.277949
vt 0.149365 0.281892
vt 0.144499 0.280546
vt 0.145577 0.273635
vt 0.165713 0.265272
vt 0.137750 0.245167
vt 0.140642 0.236289
vt 0.250057 0.259646
vt 0.241153 0.263347
vt 0.253611 0.262371
vt 0.246168 0.266265
vt 0.261523 0.153456
vt 0.241226 0.168877
vt 0.224826 0.033516
vt 0.178007 0.247501
vt 0.001097 0.234465
vt 0.252243 0.210763
vt 0.275146 0.039422
vt 0.277180 0.036255
vt 0.266882 0.036518
vt 0.270220 0.030649
vt 0.273144 0.030220
vt 0.096498 0.129309
vt 0.153409 0.137768
vt 0.162914 0.148940
vt 0.191206 0.200903
vt 0.016174 0.234635
vt 0.207039 0.286004
vt 0.188510 0.248423
vt 0.146598 0.269225
vt 0.134105 0.266790
vt 0.143876 0.261997
vt 0.149084 0.266371
vt 0.146966 0.260546
vt 0.150889 0.261588
vt 0.153324 0.267295
vt 0.139941 0.259320
vt 0.304106 0.102099
vt 0.209720 0.252660
vt 0.211023 0.258536
vt 0.304050 0.135089
vt 0.286311 0.155155
vt 0.293978 0.153506
vt 0.264656 0.170328
vt 0.174279 0.203285
vt 0.167202 0.130337
vt 0.235604 0.215422
vt 0.199024 0.138082
vt 0.209675 0.144983
vt 0.201734 0.334189
vt 0.208048 0.333956
vt 0.209097 0.235893
vt 0.296211 0.054925
vt 0.286716 0.073039
vt 0.138338 0.278630
vt 0.140763 0.287416
vt 0.304416 0.058219
vt 0.313147 0.066746
vt 0.312935 0.054587
vt 0.304604 0.050073
vt 0.309279 0.048963
vt 0.301507 0.042601
vt 0.320140 0.059593
vt 0.344280 0.125289
vt 0.209196 0.149415
vt 0.209721 0.144771
vt 0.170215 0.095177
vt 0.047801 0.190625
vt 0.305474 0.150832
vt 0.186378 0.261666
vt 0.233031 0.256437
vt 0.231690 0.263320
vt 0.276860 0.126268
vt 0.084338 0.105923
vt 0.248136 0.271530
vt 0.257038 0.267406
vt 0.263318 0.271058
vt 0.254646 0.279416
vt 0.224035 0.266433
vt 0.021912 0.241270
vt 0.012295 0.261489
vt 0.296956 0.159300
vt 0.145552 0.168771
vt 0.372905 0.228529
vt 0.364570 0.170641
vt 0.372200 0.196024
vt 0.368309 0.146203
vt 0.360987 0.157976
vt 0.377749 0.230535
vt 0.376047 0.237936
vt 0.366863 0.233423
vt 0.369431 0.239130
vt 0.373638 0.244430
vt 0.363040 0.248100
vt 0.368973 0.249215
vt 0.361550 0.252991
vt 0.364169 0.259974
vt 0.362148 0.241402
vt 0.356930 0.242744
vt 0.362278 0.235478
vt 0.140201 0.252687
vt 0.132398 0.251070
vt 0.136909 0.255884
vt 0.133193 0.257218
vt 0.126430 0.250462
vt 0.124823 0.254748
vt 0.119012 0.250497
vt 0.127964 0.245041
vt 0.214181 0.265954
vt 0.211627 0.277287
vt 0.206517 0.271468
vt 0.207039 0.275667
vt 0.202742 0.281255
vt 0.211325 0.285997
vt 0.198826 0.275783
vt 0.221636 0.278374
vt 0.205470 0.263377
vt 0.319932 0.073216
vt 0.244009 0.141054
vt 0.238277 0.147406
vt 0.060143 0.266707
vt 0.196032 0.262648
vt 0.301229 0.137737
vt 0.283661 0.143419
vt 0.067972 0.309120
vt 0.165059 0.089668
vt 0.336753 0.123317
vt 0.189134 0.264347
vt 0.273468 0.104327
vt 0.201831 0.258529
vt 0.204901 0.110389
vt 0.070625 0.229956
vt 0.287869 0.180655
vt 0.264704 0.253775
vt 0.280957 0.251406
vt 0.288425 0.244274
vt 0.278600 0.257673
vt 0.187147 0.113505
vt 0.290956 0.209784
vt 0.257840 0.283198
vt 0.247387 0.289343
vt 0.167837 0.074771
vt 0.171345 0.080561
vt 0.172704 0.077658
vt 0.031282 0.182971
vt 0.027606 0.179486
vt 0.126149 0.115617
vt 0.125923 0.107533
vt 0.124031 0.111036
vt 0.118946 0.105129
vt 0.126359 0.103367
vt 0.128846 0.161419
vt 0.150505 0.154968
vt 0.197208 0.217963
vt 0.288684 0.133367
vt 0.367862 0.225052
vt 0.207053 0.240457
vt 0.118576 0.111538
vt 0.270129 0.045652
vt 0.214631 0.139825
vt 0.195860 0.139539
vt 0.285226 0.035666
vt 0.291309 0.039907
vt 0.169294 0.082386
vt 0.165187 0.083153
vt 0.046423 0.253828
vt 0.044663 0.258230
vt 0.150847 0.221751
vt 0.242087 0.279410
vt 0.368237 0.120849
vt 0.185433 0.089816
vt 0.024633 0.184962
vt 0.041652 0.251386
vt 0.216592 0.022783
vt 0.212096 0.031216
vt 0.188351 0.299928
vt 0.021703 0.186722
vt 0.290901 0.202347
vt 0.169517 0.243234
vt 0.241400 0.152497
vt 0.196324 0.256767
vt 0.185105 0.317891
vt 0.184925 0.310226
vt 0.179094 0.310281
vt 0.028647 0.217122
vt 0.136453 0.081436
vt 0.238337 0.286753
vt 0.242841 0.301971
vt 0.219226 0.086677
vt 0.072855 0.301648
vt 0.133430 0.071417
vt 0.136644 0.067364
vt 0.139983 0.066024
vt 0.118458 0.072074
vt 0.056024 0.263352
vt 0.075961 0.128116
vt 0.055261 0.180193
vt 0.131154 0.065718
vt 0.126064 0.060611
vt 0.130453 0.060297
vt 0.125964 0.053996
vt 0.123889 0.063501
vt 0.119290 0.057499
vt 0.133727 0.057351
vt 0.357392 0.101623
vt 0.199116 0.283131
vt 0.097704 0.084564
vt 0.104509 0.085122
vt 0.101607 0.078102
vt 0.108170 0.084806
vt 0.109632 0.078747
vt 0.110666 0.072596
vt 0.101109 0.067225
vt 0.109979 0.066060
vt 0.102718 0.062985
vt 0.114678 0.063552
vt 0.107917 0.057827
vt 0.113888 0.058126
vt 0.112401 0.054611
vt 0.114812 0.049807
vt 0.103937 0.052078
vt 0.098379 0.070379
vt 0.121354 0.053921
vt 0.121162 0.051548
vt 0.117701 0.047529
vt 0.112749 0.041463
vt 0.104782 0.046436
vt 0.127715 0.053115
vt 0.121036 0.043561
vt 0.117683 0.038118
vt 0.125146 0.042747
vt 0.094375 0.059910
vt 0.088334 0.067993
vt 0.088103 0.063614
vt 0.083127 0.067541
vt 0.079034 0.063015
vt 0.086197 0.058774
vt 0.076735 0.056850
vt 0.071956 0.061684
vt 0.083777 0.053008
vt 0.075285 0.069370
vt 0.091207 0.055115
vt 0.092042 0.049209
vt 0.096852 0.051562
vt 0.141141 0.258102
vt 0.196375 0.162611
vt 0.128575 0.242453
vt 0.023517 0.221112
vt 0.317994 0.192531
vt 0.170921 0.274864
vt 0.178398 0.032702
vt 0.204867 0.242715
vt 0.306740 0.140624
vt 0.298207 0.047948
vt 0.073226 0.078877
vt 0.178742 0.193339
vt 0.235948 0.136732
vt 0.064421 0.209222
vt 0.347307 0.193803
vt 0.332856 0.210972
vt 0.368786 0.198716
vt 0.327360 0.244132
vt 0.358395 0.256473
vt 0.351282 0.236553
vt 0.354768 0.265432
vt 0.337669 0.278376
vt 0.343137 0.289308
vt 0.353724 0.276309
vt 0.329194 0.282330
vt 0.332005 0.298262
vt 0.330861 0.305268
vt 0.107290 0.048792
vt 0.157154 0.131672
vt 0.060909 0.125927
vt 0.313341 0.257087
vt 0.312297 0.231511
vt 0.090921 0.257624
vt 0.347273 0.289395
vt 0.353431 0.282196
vt 0.359279 0.274139
vt 0.352216 0.288585
vt 0.343706 0.298714
vt 0.345998 0.303921
vt 0.341123 0.295361
vt 0.095416 0.155628
vt 0.158379 0.331570
vt 0.152605 0.328335
vt 0.157379 0.323114
vt 0.359549 0.268627
vt 0.044341 0.220149
vt 0.209304 0.034635
vt 0.065822 0.166980
vt 0.052194 0.241931
vt 0.024712 0.164235
vt 0.022142 0.175218
vt 0.027697 0.172370
vt 0.012731 0.200225
vt 0.085109 0.322664
vt 0.061008 0.145695
vt 0.137915 0.211411
vt 0.121363 0.068300
vt 0.161134 0.262329
vt 0.355018 0.129548
vt 0.049296 0.108613
vt 0.160562 0.284683
vt 0.097899 0.057524
vt 0.183669 0.197017
vt 0.196867 0.078381
vt 0.202891 0.081835
vt 0.204952 0.077597
vt 0.210830 0.079624
vt 0.195194 0.081123
vt 0.209840 0.083851
vt 0.213871 0.084261
vt 0.211455 0.087354
vt 0.211011 0.061596
vt 0.239855 0.269601
vt 0.283412 0.264953
vt 0.090199 0.075755
vt 0.150568 0.289889
vt 0.360082 0.199724
vt 0.229693 0.286868
vt 0.222309 0.289122
vt 0.055745 0.166809
vt 0.190898 0.138364
vt 0.074946 0.171168
vt 0.196110 0.268971
vt 0.218749 0.031552
vt 0.173280 0.283263
vt 0.220391 0.053135
vt 0.263503 0.041046
vt 0.149077 0.113225
vt 0.082987 0.219968
vt 0.060110 0.167252
vt 0.030197 0.250913
vt 0.198195 0.212747
vt 0.118868 0.062039
vt 0.142280 0.162413
vt 0.141400 0.074442
vt 0.214546 0.089699
vt 0.210568 0.094803
vt 0.212976 0.102394
vt 0.207304 0.091611
vt 0.373862 0.133312
vt 0.163467 0.329414
vt 0.137786 0.077985
vt 0.168567 0.151448
vt 0.042118 0.241883
vt 0.088204 0.242905
vt 0.164838 0.122058
vt 0.016120 0.220783
vt 0.069804 0.205278
vt 0.016152 0.225553
vt 0.036547 0.305579
vt 0.033429 0.307199
vt 0.104900 0.215885
vt 0.217928 0.105418
vt 0.102261 0.340276
vt 0.081372 0.139058
vt 0.235411 0.278543
vt 0.211785 0.105053
vt 0.130339 0.262313
vt 0.126738 0.265136
vt 0.106848 0.108544
vt 0.280035 0.303987
vt 0.209210 0.141923
vt 0.061679 0.233955
vt 0.072035 0.098649
vt 0.066817 0.096940
vt 0.062247 0.092929
vt 0.062046 0.098426
vt 0.067317 0.102330
vt 0.077772 0.100756
vt 0.135058 0.050317
vt 0.138500 0.056918
vt 0.137871 0.059856
vt 0.144618 0.060984
vt 0.040312 0.287806
vt 0.350018 0.158635
vt 0.290049 0.098421
vt 0.360052 0.229104
vt 0.206662 0.288370
vt 0.073988 0.134741
vt 0.335270 0.309023
vt 0.000799 0.224184
vt 0.202840 0.102203
vt 0.245526 0.105802
vt 0.363046 0.265115
vt 0.205330 0.253621
vt 0.156612 0.110042
vt 0.036641 0.201248
vt 0.153655 0.066141
vt 0.068179 0.073960
vt 0.156233 0.263523
vt 0.207285 0.074548
vt 0.290960 0.290007
vt 0.113243 0.107788
vt 0.092129 0.139486
vt 0.327173 0.291968
vt 0.101824 0.108128
vt 0.167501 0.282485
vt 0.062069 0.174743
vt 0.044059 0.160162
vt 0.052650 0.130160
vt 0.087426 0.263857
vt 0.326233 0.066439
vt 0.119534 0.308047
vt 0.071242 0.200232
vt 0.108387 0.086380
vt 0.212709 0.306785
vt 0.030257 0.175480
vt 0.035860 0.145591
vt 0.224686 0.029209
vt 0.234038 0.030401
vt 0.202874 0.090156
vt 0.222528 0.028200
vt 0.357401 0.261200
vt 0.252981 0.325119
vt 0.196412 0.248539
vt 0.054464 0.108568
vt 0.186820 0.187594
vt 0.027117 0.286498
vt 0.032872 0.218965
vt 0.134278 0.082093
vt 0.071185 0.103868
vt 0.073426 0.104493
vt 0.069192 0.102644
vt 0.063260 0.089583
vt 0.023743 0.291749
vt 0.196902 0.277264
vt 0.056289 0.098987
vt 0.230712 0.141360
vt 0.116136 0.067736
vt 0.111253 0.068765
vt 0.204357 0.115746
vt 0.130827 0.045269
vt 0.135010 0.043538
vt 0.029888 0.223760
vt 0.241626 0.092360
vt 0.046223 0.309982
vt 0.207127 0.314608
vt 0.011755 0.231279
vt 0.175569 0.309926
vt 0.255593 0.026042
vt 0.126382 0.033864
vt 0.131039 0.037684
vt 0.109206 0.276621
vt 0.185689 0.304293
vt 0.136291 0.077402
vt 0.136314 0.032363
vt 0.180001 0.040941
vt 0.051809 0.102579
vt 0.081027 0.095010
vt 0.155575 0.147266
vt 0.059318 0.090143
vt 0.064986 0.200839
vt 0.034576 0.167811
vt 0.029690 0.167050
vt 0.017163 0.213957
vt 0.223366 0.082390
vt 0.213002 0.082685
vt 0.016193 0.230035
vt 0.078689 0.290594
vt 0.194147 0.313136
vt 0.141323 0.043367
vt 0.142654 0.050147
vt 0.144450 0.038650
vt 0.149426 0.033910
vt 0.153213 0.029590
vt 0.144192 0.027458
vt 0.154604 0.024327
vt 0.148287 0.044345
vt 0.160351 0.027478
vt 0.161031 0.033113
vt 0.138325 0.052653
vt 0.165300 0.023323
vt 0.158824 0.019720
vt 0.154737 0.034468
vt 0.154996 0.040433
vt 0.120579 0.064839
vt 0.130440 0.029488
vt 0.204382 0.088851
vt 0.082741 0.098746
vt 0.205850 0.105777
vt 0.175988 0.078700
vt 0.146072 0.055197
vt 0.150560 0.056426
vt 0.289668 0.129905
vt 0.263846 0.090567
vt 0.170418 0.204596
vt 0.160800 0.044406
vt 0.164427 0.034601
vt 0.166688 0.044721
vt 0.042322 0.246598
vt 0.150593 0.037848
vt 0.154990 0.122841
vt 0.165701 0.319805
vt 0.195185 0.085239
vt 0.194369 0.088071
vt 0.193787 0.091657
vt 0.190316 0.093411
vt 0.198597 0.094430
vt 0.199177 0.091808
vt 0.238351 0.089902
vt 0.073494 0.224521
vt 0.117907 0.063277
vt 0.140764 0.071512
vt 0.031082 0.195799
vt 0.227842 0.132679
vt 0.083332 0.170767
vt 0.129386 0.199969
vt 0.281810 0.317492
vt 0.278175 0.319831
vt 0.038787 0.163711
vt 0.296017 0.144792
vt 0.024599 0.180711
vt 0.043058 0.156967
vt 0.091972 0.081555
vt 0.242929 0.111831
vt 0.145856 0.138033
vt 0.282053 0.310837
vt 0.205542 0.089032
vt 0.207432 0.088267
vt 0.211861 0.089361
vt 0.566163 0.355427
vt 0.566163 0.346530
vt 0.561189 0.351899
vt 0.560835 0.347689
vt 0.856572 0.041370
vt 0.845090 0.049769
vt 0.853967 0.049309
vt 0.845027 0.053668
vt 0.846623 0.059332
vt 0.856572 0.061833
vt 0.890618 0.553758
vt 0.898201 0.560053
vt 0.895929 0.551738
vt 0.904373 0.557538
vt 0.907194 0.548441
vt 0.902797 0.543379
vt 0.891708 0.536552
vt 0.887751 0.540144
vt 0.892563 0.551805
vt 0.885559 0.546145
vt 0.879037 0.526235
vt 0.877363 0.548168
vt 0.886285 0.523107
vt 0.885003 0.510386
vt 0.893425 0.518693
vt 0.902309 0.526554
vt 0.874334 0.519481
vt 0.903303 0.517982
vt 0.903087 0.506439
vt 0.898891 0.507495
vt 0.900832 0.497261
vt 0.907194 0.495869
vt 0.905717 0.506622
vt 0.902891 0.490658
vt 0.343267 0.025356
vt 0.345132 0.010129
vt 0.353792 0.009342
vt 0.354796 0.015669
vt 0.339607 0.017267
vt 0.351948 0.025356
vt 0.330817 0.021650
vt 0.146980 0.971975
vt 0.161462 0.966484
vt 0.162078 0.971975
vt 0.154194 0.963968
vt 0.465969 0.037811
vt 0.474689 0.044929
vt 0.464032 0.044929
vt 0.881716 0.404359
vt 0.880551 0.395289
vt 0.888071 0.404359
vt 0.890320 0.391014
vt 0.882327 0.440836
vt 0.868139 0.438901
vt 0.877745 0.432459
vt 0.875644 0.425712
vt 0.867383 0.432047
vt 0.861901 0.440836
vt 0.383215 0.992438
vt 0.383215 0.983541
vt 0.378597 0.984822
vt 0.366341 0.992104
vt 0.039566 0.708017
vt 0.036509 0.703631
vt 0.042912 0.704044
vt 0.033683 0.707305
vt 0.036910 0.700902
vt 0.042533 0.700792
vt 0.042908 0.693039
vt 0.045983 0.692311
vt 0.038178 0.693086
vt 0.042304 0.683584
vt 0.046591 0.684643
vt 0.031829 0.701481
vt 0.021758 0.702783
vt 0.034923 0.713968
vt 0.055246 0.687971
vt 0.053072 0.683905
vt 0.057689 0.680907
vt 0.060071 0.684861
vt 0.060549 0.694921
vt 0.053566 0.703206
vt 0.048845 0.695321
vt 0.051239 0.679842
vt 0.064482 0.690001
vt 0.068847 0.683996
vt 0.065677 0.679359
vt 0.070064 0.676780
vt 0.069164 0.666764
vt 0.059910 0.667273
vt 0.064889 0.662381
vt 0.057686 0.664345
vt 0.055645 0.658780
vt 0.061389 0.655596
vt 0.066161 0.653914
vt 0.063940 0.649296
vt 0.055380 0.646241
vt 0.062183 0.644326
vt 0.061320 0.639533
vt 0.067973 0.639985
vt 0.053627 0.637408
vt 0.050932 0.641235
vt 0.049357 0.634094
vt 0.046050 0.643975
vt 0.043108 0.641270
vt 0.046401 0.633494
vt 0.037512 0.634520
vt 0.039952 0.631499
vt 0.038213 0.627017
vt 0.045794 0.626777
vt 0.032712 0.628259
vt 0.032470 0.636592
vt 0.027371 0.630058
vt 0.028222 0.636144
vt 0.031439 0.640383
vt 0.053438 0.632794
vt 0.051774 0.648211
vt 0.048172 0.650201
vt 0.055685 0.654749
vt 0.051090 0.657049
vt 0.046968 0.657676
vt 0.039601 0.644442
vt 0.059533 0.634110
vt 0.073594 0.671298
vt 0.075376 0.679445
vt 0.081450 0.676081
vt 0.071008 0.683531
vt 0.067800 0.645430
vt 0.074522 0.666558
vt 0.070786 0.688350
vt 0.079667 0.686550
vt 0.070109 0.698004
vt 0.062331 0.698615
vt 0.065330 0.705288
vt 0.072104 0.704752
vt 0.076639 0.703207
vt 0.072830 0.710333
vt 0.061800 0.713282
vt 0.076606 0.708625
vt 0.084257 0.703682
vt 0.080876 0.700453
vt 0.087836 0.707518
vt 0.091118 0.697970
vt 0.094143 0.702348
vt 0.090734 0.711319
vt 0.096037 0.713006
vt 0.100163 0.707536
vt 0.105323 0.703571
vt 0.099271 0.697688
vt 0.110698 0.699907
vt 0.111456 0.696083
vt 0.078672 0.713968
vt 0.063274 0.625000
vt 0.062768 0.633435
vt 0.065809 0.631072
vt 0.071644 0.632118
vt 0.069122 0.635433
vt 0.036045 0.649166
vt 0.048547 0.700819
vt 0.048304 0.705319
vt 0.048522 0.675934
vt 0.077236 0.636170
vt 0.079320 0.630710
vt 0.362243 0.320992
vt 0.374246 0.320828
vt 0.376619 0.333485
vt 0.377542 0.315277
vt 0.360056 0.332319
vt 0.367477 0.308274
vt 0.364182 0.340479
vt 0.376316 0.341147
vt 0.366670 0.346300
vt 0.358666 0.350089
vt 0.353545 0.335657
vt 0.379663 0.349816
vt 0.351243 0.349816
vt 0.369875 0.962149
vt 0.371168 0.956038
vt 0.382327 0.963078
vt 0.357751 0.955071
vt 0.351243 0.963078
vt 0.014654 0.665486
vt 0.023535 0.669217
vt 0.023535 0.653470
vt 0.019271 0.678381
vt 0.940122 0.342527
vt 0.951812 0.351868
vt 0.935613 0.351868
vt 0.949166 0.340302
vt 0.953868 0.340464
vt 0.959591 0.341474
vt 0.773091 0.400801
vt 0.763730 0.389613
vt 0.761168 0.399523
vt 0.759327 0.382257
vt 0.773091 0.377553
vt 0.750820 0.392844
vt 0.749347 0.387163
vt 0.761895 0.372331
vt 0.748224 0.373509
vt 0.756739 0.373146
vt 0.143109 0.944395
vt 0.146092 0.961299
vt 0.135082 0.960620
vt 0.138069 0.952996
vt 0.126073 0.948651
vt 0.125666 0.961299
vt 0.945382 0.624287
vt 0.945382 0.610765
vt 0.935613 0.618280
vt 0.943140 0.633897
vt 0.104352 0.962527
vt 0.098290 0.960953
vt 0.088665 0.949733
vt 0.082239 0.954638
vt 0.078881 0.959053
vt 0.093255 0.965747
vt 0.085587 0.962896
vt 0.076767 0.965747
vt 0.069716 0.963516
vt 0.823712 0.413256
vt 0.824487 0.422499
vt 0.830817 0.414573
vt 0.830817 0.424822
vt 0.064568 0.885053
vt 0.067111 0.884047
vt 0.076821 0.899366
vt 0.058938 0.880590
vt 0.065079 0.878842
vt 0.068974 0.877067
vt 0.063129 0.873738
vt 0.059015 0.876689
vt 0.057938 0.887972
vt 0.053885 0.882830
vt 0.051996 0.875296
vt 0.047447 0.886161
vt 0.046358 0.879874
vt 0.043544 0.875323
vt 0.048988 0.871441
vt 0.050335 0.891845
vt 0.055723 0.892347
vt 0.046674 0.894490
vt 0.055927 0.907918
vt 0.043321 0.907918
vt 0.037744 0.899490
vt 0.039406 0.871637
vt 0.868117 0.411294
vt 0.861632 0.411294
vt 0.861012 0.403470
vt 0.861487 0.422153
vt 0.133659 0.877529
vt 0.126061 0.872267
vt 0.127134 0.877669
vt 0.128969 0.869726
vt 0.123002 0.864057
vt 0.133659 0.858986
vt 0.480906 0.920847
vt 0.487123 0.925712
vt 0.487123 0.917459
vt 0.482862 0.916815
vt 0.080373 0.640125
vt 0.068828 0.645730
vt 0.080373 0.653470
vt 0.073211 0.653207
vt 0.437784 0.967543
vt 0.431004 0.976241
vt 0.427065 0.970280
vt 0.435712 0.974671
vt 0.430300 0.962527
vt 0.420635 0.960409
vt 0.420795 0.966014
vt 0.420191 0.971963
vt 0.440053 0.977548
vt 0.418107 0.966303
vt 0.414500 0.974662
vt 0.416948 0.977573
vt 0.412999 0.981588
vt 0.402336 0.979923
vt 0.409027 0.986210
vt 0.396802 0.983600
vt 0.397680 0.976472
vt 0.393872 0.977497
vt 0.409906 0.971065
vt 0.414063 0.968928
vt 0.439085 0.970231
vt 0.439033 0.986210
vt 0.883695 0.358096
vt 0.888544 0.364324
vt 0.877886 0.364324
vt 0.878927 0.358569
vt 0.337922 0.901015
vt 0.343250 0.909698
vt 0.343250 0.898587
vt 0.338065 0.896352
vt 0.016154 0.365988
vt 0.012877 0.366103
vt 0.014315 0.357206
vt 0.020832 0.357447
vt 0.021724 0.365258
vt 0.025753 0.361543
vt 0.029751 0.366103
vt 0.386767 0.979982
vt 0.371670 0.979982
vt 0.384523 0.971975
vt 0.373454 0.973005
vt 0.053730 0.761121
vt 0.050178 0.761328
vt 0.053730 0.770907
vt 0.050188 0.767970
vt 0.300759 0.884786
vt 0.305062 0.880301
vt 0.299734 0.876194
vt 0.305062 0.869662
vt 0.806838 0.383897
vt 0.803354 0.384457
vt 0.802398 0.391014
vt 0.806838 0.390552
vt 0.311279 0.972602
vt 0.319272 0.968416
vt 0.319259 0.976424
vt 0.313246 0.976424
vt 0.323032 0.908263
vt 0.325488 0.915036
vt 0.315360 0.913334
vt 0.314301 0.908977
vt 0.320064 0.904579
vt 0.313664 0.904199
vt 0.307574 0.907421
vt 0.307897 0.901690
vt 0.301879 0.902887
vt 0.300587 0.907223
vt 0.307874 0.911258
vt 0.297957 0.915036
vt 0.751461 0.593861
vt 0.757993 0.598310
vt 0.743783 0.598310
vt 0.060796 0.026834
vt 0.067940 0.019661
vt 0.059059 0.017349
vt 0.067940 0.033363
vt 0.107016 0.008454
vt 0.094454 0.006673
vt 0.100672 0.016206
vt 0.091515 0.018385
vt 0.083037 0.008041
vt 0.107016 0.033363
vt 0.091295 0.029823
vt 0.087478 0.802046
vt 0.087478 0.794929
vt 0.082149 0.800780
vt 0.419213 0.889776
vt 0.424067 0.895044
vt 0.423377 0.887334
vt 0.421184 0.896352
vt 0.420387 0.886391
vt 0.412102 0.890669
vt 0.412824 0.882267
vt 0.414836 0.875530
vt 0.411634 0.876936
vt 0.424067 0.874110
vt 0.014654 0.433294
vt 0.021758 0.441200
vt 0.021758 0.429617
vt 0.018974 0.446174
vt 0.018626 0.425712
vt 0.950313 0.743207
vt 0.947689 0.751190
vt 0.956927 0.752224
vt 0.952920 0.740462
vt 0.956927 0.739862
vt 0.944738 0.735320
vt 0.943606 0.740182
vt 0.976465 0.478203
vt 0.969523 0.477750
vt 0.969890 0.473754
vt 0.964941 0.474886
vt 0.964920 0.478203
vt 0.180728 0.936590
vt 0.191627 0.931096
vt 0.185469 0.939947
vt 0.192729 0.935278
vt 0.180841 0.933362
vt 0.189182 0.929270
vt 0.197482 0.934091
vt 0.201233 0.939947
vt 0.206483 0.937064
vt 0.203078 0.931786
vt 0.563244 0.733541
vt 0.555125 0.723638
vt 0.554018 0.732504
vt 0.558647 0.718762
vt 0.567940 0.728539
vt 0.567940 0.719044
vt 0.553730 0.713078
vt 0.831705 0.326068
vt 0.825488 0.331079
vt 0.831461 0.330254
vt 0.831705 0.342082
vt 0.316141 0.009408
vt 0.320494 0.006673
vt 0.317545 0.015569
vt 0.324557 0.006999
vt 0.323716 0.012859
vt 0.328153 0.015569
vt 0.311080 0.008049
vt 0.305950 0.008444
vt 0.796089 0.832609
vt 0.799477 0.828258
vt 0.790828 0.823980
vt 0.796770 0.824536
vt 0.791689 0.832142
vt 0.787122 0.834701
vt 0.791352 0.820076
vt 0.799088 0.816822
vt 0.801745 0.820951
vt 0.794503 0.813776
vt 0.799234 0.806495
vt 0.807726 0.811946
vt 0.783748 0.823421
vt 0.806264 0.821143
vt 0.804807 0.830569
vt 0.807726 0.834964
vt 0.589748 0.930160
vt 0.589254 0.925323
vt 0.597256 0.924822
vt 0.600799 0.930160
vt 0.579485 0.576068
vt 0.579485 0.568061
vt 0.576303 0.573249
vt 0.573268 0.568600
vt 0.174512 0.951632
vt 0.170880 0.944233
vt 0.165601 0.947426
vt 0.164742 0.953594
vt 0.173995 0.953745
vt 0.174321 0.956851
vt 0.174321 0.941726
vt 0.944117 0.684798
vt 0.950710 0.686388
vt 0.948001 0.681270
vt 0.944750 0.679002
vt 0.946629 0.675321
vt 0.940121 0.683577
vt 0.942991 0.662953
vt 0.935558 0.662531
vt 0.933887 0.667804
vt 0.948115 0.671736
vt 0.947591 0.662809
vt 0.944938 0.653190
vt 0.950710 0.657960
vt 0.939382 0.655801
vt 0.941472 0.649021
vt 0.937070 0.672307
vt 0.931172 0.672596
vt 0.965808 0.529187
vt 0.971137 0.521797
vt 0.966710 0.522886
vt 0.971137 0.531584
vt 0.906968 0.373082
vt 0.917555 0.380338
vt 0.905417 0.380338
vt 0.912861 0.372331
vt 0.920515 0.376184
vt 0.892881 0.061899
vt 0.893872 0.069840
vt 0.885531 0.069840
vt 0.884991 0.061833
vt 0.862624 0.566898
vt 0.853020 0.573399
vt 0.854385 0.565391
vt 0.865453 0.573399
vt 0.858348 0.658868
vt 0.852131 0.663983
vt 0.858348 0.668594
vt 0.853893 0.655249
vt 0.628305 0.940836
vt 0.637211 0.950623
vt 0.624442 0.950623
vt 0.623002 0.947637
vt 0.623049 0.940942
vt 0.733639 0.029787
vt 0.739209 0.028915
vt 0.739343 0.036922
vt 0.732238 0.036922
vt 0.370945 0.407028
vt 0.376110 0.402298
vt 0.369005 0.396531
vt 0.376110 0.390125
vt 0.573268 0.478162
vt 0.575933 0.481762
vt 0.575933 0.469306
vt 0.830817 0.357206
vt 0.821048 0.357206
vt 0.829089 0.350272
vt 0.825840 0.344751
vt 0.949822 0.591316
vt 0.943172 0.583763
vt 0.940269 0.588710
vt 0.938277 0.585237
vt 0.943410 0.592972
vt 0.938459 0.582148
vt 0.949822 0.576068
vt 0.694472 0.942797
vt 0.689578 0.938779
vt 0.696864 0.935417
vt 0.698728 0.939569
vt 0.702058 0.937659
vt 0.700521 0.933554
vt 0.701263 0.943005
vt 0.694764 0.948807
vt 0.701202 0.951595
vt 0.708616 0.943141
vt 0.707284 0.950623
vt 0.702907 0.954739
vt 0.696663 0.957815
vt 0.699638 0.961390
vt 0.705339 0.959882
vt 0.704813 0.963372
vt 0.701945 0.967077
vt 0.708000 0.968416
vt 0.694558 0.966161
vt 0.716366 0.964993
vt 0.691845 0.959770
vt 0.711440 0.944465
vt 0.713832 0.947006
vt 0.718417 0.940885
vt 0.719551 0.946450
vt 0.722011 0.942706
vt 0.726323 0.939887
vt 0.720201 0.932829
vt 0.724407 0.945803
vt 0.729574 0.943500
vt 0.708573 0.952726
vt 0.712694 0.938130
vt 0.685909 0.966571
vt 0.687373 0.959430
vt 0.681519 0.962429
vt 0.674512 0.968416
vt 0.709930 0.954581
vt 0.716406 0.955023
vt 0.109571 0.973754
vt 0.104352 0.979041
vt 0.109680 0.979476
vt 0.105880 0.982936
vt 0.109571 0.985320
vt 0.532892 0.699150
vt 0.534192 0.703292
vt 0.526724 0.698843
vt 0.527798 0.701750
vt 0.519982 0.703292
vt 0.015542 0.308067
vt 0.010213 0.303797
vt 0.010968 0.310053
vt 0.011329 0.296091
vt 0.015542 0.291370
vt 0.063499 0.863434
vt 0.070030 0.858986
vt 0.075933 0.863434
vt 0.950710 0.459520
vt 0.943606 0.465102
vt 0.950710 0.471085
vt 0.554980 0.962189
vt 0.562227 0.957858
vt 0.565275 0.962189
vt 0.553730 0.952402
vt 0.553648 0.693194
vt 0.557282 0.700150
vt 0.553145 0.701512
vt 0.549360 0.696109
vt 0.547821 0.691802
vt 0.549920 0.688352
vt 0.544712 0.687147
vt 0.543674 0.693170
vt 0.538512 0.689519
vt 0.540536 0.684609
vt 0.535968 0.696644
vt 0.541723 0.698698
vt 0.536496 0.701512
vt 0.023535 0.028915
vt 0.026720 0.014680
vt 0.028519 0.025739
vt 0.033169 0.020004
vt 0.034192 0.028915
vt 0.031216 0.014720
vt 0.121856 0.982651
vt 0.121226 0.978444
vt 0.128135 0.978203
vt 0.130107 0.982651
vt 0.024423 0.326204
vt 0.030639 0.323747
vt 0.027566 0.318950
vt 0.030524 0.329931
vt 0.025492 0.331969
vt 0.030639 0.333185
vt 0.945621 0.376588
vt 0.941209 0.382854
vt 0.948046 0.387456
vt 0.941170 0.376763
vt 0.948046 0.367883
vt 0.937157 0.380625
vt 0.938006 0.375483
vt 0.942733 0.370327
vt 0.934725 0.372039
vt 0.299734 0.963078
vt 0.299734 0.955071
vt 0.297069 0.957477
vt 0.985892 0.474644
vt 0.986234 0.467374
vt 0.980941 0.470815
vt 0.979130 0.463319
vt 0.985892 0.459520
vt 0.622114 0.973633
vt 0.622840 0.977313
vt 0.627442 0.976133
vt 0.624901 0.969915
vt 0.627442 0.964858
vt 0.275300 0.938167
vt 0.280195 0.946174
vt 0.271891 0.942760
vt 0.269663 0.938254
vt 0.261490 0.941420
vt 0.265620 0.945954
vt 0.258111 0.946174
vt 0.256217 0.942556
vt 0.916963 0.798014
vt 0.920379 0.812722
vt 0.923179 0.800085
vt 0.923179 0.786032
vt 0.018748 0.696174
vt 0.003996 0.696174
vt 0.012457 0.686388
vt 0.027087 0.690037
vt 0.552842 0.293713
vt 0.554195 0.306495
vt 0.566163 0.300945
vt 0.566163 0.284253
vt 0.107016 0.881228
vt 0.085702 0.881228
vt 0.089361 0.868991
vt 0.100646 0.867883
vt 0.774280 0.035142
vt 0.779955 0.023576
vt 0.789964 0.035142
vt 0.771314 0.026295
vt 0.297069 0.881123
vt 0.292114 0.892417
vt 0.297069 0.892794
vt 0.288188 0.888684
vt 0.289706 0.880071
vt 0.290282 0.871441
vt 0.473896 0.724809
vt 0.463785 0.724736
vt 0.471319 0.719350
vt 0.466624 0.733398
vt 0.461266 0.732300
vt 0.457024 0.727620
vt 0.452113 0.734259
vt 0.447008 0.725214
vt 0.438277 0.737989
vt 0.453586 0.723119
vt 0.480999 0.722324
vt 0.482971 0.728003
vt 0.485368 0.722631
vt 0.488162 0.722117
vt 0.489709 0.733513
vt 0.482684 0.736539
vt 0.488562 0.737989
vt 0.493558 0.719303
vt 0.499836 0.729817
vt 0.458381 0.719427
vt 0.479743 0.713968
vt 0.494148 0.736138
vt 0.499951 0.723844
vt 0.503996 0.720705
vt 0.023535 0.623221
vt 0.017318 0.627650
vt 0.017533 0.635620
vt 0.023535 0.632337
vt 0.021777 0.638345
vt 0.420421 0.041370
vt 0.415725 0.030770
vt 0.421403 0.030694
vt 0.413105 0.037638
vt 0.409953 0.033181
vt 0.403641 0.041370
vt 0.515084 0.920397
vt 0.511989 0.924628
vt 0.522647 0.925712
vt 0.522647 0.918594
vt 0.736589 0.737989
vt 0.739428 0.742979
vt 0.745560 0.741902
vt 0.741873 0.749373
vt 0.737614 0.745311
vt 0.733938 0.749915
vt 0.744532 0.756058
vt 0.733126 0.758122
vt 0.739856 0.762900
vt 0.745560 0.762383
vt 0.459591 0.979982
vt 0.463979 0.966637
vt 0.467967 0.974746
vt 0.469361 0.979982
vt 0.923398 0.699786
vt 0.933837 0.709210
vt 0.933837 0.697954
vt 0.923179 0.710409
vt 0.125666 0.737989
vt 0.115897 0.747256
vt 0.124522 0.748933
vt 0.119577 0.757798
vt 0.125666 0.760231
vt 0.020993 0.372331
vt 0.032416 0.378853
vt 0.023813 0.380338
vt 0.014654 0.380338
vt 0.504885 0.957740
vt 0.499556 0.962077
vt 0.504885 0.969306
vt 0.334436 0.925712
vt 0.344257 0.925932
vt 0.345915 0.931050
vt 0.334369 0.931050
vt 0.928869 0.600474
vt 0.934916 0.603648
vt 0.927620 0.603648
vt 0.935613 0.597420
vt 0.407194 0.058274
vt 0.411473 0.054715
vt 0.420515 0.058274
vt 0.114611 0.035142
vt 0.115009 0.026225
vt 0.110568 0.026465
vt 0.114611 0.020018
vt 0.097247 0.841192
vt 0.103360 0.834075
vt 0.111456 0.841192
vt 0.097376 0.835019
vt 0.986234 0.447064
vt 0.986234 0.434609
vt 0.980273 0.437416
vt 0.982119 0.446040
vt 0.973801 0.440827
vt 0.688721 0.935498
vt 0.678986 0.935498
vt 0.682550 0.930376
vt 0.678952 0.927491
vt 0.940760 0.701034
vt 0.946270 0.705071
vt 0.945052 0.697410
vt 0.935613 0.699359
vt 0.940712 0.688255
vt 0.946270 0.688167
vt 0.174512 0.932295
vt 0.179840 0.931782
vt 0.176199 0.922153
vt 0.179840 0.937278
vt 0.006661 0.810053
vt 0.013505 0.806249
vt 0.016430 0.810053
vt 0.007554 0.803826
vt 0.868673 0.000445
vt 0.866341 0.013206
vt 0.870918 0.006905
vt 0.871670 0.011139
vt 0.871670 0.017349
vt 0.900951 0.730872
vt 0.908970 0.733408
vt 0.907106 0.736210
vt 0.896536 0.736210
vt 0.938951 0.008150
vt 0.937389 0.004715
vt 0.945655 0.004894
vt 0.943771 0.008821
vt 0.947494 0.012011
vt 0.950572 0.008292
vt 0.955508 0.004004
vt 0.954123 0.008318
vt 0.961268 0.012011
vt 0.967584 0.005600
vt 0.564387 0.342972
vt 0.564387 0.335854
vt 0.558170 0.340304
vt 0.002220 0.793149
vt 0.011597 0.782048
vt 0.011121 0.792111
vt 0.019094 0.778915
vt 0.017311 0.787080
vt 0.018987 0.793149
vt 0.031528 0.750445
vt 0.020870 0.750445
vt 0.029363 0.745107
vt 0.910583 0.435605
vt 0.921007 0.437725
vt 0.914884 0.436296
vt 0.914279 0.446988
vt 0.919905 0.447785
vt 0.906305 0.440878
vt 0.907711 0.445324
vt 0.920554 0.433422
vt 0.922109 0.444642
vt 0.927620 0.447954
vt 0.927620 0.437391
vt 0.924042 0.431939
vt 0.344730 0.383507
vt 0.344139 0.389966
vt 0.353908 0.392794
vt 0.350965 0.386293
vt 0.347343 0.381162
vt 0.350937 0.384360
vt 0.353908 0.380293
vt 0.350135 0.375000
vt 0.955140 0.692721
vt 0.958908 0.688781
vt 0.951599 0.686388
vt 0.964038 0.696093
vt 0.968472 0.686928
vt 0.967428 0.698561
vt 0.968472 0.706851
vt 0.037744 0.819840
vt 0.016430 0.819840
vt 0.028756 0.813612
vt 0.883215 0.033363
vt 0.876110 0.041170
vt 0.882249 0.042979
vt 0.883215 0.048488
vt 0.733126 0.044039
vt 0.723076 0.036568
vt 0.728557 0.035142
vt 0.720693 0.044039
vt 0.013929 0.312140
vt 0.018371 0.315923
vt 0.019094 0.310943
vt 0.008824 0.315538
vt 0.013814 0.317321
vt 0.019094 0.322509
vt 0.009316 0.311129
vt 0.002220 0.313396
vt 0.018206 0.541370
vt 0.008437 0.541370
vt 0.009359 0.535685
vt 0.017426 0.531584
vt 0.398255 0.041370
vt 0.408082 0.048488
vt 0.395648 0.048488
vt 0.406571 0.043386
vt 0.475592 0.694145
vt 0.467584 0.697954
vt 0.468823 0.688417
vt 0.476465 0.697954
vt 0.473938 0.687078
vt 0.472498 0.682829
vt 0.084833 0.813612
vt 0.089254 0.818270
vt 0.082157 0.818950
vt 0.076821 0.818270
f 1026/1026 1035/1035 1036/1036
f 1026/1026 1036/1036 1037/1037
f 1037/1037 1036/1036 1084/1084
f 996/996 1026/1026 1025/1025
f 1026/1026 1037/1037 1025/1025
f 996/996 966/966 952/952
f 996/996 1025/1025 966/966
f 1025/1025 1069/1069 1068/1068
f 1025/1025 1068/1068 966/966
f 3721/3721 3722/3722 3723/3723
f 952/952 966/966 958/958
f 966/966 967/967 958/958
f 952/952 958/958 935/935
f 935/935 958/958 951/951
f 951/951 958/958 959/959
f 958/958 1046/1046 1011/1011
f 958/958 1011/1011 959/959
f 935/935 951/951 882/882
f 959/959 1011/1011 951/951
f 951/951 1011/1011 1012/1012
f 951/951 939/939 882/882
f 3727/3727 3728/3728 3729/3729
f 882/882 939/939 938/938
f 938/938 939/939 930/930
f 938/938 930/930 929/929
f 929/929 930/930 928/928
f 930/930 980/980 928/928
f 1034/1034 1077/1077 1035/1035
f 1009/1009 1034/1034 1026/1026
f 1034/1034 1035/1035 1026/1026
f 1009/1009 1026/1026 996/996
f 2575/2575 2576/2576 2578/2578
f 990/990 1009/1009 996/996
f 991/991 989/989 936/936
f 990/990 996/996 952/952
f 990/990 952/952 989/989
f 960/960 991/991 936/936
f 960/960 936/936 891/891
f 936/936 989/989 952/952
f 890/890 960/960 891/891
f 891/891 936/936 884/884
f 936/936 952/952 935/935
f 890/890 891/891 835/835
f 835/835 891/891 884/884
f 884/884 936/936 883/883
f 936/936 935/935 883/883
f 883/883 935/935 882/882
f 835/835 884/884 848/848
f 884/884 883/883 848/848
f 883/883 882/882 848/848
f 848/848 882/882 872/872
f 882/882 938/938 872/872
f 872/872 938/938 929/929
f 872/872 929/929 928/928
f 872/872 928/928 914/914
f 914/914 928/928 995/995
f 1075/1075 1065/1065 1076/1076
f 1075/1075 1076/1076 1034/1034
f 1027/1027 1034/1034 1009/1009
f 1019/1019 1027/1027 1009/1009
f 1019/1019 1009/1009 990/990
f 998/998 989/989 991/991
f 998/998 990/990 989/989
f 2578/2578 2576/2576 2577/2577
f 1000/1000 991/991 965/965
f 970/970 1000/1000 965/965
f 965/965 991/991 960/960
f 970/970 965/965 957/957
f 957/957 965/965 890/890
f 965/965 960/960 890/890
f 954/954 957/957 887/887
f 887/887 957/957 890/890
f 887/887 890/890 832/832
f 832/832 890/890 835/835
f 832/832 835/835 833/833
f 833/833 835/835 836/836
f 836/836 835/835 847/847
f 835/835 848/848 847/847
f 836/836 847/847 846/846
f 847/847 848/848 849/849
f 849/849 848/848 852/852
f 852/852 848/848 864/864
f 848/848 872/872 864/864
f 864/864 872/872 873/873
f 873/873 872/872 914/914
f 914/914 995/995 941/941
f 1019/1019 1031/1031 1027/1027
f 1075/1075 1034/1034 1031/1031
f 1018/1018 1020/1020 998/998
f 1020/1020 1019/1019 990/990
f 1020/1020 990/990 998/998
f 2575/2575 2571/2571 2574/2574
f 1000/1000 1018/1018 991/991
f 1018/1018 998/998 991/991
f 999/999 1000/1000 970/970
f 968/968 999/999 970/970
f 968/968 970/970 954/954
f 970/970 957/957 954/954
f 968/968 954/954 953/953
f 953/953 954/954 887/887
f 953/953 887/887 885/885
f 885/885 887/887 841/841
f 887/887 832/832 834/834
f 887/887 834/834 841/841
f 832/832 833/833 834/834
f 834/834 840/840 841/841
f 834/834 833/833 837/837
f 837/837 833/833 836/836
f 837/837 836/836 839/839
f 839/839 836/836 845/845
f 845/845 836/836 846/846
f 846/846 847/847 850/850
f 847/847 849/849 850/850
f 852/852 864/864 859/859
f 864/864 873/873 859/859
f 873/873 914/914 888/888
f 914/914 941/941 888/888
f 1064/1064 1066/1066 1065/1065
f 1020/1020 1032/1032 1019/1019
f 1032/1032 1031/1031 1019/1019
f 1030/1030 1018/1018 1029/1029
f 1023/1023 1029/1029 1000/1000
f 1029/1029 1018/1018 1000/1000
f 1023/1023 1000/1000 999/999
f 1023/1023 999/999 1010/1010
f 964/964 1010/1010 968/968
f 964/964 953/953 955/955
f 964/964 968/968 953/953
f 953/953 885/885 955/955
f 955/955 885/885 886/886
f 885/885 861/861 886/886
f 861/861 885/885 841/841
f 861/861 841/841 842/842
f 842/842 841/841 840/840
f 840/840 843/843 842/842
f 840/840 834/834 838/838
f 843/843 840/840 844/844
f 840/840 838/838 844/844
f 834/834 837/837 838/838
f 837/837 851/851 838/838
f 837/837 839/839 851/851
f 851/851 839/839 845/845
f 845/845 846/846 850/850
f 850/850 849/849 858/858
f 849/849 852/852 858/858
f 845/845 850/850 858/858
f 852/852 859/859 858/858
f 858/858 859/859 871/871
f 859/859 873/873 871/871
f 888/888 941/941 911/911
f 1053/1053 1066/1066 1064/1064
f 1032/1032 1048/1048 1031/1031
f 1048/1048 1053/1053 1031/1031
f 1053/1053 1064/1064 1031/1031
f 1030/1030 1033/1033 1020/1020
f 1033/1033 1032/1032 1020/1020
f 1030/1030 1020/1020 1018/1018
f 1013/1013 1024/1024 1010/1010
f 1013/1013 1010/1010 964/964
f 992/992 969/969 937/937
f 992/992 937/937 994/994
f 993/993 964/964 956/956
f 956/956 964/964 955/955
f 937/937 969/969 910/910
f 969/969 956/956 910/910
f 994/994 937/937 907/907
f 910/910 956/956 886/886
f 956/956 955/955 886/886
f 937/937 910/910 907/907
f 910/910 886/886 862/862
f 907/907 910/910 906/906
f 910/910 862/862 906/906
f 886/886 861/861 862/862
f 907/907 906/906 905/905
f 862/862 861/861 857/857
f 861/861 842/842 857/857
f 1335/1335 1334/1334 1338/1338
f 853/853 842/842 843/843
f 854/854 843/843 844/844
f 844/844 838/838 851/851
f 851/851 845/845 866/866
f 845/845 858/858 865/865
f 866/866 845/845 865/865
f 865/865 858/858 867/867
f 858/858 871/871 867/867
f 867/867 871/871 876/876
f 871/871 881/881 876/876
f 873/873 888/888 871/871
f 871/871 888/888 881/881
f 2528/2528 2519/2519 2521/2521
f 888/888 911/911 881/881
f 1078/1078 1079/1079 1053/1053
f 1053/1053 1079/1079 1080/1080
f 1029/1029 1033/1033 1030/1030
f 1039/1039 1023/1023 1038/1038
f 1039/1039 1029/1029 1023/1023
f 1287/1287 1288/1288 1286/1286
f 1024/1024 1038/1038 1023/1023
f 1028/1028 1024/1024 1013/1013
f 1017/1017 1028/1028 1013/1013
f 1235/1235 1238/1238 1227/1227
f 1015/1015 1016/1016 969/969
f 1014/1014 1017/1017 1013/1013
f 1054/1054 1015/1015 992/992
f 1015/1015 969/969 992/992
f 1016/1016 1014/1014 993/993
f 1014/1014 1013/1013 993/993
f 994/994 1054/1054 992/992
f 1016/1016 993/993 969/969
f 993/993 1013/1013 964/964
f 993/993 956/956 969/969
f 994/994 907/907 1042/1042
f 1840/1840 1839/1839 1841/1841
f 907/907 905/905 1042/1042
f 908/908 862/862 857/857
f 906/906 908/908 902/902
f 908/908 857/857 902/902
f 905/905 906/906 902/902
f 905/905 902/902 904/904
f 902/902 857/857 856/856
f 857/857 842/842 855/855
f 842/842 853/853 855/855
f 853/853 843/843 854/854
f 854/854 844/844 863/863
f 844/844 851/851 863/863
f 851/851 866/866 863/863
f 866/866 865/865 878/878
f 876/876 881/881 900/900
f 900/900 881/881 912/912
f 881/881 911/911 912/912
f 912/912 911/911 923/923
f 1067/1067 1078/1078 1053/1053
f 1067/1067 1053/1053 1048/1048
f 1047/1047 1048/1048 1032/1032
f 1047/1047 1032/1032 1033/1033
f 1049/1049 1047/1047 1033/1033
f 1044/1044 1033/1033 1039/1039
f 1285/1285 1284/1284 1223/1223
f 1028/1028 1038/1038 1024/1024
f 1016/1016 1017/1017 1014/1014
f 1839/1839 1840/1840 1838/1838
f 1840/1840 1841/1841 1842/1842
f 1042/1042 905/905 1081/1081
f 905/905 904/904 1081/1081
f 1081/1081 904/904 903/903
f 904/904 902/902 903/903
f 903/903 902/902 901/901
f 857/857 855/855 856/856
f 902/902 856/856 901/901
f 856/856 855/855 853/853
f 853/853 854/854 868/868
f 863/863 866/866 875/875
f 878/878 865/865 880/880
f 865/865 877/877 880/880
f 865/865 867/867 877/877
f 877/877 867/867 876/876
f 911/911 924/924 923/923
f 923/923 924/924 933/933
f 1078/1078 1087/1087 1079/1079
f 1047/1047 1067/1067 1048/1048
f 1043/1043 1044/1044 1039/1039
f 1041/1041 1043/1043 1038/1038
f 1038/1038 1043/1043 1039/1039
f 1040/1040 1038/1038 1028/1028
f 1022/1022 1040/1040 1028/1028
f 1021/1021 1022/1022 1016/1016
f 1022/1022 1028/1028 1017/1017
f 1054/1054 1021/1021 1015/1015
f 1021/1021 1016/1016 1015/1015
f 1016/1016 1022/1022 1017/1017
f 1236/1236 1237/1237 1229/1229
f 1836/1836 1839/1839 1838/1838
f 1842/1842 1841/1841 1844/1844
f 1844/1844 1850/1850 1846/1846
f 856/856 853/853 860/860
f 856/856 860/860 901/901
f 860/860 853/853 868/868
f 868/868 854/854 869/869
f 869/869 854/854 874/874
f 854/854 863/863 874/874
f 863/863 875/875 874/874
f 874/874 875/875 899/899
f 875/875 866/866 878/878
f 878/878 880/880 894/894
f 877/877 876/876 898/898
f 900/900 912/912 913/913
f 912/912 923/923 913/913
f 913/913 923/923 933/933
f 933/933 924/924 961/961
f 1078/1078 1067/1067 1088/1088
f 1083/1083 1088/1088 1067/1067
f 1073/1073 1047/1047 1074/1074
f 1061/1061 1074/1074 1049/1049
f 1061/1061 1049/1049 1044/1044
f 1074/1074 1047/1047 1049/1049
f 1060/1060 1061/1061 1044/1044
f 1043/1043 1060/1060 1044/1044
f 1059/1059 1043/1043 1041/1041
f 1059/1059 1060/1060 1043/1043
f 1041/1041 1038/1038 1040/1040
f 1055/1055 1045/1045 1021/1021
f 1021/1021 1045/1045 1040/1040
f 1055/1055 1021/1021 1054/1054
f 1021/1021 1040/1040 1022/1022
f 1836/1836 1838/1838 1837/1837
f 1840/1840 1842/1842 2281/2281
f 1842/1842 1844/1844 1845/1845
f 1844/1844 1846/1846 1845/1845
f 1846/1846 1850/1850 1851/1851
f 915/915 903/903 901/901
f 901/901 909/909 915/915
f 901/901 860/860 909/909
f 860/860 868/868 870/870
f 870/870 868/868 869/869
f 869/869 874/874 870/870
f 878/878 893/893 875/875
f 878/878 894/894 893/893
f 880/880 877/877 894/894
f 876/876 900/900 898/898
f 898/898 900/900 913/913
f 1073/1073 1083/1083 1067/1067
f 1050/1050 1059/1059 1041/1041
f 1055/1055 1056/1056 1045/1045
f 1050/1050 1041/1041 1040/1040
f 1052/1052 1051/1051 1045/1045
f 1051/1051 1050/1050 1040/1040
f 1045/1045 1051/1051 1040/1040
f 1831/1831 1836/1836 1835/1835
f 1220/1220 1221/1221 1187/1187
f 1836/1836 1837/1837 1835/1835
f 1838/1838 1840/1840 2277/2277
f 1840/1840 2278/2278 2277/2277
f 2278/2278 1840/1840 2281/2281
f 2281/2281 1842/1842 2287/2287
f 1845/1845 1846/1846 2302/2302
f 915/915 909/909 916/916
f 860/860 879/879 909/909
f 860/860 870/870 879/879
f 874/874 899/899 896/896
f 899/899 875/875 896/896
f 896/896 875/875 893/893
f 895/895 894/894 897/897
f 894/894 877/877 897/897
f 897/897 877/877 898/898
f 898/898 913/913 925/925
f 913/913 933/933 931/931
f 931/931 933/933 962/962
f 933/933 961/961 974/974
f 933/933 974/974 962/962
f 1099/1099 1114/1114 1088/1088
f 1090/1090 1083/1083 1073/1073
f 3448/3448 3449/3449 3450/3450
f 3448/3448 3450/3450 3451/3451
f 1089/1089 1074/1074 1061/1061
f 3469/3469 3448/3448 3451/3451
f 1085/1085 1061/1061 1060/1060
f 1071/1071 1060/1060 1059/1059
f 1050/1050 1071/1071 1059/1059
f 1056/1056 1052/1052 1045/1045
f 1180/1180 1184/1184 1127/1127
f 1057/1057 1056/1056 1055/1055
f 1831/1831 1835/1835 1832/1832
f 1837/1837 2327/2327 2333/2333
f 1837/1837 1838/1838 2327/2327
f 2327/2327 1838/1838 2277/2277
f 1842/1842 1845/1845 2292/2292
f 2292/2292 1845/1845 2302/2302
f 3793/3793 3792/3792 3790/3790
f 1851/1851 2347/2347 1846/1846
f 2347/2347 1851/1851 2358/2358
f 879/879 870/870 892/892
f 870/870 889/889 892/892
f 870/870 874/874 889/889
f 874/874 896/896 889/889
f 925/925 913/913 931/931
f 1099/1099 1113/1113 1114/1114
f 1099/1099 1088/1088 1083/1083
f 1073/1073 1074/1074 1093/1093
f 1085/1085 1060/1060 1071/1071
f 1057/1057 1058/1058 1056/1056
f 1058/1058 1062/1062 1056/1056
f 1070/1070 1071/1071 1050/1050
f 1056/1056 1062/1062 1052/1052
f 1062/1062 1051/1051 1052/1052
f 1051/1051 1070/1070 1050/1050
f 1830/1830 1831/1831 1832/1832
f 1832/1832 1835/1835 1847/1847
f 1835/1835 1837/1837 1847/1847
f 1847/1847 1837/1837 2339/2339
f 1837/1837 2333/2333 2339/2339
f 4955/4955 4954/4954 4956/4956
f 4979/4979 4969/4969 4946/4946
f 2287/2287 1842/1842 2292/2292
f 2292/2292 2302/2302 2288/2288
f 2302/2302 1846/1846 2303/2303
f 1846/1846 2347/2347 2303/2303
f 915/915 916/916 997/997
f 916/916 909/909 917/917
f 909/909 879/879 919/919
f 892/892 889/889 920/920
f 889/889 896/896 921/921
f 896/896 893/893 895/895
f 895/895 897/897 927/927
f 897/897 898/898 925/925
f 897/897 925/925 927/927
f 962/962 974/974 973/973
f 1112/1112 1113/1113 1099/1099
f 1098/1098 1099/1099 1083/1083
f 1098/1098 1083/1083 1090/1090
f 1096/1096 1089/1089 1085/1085
f 1094/1094 1085/1085 1071/1071
f 1058/1058 1063/1063 1062/1062
f 1126/1126 1127/1127 1123/1123
f 1072/1072 1051/1051 1062/1062
f 1072/1072 1070/1070 1051/1051
f 1832/1832 1848/1848 1843/1843
f 1832/1832 1847/1847 1848/1848
f 2339/2339 2333/2333 2286/2286
f 2277/2277 2278/2278 2279/2279
f 3786/3786 3788/3788 3787/3787
f 3785/3785 3787/3787 3789/3789
f 1851/1851 2370/2370 2358/2358
f 909/909 919/919 917/917
f 919/919 879/879 920/920
f 879/879 892/892 920/920
f 920/920 889/889 922/922
f 889/889 921/921 922/922
f 896/896 895/895 926/926
f 926/926 895/895 927/927
f 925/925 931/931 949/949
f 949/949 931/931 963/963
f 962/962 973/973 931/931
f 963/963 931/931 973/973
f 973/973 974/974 979/979
f 1096/1096 1093/1093 1089/1089
f 1094/1094 1095/1095 1085/1085
f 1151/1151 1150/1150 1142/1142
f 1082/1082 1063/1063 1058/1058
f 1070/1070 1091/1091 1071/1071
f 1151/1151 1142/1142 1128/1128
f 1063/1063 1072/1072 1062/1062
f 1123/1123 1128/1128 1136/1136
f 1830/1830 1833/1833 1834/1834
f 1830/1830 1832/1832 1833/1833
f 1833/1833 1832/1832 1843/1843
f 2339/2339 2286/2286 2338/2338
f 4966/4966 5286/5286 5345/5345
f 2333/2333 2285/2285 2286/2286
f 2333/2333 2327/2327 2285/2285
f 2285/2285 2327/2327 2277/2277
f 2279/2279 2278/2278 2245/2245
f 2278/2278 2281/2281 2245/2245
f 2245/2245 2281/2281 2282/2282
f 2281/2281 2287/2287 2282/2282
f 2288/2288 2302/2302 2291/2291
f 2302/2302 2303/2303 2291/2291
f 2303/2303 2347/2347 2304/2304
f 2347/2347 2358/2358 2305/2305
f 997/997 916/916 918/918
f 916/916 917/917 918/918
f 3742/3742 3743/3743 3744/3744
f 922/922 896/896 926/926
f 926/926 927/927 942/942
f 927/927 925/925 948/948
f 1095/1095 1096/1096 1085/1085
f 1097/1097 1071/1071 1091/1091
f 1086/1086 1092/1092 1063/1063
f 1092/1092 1091/1091 1072/1072
f 1834/1834 1833/1833 1849/1849
f 1130/1130 1129/1129 1125/1125
f 1843/1843 1848/1848 2342/2342
f 1848/1848 2339/2339 2340/2340
f 2339/2339 2338/2338 2340/2340
f 4957/4957 4955/4955 4971/4971
f 4971/4971 4953/4953 4957/4957
f 4950/4950 4953/4953 4967/4967
f 4967/4967 5182/5182 4972/4972
f 2287/2287 2292/2292 2288/2288
f 2287/2287 2288/2288 2282/2282
f 2347/2347 2305/2305 2304/2304
f 2358/2358 2370/2370 2369/2369
f 919/919 920/920 932/932
f 918/918 917/917 934/934
f 917/917 919/919 934/934
f 948/948 925/925 949/949
f 963/963 973/973 986/986
f 219/219 221/221 225/225
f 1111/1111 1112/1112 1099/1099
f 1111/1111 1099/1099 1098/1098
f 1103/1103 1098/1098 1093/1093
f 1096/1096 1103/1103 1093/1093
f 1095/1095 1102/1102 1096/1096
f 1273/1273 1275/1275 1274/1274
f 1100/1100 1101/1101 1095/1095
f 1272/1272 1273/1273 1274/1274
f 1100/1100 1095/1095 1094/1094
f 1133/1133 1130/1130 1141/1141
f 1848/1848 2340/2340 2342/2342
f 2277/2277 2280/2280 2285/2285
f 2277/2277 2279/2279 2280/2280
f 6365/6365 6366/6366 6363/6363
f 5441/5441 4927/4927 4931/4931
f 2303/2303 2304/2304 2291/2291
f 2305/2305 2358/2358 2234/2234
f 2358/2358 2369/2369 2234/2234
f 997/997 918/918 987/987
f 987/987 918/918 946/946
f 918/918 934/934 946/946
f 932/932 920/920 940/940
f 920/920 922/922 940/940
f 922/922 926/926 943/943
f 926/926 942/942 943/943
f 927/927 948/948 950/950
f 963/963 986/986 982/982
f 973/973 979/979 986/986
f 986/986 979/979 1001/1001
f 1103/1103 1096/1096 1102/1102
f 1101/1101 1102/1102 1095/1095
f 1097/1097 1100/1100 1094/1094
f 1086/1086 1117/1117 1110/1110
f 1086/1086 1115/1115 1116/1116
f 1110/1110 1109/1109 1086/1086
f 1092/1092 1097/1097 1091/1091
f 1109/1109 1092/1092 1086/1086
f 1177/1177 1133/1133 1178/1178
f 2340/2340 2338/2338 2341/2341
f 6376/6376 6375/6375 6373/6373
f 4968/4968 5443/5443 4967/4967
f 4972/4972 5182/5182 5183/5183
f 5410/5410 4931/4931 4930/4930
f 2282/2282 2288/2288 2244/2244
f 4934/4934 4933/4933 4935/4935
f 2288/2288 2243/2243 2244/2244
f 2291/2291 2304/2304 2238/2238
f 2304/2304 2232/2232 2236/2236
f 2304/2304 2305/2305 2232/2232
f 2234/2234 2369/2369 2373/2373
f 2370/2370 2371/2371 2369/2369
f 946/946 934/934 947/947
f 940/940 922/922 944/944
f 944/944 922/922 943/943
f 942/942 927/927 950/950
f 948/948 949/949 971/971
f 971/971 949/949 981/981
f 949/949 963/963 981/981
f 981/981 963/963 982/982
f 986/986 1001/1001 1002/1002
f 218/218 221/221 219/219
f 1274/1274 1276/1276 1277/1277
f 3472/3472 3456/3456 3458/3458
f 1105/1105 1100/1100 1097/1097
f 1833/1833 2300/2300 2351/2351
f 2300/2300 2342/2342 2343/2343
f 2342/2342 2293/2293 2343/2343
f 4722/4722 4723/4723 4720/4720
f 2342/2342 2340/2340 2293/2293
f 4719/4719 4718/4718 5298/5298
f 2341/2341 2338/2338 2337/2337
f 2338/2338 2286/2286 2337/2337
f 2337/2337 2286/2286 2284/2284
f 2286/2286 2285/2285 2284/2284
f 2284/2284 2285/2285 2280/2280
f 6367/6367 6368/6368 6369/6369
f 2245/2245 2282/2282 2244/2244
f 2288/2288 2291/2291 2243/2243
f 2243/2243 2291/2291 2238/2238
f 2305/2305 2234/2234 2232/2232
f 2373/2373 2369/2369 2365/2365
f 2369/2369 2371/2371 2365/2365
f 2370/2370 2006/2006 2371/2371
f 934/934 932/932 945/945
f 945/945 932/932 940/940
f 934/934 945/945 947/947
f 943/943 942/942 977/977
f 948/948 971/971 950/950
f 982/982 986/986 1002/1002
f 1108/1108 1107/1107 1100/1100
f 1100/1100 1107/1107 1101/1101
f 1109/1109 1104/1104 1092/1092
f 1104/1104 1097/1097 1092/1092
f 2377/2377 1849/1849 2372/2372
f 1849/1849 1833/1833 2372/2372
f 1133/1133 1149/1149 1152/1152
f 1833/1833 2351/2351 2372/2372
f 1133/1133 1152/1152 1153/1153
f 2299/2299 2351/2351 2300/2300
f 5298/5298 4718/4718 4717/4717
f 5902/5902 5906/5906 5903/5903
f 5903/5903 5906/5906 5907/5907
f 4933/4933 4930/4930 4929/4929
f 2238/2238 2304/2304 2236/2236
f 940/940 944/944 975/975
f 944/944 943/943 983/983
f 943/943 977/977 983/983
f 977/977 942/942 976/976
f 942/942 950/950 976/976
f 218/218 216/216 221/221
f 218/218 219/219 197/197
f 219/219 206/206 197/197
f 196/196 197/197 206/206
f 206/206 202/202 196/196
f 203/203 202/202 215/215
f 207/207 203/203 220/220
f 1277/1277 1278/1278 1279/1279
f 213/213 212/212 256/256
f 1106/1106 1105/1105 1097/1097
f 1143/1143 1148/1148 1164/1164
f 2418/2418 2420/2420 2377/2377
f 1118/1118 1117/1117 1116/1116
f 212/212 222/222 256/256
f 1104/1104 1109/1109 1117/1117
f 1104/1104 1106/1106 1097/1097
f 2300/2300 2273/2273 2299/2299
f 4731/4731 4730/4730 4708/4708
f 2300/2300 2343/2343 2273/2273
f 2273/2273 2343/2343 2293/2293
f 5898/5898 5901/5901 5900/5900
f 4717/4717 4718/4718 4716/4716
f 5443/5443 4918/4918 4993/4993
f 2280/2280 2279/2279 2283/2283
f 5176/5176 4925/4925 4926/4926
f 2243/2243 2238/2238 2237/2237
f 2373/2373 2365/2365 2348/2348
f 2365/2365 2371/2371 2363/2363
f 2371/2371 2355/2355 2363/2363
f 2371/2371 2006/2006 2355/2355
f 2355/2355 2006/2006 2350/2350
f 2006/2006 2004/2004 2350/2350
f 947/947 945/945 972/972
f 972/972 945/945 940/940
f 972/972 940/940 975/975
f 975/975 944/944 984/984
f 984/984 944/944 983/983
f 977/977 976/976 988/988
f 976/976 950/950 1005/1005
f 950/950 971/971 1005/1005
f 577/577 570/570 561/561
f 570/570 571/571 562/562
f 573/573 575/575 574/574
f 1277/1277 1279/1279 1280/1280
f 1143/1143 1164/1164 1159/1159
f 1146/1146 1145/1145 1144/1144
f 2372/2372 2360/2360 2366/2366
f 2351/2351 2299/2299 2360/2360
f 4708/4708 4730/4730 4706/4706
f 4706/4706 4705/4705 4707/4707
f 2293/2293 2297/2297 2344/2344
f 3736/3736 3737/3737 3738/3738
f 4989/4989 4985/4985 5407/5407
f 4984/4984 4985/4985 4983/4983
f 2232/2232 2234/2234 2231/2231
f 2234/2234 2373/2373 2231/2231
f 2006/2006 2005/2005 2004/2004
f 946/946 947/947 978/978
f 563/563 577/577 561/561
f 2527/2527 2532/2532 2531/2531
f 571/571 573/573 562/562
f 573/573 574/574 553/553
f 217/217 218/218 197/197
f 190/190 203/203 207/207
f 2375/2375 2417/2417 2418/2418
f 2377/2377 2372/2372 2376/2376
f 2376/2376 2372/2372 2289/2289
f 1152/1152 1157/1157 1160/1160
f 2372/2372 2366/2366 2289/2289
f 2366/2366 2360/2360 2274/2274
f 2360/2360 2299/2299 2274/2274
f 2299/2299 2273/2273 2298/2298
f 2272/2272 2273/2273 2271/2271
f 2273/2273 2293/2293 2271/2271
f 2271/2271 2293/2293 2344/2344
f 4989/4989 5407/5407 4987/4987
f 4989/4989 4987/4987 4983/4983
f 2297/2297 2296/2296 2295/2295
f 2284/2284 2280/2280 2247/2247
f 2247/2247 2280/2280 2283/2283
f 2283/2283 2279/2279 2246/2246
f 4923/4923 4925/4925 4917/4917
f 2279/2279 2245/2245 2246/2246
f 2245/2245 2244/2244 2240/2240
f 2238/2238 2236/2236 2235/2235
f 2235/2235 2236/2236 2233/2233
f 2236/2236 2232/2232 2233/2233
f 2233/2233 2232/2232 2230/2230
f 2232/2232 2231/2231 2230/2230
f 2373/2373 2348/2348 2231/2231
f 2365/2365 2363/2363 2348/2348
f 2004/2004 2005/2005 2003/2003
f 947/947 972/972 985/985
f 972/972 975/975 985/985
f 977/977 988/988 983/983
f 562/562 573/573 553/553
f 209/209 208/208 223/223
f 211/211 209/209 222/222
f 4743/4743 4741/4741 4739/4739
f 2274/2274 2299/2299 2298/2298
f 2298/2298 2272/2272 2274/2274
f 2298/2298 2273/2273 2272/2272
f 4707/4707 4705/4705 4736/4736
f 4711/4711 4715/4715 4714/4714
f 4714/4714 4715/4715 5125/5125
f 5125/5125 4715/4715 5190/5190
f 2344/2344 2297/2297 2265/2265
f 6337/6337 6340/6340 6338/6338
f 2295/2295 2296/2296 2247/2247
f 2296/2296 2284/2284 2247/2247
f 2363/2363 2355/2355 2223/2223
f 2355/2355 2350/2350 2223/2223
f 2004/2004 1998/1998 2350/2350
f 1998/1998 2004/2004 2003/2003
f 978/978 947/947 985/985
f 985/985 975/975 984/984
f 576/576 569/569 564/564
f 563/563 554/554 569/569
f 563/563 561/561 555/555
f 570/570 562/562 561/561
f 197/197 191/191 217/217
f 196/196 173/173 197/197
f 1281/1281 1282/1282 1297/1297
f 201/201 208/208 209/209
f 200/200 204/204 205/205
f 205/205 204/204 211/211
f 1158/1158 1159/1159 1179/1179
f 1159/1159 1165/1165 1179/1179
f 1179/1179 1164/1164 1194/1194
f 1164/1164 1167/1167 1194/1194
f 201/201 209/209 211/211
f 2384/2384 2417/2417 2375/2375
f 1155/1155 1147/1147 1172/1172
f 2375/2375 2377/2377 2376/2376
f 2289/2289 2366/2366 2274/2274
f 4739/4739 4741/4741 4740/4740
f 4740/4740 5378/5378 4703/4703
f 2265/2265 2297/2297 2295/2295
f 4982/4982 4990/4990 4981/4981
f 4918/4918 4919/4919 4915/4915
f 2283/2283 2246/2246 2247/2247
f 2245/2245 2240/2240 2246/2246
f 5557/5557 5556/5556 5553/5553
f 2244/2244 2241/2241 2240/2240
f 2244/2244 2243/2243 2241/2241
f 2237/2237 2238/2238 2235/2235
f 2231/2231 2348/2348 2217/2217
f 2217/2217 2348/2348 2219/2219
f 2348/2348 2363/2363 2223/2223
f 2348/2348 2223/2223 2219/2219
f 2350/2350 2224/2224 2223/2223
f 1998/1998 2003/2003 1995/1995
f 978/978 985/985 1003/1003
f 1003/1003 985/985 1004/1004
f 985/985 984/984 1007/1007
f 984/984 1006/1006 1007/1007
f 984/984 983/983 1006/1006
f 983/983 988/988 1008/1008
f 569/569 554/554 564/564
f 561/561 562/562 558/558
f 562/562 553/553 558/558
f 553/553 574/574 552/552
f 191/191 168/168 216/216
f 1281/1281 1297/1297 1298/1298
f 201/201 189/189 208/208
f 1167/1167 1196/1196 1194/1194
f 1191/1191 1179/1179 1195/1195
f 204/204 192/192 211/211
f 1171/1171 1158/1158 1191/1191
f 1157/1157 1155/1155 1168/1168
f 2376/2376 2289/2289 2336/2336
f 2289/2289 2274/2274 2276/2276
f 2276/2276 2274/2274 2275/2275
f 2274/2274 2272/2272 2269/2269
f 4700/4700 4697/4697 4698/4698
f 5919/5919 5920/5920 5921/5921
f 2265/2265 2295/2295 2294/2294
f 2295/2295 2247/2247 2294/2294
f 4915/4915 4913/4913 4916/4916
f 2231/2231 2217/2217 2230/2230
f 2350/2350 1998/1998 2224/2224
f 1995/1995 2003/2003 2002/2002
f 2003/2003 2011/2011 2002/2002
f 1004/1004 985/985 1007/1007
f 566/566 567/567 560/560
f 1006/1006 983/983 1008/1008
f 565/565 576/576 564/564
f 554/554 563/563 555/555
f 552/552 574/574 542/542
f 1297/1297 1282/1282 1299/1299
f 200/200 199/199 204/204
f 204/204 199/199 198/198
f 1179/1179 1194/1194 1195/1195
f 204/204 198/198 192/192
f 2375/2375 2376/2376 2336/2336
f 4703/4703 5378/5378 4734/4734
f 4702/4702 4734/4734 4701/4701
f 2272/2272 2271/2271 2269/2269
f 2269/2269 2271/2271 2268/2268
f 2271/2271 2265/2265 2268/2268
f 2239/2239 2246/2246 2240/2240
f 2237/2237 2235/2235 2203/2203
f 2235/2235 2233/2233 2189/2189
f 2233/2233 2230/2230 2189/2189
f 2223/2223 2220/2220 2219/2219
f 2223/2223 2224/2224 2220/2220
f 2224/2224 1998/1998 2356/2356
f 565/565 564/564 559/559
f 561/561 558/558 546/546
f 558/558 553/553 547/547
f 168/168 191/191 169/169
f 184/184 172/172 173/173
f 1298/1298 1297/1297 1299/1299
f 1195/1195 1194/1194 1207/1207
f 1194/1194 1196/1196 1202/1202
f 1171/1171 1190/1190 1172/1172
f 1162/1162 1168/1168 1163/1163
f 2274/2274 2269/2269 2275/2275
f 2294/2294 2258/2258 2259/2259
f 2247/2247 2246/2246 2248/2248
f 2243/2243 2237/2237 2241/2241
f 2189/2189 2230/2230 2217/2217
f 1998/1998 1995/1995 1994/1994
f 1998/1998 1994/1994 2356/2356
f 572/572 568/568 550/550
f 565/565 559/559 560/560
f 555/555 561/561 546/546
f 555/555 546/546 548/548
f 558/558 547/547 546/546
f 169/169 191/191 177/177
f 184/184 182/182 172/172
f 1191/1191 1195/1195 1209/1209
f 1190/1190 1191/1191 1192/1192
f 1170/1170 1163/1163 1197/1197
f 2384/2384 2375/2375 2380/2380
f 2380/2380 2375/2375 2317/2317
f 1169/1169 1170/1170 1314/1314
f 2317/2317 2336/2336 2290/2290
f 2336/2336 2289/2289 2290/2290
f 2289/2289 2276/2276 2290/2290
f 2276/2276 2275/2275 2306/2306
f 4745/4745 4693/4693 4697/4697
f 4697/4697 4693/4693 4695/4695
f 2294/2294 2247/2247 2258/2258
f 2246/2246 2239/2239 2248/2248
f 5430/5430 5115/5115 5113/5113
f 5113/5113 5115/5115 5112/5112
f 2237/2237 2203/2203 2242/2242
f 2189/2189 2217/2217 2216/2216
f 2216/2216 2217/2217 2218/2218
f 2220/2220 2224/2224 2225/2225
f 2229/2229 2356/2356 2357/2357
f 2356/2356 1994/1994 2357/2357
f 567/567 566/566 556/556
f 2002/2002 2011/2011 2012/2012
f 550/550 568/568 567/567
f 560/560 556/556 566/566
f 560/560 559/559 549/549
f 559/559 564/564 554/554
f 547/547 553/553 535/535
f 553/553 552/552 535/535
f 535/535 552/552 543/543
f 552/552 542/542 543/543
f 1298/1298 1299/1299 1300/1300
f 1300/1300 1299/1299 1301/1301
f 183/183 181/181 198/198
f 1195/1195 1207/1207 1209/1209
f 181/181 179/179 198/198
f 2419/2419 2384/2384 2380/2380
f 2419/2419 2380/2380 2381/2381
f 1163/1163 1168/1168 1198/1198
f 2380/2380 2317/2317 2379/2379
f 2275/2275 2269/2269 2270/2270
f 2268/2268 2265/2265 2262/2262
f 2265/2265 2259/2259 2262/2262
f 5250/5250 5329/5329 4904/4904
f 2239/2239 2240/2240 2165/2165
f 2241/2241 2237/2237 2242/2242
f 2203/2203 2235/2235 2189/2189
f 2217/2217 2219/2219 2218/2218
f 2224/2224 2229/2229 2225/2225
f 1994/1994 1995/1995 1996/1996
f 1995/1995 2002/2002 1996/1996
f 550/550 567/567 557/557
f 567/567 556/556 557/557
f 556/556 560/560 541/541
f 547/547 535/535 533/533
f 1194/1194 1202/1202 1207/1207
f 1202/1202 1208/1208 1207/1207
f 1192/1192 1191/1191 1211/1211
f 1191/1191 1209/1209 1211/1211
f 1189/1189 1193/1193 1203/1203
f 1193/1193 1190/1190 1192/1192
f 2381/2381 2380/2380 2379/2379
f 1197/1197 1163/1163 1198/1198
f 2905/2905 2904/2904 2903/2903
f 2379/2379 2317/2317 2315/2315
f 2317/2317 2290/2290 2307/2307
f 2290/2290 2276/2276 2306/2306
f 2269/2269 2268/2268 2262/2262
f 4696/4696 4695/4695 4694/4694
f 5000/5000 4906/4906 4905/4905
f 2247/2247 2248/2248 2258/2258
f 5250/5250 4904/4904 4903/4903
f 2165/2165 2241/2241 2242/2242
f 2219/2219 2220/2220 2218/2218
f 2220/2220 2222/2222 2218/2218
f 2220/2220 2225/2225 2222/2222
f 1996/1996 2002/2002 2007/2007
f 2002/2002 2012/2012 2007/2007
f 557/557 544/544 550/550
f 557/557 556/556 544/544
f 560/560 549/549 541/541
f 559/559 539/539 549/549
f 559/559 554/554 539/539
f 554/554 555/555 545/545
f 2870/2870 2871/2871 2859/2859
f 1199/1199 1189/1189 1204/1204
f 1189/1189 1203/1203 1204/1204
f 2381/2381 2379/2379 2382/2382
f 2903/2903 2904/2904 2897/2897
f 2307/2307 2290/2290 2306/2306
f 2275/2275 2270/2270 2306/2306
f 2269/2269 2262/2262 2270/2270
f 4677/4677 4738/4738 4694/4694
f 5004/5004 5030/5030 4906/4906
f 2258/2258 2248/2248 2249/2249
f 2242/2242 2203/2203 2166/2166
f 541/541 549/549 534/534
f 539/539 554/554 545/545
f 545/545 555/555 548/548
f 548/548 546/546 529/529
f 2870/2870 2859/2859 2857/2857
f 2866/2866 2867/2867 2815/2815
f 1203/1203 1192/1192 1210/1210
f 1192/1192 1211/1211 1210/1210
f 2381/2381 2382/2382 2416/2416
f 1197/1197 1198/1198 1205/1205
f 2315/2315 2317/2317 2307/2307
f 2307/2307 2306/2306 2308/2308
f 4696/4696 4694/4694 4737/4737
f 5447/5447 4696/4696 4737/4737
f 2259/2259 2258/2258 2252/2252
f 2259/2259 2252/2252 2262/2262
f 5004/5004 5031/5031 5030/5030
f 2239/2239 2165/2165 2167/2167
f 2203/2203 2189/2189 2185/2185
f 2189/2189 2216/2216 2188/2188
f 2218/2218 2222/2222 2221/2221
f 2225/2225 2229/2229 2226/2226
f 2229/2229 2357/2357 2228/2228
f 2357/2357 1994/1994 2228/2228
f 1994/1994 1996/1996 1997/1997
f 540/540 550/550 537/537
f 550/550 544/544 537/537
f 544/544 556/556 541/541
f 549/549 539/539 534/534
f 546/546 547/547 533/533
f 546/546 533/533 529/529
f 535/535 522/522 533/533
f 535/535 543/543 531/531
f 522/522 535/535 531/531
f 543/543 542/542 531/531
f 2867/2867 2870/2870 2815/2815
f 1211/1211 1209/1209 1212/1212
f 2860/2860 2862/2862 2807/2807
f 2869/2869 2860/2860 2810/2810
f 1197/1197 1205/1205 1206/1206
f 2316/2316 2379/2379 2315/2315
f 2315/2315 2307/2307 2311/2311
f 4661/4661 4659/4659 4660/4660
f 2307/2307 2308/2308 2310/2310
f 2306/2306 2270/2270 2308/2308
f 2309/2309 2308/2308 2270/2270
f 6347/6347 6348/6348 6349/6349
f 5033/5033 5030/5030 5032/5032
f 5033/5033 5035/5035 5036/5036
f 2258/2258 2249/2249 2252/2252
f 4906/4906 5302/5302 5005/5005
f 2167/2167 2165/2165 2164/2164
f 2165/2165 2242/2242 2166/2166
f 2189/2189 2188/2188 2185/2185
f 5010/5010 5011/5011 5008/5008
f 2208/2208 2216/2216 2221/2221
f 2216/2216 2218/2218 2221/2221
f 2221/2221 2222/2222 2210/2210
f 2222/2222 2225/2225 2210/2210
f 2229/2229 2228/2228 2226/2226
f 1994/1994 1997/1997 2228/2228
f 1996/1996 2007/2007 2000/2000
f 540/540 537/537 538/538
f 537/537 544/544 536/536
f 544/544 541/541 526/526
f 532/532 545/545 548/548
f 532/532 548/548 529/529
f 531/531 542/542 523/523
f 2536/2536 2533/2533 2535/2535
f 166/166 151/151 160/160
f 2857/2857 2859/2859 2858/2858
f 2861/2861 2866/2866 2804/2804
f 2810/2810 2860/2860 2806/2806
f 2865/2865 2868/2868 2811/2811
f 2868/2868 2869/2869 2810/2810
f 2868/2868 2810/2810 2811/2811
f 2897/2897 2865/2865 2896/2896
f 2903/2903 2897/2897 2896/2896
f 4660/4660 4665/4665 4664/4664
f 2270/2270 2354/2354 2309/2309
f 2270/2270 2262/2262 2354/2354
f 2354/2354 2262/2262 2263/2263
f 5037/5037 5031/5031 5362/5362
f 5033/5033 5032/5032 5034/5034
f 5394/5394 5036/5036 5035/5035
f 2164/2164 2165/2165 2166/2166
f 2203/2203 2186/2186 2166/2166
f 2203/2203 2185/2185 2186/2186
f 2188/2188 2346/2346 2187/2187
f 2188/2188 2216/2216 2346/2346
f 2216/2216 2208/2208 2346/2346
f 1997/1997 1996/1996 1999/1999
f 538/538 537/537 528/528
f 541/541 534/534 526/526
f 539/539 532/532 515/515
f 539/539 545/545 532/532
f 532/532 529/529 530/530
f 529/529 533/533 519/519
f 2866/2866 2815/2815 2804/2804
f 156/156 165/165 154/154
f 2862/2862 2864/2864 2808/2808
f 2864/2864 2863/2863 2808/2808
f 227/227 154/154 165/165
f 2416/2416 2382/2382 1993/1993
f 2311/2311 2307/2307 2310/2310
f 7/7 8/8 9/9
f 2308/2308 2309/2309 2319/2319
f 6333/6333 6332/6332 6334/6334
f 2263/2263 2262/2262 2252/2252
f 6290/6290 6289/6289 6287/6287
f 2248/2248 2239/2239 2249/2249
f 2239/2239 2167/2167 2250/2250
f 2188/2188 2187/2187 2185/2185
f 2208/2208 2221/2221 2207/2207
f 2225/2225 2226/2226 2210/2210
f 2228/2228 1997/1997 1999/1999
f 1996/1996 2000/2000 1999/1999
f 537/537 536/536 527/527
f 536/536 544/544 526/526
f 515/515 534/534 539/539
f 532/532 530/530 513/513
f 2857/2857 2858/2858 2856/2856
f 2804/2804 2815/2815 2802/2802
f 2863/2863 2803/2803 2808/2808
f 2863/2863 2861/2861 2803/2803
f 2862/2862 2808/2808 2807/2807
f 2806/2806 2860/2860 2805/2805
f 1993/1993 2382/2382 2393/2393
f 2382/2382 2316/2316 2328/2328
f 2316/2316 2315/2315 2311/2311
f 2310/2310 2308/2308 2318/2318
f 2308/2308 2319/2319 2318/2318
f 6333/6333 6329/6329 6332/6332
f 2354/2354 2263/2263 2330/2330
f 2263/2263 2252/2252 2264/2264
f 5104/5104 5103/5103 5245/5245
f 2249/2249 2239/2239 2250/2250
f 2166/2166 2162/2162 2161/2161
f 2166/2166 2186/2186 2162/2162
f 2346/2346 2208/2208 2187/2187
f 2221/2221 2210/2210 2207/2207
f 538/538 528/528 517/517
f 537/537 527/527 528/528
f 509/509 534/534 515/515
f 533/533 522/522 519/519
f 531/531 524/524 522/522
f 531/531 523/523 524/524
f 2896/2896 2865/2865 2895/2895
f 3730/3730 3731/3731 3732/3732
f 2312/2312 2311/2311 2310/2310
f 4671/4671 5173/5173 4670/4670
f 5166/5166 5167/5167 5173/5173
f 5245/5245 5103/5103 5101/5101
f 2185/2185 2187/2187 2183/2183
f 2226/2226 2228/2228 2227/2227
f 2228/2228 1999/1999 2159/2159
f 1999/1999 2001/2001 2359/2359
f 1999/1999 2000/2000 2001/2001
f 526/526 534/534 509/509
f 509/509 515/515 504/504
f 513/513 530/530 514/514
f 529/529 519/519 503/503
f 519/519 522/522 518/518
f 2857/2857 2856/2856 2854/2854
f 2854/2854 2856/2856 2855/2855
f 2808/2808 2798/2798 2807/2807
f 2805/2805 2860/2860 2807/2807
f 2810/2810 2806/2806 2796/2796
f 2895/2895 2865/2865 2812/2812
f 2865/2865 2811/2811 2812/2812
f 2328/2328 2316/2316 2321/2321
f 2316/2316 2311/2311 2321/2321
f 2321/2321 2311/2311 2312/2312
f 2318/2318 2319/2319 2476/2476
f 5166/5166 5173/5173 4692/4692
f 2319/2319 2309/2309 2330/2330
f 5106/5106 5277/5277 5107/5107
f 5106/5106 5107/5107 5105/5105
f 2263/2263 2264/2264 2266/2266
f 2250/2250 2167/2167 2261/2261
f 2167/2167 2164/2164 2301/2301
f 2167/2167 2301/2301 2260/2260
f 2210/2210 2226/2226 2211/2211
f 2226/2226 2227/2227 2211/2211
f 2228/2228 2159/2159 2227/2227
f 1999/1999 2359/2359 2159/2159
f 2001/2001 2000/2000 2008/2008
f 528/528 527/527 517/517
f 527/527 536/536 526/526
f 515/515 512/512 504/504
f 515/515 532/532 513/513
f 513/513 514/514 511/511
f 530/530 529/529 514/514
f 514/514 529/529 503/503
f 522/522 525/525 518/518
f 522/522 524/524 525/525
f 2803/2803 2809/2809 2794/2794
f 2808/2808 2803/2803 2798/2798
f 154/154 227/227 149/149
f 2807/2807 2790/2790 2805/2805
f 2790/2790 2807/2807 2798/2798
f 2796/2796 2806/2806 2789/2789
f 2806/2806 2805/2805 2789/2789
f 2812/2812 2811/2811 2797/2797
f 2811/2811 2810/2810 2797/2797
f 2312/2312 2310/2310 2313/2313
f 4657/4657 5080/5080 4655/4655
f 2310/2310 2318/2318 2313/2313
f 2330/2330 2263/2263 2473/2473
f 2264/2264 2252/2252 2253/2253
f 2250/2250 2261/2261 2260/2260
f 2164/2164 2166/2166 2161/2161
f 2162/2162 2186/2186 2174/2174
f 2186/2186 2185/2185 2174/2174
f 2185/2185 2183/2183 2174/2174
f 2187/2187 2208/2208 2206/2206
f 2208/2208 2207/2207 2206/2206
f 2227/2227 2159/2159 2140/2140
f 2359/2359 2001/2001 2159/2159
f 2001/2001 2008/2008 2009/2009
f 526/526 509/509 508/508
f 515/515 513/513 512/512
f 503/503 519/519 502/502
f 519/519 518/518 502/502
f 524/524 523/523 520/520
f 2809/2809 2804/2804 2799/2799
f 2804/2804 2802/2802 2799/2799
f 2803/2803 2794/2794 2795/2795
f 2798/2798 2803/2803 2795/2795
f 2797/2797 2810/2810 2796/2796
f 2393/2393 2328/2328 2320/2320
f 2328/2328 2321/2321 2320/2320
f 4755/4755 5442/5442 4753/4753
f 2321/2321 2312/2312 2320/2320
f 5027/5027 4762/4762 4761/4761
f 4656/4656 4653/4653 4760/4760
f 2318/2318 2476/2476 2322/2322
f 4685/4685 4687/4687 4686/4686
f 2263/2263 2266/2266 2473/2473
f 2252/2252 2249/2249 2251/2251
f 2249/2249 2250/2250 2251/2251
f 2251/2251 2250/2250 2260/2260
f 10/10 11/11 12/12
f 5252/5252 5157/5157 4314/4314
f 2161/2161 2162/2162 2163/2163
f 2162/2162 2174/2174 2163/2163
f 2174/2174 2183/2183 2175/2175
f 2187/2187 2206/2206 2215/2215
f 2207/2207 2210/2210 2209/2209
f 2211/2211 2227/2227 2345/2345
f 2159/2159 2001/2001 2158/2158
f 2158/2158 2001/2001 2157/2157
f 517/517 527/527 516/516
f 527/527 526/526 510/510
f 526/526 508/508 510/510
f 508/508 509/509 505/505
f 514/514 498/498 511/511
f 520/520 523/523 521/521
f 2854/2854 2855/2855 2853/2853
f 2809/2809 2799/2799 2794/2794
f 2790/2790 2798/2798 2792/2792
f 1992/1992 1993/1993 1991/1991
f 2805/2805 2790/2790 2789/2789
f 1993/1993 2393/2393 1991/1991
f 2812/2812 2797/2797 2813/2813
f 4685/4685 4692/4692 5293/5293
f 4686/4686 4687/4687 4689/4689
f 2260/2260 2301/2301 2352/2352
f 2187/2187 2215/2215 2183/2183
f 2206/2206 2207/2207 2204/2204
f 2209/2209 2210/2210 2211/2211
f 2227/2227 2140/2140 2345/2345
f 2140/2140 2159/2159 2158/2158
f 2157/2157 2001/2001 2116/2116
f 2001/2001 2009/2009 2116/2116
f 516/516 527/527 510/510
f 514/514 503/503 498/498
f 518/518 525/525 500/500
f 525/525 524/524 520/520
f 500/500 525/525 520/520
f 2854/2854 2853/2853 2851/2851
f 2799/2799 2802/2802 2793/2793
f 2802/2802 2854/2854 2793/2793
f 2795/2795 2794/2794 2785/2785
f 2798/2798 2795/2795 2792/2792
f 2791/2791 2790/2790 2792/2792
f 1991/1991 2393/2393 2392/2392
f 2393/2393 2320/2320 2392/2392
f 2392/2392 2320/2320 2349/2349
f 2312/2312 2314/2314 2320/2320
f 2314/2314 2313/2313 2322/2322
f 4758/4758 4649/4649 4650/4650
f 2476/2476 2319/2319 2368/2368
f 2319/2319 2330/2330 2473/2473
f 2266/2266 2264/2264 2253/2253
f 2252/2252 2251/2251 2253/2253
f 2352/2352 2301/2301 2168/2168
f 4314/4314 5157/5157 5052/5052
f 2301/2301 2164/2164 2168/2168
f 2168/2168 2164/2164 2161/2161
f 2183/2183 2184/2184 2175/2175
f 2207/2207 2209/2209 2204/2204
f 2009/2009 2008/2008 2010/2010
f 501/501 516/516 510/510
f 504/504 512/512 497/497
f 513/513 511/511 512/512
f 503/503 502/502 499/499
f 502/502 518/518 500/500
f 520/520 521/521 494/494
f 143/143 133/133 142/142
f 2794/2794 2799/2799 2784/2784
f 2784/2784 2799/2799 2793/2793
f 2796/2796 2789/2789 2781/2781
f 2349/2349 2320/2320 2332/2332
f 2320/2320 2314/2314 2332/2332
f 4654/4654 4763/4763 4759/4759
f 2322/2322 2476/2476 2368/2368
f 2322/2322 2368/2368 2367/2367
f 5975/5975 5973/5973 5976/5976
f 2368/2368 2319/2319 2472/2472
f 2319/2319 2473/2473 2472/2472
f 2473/2473 2266/2266 2466/2466
f 2253/2253 2251/2251 2254/2254
f 2251/2251 2260/2260 2256/2256
f 2163/2163 2174/2174 2175/2175
f 2183/2183 2215/2215 2184/2184
f 2215/2215 2206/2206 2200/2200
f 2206/2206 2204/2204 2200/2200
f 2345/2345 2140/2140 2138/2138
f 2140/2140 2158/2158 2139/2139
f 2158/2158 2157/2157 2152/2152
f 2157/2157 2116/2116 2152/2152
f 517/517 516/516 507/507
f 507/507 516/516 488/488
f 516/516 501/501 488/488
f 509/509 504/504 505/505
f 498/498 503/503 499/499
f 2538/2538 2539/2539 2554/2554
f 108/108 142/142 133/133
f 2851/2851 2853/2853 2852/2852
f 106/106 115/115 134/134
f 2785/2785 2794/2794 2774/2774
f 2774/2774 2794/2794 2784/2784
f 2792/2792 2795/2795 2773/2773
f 2374/2374 1991/1991 2389/2389
f 2813/2813 2787/2787 2814/2814
f 2813/2813 2797/2797 2787/2787
f 2392/2392 2349/2349 2383/2383
f 2349/2349 2378/2378 2383/2383
f 2349/2349 2332/2332 2378/2378
f 4763/4763 5353/5353 5248/5248
f 4763/4763 5248/5248 4759/4759
f 4759/4759 5438/5438 4767/4767
f 4767/4767 4646/4646 4647/4647
f 2260/2260 2267/2267 2256/2256
f 2267/2267 2352/2352 2168/2168
f 2161/2161 2169/2169 2168/2168
f 2169/2169 2161/2161 2163/2163
f 2175/2175 2184/2184 2177/2177
f 2184/2184 2215/2215 2200/2200
f 2211/2211 2214/2214 2209/2209
f 2214/2214 2211/2211 2138/2138
f 2211/2211 2345/2345 2138/2138
f 2140/2140 2139/2139 2138/2138
f 2158/2158 2152/2152 2139/2139
f 510/510 508/508 493/493
f 492/492 504/504 497/497
f 512/512 511/511 497/497
f 511/511 498/498 497/497
f 498/498 499/499 486/486
f 502/502 490/490 499/499
f 502/502 500/500 490/490
f 520/520 494/494 500/500
f 109/109 98/98 113/113
f 2773/2773 2795/2795 2785/2785
f 1992/1992 1991/1991 1990/1990
f 2789/2789 2790/2790 2783/2783
f 2790/2790 2791/2791 2783/2783
f 2797/2797 2796/2796 2780/2780
f 2797/2797 2780/2780 2787/2787
f 2389/2389 2392/2392 2383/2383
f 4859/4859 4858/4858 4862/4862
f 2332/2332 2314/2314 2323/2323
f 4759/4759 5248/5248 5438/5438
f 2314/2314 2322/2322 2323/2323
f 4647/4647 4646/4646 4645/4645
f 6189/6189 6191/6191 6190/6190
f 4834/4834 4837/4837 4833/4833
f 2466/2466 2266/2266 2362/2362
f 2266/2266 2253/2253 2362/2362
f 2253/2253 2329/2329 2362/2362
f 2329/2329 2253/2253 2254/2254
f 2251/2251 2256/2256 2255/2255
f 2204/2204 2209/2209 2205/2205
f 2138/2138 2139/2139 2137/2137
f 2155/2155 2152/2152 2116/2116
f 493/493 508/508 505/505
f 505/505 504/504 492/492
f 497/497 498/498 496/496
f 496/496 498/498 486/486
f 500/500 491/491 490/490
f 500/500 494/494 495/495
f 138/138 142/142 112/112
f 2851/2851 2852/2852 2850/2850
f 2793/2793 2779/2779 2784/2784
f 2785/2785 2774/2774 2772/2772
f 2789/2789 2783/2783 2781/2781
f 2389/2389 2383/2383 2374/2374
f 2383/2383 2378/2378 2335/2335
f 6136/6136 6137/6137 6138/6138
f 2323/2323 2322/2322 2324/2324
f 4651/4651 4764/4764 4766/4766
f 2163/2163 2175/2175 2170/2170
f 2170/2170 2175/2175 2176/2176
f 2175/2175 2177/2177 2176/2176
f 2177/2177 2184/2184 2200/2200
f 2155/2155 2116/2116 2117/2117
f 2116/2116 2009/2009 2117/2117
f 2117/2117 2009/2009 2010/2010
f 507/507 488/488 489/489
f 501/501 510/510 493/493
f 493/493 505/505 492/492
f 497/497 496/496 479/479
f 2773/2773 2785/2785 2772/2772
f 2791/2791 2759/2759 2783/2783
f 2791/2791 2792/2792 2759/2759
f 2759/2759 2792/2792 2773/2773
f 1991/1991 2374/2374 1989/1989
f 2786/2786 2787/2787 2780/2780
f 2383/2383 2335/2335 2374/2374
f 2378/2378 2332/2332 2335/2335
f 2335/2335 2332/2332 2323/2323
f 2473/2473 2466/2466 2472/2472
f 4833/4833 4830/4830 4832/4832
f 2329/2329 2254/2254 2362/2362
f 2254/2254 2251/2251 2255/2255
f 2267/2267 2168/2168 2256/2256
f 2169/2169 2163/2163 2170/2170
f 2209/2209 2214/2214 2212/2212
f 2209/2209 2212/2212 2205/2205
f 2139/2139 2152/2152 2150/2150
f 2152/2152 2155/2155 2150/2150
f 499/499 490/490 480/480
f 500/500 495/495 491/491
f 137/137 138/138 129/129
f 2793/2793 2838/2838 2779/2779
f 2774/2774 2784/2784 2775/2775
f 2784/2784 2779/2779 2775/2775
f 1990/1990 1991/1991 1989/1989
f 2781/2781 2783/2783 2782/2782
f 2374/2374 2388/2388 1989/1989
f 2374/2374 2335/2335 2364/2364
f 6117/6117 6118/6118 6116/6116
f 5969/5969 5970/5970 5965/5965
f 5965/5965 5970/5970 5977/5977
f 2466/2466 2362/2362 2444/2444
f 2256/2256 2168/2168 2257/2257
f 2168/2168 2169/2169 2201/2201
f 2177/2177 2178/2178 2176/2176
f 2177/2177 2200/2200 2178/2178
f 2200/2200 2190/2190 2182/2182
f 2200/2200 2204/2204 2190/2190
f 2204/2204 2205/2205 2190/2190
f 2212/2212 2214/2214 2213/2213
f 2214/2214 2138/2138 2213/2213
f 2137/2137 2139/2139 2150/2150
f 497/497 479/479 472/472
f 486/486 499/499 480/480
f 2851/2851 2850/2850 2838/2838
f 2775/2775 2779/2779 2778/2778
f 2775/2775 2778/2778 2776/2776
f 2769/2769 2773/2773 2772/2772
f 1990/1990 1989/1989 1988/1988
f 2786/2786 2780/2780 2754/2754
f 2374/2374 2364/2364 2388/2388
f 2364/2364 2335/2335 2326/2326
f 2335/2335 2323/2323 2326/2326
f 2254/2254 2255/2255 2514/2514
f 2257/2257 2168/2168 2201/2201
f 2138/2138 2137/2137 2129/2129
f 2155/2155 2117/2117 2154/2154
f 501/501 493/493 485/485
f 493/493 492/492 476/476
f 497/497 472/472 492/492
f 496/496 486/486 479/479
f 495/495 494/494 469/469
f 469/469 494/494 481/481
f 138/138 112/112 102/102
f 2772/2772 2774/2774 2770/2770
f 2754/2754 2780/2780 2760/2760
f 1989/1989 2388/2388 2385/2385
f 2323/2323 2325/2325 2326/2326
f 4849/4849 4636/4636 4637/4637
f 4642/4642 4640/4640 4641/4641
f 4642/4642 4641/4641 4643/4643
f 2323/2323 2324/2324 2325/2325
f 5290/5290 4645/4645 4643/4643
f 2472/2472 2469/2469 2368/2368
f 2472/2472 2466/2466 2469/2469
f 2362/2362 2254/2254 2463/2463
f 2463/2463 2254/2254 2514/2514
f 2255/2255 2256/2256 2257/2257
f 2169/2169 2171/2171 2201/2201
f 2169/2169 2170/2170 2171/2171
f 2178/2178 2200/2200 2182/2182
f 2182/2182 2190/2190 2179/2179
f 2205/2205 2136/2136 2190/2190
f 2205/2205 2212/2212 2136/2136
f 2213/2213 2129/2129 2212/2212
f 2213/2213 2138/2138 2129/2129
f 2154/2154 2117/2117 2119/2119
f 2117/2117 2010/2010 2118/2118
f 2010/2010 2120/2120 2118/2118
f 489/489 488/488 478/478
f 478/478 488/488 482/482
f 488/488 501/501 482/482
f 501/501 485/485 482/482
f 492/492 475/475 476/476
f 479/479 486/486 473/473
f 486/486 474/474 473/473
f 486/486 480/480 474/474
f 138/138 102/102 129/129
f 2769/2769 2772/2772 2770/2770
f 2774/2774 2771/2771 2770/2770
f 2774/2774 2775/2775 2771/2771
f 2756/2756 2773/2773 2769/2769
f 2782/2782 2783/2783 2758/2758
f 2783/2783 2759/2759 2758/2758
f 2786/2786 2754/2754 2788/2788
f 4624/4624 4625/4625 5297/5297
f 4624/4624 5297/5297 4855/4855
f 2368/2368 2483/2483 2324/2324
f 5965/5965 5977/5977 5967/5967
f 4809/4809 4808/4808 4810/4810
f 4828/4828 4826/4826 4827/4827
f 2444/2444 2362/2362 2463/2463
f 2514/2514 2255/2255 2463/2463
f 2463/2463 2255/2255 2474/2474
f 2474/2474 2255/2255 2257/2257
f 2257/2257 2201/2201 2171/2171
f 2170/2170 2172/2172 2171/2171
f 2172/2172 2170/2170 2173/2173
f 2170/2170 2176/2176 2173/2173
f 2182/2182 2179/2179 2178/2178
f 2191/2191 2190/2190 2136/2136
f 2212/2212 2129/2129 2136/2136
f 2137/2137 2150/2150 2151/2151
f 2117/2117 2118/2118 2119/2119
f 485/485 493/493 476/476
f 490/490 491/491 465/465
f 491/491 468/468 465/465
f 491/491 495/495 468/468
f 468/468 495/495 469/469
f 2838/2838 2850/2850 2847/2847
f 2847/2847 2850/2850 2849/2849
f 2771/2771 2775/2775 2776/2776
f 2759/2759 2773/2773 2756/2756
f 2760/2760 2782/2782 2758/2758
f 4640/4640 4639/4639 4641/4641
f 4641/4641 4639/4639 5391/5391
f 2353/2353 2324/2324 2484/2484
f 5290/5290 4643/4643 4769/4769
f 4769/4769 4643/4643 4768/4768
f 2484/2484 2324/2324 2483/2483
f 5965/5965 5967/5967 5962/5962
f 2483/2483 2368/2368 2469/2469
f 4810/4810 4808/4808 4817/4817
f 2469/2469 2466/2466 2468/2468
f 2466/2466 2444/2444 2468/2468
f 2463/2463 2474/2474 2467/2467
f 2190/2190 2191/2191 2179/2179
f 2129/2129 2137/2137 2128/2128
f 492/492 472/472 475/475
f 480/480 490/490 465/465
f 2779/2779 2751/2751 2778/2778
f 2779/2779 2838/2838 2751/2751
f 2771/2771 2776/2776 2753/2753
f 2758/2758 2759/2759 2755/2755
f 1988/1988 1989/1989 1987/1987
f 4638/4638 4865/4865 5508/5508
f 4638/4638 5508/5508 5391/5391
f 4786/4786 4641/4641 5391/5391
f 4783/4783 4769/4769 4781/4781
f 5333/5333 4823/4823 4826/4826
f 2176/2176 2178/2178 2180/2180
f 2178/2178 2179/2179 2180/2180
f 2128/2128 2137/2137 2151/2151
f 2118/2118 2120/2120 2121/2121
f 475/475 472/472 456/456
f 480/480 465/465 455/455
f 469/469 481/481 458/458
f 2770/2770 2771/2771 2757/2757
f 2776/2776 2778/2778 2777/2777
f 2769/2769 2770/2770 2757/2757
f 2759/2759 2756/2756 2755/2755
f 1987/1987 1989/1989 2390/2390
f 2390/2390 1989/1989 2387/2387
f 1989/1989 2385/2385 2387/2387
f 2385/2385 2361/2361 2386/2386
f 2386/2386 2361/2361 2353/2353
f 4786/4786 5391/5391 4771/4771
f 4782/4782 4781/4781 4780/4780
f 2463/2463 2467/2467 2464/2464
f 2474/2474 2471/2471 2467/2467
f 2474/2474 2257/2257 2471/2471
f 2257/2257 2171/2171 2471/2471
f 2471/2471 2171/2171 2470/2470
f 2470/2470 2171/2171 2172/2172
f 2173/2173 2176/2176 2180/2180
f 2179/2179 2191/2191 2192/2192
f 2191/2191 2136/2136 2130/2130
f 2136/2136 2129/2129 2125/2125
f 2151/2151 2150/2150 2143/2143
f 2150/2150 2154/2154 2143/2143
f 2143/2143 2154/2154 2119/2119
f 2119/2119 2118/2118 2160/2160
f 2118/2118 2122/2122 2160/2160
f 2118/2118 2121/2121 2122/2122
f 489/489 478/478 477/477
f 482/482 485/485 464/464
f 485/485 476/476 464/464
f 472/472 479/479 471/471
f 471/471 479/479 473/473
f 474/474 480/480 455/455
f 129/129 102/102 101/101
f 129/129 101/101 128/128
f 2847/2847 2849/2849 2848/2848
f 2777/2777 2778/2778 2751/2751
f 2757/2757 2771/2771 2753/2753
f 2753/2753 2776/2776 2777/2777
f 2756/2756 2769/2769 2757/2757
f 2754/2754 2760/2760 2740/2740
f 2800/2800 2788/2788 2754/2754
f 2385/2385 2386/2386 2387/2387
f 4628/4628 4629/4629 4630/4630
f 6100/6100 6097/6097 6101/6101
f 4782/4782 4780/4780 4784/4784
f 4309/4309 4340/4340 4310/4310
f 2172/2172 2173/2173 2181/2181
f 2191/2191 2193/2193 2192/2192
f 2136/2136 2125/2125 2130/2130
f 2129/2129 2128/2128 2125/2125
f 478/478 482/482 470/470
f 482/482 464/464 470/470
f 476/476 475/475 457/457
f 475/475 456/456 457/457
f 472/472 471/471 456/456
f 389/389 473/473 474/474
f 455/455 465/465 388/388
f 468/468 469/469 466/466
f 467/467 469/469 434/434
f 469/469 458/458 434/434
f 1988/1988 1987/1987 1986/1986
f 2740/2740 2760/2760 2758/2758
f 2800/2800 2754/2754 2801/2801
f 2394/2394 2387/2387 2386/2386
f 4627/4627 5177/5177 5172/5172
f 4847/4847 4777/4777 4775/4775
f 4806/4806 4808/4808 4807/4807
f 4807/4807 4805/4805 4806/4806
f 2469/2469 2468/2468 2481/2481
f 2444/2444 2463/2463 2441/2441
f 2463/2463 2464/2464 2462/2462
f 2173/2173 2180/2180 2181/2181
f 2180/2180 2179/2179 2202/2202
f 3901/3901 3873/3873 5249/5249
f 2191/2191 2194/2194 2193/2193
f 2191/2191 2130/2130 2194/2194
f 2151/2151 2143/2143 2128/2128
f 464/464 476/476 392/392
f 474/474 455/455 390/390
f 465/465 468/468 466/466
f 469/469 467/467 466/466
f 2753/2753 2777/2777 2752/2752
f 2777/2777 2751/2751 2752/2752
f 2736/2736 2756/2756 2737/2737
f 2756/2756 2757/2757 2737/2737
f 2740/2740 2758/2758 2755/2755
f 2755/2755 2756/2756 2736/2736
f 2390/2390 2387/2387 2413/2413
f 4621/4621 4619/4619 4864/4864
f 5172/5172 5177/5177 5516/5516
f 2386/2386 2395/2395 2394/2394
f 2386/2386 2487/2487 2395/2395
f 2386/2386 2353/2353 2487/2487
f 4772/4772 4775/4775 4774/4774
f 2481/2481 2468/2468 2443/2443
f 2468/2468 2444/2444 2443/2443
f 4822/4822 4821/4821 5356/5356
f 2467/2467 2491/2491 2464/2464
f 2467/2467 2471/2471 2491/2491
f 2181/2181 2180/2180 2505/2505
f 2192/2192 2195/2195 2179/2179
f 2194/2194 2130/2130 2334/2334
f 2143/2143 2119/2119 2153/2153
f 2119/2119 2160/2160 2153/2153
f 477/477 478/478 362/362
f 478/478 470/470 362/362
f 476/476 457/457 392/392
f 457/457 456/456 375/375
f 2751/2751 2847/2847 2735/2735
f 2739/2739 2757/2757 2753/2753
f 2747/2747 2754/2754 2742/2742
f 2754/2754 2740/2740 2742/2742
f 2801/2801 2754/2754 2747/2747
f 6094/6094 6097/6097 6096/6096
f 6096/6096 6095/6095 6094/6094
f 6094/6094 6095/6095 6090/6090
f 2353/2353 2484/2484 2487/2487
f 2487/2487 2484/2484 2486/2486
f 2484/2484 2483/2483 2486/2486
f 2486/2486 2483/2483 2482/2482
f 2443/2443 2444/2444 2441/2441
f 2463/2463 2462/2462 2441/2441
f 2491/2491 2471/2471 2465/2465
f 2471/2471 2470/2470 2465/2465
f 2202/2202 2179/2179 2197/2197
f 2179/2179 2195/2195 2197/2197
f 2195/2195 2192/2192 2193/2193
f 3873/3873 3868/3868 5249/5249
f 2193/2193 2194/2194 2334/2334
f 2128/2128 2131/2131 2126/2126
f 2131/2131 2128/2128 2142/2142
f 2128/2128 2143/2143 2142/2142
f 2122/2122 2121/2121 2123/2123
f 477/477 362/362 435/435
f 392/392 457/457 374/374
f 471/471 473/473 389/389
f 465/465 466/466 388/388
f 466/466 467/467 391/391
f 2757/2757 2739/2739 2737/2737
f 2740/2740 2755/2755 2736/2736
f 2481/2481 2443/2443 2482/2482
f 4359/4359 5511/5511 4360/4360
f 2465/2465 2470/2470 2453/2453
f 2180/2180 2199/2199 2505/2505
f 2180/2180 2202/2202 2199/2199
f 5249/5249 3868/3868 3866/3866
f 2334/2334 2130/2130 2141/2141
f 2125/2125 2128/2128 2126/2126
f 2143/2143 2153/2153 2142/2142
f 2122/2122 2123/2123 2124/2124
f 464/464 392/392 359/359
f 457/457 375/375 374/374
f 456/456 471/471 389/389
f 389/389 474/474 390/390
f 390/390 455/455 360/360
f 2847/2847 2848/2848 2845/2845
f 2847/2847 2845/2845 2846/2846
f 2751/2751 2735/2735 2734/2734
f 2753/2753 2752/2752 2733/2733
f 2733/2733 2752/2752 2751/2751
f 2395/2395 2487/2487 2415/2415
f 4791/4791 4788/4788 4790/4790
f 4791/4791 4792/4792 4793/4793
f 2482/2482 2443/2443 2516/2516
f 4802/4802 4803/4803 4804/4804
f 2464/2464 2491/2491 2465/2465
f 2470/2470 2172/2172 2453/2453
f 2202/2202 2197/2197 2199/2199
f 3869/3869 3905/3905 3872/3872
f 3872/3872 3870/3870 3869/3869
f 2195/2195 2193/2193 2196/2196
f 2193/2193 2334/2334 2196/2196
f 2196/2196 2334/2334 2141/2141
f 2130/2130 2125/2125 2127/2127
f 2160/2160 2122/2122 2153/2153
f 362/362 464/464 359/359
f 392/392 374/374 357/357
f 375/375 456/456 389/389
f 455/455 388/388 360/360
f 467/467 434/434 391/391
f 125/125 127/127 126/126
f 2751/2751 2734/2734 2733/2733
f 2739/2739 2753/2753 2727/2727
f 2727/2727 2753/2753 2733/2733
f 2736/2736 2737/2737 2721/2721
f 2390/2390 2413/2413 2412/2412
f 6120/6120 6119/6119 6122/6122
f 2412/2412 2395/2395 2408/2408
f 6120/6120 6122/6122 6124/6124
f 4571/4571 4573/4573 4568/4568
f 3748/3748 3749/3749 3750/3750
f 2487/2487 2486/2486 2415/2415
f 2485/2485 2482/2482 2456/2456
f 2453/2453 2172/2172 2506/2506
f 2172/2172 2181/2181 2505/2505
f 2172/2172 2505/2505 2506/2506
f 3867/3867 3869/3869 3870/3870
f 2141/2141 2130/2130 2127/2127
f 2131/2131 2142/2142 2144/2144
f 2153/2153 2124/2124 2149/2149
f 2153/2153 2122/2122 2124/2124
f 2124/2124 2123/2123 2106/2106
f 435/435 362/362 361/361
f 359/359 392/392 358/358
f 392/392 357/357 358/358
f 360/360 388/388 387/387
f 466/466 391/391 388/388
f 2737/2737 2738/2738 2721/2721
f 2740/2740 2736/2736 2726/2726
f 2747/2747 2744/2744 2748/2748
f 2747/2747 2742/2742 2744/2744
f 4617/4617 4618/4618 4616/4616
f 4568/4568 4573/4573 4569/4569
f 4791/4791 4790/4790 4792/4792
f 2482/2482 2516/2516 2456/2456
f 4804/4804 4803/4803 4868/4868
f 2443/2443 2442/2442 2516/2516
f 2462/2462 2464/2464 2465/2465
f 2197/2197 2195/2195 2198/2198
f 2195/2195 2196/2196 2198/2198
f 2196/2196 2141/2141 2331/2331
f 2125/2125 2126/2126 2127/2127
f 3846/3846 3848/3848 5085/5085
f 2142/2142 2153/2153 2144/2144
f 435/435 361/361 506/506
f 362/362 359/359 336/336
f 336/336 359/359 335/335
f 357/357 374/374 364/364
f 374/374 375/375 364/364
f 375/375 389/389 327/327
f 389/389 390/390 365/365
f 2633/2633 2635/2635 2636/2636
f 434/434 458/458 433/433
f 2734/2734 2735/2735 2732/2732
f 2738/2738 2737/2737 2722/2722
f 2737/2737 2739/2739 2722/2722
f 2736/2736 2721/2721 2726/2726
f 1986/1986 1987/1987 1985/1985
f 1987/1987 2390/2390 1985/1985
f 2412/2412 2408/2408 2411/2411
f 2395/2395 2415/2415 2408/2408
f 2414/2414 2408/2408 2415/2415
f 4568/4568 4569/4569 4567/4567
f 4564/4564 4575/4575 4563/4563
f 2415/2415 2486/2486 2488/2488
f 2486/2486 2482/2482 2485/2485
f 2486/2486 2485/2485 2488/2488
f 6285/6285 6283/6283 6282/6282
f 2442/2442 2443/2443 2441/2441
f 2197/2197 2198/2198 2199/2199
f 2126/2126 2131/2131 2132/2132
f 2131/2131 2144/2144 2132/2132
f 2153/2153 2149/2149 2144/2144
f 506/506 361/361 483/483
f 361/361 362/362 336/336
f 359/359 358/358 335/335
f 358/358 357/357 335/335
f 364/364 375/375 363/363
f 375/375 327/327 363/363
f 365/365 390/390 360/360
f 388/388 391/391 329/329
f 2846/2846 2843/2843 2732/2732
f 2846/2846 2845/2845 2843/2843
f 2843/2843 2845/2845 2844/2844
f 2727/2727 2733/2733 2730/2730
f 2721/2721 2738/2738 2722/2722
f 2722/2722 2739/2739 2727/2727
f 1986/1986 1985/1985 1984/1984
f 2742/2742 2740/2740 2741/2741
f 2740/2740 2726/2726 2741/2741
f 1985/1985 2390/2390 2391/2391
f 4617/4617 4616/4616 4604/4604
f 2391/2391 2390/2390 2411/2411
f 2390/2390 2412/2412 2411/2411
f 2407/2407 2411/2411 2408/2408
f 2488/2488 2485/2485 2513/2513
f 4792/4792 4795/4795 4846/4846
f 4846/4846 4798/4798 4794/4794
f 2456/2456 2516/2516 2442/2442
f 2441/2441 2462/2462 2460/2460
f 2462/2462 2465/2465 2461/2461
f 2453/2453 2506/2506 2446/2446
f 2446/2446 2506/2506 2508/2508
f 2199/2199 2198/2198 2518/2518
f 2198/2198 2196/2196 2331/2331
f 2141/2141 2127/2127 2331/2331
f 2132/2132 2144/2144 2135/2135
f 2106/2106 2105/2105 2149/2149
f 389/389 365/365 327/327
f 387/387 388/388 322/322
f 391/391 434/434 329/329
f 2726/2726 2721/2721 2725/2725
f 2748/2748 2744/2744 2746/2746
f 2408/2408 2403/2403 2407/2407
f 3712/3712 3713/3713 3714/3714
f 3481/3481 3482/3482 3483/3483
f 4563/4563 4562/4562 4560/4560
f 2414/2414 2415/2415 2404/2404
f 2415/2415 2488/2488 2404/2404
f 6282/6282 6283/6283 6284/6284
f 2505/2505 2199/2199 1891/1891
f 2198/2198 2331/2331 1889/1889
f 2331/2331 2127/2127 1887/1887
f 3902/3902 3864/3864 3860/3860
f 2127/2127 2126/2126 2132/2132
f 2135/2135 2144/2144 2147/2147
f 2149/2149 2105/2105 2104/2104
f 2105/2105 2106/2106 2102/2102
f 336/336 335/335 332/332
f 363/363 327/327 319/319
f 327/327 365/365 323/323
f 2733/2733 2734/2734 2730/2730
f 2734/2734 2732/2732 2730/2730
f 2722/2722 2727/2727 2724/2724
f 2411/2411 2406/2406 2391/2391
f 2411/2411 2407/2407 2406/2406
f 2407/2407 2403/2403 2406/2406
f 4562/4562 4565/4565 4561/4561
f 4800/4800 4798/4798 4801/4801
f 2485/2485 2456/2456 2454/2454
f 2456/2456 2442/2442 2454/2454
f 4368/4368 4373/4373 4367/4367
f 4361/4361 4363/4363 5083/5083
f 2441/2441 2460/2460 2440/2440
f 2465/2465 2448/2448 2461/2461
f 2465/2465 2453/2453 2448/2448
f 2508/2508 2506/2506 2507/2507
f 2506/2506 2505/2505 2507/2507
f 2505/2505 1893/1893 2507/2507
f 1893/1893 2505/2505 1891/1891
f 2199/2199 2518/2518 1891/1891
f 2198/2198 1889/1889 2518/2518
f 2331/2331 1886/1886 1889/1889
f 2331/2331 1887/1887 1886/1886
f 3859/3859 3860/3860 3861/3861
f 3859/3859 3861/3861 3903/3903
f 3859/3859 5379/5379 3904/3904
f 2132/2132 2135/2135 2134/2134
f 3837/3837 3838/3838 5088/5088
f 2144/2144 2149/2149 2147/2147
f 2105/2105 2102/2102 2104/2104
f 335/335 357/357 334/334
f 357/357 364/364 334/334
f 364/364 363/363 333/333
f 365/365 360/360 323/323
f 360/360 387/387 322/322
f 322/322 388/388 328/328
f 388/388 329/329 328/328
f 329/329 434/434 426/426
f 52/52 73/73 71/71
f 2721/2721 2722/2722 2723/2723
f 2725/2725 2721/2721 2723/2723
f 2744/2744 2742/2742 2743/2743
f 2742/2742 2741/2741 2743/2743
f 4606/4606 4605/4605 4559/4559
f 4539/4539 4535/4535 5324/5324
f 2485/2485 2454/2454 2495/2495
f 2442/2442 2441/2441 2438/2438
f 5083/5083 4363/4363 5338/5338
f 2462/2462 2461/2461 2460/2460
f 2448/2448 2453/2453 2446/2446
f 2134/2134 2135/2135 2147/2147
f 5817/5817 5818/5818 5815/5815
f 2149/2149 2104/2104 2147/2147
f 332/332 335/335 318/318
f 335/335 334/334 318/318
f 363/363 319/319 333/333
f 323/323 360/360 313/313
f 360/360 322/322 313/313
f 434/434 433/433 426/426
f 2741/2741 2726/2726 2745/2745
f 2726/2726 2725/2725 2745/2745
f 2746/2746 2744/2744 2743/2743
f 2406/2406 2403/2403 2402/2402
f 2403/2403 2414/2414 2404/2404
f 4536/4536 4534/4534 4535/4535
f 5334/5334 5324/5324 4555/4555
f 5334/5334 4542/4542 5292/5292
f 2454/2454 2442/2442 2438/2438
f 6215/6215 6218/6218 6217/6217
f 2441/2441 2440/2440 2438/2438
f 2460/2460 2461/2461 2449/2449
f 2461/2461 2448/2448 2449/2449
f 2507/2507 1893/1893 1894/1894
f 1893/1893 1891/1891 1892/1892
f 2518/2518 1889/1889 1891/1891
f 5379/5379 3887/3887 5088/5088
f 3891/3891 5088/5088 3888/3888
f 483/483 361/361 341/341
f 361/361 336/336 341/341
f 341/341 336/336 340/340
f 334/334 364/364 333/333
f 2732/2732 2843/2843 2839/2839
f 2730/2730 2732/2732 2731/2731
f 2727/2727 2730/2730 2729/2729
f 1984/1984 1985/1985 1981/1981
f 1984/1984 1981/1981 1983/1983
f 1985/1985 2391/2391 1981/1981
f 2391/2391 2406/2406 2396/2396
f 2406/2406 2402/2402 2396/2396
f 2402/2402 2403/2403 2401/2401
f 4557/4557 4533/4533 5517/5517
f 5517/5517 4533/4533 4538/4538
f 4536/4536 4538/4538 4534/4534
f 4555/4555 4535/4535 4540/4540
f 1893/1893 1892/1892 1894/1894
f 1891/1891 1889/1889 1890/1890
f 1887/1887 2127/2127 2133/2133
f 2127/2127 2132/2132 2133/2133
f 2147/2147 2104/2104 2156/2156
f 2156/2156 2104/2104 2101/2101
f 318/318 334/334 300/300
f 334/334 333/333 300/300
f 319/319 327/327 303/303
f 327/327 323/323 303/303
f 313/313 322/322 304/304
f 322/322 328/328 317/317
f 426/426 433/433 427/427
f 2731/2731 2732/2732 2839/2839
f 2724/2724 2727/2727 2728/2728
f 2727/2727 2729/2729 2728/2728
f 2723/2723 2722/2722 2724/2724
f 2746/2746 2749/2749 2825/2825
f 2746/2746 2743/2743 2749/2749
f 2743/2743 2741/2741 2745/2745
f 2403/2403 2404/2404 2401/2401
f 2404/2404 2405/2405 2401/2401
f 2404/2404 2495/2495 2477/2477
f 4542/4542 4553/4553 5292/5292
f 2495/2495 2454/2454 2512/2512
f 6217/6217 6218/6218 6219/6219
f 2440/2440 2439/2439 2438/2438
f 4352/4352 5153/5153 4353/4353
f 2449/2449 2448/2448 2445/2445
f 2448/2448 2446/2446 2445/2445
f 2507/2507 1894/1894 2509/2509
f 1892/1892 1891/1891 1890/1890
f 1889/1889 1888/1888 1890/1890
f 1889/1889 1886/1886 1888/1888
f 1886/1886 1887/1887 1885/1885
f 1887/1887 2133/2133 1885/1885
f 2132/2132 2134/2134 2133/2133
f 2134/2134 2147/2147 2146/2146
f 341/341 340/340 337/337
f 340/340 332/332 310/310
f 332/332 318/318 310/310
f 318/318 300/300 308/308
f 333/333 319/319 301/301
f 319/319 292/292 291/291
f 322/322 317/317 304/304
f 328/328 321/321 317/317
f 328/328 329/329 321/321
f 2839/2839 2843/2843 2842/2842
f 2843/2843 2844/2844 2842/2842
f 2729/2729 2730/2730 2731/2731
f 2396/2396 2402/2402 2401/2401
f 4533/4533 4556/4556 4532/4532
f 2404/2404 2477/2477 2405/2405
f 2477/2477 2495/2495 2511/2511
f 2511/2511 2495/2495 2512/2512
f 2508/2508 2507/2507 2509/2509
f 2133/2133 2134/2134 1883/1883
f 2146/2146 2147/2147 2148/2148
f 2147/2147 2156/2156 2148/2148
f 2104/2104 2102/2102 2101/2101
f 2101/2101 2102/2102 2100/2100
f 483/483 341/341 339/339
f 483/483 339/339 484/484
f 341/341 337/337 339/339
f 340/340 310/310 337/337
f 300/300 333/333 301/301
f 300/300 301/301 293/293
f 319/319 291/291 301/301
f 323/323 313/313 303/303
f 321/321 329/329 425/425
f 329/329 426/426 425/425
f 2723/2723 2724/2724 2750/2750
f 2724/2724 2728/2728 2750/2750
f 2725/2725 2723/2723 2745/2745
f 2749/2749 2743/2743 2765/2765
f 2825/2825 2749/2749 2701/2701
f 2396/2396 2401/2401 2400/2400
f 4532/4532 4576/4576 4531/4531
f 2401/2401 2405/2405 2409/2409
f 4537/4537 4544/4544 4541/4541
f 4553/4553 4543/4543 4547/4547
f 2454/2454 2438/2438 2437/2437
f 2438/2438 2439/2439 2422/2422
f 2440/2440 2460/2460 2439/2439
f 5347/5347 4232/4232 4875/4875
f 2445/2445 2446/2446 2447/2447
f 2447/2447 2446/2446 2475/2475
f 2446/2446 2508/2508 2475/2475
f 2508/2508 2509/2509 2475/2475
f 1894/1894 1892/1892 1895/1895
f 1892/1892 1890/1890 1895/1895
f 1888/1888 1886/1886 1885/1885
f 1883/1883 2134/2134 2145/2145
f 3882/3882 3885/3885 3886/3886
f 2156/2156 2101/2101 2148/2148
f 318/318 308/308 310/310
f 292/292 319/319 290/290
f 319/319 303/303 290/290
f 290/290 303/303 289/289
f 2729/2729 2731/2731 2766/2766
f 2750/2750 2728/2728 2764/2764
f 2745/2745 2723/2723 2762/2762
f 1983/1983 1981/1981 1980/1980
f 2743/2743 2761/2761 2765/2765
f 2743/2743 2745/2745 2761/2761
f 4531/4531 4576/4576 4610/4610
f 4541/4541 4544/4544 4554/4554
f 4547/4547 4543/4543 4546/4546
f 2511/2511 2512/2512 2455/2455
f 2460/2460 2449/2449 2450/2450
f 2475/2475 2509/2509 2500/2500
f 1890/1890 1888/1888 1855/1855
f 1885/1885 2133/2133 1909/1909
f 2133/2133 1883/1883 1909/1909
f 3886/3886 3885/3885 3898/3898
f 308/308 300/300 294/294
f 303/303 313/313 302/302
f 313/313 304/304 302/302
f 317/317 321/321 320/320
f 2839/2839 2842/2842 2840/2840
f 2731/2731 2839/2839 2767/2767
f 2728/2728 2729/2729 2763/2763
f 2763/2763 2729/2729 2766/2766
f 2766/2766 2731/2731 2767/2767
f 2723/2723 2750/2750 2762/2762
f 1981/1981 2391/2391 1979/1979
f 2391/2391 2396/2396 1979/1979
f 2396/2396 2400/2400 2397/2397
f 4610/4610 4527/4527 4528/4528
f 2409/2409 2405/2405 2410/2410
f 4554/4554 4545/4545 4541/4541
f 2455/2455 2512/2512 2454/2454
f 2460/2460 2498/2498 2439/2439
f 2460/2460 2450/2450 2498/2498
f 2449/2449 2445/2445 2450/2450
f 4233/4233 4232/4232 4230/4230
f 5765/5765 5764/5764 5757/5757
f 2509/2509 1894/1894 2500/2500
f 1894/1894 1895/1895 2502/2502
f 1888/1888 1885/1885 1855/1855
f 2145/2145 2134/2134 2114/2114
f 2134/2134 2146/2146 2114/2114
f 2148/2148 2115/2115 2146/2146
f 2148/2148 2101/2101 2115/2115
f 2115/2115 2101/2101 2098/2098
f 2101/2101 2100/2100 2098/2098
f 484/484 339/339 450/450
f 339/339 337/337 338/338
f 337/337 316/316 338/338
f 337/337 310/310 316/316
f 316/316 310/310 311/311
f 300/300 293/293 294/294
f 292/292 281/281 276/276
f 292/292 290/290 281/281
f 289/289 303/303 302/302
f 425/425 426/426 424/424
f 426/426 427/427 424/424
f 1980/1980 1981/1981 1979/1979
f 2765/2765 2761/2761 2768/2768
f 2745/2745 2762/2762 2761/2761
f 2701/2701 2749/2749 2704/2704
f 2396/2396 2397/2397 1979/1979
f 2400/2400 2401/2401 2399/2399
f 6004/6004 6000/6000 6003/6003
f 2405/2405 2477/2477 2455/2455
f 2438/2438 2422/2422 2437/2437
f 2447/2447 2475/2475 2499/2499
f 4385/4385 5066/5066 5160/5160
f 5749/5749 5750/5750 5751/5751
f 2500/2500 1894/1894 2502/2502
f 1885/1885 1909/1909 1881/1881
f 3898/3898 3885/3885 5303/5303
f 2098/2098 2100/2100 2099/2099
f 450/450 339/339 366/366
f 3016/3016 3013/3013 2993/2993
f 304/304 317/317 305/305
f 321/321 425/425 320/320
f 320/320 425/425 424/424
f 2728/2728 2763/2763 2764/2764
f 2764/2764 2763/2763 2819/2819
f 2816/2816 2750/2750 2764/2764
f 2704/2704 2749/2749 2818/2818
f 2749/2749 2765/2765 2818/2818
f 2765/2765 2768/2768 2818/2818
f 4528/4528 4527/4527 4525/4525
f 2410/2410 2405/2405 2428/2428
f 2405/2405 2455/2455 2428/2428
f 2454/2454 2437/2437 2455/2455
f 2498/2498 2450/2450 2439/2439
f 4235/4235 4876/4876 4236/4236
f 2445/2445 2447/2447 2451/2451
f 4243/4243 4236/4236 5161/5161
f 5757/5757 5752/5752 5749/5749
f 2475/2475 2500/2500 2499/2499
f 2500/2500 2502/2502 2501/2501
f 5124/5124 3913/3913 3920/3920
f 1881/1881 1909/1909 1883/1883
f 1883/1883 2145/2145 1884/1884
f 2146/2146 2115/2115 2114/2114
f 3898/3898 5303/5303 3893/3893
f 301/301 291/291 293/293
f 290/290 289/289 285/285
f 317/317 320/320 305/305
f 424/424 427/427 428/428
f 2762/2762 2750/2750 2816/2816
f 2762/2762 2816/2816 2817/2817
f 2701/2701 2704/2704 2700/2700
f 2704/2704 2818/2818 2700/2700
f 4525/4525 4527/4527 4526/4526
f 2437/2437 2422/2422 2425/2425
f 2450/2450 2445/2445 2451/2451
f 4235/4235 4230/4230 4885/4885
f 4236/4236 4876/4876 5325/5325
f 5761/5761 5762/5762 5759/5759
f 5749/5749 5752/5752 5750/5750
f 1895/1895 1890/1890 1861/1861
f 1890/1890 1855/1855 1861/1861
f 1881/1881 1883/1883 1882/1882
f 1883/1883 1884/1884 1882/1882
f 3894/3894 3895/3895 3897/3897
f 294/294 293/293 279/279
f 293/293 291/291 279/279
f 281/281 290/290 282/282
f 289/289 302/302 288/288
f 302/302 304/304 299/299
f 304/304 305/305 299/299
f 2763/2763 2766/2766 2822/2822
f 2761/2761 2762/2762 2768/2768
f 2699/2699 2701/2701 2700/2700
f 1979/1979 2397/2397 2398/2398
f 2397/2397 2399/2399 2398/2398
f 2398/2398 2399/2399 2492/2492
f 2399/2399 2410/2410 2492/2492
f 4525/4525 4526/4526 4524/4524
f 2428/2428 2455/2455 2426/2426
f 2426/2426 2455/2455 2437/2437
f 2422/2422 2439/2439 2423/2423
f 2423/2423 2439/2439 2452/2452
f 2439/2439 2450/2450 2452/2452
f 2450/2450 2451/2451 2452/2452
f 2499/2499 2500/2500 2501/2501
f 3916/3916 3917/3917 3915/3915
f 2502/2502 1895/1895 2504/2504
f 2504/2504 1895/1895 1861/1861
f 1885/1885 1881/1881 1855/1855
f 2145/2145 2114/2114 1884/1884
f 5739/5739 5738/5738 5737/5737
f 2114/2114 2115/2115 2098/2098
f 3893/3893 5303/5303 3896/3896
f 450/450 366/366 399/399
f 339/339 338/338 366/366
f 366/366 338/338 352/352
f 338/338 316/316 352/352
f 316/316 351/351 352/352
f 351/351 316/316 312/312
f 316/316 311/311 312/312
f 311/311 308/308 309/309
f 308/308 294/294 309/309
f 279/279 291/291 276/276
f 290/290 285/285 282/282
f 302/302 299/299 288/288
f 305/305 320/320 331/331
f 118/118 54/54 119/119
f 2767/2767 2840/2840 2841/2841
f 2763/2763 2822/2822 2819/2819
f 2822/2822 2766/2766 2823/2823
f 2766/2766 2767/2767 2823/2823
f 2764/2764 2819/2819 2816/2816
f 2410/2410 2428/2428 2492/2492
f 2437/2437 2425/2425 2426/2426
f 6252/6252 6253/6253 6254/6254
f 4877/4877 5496/5496 5046/5046
f 2451/2451 2447/2447 2459/2459
f 2447/2447 2499/2499 2459/2459
f 1855/1855 1881/1881 1853/1853
f 5739/5739 5737/5737 5740/5740
f 2098/2098 2099/2099 2097/2097
f 450/450 399/399 449/449
f 366/366 352/352 399/399
f 309/309 294/294 295/295
f 276/276 281/281 277/277
f 281/281 282/282 277/277
f 285/285 289/289 284/284
f 331/331 320/320 424/424
f 2767/2767 2841/2841 2823/2823
f 2817/2817 2816/2816 2827/2827
f 43/43 111/111 164/164
f 2700/2700 2818/2818 2696/2696
f 2398/2398 2492/2492 2493/2493
f 5383/5383 4522/4522 4520/4520
f 4203/4203 4204/4204 4202/4202
f 4203/4203 4202/4202 4201/4201
f 4196/4196 4198/4198 4200/4200
f 2499/2499 2501/2501 2510/2510
f 1861/1861 1855/1855 1858/1858
f 1853/1853 1881/1881 1882/1882
f 311/311 309/309 312/312
f 3032/3032 3033/3033 3013/3013
f 294/294 279/279 295/295
f 289/289 288/288 284/284
f 288/288 299/299 298/298
f 305/305 306/306 299/299
f 424/424 428/428 429/429
f 2823/2823 2841/2841 2877/2877
f 2768/2768 2817/2817 2821/2821
f 2768/2768 2762/2762 2817/2817
f 1980/1980 1979/1979 1977/1977
f 2818/2818 2768/2768 2820/2820
f 2425/2425 2422/2422 2424/2424
f 2424/2424 2422/2422 2421/2421
f 2452/2452 2451/2451 2457/2457
f 2457/2457 2451/2451 2458/2458
f 2451/2451 2459/2459 2458/2458
f 2499/2499 2510/2510 2459/2459
f 4200/4200 4198/4198 4199/4199
f 2510/2510 2501/2501 1906/1906
f 2501/2501 2502/2502 2503/2503
f 2502/2502 2504/2504 2503/2503
f 2504/2504 1861/1861 1860/1860
f 1882/1882 1884/1884 1896/1896
f 1884/1884 2114/2114 2096/2096
f 1884/1884 2096/2096 2112/2112
f 2114/2114 2098/2098 2096/2096
f 2098/2098 2097/2097 2096/2096
f 399/399 352/352 350/350
f 352/352 351/351 350/350
f 285/285 284/284 282/282
f 284/284 288/288 287/287
f 306/306 305/305 331/331
f 2816/2816 2819/2819 2824/2824
f 2822/2822 2823/2823 2830/2830
f 2827/2827 2816/2816 2826/2826
f 2816/2816 2824/2824 2826/2826
f 2817/2817 2827/2827 2829/2829
f 1979/1979 2398/2398 1978/1978
f 1979/1979 1978/1978 1977/1977
f 2768/2768 2821/2821 2820/2820
f 2696/2696 2818/2818 2820/2820
f 2398/2398 2493/2493 1978/1978
f 5383/5383 4520/4520 4518/4518
f 2421/2421 2422/2422 2423/2423
f 2423/2423 2452/2452 2070/2070
f 2423/2423 2070/2070 2071/2071
f 2070/2070 2452/2452 2069/2069
f 2452/2452 2457/2457 2069/2069
f 4205/4205 4204/4204 4206/4206
f 6324/6324 6319/6319 6318/6318
f 4201/4201 4202/4202 4194/4194
f 6327/6327 6328/6328 6318/6318
f 1861/1861 1858/1858 1860/1860
f 1882/1882 1896/1896 1853/1853
f 399/399 350/350 449/449
f 350/350 351/351 344/344
f 351/351 312/312 344/344
f 312/312 309/309 314/314
f 309/309 297/297 314/314
f 295/295 279/279 296/296
f 279/279 276/276 278/278
f 276/276 277/277 278/278
f 280/280 277/277 282/282
f 288/288 298/298 287/287
f 331/331 330/330 306/306
f 331/331 424/424 430/430
f 424/424 429/429 430/430
f 2492/2492 2430/2430 2493/2493
f 2492/2492 2428/2428 2430/2430
f 2426/2426 2425/2425 2424/2424
f 4194/4194 4193/4193 4192/4192
f 4197/4197 4192/4192 4208/4208
f 4197/4197 4208/4208 4199/4199
f 1906/1906 2501/2501 2503/2503
f 2503/2503 2504/2504 1860/1860
f 1896/1896 1884/1884 1905/1905
f 1884/1884 2112/2112 1905/1905
f 2096/2096 2097/2097 2094/2094
f 312/312 326/326 344/344
f 312/312 314/314 326/326
f 3053/3053 3040/3040 3039/3039
f 309/309 295/295 297/297
f 277/277 280/280 278/278
f 298/298 299/299 307/307
f 299/299 306/306 307/307
f 331/331 430/430 330/330
f 2819/2819 2828/2828 2824/2824
f 2828/2828 2819/2819 2822/2822
f 2821/2821 2817/2817 2829/2829
f 1978/1978 2493/2493 2494/2494
f 2426/2426 2424/2424 2427/2427
f 4452/4452 4456/4456 4451/4451
f 4217/4217 4882/4882 4214/4214
f 6317/6317 6320/6320 6318/6318
f 2459/2459 2496/2496 2458/2458
f 2459/2459 2510/2510 2496/2496
f 5855/5855 5852/5852 5856/5856
f 5855/5855 5856/5856 5857/5857
f 2510/2510 1906/1906 2496/2496
f 5509/5509 4113/4113 4109/4109
f 1860/1860 1858/1858 1859/1859
f 1855/1855 1853/1853 1852/1852
f 1852/1852 1853/1853 1854/1854
f 1853/1853 1896/1896 1854/1854
f 1854/1854 1896/1896 1905/1905
f 2112/2112 2096/2096 2095/2095
f 2096/2096 2094/2094 2095/2095
f 449/449 350/350 349/349
f 295/295 296/296 297/297
f 279/279 278/278 325/325
f 3060/3060 3091/3091 3090/3090
f 430/430 429/429 431/431
f 2822/2822 2830/2830 2828/2828
f 1977/1977 1978/1978 1975/1975
f 2696/2696 2702/2702 2697/2697
f 2702/2702 2696/2696 2835/2835
f 2696/2696 2820/2820 2835/2835
f 2494/2494 2493/2493 2515/2515
f 2430/2430 2428/2428 2429/2429
f 2421/2421 2423/2423 2071/2071
f 5390/5390 4424/4424 4422/4422
f 4214/4214 4882/4882 4216/4216
f 6325/6325 6318/6318 6321/6321
f 5855/5855 5854/5854 5852/5852
f 4113/4113 4110/4110 4109/4109
f 4106/4106 4109/4109 4108/4108
f 1899/1899 1906/1906 2503/2503
f 3922/3922 4105/4105 4114/4114
f 2503/2503 1860/1860 1880/1880
f 1858/1858 1855/1855 1856/1856
f 1855/1855 1852/1852 1856/1856
f 2095/2095 2094/2094 2093/2093
f 2094/2094 2097/2097 2110/2110
f 350/350 344/344 349/349
f 314/314 297/297 342/342
f 296/296 279/279 325/325
f 282/282 283/283 280/280
f 282/282 284/284 283/283
f 2824/2824 2828/2828 2833/2833
f 2830/2830 2832/2832 2828/2828
f 2826/2826 2824/2824 2831/2831
f 2829/2829 2827/2827 2831/2831
f 2827/2827 2826/2826 2831/2831
f 2821/2821 2829/2829 2836/2836
f 2820/2820 2821/2821 2836/2836
f 1978/1978 2494/2494 1975/1975
f 2493/2493 2430/2430 2515/2515
f 4597/4597 4595/4595 4599/4599
f 4512/4512 4515/4515 4614/4614
f 2428/2428 2426/2426 2427/2427
f 4451/4451 4456/4456 5364/5364
f 2071/2071 2070/2070 2068/2068
f 2457/2457 2458/2458 2066/2066
f 4109/4109 4110/4110 4108/4108
f 2503/2503 1880/1880 1899/1899
f 1860/1860 1859/1859 1880/1880
f 1858/1858 1856/1856 1859/1859
f 1905/1905 1872/1872 1854/1854
f 1905/1905 2112/2112 1872/1872
f 278/278 280/280 343/343
f 283/283 284/284 286/286
f 287/287 298/298 324/324
f 298/298 307/307 324/324
f 330/330 430/430 372/372
f 431/431 429/429 461/461
f 2832/2832 2830/2830 2882/2882
f 2831/2831 2824/2824 2833/2833
f 2829/2829 2831/2831 2837/2837
f 1977/1977 1975/1975 1976/1976
f 2835/2835 2820/2820 2836/2836
f 2494/2494 2515/2515 2479/2479
f 2428/2428 2427/2427 2429/2429
f 2424/2424 2421/2421 2433/2433
f 2433/2433 2421/2421 2074/2074
f 2563/2563 2562/2562 2559/2559
f 2071/2071 2068/2068 2074/2074
f 2070/2070 2069/2069 2068/2068
f 2069/2069 2457/2457 2066/2066
f 5838/5838 5839/5839 5840/5840
f 2496/2496 2080/2080 2458/2458
f 4189/4189 4191/4191 4207/4207
f 2496/2496 2497/2497 2080/2080
f 2496/2496 1906/1906 2497/2497
f 1906/1906 1899/1899 1904/1904
f 1856/1856 1852/1852 1857/1857
f 2112/2112 2095/2095 2093/2093
f 2093/2093 2094/2094 2091/2091
f 2094/2094 2110/2110 2103/2103
f 348/348 344/344 326/326
f 297/297 296/296 345/345
f 296/296 325/325 345/345
f 284/284 287/287 286/286
f 286/286 287/287 324/324
f 306/306 330/330 315/315
f 372/372 430/430 431/431
f 2877/2877 2878/2878 2882/2882
f 2831/2831 2833/2833 2834/2834
f 2836/2836 2829/2829 2837/2837
f 2835/2835 2836/2836 2873/2873
f 2494/2494 2479/2479 1975/1975
f 2515/2515 2430/2430 2479/2479
f 2430/2430 2478/2478 2479/2479
f 2429/2429 2427/2427 2431/2431
f 2424/2424 2433/2433 2427/2427
f 2559/2559 2557/2557 2556/2556
f 2421/2421 2071/2071 2074/2074
f 2068/2068 2069/2069 2059/2059
f 4884/4884 4421/4421 4425/4425
f 2069/2069 2066/2066 2059/2059
f 2458/2458 2079/2079 2066/2066
f 2079/2079 2458/2458 2080/2080
f 2497/2497 1906/1906 1904/1904
f 1899/1899 1898/1898 1904/1904
f 1899/1899 1880/1880 1898/1898
f 1880/1880 1864/1864 1898/1898
f 1880/1880 1859/1859 1864/1864
f 5707/5707 5706/5706 5709/5709
f 1856/1856 1857/1857 1907/1907
f 1852/1852 1872/1872 1857/1857
f 1852/1852 1854/1854 1872/1872
f 2094/2094 2103/2103 2091/2091
f 398/398 349/349 348/348
f 326/326 342/342 355/355
f 297/297 345/345 342/342
f 324/324 307/307 347/347
f 307/307 306/306 315/315
f 315/315 330/330 372/372
f 2882/2882 2878/2878 2887/2887
f 2837/2837 2831/2831 2872/2872
f 2873/2873 2836/2836 2876/2876
f 2876/2876 2836/2836 2881/2881
f 1975/1975 1973/1973 1976/1976
f 2478/2478 2430/2430 2429/2429
f 2556/2556 2557/2557 2558/2558
f 2059/2059 2066/2066 2062/2062
f 2061/2061 2066/2066 2079/2079
f 4186/4186 4184/4184 4182/4182
f 4186/4186 4182/4182 3954/3954
f 2112/2112 2093/2093 2111/2111
f 2921/2921 2926/2926 2918/2918
f 398/398 348/348 401/401
f 348/348 326/326 376/376
f 278/278 343/343 354/354
f 278/278 354/354 325/325
f 372/372 431/431 432/432
f 431/431 461/461 432/432
f 2833/2833 2828/2828 2874/2874
f 2828/2828 2832/2832 2874/2874
f 2872/2872 2831/2831 2834/2834
f 2703/2703 2702/2702 2705/2705
f 2703/2703 2705/2705 2706/2706
f 2702/2702 2835/2835 2705/2705
f 1975/1975 1974/1974 1973/1973
f 1975/1975 2479/2479 1974/1974
f 1974/1974 2479/2479 2478/2478
f 2478/2478 2429/2429 1928/1928
f 2427/2427 2433/2433 2432/2432
f 2433/2433 2074/2074 2436/2436
f 2433/2433 2436/2436 2434/2434
f 2074/2074 2068/2068 2075/2075
f 2075/2075 2068/2068 2058/2058
f 2068/2068 2059/2059 2058/2058
f 2062/2062 2066/2066 2061/2061
f 2497/2497 2081/2081 2080/2080
f 2497/2497 1904/1904 2081/2081
f 1904/1904 1898/1898 1900/1900
f 1872/1872 2112/2112 2111/2111
f 2111/2111 2093/2093 2090/2090
f 2918/2918 2926/2926 2922/2922
f 2091/2091 2103/2103 2109/2109
f 376/376 326/326 368/368
f 326/326 355/355 368/368
f 343/343 280/280 346/346
f 280/280 283/283 346/346
f 286/286 324/324 353/353
f 307/307 315/315 347/347
f 100/100 78/78 187/187
f 2874/2874 2832/2832 2875/2875
f 2834/2834 2833/2833 2874/2874
f 48/48 58/58 56/56
f 2881/2881 2836/2836 2880/2880
f 2880/2880 2836/2836 2837/2837
f 2705/2705 2835/2835 2873/2873
f 2429/2429 2431/2431 1928/1928
f 2427/2427 2432/2432 2431/2431
f 2432/2432 2433/2433 2434/2434
f 2074/2074 2075/2075 2436/2436
f 2079/2079 2080/2080 2048/2048
f 3953/3953 3951/3951 3952/3952
f 1857/1857 1872/1872 1873/1873
f 1872/1872 2111/2111 1873/1873
f 2093/2093 2091/2091 2090/2090
f 342/342 370/370 355/355
f 343/343 346/346 369/369
f 283/283 286/286 353/353
f 315/315 372/372 367/367
f 372/372 432/432 436/436
f 2832/2832 2882/2882 2875/2875
f 2875/2875 2882/2882 2887/2887
f 2872/2872 2834/2834 2879/2879
f 1973/1973 1974/1974 1930/1930
f 1974/1974 2478/2478 1930/1930
f 2478/2478 1928/1928 1930/1930
f 1928/1928 2431/2431 1933/1933
f 4500/4500 4493/4493 4492/4492
f 2075/2075 2058/2058 2057/2057
f 2058/2058 2059/2059 2056/2056
f 2059/2059 2060/2060 2056/2056
f 2059/2059 2062/2062 2060/2060
f 2062/2062 2061/2061 2060/2060
f 2061/2061 2079/2079 2067/2067
f 2067/2067 2079/2079 2048/2048
f 2048/2048 2080/2080 2081/2081
f 3948/3948 3949/3949 5387/5387
f 1864/1864 1859/1859 1863/1863
f 1856/1856 1862/1862 1859/1859
f 1862/1862 1856/1856 1865/1865
f 1856/1856 1907/1907 1865/1865
f 5038/5038 4128/4128 4124/4124
f 1865/1865 1907/1907 1857/1857
f 4125/4125 4126/4126 4179/4179
f 2090/2090 2091/2091 2092/2092
f 2091/2091 2109/2109 2092/2092
f 401/401 348/348 385/385
f 348/348 376/376 385/385
f 370/370 342/342 373/373
f 342/342 345/345 373/373
f 354/354 343/343 369/369
f 3119/3119 3124/3124 3120/3120
f 324/324 371/371 353/353
f 324/324 347/347 356/356
f 324/324 356/356 371/371
f 347/347 315/315 367/367
f 372/372 436/436 367/367
f 436/436 432/432 437/437
f 432/432 461/461 437/437
f 2874/2874 2875/2875 2885/2885
f 2837/2837 2872/2872 2883/2883
f 2872/2872 2879/2879 2883/2883
f 1976/1976 1973/1973 1982/1982
f 2881/2881 2880/2880 2876/2876
f 2705/2705 2873/2873 2716/2716
f 2873/2873 2876/2876 2716/2716
f 2706/2706 2705/2705 2712/2712
f 5371/5371 5370/5370 5369/5369
f 4473/4473 4470/4470 4490/4490
f 2434/2434 2436/2436 2085/2085
f 2436/2436 2075/2075 2054/2054
f 2075/2075 2057/2057 2054/2054
f 2081/2081 1904/1904 1903/1903
f 1904/1904 1900/1900 1903/1903
f 4102/4102 5387/5387 4073/4073
f 1900/1900 1898/1898 1897/1897
f 1898/1898 1864/1864 1897/1897
f 1897/1897 1864/1864 1863/1863
f 1863/1863 1859/1859 1862/1862
f 5586/5586 5583/5583 5585/5585
f 1873/1873 2111/2111 2113/2113
f 2111/2111 1960/1960 2113/2113
f 2111/2111 2090/2090 1960/1960
f 368/368 355/355 379/379
f 373/373 345/345 377/377
f 346/346 353/353 378/378
f 356/356 347/347 381/381
f 2875/2875 2887/2887 2893/2893
f 2879/2879 2834/2834 2884/2884
f 2834/2834 2874/2874 2884/2884
f 2874/2874 2885/2885 2884/2884
f 2880/2880 2837/2837 2883/2883
f 2712/2712 2705/2705 2707/2707
f 5369/5369 5370/5370 4506/4506
f 1933/1933 1932/1932 1928/1928
f 1933/1933 2431/2431 1932/1932
f 1932/1932 2431/2431 2480/2480
f 2431/2431 2432/2432 2480/2480
f 2432/2432 2434/2434 2435/2435
f 4473/4473 4490/4490 4476/4476
f 4473/4473 4476/4476 4475/4475
f 2085/2085 2436/2436 2054/2054
f 2048/2048 2081/2081 2084/2084
f 3947/3947 3946/3946 3944/3944
f 4102/4102 4073/4073 3931/3931
f 5129/5129 4117/4117 4116/4116
f 1862/1862 1865/1865 1869/1869
f 1869/1869 1865/1865 1871/1871
f 1857/1857 1871/1871 1865/1865
f 1857/1857 1873/1873 1871/1871
f 1873/1873 2113/2113 1871/1871
f 4179/4179 4126/4126 4127/4127
f 4137/4137 4135/4135 4138/4138
f 401/401 385/385 411/411
f 385/385 376/376 393/393
f 355/355 370/370 380/380
f 370/370 373/373 380/380
f 354/354 369/369 383/383
f 346/346 384/384 369/369
f 346/346 378/378 384/384
f 353/353 371/371 378/378
f 2885/2885 2875/2875 2886/2886
f 2883/2883 2879/2879 2888/2888
f 1982/1982 1973/1973 1912/1912
f 2880/2880 2717/2717 2876/2876
f 1973/1973 1930/1930 1912/1912
f 2707/2707 2705/2705 2716/2716
f 5428/5428 4507/4507 4506/4506
f 1915/1915 1928/1928 1932/1932
f 4502/4502 4506/4506 4503/4503
f 2480/2480 2432/2432 2435/2435
f 2058/2058 2056/2056 2057/2057
f 2049/2049 2056/2056 2050/2050
f 2056/2056 2060/2060 2050/2050
f 2060/2060 2061/2061 2013/2013
f 2061/2061 2067/2067 2013/2013
f 2084/2084 2081/2081 1903/1903
f 1900/1900 1897/1897 1868/1868
f 2090/2090 2092/2092 1960/1960
f 355/355 380/380 379/379
f 377/377 354/354 383/383
f 367/367 436/436 438/438
f 438/438 436/436 437/437
f 2886/2886 2875/2875 2893/2893
f 2888/2888 2879/2879 2884/2884
f 2717/2717 2880/2880 2719/2719
f 2716/2716 2876/2876 2717/2717
f 1930/1930 1928/1928 1912/1912
f 1912/1912 1928/1928 1915/1915
f 1915/1915 1932/1932 1916/1916
f 4503/4503 4504/4504 4498/4498
f 5208/5208 5210/5210 5409/5409
f 2434/2434 2085/2085 2435/2435
f 4475/4475 4477/4477 4478/4478
f 4478/4478 4480/4480 4479/4479
f 2085/2085 2054/2054 2077/2077
f 2054/2054 2057/2057 2049/2049
f 2057/2057 2056/2056 2049/2049
f 2060/2060 2013/2013 2050/2050
f 2013/2013 2067/2067 2014/2014
f 5627/5627 5640/5640 5625/5625
f 5522/5522 5523/5523 5343/5343
f 2067/2067 2048/2048 2025/2025
f 2048/2048 2026/2026 2025/2025
f 2048/2048 2084/2084 2026/2026
f 2084/2084 1903/1903 2026/2026
f 3942/3942 3941/3941 3943/3943
f 3943/3943 3941/3941 4072/4072
f 4072/4072 5504/5504 5439/5439
f 1903/1903 1900/1900 1902/1902
f 1897/1897 1863/1863 1868/1868
f 1871/1871 2113/2113 1959/1959
f 2113/2113 1960/1960 1959/1959
f 3138/3138 3135/3135 3121/3121
f 3135/3135 3110/3110 3121/3121
f 2092/2092 2107/2107 1960/1960
f 3104/3104 3100/3100 3064/3064
f 411/411 385/385 393/393
f 376/376 368/368 386/386
f 368/368 379/379 386/386
f 386/386 379/379 400/400
f 383/383 369/369 384/384
f 371/371 356/356 394/394
f 356/356 381/381 394/394
f 367/367 395/395 382/382
f 367/367 438/438 395/395
f 2886/2886 2893/2893 2900/2900
f 2885/2885 2886/2886 2891/2891
f 2889/2889 2884/2884 2885/2885
f 2880/2880 2883/2883 2719/2719
f 1912/1912 1914/1914 1982/1982
f 2707/2707 2716/2716 2715/2715
f 4505/4505 4507/4507 5393/5393
f 6147/6147 6148/6148 6145/6145
f 4498/4498 4504/4504 5255/5255
f 2086/2086 2435/2435 2085/2085
f 5339/5339 4445/4445 4436/4436
f 4436/4436 4445/4445 4438/4438
f 5625/5625 5626/5626 5627/5627
f 2014/2014 2067/2067 2025/2025
f 5343/5343 5523/5523 5524/5524
f 3944/3944 3946/3946 3942/3942
f 1903/1903 1902/1902 2020/2020
f 5439/5439 5504/5504 3935/3935
f 1900/1900 1868/1868 1902/1902
f 1869/1869 1871/1871 1901/1901
f 393/393 376/376 386/386
f 373/373 377/377 380/380
f 380/380 377/377 404/404
f 384/384 378/378 396/396
f 378/378 371/371 396/396
f 396/396 371/371 394/394
f 437/437 487/487 438/438
f 194/194 193/193 244/244
f 244/244 193/193 232/232
f 2888/2888 2884/2884 2889/2889
f 2719/2719 2883/2883 2720/2720
f 2888/2888 2890/2890 2883/2883
f 2707/2707 2715/2715 2710/2710
f 1912/1912 1915/1915 1913/1913
f 1912/1912 1913/1913 1914/1914
f 1916/1916 1932/1932 1918/1918
f 1918/1918 1932/1932 2489/2489
f 1932/1932 2480/2480 2489/2489
f 5209/5209 5211/5211 5210/5210
f 2480/2480 2435/2435 2086/2086
f 5675/5675 5674/5674 5673/5673
f 5673/5673 5674/5674 5672/5672
f 2085/2085 2077/2077 2055/2055
f 2077/2077 2054/2054 2047/2047
f 2054/2054 2049/2049 2047/2047
f 4438/4438 4441/4441 4440/4440
f 2013/2013 2014/2014 2015/2015
f 5630/5630 5631/5631 5632/5632
f 5635/5635 5633/5633 5631/5631
f 2026/2026 1903/1903 2021/2021
f 2021/2021 1903/1903 2020/2020
f 1868/1868 1863/1863 1867/1867
f 5489/5489 3932/3932 4100/4100
f 1863/1863 1866/1866 1867/1867
f 1863/1863 1862/1862 1866/1866
f 1862/1862 1869/1869 1866/1866
f 1870/1870 1871/1871 1959/1959
f 1960/1960 2107/2107 2108/2108
f 411/411 393/393 415/415
f 393/393 386/386 420/420
f 377/377 383/383 405/405
f 383/383 384/384 403/403
f 438/438 487/487 451/451
f 2886/2886 2901/2901 2891/2891
f 2889/2889 2885/2885 2892/2892
f 2885/2885 2891/2891 2892/2892
f 2888/2888 2889/2889 2890/2890
f 2720/2720 2883/2883 2890/2890
f 2717/2717 2719/2719 2718/2718
f 2715/2715 2716/2716 2717/2717
f 1915/1915 1916/1916 1913/1913
f 5241/5241 5393/5393 5236/5236
f 6143/6143 6144/6144 6141/6141
f 4477/4477 4486/4486 4487/4487
f 2077/2077 2047/2047 2055/2055
f 4438/4438 4440/4440 4439/4439
f 5627/5627 5626/5626 5628/5628
f 1902/1902 1868/1868 1867/1867
f 4075/4075 3932/3932 4074/4074
f 1867/1867 1866/1866 1879/1879
f 4118/4118 5054/5054 4121/4121
f 1901/1901 1871/1871 1870/1870
f 1959/1959 1960/1960 1958/1958
f 1960/1960 1961/1961 1958/1958
f 1960/1960 2108/2108 1961/1961
f 3123/3123 3108/3108 3111/3111
f 415/415 393/393 419/419
f 379/379 380/380 400/400
f 400/400 380/380 407/407
f 405/405 383/383 403/403
f 403/403 384/384 402/402
f 384/384 396/396 402/402
f 396/396 394/394 397/397
f 394/394 381/381 382/382
f 410/410 395/395 438/438
f 2886/2886 2900/2900 2901/2901
f 2718/2718 2719/2719 2720/2720
f 2715/2715 2717/2717 2718/2718
f 2710/2710 2715/2715 2713/2713
f 2710/2710 2713/2713 2711/2711
f 1916/1916 1918/1918 1913/1913
f 2480/2480 2086/2086 2489/2489
f 4487/4487 5433/5433 5194/5194
f 2086/2086 2085/2085 2082/2082
f 2085/2085 2055/2055 2082/2082
f 5650/5650 5649/5649 5648/5648
f 2049/2049 2038/2038 2047/2047
f 2049/2049 2033/2033 2038/2038
f 4439/4439 4440/4440 4442/4442
f 2049/2049 2050/2050 2033/2033
f 2033/2033 2050/2050 2013/2013
f 2014/2014 2025/2025 2015/2015
f 5315/5315 5313/5313 5314/5314
f 2025/2025 2026/2026 2021/2021
f 2020/2020 1902/1902 1867/1867
f 1866/1866 1869/1869 1870/1870
f 1869/1869 1901/1901 1870/1870
f 4129/4129 4176/4176 4177/4177
f 1870/1870 1959/1959 1956/1956
f 3137/3137 3135/3135 3138/3138
f 420/420 386/386 400/400
f 400/400 407/407 422/422
f 380/380 404/404 407/407
f 405/405 403/403 418/418
f 410/410 438/438 451/451
f 2892/2892 2891/2891 2898/2898
f 2889/2889 2892/2892 2894/2894
f 786/786 779/779 777/777
f 1914/1914 1917/1917 1937/1937
f 786/786 777/777 781/781
f 1913/1913 1918/1918 1917/1917
f 5194/5194 5433/5433 5301/5301
f 2013/2013 2015/2015 2034/2034
f 5314/5314 5313/5313 5311/5311
f 5460/5460 4069/4069 3958/3958
f 2021/2021 2020/2020 2019/2019
f 1866/1866 1870/1870 1874/1874
f 1959/1959 1958/1958 1956/1956
f 3136/3136 3133/3133 3135/3135
f 462/462 415/415 419/419
f 420/420 400/400 421/421
f 400/400 422/422 421/421
f 382/382 410/410 408/408
f 382/382 408/408 406/406
f 408/408 410/410 452/452
f 410/410 451/451 452/452
f 2900/2900 2902/2902 2901/2901
f 2890/2890 2889/2889 2894/2894
f 787/787 790/790 783/783
f 249/249 264/264 265/265
f 786/786 787/787 779/779
f 1914/1914 1913/1913 1917/1917
f 782/782 781/781 763/763
f 782/782 763/763 769/769
f 2714/2714 2711/2711 2713/2713
f 5236/5236 5237/5237 5234/5234
f 2489/2489 2086/2086 2490/2490
f 2082/2082 2055/2055 2046/2046
f 2055/2055 2047/2047 2046/2046
f 3473/3473 3474/3474 3475/3475
f 2033/2033 2013/2013 2034/2034
f 5499/5499 4059/4059 5498/5498
f 2034/2034 2015/2015 2024/2024
f 2015/2015 2025/2025 2024/2024
f 2025/2025 2021/2021 2024/2024
f 3958/3958 4069/4069 3957/3957
f 3937/3937 3956/3956 4071/4071
f 1879/1879 1866/1866 1877/1877
f 1866/1866 1874/1874 1877/1877
f 2517/2517 1870/1870 1956/1956
f 3123/3123 3130/3130 3108/3108
f 419/419 420/420 444/444
f 3130/3130 3132/3132 3113/3113
f 420/420 421/421 443/443
f 3116/3116 3131/3131 3117/3117
f 3114/3114 3122/3122 3107/3107
f 404/404 405/405 418/418
f 403/403 402/402 416/416
f 416/416 402/402 417/417
f 402/402 396/396 413/413
f 394/394 382/382 406/406
f 451/451 453/453 452/452
f 2901/2901 2902/2902 2906/2906
f 2898/2898 2901/2901 2906/2906
f 2894/2894 2892/2892 2899/2899
f 2892/2892 2898/2898 2899/2899
f 781/781 777/777 764/764
f 1918/1918 2489/2489 1919/1919
f 2489/2489 2490/2490 1919/1919
f 2086/2086 2073/2073 2490/2490
f 2086/2086 2082/2082 2073/2073
f 5171/5171 4058/4058 4052/4052
f 5312/5312 5482/5482 5498/5498
f 2023/2023 2021/2021 2022/2022
f 2021/2021 2019/2019 2022/2022
f 5844/5844 5845/5845 5842/5842
f 2020/2020 1867/1867 2019/2019
f 1867/1867 1878/1878 2019/2019
f 1874/1874 1870/1870 2517/2517
f 2517/2517 1956/1956 1911/1911
f 1956/1956 1958/1958 1957/1957
f 1957/1957 1961/1961 1972/1972
f 420/420 443/443 444/444
f 422/422 407/407 439/439
f 3127/3127 3114/3114 3115/3115
f 407/407 404/404 418/418
f 403/403 416/416 418/418
f 3143/3143 3145/3145 3144/3144
f 396/396 397/397 412/412
f 780/780 791/791 759/759
f 790/790 789/789 783/783
f 789/789 778/778 783/783
f 787/787 783/783 779/779
f 779/779 783/783 766/766
f 763/763 781/781 764/764
f 768/768 769/769 763/763
f 5234/5234 5237/5237 5242/5242
f 1917/1917 1918/1918 1919/1919
f 5232/5232 5242/5242 5306/5306
f 1934/1934 1919/1919 2490/2490
f 5506/5506 5337/5337 5480/5480
f 2082/2082 2046/2046 2073/2073
f 5200/5200 5198/5198 5199/5199
f 5651/5651 5649/5649 5654/5654
f 2046/2046 2047/2047 2038/2038
f 2046/2046 2038/2038 2040/2040
f 4056/4056 4054/4054 4053/4053
f 5309/5309 5308/5308 4060/4060
f 3968/3968 3967/3967 3966/3966
f 1867/1867 1879/1879 1878/1878
f 1879/1879 1877/1877 1878/1878
f 1911/1911 1956/1956 1954/1954
f 3139/3139 3140/3140 3136/3136
f 3142/3142 3148/3148 3130/3130
f 3146/3146 3145/3145 3143/3143
f 417/417 402/402 413/413
f 413/413 396/396 412/412
f 412/412 397/397 423/423
f 423/423 397/397 414/414
f 397/397 394/394 414/414
f 406/406 408/408 409/409
f 409/409 408/408 459/459
f 408/408 452/452 459/459
f 248/248 247/247 259/259
f 778/778 791/791 780/780
f 766/766 783/783 760/760
f 777/777 758/758 764/764
f 758/758 777/777 779/779
f 758/758 779/779 765/765
f 5306/5306 5242/5242 5244/5244
f 5202/5202 5337/5337 5203/5203
f 2038/2038 2033/2033 2037/2037
f 4047/4047 5498/5498 4061/4061
f 3968/3968 5395/5395 3970/3970
f 2021/2021 2023/2023 2024/2024
f 3960/3960 3961/3961 4067/4067
f 2022/2022 2019/2019 2018/2018
f 1956/1956 1957/1957 1954/1954
f 1957/1957 1972/1972 1971/1971
f 3148/3148 3147/3147 3130/3130
f 439/439 407/407 440/440
f 3128/3128 3129/3129 3122/3122
f 416/416 417/417 445/445
f 394/394 406/406 414/414
f 406/406 409/409 448/448
f 459/459 452/452 460/460
f 452/452 551/551 460/460
f 783/783 778/778 760/760
f 779/779 766/766 765/765
f 765/765 766/766 760/760
f 1937/1937 1917/1917 1938/1938
f 1938/1938 1917/1917 1920/1920
f 763/763 762/762 768/768
f 767/767 768/768 762/762
f 1917/1917 1919/1919 1920/1920
f 1934/1934 2490/2490 1936/1936
f 2046/2046 2072/2072 2073/2073
f 2046/2046 2040/2040 2042/2042
f 2038/2038 2037/2037 2040/2040
f 2037/2037 2033/2033 2032/2032
f 2033/2033 2034/2034 2032/2032
f 2034/2034 2024/2024 2032/2032
f 2019/2019 1878/1878 2018/2018
f 4003/4003 4000/4000 4001/4001
f 1874/1874 2517/2517 1875/1875
f 3141/3141 3140/3140 3139/3139
f 3140/3140 3153/3153 3134/3134
f 3134/3134 3156/3156 3142/3142
f 3156/3156 3148/3148 3142/3142
f 1575/1575 1574/1574 1551/1551
f 1574/1574 1569/1569 1551/1551
f 1568/1568 1578/1578 1556/1556
f 3127/3127 3150/3150 3128/3128
f 417/417 413/413 445/445
f 413/413 412/412 423/423
f 414/414 406/406 442/442
f 406/406 448/448 442/442
f 448/448 409/409 459/459
f 829/829 830/830 828/828
f 778/778 780/780 755/755
f 763/763 764/764 758/758
f 763/763 758/758 744/744
f 762/762 763/763 744/744
f 1919/1919 1921/1921 1920/1920
f 1919/1919 1934/1934 1921/1921
f 2490/2490 2073/2073 1936/1936
f 2073/2073 2072/2072 1936/1936
f 2046/2046 2042/2042 2072/2072
f 4051/4051 4055/4055 5485/5485
f 2018/2018 1878/1878 2016/2016
f 4078/4078 4080/4080 4090/4090
f 1877/1877 1874/1874 1876/1876
f 5060/5060 5061/5061 5059/5059
f 5059/5059 5061/5061 5063/5063
f 1957/1957 1964/1964 1954/1954
f 1957/1957 1971/1971 1964/1964
f 1551/1551 1569/1569 1548/1548
f 1569/1569 1568/1568 1548/1548
f 3147/3147 3152/3152 3132/3132
f 418/418 416/416 441/441
f 441/441 416/416 446/446
f 416/416 445/445 446/446
f 448/448 459/459 578/578
f 1597/1597 1599/1599 1598/1598
f 780/780 759/759 756/756
f 778/778 755/755 761/761
f 760/760 778/778 761/761
f 765/765 760/760 748/748
f 767/767 762/762 757/757
f 762/762 744/744 757/757
f 767/767 757/757 788/788
f 1934/1934 1923/1923 1921/1921
f 1934/1934 1936/1936 1923/1923
f 5220/5220 5225/5225 5224/5224
f 1923/1923 1936/1936 1925/1925
f 1936/1936 1935/1935 1925/1925
f 1936/1936 2072/2072 1935/1935
f 2072/2072 2042/2042 1929/1929
f 2040/2040 2037/2037 2041/2041
f 4049/4049 4063/4063 4062/4062
f 3990/3990 3991/3991 5330/5330
f 5330/5330 3991/3991 3993/3993
f 2022/2022 2018/2018 2028/2028
f 3995/3995 4181/4181 4002/4002
f 4079/4079 4081/4081 4080/4080
f 1874/1874 1875/1875 1876/1876
f 1875/1875 2517/2517 1911/1911
f 5060/5060 5062/5062 5061/5061
f 3149/3149 3155/3155 3140/3140
f 3156/3156 3159/3159 3148/3148
f 3151/3151 3157/3157 3131/3131
f 3157/3157 3127/3127 3131/3131
f 1556/1556 1566/1566 1550/1550
f 3150/3150 3129/3129 3128/3128
f 2686/2686 2660/2660 2658/2658
f 413/413 423/423 445/445
f 423/423 414/414 447/447
f 273/273 254/254 274/274
f 761/761 755/755 754/754
f 758/758 765/765 749/749
f 1920/1920 1922/1922 1938/1938
f 744/744 758/758 743/743
f 758/758 749/749 743/743
f 1920/1920 1921/1921 1922/1922
f 5224/5224 5225/5225 5231/5231
f 2041/2041 2037/2037 2078/2078
f 5931/5931 5932/5932 5933/5933
f 5931/5931 5933/5933 5935/5935
f 2024/2024 2031/2031 2032/2032
f 5936/5936 5935/5935 5933/5933
f 3974/3974 3975/3975 4065/4065
f 3994/3994 3993/3993 3992/3992
f 2018/2018 2087/2087 2028/2028
f 2018/2018 2016/2016 2087/2087
f 5014/5014 5413/5413 4002/4002
f 1878/1878 1877/1877 1876/1876
f 1875/1875 1911/1911 1908/1908
f 1911/1911 1946/1946 1908/1908
f 1911/1911 1954/1954 1946/1946
f 3162/3162 3155/3155 3149/3149
f 3153/3153 3158/3158 3154/3154
f 1572/1572 1576/1576 1542/1542
f 1576/1576 1551/1551 1542/1542
f 3159/3159 3160/3160 3147/3147
f 3159/3159 3147/3147 3148/3148
f 1551/1551 1548/1548 1541/1541
f 445/445 423/423 447/447
f 442/442 448/448 454/454
f 454/454 448/448 578/578
f 1597/1597 1598/1598 1596/1596
f 460/460 551/551 579/579
f 759/759 828/828 775/775
f 775/775 828/828 776/776
f 756/756 759/759 747/747
f 760/760 761/761 753/753
f 760/760 753/753 748/748
f 788/788 757/757 729/729
f 788/788 729/729 831/831
f 1921/1921 1923/1923 1922/1922
f 5231/5231 5225/5225 5229/5229
f 1935/1935 2072/2072 1929/1929
f 2042/2042 2040/2040 2041/2041
f 2037/2037 2039/2039 2078/2078
f 2037/2037 2032/2032 2031/2031
f 5936/5936 5933/5933 5943/5943
f 3974/3974 3972/3972 3973/3973
f 2024/2024 2023/2023 2027/2027
f 3974/3974 3973/3973 3975/3975
f 2023/2023 2022/2022 2027/2027
f 2016/2016 2017/2017 2087/2087
f 2016/2016 1878/1878 2017/2017
f 5570/5570 5571/5571 5572/5572
f 3162/3162 3161/3161 3155/3155
f 1946/1946 1954/1954 1962/1962
f 1954/1954 1964/1964 1962/1962
f 3154/3154 3159/3159 3156/3156
f 1551/1551 1541/1541 1542/1542
f 1556/1556 1550/1550 1538/1538
f 1550/1550 1564/1564 1543/1543
f 1564/1564 1562/1562 1543/1543
f 1563/1563 1549/1549 1544/1544
f 754/754 755/755 745/745
f 761/761 754/754 753/753
f 765/765 748/748 749/749
f 1938/1938 1922/1922 1941/1941
f 743/743 749/749 742/742
f 757/757 744/744 729/729
f 1922/1922 1923/1923 1924/1924
f 1923/1923 1925/1925 1924/1924
f 1925/1925 1935/1935 1926/1926
f 2037/2037 2031/2031 2039/2039
f 5943/5943 5933/5933 5937/5937
f 2031/2031 2024/2024 2030/2030
f 2024/2024 2027/2027 2030/2030
f 2027/2027 2022/2022 2028/2028
f 3994/3994 3992/3992 4005/4005
f 2017/2017 1878/1878 2088/2088
f 2088/2088 1878/1878 1876/1876
f 823/823 812/812 822/822
f 822/822 802/802 816/816
f 3161/3161 3158/3158 3155/3155
f 1572/1572 1542/1542 1521/1521
f 3151/3151 3164/3164 3157/3157
f 3165/3165 3150/3150 3157/3157
f 1554/1554 1552/1552 1539/1539
f 1561/1561 1597/1597 1595/1595
f 1597/1597 1596/1596 1595/1595
f 776/776 774/774 775/775
f 775/775 774/774 772/772
f 755/755 756/756 745/745
f 756/756 747/747 745/745
f 753/753 754/754 741/741
f 754/754 745/745 741/741
f 748/748 753/753 738/738
f 748/748 734/734 749/749
f 748/748 738/738 734/734
f 743/743 742/742 731/731
f 744/744 728/728 729/729
f 744/744 743/743 728/728
f 743/743 731/731 728/728
f 831/831 729/729 784/784
f 1925/1925 1926/1926 1924/1924
f 1935/1935 1929/1929 1926/1926
f 5465/5465 5467/5467 5472/5472
f 1929/1929 2042/2042 2083/2083
f 2083/2083 2042/2042 2063/2063
f 2042/2042 2041/2041 2063/2063
f 2041/2041 2078/2078 2039/2039
f 2039/2039 2031/2031 2051/2051
f 3976/3976 3977/3977 3978/3978
f 2087/2087 2017/2017 2088/2088
f 2088/2088 1876/1876 1953/1953
f 1876/1876 1908/1908 1910/1910
f 1876/1876 1875/1875 1908/1908
f 4099/4099 4097/4097 5162/5162
f 3158/3158 3167/3167 3154/3154
f 3154/3154 3167/3167 3159/3159
f 3159/3159 3168/3168 3160/3160
f 1522/1522 1541/1541 1523/1523
f 3160/3160 3169/3169 3152/3152
f 3152/3152 3164/3164 3151/3151
f 3164/3164 3165/3165 3157/3157
f 3150/3150 3165/3165 3166/3166
f 1536/1536 1550/1550 1531/1531
f 2692/2692 2691/2691 2688/2688
f 2688/2688 2691/2691 2661/2661
f 1549/1549 1554/1554 1540/1540
f 1552/1552 1557/1557 1561/1561
f 775/775 772/772 747/747
f 745/745 747/747 746/746
f 753/753 735/735 738/738
f 753/753 741/741 735/735
f 749/749 734/734 742/742
f 729/729 728/728 652/652
f 729/729 652/652 784/784
f 784/784 652/652 785/785
f 1924/1924 1926/1926 1927/1927
f 2041/2041 2064/2064 2063/2063
f 2039/2039 2051/2051 2064/2064
f 2031/2031 2030/2030 2044/2044
f 2028/2028 2052/2052 2029/2029
f 2028/2028 2087/2087 2052/2052
f 1876/1876 1910/1910 1953/1953
f 802/802 807/807 816/816
f 816/816 807/807 815/815
f 805/805 804/804 815/815
f 3168/3168 3169/3169 3160/3160
f 3169/3169 3164/3164 3152/3152
f 3166/3166 3171/3171 3170/3170
f 1550/1550 1530/1530 1531/1531
f 2692/2692 2693/2693 2691/2691
f 1553/1553 1561/1561 1595/1595
f 1706/1706 1693/1693 1701/1701
f 774/774 773/773 772/772
f 741/741 745/745 736/736
f 1941/1941 1922/1922 1939/1939
f 742/742 724/724 731/731
f 742/742 734/734 724/724
f 652/652 728/728 651/651
f 1926/1926 1929/1929 1927/1927
f 5465/5465 5437/5437 5450/5450
f 5465/5465 5450/5450 5467/5467
f 1927/1927 1929/1929 1931/1931
f 1929/1929 2083/2083 1931/1931
f 5495/5495 5472/5472 5468/5468
f 5491/5491 5479/5479 5474/5474
f 5474/5474 5479/5479 5478/5478
f 5593/5593 5594/5594 5592/5592
f 2041/2041 2039/2039 2064/2064
f 4036/4036 4033/4033 4035/4035
f 2031/2031 2044/2044 2051/2051
f 2030/2030 2027/2027 2035/2035
f 2035/2035 2027/2027 2029/2029
f 2027/2027 2028/2028 2029/2029
f 2087/2087 1955/1955 2052/2052
f 5789/5789 5809/5809 5792/5792
f 2087/2087 2088/2088 1955/1955
f 2088/2088 1953/1953 1955/1955
f 5019/5019 5022/5022 5162/5162
f 712/712 802/802 812/812
f 1908/1908 1947/1947 1910/1910
f 1908/1908 1946/1946 1947/1947
f 1946/1946 1970/1970 1947/1947
f 819/819 806/806 809/809
f 1540/1540 1539/1539 1535/1535
f 772/772 773/773 771/771
f 745/745 746/746 737/737
f 736/736 745/745 737/737
f 734/734 738/738 722/722
f 1688/1688 1666/1666 1659/1659
f 728/728 653/653 651/651
f 728/728 731/731 653/653
f 5593/5593 5592/5592 5591/5591
f 2044/2044 2030/2030 2035/2035
f 2035/2035 2029/2029 2036/2036
f 5790/5790 5792/5792 5797/5797
f 712/712 711/711 802/802
f 711/711 808/808 807/807
f 711/711 807/807 802/802
f 808/808 799/799 807/807
f 807/807 799/799 815/815
f 815/815 799/799 805/805
f 805/805 705/705 804/804
f 705/705 803/803 804/804
f 804/804 803/803 817/817
f 810/810 806/806 819/819
f 809/809 798/798 820/820
f 826/826 825/825 827/827
f 2666/2666 2664/2664 2691/2691
f 1553/1553 1595/1595 1593/1593
f 1595/1595 1594/1594 1593/1593
f 741/741 736/736 726/726
f 738/738 735/735 722/722
f 722/722 735/735 726/726
f 735/735 741/741 726/726
f 734/734 722/722 724/724
f 731/731 724/724 653/653
f 652/652 650/650 732/732
f 652/652 651/651 650/650
f 2064/2064 2053/2053 2065/2065
f 2064/2064 2051/2051 2053/2053
f 2051/2051 2044/2044 2053/2053
f 2029/2029 2052/2052 2076/2076
f 2052/2052 1955/1955 2076/2076
f 1955/1955 1953/1953 1949/1949
f 692/692 711/711 712/712
f 1953/1953 1910/1910 1949/1949
f 793/793 692/692 712/712
f 711/711 715/715 808/808
f 715/715 799/799 808/808
f 799/799 705/705 805/805
f 1555/1555 1520/1520 1503/1503
f 705/705 699/699 803/803
f 803/803 710/710 810/810
f 1523/1523 1524/1524 1508/1508
f 710/710 806/806 810/810
f 798/798 821/821 820/820
f 1512/1512 1531/1531 1517/1517
f 1539/1539 1527/1527 1535/1535
f 1553/1553 1593/1593 1591/1591
f 1701/1701 1699/1699 1700/1700
f 1693/1693 1675/1675 1699/1699
f 771/771 773/773 770/770
f 771/771 770/770 751/751
f 736/736 737/737 718/718
f 726/726 736/736 718/718
f 724/724 722/722 646/646
f 651/651 653/653 597/597
f 1927/1927 1931/1931 1924/1924
f 650/650 651/651 597/597
f 732/732 650/650 733/733
f 2083/2083 2063/2063 2065/2065
f 5588/5588 5587/5587 5590/5590
f 2063/2063 2064/2064 2065/2065
f 4038/4038 5392/5392 4039/4039
f 5451/5451 3980/3980 4025/4025
f 2035/2035 2036/2036 2043/2043
f 1949/1949 1910/1910 1948/1948
f 715/715 700/700 799/799
f 1910/1910 1947/1947 1948/1948
f 799/799 700/700 705/705
f 700/700 701/701 705/705
f 710/710 796/796 806/806
f 806/806 796/796 809/809
f 796/796 798/798 809/809
f 825/825 818/818 827/827
f 1593/1593 1592/1592 1591/1591
f 1699/1699 1675/1675 1695/1695
f 718/718 737/737 727/727
f 726/726 718/718 730/730
f 653/653 724/724 646/646
f 653/653 646/646 594/594
f 1939/1939 1924/1924 1940/1940
f 597/597 653/653 594/594
f 1924/1924 1931/1931 1940/1940
f 650/650 597/597 599/599
f 650/650 599/599 733/733
f 5476/5476 5471/5471 5477/5477
f 5598/5598 5590/5590 5599/5599
f 4039/4039 4034/4034 4032/4032
f 4032/4032 4034/4034 4031/4031
f 2053/2053 2044/2044 2045/2045
f 2036/2036 2029/2029 1965/1965
f 2029/2029 2076/2076 1965/1965
f 2076/2076 1952/1952 1965/1965
f 2076/2076 1955/1955 1952/1952
f 4013/4013 4012/4012 4014/4014
f 1955/1955 1949/1949 1952/1952
f 678/678 676/676 692/692
f 692/692 676/676 675/675
f 675/675 693/693 711/711
f 711/711 693/693 715/715
f 689/689 701/701 700/700
f 803/803 699/699 710/710
f 710/710 709/709 796/796
f 751/751 752/752 750/750
f 718/718 727/727 719/719
f 722/722 726/726 720/720
f 726/726 730/730 720/720
f 730/730 718/718 720/720
f 648/648 722/722 580/580
f 722/722 598/598 580/580
f 722/722 720/720 598/598
f 646/646 648/648 582/582
f 597/597 594/594 593/593
f 1940/1940 1931/1931 1942/1942
f 597/597 593/593 596/596
f 599/599 597/597 596/596
f 2083/2083 2065/2065 1931/1931
f 1931/1931 2065/2065 1944/1944
f 599/599 596/596 616/616
f 2045/2045 2044/2044 2043/2043
f 2044/2044 2035/2035 2043/2043
f 5451/5451 4025/4025 5251/5251
f 5451/5451 5251/5251 4007/4007
f 2043/2043 2036/2036 1965/1965
f 680/680 669/669 679/679
f 679/679 669/669 678/678
f 1952/1952 1949/1949 1951/1951
f 1951/1951 1949/1949 1950/1950
f 675/675 690/690 693/693
f 690/690 689/689 693/693
f 693/693 689/689 700/700
f 689/689 688/688 701/701
f 688/688 684/684 701/701
f 701/701 684/684 705/705
f 705/705 684/684 699/699
f 699/699 697/697 710/710
f 697/697 709/709 710/710
f 709/709 707/707 796/796
f 707/707 797/797 796/796
f 796/796 797/797 798/798
f 797/797 811/811 798/798
f 1504/1504 1517/1517 1500/1500
f 798/798 811/811 814/814
f 1527/1527 1591/1591 1588/1588
f 648/648 580/580 582/582
f 1639/1639 1638/1638 1634/1634
f 594/594 646/646 582/582
f 594/594 582/582 590/590
f 593/593 594/594 590/590
f 593/593 590/590 592/592
f 1931/1931 1944/1944 1943/1943
f 1931/1931 1943/1943 1942/1942
f 596/596 593/593 595/595
f 593/593 592/592 595/595
f 616/616 596/596 615/615
f 596/596 595/595 615/615
f 2065/2065 2053/2053 1944/1944
f 2053/2053 2045/2045 1944/1944
f 616/616 615/615 629/629
f 2045/2045 2043/2043 1968/1968
f 4018/4018 5251/5251 4009/4009
f 792/792 655/655 664/664
f 664/664 660/660 669/669
f 669/669 668/668 676/676
f 678/678 669/669 676/676
f 676/676 668/668 675/675
f 675/675 668/668 671/671
f 675/675 671/671 690/690
f 671/671 689/689 690/690
f 689/689 671/671 688/688
f 672/672 684/684 688/688
f 684/684 697/697 699/699
f 707/707 708/708 797/797
f 811/811 813/813 814/814
f 1519/1519 1518/1518 1502/1502
f 1591/1591 1590/1590 1588/1588
f 1695/1695 1683/1683 1696/1696
f 720/720 718/718 649/649
f 649/649 718/718 645/645
f 718/718 719/719 717/717
f 718/718 717/717 645/645
f 598/598 720/720 649/649
f 580/580 581/581 582/582
f 582/582 581/581 587/587
f 582/582 587/587 590/590
f 592/592 590/590 591/591
f 592/592 591/591 610/610
f 595/595 592/592 610/610
f 610/610 591/591 613/613
f 595/595 610/610 611/611
f 615/615 595/595 611/611
f 629/629 615/615 611/611
f 629/629 611/611 621/621
f 629/629 621/621 655/655
f 655/655 621/621 644/644
f 1967/1967 2043/2043 1965/1965
f 644/644 632/632 660/660
f 632/632 662/662 660/660
f 662/662 667/667 668/668
f 660/660 668/668 669/669
f 660/660 662/662 668/668
f 1965/1965 1952/1952 1963/1963
f 1952/1952 1951/1951 1963/1963
f 668/668 667/667 671/671
f 667/667 672/672 671/671
f 1533/1533 1532/1532 1466/1466
f 672/672 673/673 684/684
f 673/673 682/682 684/684
f 1532/1532 1478/1478 1466/1466
f 1478/1478 1479/1479 1468/1468
f 682/682 697/697 684/684
f 697/697 698/698 709/709
f 709/709 698/698 707/707
f 751/751 750/750 739/739
f 739/739 750/750 740/740
f 581/581 580/580 583/583
f 580/580 598/598 583/583
f 581/581 583/583 584/584
f 581/581 584/584 587/587
f 591/591 590/590 587/587
f 591/591 587/587 607/607
f 591/591 607/607 613/613
f 1616/1616 1662/1662 1617/1617
f 1944/1944 2045/2045 2089/2089
f 613/613 607/607 612/612
f 611/611 610/610 612/612
f 610/610 613/613 612/612
f 2045/2045 1968/1968 1969/1969
f 2045/2045 1969/1969 2089/2089
f 611/611 612/612 617/617
f 611/611 617/617 621/621
f 621/621 617/617 632/632
f 2043/2043 1967/1967 1968/1968
f 621/621 632/632 644/644
f 632/632 617/617 630/630
f 1967/1967 1965/1965 1966/1966
f 632/632 630/630 662/662
f 662/662 630/630 663/663
f 1966/1966 1965/1965 1963/1963
f 662/662 663/663 667/667
f 663/663 659/659 667/667
f 659/659 665/665 667/667
f 667/667 665/665 672/672
f 672/672 665/665 673/673
f 673/673 681/681 682/682
f 682/682 681/681 683/683
f 682/682 683/683 697/697
f 683/683 698/698 697/697
f 691/691 694/694 698/698
f 694/694 706/706 707/707
f 694/694 707/707 698/698
f 707/707 706/706 708/708
f 794/794 795/795 811/811
f 1500/1500 1493/1493 1483/1483
f 811/811 795/795 813/813
f 1683/1683 1670/1670 1682/1682
f 739/739 740/740 725/725
f 717/717 739/739 721/721
f 717/717 721/721 603/603
f 645/645 717/717 603/603
f 598/598 649/649 586/586
f 649/649 645/645 586/586
f 598/598 586/586 583/583
f 587/587 584/584 609/609
f 607/607 587/587 608/608
f 587/587 609/609 608/608
f 607/607 608/608 614/614
f 612/612 607/607 614/614
f 612/612 614/614 618/618
f 617/617 612/612 618/618
f 1968/1968 1966/1966 1969/1969
f 630/630 618/618 631/631
f 618/618 627/627 631/631
f 617/617 618/618 630/630
f 630/630 631/631 663/663
f 631/631 659/659 663/663
f 631/631 627/627 659/659
f 659/659 627/627 643/643
f 659/659 643/643 665/665
f 665/665 666/666 673/673
f 673/673 666/666 681/681
f 683/683 691/691 698/698
f 694/694 695/695 706/706
f 1483/1483 1493/1493 1464/1464
f 739/739 725/725 721/721
f 586/586 645/645 600/600
f 600/600 645/645 603/603
f 583/583 586/586 585/585
f 584/584 583/583 585/585
f 586/586 589/589 585/585
f 584/584 585/585 588/588
f 584/584 588/588 609/609
f 608/608 609/609 622/622
f 614/614 608/608 622/622
f 622/622 609/609 623/623
f 622/622 623/623 626/626
f 622/622 626/626 627/627
f 627/627 626/626 643/643
f 643/643 666/666 665/665
f 666/666 683/683 681/681
f 666/666 670/670 683/683
f 670/670 691/691 683/683
f 706/706 702/702 794/794
f 794/794 702/702 713/713
f 794/794 713/713 795/795
f 1650/1650 1651/1651 1636/1636
f 721/721 725/725 723/723
f 721/721 723/723 716/716
f 600/600 603/603 602/602
f 588/588 585/585 604/604
f 609/609 588/588 604/604
f 609/609 604/604 619/619
f 609/609 619/619 623/623
f 623/623 619/619 625/625
f 626/626 625/625 635/635
f 626/626 635/635 643/643
f 643/643 635/635 658/658
f 658/658 670/670 666/666
f 657/657 674/674 670/670
f 1447/1447 1470/1470 1463/1463
f 670/670 674/674 691/691
f 674/674 696/696 695/695
f 674/674 695/695 694/694
f 2672/2672 2671/2671 2670/2670
f 716/716 723/723 656/656
f 603/603 716/716 602/602
f 600/600 601/601 589/589
f 600/600 602/602 601/601
f 602/602 647/647 601/601
f 585/585 589/589 604/604
f 604/604 589/589 605/605
f 589/589 601/601 605/605
f 604/604 605/605 620/620
f 619/619 604/604 620/620
f 625/625 619/619 635/635
f 619/619 620/620 635/635
f 620/620 633/633 635/635
f 635/635 633/633 657/657
f 635/635 657/657 658/658
f 658/658 657/657 670/670
f 657/657 661/661 674/674
f 674/674 661/661 685/685
f 686/686 687/687 702/702
f 702/702 687/687 704/704
f 1515/1515 1516/1516 1583/1583
f 1664/1664 1648/1648 1681/1681
f 716/716 656/656 654/654
f 602/602 654/654 647/647
f 605/605 601/601 606/606
f 601/601 647/647 606/606
f 605/605 606/606 624/624
f 620/620 605/605 624/624
f 606/606 628/628 624/624
f 620/620 624/624 633/633
f 633/633 624/624 634/634
f 624/624 628/628 634/634
f 628/628 640/640 634/634
f 633/633 634/634 657/657
f 634/634 640/640 661/661
f 657/657 634/634 661/661
f 640/640 641/641 661/661
f 661/661 641/641 685/685
f 685/685 641/641 677/677
f 685/685 677/677 686/686
f 686/686 677/677 687/687
f 1497/1497 1558/1558 1570/1570
f 654/654 656/656 638/638
f 1736/1736 1780/1780 1781/1781
f 654/654 638/638 637/637
f 637/637 638/638 636/636
f 637/637 636/636 606/606
f 606/606 636/636 628/628
f 628/628 636/636 639/639
f 628/628 639/639 640/640
f 640/640 639/639 641/641
f 1451/1451 1481/1481 1445/1445
f 641/641 639/639 642/642
f 641/641 642/642 677/677
f 677/677 642/642 703/703
f 1499/1499 1480/1480 1546/1546
f 1480/1480 1545/1545 1546/1546
f 1581/1581 1515/1515 1583/1583
f 2682/2682 2681/2681 2680/2680
f 2674/2674 2679/2679 2678/2678
f 3429/3429 3430/3430 3423/3423
f 1581/1581 1583/1583 1586/1586
f 1577/1577 1499/1499 1547/1547
f 3373/3373 3428/3428 3424/3424
f 3428/3428 3429/3429 3424/3424
f 3429/3429 3423/3423 3424/3424
f 3423/3423 3430/3430 3425/3425
f 3430/3430 3434/3434 3425/3425
f 1801/1801 1797/1797 1806/1806
f 1797/1797 1795/1795 1806/1806
f 1621/1621 1600/1600 1663/1663
f 1806/1806 1795/1795 1808/1808
f 1663/1663 1579/1579 1547/1547
f 1579/1579 1577/1577 1547/1547
f 1795/1795 1804/1804 1808/1808
f 1804/1804 1811/1811 1808/1808
f 3369/3369 3370/3370 3356/3356
f 3370/3370 3371/3371 3352/3352
f 3370/3370 3372/3372 3371/3371
f 3423/3423 3425/3425 3419/3419
f 3234/3234 3232/3232 3231/3231
f 3385/3385 3377/3377 3376/3376
f 3366/3366 3368/3368 3362/3362
f 3368/3368 3369/3369 3348/3348
f 3369/3369 3356/3356 3348/3348
f 3370/3370 3352/3352 3356/3356
f 3371/3371 3372/3372 3361/3361
f 3361/3361 3373/3373 3364/3364
f 3373/3373 3418/3418 3364/3364
f 3424/3424 3423/3423 3418/3418
f 3419/3419 3425/3425 3421/3421
f 3425/3425 3433/3433 3421/3421
f 3377/3377 3366/3366 3376/3376
f 3418/3418 3423/3423 3419/3419
f 3371/3371 3361/3361 3352/3352
f 3361/3361 3364/3364 3351/3351
f 3614/3614 3633/3633 3624/3624
f 3348/3348 3356/3356 3337/3337
f 3356/3356 3352/3352 3337/3337
f 3352/3352 3361/3361 3343/3343
f 3361/3361 3351/3351 3343/3343
f 3419/3419 3417/3417 3418/3418
f 3419/3419 3421/3421 3417/3417
f 3421/3421 3433/3433 3432/3432
f 3231/3231 3230/3230 3227/3227
f 3376/3376 3366/3366 3365/3365
f 3337/3337 3352/3352 3336/3336
f 3352/3352 3343/3343 3336/3336
f 3351/3351 3364/3364 3418/3418
f 3365/3365 3366/3366 3353/3353
f 3366/3366 3362/3362 3353/3353
f 3362/3362 3348/3348 3335/3335
f 3335/3335 3348/3348 3337/3337
f 3351/3351 3418/3418 3417/3417
f 3421/3421 3432/3432 3431/3431
f 3343/3343 3351/3351 3341/3341
f 3351/3351 3417/3417 3341/3341
f 3226/3226 3227/3227 3228/3228
f 3336/3336 3343/3343 3325/3325
f 3343/3343 3341/3341 3325/3325
f 3417/3417 3421/3421 3416/3416
f 3421/3421 3431/3431 3416/3416
f 3365/3365 3353/3353 3360/3360
f 3337/3337 3336/3336 3324/3324
f 3374/3374 3365/3365 3360/3360
f 3336/3336 3325/3325 3324/3324
f 3417/3417 3415/3415 3341/3341
f 3226/3226 3228/3228 3229/3229
f 3353/3353 3335/3335 3342/3342
f 3415/3415 3417/3417 3416/3416
f 3416/3416 3431/3431 3426/3426
f 3228/3228 3233/3233 3229/3229
f 3360/3360 3353/3353 3342/3342
f 3342/3342 3335/3335 3316/3316
f 3335/3335 3324/3324 3316/3316
f 3325/3325 3341/3341 3315/3315
f 3341/3341 3415/3415 3340/3340
f 3229/3229 3233/3233 3236/3236
f 3324/3324 3325/3325 3315/3315
f 3416/3416 3426/3426 3413/3413
f 3229/3229 3236/3236 3237/3237
f 3324/3324 3314/3314 3316/3316
f 3315/3315 3341/3341 3340/3340
f 3374/3374 3360/3360 3375/3375
f 3375/3375 3360/3360 3359/3359
f 3360/3360 3342/3342 3359/3359
f 3324/3324 3315/3315 3314/3314
f 3415/3415 3416/3416 3411/3411
f 3416/3416 3413/3413 3411/3411
f 2612/2612 2613/2613 2611/2611
f 3359/3359 3342/3342 3322/3322
f 3342/3342 3316/3316 3322/3322
f 3340/3340 3415/3415 3414/3414
f 3415/3415 3411/3411 3414/3414
f 2611/2611 2613/2613 2619/2619
f 3411/3411 3413/3413 3412/3412
f 3375/3375 3359/3359 3380/3380
f 3316/3316 3314/3314 3313/3313
f 2612/2612 2611/2611 2610/2610
f 3315/3315 3340/3340 3333/3333
f 3322/3322 3316/3316 3313/3313
f 3315/3315 3333/3333 3308/3308
f 3333/3333 3340/3340 3414/3414
f 3314/3314 3315/3315 3286/3286
f 3286/3286 3315/3315 3308/3308
f 3359/3359 3322/3322 3358/3358
f 3411/3411 3412/3412 3409/3409
f 2610/2610 2611/2611 2608/2608
f 2611/2611 2619/2619 2608/2608
f 3379/3379 3380/3380 3358/3358
f 3313/3313 3314/3314 3286/3286
f 3414/3414 3411/3411 3410/3410
f 3410/3410 3411/3411 3409/3409
f 3358/3358 3322/3322 3354/3354
f 3322/3322 3313/3313 3287/3287
f 2610/2610 2608/2608 2607/2607
f 3313/3313 3286/3286 3287/3287
f 3379/3379 3358/3358 3354/3354
f 3308/3308 3333/3333 3332/3332
f 3333/3333 3414/3414 3410/3410
f 3354/3354 3322/3322 3321/3321
f 3322/3322 3287/3287 3321/3321
f 3286/3286 3308/3308 3285/3285
f 3333/3333 3410/3410 3332/3332
f 3410/3410 3409/3409 3407/3407
f 3409/3409 3408/3408 3407/3407
f 2607/2607 2608/2608 2609/2609
f 3285/3285 3308/3308 3304/3304
f 3308/3308 3332/3332 3304/3304
f 2609/2609 2608/2608 2614/2614
f 3287/3287 3286/3286 3284/3284
f 3410/3410 3407/3407 3332/3332
f 3321/3321 3287/3287 3284/3284
f 3286/3286 3285/3285 3284/3284
f 3332/3332 3407/3407 3331/3331
f 3407/3407 3408/3408 3406/3406
f 3354/3354 3344/3344 3264/3264
f 3284/3284 3299/3299 3321/3321
f 3304/3304 3332/3332 3331/3331
f 3331/3331 3407/3407 3404/3404
f 3264/3264 3344/3344 3357/3357
f 3344/3344 3321/3321 3299/3299
f 3264/3264 3357/3357 3262/3262
f 3285/3285 3304/3304 3268/3268
f 3304/3304 3331/3331 3306/3306
f 3407/3407 3406/3406 3404/3404
f 3344/3344 3299/3299 3323/3323
f 3323/3323 3299/3299 3276/3276
f 3299/3299 3284/3284 3276/3276
f 3284/3284 3285/3285 3268/3268
f 3268/3268 3304/3304 3306/3306
f 2616/2616 2609/2609 2615/2615
f 2609/2609 2614/2614 2615/2615
f 3344/3344 3323/3323 3357/3357
f 3276/3276 3284/3284 3267/3267
f 3404/3404 3406/3406 3405/3405
f 2616/2616 2615/2615 2617/2617
f 3563/3563 3596/3596 3501/3501
f 3284/3284 3268/3268 3267/3267
f 3268/3268 3306/3306 3307/3307
f 3306/3306 3331/3331 3330/3330
f 3331/3331 3404/3404 3330/3330
f 3554/3554 3637/3637 3660/3660
f 3357/3357 3323/3323 3262/3262
f 3330/3330 3404/3404 3355/3355
f 3404/3404 3405/3405 3403/3403
f 3306/3306 3330/3330 3307/3307
f 3404/3404 3403/3403 3355/3355
f 2617/2617 2615/2615 2618/2618
f 3355/3355 3403/3403 3402/3402
f 3262/3262 3323/3323 3260/3260
f 3323/3323 3276/3276 3271/3271
f 3276/3276 3267/3267 3271/3271
f 3307/3307 3330/3330 3329/3329
f 3263/3263 3262/3262 3261/3261
f 3261/3261 3262/3262 3260/3260
f 3260/3260 3323/3323 3338/3338
f 3323/3323 3271/3271 3338/3338
f 3307/3307 3329/3329 3305/3305
f 3330/3330 3355/3355 3329/3329
f 3268/3268 3307/3307 3305/3305
f 3329/3329 3355/3355 3345/3345
f 3355/3355 3402/3402 3345/3345
f 3676/3676 3668/3668 3669/3669
f 3271/3271 3267/3267 3270/3270
f 3305/3305 3329/3329 3328/3328
f 3329/3329 3345/3345 3328/3328
f 3345/3345 3402/3402 3401/3401
f 3261/3261 3260/3260 3258/3258
f 3338/3338 3271/3271 3270/3270
f 3268/3268 3305/3305 3269/3269
f 3267/3267 3268/3268 3269/3269
f 3526/3526 3527/3527 3508/3508
f 3328/3328 3345/3345 3327/3327
f 3258/3258 3260/3260 3259/3259
f 3260/3260 3338/3338 3259/3259
f 3338/3338 3270/3270 3339/3339
f 3327/3327 3345/3345 3350/3350
f 3259/3259 3338/3338 3339/3339
f 3267/3267 3269/3269 3270/3270
f 3305/3305 3302/3302 3269/3269
f 3328/3328 3327/3327 3311/3311
f 3345/3345 3401/3401 3350/3350
f 3350/3350 3401/3401 3400/3400
f 3339/3339 3270/3270 3320/3320
f 3305/3305 3328/3328 3311/3311
f 3669/3669 3664/3664 3665/3665
f 3259/3259 3339/3339 3255/3255
f 3270/3270 3269/3269 3272/3272
f 3258/3258 3255/3255 3257/3257
f 3339/3339 3320/3320 3255/3255
f 3272/3272 3269/3269 3273/3273
f 3305/3305 3311/3311 3302/3302
f 3269/3269 3302/3302 3273/3273
f 3302/3302 3311/3311 3303/3303
f 3303/3303 3311/3311 3327/3327
f 3350/3350 3400/3400 3399/3399
f 3257/3257 3255/3255 3256/3256
f 3320/3320 3270/3270 3272/3272
f 3327/3327 3350/3350 3310/3310
f 3666/3666 3621/3621 3620/3620
f 3320/3320 3319/3319 3255/3255
f 3320/3320 3272/3272 3319/3319
f 3272/3272 3273/3273 3274/3274
f 3303/3303 3327/3327 3310/3310
f 3273/3273 3275/3275 3274/3274
f 3310/3310 3350/3350 3349/3349
f 3350/3350 3399/3399 3398/3398
f 3350/3350 3398/3398 3349/3349
f 3255/3255 3319/3319 3253/3253
f 3275/3275 3273/3273 3302/3302
f 3319/3319 3272/3272 3274/3274
f 3620/3620 3652/3652 3667/3667
f 3319/3319 3318/3318 3253/3253
f 3318/3318 3319/3319 3274/3274
f 3302/3302 3303/3303 3300/3300
f 3303/3303 3310/3310 3300/3300
f 3253/3253 3318/3318 3251/3251
f 3349/3349 3398/3398 3395/3395
f 3757/3757 3758/3758 3759/3759
f 3318/3318 3274/3274 3277/3277
f 3275/3275 3302/3302 3278/3278
f 3302/3302 3300/3300 3278/3278
f 3310/3310 3349/3349 3309/3309
f 3274/3274 3275/3275 3277/3277
f 3300/3300 3310/3310 3301/3301
f 3309/3309 3349/3349 3347/3347
f 3349/3349 3395/3395 3347/3347
f 3301/3301 3310/3310 3309/3309
f 3278/3278 3300/3300 3295/3295
f 3277/3277 3275/3275 3278/3278
f 3295/3295 3300/3300 3301/3301
f 3295/3295 3301/3301 3294/3294
f 3301/3301 3309/3309 3294/3294
f 3251/3251 3318/3318 3248/3248
f 3318/3318 3277/3277 3248/3248
f 3497/3497 3496/3496 3494/3494
f 3277/3277 3278/3278 3279/3279
f 3278/3278 3295/3295 3280/3280
f 3250/3250 3248/3248 3249/3249
f 3294/3294 3309/3309 3298/3298
f 3309/3309 3347/3347 3298/3298
f 3248/3248 3277/3277 3312/3312
f 3312/3312 3277/3277 3279/3279
f 3295/3295 3293/3293 3280/3280
f 3293/3293 3295/3295 3294/3294
f 3496/3496 3495/3495 3494/3494
f 3279/3279 3278/3278 3280/3280
f 3294/3294 3298/3298 3291/3291
f 3347/3347 3395/3395 3392/3392
f 3347/3347 3392/3392 3346/3346
f 3395/3395 3393/3393 3392/3392
f 3293/3293 3294/3294 3292/3292
f 3298/3298 3347/3347 3346/3346
f 3494/3494 3495/3495 3491/3491
f 3248/3248 3312/3312 3247/3247
f 3491/3491 3495/3495 3625/3625
f 3392/3392 3393/3393 3394/3394
f 3249/3249 3248/3248 3246/3246
f 3248/3248 3247/3247 3246/3246
f 3280/3280 3293/3293 3283/3283
f 3294/3294 3291/3291 3292/3292
f 3247/3247 3312/3312 3279/3279
f 3283/3283 3293/3293 3292/3292
f 3493/3493 3494/3494 3491/3491
f 3346/3346 3392/3392 3396/3396
f 3392/3392 3394/3394 3396/3396
f 3247/3247 3279/3279 3281/3281
f 3292/3292 3291/3291 3283/3283
f 3279/3279 3280/3280 3281/3281
f 3281/3281 3280/3280 3282/3282
f 3280/3280 3283/3283 3282/3282
f 3298/3298 3346/3346 3296/3296
f 3346/3346 3396/3396 3296/3296
f 3288/3288 3283/3283 3291/3291
f 3396/3396 3394/3394 3397/3397
f 3246/3246 3247/3247 3245/3245
f 3247/3247 3281/3281 3245/3245
f 3282/3282 3283/3283 3288/3288
f 3246/3246 3245/3245 3244/3244
f 3281/3281 3282/3282 3289/3289
f 3491/3491 3625/3625 3490/3490
f 3282/3282 3288/3288 3289/3289
f 3291/3291 3296/3296 3288/3288
f 3291/3291 3298/3298 3296/3296
f 3296/3296 3396/3396 3397/3397
f 3397/3397 3394/3394 3427/3427
f 3493/3493 3491/3491 3489/3489
f 3288/3288 3296/3296 3297/3297
f 3245/3245 3281/3281 3243/3243
f 3281/3281 3289/3289 3243/3243
f 3491/3491 3490/3490 3489/3489
f 3245/3245 3243/3243 3244/3244
f 3288/3288 3297/3297 3290/3290
f 3296/3296 3397/3397 3317/3317
f 3317/3317 3397/3397 3420/3420
f 3490/3490 3492/3492 3487/3487
f 3397/3397 3427/3427 3420/3420
f 3244/3244 3243/3243 3242/3242
f 3289/3289 3288/3288 3290/3290
f 3489/3489 3487/3487 3486/3486
f 3297/3297 3296/3296 3317/3317
f 3486/3486 3487/3487 3488/3488
f 3243/3243 3241/3241 3242/3242
f 3334/3334 3317/3317 3420/3420
f 3241/3241 3243/3243 3238/3238
f 3243/3243 3289/3289 3238/3238
f 3297/3297 3317/3317 3334/3334
f 3334/3334 3420/3420 3422/3422
f 3242/3242 3241/3241 3240/3240
f 3238/3238 3289/3289 3290/3290
f 3422/3422 3420/3420 3435/3435
f 3240/3240 3241/3241 3238/3238
f 3238/3238 3290/3290 3326/3326
f 3290/3290 3297/3297 3326/3326
f 3297/3297 3334/3334 3326/3326
f 3238/3238 3326/3326 3363/3363
f 3326/3326 3334/3334 3367/3367
f 2580/2580 2581/2581 2582/2582
f 2581/2581 2583/2583 2582/2582
f 2583/2583 2584/2584 2585/2585
f 2585/2585 2584/2584 2586/2586
f 2586/2586 2587/2587 2588/2588
f 2587/2587 2589/2589 2588/2588
f 2588/2588 2589/2589 2590/2590
f 2591/2591 2590/2590 2589/2589
f 2591/2591 2592/2592 2590/2590
f 2590/2590 2592/2592 2601/2601
f 2592/2592 2600/2600 2601/2601
f 2600/2600 2592/2592 2599/2599
f 2599/2599 2592/2592 2598/2598
f 2592/2592 2594/2594 2598/2598
f 1120/1120 928/928 980/980
f 1076/1076 1077/1077 1034/1034
f 2577/2577 2579/2579 2578/2578
f 2579/2579 2580/2580 2578/2578
f 2579/2579 2581/2581 2580/2580
f 1322/1322 1324/1324 1323/1323
f 1328/1328 1324/1324 1322/1322
f 2583/2583 2581/2581 2584/2584
f 1294/1294 1340/1340 1328/1328
f 2587/2587 2586/2586 2584/2584
f 1294/1294 1329/1329 1340/1340
f 1305/1305 1330/1330 1329/1329
f 1305/1305 1329/1329 1294/1294
f 1310/1310 1330/1330 1305/1305
f 1342/1342 1330/1330 1310/1310
f 2591/2591 2593/2593 2592/2592
f 1343/1343 1330/1330 1342/1342
f 2593/2593 2594/2594 2592/2592
f 1120/1120 995/995 928/928
f 1031/1031 1065/1065 1075/1075
f 1027/1027 1031/1031 1034/1034
f 2574/2574 2577/2577 2576/2576
f 2574/2574 2576/2576 2575/2575
f 1321/1321 1323/1323 1320/1320
f 1322/1322 1323/1323 1321/1321
f 1259/1259 1322/1322 1321/1321
f 1259/1259 1328/1328 1322/1322
f 1255/1255 1261/1261 1258/1258
f 1261/1261 1262/1262 1259/1259
f 1262/1262 1294/1294 1259/1259
f 1259/1259 1294/1294 1328/1328
f 1292/1292 1261/1261 1255/1255
f 1255/1255 1290/1290 1292/1292
f 1312/1312 1262/1262 1261/1261
f 1262/1262 1305/1305 1294/1294
f 1290/1290 1306/1306 1292/1292
f 1306/1306 1312/1312 1292/1292
f 1292/1292 1312/1312 1261/1261
f 1312/1312 1333/1333 1262/1262
f 1262/1262 1310/1310 1305/1305
f 1333/1333 1310/1310 1262/1262
f 1336/1336 1342/1342 1310/1310
f 1336/1336 1310/1310 1333/1333
f 1336/1336 1343/1343 1342/1342
f 1351/1351 1343/1343 1336/1336
f 2593/2593 2595/2595 2594/2594
f 1351/1351 1352/1352 1343/1343
f 2594/2594 2595/2595 2596/2596
f 2597/2597 2596/2596 2595/2595
f 1031/1031 1064/1064 1065/1065
f 2568/2568 2573/2573 2571/2571
f 2568/2568 2571/2571 2569/2569
f 1239/1239 1315/1315 1289/1289
f 2573/2573 2574/2574 2571/2571
f 1250/1250 1315/1315 1239/1239
f 1315/1315 1313/1313 1320/1320
f 1250/1250 1313/1313 1315/1315
f 1313/1313 1260/1260 1320/1320
f 1260/1260 1313/1313 1250/1250
f 1260/1260 1321/1321 1320/1320
f 1010/1010 999/999 968/968
f 1246/1246 1258/1258 1249/1249
f 1249/1249 1259/1259 1260/1260
f 1259/1259 1321/1321 1260/1260
f 1255/1255 1246/1246 1245/1245
f 1258/1258 1259/1259 1249/1249
f 1254/1254 1255/1255 1245/1245
f 1255/1255 1258/1258 1246/1246
f 1290/1290 1255/1255 1254/1254
f 1261/1261 1259/1259 1258/1258
f 1264/1264 1296/1296 1254/1254
f 1296/1296 1290/1290 1254/1254
f 1264/1264 1307/1307 1296/1296
f 1296/1296 1306/1306 1290/1290
f 1327/1327 1306/1306 1307/1307
f 1306/1306 1296/1296 1307/1307
f 1306/1306 1331/1331 1312/1312
f 1331/1331 1333/1333 1312/1312
f 1327/1327 1337/1337 1306/1306
f 1337/1337 1331/1331 1306/1306
f 1331/1331 1335/1335 1333/1333
f 1335/1335 1336/1336 1333/1333
f 1337/1337 1334/1334 1331/1331
f 1334/1334 1335/1335 1331/1331
f 1338/1338 1336/1336 1335/1335
f 1338/1338 1346/1346 1336/1336
f 1346/1346 1351/1351 1336/1336
f 1351/1351 1366/1366 1352/1352
f 2602/2602 2596/2596 2597/2597
f 2529/2529 2519/2519 2528/2528
f 4/4 5/5 6/6
f 2572/2572 2570/2570 2566/2566
f 2566/2566 2568/2568 2569/2569
f 1289/1289 1288/1288 1287/1287
f 1287/1287 1239/1239 1289/1289
f 1024/1024 1023/1023 1010/1010
f 1238/1238 1249/1249 1239/1239
f 1249/1249 1250/1250 1239/1239
f 1249/1249 1260/1260 1250/1250
f 1245/1245 1235/1235 1234/1234
f 1235/1235 1246/1246 1238/1238
f 1246/1246 1249/1249 1238/1238
f 1234/1234 1247/1247 1245/1245
f 1245/1245 1246/1246 1235/1235
f 1254/1254 1245/1245 1247/1247
f 1252/1252 1254/1254 1247/1247
f 1257/1257 1252/1252 1241/1241
f 1257/1257 1264/1264 1252/1252
f 1264/1264 1254/1254 1252/1252
f 1293/1293 1264/1264 1256/1256
f 1264/1264 1257/1257 1256/1256
f 1293/1293 1302/1302 1264/1264
f 1302/1302 1307/1307 1264/1264
f 1319/1319 1325/1325 1302/1302
f 1302/1302 1325/1325 1307/1307
f 1326/1326 1327/1327 1307/1307
f 1325/1325 1326/1326 1307/1307
f 1325/1325 1332/1332 1326/1326
f 1326/1326 1332/1332 1327/1327
f 1341/1341 1337/1337 1327/1327
f 1332/1332 1341/1341 1327/1327
f 1341/1341 1334/1334 1337/1337
f 1348/1348 1334/1334 1341/1341
f 1338/1338 1347/1347 1346/1346
f 1346/1346 1347/1347 1351/1351
f 1348/1348 1347/1347 1338/1338
f 1347/1347 1366/1366 1351/1351
f 1363/1363 1390/1390 1366/1366
f 2597/2597 2603/2603 2602/2602
f 941/941 924/924 911/911
f 1053/1053 1080/1080 1066/1066
f 2570/2570 2567/2567 2566/2566
f 1285/1285 1286/1286 1284/1284
f 1219/1219 1287/1287 1285/1285
f 1287/1287 1286/1286 1285/1285
f 2566/2566 2567/2567 2568/2568
f 1222/1222 1287/1287 1219/1219
f 1235/1235 1227/1227 1226/1226
f 1239/1239 1287/1287 1222/1222
f 1227/1227 1239/1239 1222/1222
f 1238/1238 1239/1239 1227/1227
f 1225/1225 1235/1235 1226/1226
f 1234/1234 1235/1235 1225/1225
f 1230/1230 1241/1241 1234/1234
f 1240/1240 1241/1241 1230/1230
f 1234/1234 1252/1252 1247/1247
f 1241/1241 1252/1252 1234/1234
f 1240/1240 1257/1257 1241/1241
f 1256/1256 1240/1240 1253/1253
f 1240/1240 1256/1256 1257/1257
f 1291/1291 1256/1256 1253/1253
f 1291/1291 1293/1293 1256/1256
f 1304/1304 1293/1293 1291/1291
f 1304/1304 1319/1319 1293/1293
f 1319/1319 1302/1302 1293/1293
f 862/862 908/908 906/906
f 1345/1345 1344/1344 1319/1319
f 1319/1319 1344/1344 1325/1325
f 1344/1344 1350/1350 1325/1325
f 1350/1350 1332/1332 1325/1325
f 1350/1350 1341/1341 1332/1332
f 1350/1350 1358/1358 1341/1341
f 1360/1360 1348/1348 1341/1341
f 1348/1348 1338/1338 1334/1334
f 1358/1358 1360/1360 1341/1341
f 1348/1348 1362/1362 1347/1347
f 1360/1360 1361/1361 1348/1348
f 1361/1361 1362/1362 1348/1348
f 1347/1347 1363/1363 1366/1366
f 1362/1362 1363/1363 1347/1347
f 1389/1389 1390/1390 1363/1363
f 3443/3443 3440/3440 3442/3442
f 3440/3440 3441/3441 3442/3442
f 1223/1223 1284/1284 1283/1283
f 3440/3440 3445/3445 3441/3441
f 1039/1039 1033/1033 1029/1029
f 1227/1227 1222/1222 1215/1215
f 1215/1215 1222/1222 1219/1219
f 1226/1226 1215/1215 1216/1216
f 1226/1226 1227/1227 1215/1215
f 1225/1225 1226/1226 1216/1216
f 1225/1225 1216/1216 1224/1224
f 1230/1230 1234/1234 1225/1225
f 1236/1236 1240/1240 1237/1237
f 1240/1240 1230/1230 1237/1237
f 1236/1236 1253/1253 1240/1240
f 1244/1244 1253/1253 1236/1236
f 1243/1243 1263/1263 1244/1244
f 1263/1263 1253/1253 1244/1244
f 1263/1263 1291/1291 1253/1253
f 1295/1295 1291/1291 1263/1263
f 1308/1308 1303/1303 1295/1295
f 1303/1303 1291/1291 1295/1295
f 1291/1291 1303/1303 1304/1304
f 1308/1308 1317/1317 1303/1303
f 1317/1317 1318/1318 1303/1303
f 1318/1318 1304/1304 1303/1303
f 1318/1318 1319/1319 1304/1304
f 1339/1339 1319/1319 1318/1318
f 1339/1339 1345/1345 1319/1319
f 1345/1345 1353/1353 1344/1344
f 1353/1353 1350/1350 1344/1344
f 1365/1365 1358/1358 1350/1350
f 1365/1365 1360/1360 1358/1358
f 1360/1360 1373/1373 1361/1361
f 1376/1376 1362/1362 1361/1361
f 1376/1376 1363/1363 1362/1362
f 1376/1376 1389/1389 1363/1363
f 2603/2603 2604/2604 2602/2602
f 1389/1389 1391/1391 1390/1390
f 2604/2604 2605/2605 2602/2602
f 2519/2519 2520/2520 2521/2521
f 3447/3447 3446/3446 3443/3443
f 3446/3446 3444/3444 3443/3443
f 3444/3444 3440/3440 3443/3443
f 1044/1044 1049/1049 1033/1033
f 1223/1223 1219/1219 1285/1285
f 1216/1216 1215/1215 1214/1214
f 1225/1225 1221/1221 1228/1228
f 1225/1225 1224/1224 1221/1221
f 1230/1230 1225/1225 1228/1228
f 1237/1237 1230/1230 1228/1228
f 1229/1229 1237/1237 1228/1228
f 1233/1233 1236/1236 1229/1229
f 1248/1248 1243/1243 1242/1242
f 1242/1242 1243/1243 1233/1233
f 1243/1243 1244/1244 1233/1233
f 1244/1244 1236/1236 1233/1233
f 1309/1309 1243/1243 1248/1248
f 5879/5879 5877/5877 5884/5884
f 5878/5878 5876/5876 5875/5875
f 5875/5875 5876/5876 5877/5877
f 1/1 2/2 3/3
f 4979/4979 4975/4975 4976/4976
f 4976/4976 4975/4975 4974/4974
f 1355/1355 1317/1317 1308/1308
f 1355/1355 1318/1318 1317/1317
f 1354/1354 1318/1318 1355/1355
f 1349/1349 1339/1339 1318/1318
f 1354/1354 1349/1349 1318/1318
f 1339/1339 1357/1357 1345/1345
f 1357/1357 1353/1353 1345/1345
f 1353/1353 1368/1368 1350/1350
f 1368/1368 1365/1365 1350/1350
f 1367/1367 1368/1368 1353/1353
f 1368/1368 1369/1369 1365/1365
f 1369/1369 1360/1360 1365/1365
f 1369/1369 1373/1373 1360/1360
f 1374/1374 1361/1361 1373/1373
f 1374/1374 1376/1376 1361/1361
f 1376/1376 1377/1377 1389/1389
f 1392/1392 1391/1391 1389/1389
f 2520/2520 2522/2522 2521/2521
f 1088/1088 1087/1087 1078/1078
f 3449/3449 3448/3448 3447/3447
f 3448/3448 3446/3446 3447/3447
f 1073/1073 1067/1067 1047/1047
f 1201/1201 1283/1283 1265/1265
f 1201/1201 1223/1223 1283/1283
f 1175/1175 1219/1219 1181/1181
f 1219/1219 1223/1223 1181/1181
f 1214/1214 1215/1215 1184/1184
f 1184/1184 1215/1215 1175/1175
f 1215/1215 1219/1219 1175/1175
f 1216/1216 1214/1214 1180/1180
f 1188/1188 1224/1224 1180/1180
f 1224/1224 1216/1216 1180/1180
f 1221/1221 1224/1224 1188/1188
f 1228/1228 1221/1221 1220/1220
f 1229/1229 1228/1228 1220/1220
f 1251/1251 1248/1248 1242/1242
f 4963/4963 4964/4964 4965/4965
f 5879/5879 5875/5875 5877/5877
f 5050/5050 4979/4979 5051/5051
f 1404/1404 1354/1354 1355/1355
f 1382/1382 1354/1354 1404/1404
f 1382/1382 1356/1356 1354/1354
f 1356/1356 1349/1349 1354/1354
f 1349/1349 1357/1357 1339/1339
f 1370/1370 1357/1357 1349/1349
f 1357/1357 1367/1367 1353/1353
f 1367/1367 1379/1379 1368/1368
f 1374/1374 1377/1377 1376/1376
f 1377/1377 1392/1392 1389/1389
f 1388/1388 1392/1392 1377/1377
f 2604/2604 2606/2606 2605/2605
f 1392/1392 1397/1397 1391/1391
f 1088/1088 1114/1114 1087/1087
f 3448/3448 3469/3469 3446/3446
f 1200/1200 1265/1265 1266/1266
f 1265/1265 1268/1268 1266/1266
f 1200/1200 1201/1201 1265/1265
f 1181/1181 1201/1201 1200/1200
f 1201/1201 1181/1181 1223/1223
f 1180/1180 1214/1214 1184/1184
f 1188/1188 1180/1180 1122/1122
f 1187/1187 1221/1221 1188/1188
f 1213/1213 1229/1229 1220/1220
f 1231/1231 1233/1233 1213/1213
f 1233/1233 1229/1229 1213/1213
f 1251/1251 1242/1242 1231/1231
f 1231/1231 1242/1242 1233/1233
f 4956/4956 4963/4963 4960/4960
f 4956/4956 4964/4964 4963/4963
f 5883/5883 5881/5881 5882/5882
f 5882/5882 5881/5881 5879/5879
f 5881/5881 5880/5880 5879/5879
f 5879/5879 5880/5880 5875/5875
f 4969/4969 4979/4979 5050/5050
f 4944/4944 4943/4943 4979/4979
f 4979/4979 4943/4943 4975/4975
f 4975/4975 4943/4943 4974/4974
f 4943/4943 4973/4973 4974/4974
f 5912/5912 5913/5913 5914/5914
f 5915/5915 5918/5918 5913/5913
f 1364/1364 1356/1356 1382/1382
f 3786/3786 3795/3795 3790/3790
f 1359/1359 1356/1356 1364/1364
f 1359/1359 1349/1349 1356/1356
f 1359/1359 1370/1370 1349/1349
f 1370/1370 1375/1375 1357/1357
f 1375/1375 1367/1367 1357/1357
f 1375/1375 1379/1379 1367/1367
f 1381/1381 1368/1368 1379/1379
f 1378/1378 1369/1369 1368/1368
f 1381/1381 1378/1378 1368/1368
f 1378/1378 1380/1380 1369/1369
f 1380/1380 1373/1373 1369/1369
f 1380/1380 1374/1374 1373/1373
f 1380/1380 1386/1386 1374/1374
f 1386/1386 1387/1387 1374/1374
f 1387/1387 1377/1377 1374/1374
f 1387/1387 1388/1388 1377/1377
f 894/894 895/895 893/893
f 2523/2523 2520/2520 2553/2553
f 2520/2520 2523/2523 2522/2522
f 1267/1267 1266/1266 1269/1269
f 1200/1200 1266/1266 1267/1267
f 1127/1127 1184/1184 1185/1185
f 1185/1185 1184/1184 1176/1176
f 1184/1184 1175/1175 1176/1176
f 1180/1180 1126/1126 1122/1122
f 1180/1180 1127/1127 1126/1126
f 1187/1187 1188/1188 1124/1124
f 1188/1188 1122/1122 1124/1124
f 1213/1213 1220/1220 1186/1186
f 1220/1220 1187/1187 1186/1186
f 1217/1217 1213/1213 1183/1183
f 1183/1183 1213/1213 1186/1186
f 1231/1231 1213/1213 1217/1217
f 4961/4961 4959/4959 4960/4960
f 4959/4959 4956/4956 4960/4960
f 4956/4956 4970/4970 4964/4964
f 4943/4943 4941/4941 4973/4973
f 4942/4942 4941/4941 4943/4943
f 5912/5912 5915/5915 5913/5913
f 3793/3793 3790/3790 3795/3795
f 3786/3786 3785/3785 3784/3784
f 3781/3781 3784/3784 3785/3785
f 3783/3783 3784/3784 3781/3781
f 1372/1372 1371/1371 1359/1359
f 1359/1359 1371/1371 1370/1370
f 1384/1384 1379/1379 1375/1375
f 1381/1381 1393/1393 1378/1378
f 1394/1394 1380/1380 1378/1378
f 1388/1388 1397/1397 1392/1392
f 1402/1402 1397/1397 1388/1388
f 2552/2552 2523/2523 2553/2553
f 1402/1402 1405/1405 1397/1397
f 2523/2523 2524/2524 2522/2522
f 3452/3452 3451/3451 3450/3450
f 1073/1073 1093/1093 1090/1090
f 1267/1267 1269/1269 1270/1270
f 1085/1085 1089/1089 1061/1061
f 1181/1181 1200/1200 1150/1150
f 1176/1176 1175/1175 1151/1151
f 1151/1151 1175/1175 1150/1150
f 1175/1175 1181/1181 1150/1150
f 1127/1127 1185/1185 1128/1128
f 1124/1124 1122/1122 1121/1121
f 1129/1129 1187/1187 1124/1124
f 1131/1131 1187/1187 1129/1129
f 1186/1186 1187/1187 1131/1131
f 1218/1218 1217/1217 1183/1183
f 5358/5358 4962/4962 4961/4961
f 4962/4962 4959/4959 4961/4961
f 4954/4954 4951/4951 4970/4970
f 4954/4954 4970/4970 4956/4956
f 4970/4970 4951/4951 4952/4952
f 4951/4951 4948/4948 4952/4952
f 4952/4952 4948/4948 4969/4969
f 4946/4946 4944/4944 4979/4979
f 4944/4944 4942/4942 4943/4943
f 5912/5912 5916/5916 5915/5915
f 5917/5917 5915/5915 5916/5916
f 3793/3793 3794/3794 3792/3792
f 3792/3792 3788/3788 3790/3790
f 3788/3788 3786/3786 3790/3790
f 3781/3781 3778/3778 3783/3783
f 1385/1385 1371/1371 1372/1372
f 1383/1383 1370/1370 1371/1371
f 1370/1370 1383/1383 1375/1375
f 1383/1383 1384/1384 1375/1375
f 1384/1384 1381/1381 1379/1379
f 1384/1384 1393/1393 1381/1381
f 1393/1393 1394/1394 1378/1378
f 1394/1394 1399/1399 1380/1380
f 1399/1399 1386/1386 1380/1380
f 1386/1386 1398/1398 1387/1387
f 1398/1398 1388/1388 1387/1387
f 1398/1398 1402/1402 1388/1388
f 1089/1089 1093/1093 1074/1074
f 1267/1267 1270/1270 1271/1271
f 1267/1267 1271/1271 1272/1272
f 3471/3471 3451/3451 3452/3452
f 1150/1150 1200/1200 1267/1267
f 1127/1127 1128/1128 1123/1123
f 1185/1185 1151/1151 1128/1128
f 1121/1121 1122/1122 1123/1123
f 1122/1122 1126/1126 1123/1123
f 1151/1151 1185/1185 1176/1176
f 1124/1124 1121/1121 1125/1125
f 1132/1132 1186/1186 1131/1131
f 1183/1183 1186/1186 1132/1132
f 4726/4726 4727/4727 5358/5358
f 1847/1847 2339/2339 1848/1848
f 5885/5885 5887/5887 5889/5889
f 4962/4962 4966/4966 4959/4959
f 4966/4966 4958/4958 4959/4959
f 4958/4958 4955/4955 4956/4956
f 4958/4958 4956/4956 4959/4959
f 4948/4948 4946/4946 4969/4969
f 4945/4945 4942/4942 4944/4944
f 4937/4937 4941/4941 4942/4942
f 4937/4937 4938/4938 4941/4941
f 5418/5418 3794/3794 3793/3793
f 5537/5537 5538/5538 5539/5539
f 5537/5537 5536/5536 5538/5538
f 3794/3794 3788/3788 3792/3792
f 3787/3787 3785/3785 3786/3786
f 3785/3785 3789/3789 3781/3781
f 3789/3789 3797/3797 3781/3781
f 3797/3797 3771/3771 3781/3781
f 3781/3781 3771/3771 3778/3778
f 3771/3771 3776/3776 3778/3778
f 3776/3776 3791/3791 3778/3778
f 1396/1396 1371/1371 1385/1385
f 1396/1396 1383/1383 1371/1371
f 1395/1395 1384/1384 1383/1383
f 1395/1395 1400/1400 1384/1384
f 1400/1400 1401/1401 1384/1384
f 1401/1401 1393/1393 1384/1384
f 1401/1401 1394/1394 1393/1393
f 1401/1401 1399/1399 1394/1394
f 1399/1399 1406/1406 1386/1386
f 1406/1406 1398/1398 1386/1386
f 1425/1425 1402/1402 1398/1398
f 1402/1402 1409/1409 1405/1405
f 2552/2552 2548/2548 2523/2523
f 2548/2548 2525/2525 2523/2523
f 2523/2523 2525/2525 2524/2524
f 3455/3455 3454/3454 3450/3450
f 1093/1093 1098/1098 1090/1090
f 3454/3454 3453/3453 3450/3450
f 1272/1272 1271/1271 1273/1273
f 3453/3453 3452/3452 3450/3450
f 1272/1272 1150/1150 1267/1267
f 1174/1174 1150/1150 1272/1272
f 1136/1136 1128/1128 1138/1138
f 1138/1138 1128/1128 1142/1142
f 1057/1057 1082/1082 1058/1058
f 1129/1129 1124/1124 1125/1125
f 1131/1131 1129/1129 1130/1130
f 1182/1182 1183/1183 1132/1132
f 1218/1218 1183/1183 1182/1182
f 4721/4721 4726/4726 4724/4724
f 4721/4721 4727/4727 4726/4726
f 5885/5885 5886/5886 5887/5887
f 4962/4962 5286/5286 4966/4966
f 4955/4955 4953/4953 4954/4954
f 4957/4957 4953/4953 4955/4955
f 4954/4954 4953/4953 4951/4951
f 4953/4953 4950/4950 4951/4951
f 4951/4951 4950/4950 4948/4948
f 4949/4949 4948/4948 4950/4950
f 4948/4948 4947/4947 4946/4946
f 4949/4949 4947/4947 4948/4948
f 4947/4947 4945/4945 4946/4946
f 4946/4946 4945/4945 4944/4944
f 4945/4945 5441/5441 4942/4942
f 4942/4942 5441/5441 4937/4937
f 4937/4937 4936/4936 4938/4938
f 4936/4936 4939/4939 4938/4938
f 4938/4938 4939/4939 5418/5418
f 5535/5535 5536/5536 5537/5537
f 3788/3788 3789/3789 3787/3787
f 3798/3798 3789/3789 3788/3788
f 3770/3770 3791/3791 3776/3776
f 1396/1396 1403/1403 1383/1383
f 1403/1403 1395/1395 1383/1383
f 1407/1407 1406/1406 1399/1399
f 1413/1413 1402/1402 1425/1425
f 1413/1413 1409/1409 1402/1402
f 3456/3456 3454/3454 3455/3455
f 1142/1142 1150/1150 1148/1148
f 1148/1148 1150/1150 1174/1174
f 1082/1082 1086/1086 1063/1063
f 1123/1123 1137/1137 1121/1121
f 1123/1123 1136/1136 1137/1137
f 1092/1092 1072/1072 1063/1063
f 1125/1125 1139/1139 1140/1140
f 1125/1125 1121/1121 1139/1139
f 1072/1072 1091/1091 1070/1070
f 1133/1133 1132/1132 1130/1130
f 1132/1132 1131/1131 1130/1130
f 1177/1177 1182/1182 1132/1132
f 5345/5345 4958/4958 4966/4966
f 4971/4971 4955/4955 4958/4958
f 4967/4967 4972/4972 4950/4950
f 4950/4950 4972/4972 4949/4949
f 5464/5464 4947/4947 4949/4949
f 5464/5464 4945/4945 4947/4947
f 5441/5441 5410/5410 4937/4937
f 5410/5410 4934/4934 4937/4937
f 4934/4934 4936/4936 4937/4937
f 5540/5540 5537/5537 5539/5539
f 5513/5513 5512/5512 3798/3798
f 5525/5525 5526/5526 5527/5527
f 5526/5526 5528/5528 5527/5527
f 3797/3797 3780/3780 3771/3771
f 3771/3771 3770/3770 3776/3776
f 3770/3770 3772/3772 3791/3791
f 1408/1408 1403/1403 1396/1396
f 1403/1403 1400/1400 1395/1395
f 1403/1403 1410/1410 1400/1400
f 1411/1411 1401/1401 1400/1400
f 1416/1416 1398/1398 1406/1406
f 1413/1413 1418/1418 1409/1409
f 2544/2544 2525/2525 2548/2548
f 2525/2525 2526/2526 2524/2524
f 1112/1112 1119/1119 1113/1113
f 3457/3457 3456/3456 3455/3455
f 3472/3472 3454/3454 3456/3456
f 1274/1274 1275/1275 1276/1276
f 1174/1174 1272/1272 1274/1274
f 1097/1097 1094/1094 1071/1071
f 1137/1137 1136/1136 1138/1138
f 1115/1115 1086/1086 1082/1082
f 1139/1139 1121/1121 1137/1137
f 1134/1134 1130/1130 1125/1125
f 1177/1177 1132/1132 1133/1133
f 2342/2342 2300/2300 1843/1843
f 4724/4724 4722/4722 4721/4721
f 4721/4721 4719/4719 4727/4727
f 4719/4719 5298/5298 4727/4727
f 5888/5888 5886/5886 5885/5885
f 5287/5287 5286/5286 4962/4962
f 5908/5908 5911/5911 5910/5910
f 5908/5908 5910/5910 5909/5909
f 5497/5497 4971/4971 4958/4958
f 4978/4978 4953/4953 4971/4971
f 4968/4968 4967/4967 4953/4953
f 4972/4972 5464/5464 4949/4949
f 6363/6363 6364/6364 6365/6365
f 4931/4931 5410/5410 5441/5441
f 4936/4936 4940/4940 4939/4939
f 5541/5541 5537/5537 5540/5540
f 3796/3796 3798/3798 5512/5512
f 3796/3796 3780/3780 3798/3798
f 3780/3780 3766/3766 3771/3771
f 3766/3766 3770/3770 3771/3771
f 1408/1408 1420/1420 1403/1403
f 919/919 932/932 934/934
f 1401/1401 1412/1412 1399/1399
f 1412/1412 1407/1407 1399/1399
f 1414/1414 1406/1406 1407/1407
f 1416/1416 1417/1417 1398/1398
f 1398/1398 1417/1417 1425/1425
f 1425/1425 1417/1417 1413/1413
f 2527/2527 2526/2526 2525/2525
f 206/206 219/219 225/225
f 1173/1173 1174/1174 1274/1274
f 1143/1143 1142/1142 1148/1148
f 1148/1148 1174/1174 1173/1173
f 1138/1138 1142/1142 1143/1143
f 1125/1125 1140/1140 1135/1135
f 1141/1141 1130/1130 1134/1134
f 1134/1134 1125/1125 1135/1135
f 5893/5893 5892/5892 5894/5894
f 1843/1843 2300/2300 1833/1833
f 4725/4725 4722/4722 4724/4724
f 4722/4722 4720/4720 4721/4721
f 4720/4720 4719/4719 4721/4721
f 5298/5298 5288/5288 5287/5287
f 5288/5288 5286/5286 5287/5287
f 5286/5286 5288/5288 5345/5345
f 5905/5905 5908/5908 5909/5909
f 5497/5497 4978/4978 4971/4971
f 4978/4978 4968/4968 4953/4953
f 4967/4967 5184/5184 5182/5182
f 5184/5184 5183/5183 5182/5182
f 5464/5464 4932/4932 4927/4927
f 4930/4930 4933/4933 4934/4934
f 4930/4930 4934/4934 5410/5410
f 4935/4935 4936/4936 4934/4934
f 5541/5541 5542/5542 5537/5537
f 5542/5542 5543/5543 5537/5537
f 5521/5521 3796/3796 5512/5512
f 3796/3796 3769/3769 3780/3780
f 3780/3780 3769/3769 3766/3766
f 3766/3766 3768/3768 3770/3770
f 3768/3768 3772/3772 3770/3770
f 3768/3768 3777/3777 3772/3772
f 3777/3777 5384/5384 3772/3772
f 1433/1433 1420/1420 1408/1408
f 1410/1410 1411/1411 1400/1400
f 1411/1411 1412/1412 1401/1401
f 1414/1414 1416/1416 1406/1406
f 1434/1434 1413/1413 1417/1417
f 1434/1434 1418/1418 1413/1413
f 2541/2541 2525/2525 2544/2544
f 2541/2541 2527/2527 2525/2525
f 2527/2527 2530/2530 2526/2526
f 1103/1103 1111/1111 1098/1098
f 3458/3458 3456/3456 3457/3457
f 1276/1276 1278/1278 1277/1277
f 1173/1173 1274/1274 1277/1277
f 1107/1107 1102/1102 1101/1101
f 1137/1137 1138/1138 1143/1143
f 1116/1116 1117/1117 1086/1086
f 1139/1139 1145/1145 1140/1140
f 1139/1139 1137/1137 1145/1145
f 1149/1149 1141/1141 1134/1134
f 1133/1133 1141/1141 1149/1149
f 1178/1178 1133/1133 1153/1153
f 5890/5890 5892/5892 5893/5893
f 5890/5890 5891/5891 5892/5892
f 5440/5440 4729/4729 4725/4725
f 4729/4729 4722/4722 4725/4725
f 4720/4720 4716/4716 4719/4719
f 2340/2340 2297/2297 2293/2293
f 2341/2341 2297/2297 2340/2340
f 5903/5903 5905/5905 5904/5904
f 5903/5903 5908/5908 5905/5905
f 4986/4986 4988/4988 5497/5497
f 6375/6375 6371/6371 6373/6373
f 4978/4978 5443/5443 4968/4968
f 5443/5443 5184/5184 4967/4967
f 5183/5183 5448/5448 4972/4972
f 6368/6368 6367/6367 6370/6370
f 4926/4926 4932/4932 5464/5464
f 4926/4926 4927/4927 4932/4932
f 4927/4927 4928/4928 4931/4931
f 4928/4928 4930/4930 4931/4931
f 4936/4936 4935/4935 4940/4940
f 5542/5542 5544/5544 5543/5543
f 5365/5365 3769/3769 3796/3796
f 1433/1433 1432/1432 1420/1420
f 1432/1432 1421/1421 1420/1420
f 1421/1421 1403/1403 1420/1420
f 1421/1421 1410/1410 1403/1403
f 1412/1412 1414/1414 1407/1407
f 1416/1416 1427/1427 1417/1417
f 1427/1427 1436/1436 1417/1417
f 1436/1436 1434/1434 1417/1417
f 1434/1434 1435/1435 1418/1418
f 215/215 202/202 206/206
f 3459/3459 3460/3460 3458/3458
f 3459/3459 3458/3458 3457/3457
f 1173/1173 1277/1277 1167/1167
f 1148/1148 1173/1173 1166/1166
f 1144/1144 1137/1137 1143/1143
f 1145/1145 1137/1137 1144/1144
f 2377/2377 2420/2420 1849/1849
f 1117/1117 1109/1109 1110/1110
f 1134/1134 1135/1135 1147/1147
f 1149/1149 1134/1134 1156/1156
f 1153/1153 1152/1152 1154/1154
f 1316/1316 1178/1178 1153/1153
f 4744/4744 5354/5354 5355/5355
f 4729/4729 4723/4723 4722/4722
f 4720/4720 4723/4723 4729/4729
f 4716/4716 4718/4718 4719/4719
f 5902/5902 5903/5903 5904/5904
f 2341/2341 2296/2296 2297/2297
f 2337/2337 2296/2296 2341/2341
f 3718/3718 3719/3719 3720/3720
f 2284/2284 2296/2296 2337/2337
f 6371/6371 6372/6372 6373/6373
f 6377/6377 6379/6379 6380/6380
f 5184/5184 5448/5448 5183/5183
f 4927/4927 4924/4924 4928/4928
f 4924/4924 4929/4929 4928/4928
f 4928/4928 4929/4929 4930/4930
f 5521/5521 5365/5365 3796/3796
f 3779/3779 3767/3767 3769/3769
f 3779/3779 3769/3769 5365/5365
f 3769/3769 3767/3767 3766/3766
f 3766/3766 3767/3767 3768/3768
f 3767/3767 3773/3773 3768/3768
f 3768/3768 3773/3773 3777/3777
f 3773/3773 5271/5271 5384/5384
f 3773/3773 5384/5384 3777/3777
f 1410/1410 1422/1422 1411/1411
f 1419/1419 1412/1412 1411/1411
f 1415/1415 1414/1414 1412/1412
f 1426/1426 1416/1416 1414/1414
f 1426/1426 1427/1427 1416/1416
f 3462/3462 3459/3459 3457/3457
f 203/203 215/215 220/220
f 1164/1164 1148/1148 1166/1166
f 1105/1105 1108/1108 1100/1100
f 1147/1147 1135/1135 1146/1146
f 1135/1135 1140/1140 1146/1146
f 1140/1140 1145/1145 1146/1146
f 1155/1155 1134/1134 1147/1147
f 1152/1152 1149/1149 1157/1157
f 1155/1155 1156/1156 1134/1134
f 1316/1316 1153/1153 1232/1232
f 1232/1232 1153/1153 1154/1154
f 2372/2372 2351/2351 2360/2360
f 4731/4731 4708/4708 5440/5440
f 5440/5440 4708/4708 4729/4729
f 4708/4708 4709/4709 4729/4729
f 5897/5897 5898/5898 5899/5899
f 5898/5898 5900/5900 5899/5899
f 4984/4984 4986/4986 4985/4985
f 4984/4984 4988/4988 4986/4986
f 6374/6374 6372/6372 6371/6371
f 6377/6377 6378/6378 6379/6379
f 5176/5176 5448/5448 4993/4993
f 5176/5176 4926/4926 5448/5448
f 4925/4925 4924/4924 4926/4926
f 4923/4923 4924/4924 4925/4925
f 4926/4926 4924/4924 4927/4927
f 4924/4924 4992/4992 4929/4929
f 5542/5542 5546/5546 5544/5544
f 3779/3779 3775/3775 3767/3767
f 3775/3775 3774/3774 3767/3767
f 3773/3773 3767/3767 3774/3774
f 3799/3799 5271/5271 3773/3773
f 5270/5270 5384/5384 5271/5271
f 1433/1433 1431/1431 1432/1432
f 5532/5532 5533/5533 5531/5531
f 5531/5531 5533/5533 5534/5534
f 1432/1432 1429/1429 1421/1421
f 1421/1421 1422/1422 1410/1410
f 1422/1422 1423/1423 1411/1411
f 1423/1423 1419/1419 1411/1411
f 1412/1412 1419/1419 1415/1415
f 3194/3194 3195/3195 3199/3199
f 2540/2540 2527/2527 2541/2541
f 217/217 216/216 218/218
f 1277/1277 1280/1280 1281/1281
f 1166/1166 1173/1173 1167/1167
f 1159/1159 1164/1164 1165/1165
f 1106/1106 1108/1108 1105/1105
f 1149/1149 1156/1156 1157/1157
f 4739/4739 4732/4732 4744/4744
f 4744/4744 4732/4732 5354/5354
f 5895/5895 5896/5896 5890/5890
f 5895/5895 5890/5890 5893/5893
f 4733/4733 4730/4730 4731/4731
f 4706/4706 4730/4730 4733/4733
f 4706/4706 4707/4707 4708/4708
f 4707/4707 4709/4709 4708/4708
f 4707/4707 4710/4710 4709/4709
f 4710/4710 4728/4728 4709/4709
f 4710/4710 4714/4714 4716/4716
f 4716/4716 4714/4714 4717/4717
f 3751/3751 3752/3752 3753/3753
f 4920/4920 5443/5443 4991/4991
f 4920/4920 4918/4918 5443/5443
f 4992/4992 5382/5382 4929/4929
f 4929/4929 4977/4977 4933/4933
f 4933/4933 4977/4977 4935/4935
f 5549/5549 5541/5541 5550/5550
f 5188/5188 5141/5141 5365/5365
f 3782/3782 3773/3773 3774/3774
f 3782/3782 3799/3799 3773/3773
f 5270/5270 5271/5271 3799/3799
f 5530/5530 5532/5532 5531/5531
f 1431/1431 1429/1429 1432/1432
f 1422/1422 1421/1421 1429/1429
f 3188/3188 3201/3201 3200/3200
f 1415/1415 1428/1428 1414/1414
f 1428/1428 1426/1426 1414/1414
f 1427/1427 1434/1434 1436/1436
f 3173/3173 3194/3194 3196/3196
f 2540/2540 2532/2532 2527/2527
f 2527/2527 2531/2531 2530/2530
f 203/203 184/184 202/202
f 1281/1281 1280/1280 1282/1282
f 3459/3459 3461/3461 3460/3460
f 1167/1167 1277/1277 1281/1281
f 1164/1164 1166/1166 1167/1167
f 1143/1143 1159/1159 1158/1158
f 1144/1144 1143/1143 1158/1158
f 210/210 212/212 213/213
f 209/209 223/223 222/222
f 2375/2375 2418/2418 2377/2377
f 212/212 211/211 222/222
f 1147/1147 1146/1146 1172/1172
f 1156/1156 1155/1155 1157/1157
f 1154/1154 1152/1152 1160/1160
f 5429/5429 4743/4743 4744/4744
f 4743/4743 4739/4739 4744/4744
f 4704/4704 4733/4733 4732/4732
f 4733/4733 4704/4704 4706/4706
f 4707/4707 4711/4711 4710/4710
f 4711/4711 4714/4714 4710/4710
f 4714/4714 5125/5125 4717/4717
f 5125/5125 5407/5407 4717/4717
f 6337/6337 6338/6338 6339/6339
f 4989/4989 4983/4983 4985/4985
f 4983/4983 4980/4980 4984/4984
f 4980/4980 4988/4988 4984/4984
f 4988/4988 4980/4980 4991/4991
f 4980/4980 4920/4920 4991/4991
f 4918/4918 4921/4921 4993/4993
f 4921/4921 4917/4917 4993/4993
f 4993/4993 4917/4917 5176/5176
f 4917/4917 4925/4925 5176/5176
f 4917/4917 4922/4922 4923/4923
f 4922/4922 4992/4992 4924/4924
f 4922/4922 4924/4924 4923/4923
f 5549/5549 5547/5547 5541/5541
f 6161/6161 6163/6163 6164/6164
f 3775/3775 3782/3782 3774/3774
f 3782/3782 3800/3800 3799/3799
f 3800/3800 5270/5270 3799/3799
f 5529/5529 5530/5530 5531/5531
f 5278/5278 5282/5282 5284/5284
f 5278/5278 5281/5281 5282/5282
f 5282/5282 5281/5281 5283/5283
f 1430/1430 1429/1429 1431/1431
f 1423/1423 1424/1424 1419/1419
f 1424/1424 1415/1415 1419/1419
f 3187/3187 3174/3174 3196/3196
f 3173/3173 3186/3186 3194/3194
f 3194/3194 3186/3186 3195/3195
f 2549/2549 2532/2532 2540/2540
f 202/202 184/184 196/196
f 3464/3464 3463/3463 3459/3459
f 3464/3464 3459/3459 3462/3462
f 3463/3463 3461/3461 3459/3459
f 1167/1167 1281/1281 1196/1196
f 189/189 190/190 207/207
f 208/208 189/189 207/207
f 1165/1165 1164/1164 1179/1179
f 1171/1171 1144/1144 1158/1158
f 205/205 212/212 210/210
f 205/205 211/211 212/212
f 1146/1146 1144/1144 1171/1171
f 1172/1172 1146/1146 1171/1171
f 1160/1160 1157/1157 1162/1162
f 1154/1154 1160/1160 1161/1161
f 1232/1232 1154/1154 1161/1161
f 5422/5422 4743/4743 5429/5429
f 4739/4739 4703/4703 4732/4732
f 4704/4704 4705/4705 4706/4706
f 4736/4736 4712/4712 4707/4707
f 4712/4712 4711/4711 4707/4707
f 4987/4987 4982/4982 4983/4983
f 4982/4982 4980/4980 4983/4983
f 4917/4917 4921/4921 4918/4918
f 4916/4916 4992/4992 4922/4922
f 5206/5206 5382/5382 4992/4992
f 5382/5382 5028/5028 4929/4929
f 5028/5028 4977/4977 4929/4929
f 5553/5553 5549/5549 5552/5552
f 5552/5552 5549/5549 5550/5550
f 5547/5547 5545/5545 5541/5541
f 5541/5541 5545/5545 5542/5542
f 5187/5187 5141/5141 5188/5188
f 6161/6161 6162/6162 6163/6163
f 5396/5396 3775/3775 3779/3779
f 3801/3801 3800/3800 3782/3782
f 3800/3800 5399/5399 5270/5270
f 5267/5267 5284/5284 5399/5399
f 5267/5267 5278/5278 5284/5284
f 1429/1429 1430/1430 1422/1422
f 3189/3189 3188/3188 3200/3200
f 3174/3174 3173/3173 3196/3196
f 191/191 216/216 217/217
f 182/182 184/184 203/203
f 255/255 200/200 210/210
f 200/200 205/205 210/210
f 1161/1161 1162/1162 1163/1163
f 1161/1161 1160/1160 1162/1162
f 1311/1311 1232/1232 1161/1161
f 5422/5422 4741/4741 4743/4743
f 4740/4740 4703/4703 4739/4739
f 4703/4703 4700/4700 4704/4704
f 4703/4703 4704/4704 4732/4732
f 4700/4700 4705/4705 4704/4704
f 4736/4736 4705/4705 4700/4700
f 4712/4712 4713/4713 4711/4711
f 4713/4713 4715/4715 4711/4711
f 2265/2265 2271/2271 2344/2344
f 6340/6340 6341/6341 6338/6338
f 5320/5320 4990/4990 4987/4987
f 4990/4990 4982/4982 4987/4987
f 4981/4981 4980/4980 4982/4982
f 4981/4981 4919/4919 4980/4980
f 4980/4980 4919/4919 4920/4920
f 4919/4919 4918/4918 4920/4920
f 4918/4918 4915/4915 4917/4917
f 4916/4916 4922/4922 4917/4917
f 4916/4916 5206/5206 4992/4992
f 5553/5553 5554/5554 5549/5549
f 5396/5396 3801/3801 3782/3782
f 5396/5396 3782/3782 3775/3775
f 5279/5279 5281/5281 5278/5278
f 3192/3192 3193/3193 3198/3198
f 3198/3198 3191/3191 3197/3197
f 3188/3188 3187/3187 3201/3201
f 3187/3187 3074/3074 3174/3174
f 3174/3174 3074/3074 3173/3173
f 197/197 177/177 191/191
f 184/184 173/173 196/196
f 190/190 182/182 203/203
f 1298/1298 1196/1196 1281/1281
f 1179/1179 1191/1191 1158/1158
f 211/211 192/192 201/201
f 1168/1168 1162/1162 1157/1157
f 1311/1311 1161/1161 1169/1169
f 4872/4872 4668/4668 5429/5429
f 4668/4668 5422/5422 5429/5429
f 5422/5422 4746/4746 4741/4741
f 4746/4746 4742/4742 4741/4741
f 4741/4741 4742/4742 4740/4740
f 4703/4703 4702/4702 4700/4700
f 4700/4700 4698/4698 4736/4736
f 5463/5463 4715/4715 4713/4713
f 4915/4915 4916/4916 4917/4917
f 5556/5556 5555/5555 5553/5553
f 5554/5554 5553/5553 5555/5555
f 5323/5323 5114/5114 5322/5322
f 5140/5140 5396/5396 5141/5141
f 5269/5269 5266/5266 5267/5267
f 5269/5269 5267/5267 5399/5399
f 5268/5268 5278/5278 5267/5267
f 5268/5268 5279/5279 5278/5278
f 3175/3175 3193/3193 3192/3192
f 3193/3193 3191/3191 3198/3198
f 3191/3191 3096/3096 3197/3197
f 3197/3197 3096/3096 3189/3189
f 3189/3189 3071/3071 3188/3188
f 3188/3188 3073/3073 3187/3187
f 3073/3073 3074/3074 3187/3187
f 3173/3173 3172/3172 3186/3186
f 2550/2550 2532/2532 2549/2549
f 2532/2532 2533/2533 2531/2531
f 3467/3467 3464/3464 3462/3462
f 3464/3464 3465/3465 3463/3463
f 189/189 176/176 190/190
f 1190/1190 1171/1171 1191/1191
f 1172/1172 1168/1168 1155/1155
f 1169/1169 1161/1161 1163/1163
f 4668/4668 4673/4673 5422/5422
f 4673/4673 4746/4746 5422/5422
f 5927/5927 5925/5925 5926/5926
f 5925/5925 5924/5924 5926/5926
f 5923/5923 5924/5924 5925/5925
f 4734/4734 4702/4702 4703/4703
f 4702/4702 4701/4701 4700/4700
f 4701/4701 4697/4697 4700/4700
f 5920/5920 5922/5922 5921/5921
f 4712/4712 5463/5463 4713/4713
f 6343/6343 6342/6342 6340/6340
f 5463/5463 5190/5190 4715/4715
f 6342/6342 6341/6341 6340/6340
f 5002/5002 5320/5320 5003/5003
f 5003/5003 5320/5320 5056/5056
f 6354/6354 6352/6352 6351/6351
f 6351/6351 6352/6352 6353/6353
f 5305/5305 4981/4981 4990/4990
f 5305/5305 5401/5401 4981/4981
f 4981/4981 5329/5329 4919/4919
f 5329/5329 4981/4981 5401/5401
f 4994/4994 4915/4915 4919/4919
f 4912/4912 4913/4913 4915/4915
f 5114/5114 5116/5116 5322/5322
f 5548/5548 5545/5545 5547/5547
f 5187/5187 5169/5169 5141/5141
f 5169/5169 5078/5078 5141/5141
f 5078/5078 5140/5140 5141/5141
f 6157/6157 6159/6159 6160/6160
f 5396/5396 3803/3803 3801/3801
f 3803/3803 3802/3802 3801/3801
f 3801/3801 3802/3802 3800/3800
f 3802/3802 5399/5399 3800/3800
f 3802/3802 5269/5269 5399/5399
f 3190/3190 3175/3175 3192/3192
f 3096/3096 3077/3077 3189/3189
f 3077/3077 3071/3071 3189/3189
f 3067/3067 3173/3173 3074/3074
f 3067/3067 3163/3163 3173/3173
f 3163/3163 3172/3172 3173/3173
f 173/173 177/177 197/197
f 3466/3466 3465/3465 3464/3464
f 3466/3466 3464/3464 3467/3467
f 174/174 175/175 189/189
f 189/189 175/175 176/176
f 1202/1202 1196/1196 1298/1298
f 174/174 189/189 201/201
f 255/255 183/183 200/200
f 1189/1189 1172/1172 1190/1190
f 1168/1168 1172/1172 1189/1189
f 1169/1169 1163/1163 1170/1170
f 4871/4871 4668/4668 4872/4872
f 2336/2336 2317/2317 2375/2375
f 4667/4667 4673/4673 4668/4668
f 4673/4673 4674/4674 4746/4746
f 5928/5928 5925/5925 5927/5927
f 4698/4698 4699/4699 5463/5463
f 2294/2294 2259/2259 2265/2265
f 5002/5002 5000/5000 5305/5305
f 5329/5329 4994/4994 4919/4919
f 4994/4994 4912/4912 4915/4915
f 4913/4913 5206/5206 4916/4916
f 5558/5558 5555/5555 5556/5556
f 5113/5113 5110/5110 5114/5114
f 5110/5110 5116/5116 5114/5114
f 5548/5548 5551/5551 5545/5545
f 5360/5360 5169/5169 5187/5187
f 2356/2356 2229/2229 2224/2224
f 5268/5268 5280/5280 5279/5279
f 3184/3184 3175/3175 3190/3190
f 3071/3071 3073/3073 3188/3188
f 3073/3073 3066/3066 3074/3074
f 1202/1202 1298/1298 1300/1300
f 3470/3470 3465/3465 3466/3466
f 176/176 182/182 190/190
f 171/171 172/172 182/182
f 183/183 198/198 199/199
f 183/183 199/199 200/200
f 192/192 178/178 201/201
f 1189/1189 1190/1190 1193/1193
f 4672/4672 4668/4668 4871/4871
f 5925/5925 5930/5930 5929/5929
f 5925/5925 5929/5929 5923/5923
f 4745/4745 4697/4697 4701/4701
f 4697/4697 4695/4695 4698/4698
f 4695/4695 4699/4699 4698/4698
f 4699/4699 4735/4735 5463/5463
f 6270/6270 6269/6269 6271/6271
f 5463/5463 5055/5055 5056/5056
f 5055/5055 5003/5003 5056/5056
f 5001/5001 5000/5000 5002/5002
f 5000/5000 4905/4905 5305/5305
f 4905/4905 5401/5401 5305/5305
f 4905/4905 4904/4904 5329/5329
f 4905/4905 5329/5329 5401/5401
f 5250/5250 4910/4910 4994/4994
f 5250/5250 4994/4994 5329/5329
f 4910/4910 4911/4911 4912/4912
f 4910/4910 4912/4912 4994/4994
f 4911/4911 4914/4914 4913/4913
f 4911/4911 4913/4913 4912/4912
f 4913/4913 4914/4914 5206/5206
f 4914/4914 5430/5430 5206/5206
f 5112/5112 5110/5110 5113/5113
f 2165/2165 2240/2240 2241/2241
f 5075/5075 5078/5078 5169/5169
f 5078/5078 5077/5077 5140/5140
f 5140/5140 5077/5077 5396/5396
f 3802/3802 3805/3805 5269/5269
f 5266/5266 3807/3807 5267/5267
f 3807/3807 5268/5268 5267/5267
f 5289/5289 5280/5280 5268/5268
f 3184/3184 3176/3176 3175/3175
f 3076/3076 3193/3193 3175/3175
f 3076/3076 3191/3191 3193/3193
f 3069/3069 3071/3071 3077/3077
f 3068/3068 3073/3073 3071/3071
f 2550/2550 2534/2534 2532/2532
f 2534/2534 2533/2533 2532/2532
f 177/177 166/166 169/169
f 176/176 171/171 182/182
f 178/178 174/174 201/201
f 179/179 192/192 198/198
f 1168/1168 1189/1189 1199/1199
f 4661/4661 4662/4662 4672/4672
f 4672/4672 4662/4662 4668/4668
f 4662/4662 4667/4667 4668/4668
f 4666/4666 4673/4673 4667/4667
f 4666/4666 4674/4674 4673/4673
f 4674/4674 4676/4676 4745/4745
f 4676/4676 4693/4693 4745/4745
f 4695/4695 4735/4735 4699/4699
f 5055/5055 5004/5004 5003/5003
f 5004/5004 5001/5001 5003/5003
f 5003/5003 5001/5001 5002/5002
f 5327/5327 5430/5430 4914/4914
f 5111/5111 5112/5112 5115/5115
f 5110/5110 5112/5112 5111/5111
f 5110/5110 5079/5079 5116/5116
f 5079/5079 5360/5360 5116/5116
f 5360/5360 5317/5317 5169/5169
f 3805/3805 5266/5266 5269/5269
f 5265/5265 5289/5289 5268/5268
f 3076/3076 3072/3072 3191/3191
f 3191/3191 3072/3072 3096/3096
f 3068/3068 3066/3066 3073/3073
f 3163/3163 3095/3095 3172/3172
f 2551/2551 2534/2534 2550/2550
f 166/166 168/168 169/169
f 173/173 151/151 177/177
f 151/151 166/166 177/177
f 1772/1772 1773/1773 1774/1774
f 1208/1208 1202/1202 1300/1300
f 174/174 162/162 175/175
f 1193/1193 1192/1192 1203/1203
f 179/179 178/178 192/192
f 1198/1198 1168/1168 1199/1199
f 1170/1170 1197/1197 1206/1206
f 5081/5081 4661/4661 4672/4672
f 4675/4675 4676/4676 4674/4674
f 4677/4677 4693/4693 4676/4676
f 4677/4677 4694/4694 4693/4693
f 4693/4693 4694/4694 4695/4695
f 4696/4696 4735/4735 4695/4695
f 4696/4696 5447/5447 4735/4735
f 6268/6268 6269/6269 6270/6270
f 5004/5004 4906/4906 5001/5001
f 5001/5001 4906/4906 5000/5000
f 4905/4905 4902/4902 4904/4904
f 5250/5250 4903/4903 4910/4910
f 4910/4910 4909/4909 4911/4911
f 4909/4909 4995/4995 4911/4911
f 4911/4911 4995/4995 4914/4914
f 4995/4995 5327/5327 4914/4914
f 5327/5327 5115/5115 5430/5430
f 5111/5111 5115/5115 5327/5327
f 5079/5079 5317/5317 5360/5360
f 5317/5317 5011/5011 5075/5075
f 5317/5317 5075/5075 5169/5169
f 5075/5075 5076/5076 5078/5078
f 5076/5076 5077/5077 5078/5078
f 3804/3804 3805/3805 3802/3802
f 3805/3805 3807/3807 5266/5266
f 3807/3807 5265/5265 5268/5268
f 5289/5289 5388/5388 5280/5280
f 3181/3181 3176/3176 3184/3184
f 3176/3176 3075/3075 3175/3175
f 3075/3075 3076/3076 3175/3175
f 3022/3022 3069/3069 3077/3077
f 3022/3022 3077/3077 3096/3096
f 3069/3069 3068/3068 3071/3071
f 3066/3066 3067/3067 3074/3074
f 3094/3094 3163/3163 3067/3067
f 3094/3094 3095/3095 3163/3163
f 166/166 163/163 168/168
f 172/172 150/150 173/173
f 150/150 151/151 173/173
f 178/178 170/170 174/174
f 214/214 167/167 183/183
f 167/167 181/181 183/183
f 6080/6080 6081/6081 6082/6082
f 4662/4662 4666/4666 4667/4667
f 4666/4666 4675/4675 4674/4674
f 4675/4675 4677/4677 4676/4676
f 5447/5447 5004/5004 5055/5055
f 4906/4906 4902/4902 4905/4905
f 4902/4902 4903/4903 4904/4904
f 4903/4903 4909/4909 4910/4910
f 5109/5109 5110/5110 5111/5111
f 5109/5109 5079/5079 5110/5110
f 5079/5079 5072/5072 5317/5317
f 5009/5009 5011/5011 5317/5317
f 5011/5011 5010/5010 5075/5075
f 5010/5010 5076/5076 5075/5075
f 6157/6157 6158/6158 6159/6159
f 5318/5318 3804/3804 3803/3803
f 3803/3803 3804/3804 3802/3802
f 3806/3806 3807/3807 3805/3805
f 5265/5265 5417/5417 5289/5289
f 5417/5417 5388/5388 5289/5289
f 3177/3177 3176/3176 3181/3181
f 3176/3176 3177/3177 3075/3075
f 3075/3075 3072/3072 3076/3076
f 3072/3072 3022/3022 3096/3096
f 3066/3066 3065/3065 3067/3067
f 3067/3067 3065/3065 3094/3094
f 158/158 150/150 172/172
f 162/162 171/171 175/175
f 175/175 171/171 176/176
f 1209/1209 1207/1207 1212/1212
f 214/214 165/165 167/167
f 181/181 180/180 179/179
f 2382/2382 2379/2379 2316/2316
f 4757/4757 4661/4661 5081/5081
f 4662/4662 4663/4663 4666/4666
f 4663/4663 4747/4747 4666/4666
f 4747/4747 4675/4675 4666/4666
f 4675/4675 4678/4678 4677/4677
f 4678/4678 4738/4738 4677/4677
f 4738/4738 4737/4737 4694/4694
f 5031/5031 5004/5004 5447/5447
f 5033/5033 5036/5036 5030/5030
f 5030/5030 5036/5036 4906/4906
f 4906/4906 5005/5005 4902/4902
f 5128/5128 5327/5327 4995/4995
f 5122/5122 5117/5117 5111/5111
f 5122/5122 5111/5111 5327/5327
f 5117/5117 5109/5109 5111/5111
f 4318/4318 5079/5079 5109/5109
f 5072/5072 5009/5009 5317/5317
f 6153/6153 6155/6155 6156/6156
f 3804/3804 3806/3806 3805/3805
f 3807/3807 3809/3809 5265/5265
f 3809/3809 5417/5417 5265/5265
f 5417/5417 5263/5263 5388/5388
f 5263/5263 5097/5097 5388/5388
f 3180/3180 3177/3177 3181/3181
f 3178/3178 3075/3075 3177/3177
f 3075/3075 3026/3026 3072/3072
f 3021/3021 3068/3068 3069/3069
f 3070/3070 3066/3066 3068/3068
f 3065/3065 3092/3092 3094/3094
f 3094/3094 3093/3093 3095/3095
f 2542/2542 2534/2534 2551/2551
f 1769/1769 1772/1772 1778/1778
f 3468/3468 3466/3466 3467/3467
f 171/171 158/158 172/172
f 162/162 152/152 171/171
f 2815/2815 2870/2870 2857/2857
f 170/170 161/161 174/174
f 161/161 162/162 174/174
f 167/167 156/156 181/181
f 157/157 170/170 178/178
f 156/156 180/180 181/181
f 4757/4757 4749/4749 4661/4661
f 4660/4660 4662/4662 4661/4661
f 4660/4660 4663/4663 4662/4662
f 4747/4747 4679/4679 4675/4675
f 4679/4679 4678/4678 4675/4675
f 4678/4678 5121/5121 4738/4738
f 6349/6349 6348/6348 6350/6350
f 5405/5405 4737/4737 4738/4738
f 5363/5363 5031/5031 5447/5447
f 5031/5031 5032/5032 5030/5030
f 5302/5302 5036/5036 5394/5394
f 5302/5302 4906/4906 5036/5036
f 4902/4902 4901/4901 4903/4903
f 4901/4901 4908/4908 4903/4903
f 4908/4908 4909/4909 4903/4903
f 4908/4908 5070/5070 4995/4995
f 4908/4908 4995/4995 4909/4909
f 5070/5070 5128/5128 4995/4995
f 6266/6266 6265/6265 6267/6267
f 5117/5117 5040/5040 5109/5109
f 4318/4318 5072/5072 5079/5079
f 5009/5009 5008/5008 5011/5011
f 5275/5275 3806/3806 3804/3804
f 5096/5096 5097/5097 5263/5263
f 3180/3180 3179/3179 3177/3177
f 3179/3179 3178/3178 3177/3177
f 3027/3027 3026/3026 3075/3075
f 3072/3072 3026/3026 3022/3022
f 3022/3022 3021/3021 3069/3069
f 3070/3070 3007/3007 3066/3066
f 3007/3007 3065/3065 3066/3066
f 3010/3010 3092/3092 3065/3065
f 3092/3092 3093/3093 3094/3094
f 2542/2542 2535/2535 2534/2534
f 2534/2534 2535/2535 2533/2533
f 160/160 163/163 166/166
f 1772/1772 1771/1771 1773/1773
f 141/141 171/171 152/152
f 141/141 158/158 171/171
f 153/153 152/152 162/162
f 165/165 156/156 167/167
f 180/180 157/157 179/179
f 179/179 157/157 178/178
f 4751/4751 4749/4749 4757/4757
f 4660/4660 4664/4664 4663/4663
f 4664/4664 4669/4669 4663/4663
f 4669/4669 4670/4670 4663/4663
f 4670/4670 4747/4747 4663/4663
f 4679/4679 4680/4680 4678/4678
f 4680/4680 5195/5195 4678/4678
f 5195/5195 5121/5121 4678/4678
f 5121/5121 5405/5405 4738/4738
f 6332/6332 6335/6335 6334/6334
f 5363/5363 5362/5362 5031/5031
f 5037/5037 5032/5032 5031/5031
f 5034/5034 5035/5035 5033/5033
f 4899/4899 4902/4902 5005/5005
f 6263/6263 6265/6265 6266/6266
f 5130/5130 5117/5117 5122/5122
f 5130/5130 5040/5040 5117/5117
f 4318/4318 5071/5071 5072/5072
f 5071/5071 4354/4354 5009/5009
f 5071/5071 5009/5009 5072/5072
f 5010/5010 5134/5134 5077/5077
f 5010/5010 5077/5077 5076/5076
f 5077/5077 5134/5134 5318/5318
f 6153/6153 6154/6154 6155/6155
f 5275/5275 3808/3808 3806/3806
f 3806/3806 3808/3808 3807/3807
f 3808/3808 3809/3809 3807/3807
f 3809/3809 5263/5263 5417/5417
f 5096/5096 5095/5095 5097/5097
f 3182/3182 3179/3179 3180/3180
f 3182/3182 3183/3183 3179/3179
f 3183/3183 3178/3178 3179/3179
f 3178/3178 3027/3027 3075/3075
f 3028/3028 3027/3027 3178/3178
f 2984/2984 3012/3012 3026/3026
f 3026/3026 3012/3012 3022/3022
f 3021/3021 3007/3007 3068/3068
f 3068/3068 3007/3007 3070/3070
f 3008/3008 3065/3065 3007/3007
f 3009/3009 3010/3010 3065/3065
f 3092/3092 3089/3089 3093/3093
f 2543/2543 2535/2535 2542/2542
f 1769/1769 1771/1771 1772/1772
f 146/146 161/161 170/170
f 156/156 154/154 155/155
f 156/156 157/157 180/180
f 157/157 146/146 170/170
f 4749/4749 4748/4748 4661/4661
f 4748/4748 4659/4659 4661/4661
f 5335/5335 4665/4665 4660/4660
f 4664/4664 4665/4665 5335/5335
f 6083/6083 6084/6084 6085/6085
f 4682/4682 4679/4679 4747/4747
f 4681/4681 4680/4680 4679/4679
f 6333/6333 6335/6335 6336/6336
f 2354/2354 2330/2330 2309/2309
f 6333/6333 6334/6334 6335/6335
f 5405/5405 5362/5362 5363/5363
f 5034/5034 5032/5032 5037/5037
f 6287/6287 6289/6289 6288/6288
f 4907/4907 5302/5302 5394/5394
f 5302/5302 4899/4899 5005/5005
f 4899/4899 4901/4901 4902/4902
f 4908/4908 4997/4997 5070/5070
f 4997/4997 4999/4999 5070/5070
f 4999/4999 5181/5181 5070/5070
f 6263/6263 6264/6264 6265/6265
f 5181/5181 5130/5130 5122/5122
f 5040/5040 4317/4317 5109/5109
f 4317/4317 4318/4318 5109/5109
f 5009/5009 4354/4354 5008/5008
f 5008/5008 4341/4341 5010/5010
f 5134/5134 5137/5137 5318/5318
f 6169/6169 6170/6170 6171/6171
f 3183/3183 3185/3185 3178/3178
f 3185/3185 3028/3028 3178/3178
f 3012/3012 3002/3002 3022/3022
f 3002/3002 3021/3021 3022/3022
f 3008/3008 3009/3009 3065/3065
f 160/160 147/147 163/163
f 1767/1767 1769/1769 1778/1778
f 144/144 160/160 151/151
f 1769/1769 1770/1770 1771/1771
f 161/161 145/145 162/162
f 145/145 134/134 162/162
f 2809/2809 2861/2861 2804/2804
f 2803/2803 2861/2861 2809/2809
f 155/155 157/157 156/156
f 2382/2382 2328/2328 2393/2393
f 4752/4752 4750/4750 4751/4751
f 4751/4751 4750/4750 4749/4749
f 4750/4750 4748/4748 4749/4749
f 4748/4748 4657/4657 4659/4659
f 4657/4657 4658/4658 4659/4659
f 4659/4659 4658/4658 4660/4660
f 4658/4658 5335/5335 4660/4660
f 5335/5335 4671/4671 4664/4664
f 4664/4664 4671/4671 4669/4669
f 4671/4671 4670/4670 4669/4669
f 5872/5872 5873/5873 5874/5874
f 4682/4682 5167/5167 5166/5166
f 4682/4682 4681/4681 4679/4679
f 4681/4681 4688/4688 4680/4680
f 4680/4680 4688/4688 5195/5195
f 6332/6332 6329/6329 6331/6331
f 5106/5106 5104/5104 5362/5362
f 6291/6291 6293/6293 6294/6294
f 6291/6291 6292/6292 6293/6293
f 6286/6286 6287/6287 6288/6288
f 5245/5245 5034/5034 5037/5037
f 4907/4907 4900/4900 5302/5302
f 4900/4900 4897/4897 4899/4899
f 4900/4900 4899/4899 5302/5302
f 4996/4996 4997/4997 4908/4908
f 5181/5181 5389/5389 5130/5130
f 5389/5389 5039/5039 5040/5040
f 5389/5389 5040/5040 5130/5130
f 5039/5039 4317/4317 5040/5040
f 4317/4317 4316/4316 4318/4318
f 5071/5071 4344/4344 4354/4354
f 4354/4354 4341/4341 5008/5008
f 4341/4341 5134/5134 5010/5010
f 5134/5134 5135/5135 5137/5137
f 5135/5135 5275/5275 5137/5137
f 5262/5262 3808/3808 5275/5275
f 3809/3809 3811/3811 5263/5263
f 6169/6169 6172/6172 6170/6170
f 5094/5094 5095/5095 5096/5096
f 5094/5094 5093/5093 5095/5095
f 3760/3760 3761/3761 3762/3762
f 3202/3202 3185/3185 3182/3182
f 3028/3028 3003/3003 3027/3027
f 3003/3003 3026/3026 3027/3027
f 3009/3009 3004/3004 3010/3010
f 143/143 147/147 160/160
f 150/150 132/132 151/151
f 132/132 144/144 151/151
f 141/141 131/131 158/158
f 131/131 150/150 158/158
f 2802/2802 2815/2815 2857/2857
f 134/134 153/153 162/162
f 146/146 145/145 161/161
f 139/139 146/146 157/157
f 4754/4754 4752/4752 4751/4751
f 5080/5080 4657/4657 4748/4748
f 4682/4682 4683/4683 4681/4681
f 4683/4683 4684/4684 4681/4681
f 4684/4684 4688/4688 4681/4681
f 6329/6329 6330/6330 6331/6331
f 5245/5245 5101/5101 4907/4907
f 5101/5101 4896/4896 4907/4907
f 4897/4897 4898/4898 4899/4899
f 4898/4898 4901/4901 4899/4899
f 4901/4901 4996/4996 4908/4908
f 4996/4996 4998/4998 4997/4997
f 4998/4998 4999/4999 4997/4997
f 4999/4999 5419/5419 5181/5181
f 5419/5419 5389/5389 5181/5181
f 4316/4316 4315/4315 4318/4318
f 4315/4315 4344/4344 5071/5071
f 4315/4315 5071/5071 4318/4318
f 4319/4319 4341/4341 4354/4354
f 4890/4890 5135/5135 5134/5134
f 5135/5135 5136/5136 5275/5275
f 6149/6149 6151/6151 6152/6152
f 3808/3808 3810/3810 3809/3809
f 3810/3810 3811/3811 3809/3809
f 6173/6173 6172/6172 6169/6169
f 5098/5098 5094/5094 5099/5099
f 5092/5092 5093/5093 5094/5094
f 3202/3202 3005/3005 3185/3185
f 3185/3185 3005/3005 3028/3028
f 3005/3005 3003/3003 3028/3028
f 3003/3003 2984/2984 3026/3026
f 2984/2984 3002/3002 3012/3012
f 3002/3002 2973/2973 3021/3021
f 3021/3021 2973/2973 3007/3007
f 3004/3004 3088/3088 3092/3092
f 3004/3004 3092/3092 3010/3010
f 3088/3088 3089/3089 3092/3092
f 144/144 143/143 160/160
f 131/131 132/132 150/150
f 1769/1769 1768/1768 1770/1770
f 153/153 140/140 152/152
f 140/140 116/116 152/152
f 155/155 139/139 157/157
f 4752/4752 4753/4753 4750/4750
f 4753/4753 4756/4756 4750/4750
f 4750/4750 4756/4756 4748/4748
f 3715/3715 3716/3716 3717/3717
f 6068/6068 6069/6069 6067/6067
f 4657/4657 4656/4656 4658/4658
f 4658/4658 4656/4656 5335/5335
f 6086/6086 6087/6087 6088/6088
f 6086/6086 6089/6089 6087/6087
f 5494/5494 5173/5173 4671/4671
f 5166/5166 4692/4692 4682/4682
f 4692/4692 4683/4683 4682/4682
f 4684/4684 4686/4686 4688/4688
f 6193/6193 6197/6197 6198/6198
f 4686/4686 5277/5277 4688/4688
f 5105/5105 5102/5102 5104/5104
f 5105/5105 5104/5104 5106/5106
f 5102/5102 5103/5103 5104/5104
f 5101/5101 5103/5103 5102/5102
f 4896/4896 4897/4897 4907/4907
f 4907/4907 4897/4897 4900/4900
f 6199/6199 6201/6201 6202/6202
f 5029/5029 4998/4998 4996/4996
f 4998/4998 5029/5029 4999/4999
f 5029/5029 5419/5419 4999/4999
f 5419/5419 4279/4279 5389/5389
f 4279/4279 4337/4337 5389/5389
f 4337/4337 5039/5039 5389/5389
f 4337/4337 4317/4317 5039/5039
f 4317/4317 4313/4313 4316/4316
f 4344/4344 4319/4319 4354/4354
f 4322/4322 4323/4323 4341/4341
f 4341/4341 4323/4323 5134/5134
f 5262/5262 3810/3810 3808/3808
f 5098/5098 5092/5092 5094/5094
f 5090/5090 5093/5093 5092/5092
f 3024/3024 3005/3005 3202/3202
f 3005/3005 2979/2979 3003/3003
f 2981/2981 2973/2973 3002/3002
f 3008/3008 2968/2968 3009/3009
f 2968/2968 3004/3004 3009/3009
f 2978/2978 3025/3025 3004/3004
f 3004/3004 3025/3025 3088/3088
f 3088/3088 3087/3087 3089/3089
f 2545/2545 2535/2535 2543/2543
f 1766/1766 1768/1768 1767/1767
f 1767/1767 1768/1768 1769/1769
f 152/152 116/116 141/141
f 2854/2854 2802/2802 2857/2857
f 134/134 140/140 153/153
f 154/154 114/114 155/155
f 4755/4755 4753/4753 4752/4752
f 4755/4755 4752/4752 4754/4754
f 6067/6067 6066/6066 6068/6068
f 4655/4655 5080/5080 4761/4761
f 4655/4655 4656/4656 4657/4657
f 4760/4760 5494/5494 4656/4656
f 5494/5494 4692/4692 5173/5173
f 4692/4692 4685/4685 4683/4683
f 4683/4683 4685/4685 4684/4684
f 4685/4685 4686/4686 4684/4684
f 6192/6192 6197/6197 6193/6193
f 5006/5006 4894/4894 4896/4896
f 5006/5006 4896/4896 5101/5101
f 4895/4895 4898/4898 4897/4897
f 4898/4898 5015/5015 4901/4901
f 6199/6199 6200/6200 6201/6201
f 6201/6201 6203/6203 6202/6202
f 4314/4314 4313/4313 4337/4337
f 4337/4337 4313/4313 4317/4317
f 4313/4313 4315/4315 4316/4316
f 4319/4319 4322/4322 4341/4341
f 4890/4890 5136/5136 5135/5135
f 3024/3024 2980/2980 3005/3005
f 2980/2980 2979/2979 3005/3005
f 3003/3003 2977/2977 2984/2984
f 2976/2976 3002/3002 2984/2984
f 2976/2976 2981/2981 3002/3002
f 2973/2973 2968/2968 3007/3007
f 3007/3007 2968/2968 3008/3008
f 2968/2968 2978/2978 3004/3004
f 2545/2545 2537/2537 2535/2535
f 2535/2535 2537/2537 2536/2536
f 144/144 133/133 143/143
f 116/116 105/105 141/141
f 105/105 131/131 141/141
f 149/149 114/114 154/154
f 114/114 139/139 155/155
f 5016/5016 4755/4755 4754/4754
f 5442/5442 5027/5027 4753/4753
f 5027/5027 4756/4756 4753/4753
f 6065/6065 6066/6066 6067/6067
f 4761/4761 4654/4654 4655/4655
f 4653/4653 4656/4656 4655/4655
f 2322/2322 2313/2313 2318/2318
f 4760/4760 5348/5348 5494/5494
f 5105/5105 5108/5108 5102/5102
f 5102/5102 5006/5006 5101/5101
f 4894/4894 4895/4895 4896/4896
f 4895/4895 4897/4897 4896/4896
f 4895/4895 5179/5179 4898/4898
f 5179/5179 5015/5015 4898/4898
f 4295/4295 4279/4279 5029/5029
f 5029/5029 4279/4279 5419/5419
f 4280/4280 5252/5252 4337/4337
f 4280/4280 4337/4337 4279/4279
f 5252/5252 4314/4314 4337/4337
f 4315/4315 4319/4319 4344/4344
f 4323/4323 4333/4333 5134/5134
f 5134/5134 4333/4333 4890/4890
f 3813/3813 3810/3810 5262/5262
f 6169/6169 6174/6174 6173/6173
f 5264/5264 5100/5100 5099/5099
f 5099/5099 5100/5100 5098/5098
f 5100/5100 5091/5091 5092/5092
f 5100/5100 5092/5092 5098/5098
f 5091/5091 5090/5090 5092/5092
f 2983/2983 2980/2980 3024/3024
f 2979/2979 2977/2977 3003/3003
f 2977/2977 2976/2976 2984/2984
f 132/132 133/133 144/144
f 1766/1766 1776/1776 1768/1768
f 134/134 115/115 140/140
f 139/139 113/113 146/146
f 113/113 145/145 146/146
f 5385/5385 4755/4755 5016/5016
f 6072/6072 6073/6073 6074/6074
f 5442/5442 5462/5462 5027/5027
f 5462/5462 4762/4762 5027/5027
f 4762/4762 4654/4654 4761/4761
f 2313/2313 2314/2314 2312/2312
f 4654/4654 4653/4653 4655/4655
f 4653/4653 4649/4649 4760/4760
f 4758/4758 4760/4760 4649/4649
f 4760/4760 4758/4758 5348/5348
f 4650/4650 5348/5348 4758/4758
f 5348/5348 4650/4650 5494/5494
f 5988/5988 5990/5990 5991/5991
f 5988/5988 5989/5989 5990/5990
f 5293/5293 4687/4687 4685/4685
f 6196/6196 6189/6189 6193/6193
f 6189/6189 6192/6192 6193/6193
f 6189/6189 6188/6188 6192/6192
f 5247/5247 5006/5006 5108/5108
f 5108/5108 5006/5006 5102/5102
f 5179/5179 4290/4290 5015/5015
f 4290/4290 4278/4278 4295/4295
f 4290/4290 4295/4295 5015/5015
f 4278/4278 4279/4279 4295/4295
f 2352/2352 2267/2267 2260/2260
f 4314/4314 4311/4311 4313/4313
f 4312/4312 4319/4319 4315/4315
f 6149/6149 6150/6150 6151/6151
f 3812/3812 3811/3811 3810/3810
f 5091/5091 5084/5084 5090/5090
f 5084/5084 5089/5089 5090/5090
f 2975/2975 2972/2972 2976/2976
f 2976/2976 2972/2972 2981/2981
f 2981/2981 2972/2972 2973/2973
f 2537/2537 2538/2538 2536/2536
f 143/143 137/137 147/147
f 2851/2851 2793/2793 2854/2854
f 115/115 116/116 140/140
f 113/113 134/134 145/145
f 6070/6070 6071/6071 6072/6072
f 6071/6071 6073/6073 6072/6072
f 4859/4859 5353/5353 5442/5442
f 4859/4859 5442/5442 4860/4860
f 5353/5353 5462/5462 5442/5442
f 5462/5462 4763/4763 4762/4762
f 4763/4763 4654/4654 4762/4762
f 4647/4647 4653/4653 4654/4654
f 4690/4690 4687/4687 5293/5293
f 4689/4689 4687/4687 4690/4690
f 4689/4689 4691/4691 4686/4686
f 6186/6186 6187/6187 6188/6188
f 6185/6185 6187/6187 6186/6186
f 6187/6187 6185/6185 6195/6195
f 6185/6185 6177/6177 6195/6195
f 5007/5007 4894/4894 5006/5006
f 4894/4894 4891/4891 4895/4895
f 4891/4891 5179/5179 4895/4895
f 4278/4278 4274/4274 4279/4279
f 4274/4274 4339/4339 4280/4280
f 4274/4274 4280/4280 4279/4279
f 4280/4280 4339/4339 5252/5252
f 4339/4339 5157/5157 5252/5252
f 4313/4313 4312/4312 4315/4315
f 4319/4319 4320/4320 4322/4322
f 4320/4320 4323/4323 4322/4322
f 4333/4333 4329/4329 4890/4890
f 4329/4329 5276/5276 4890/4890
f 5276/5276 5136/5136 4890/4890
f 5276/5276 3813/3813 5262/5262
f 3813/3813 3812/3812 3810/3810
f 3812/3812 5264/5264 3811/3811
f 5264/5264 5381/5381 5100/5100
f 5381/5381 5091/5091 5100/5100
f 5091/5091 5156/5156 5084/5084
f 2982/2982 2980/2980 2983/2983
f 3025/3025 3087/3087 3088/3088
f 142/142 137/137 143/143
f 132/132 108/108 133/133
f 113/113 106/106 134/134
f 114/114 109/109 139/139
f 4863/4863 4856/4856 4860/4860
f 4856/4856 4859/4859 4860/4860
f 5353/5353 4763/4763 5462/5462
f 4759/4759 4647/4647 4654/4654
f 4647/4647 4649/4649 4653/4653
f 4647/4647 4648/4648 4649/4649
f 4648/4648 4650/4650 4649/4649
f 4651/4651 4650/4650 4648/4648
f 4650/4650 4651/4651 5293/5293
f 6189/6189 6186/6186 6188/6188
f 4294/4294 5179/5179 4891/4891
f 4294/4294 4290/4290 5179/5179
f 4339/4339 5052/5052 5157/5157
f 5052/5052 4311/4311 4314/4314
f 4313/4313 4311/4311 4312/4312
f 4312/4312 4320/4320 4319/4319
f 3813/3813 3814/3814 3812/3812
f 5381/5381 5156/5156 5091/5091
f 2944/2944 2968/2968 2973/2973
f 2978/2978 2953/2953 3025/3025
f 2546/2546 2537/2537 2545/2545
f 1779/1779 1763/1763 1767/1767
f 1763/1763 1766/1766 1767/1767
f 99/99 132/132 131/131
f 1766/1766 1765/1765 1776/1776
f 115/115 104/104 116/116
f 148/148 114/114 149/149
f 2796/2796 2781/2781 2780/2780
f 4861/4861 4863/4863 5385/5385
f 2389/2389 1991/1991 2392/2392
f 4856/4856 4858/4858 4859/4859
f 4859/4859 5351/5351 5353/5353
f 4759/4759 4767/4767 4647/4647
f 4690/4690 4691/4691 4689/4689
f 3724/3724 3725/3725 3726/3726
f 6274/6274 6277/6277 6276/6276
f 6186/6186 6175/6175 6185/6185
f 6175/6175 6177/6177 6185/6185
f 4293/4293 4285/4285 4294/4294
f 4293/4293 4294/4294 4891/4891
f 4294/4294 4283/4283 4290/4290
f 4283/4283 4278/4278 4290/4290
f 4339/4339 4271/4271 5052/5052
f 5052/5052 4271/4271 4311/4311
f 4312/4312 4321/4321 4320/4320
f 4320/4320 4324/4324 4323/4323
f 4324/4324 4325/4325 4323/4323
f 4323/4323 4325/4325 4333/4333
f 5276/5276 3814/3814 3813/3813
f 3812/3812 5381/5381 5264/5264
f 5084/5084 3842/3842 5089/5089
f 2982/2982 2971/2971 2980/2980
f 2971/2971 2979/2979 2980/2980
f 2979/2979 2969/2969 2977/2977
f 2969/2969 2976/2976 2977/2977
f 2974/2974 2972/2972 2975/2975
f 2972/2972 2944/2944 2973/2973
f 2947/2947 2978/2978 2968/2968
f 2953/2953 3011/3011 3025/3025
f 3025/3025 3085/3085 3087/3087
f 3085/3085 3086/3086 3087/3087
f 2537/2537 2539/2539 2538/2538
f 1763/1763 1765/1765 1766/1766
f 105/105 99/99 131/131
f 104/104 105/105 116/116
f 139/139 109/109 113/113
f 4861/4861 4854/4854 4863/4863
f 4854/4854 4856/4856 4863/4863
f 4862/4862 5351/5351 4859/4859
f 6139/6139 6138/6138 6140/6140
f 4852/4852 5248/5248 5353/5353
f 4645/4645 4648/4648 4647/4647
f 4652/4652 4651/4651 4648/4648
f 4652/4652 4764/4764 4651/4651
f 5975/5975 5968/5968 5973/5973
f 5367/5367 4691/4691 4690/4690
f 6275/6275 6274/6274 6276/6276
f 6189/6189 6190/6190 6186/6186
f 4834/4834 4832/4832 4835/4835
f 4278/4278 4276/4276 4274/4274
f 4274/4274 4271/4271 4339/4339
f 4325/4325 4327/4327 4333/4333
f 4327/4327 4329/4329 4333/4333
f 3815/3815 3817/3817 3812/3812
f 3817/3817 3820/3820 5381/5381
f 3817/3817 5381/5381 3812/3812
f 3820/3820 5156/5156 5381/5381
f 3826/3826 3842/3842 5084/5084
f 2971/2971 2969/2969 2979/2979
f 2969/2969 2975/2975 2976/2976
f 3011/3011 3085/3085 3025/3025
f 138/138 137/137 142/142
f 108/108 112/112 142/142
f 106/106 107/107 115/115
f 98/98 106/106 113/113
f 148/148 110/110 114/114
f 2786/2786 2814/2814 2787/2787
f 4854/4854 4855/4855 4856/4856
f 4855/4855 4857/4857 4856/4856
f 4857/4857 4858/4858 4856/4856
f 4857/4857 4862/4862 4858/4858
f 6136/6136 6138/6138 6139/6139
f 4852/4852 5185/5185 5248/5248
f 5248/5248 5185/5185 5438/5438
f 6113/6113 6114/6114 6115/6115
f 5438/5438 5423/5423 4767/4767
f 5423/5423 4644/4644 4767/4767
f 4644/4644 4646/4646 4767/4767
f 4645/4645 4646/4646 4644/4644
f 2367/2367 2324/2324 2322/2322
f 4645/4645 4765/4765 4648/4648
f 4765/4765 4652/4652 4648/4648
f 4652/4652 4766/4766 4764/4764
f 5968/5968 5972/5972 5973/5973
f 5972/5972 5974/5974 5973/5973
f 6272/6272 6274/6274 6275/6275
f 4838/4838 4833/4833 4837/4837
f 4832/4832 4836/4836 4835/4835
f 6175/6175 6176/6176 6177/6177
f 5007/5007 4893/4893 4894/4894
f 4893/4893 4892/4892 4891/4891
f 4893/4893 4891/4891 4894/4894
f 4892/4892 4293/4293 4891/4891
f 4285/4285 4283/4283 4294/4294
f 4276/4276 4275/4275 4274/4274
f 4273/4273 4271/4271 4274/4274
f 4269/4269 4270/4270 4271/4271
f 4271/4271 4272/4272 4311/4311
f 4272/4272 4312/4312 4311/4311
f 4272/4272 4338/4338 4312/4312
f 4338/4338 4321/4321 4312/4312
f 4321/4321 4334/4334 4320/4320
f 4334/4334 4324/4324 4320/4320
f 4325/4325 4326/4326 4327/4327
f 4327/4327 4328/4328 4329/4329
f 5867/5867 5868/5868 5870/5870
f 5870/5870 5868/5868 5871/5871
f 5276/5276 3816/3816 3814/3814
f 3816/3816 3815/3815 3814/3814
f 3814/3814 3815/3815 3812/3812
f 3820/3820 3826/3826 5156/5156
f 5156/5156 3826/3826 5084/5084
f 3826/3826 3827/3827 3842/3842
f 2985/2985 2971/2971 2982/2982
f 2969/2969 2974/2974 2975/2975
f 2944/2944 2947/2947 2968/2968
f 2947/2947 2953/2953 2978/2978
f 99/99 108/108 132/132
f 1763/1763 1764/1764 1765/1765
f 104/104 97/97 105/105
f 96/96 104/104 115/115
f 110/110 109/109 114/114
f 4857/4857 5459/5459 4862/4862
f 2368/2368 2324/2324 2367/2367
f 4765/4765 4645/4645 5290/5290
f 4814/4814 4816/4816 5367/5367
f 4833/4833 4832/4832 4834/4834
f 4832/4832 4831/4831 4836/4836
f 4831/4831 5349/5349 4836/4836
f 6178/6178 6176/6176 6175/6175
f 6180/6180 6194/6194 6176/6176
f 4282/4282 4278/4278 4283/4283
f 4282/4282 4276/4276 4278/4278
f 4275/4275 4273/4273 4274/4274
f 4273/4273 4269/4269 4271/4271
f 4270/4270 4272/4272 4271/4271
f 3821/3821 3826/3826 3820/3820
f 2969/2969 2951/2951 2974/2974
f 2948/2948 2946/2946 2974/2974
f 2946/2946 2972/2972 2974/2974
f 2946/2946 2944/2944 2972/2972
f 2944/2944 2945/2945 2947/2947
f 2546/2546 2539/2539 2537/2537
f 129/129 130/130 137/137
f 1786/1786 1761/1761 1779/1779
f 1761/1761 1763/1763 1779/1779
f 85/85 112/112 108/108
f 2851/2851 2838/2838 2793/2793
f 107/107 96/96 115/115
f 135/135 110/110 148/148
f 2780/2780 2781/2781 2760/2760
f 4853/4853 4624/4624 4854/4854
f 4853/4853 4854/4854 4861/4861
f 4624/4624 4855/4855 4854/4854
f 6133/6133 6132/6132 6134/6134
f 4851/4851 4635/4635 5459/5459
f 6132/6132 6135/6135 6134/6134
f 5459/5459 4635/4635 4852/4852
f 4635/4635 4636/4636 4852/4852
f 4636/4636 4849/4849 4852/4852
f 4852/4852 4849/4849 5185/5185
f 6117/6117 6116/6116 6113/6113
f 6113/6113 6116/6116 6114/6114
f 4642/4642 4644/4644 5423/5423
f 5978/5978 5977/5977 5970/5970
f 5965/5965 5968/5968 5969/5969
f 5968/5968 5971/5971 5972/5972
f 4814/4814 4813/4813 4816/4816
f 6272/6272 6273/6273 6274/6274
f 5132/5132 4833/4833 4838/4838
f 4830/4830 4833/4833 5132/5132
f 4830/4830 4831/4831 4832/4832
f 4840/4840 5349/5349 4831/4831
f 6178/6178 6179/6179 6176/6176
f 6179/6179 6180/6180 6176/6176
f 6180/6180 6184/6184 6194/6194
f 5168/5168 4293/4293 4892/4892
f 5168/5168 4287/4287 4293/4293
f 4287/4287 4285/4285 4293/4293
f 4284/4284 4283/4283 4285/4285
f 4284/4284 4282/4282 4283/4283
f 4282/4282 4277/4277 4276/4276
f 4277/4277 4275/4275 4276/4276
f 4281/4281 5154/5154 4273/4273
f 4281/4281 4273/4273 4275/4275
f 5154/5154 4345/4345 4273/4273
f 4345/4345 4269/4269 4273/4273
f 4272/4272 5047/5047 4338/4338
f 4338/4338 4358/4358 4321/4321
f 4324/4324 4326/4326 4325/4325
f 4326/4326 4328/4328 4327/4327
f 5260/5260 3815/3815 3816/3816
f 3823/3823 3825/3825 3826/3826
f 3825/3825 3827/3827 3826/3826
f 2951/2951 2948/2948 2974/2974
f 2945/2945 2953/2953 2947/2947
f 99/99 85/85 108/108
f 105/105 97/97 99/99
f 96/96 93/93 104/104
f 93/93 97/97 104/104
f 98/98 95/95 106/106
f 95/95 107/107 106/106
f 4851/4851 4634/4634 4635/4635
f 4637/4637 4850/4850 4849/4849
f 4642/4642 4850/4850 4640/4640
f 4642/4642 4643/4643 4644/4644
f 4643/4643 4645/4645 4644/4644
f 5290/5290 4783/4783 4785/4785
f 5965/5965 5966/5966 5968/5968
f 5966/5966 5971/5971 5968/5968
f 4812/4812 4813/4813 4814/4814
f 4816/4816 4813/4813 4810/4810
f 4292/4292 4287/4287 5168/5168
f 4286/4286 4285/4285 4287/4287
f 4286/4286 4284/4284 4285/4285
f 4358/4358 4334/4334 4321/4321
f 4326/4326 5139/5139 4328/4328
f 5867/5867 5866/5866 5868/5868
f 3818/3818 3817/3817 3815/3815
f 3817/3817 3819/3819 3820/3820
f 3819/3819 3821/3821 3820/3820
f 3821/3821 3823/3823 3826/3826
f 2985/2985 2970/2970 2971/2971
f 2970/2970 2969/2969 2971/2971
f 2970/2970 2952/2952 2969/2969
f 2952/2952 2951/2951 2969/2969
f 2946/2946 2940/2940 2944/2944
f 2940/2940 2941/2941 2944/2944
f 2539/2539 2555/2555 2554/2554
f 85/85 102/102 112/112
f 1761/1761 1762/1762 1763/1763
f 1762/1762 1764/1764 1763/1763
f 4623/4623 4624/4624 4853/4853
f 2364/2364 2385/2385 2388/2388
f 6131/6131 6132/6132 6133/6133
f 4633/4633 4636/4636 4635/4635
f 4637/4637 4640/4640 4850/4850
f 4812/4812 4810/4810 4813/4813
f 4810/4810 4812/4812 4811/4811
f 4810/4810 5505/5505 5132/5132
f 4810/4810 5132/5132 4816/4816
f 5505/5505 4829/4829 5132/5132
f 4829/4829 4830/4830 5132/5132
f 4829/4829 4828/4828 4830/4830
f 4830/4830 4828/4828 4831/4831
f 4828/4828 4840/4840 4831/4831
f 4828/4828 4827/4827 4840/4840
f 4840/4840 4827/4827 5349/5349
f 4827/4827 4842/4842 5349/5349
f 4841/4841 4842/4842 4827/4827
f 4841/4841 4844/4844 4842/4842
f 6181/6181 6180/6180 6179/6179
f 6180/6180 6182/6182 6184/6184
f 4288/4288 4286/4286 4287/4287
f 4277/4277 4281/4281 4275/4275
f 4281/4281 5336/5336 5154/5154
f 5336/5336 4308/4308 5154/5154
f 5154/5154 4308/4308 4345/4345
f 4308/4308 4269/4269 4345/4345
f 4268/4268 4272/4272 4270/4270
f 4343/4343 5047/5047 4272/4272
f 5047/5047 4358/4358 4338/4338
f 4358/4358 5017/5017 4334/4334
f 4334/4334 4330/4330 4324/4324
f 4330/4330 4331/4331 4326/4326
f 4330/4330 4326/4326 4324/4324
f 4331/4331 5139/5139 4326/4326
f 5866/5866 5869/5869 5868/5868
f 5260/5260 3818/3818 3815/3815
f 3818/3818 3819/3819 3817/3817
f 3819/3819 3822/3822 3821/3821
f 3822/3822 3824/3824 3823/3823
f 3822/3822 3823/3823 3821/3821
f 2155/2155 2154/2154 2150/2150
f 3824/3824 3825/3825 3823/3823
f 3825/3825 3828/3828 3827/3827
f 2953/2953 2956/2956 3011/3011
f 2956/2956 3085/3085 3011/3011
f 2546/2546 2547/2547 2539/2539
f 86/86 99/99 97/97
f 95/95 96/96 107/107
f 90/90 95/95 98/98
f 135/135 91/91 110/110
f 91/91 98/98 109/109
f 91/91 109/109 110/110
f 2781/2781 2782/2782 2760/2760
f 2364/2364 2361/2361 2385/2385
f 5297/5297 4632/4632 4851/4851
f 2326/2326 2361/2361 2364/2364
f 4632/4632 4634/4634 4851/4851
f 4632/4632 4633/4633 4634/4634
f 4634/4634 4633/4633 4635/4635
f 4633/4633 4637/4637 4636/4636
f 2325/2325 2361/2361 2326/2326
f 4639/4639 4640/4640 4637/4637
f 2325/2325 2353/2353 2361/2361
f 4641/4641 4768/4768 4643/4643
f 2325/2325 2324/2324 2353/2353
f 4769/4769 4783/4783 5290/5290
f 4783/4783 4781/4781 4785/4785
f 4809/4809 4810/4810 4811/4811
f 4826/4826 4829/4829 5505/5505
f 4826/4826 4828/4828 4829/4829
f 6181/6181 6182/6182 6180/6180
f 4292/4292 4288/4288 4287/4287
f 4286/4286 4291/4291 4284/4284
f 4291/4291 4282/4282 4284/4284
f 4277/4277 5336/5336 4281/4281
f 4269/4269 4268/4268 4270/4270
f 4268/4268 4343/4343 4272/4272
f 5771/5771 5772/5772 5773/5773
f 5017/5017 4330/4330 4334/4334
f 5865/5865 5866/5866 5867/5867
f 5735/5735 5732/5732 5734/5734
f 2950/2950 2951/2951 2952/2952
f 2950/2950 2948/2948 2951/2951
f 2948/2948 2940/2940 2946/2946
f 2941/2941 2945/2945 2944/2944
f 2945/2945 2956/2956 2953/2953
f 2956/2956 3083/3083 3085/3085
f 3083/3083 3084/3084 3085/3085
f 3085/3085 3084/3084 3086/3086
f 86/86 85/85 99/99
f 93/93 88/88 97/97
f 95/95 89/89 96/96
f 4623/4623 4621/4621 4624/4624
f 4621/4621 4625/4625 4624/4624
f 4625/4625 4626/4626 5297/5297
f 5297/5297 4626/4626 4632/4632
f 4626/4626 4631/4631 4632/4632
f 4631/4631 4633/4633 4632/4632
f 4631/4631 4865/4865 4633/4633
f 4865/4865 4638/4638 4633/4633
f 4638/4638 4637/4637 4633/4633
f 4638/4638 4639/4639 4637/4637
f 4786/4786 4768/4768 4641/4641
f 5965/5965 5964/5964 5966/5966
f 4815/4815 4809/4809 4811/4811
f 4810/4810 4817/4817 5505/5505
f 6244/6244 6246/6246 6247/6247
f 4839/4839 4841/4841 4827/4827
f 4291/4291 5045/5045 4282/4282
f 4282/4282 4873/4873 4277/4277
f 4277/4277 4873/4873 5336/5336
f 4340/4340 4308/4308 5336/5336
f 4297/4297 5047/5047 4343/4343
f 4297/4297 4307/4307 5047/5047
f 5772/5772 5771/5771 5774/5774
f 4330/4330 4332/4332 4331/4331
f 3858/3858 3856/3856 5260/5260
f 3856/3856 3855/3855 5260/5260
f 5321/5321 3822/3822 3819/3819
f 3822/3822 5261/5261 3824/3824
f 5261/5261 5086/5086 3825/3825
f 5261/5261 3825/3825 3824/3824
f 5086/5086 3829/3829 3825/3825
f 3829/3829 3828/3828 3825/3825
f 2970/2970 2960/2960 2952/2952
f 2939/2939 2941/2941 2940/2940
f 2941/2941 2943/2943 2945/2945
f 2847/2847 2751/2751 2838/2838
f 89/89 93/93 96/96
f 91/91 90/90 98/98
f 4622/4622 4621/4621 4623/4623
f 4628/4628 4631/4631 4626/4626
f 4638/4638 5391/5391 4639/4639
f 5258/5258 4809/4809 4815/4815
f 6244/6244 6245/6245 6246/6246
f 4823/4823 4824/4824 4826/4826
f 4824/4824 4827/4827 4826/4826
f 4824/4824 4839/4839 4827/4827
f 4839/4839 4843/4843 4841/4841
f 4843/4843 4844/4844 4841/4841
f 5490/5490 5045/5045 4291/4291
f 6259/6259 6260/6260 6261/6261
f 4340/4340 4309/4309 4308/4308
f 4308/4308 4265/4265 4269/4269
f 4265/4265 4268/4268 4269/4269
f 4296/4296 4343/4343 4268/4268
f 4307/4307 4300/4300 5017/5017
f 4332/4332 5178/5178 4331/4331
f 5861/5861 5862/5862 5863/5863
f 3901/3901 3858/3858 5139/5139
f 3857/3857 3856/3856 3858/3858
f 3854/3854 3855/3855 3856/3856
f 5787/5787 5786/5786 5788/5788
f 5321/5321 5261/5261 3822/3822
f 2950/2950 2952/2952 2960/2960
f 2948/2948 2938/2938 2940/2940
f 2954/2954 2956/2956 2945/2945
f 127/127 130/130 129/129
f 92/92 89/89 95/95
f 135/135 94/94 91/91
f 4621/4621 4627/4627 4626/4626
f 4621/4621 4626/4626 4625/4625
f 4627/4627 4628/4628 4626/4626
f 4628/4628 5508/5508 4865/4865
f 4628/4628 4865/4865 4631/4631
f 4630/4630 5508/5508 4628/4628
f 5508/5508 4847/4847 5391/5391
f 4847/4847 4771/4771 5391/5391
f 4771/4771 4768/4768 4786/4786
f 4769/4769 4780/4780 4781/4781
f 5962/5962 5963/5963 5964/5964
f 5962/5962 5964/5964 5965/5965
f 5258/5258 4807/4807 4809/4809
f 4807/4807 4808/4808 4809/4809
f 4808/4808 4806/4806 4817/4817
f 4289/4289 4288/4288 4292/4292
f 4289/4289 4286/4286 4288/4288
f 4286/4286 4289/4289 4291/4291
f 4282/4282 4874/4874 4873/4873
f 6262/6262 6260/6260 6259/6259
f 4309/4309 4265/4265 4308/4308
f 4298/4298 4300/4300 4307/4307
f 5700/5700 5698/5698 5697/5697
f 5698/5698 5694/5694 5697/5697
f 5694/5694 5696/5696 5697/5697
f 5861/5861 5864/5864 5862/5862
f 3901/3901 3857/3857 3858/3858
f 3857/3857 3854/3854 3856/3856
f 3854/3854 3853/3853 3855/3855
f 5732/5732 5733/5733 5734/5734
f 5259/5259 3819/3819 3818/3818
f 5785/5785 5786/5786 5787/5787
f 5086/5086 3831/3831 3829/3829
f 3829/3829 3830/3830 3828/3828
f 3831/3831 3830/3830 3829/3829
f 2961/2961 2950/2950 2960/2960
f 2950/2950 2949/2949 2948/2948
f 2949/2949 2938/2938 2948/2948
f 2943/2943 2954/2954 2945/2945
f 2967/2967 3083/3083 2956/2956
f 128/128 127/127 129/129
f 85/85 101/101 102/102
f 1758/1758 1762/1762 1761/1761
f 88/88 86/86 97/97
f 89/89 87/87 93/93
f 87/87 88/88 93/93
f 92/92 95/95 90/90
f 136/136 94/94 135/135
f 4627/4627 4629/4629 4628/4628
f 4630/4630 4629/4629 4627/4627
f 6100/6100 6101/6101 6102/6102
f 4777/4777 4847/4847 5508/5508
f 4847/4847 4772/4772 4771/4771
f 4770/4770 4771/4771 4772/4772
f 4771/4771 4770/4770 4768/4768
f 4770/4770 4769/4769 4768/4768
f 4779/4779 4780/4780 4769/4769
f 4784/4784 5258/5258 4782/4782
f 4806/4806 4818/4818 5333/5333
f 4806/4806 5333/5333 4817/4817
f 5333/5333 4818/4818 4823/4823
f 4818/4818 4822/4822 4823/4823
f 4822/4822 4824/4824 4823/4823
f 4824/4824 5356/5356 4839/4839
f 5356/5356 4843/4843 4839/4839
f 4843/4843 5300/5300 4844/4844
f 6181/6181 6183/6183 6182/6182
f 5300/5300 4289/4289 4292/4292
f 4289/4289 5490/5490 4291/4291
f 6235/6235 6236/6236 6234/6234
f 5045/5045 4874/4874 4282/4282
f 4874/4874 5026/5026 4873/4873
f 4266/4266 4268/4268 4265/4265
f 4268/4268 4266/4266 4296/4296
f 4296/4296 4297/4297 4343/4343
f 4298/4298 4307/4307 4297/4297
f 3853/3853 5259/5259 3855/3855
f 3845/3845 3843/3843 5321/5321
f 5321/5321 3843/3843 5261/5261
f 3843/3843 5086/5086 5261/5261
f 2938/2938 2939/2939 2940/2940
f 2954/2954 2955/2955 2956/2956
f 2955/2955 2967/2967 2956/2956
f 127/127 125/125 130/130
f 1759/1759 1761/1761 1786/1786
f 1758/1758 1775/1775 1762/1762
f 83/83 86/86 88/88
f 4620/4620 4621/4621 4622/4622
f 4864/4864 5177/5177 4627/4627
f 4864/4864 4627/4627 4621/4621
f 4627/4627 5172/5172 4630/4630
f 6098/6098 6097/6097 6100/6100
f 4775/4775 4777/4777 4776/4776
f 4775/4775 4772/4772 4847/4847
f 4773/4773 4770/4770 4772/4772
f 4770/4770 4779/4779 4769/4769
f 4779/4779 4784/4784 4780/4780
f 4784/4784 5352/5352 5258/5258
f 2481/2481 2483/2483 2469/2469
f 5258/5258 5352/5352 4807/4807
f 4821/4821 4822/4822 4818/4818
f 4822/4822 5356/5356 4824/4824
f 4377/4377 4376/4376 5045/5045
f 4377/4377 5045/5045 5490/5490
f 6204/6204 6205/6205 6206/6206
f 6207/6207 6208/6208 6205/6205
f 4874/4874 5307/5307 5026/5026
f 4310/4310 4340/4340 5026/5026
f 4310/4310 4265/4265 4309/4309
f 4299/4299 4300/4300 4298/4298
f 5692/5692 5694/5694 5698/5698
f 5694/5694 5695/5695 5696/5696
f 5696/5696 5695/5695 5699/5699
f 5178/5178 3874/3874 3901/3901
f 5249/5249 3857/3857 3901/3901
f 3845/3845 3844/3844 3843/3843
f 3843/3843 3831/3831 5086/5086
f 3831/3831 3832/3832 3830/3830
f 3046/3046 2961/2961 2960/2960
f 2943/2943 2955/2955 2954/2954
f 2675/2675 2640/2640 2641/2641
f 2640/2640 2637/2637 2641/2641
f 81/81 85/85 86/86
f 87/87 82/82 88/88
f 79/79 89/89 92/92
f 90/90 77/77 92/92
f 94/94 76/76 91/91
f 91/91 76/76 90/90
f 76/76 77/77 90/90
f 4776/4776 4777/4777 4778/4778
f 4776/4776 4774/4774 4775/4775
f 4774/4774 4773/4773 4772/4772
f 4773/4773 5068/5068 4770/4770
f 4779/4779 5456/5456 4784/4784
f 5456/5456 5408/5408 4784/4784
f 4784/4784 5408/5408 5352/5352
f 2481/2481 2482/2482 2483/2483
f 4806/4806 4804/4804 4818/4818
f 5356/5356 5511/5511 4843/4843
f 6231/6231 6229/6229 6228/6228
f 6228/6228 6229/6229 6230/6230
f 6232/6232 6233/6233 6234/6234
f 6233/6233 6235/6235 6234/6234
f 6204/6204 6207/6207 6205/6205
f 4263/4263 4266/4266 4265/4265
f 4266/4266 4267/4267 4296/4296
f 4267/4267 4297/4297 4296/4296
f 3874/3874 3873/3873 3901/3901
f 5249/5249 3854/3854 3857/3857
f 3847/3847 5259/5259 3853/3853
f 5259/5259 3847/3847 3845/3845
f 3843/3843 3833/3833 3831/3831
f 2941/2941 2942/2942 2943/2943
f 2957/2957 2955/2955 2943/2943
f 2640/2640 2633/2633 2637/2637
f 2633/2633 2636/2636 2637/2637
f 1759/1759 1758/1758 1761/1761
f 82/82 83/83 88/88
f 84/84 79/79 92/92
f 4620/4620 4619/4619 4621/4621
f 2394/2394 2413/2413 2387/2387
f 5516/5516 5177/5177 4864/4864
f 6099/6099 6096/6096 6098/6098
f 6098/6098 6096/6096 6097/6097
f 6094/6094 6090/6090 6093/6093
f 6090/6090 6091/6091 6092/6092
f 6090/6090 6092/6092 6093/6093
f 4770/4770 4787/4787 4779/4779
f 4787/4787 4788/4788 4779/4779
f 4779/4779 4788/4788 5456/5456
f 4848/4848 5456/5456 4788/4788
f 5408/5408 4845/4845 5352/5352
f 5352/5352 4845/4845 4807/4807
f 4845/4845 4805/4805 4807/4807
f 4802/4802 4805/4805 4845/4845
f 4802/4802 4804/4804 4805/4805
f 4805/4805 4804/4804 4806/4806
f 4804/4804 4819/4819 4818/4818
f 4818/4818 4819/4819 4821/4821
f 4819/4819 4825/4825 4821/4821
f 4825/4825 5356/5356 4821/4821
f 4350/4350 4376/4376 4377/4377
f 4349/4349 5256/5256 4376/4376
f 6207/6207 6209/6209 6208/6208
f 5307/5307 5421/5421 5026/5026
f 5421/5421 4310/4310 5026/5026
f 4336/4336 4265/4265 4310/4310
f 4263/4263 4267/4267 4266/4266
f 4267/4267 4299/4299 4298/4298
f 4267/4267 4298/4298 4297/4297
f 5688/5688 5690/5690 5692/5692
f 5692/5692 5690/5690 5694/5694
f 5694/5694 5690/5690 5695/5695
f 3905/3905 3869/3869 3874/3874
f 3869/3869 3873/3873 3874/3874
f 5249/5249 3852/3852 3854/3854
f 3852/3852 3853/3853 3854/3854
f 3847/3847 3846/3846 3845/3845
f 3844/3844 3835/3835 3843/3843
f 3835/3835 3833/3833 3843/3843
f 3833/3833 3832/3832 3831/3831
f 2950/2950 2958/2958 2949/2949
f 362/362 470/470 464/464
f 3082/3082 3084/3084 3083/3083
f 81/81 70/70 85/85
f 70/70 101/101 85/85
f 83/83 81/81 86/86
f 89/89 79/79 87/87
f 77/77 84/84 92/92
f 4617/4617 4864/4864 4619/4619
f 2394/2394 2412/2412 2413/2413
f 5295/5295 5516/5516 4864/4864
f 2395/2395 2412/2412 2394/2394
f 4574/4574 5145/5145 4571/4571
f 5068/5068 4787/4787 4770/4770
f 4848/4848 4793/4793 5456/5456
f 4793/4793 5408/5408 5456/5456
f 4870/4870 4825/4825 4819/4819
f 6241/6241 6242/6242 6243/6243
f 4359/4359 4350/4350 5300/5300
f 4349/4349 4351/4351 5256/5256
f 4351/4351 5421/5421 5256/5256
f 5421/5421 4336/4336 4310/4310
f 4336/4336 4261/4261 4265/4265
f 4265/4265 4261/4261 4263/4263
f 4267/4267 4301/4301 4299/4299
f 4299/4299 4302/4302 4300/4300
f 3852/3852 3847/3847 3853/3853
f 3846/3846 3835/3835 3845/3845
f 3845/3845 3835/3835 3844/3844
f 3046/3046 2964/2964 2961/2961
f 2958/2958 2950/2950 2961/2961
f 2959/2959 2938/2938 2949/2949
f 2939/2939 2942/2942 2941/2941
f 101/101 126/126 128/128
f 126/126 127/127 128/128
f 2846/2846 2735/2735 2847/2847
f 79/79 82/82 87/87
f 136/136 76/76 94/94
f 4618/4618 4619/4619 4620/4620
f 5295/5295 5296/5296 5516/5516
f 6119/6119 6120/6120 6121/6121
f 5516/5516 5411/5411 5146/5146
f 5411/5411 4571/4571 5146/5146
f 4571/4571 5145/5145 5146/5146
f 4571/4571 4570/4570 4574/4574
f 4570/4570 4572/4572 4574/4574
f 5960/5960 5959/5959 5958/5958
f 4572/4572 5068/5068 4574/4574
f 5959/5959 5955/5955 5958/5958
f 5958/5958 5955/5955 5957/5957
f 4789/4789 4788/4788 4787/4787
f 4791/4791 4848/4848 4788/4788
f 4791/4791 4793/4793 4848/4848
f 4793/4793 4796/4796 5408/5408
f 5408/5408 4796/4796 4845/4845
f 4796/4796 4802/4802 4845/4845
f 4804/4804 4820/4820 4819/4819
f 4820/4820 4870/4870 4819/4819
f 6240/6240 6237/6237 6239/6239
f 6237/6237 6238/6238 6239/6239
f 4371/4371 4375/4375 5356/5356
f 4375/4375 4360/4360 5511/5511
f 4347/4347 4350/4350 4359/4359
f 4347/4347 4348/4348 4350/4350
f 4348/4348 4349/4349 4350/4350
f 4350/4350 4349/4349 4376/4376
f 4260/4260 4261/4261 4336/4336
f 4301/4301 4306/4306 4299/4299
f 4303/4303 4305/4305 4302/4302
f 4303/4303 4302/4302 4299/4299
f 3869/3869 3868/3868 3873/3873
f 5710/5710 5711/5711 5712/5712
f 5710/5710 5713/5713 5711/5711
f 3847/3847 3848/3848 3846/3846
f 3846/3846 5085/5085 3835/3835
f 3835/3835 3834/3834 3833/3833
f 3834/3834 3832/3832 3833/3833
f 2959/2959 2949/2949 2958/2958
f 2959/2959 2962/2962 2938/2938
f 2962/2962 2939/2939 2938/2938
f 2942/2942 2957/2957 2943/2943
f 1758/1758 1756/1756 1775/1775
f 80/80 81/81 83/83
f 73/73 79/79 84/84
f 77/77 73/73 84/84
f 4617/4617 4619/4619 4618/4618
f 5411/5411 4573/4573 4571/4571
f 4568/4568 4570/4570 4571/4571
f 5955/5955 5956/5956 5957/5957
f 4789/4789 4790/4790 4788/4788
f 4792/4792 4794/4794 4793/4793
f 4794/4794 4796/4796 4793/4793
f 4796/4796 4797/4797 4802/4802
f 4797/4797 4803/4803 4802/4802
f 4869/4869 4820/4820 4804/4804
f 4360/4360 4347/4347 4359/4359
f 5421/5421 4260/4260 4336/4336
f 4263/4263 4386/4386 4267/4267
f 4386/4386 4301/4301 4267/4267
f 4306/4306 4304/4304 4299/4299
f 4304/4304 4303/4303 4299/4299
f 5688/5688 5689/5689 5690/5690
f 3867/3867 3866/3866 3868/3868
f 3867/3867 3868/3868 3869/3869
f 3851/3851 3850/3850 3847/3847
f 3851/3851 3847/3847 3852/3852
f 2964/2964 2958/2958 2961/2961
f 75/75 83/83 82/82
f 79/79 68/68 82/82
f 72/72 73/73 77/77
f 74/74 77/77 76/76
f 4617/4617 5294/5294 4864/4864
f 4864/4864 5294/5294 5295/5295
f 5294/5294 5296/5296 5295/5295
f 6125/6125 6124/6124 6122/6122
f 4568/4568 4563/4563 4570/4570
f 4570/4570 4563/4563 4572/4572
f 4563/4563 4575/4575 4572/4572
f 4564/4564 5197/5197 4575/4575
f 5955/5955 5961/5961 5956/5956
f 5197/5197 4790/4790 4789/4789
f 4868/4868 4803/4803 4797/4797
f 6278/6278 6279/6279 6280/6280
f 6251/6251 6249/6249 6248/6248
f 6248/6248 6249/6249 6250/6250
f 4372/4372 4369/4369 4371/4371
f 4372/4372 4371/4371 4870/4870
f 4369/4369 4365/4365 4371/4371
f 4365/4365 4362/4362 4375/4375
f 4365/4365 4375/4375 4371/4371
f 4362/4362 4361/4361 4360/4360
f 4362/4362 4360/4360 4375/4375
f 4361/4361 4347/4347 4360/4360
f 4349/4349 4252/4252 4351/4351
f 4351/4351 4253/4253 5421/5421
f 4253/4253 4342/4342 5421/5421
f 4342/4342 4260/4260 5421/5421
f 4260/4260 4259/4259 4261/4261
f 4262/4262 4263/4263 4261/4261
f 4304/4304 4305/4305 4303/4303
f 5133/5133 3872/3872 3905/3905
f 5713/5713 5714/5714 5711/5711
f 3850/3850 3849/3849 3847/3847
f 3849/3849 3848/3848 3847/3847
f 5085/5085 3834/3834 3835/3835
f 3834/3834 3836/3836 3832/3832
f 2124/2124 2106/2106 2149/2149
f 3023/3023 2964/2964 3046/3046
f 2964/2964 2966/2966 2958/2958
f 2966/2966 2965/2965 2958/2958
f 2965/2965 2959/2959 2958/2958
f 2962/2962 2963/2963 2939/2939
f 2939/2939 2963/2963 2942/2942
f 2955/2955 2986/2986 2967/2967
f 2967/2967 3079/3079 3083/3083
f 3083/3083 3079/3079 3082/3082
f 70/70 126/126 101/101
f 75/75 80/80 83/83
f 75/75 82/82 68/68
f 73/73 68/68 79/79
f 6123/6123 6122/6122 6119/6119
f 5458/5458 5457/5457 4573/4573
f 5457/5457 4569/4569 4573/4573
f 4568/4568 4567/4567 4563/4563
f 4794/4794 4797/4797 4796/4796
f 4365/4365 4364/4364 4362/4362
f 4346/4346 4252/4252 4347/4347
f 4252/4252 4348/4348 4347/4347
f 4348/4348 4252/4252 4349/4349
f 4252/4252 4253/4253 4351/4351
f 4342/4342 4257/4257 4260/4260
f 4257/4257 4259/4259 4260/4260
f 4259/4259 4262/4262 4261/4261
f 4264/4264 4386/4386 4263/4263
f 3867/3867 3863/3863 3866/3866
f 3863/3863 3865/3865 3866/3866
f 5714/5714 5715/5715 5711/5711
f 3902/3902 3851/3851 3852/3852
f 3838/3838 3834/3834 5085/5085
f 2965/2965 2962/2962 2959/2959
f 2963/2963 2957/2957 2942/2942
f 2957/2957 2986/2986 2955/2955
f 2986/2986 3001/3001 2967/2967
f 3001/3001 3079/3079 2967/2967
f 2642/2642 2633/2633 2640/2640
f 80/80 69/69 81/81
f 69/69 70/70 81/81
f 2732/2732 2735/2735 2846/2846
f 74/74 72/72 77/77
f 103/103 76/76 136/136
f 4604/4604 5294/5294 4617/4617
f 6123/6123 6126/6126 6122/6122
f 6126/6126 6127/6127 6125/6125
f 6126/6126 6125/6125 6122/6122
f 3484/3484 3482/3482 3481/3481
f 4562/4562 4563/4563 4567/4567
f 4564/4564 4566/4566 5197/5197
f 5979/5979 5980/5980 5981/5981
f 5982/5982 5980/5980 5979/5979
f 5402/5402 4795/4795 4790/4790
f 4790/4790 4795/4795 4792/4792
f 4846/4846 4794/4794 4792/4792
f 4798/4798 4799/4799 4797/4797
f 4798/4798 4797/4797 4794/4794
f 4799/4799 4867/4867 4797/4797
f 6278/6278 6281/6281 6279/6279
f 4387/4387 4370/4370 4372/4372
f 4387/4387 4372/4372 4869/4869
f 4370/4370 4369/4369 4372/4372
f 4366/4366 4364/4364 4365/4365
f 5083/5083 4355/4355 4347/4347
f 5083/5083 4347/4347 4361/4361
f 4252/4252 4249/4249 4253/4253
f 4249/4249 4254/4254 4253/4253
f 4254/4254 4255/4255 4253/4253
f 4253/4253 4255/4255 4342/4342
f 4255/4255 4257/4257 4342/4342
f 4262/4262 4264/4264 4263/4263
f 4386/4386 4306/4306 4301/4301
f 4306/4306 5013/5013 4304/4304
f 5688/5688 5691/5691 5689/5689
f 3906/3906 3872/3872 5133/5133
f 3906/3906 3871/3871 3872/3872
f 3871/3871 3870/3870 3872/3872
f 3871/3871 3867/3867 3870/3870
f 3850/3850 3904/3904 3849/3849
f 5778/5778 5776/5776 5775/5775
f 5775/5775 5776/5776 5777/5777
f 3838/3838 3837/3837 3834/3834
f 3834/3834 3837/3837 3836/3836
f 3837/3837 3839/3839 3836/3836
f 3023/3023 2991/2991 2964/2964
f 2964/2964 2991/2991 2966/2966
f 2966/2966 2994/2994 2965/2965
f 2989/2989 2963/2963 2962/2962
f 2987/2987 2957/2957 2963/2963
f 2988/2988 2986/2986 2957/2957
f 123/123 125/125 126/126
f 1759/1759 1755/1755 1758/1758
f 67/67 69/69 80/80
f 1755/1755 1754/1754 1756/1756
f 1755/1755 1756/1756 1758/1758
f 67/67 80/80 75/75
f 52/52 68/68 73/73
f 76/76 30/30 74/74
f 4604/4604 4578/4578 5294/5294
f 4578/4578 4607/4607 5294/5294
f 4578/4578 4605/4605 4607/4607
f 4607/4607 4605/4605 5457/5457
f 6128/6128 6129/6129 6130/6130
f 5514/5514 5457/5457 4605/4605
f 3483/3483 3482/3482 3485/3485
f 3709/3709 3710/3710 3711/3711
f 4563/4563 4560/4560 4564/4564
f 4560/4560 4566/4566 4564/4564
f 4800/4800 4799/4799 4798/4798
f 4389/4389 4387/4387 4868/4868
f 4370/4370 4368/4368 4369/4369
f 4368/4368 4367/4367 4365/4365
f 4368/4368 4365/4365 4369/4369
f 4367/4367 4366/4366 4365/4365
f 4364/4364 4363/4363 4362/4362
f 4363/4363 4361/4361 4362/4362
f 4355/4355 4346/4346 4347/4347
f 4250/4250 4249/4249 4252/4252
f 4256/4256 4257/4257 4255/4255
f 6165/6165 6166/6166 6167/6167
f 6165/6165 6168/6168 6166/6166
f 5013/5013 5044/5044 4305/4305
f 5013/5013 4305/4305 4304/4304
f 5693/5693 5691/5691 5688/5688
f 3871/3871 3875/3875 3867/3867
f 3875/3875 3863/3863 3867/3867
f 3863/3863 3864/3864 3865/3865
f 3860/3860 3859/3859 3851/3851
f 3860/3860 3851/3851 3902/3902
f 3851/3851 3859/3859 3850/3850
f 3859/3859 3904/3904 3850/3850
f 2996/2996 2966/2966 2991/2991
f 2990/2990 2962/2962 2965/2965
f 2989/2989 2987/2987 2963/2963
f 3079/3079 3080/3080 3082/3082
f 70/70 123/123 126/126
f 1760/1760 1755/1755 1759/1759
f 66/66 67/67 75/75
f 72/72 71/71 73/73
f 4579/4579 4578/4578 4604/4604
f 4606/4606 5514/5514 4605/4605
f 4561/4561 4560/4560 4562/4562
f 4539/4539 5324/5324 4560/4560
f 5324/5324 4566/4566 4560/4560
f 4566/4566 5324/5324 5402/5402
f 3739/3739 3740/3740 3741/3741
f 4801/4801 4798/4798 4846/4846
f 4389/4389 4388/4388 4387/4387
f 4388/4388 4370/4370 4387/4387
f 4367/4367 4374/4374 4366/4366
f 4366/4366 4374/4374 4364/4364
f 4374/4374 4363/4363 4364/4364
f 4355/4355 4250/4250 4346/4346
f 4346/4346 4250/4250 4252/4252
f 4250/4250 4248/4248 4249/4249
f 4254/4254 4256/4256 4255/4255
f 4256/4256 4258/4258 4257/4257
f 4258/4258 4259/4259 4257/4257
f 4335/4335 4262/4262 4259/4259
f 4262/4262 4335/4335 4264/4264
f 4264/4264 4379/4379 4386/4386
f 3862/3862 3860/3860 3863/3863
f 3863/3863 3860/3860 3864/3864
f 5379/5379 3849/3849 3904/3904
f 5778/5778 5779/5779 5776/5776
f 3839/3839 3840/3840 3836/3836
f 3019/3019 2991/2991 3023/3023
f 2996/2996 2994/2994 2966/2966
f 2987/2987 2988/2988 2957/2957
f 123/123 124/124 125/125
f 117/117 123/123 70/70
f 66/66 53/53 67/67
f 68/68 66/66 75/75
f 103/103 30/30 76/76
f 30/30 72/72 74/74
f 4581/4581 4579/4579 4604/4604
f 4581/4581 4604/4604 4616/4616
f 4579/4579 4558/4558 4578/4578
f 4558/4558 4559/4559 4578/4578
f 4559/4559 4605/4605 4578/4578
f 2403/2403 2408/2408 2414/2414
f 4606/4606 4609/4609 5514/5514
f 6109/6109 6111/6111 6112/6112
f 5517/5517 5403/5403 4561/4561
f 5514/5514 4561/4561 4565/4565
f 5403/5403 4536/4536 4561/4561
f 4536/4536 4560/4560 4561/4561
f 4536/4536 4539/4539 4560/4560
f 2404/2404 2488/2488 2513/2513
f 5334/5334 5402/5402 5324/5324
f 2513/2513 2495/2495 2404/2404
f 5983/5983 5984/5984 5985/5985
f 5402/5402 4801/4801 4846/4846
f 2485/2485 2495/2495 2513/2513
f 4867/4867 4390/4390 4389/4389
f 6017/6017 6019/6019 6018/6018
f 4390/4390 4388/4388 4389/4389
f 4370/4370 4373/4373 4368/4368
f 4367/4367 5152/5152 4374/4374
f 5338/5338 4363/4363 4374/4374
f 5338/5338 4355/4355 5083/5083
f 5153/5153 4250/4250 4355/4355
f 4249/4249 4357/4357 4254/4254
f 4357/4357 4256/4256 4254/4254
f 4378/4378 4379/4379 4264/4264
f 3908/3908 3906/3906 5044/5044
f 3908/3908 3907/3907 3906/3906
f 3906/3906 3907/3907 3871/3871
f 3875/3875 3862/3862 3863/3863
f 3903/3903 5379/5379 3859/3859
f 5780/5780 5779/5779 5778/5778
f 3019/3019 2997/2997 2991/2991
f 2997/2997 2996/2996 2991/2991
f 2994/2994 2990/2990 2965/2965
f 2990/2990 2989/2989 2962/2962
f 2642/2642 2634/2634 2633/2633
f 2633/2633 2634/2634 2635/2635
f 53/53 69/69 67/67
f 4557/4557 4609/4609 4559/4559
f 4559/4559 4609/4609 4606/4606
f 6109/6109 6110/6110 6111/6111
f 4536/4536 4535/4535 4539/4539
f 4555/4555 5324/5324 4535/4535
f 5986/5986 5984/5984 5983/5983
f 5326/5326 5510/5510 4800/4800
f 5326/5326 4800/4800 4801/4801
f 4800/4800 5510/5510 4799/4799
f 6214/6214 6215/6215 6216/6216
f 4888/4888 4373/4373 4370/4370
f 6215/6215 6217/6217 6216/6216
f 4373/4373 5152/5152 4367/4367
f 4251/4251 4248/4248 4250/4250
f 4248/4248 4246/4246 4249/4249
f 4246/4246 4244/4244 4357/4357
f 4246/4246 4357/4357 4249/4249
f 4357/4357 5246/5246 4256/4256
f 4256/4256 5246/5246 4258/4258
f 4258/4258 5246/5246 4259/4259
f 5246/5246 4335/4335 4259/4259
f 4378/4378 4264/4264 4335/4335
f 4382/4382 5013/5013 4379/4379
f 4382/4382 4383/4383 5013/5013
f 5013/5013 4383/4383 5044/5044
f 5701/5701 5702/5702 5703/5703
f 3910/3910 3908/3908 5044/5044
f 3907/3907 5082/5082 3871/3871
f 5082/5082 3875/3875 3871/3871
f 340/340 336/336 332/332
f 2987/2987 2999/2999 2988/2988
f 3000/3000 3001/3001 2986/2986
f 2643/2643 2634/2634 2642/2642
f 53/53 23/23 69/69
f 23/23 70/70 69/69
f 18/18 53/53 66/66
f 52/52 17/17 68/68
f 72/72 27/27 71/71
f 27/27 28/28 71/71
f 159/159 30/30 103/103
f 4581/4581 4580/4580 4579/4579
f 4580/4580 4558/4558 4579/4579
f 4558/4558 4557/4557 4559/4559
f 4557/4557 5517/5517 4609/4609
f 5517/5517 4538/4538 5403/5403
f 4538/4538 4536/4536 5403/5403
f 4555/4555 4542/4542 5334/5334
f 5986/5986 5987/5987 5984/5984
f 4390/4390 4391/4391 4388/4388
f 4388/4388 4888/4888 4370/4370
f 6220/6220 6222/6222 6223/6223
f 4407/4407 4406/4406 5338/5338
f 6213/6213 6210/6210 6212/6212
f 6210/6210 6211/6211 6212/6212
f 5153/5153 4352/4352 4250/4250
f 4352/4352 4251/4251 4250/4250
f 4244/4244 5246/5246 4357/4357
f 5769/5769 5766/5766 5768/5768
f 5766/5766 5767/5767 5768/5768
f 4380/4380 4379/4379 4378/4378
f 3862/3862 3861/3861 3860/3860
f 3876/3876 3903/3903 3861/3861
f 3887/3887 3888/3888 5088/5088
f 5815/5815 5816/5816 5817/5817
f 5087/5087 3839/3839 3837/3837
f 2993/2993 2992/2992 2989/2989
f 2999/2999 2986/2986 2988/2988
f 2999/2999 3000/3000 2986/2986
f 2634/2634 2638/2638 2635/2635
f 23/23 117/117 70/70
f 1755/1755 1752/1752 1754/1754
f 17/17 66/66 68/68
f 28/28 52/52 71/71
f 30/30 27/27 72/72
f 4582/4582 4580/4580 4581/4581
f 4580/4580 5412/5412 4558/4558
f 4558/4558 4556/4556 4557/4557
f 4556/4556 4533/4533 4557/4557
f 4534/4534 4538/4538 4533/4533
f 4537/4537 4540/4540 4535/4535
f 4540/4540 4542/4542 4555/4555
f 4553/4553 5326/5326 5292/5292
f 4547/4547 5510/5510 5326/5326
f 6016/6016 6017/6017 6018/6018
f 3703/3703 3704/3704 3705/3705
f 6217/6217 6219/6219 6220/6220
f 6219/6219 6221/6221 6220/6220
f 6221/6221 6222/6222 6220/6220
f 4352/4352 4353/4353 4251/4251
f 4356/4356 4247/4247 4248/4248
f 4356/4356 4248/4248 4251/4251
f 4247/4247 4245/4245 4246/4246
f 4247/4247 4246/4246 4248/4248
f 4246/4246 4245/4245 4244/4244
f 4245/4245 4233/4233 4244/4244
f 4244/4244 4239/4239 5246/5246
f 5766/5766 5765/5765 5767/5767
f 5065/5065 4385/4385 4378/4378
f 4380/4380 4381/4381 4379/4379
f 4381/4381 4382/4382 4379/4379
f 4381/4381 4383/4383 4382/4382
f 3910/3910 3909/3909 3908/3908
f 3909/3909 3907/3907 3908/3908
f 5042/5042 3907/3907 3909/3909
f 3875/3875 5069/5069 3862/3862
f 3862/3862 3876/3876 3861/3861
f 3903/3903 3887/3887 5379/5379
f 3886/3886 3888/3888 3887/3887
f 3888/3888 3890/3890 3891/3891
f 3890/3890 5087/5087 3891/3891
f 5087/5087 3841/3841 3839/3839
f 3839/3839 3841/3841 3840/3840
f 3019/3019 3049/3049 2997/2997
f 2997/2997 2998/2998 2996/2996
f 2996/2996 2998/2998 2994/2994
f 2995/2995 2990/2990 2994/2994
f 2990/2990 2993/2993 2989/2989
f 2992/2992 2987/2987 2989/2989
f 123/123 122/122 124/124
f 1752/1752 1753/1753 1754/1754
f 17/17 18/18 66/66
f 4583/4583 4580/4580 4582/4582
f 5412/5412 4556/4556 4558/4558
f 4532/4532 4530/4530 4533/4533
f 4533/4533 4530/4530 4534/4534
f 4534/4534 4530/4530 4535/4535
f 4530/4530 4537/4537 4535/4535
f 4541/4541 4542/4542 4540/4540
f 4542/4542 4543/4543 4553/4553
f 4541/4541 4543/4543 4542/4542
f 4553/4553 4547/4547 5326/5326
f 4547/4547 4551/4551 5510/5510
f 6013/6013 6014/6014 6015/6015
f 5285/5285 4392/4392 4390/4390
f 5285/5285 4390/4390 5510/5510
f 4392/4392 4391/4391 4390/4390
f 4888/4888 4401/4401 4404/4404
f 4404/4404 4401/4401 4403/4403
f 4402/4402 4406/4406 4407/4407
f 5153/5153 5454/5454 4353/4353
f 4356/4356 4353/4353 5454/5454
f 4353/4353 4356/4356 4251/4251
f 4247/4247 4875/4875 4245/4245
f 4239/4239 4242/4242 5246/5246
f 4385/4385 4380/4380 4378/4378
f 5042/5042 5043/5043 3907/3907
f 5043/5043 5082/5082 3907/3907
f 5082/5082 5069/5069 3875/3875
f 3862/3862 3877/3877 3876/3876
f 3876/3876 3879/3879 3903/3903
f 3903/3903 3882/3882 3887/3887
f 3882/3882 3886/3886 3887/3887
f 2998/2998 2995/2995 2994/2994
f 2995/2995 2993/2993 2990/2990
f 3014/3014 3000/3000 2999/2999
f 3001/3001 3078/3078 3079/3079
f 3078/3078 3081/3081 3080/3080
f 3078/3078 3080/3080 3079/3079
f 2644/2644 2643/2643 2642/2642
f 117/117 118/118 123/123
f 118/118 122/122 123/123
f 18/18 23/23 53/53
f 52/52 15/15 17/17
f 4584/4584 4608/4608 5412/5412
f 4584/4584 5412/5412 4580/4580
f 5412/5412 4532/4532 4556/4556
f 4531/4531 4528/4528 4530/4530
f 4531/4531 4530/4530 4532/4532
f 4528/4528 4529/4529 4530/4530
f 4537/4537 4541/4541 4540/4540
f 4548/4548 4551/4551 4547/4547
f 4391/4391 4888/4888 4388/4388
f 4888/4888 4395/4395 4401/4401
f 4401/4401 4402/4402 4403/4403
f 4405/4405 4410/4410 4406/4406
f 4405/4405 4406/4406 4402/4402
f 4410/4410 5153/5153 4406/4406
f 6256/6256 6258/6258 6257/6257
f 5347/5347 4247/4247 4356/4356
f 5347/5347 4875/4875 4247/4247
f 4875/4875 4233/4233 4245/4245
f 4233/4233 4234/4234 4244/4244
f 4234/4234 4238/4238 4244/4244
f 4244/4244 4238/4238 4239/4239
f 4240/4240 4242/4242 4239/4239
f 5764/5764 5765/5765 5766/5766
f 4385/4385 4384/4384 4380/4380
f 4384/4384 4381/4381 4380/4380
f 4384/4384 5180/5180 4381/4381
f 5180/5180 4383/4383 4381/4381
f 5704/5704 5702/5702 5701/5701
f 3910/3910 3911/3911 3909/3909
f 3911/3911 3912/3912 3909/3909
f 3912/3912 5042/5042 3909/3909
f 5043/5043 5515/5515 5082/5082
f 5515/5515 5069/5069 5082/5082
f 3877/3877 3878/3878 3876/3876
f 3879/3879 3882/3882 3903/3903
f 3886/3886 3889/3889 3888/3888
f 3889/3889 3892/3892 3890/3890
f 3889/3889 3890/3890 3888/3888
f 3892/3892 5087/5087 3890/3890
f 2997/2997 3018/3018 2998/2998
f 3006/3006 2999/2999 2987/2987
f 19/19 23/23 18/18
f 16/16 18/18 17/17
f 15/15 16/16 17/17
f 28/28 15/15 52/52
f 27/27 25/25 28/28
f 29/29 27/27 30/30
f 111/111 30/30 159/159
f 4583/4583 4584/4584 4580/4580
f 4608/4608 4532/4532 5412/5412
f 4608/4608 4577/4577 4532/4532
f 4577/4577 4576/4576 4532/4532
f 4610/4610 4528/4528 4531/4531
f 4530/4530 5299/5299 4537/4537
f 5299/5299 4544/4544 4537/4537
f 5285/5285 4393/4393 4392/4392
f 4393/4393 4391/4391 4392/4392
f 6255/6255 6256/6256 6257/6257
f 4232/4232 4233/4233 4875/4875
f 4238/4238 4237/4237 4239/4239
f 4237/4237 4240/4240 4239/4239
f 5705/5705 5704/5704 5701/5701
f 5012/5012 3914/3914 3910/3910
f 3914/3914 3911/3911 3910/3910
f 3881/3881 3862/3862 5069/5069
f 3879/3879 3880/3880 3882/3882
f 3898/3898 3889/3889 3886/3886
f 2934/2934 2997/2997 3049/3049
f 2934/2934 3018/3018 2997/2997
f 2998/2998 3017/3017 2995/2995
f 310/310 308/308 311/311
f 2992/2992 3013/3013 2987/2987
f 3013/3013 3006/3006 2987/2987
f 3014/3014 3015/3015 3000/3000
f 3015/3015 3020/3020 3000/3000
f 3020/3020 3001/3001 3000/3000
f 2643/2643 2639/2639 2634/2634
f 2639/2639 2638/2638 2634/2634
f 118/118 120/120 122/122
f 22/22 54/54 23/23
f 54/54 118/118 23/23
f 23/23 118/118 117/117
f 19/19 22/22 23/23
f 1752/1752 1751/1751 1753/1753
f 16/16 19/19 18/18
f 25/25 15/15 28/28
f 111/111 29/29 30/30
f 2409/2409 2399/2399 2401/2401
f 4610/4610 4576/4576 4577/4577
f 4529/4529 5299/5299 4530/4530
f 4554/4554 4544/4544 5299/5299
f 4541/4541 4545/4545 4543/4543
f 4546/4546 4543/4543 4545/4545
f 4546/4546 4549/4549 4548/4548
f 4546/4546 4548/4548 4547/4547
f 4548/4548 4549/4549 4551/4551
f 4549/4549 5285/5285 4551/4551
f 4866/4866 4393/4393 5285/5285
f 4393/4393 4394/4394 4391/4391
f 4391/4391 4395/4395 4888/4888
f 4401/4401 4400/4400 4402/4402
f 4400/4400 4408/4408 4405/4405
f 4400/4400 4405/4405 4402/4402
f 4405/4405 4408/4408 4410/4410
f 4408/4408 5520/5520 4410/4410
f 4410/4410 5520/5520 5153/5153
f 5520/5520 5454/5454 5153/5153
f 5025/5025 4231/4231 5347/5347
f 4231/4231 4229/4229 5347/5347
f 4229/4229 4232/4232 5347/5347
f 4229/4229 4230/4230 4232/4232
f 4233/4233 4230/4230 4234/4234
f 4234/4234 4237/4237 4238/4238
f 4237/4237 4241/4241 4240/4240
f 4240/4240 4241/4241 4242/4242
f 5760/5760 5758/5758 5764/5764
f 5760/5760 5764/5764 5766/5766
f 5758/5758 5757/5757 5764/5764
f 5065/5065 5066/5066 4385/4385
f 5160/5160 5180/5180 4384/4384
f 5160/5160 4384/4384 4385/4385
f 3911/3911 3913/3913 3912/3912
f 3913/3913 5042/5042 3912/3912
f 5042/5042 5124/5124 5043/5043
f 5124/5124 5515/5515 5043/5043
f 3881/3881 3877/3877 3862/3862
f 3878/3878 3879/3879 3876/3876
f 3884/3884 3885/3885 3882/3882
f 3898/3898 3893/3893 3889/3889
f 3889/3889 3893/3893 3892/3892
f 3893/3893 3894/3894 3892/3892
f 3894/3894 5087/5087 3892/3892
f 5826/5826 5827/5827 5828/5828
f 5827/5827 5829/5829 5828/5828
f 3018/3018 3017/3017 2998/2998
f 2995/2995 3016/3016 2993/2993
f 3013/3013 2992/2992 2993/2993
f 291/291 292/292 276/276
f 3006/3006 3014/3014 2999/2999
f 2840/2840 2767/2767 2839/2839
f 2400/2400 2399/2399 2397/2397
f 4584/4584 4586/4586 4608/4608
f 6020/6020 6021/6021 6022/6022
f 6020/6020 6022/6022 6024/6024
f 6022/6022 6021/6021 6023/6023
f 2410/2410 2399/2399 2409/2409
f 6021/6021 6025/6025 6023/6023
f 4528/4528 4525/4525 4529/4529
f 4525/4525 5299/5299 4529/4529
f 2455/2455 2477/2477 2511/2511
f 6011/6011 6010/6010 6012/6012
f 4394/4394 4395/4395 4391/4391
f 4395/4395 4400/4400 4401/4401
f 5520/5520 5024/5024 5454/5454
f 5024/5024 5025/5025 5454/5454
f 5024/5024 4231/4231 5025/5025
f 4230/4230 4235/4235 4234/4234
f 4237/4237 4243/4243 4241/4241
f 3914/3914 3913/3913 3911/3911
f 3913/3913 5124/5124 5042/5042
f 5253/5253 3881/3881 5069/5069
f 3900/3900 3878/3878 3877/3877
f 3878/3878 3880/3880 3879/3879
f 3884/3884 5303/5303 3885/3885
f 3020/3020 3078/3078 3001/3001
f 24/24 15/15 25/25
f 29/29 26/26 27/27
f 27/27 26/26 25/25
f 111/111 43/43 29/29
f 4586/4586 4588/4588 4589/4589
f 4525/4525 4523/4523 5299/5299
f 6000/6000 6002/6002 6003/6003
f 4545/4545 4552/4552 4546/4546
f 4552/4552 4550/4550 4546/4546
f 4546/4546 4550/4550 4549/4549
f 4866/4866 4394/4394 4393/4393
f 4396/4396 4395/4395 4394/4394
f 5273/5273 4877/4877 5024/5024
f 5024/5024 4877/4877 4231/4231
f 4877/4877 4228/4228 4231/4231
f 4228/4228 4229/4229 4231/4231
f 4235/4235 4236/4236 4234/4234
f 4236/4236 4237/4237 4234/4234
f 4236/4236 4243/4243 4237/4237
f 5761/5761 5759/5759 5760/5760
f 5759/5759 5758/5758 5760/5760
f 5758/5758 5752/5752 5757/5757
f 5120/5120 4180/4180 5180/5180
f 4180/4180 3916/3916 5180/5180
f 5180/5180 3916/3916 5012/5012
f 3916/3916 3914/3914 5012/5012
f 5728/5728 5731/5731 5730/5730
f 5515/5515 5253/5253 5069/5069
f 3881/3881 3900/3900 3877/3877
f 3900/3900 3883/3883 3878/3878
f 3883/3883 3880/3880 3878/3878
f 3880/3880 3884/3884 3882/3882
f 3895/3895 3894/3894 3893/3893
f 3897/3897 5344/5344 3894/3894
f 3017/3017 3016/3016 2995/2995
f 1784/1784 1752/1752 1755/1755
f 14/14 16/16 15/15
f 13/13 14/14 15/15
f 24/24 13/13 15/15
f 4585/4585 4584/4584 4583/4583
f 4585/4585 4586/4586 4584/4584
f 6021/6021 6026/6026 6025/6025
f 5404/5404 4526/4526 4527/4527
f 6000/6000 6001/6001 6002/6002
f 5383/5383 4552/4552 4545/4545
f 4550/4550 5398/5398 4549/4549
f 6009/6009 6010/6010 6011/6011
f 4396/4396 4399/4399 4395/4395
f 4399/4399 4400/4400 4395/4395
f 4411/4411 4408/4408 4400/4400
f 4228/4228 4227/4227 4229/4229
f 4229/4229 4227/4227 4230/4230
f 4227/4227 4885/4885 4230/4230
f 5325/5325 5161/5161 4236/4236
f 5759/5759 5752/5752 5758/5758
f 3916/3916 3915/3915 3914/3914
f 3915/3915 3913/3913 3914/3914
f 3920/3920 5155/5155 5124/5124
f 5155/5155 5515/5515 5124/5124
f 5729/5729 5728/5728 5730/5730
f 3899/3899 3884/3884 3880/3880
f 3896/3896 3895/3895 3893/3893
f 2933/2933 2932/2932 2934/2934
f 2934/2934 2932/2932 3018/3018
f 3029/3029 3017/3017 3018/3018
f 3032/3032 3013/3013 3016/3016
f 3034/3034 3014/3014 3006/3006
f 3034/3034 3035/3035 3014/3014
f 1752/1752 1749/1749 1751/1751
f 16/16 20/20 19/19
f 20/20 21/21 19/19
f 19/19 21/21 22/22
f 32/32 26/26 29/29
f 4585/4585 4587/4587 4586/4586
f 4587/4587 4588/4588 4586/4586
f 4587/4587 4590/4590 4588/4588
f 4590/4590 5404/5404 4588/4588
f 4588/4588 5404/5404 4589/4589
f 4524/4524 4526/4526 5404/5404
f 4524/4524 4521/4521 4523/4523
f 4524/4524 4523/4523 4525/4525
f 4521/4521 4522/4522 4523/4523
f 4522/4522 5383/5383 4523/4523
f 5996/5996 5997/5997 5998/5998
f 4552/4552 5359/5359 4550/4550
f 5992/5992 5993/5993 5994/5994
f 4398/4398 4394/4394 4866/4866
f 4398/4398 4397/4397 4394/4394
f 4399/4399 4411/4411 4400/4400
f 4411/4411 4427/4427 4408/4408
f 4427/4427 5520/5520 4408/4408
f 6224/6224 6225/6225 6226/6226
f 6224/6224 6226/6226 6227/6227
f 4877/4877 4225/4225 4228/4228
f 4225/4225 4227/4227 4228/4228
f 4885/4885 4876/4876 4235/4235
f 4885/4885 5325/5325 4876/4876
f 5770/5770 5763/5763 5762/5762
f 4209/4209 5048/5048 5325/5325
f 5763/5763 5759/5759 5762/5762
f 5756/5756 5753/5753 5752/5752
f 5752/5752 5753/5753 5750/5750
f 5754/5754 5750/5750 5753/5753
f 5432/5432 5119/5119 5120/5120
f 5120/5120 5119/5119 4180/4180
f 4180/4180 3921/3921 3916/3916
f 3915/3915 3920/3920 3913/3913
f 5123/5123 5041/5041 5253/5253
f 5716/5716 5717/5717 5718/5718
f 5718/5718 5719/5719 5721/5721
f 5719/5719 5722/5722 5721/5721
f 3883/3883 3899/3899 3880/3880
f 3899/3899 5127/5127 3884/3884
f 5736/5736 5737/5737 5738/5738
f 3896/3896 3897/3897 3895/3895
f 2931/2931 2932/2932 2933/2933
f 3029/3029 3030/3030 3017/3017
f 3030/3030 3031/3031 3017/3017
f 3031/3031 3016/3016 3017/3017
f 3013/3013 3033/3033 3006/3006
f 3035/3035 3015/3015 3014/3014
f 3035/3035 3036/3036 3015/3015
f 3036/3036 3020/3020 3015/3015
f 119/119 120/120 118/118
f 1749/1749 1750/1750 1751/1751
f 14/14 20/20 16/16
f 31/31 13/13 24/24
f 26/26 24/24 25/25
f 43/43 32/32 29/29
f 5398/5398 5023/5023 4866/4866
f 5023/5023 4398/4398 4866/4866
f 5046/5046 4225/4225 4877/4877
f 4225/4225 4226/4226 4227/4227
f 4226/4226 4885/4885 4227/4227
f 4226/4226 4211/4211 4885/4885
f 4203/4203 5325/5325 4885/4885
f 4203/4203 4209/4209 5325/5325
f 5763/5763 5752/5752 5759/5759
f 4196/4196 5049/5049 5048/5048
f 5366/5366 5049/5049 4196/4196
f 5755/5755 5753/5753 5756/5756
f 5754/5754 5753/5753 5755/5755
f 3921/3921 3917/3917 3916/3916
f 5041/5041 4174/4174 5253/5253
f 5717/5717 5719/5719 5718/5718
f 5741/5741 5740/5740 5737/5737
f 3896/3896 5170/5170 3897/3897
f 2932/2932 3043/3043 3018/3018
f 3043/3043 3029/3029 3018/3018
f 3033/3033 3034/3034 3006/3006
f 3036/3036 3090/3090 3020/3020
f 3020/3020 3090/3090 3078/3078
f 3090/3090 3081/3081 3078/3078
f 3090/3090 3091/3091 3081/3081
f 2645/2645 2643/2643 2644/2644
f 119/119 121/121 120/120
f 1785/1785 1749/1749 1752/1752
f 1785/1785 1752/1752 1784/1784
f 22/22 46/46 54/54
f 46/46 119/119 54/54
f 13/13 31/31 14/14
f 4590/4590 4602/4602 5404/5404
f 6005/6005 6007/6007 6008/6008
f 6005/6005 6006/6006 6007/6007
f 5274/5274 4519/4519 4521/4521
f 5274/5274 4521/4521 4524/4524
f 4521/4521 4520/4520 4522/4522
f 5999/5999 5997/5997 5996/5996
f 5196/5196 4513/4513 5359/5359
f 4513/4513 4458/4458 5398/5398
f 5995/5995 5993/5993 5992/5992
f 4458/4458 5023/5023 5398/5398
f 5023/5023 4397/4397 4398/4398
f 4397/4397 4396/4396 4394/4394
f 4396/4396 4409/4409 4399/4399
f 4412/4412 4414/4414 4427/4427
f 4412/4412 4427/4427 4411/4411
f 4414/4414 5273/5273 4427/4427
f 4414/4414 5496/5496 5273/5273
f 4211/4211 4203/4203 4885/4885
f 4203/4203 4201/4201 4209/4209
f 4201/4201 4196/4196 4209/4209
f 4196/4196 5048/5048 4209/4209
f 4196/4196 4200/4200 5366/5366
f 4199/4199 5432/5432 4200/4200
f 5432/5432 5257/5257 5119/5119
f 5257/5257 4107/4107 5119/5119
f 4107/4107 4104/4104 4180/4180
f 4107/4107 4180/4180 5119/5119
f 4104/4104 3921/3921 4180/4180
f 3917/3917 3918/3918 3915/3915
f 3918/3918 3920/3920 3915/3915
f 5726/5726 5728/5728 5729/5729
f 4164/4164 4174/4174 5041/5041
f 5719/5719 5724/5724 5722/5722
f 3883/3883 5127/5127 3899/3899
f 5741/5741 5742/5742 5740/5740
f 5743/5743 5740/5740 5742/5742
f 5743/5743 5744/5744 5740/5740
f 3031/3031 3039/3039 3016/3016
f 3016/3016 3039/3039 3032/3032
f 3033/3033 3037/3037 3034/3034
f 3034/3034 3037/3037 3035/3035
f 2643/2643 2662/2662 2639/2639
f 21/21 46/46 22/22
f 14/14 33/33 20/20
f 31/31 36/36 14/14
f 38/38 24/24 26/26
f 2696/2696 2699/2699 2700/2700
f 4603/4603 4587/4587 4585/4585
f 4587/4587 4591/4591 4590/4590
f 4591/4591 4592/4592 4590/4590
f 4592/4592 4602/4602 4590/4590
f 4519/4519 4520/4520 4521/4521
f 4518/4518 5196/5196 5383/5383
f 4453/4453 4397/4397 5023/5023
f 4451/4451 4396/4396 4397/4397
f 4399/4399 4412/4412 4411/4411
f 5496/5496 5350/5350 5046/5046
f 5046/5046 4217/4217 4225/4225
f 4225/4225 4211/4211 4226/4226
f 4211/4211 4210/4210 4203/4203
f 4205/4205 4202/4202 4204/4204
f 4201/4201 4194/4194 4196/4196
f 4197/4197 4198/4198 4196/4196
f 4199/4199 4198/4198 4197/4197
f 5830/5830 5831/5831 5832/5832
f 5831/5831 5833/5833 5832/5832
f 4115/4115 5257/5257 5509/5509
f 4107/4107 5257/5257 4115/4115
f 3918/3918 5073/5073 3920/3920
f 5720/5720 5719/5719 5717/5717
f 5719/5719 5725/5725 5724/5724
f 4150/4150 4152/4152 4151/4151
f 2931/2931 2930/2930 2932/2932
f 2930/2930 3043/3043 2932/2932
f 3043/3043 3048/3048 3029/3029
f 3030/3030 3038/3038 3031/3031
f 3037/3037 3041/3041 3035/3035
f 3041/3041 3036/3036 3035/3035
f 3042/3042 3090/3090 3036/3036
f 2645/2645 2646/2646 2643/2643
f 2646/2646 2662/2662 2643/2643
f 46/46 188/188 119/119
f 188/188 121/121 119/119
f 34/34 21/21 20/20
f 38/38 39/39 24/24
f 39/39 31/31 24/24
f 38/38 26/26 32/32
f 2696/2696 2698/2698 2699/2699
f 4603/4603 4591/4591 4587/4587
f 4593/4593 4592/4592 4591/4591
f 4592/4592 4593/4593 4602/4602
f 4593/4593 4600/4600 4602/4602
f 4602/4602 4600/4600 5274/5274
f 6055/6055 6053/6053 6056/6056
f 4518/4518 4520/4520 4519/4519
f 4518/4518 4516/4516 5196/5196
f 4458/4458 4455/4455 5023/5023
f 4455/4455 4453/4453 5023/5023
f 4453/4453 4452/4452 4397/4397
f 4452/4452 4451/4451 4397/4397
f 4396/4396 4451/4451 4409/4409
f 4409/4409 5147/5147 4399/4399
f 5147/5147 4413/4413 4399/4399
f 4413/4413 4412/4412 4399/4399
f 4413/4413 4414/4414 4412/4412
f 5350/5350 4217/4217 5046/5046
f 4217/4217 4212/4212 4225/4225
f 4212/4212 4211/4211 4225/4225
f 4212/4212 4210/4210 4211/4211
f 4210/4210 4206/4206 4203/4203
f 4206/4206 4204/4204 4203/4203
f 6324/6324 6318/6318 6328/6328
f 4192/4192 4196/4196 4194/4194
f 4192/4192 4197/4197 4196/4196
f 4115/4115 4106/4106 4107/4107
f 4106/4106 4104/4104 4107/4107
f 4104/4104 3922/3922 3921/3921
f 3921/3921 3919/3919 3917/3917
f 3919/3919 3918/3918 3917/3917
f 5073/5073 5488/5488 3920/3920
f 5726/5726 5727/5727 5728/5728
f 5488/5488 4173/4173 5123/5123
f 4173/4173 5041/5041 5123/5123
f 4164/4164 4161/4161 4174/4174
f 5720/5720 5723/5723 5719/5719
f 5723/5723 5725/5725 5719/5719
f 5127/5127 4144/4144 5064/5064
f 4144/4144 4154/4154 5064/5064
f 4154/4154 4148/4148 4151/4151
f 4148/4148 4150/4150 4151/4151
f 4152/4152 4153/4153 5170/5170
f 2925/2925 2930/2930 2931/2931
f 3048/3048 3044/3044 3029/3029
f 3044/3044 3030/3030 3029/3029
f 3039/3039 3040/3040 3032/3032
f 3032/3032 3040/3040 3033/3033
f 2877/2877 2830/2830 2823/2823
f 37/37 36/36 31/31
f 45/45 43/43 164/164
f 45/45 32/32 43/43
f 4603/4603 4594/4594 4591/4591
f 4594/4594 4593/4593 4591/4591
f 6052/6052 6053/6053 6055/6055
f 4519/4519 4517/4517 4518/4518
f 4517/4517 4516/4516 4518/4518
f 4516/4516 4461/4461 5196/5196
f 4461/4461 4513/4513 5196/5196
f 4461/4461 4457/4457 4513/4513
f 4457/4457 4458/4458 4513/4513
f 4457/4457 4455/4455 4458/4458
f 4454/4454 4453/4453 4455/4455
f 4615/4615 5147/5147 4409/4409
f 4415/4415 5332/5332 4414/4414
f 4414/4414 5332/5332 5496/5496
f 6303/6303 6301/6301 6304/6304
f 4882/4882 5350/5350 5496/5496
f 5350/5350 4882/4882 4217/4217
f 6325/6325 6327/6327 6318/6318
f 3922/3922 3919/3919 3921/3921
f 4163/4163 4164/4164 5041/5041
f 4144/4144 4146/4146 4154/4154
f 4146/4146 4148/4148 4154/4154
f 4148/4148 4149/4149 4150/4150
f 4149/4149 4153/4153 4150/4150
f 4150/4150 4153/4153 4152/4152
f 3044/3044 3047/3047 3030/3030
f 3047/3047 3038/3038 3030/3030
f 3039/3039 3031/3031 3038/3038
f 3040/3040 3037/3037 3033/3033
f 3041/3041 3042/3042 3036/3036
f 3042/3042 3060/3060 3090/3090
f 185/185 121/121 188/188
f 46/46 185/185 188/188
f 34/34 35/35 21/21
f 35/35 46/46 21/21
f 1749/1749 1748/1748 1750/1750
f 2878/2878 2877/2877 2841/2841
f 36/36 33/33 14/14
f 45/45 44/44 32/32
f 44/44 38/38 32/32
f 2696/2696 2697/2697 2698/2698
f 4595/4595 4593/4593 4594/4594
f 4595/4595 4596/4596 4593/4593
f 4593/4593 4596/4596 4600/4600
f 4596/4596 4601/4601 4600/4600
f 6052/6052 6050/6050 6053/6053
f 6050/6050 6054/6054 6053/6053
f 4517/4517 4515/4515 4516/4516
f 4515/4515 4461/4461 4516/4516
f 4460/4460 4457/4457 4461/4461
f 4457/4457 4454/4454 4455/4455
f 4454/4454 4452/4452 4453/4453
f 4615/4615 4409/4409 4451/4451
f 4615/4615 5158/5158 5147/5147
f 4413/4413 4415/4415 4414/4414
f 4417/4417 5332/5332 4415/4415
f 6303/6303 6302/6302 6301/6301
f 4214/4214 4212/4212 4217/4217
f 4214/4214 4213/4213 4212/4212
f 4213/4213 4881/4881 4210/4210
f 4213/4213 4210/4210 4212/4212
f 6317/6317 6318/6318 6319/6319
f 4195/4195 4193/4193 4194/4194
f 4190/4190 4208/4208 4192/4192
f 4208/4208 5509/5509 4199/4199
f 5509/5509 4109/4109 4115/4115
f 4109/4109 4106/4106 4115/4115
f 4106/4106 4105/4105 4104/4104
f 4105/4105 3922/3922 4104/4104
f 3922/3922 3923/3923 3919/3919
f 3919/3919 5073/5073 3918/3918
f 5073/5073 4168/4168 5488/5488
f 4168/4168 4173/4173 5488/5488
f 4173/4173 4163/4163 5041/5041
f 4163/4163 4161/4161 4164/4164
f 4160/4160 4155/4155 4175/4175
f 4155/4155 5127/5127 4175/4175
f 4155/4155 4144/4144 5127/5127
f 4146/4146 4147/4147 4148/4148
f 4147/4147 4149/4149 4148/4148
f 3045/3045 3041/3041 3037/3037
f 185/185 226/226 121/121
f 33/33 34/34 20/20
f 36/36 42/42 33/33
f 39/39 37/37 31/31
f 5304/5304 4594/4594 4603/4603
f 5304/5304 5420/5420 4594/4594
f 5420/5420 4595/4595 4594/4594
f 4595/4595 4597/4597 4596/4596
f 6051/6051 6050/6050 6052/6052
f 6058/6058 6054/6054 6050/6050
f 4612/4612 4611/4611 4517/4517
f 4611/4611 4515/4515 4517/4517
f 4454/4454 4456/4456 4452/4452
f 5158/5158 5149/5149 5147/5147
f 4417/4417 4424/4424 5332/5332
f 4424/4424 5390/5390 5332/5332
f 6302/6302 6300/6300 6301/6301
f 6300/6300 6297/6297 6301/6301
f 4216/4216 4215/4215 4214/4214
f 4215/4215 4213/4213 4214/4214
f 4215/4215 4881/4881 4213/4213
f 6322/6322 6320/6320 6317/6317
f 6320/6320 6321/6321 6318/6318
f 4193/4193 4191/4191 4192/4192
f 4191/4191 4190/4190 4192/4192
f 4112/4112 4110/4110 4113/4113
f 4114/4114 3923/3923 3922/3922
f 4159/4159 4160/4160 4161/4161
f 4147/4147 4886/4886 4149/4149
f 4886/4886 4153/4153 4149/4149
f 2924/2924 3048/3048 3043/3043
f 3048/3048 3047/3047 3044/3044
f 3047/3047 3052/3052 3038/3038
f 3038/3038 3052/3052 3039/3039
f 3052/3052 3053/3053 3039/3039
f 3045/3045 3037/3037 3040/3040
f 3050/3050 3051/3051 3042/3042
f 3050/3050 3042/3042 3041/3041
f 2645/2645 2647/2647 2646/2646
f 2647/2647 2662/2662 2646/2646
f 46/46 100/100 185/185
f 1747/1747 1748/1748 1749/1749
f 42/42 34/34 33/33
f 39/39 49/49 37/37
f 5452/5452 5420/5420 5304/5304
f 5420/5420 4599/4599 4595/4595
f 4597/4597 4598/4598 4596/4596
f 6049/6049 6048/6048 6050/6050
f 6049/6049 6050/6050 6051/6051
f 6048/6048 6036/6036 6058/6058
f 6048/6048 6058/6058 6050/6050
f 4611/4611 4614/4614 4515/4515
f 4613/4613 4614/4614 4611/4611
f 4512/4512 4461/4461 4515/4515
f 4512/4512 4460/4460 4461/4461
f 4462/4462 4459/4459 4460/4460
f 4460/4460 4459/4459 4457/4457
f 5364/5364 5397/5397 4615/4615
f 5364/5364 4615/4615 4451/4451
f 5397/5397 5158/5158 4615/4615
f 5149/5149 5148/5148 5147/5147
f 5148/5148 4426/4426 5147/5147
f 5147/5147 4426/4426 4413/4413
f 4413/4413 4416/4416 4415/4415
f 4416/4416 4417/4417 4415/4415
f 4418/4418 4424/4424 4417/4417
f 4418/4418 4422/4422 4424/4424
f 6299/6299 6297/6297 6300/6300
f 4215/4215 5138/5138 4881/4881
f 4219/4219 5138/5138 4215/4215
f 6323/6323 6320/6320 6322/6322
f 6321/6321 6326/6326 6325/6325
f 5435/5435 4207/4207 4195/4195
f 4195/4195 4207/4207 4193/4193
f 4207/4207 4191/4191 4193/4193
f 4189/4189 4190/4190 4191/4191
f 4108/4108 4105/4105 4106/4106
f 3923/3923 3924/3924 3919/3919
f 3924/3924 5073/5073 3919/3919
f 5073/5073 4170/4170 4168/4168
f 4168/4168 4166/4166 4173/4173
f 4166/4166 4163/4163 4173/4173
f 4159/4159 4155/4155 4160/4160
f 4145/4145 4147/4147 4146/4146
f 4886/4886 5205/5205 4153/4153
f 2919/2919 2924/2924 2925/2925
f 2924/2924 2930/2930 2925/2925
f 2930/2930 2924/2924 3043/3043
f 3057/3057 3047/3047 3048/3048
f 349/349 344/344 348/348
f 3040/3040 3054/3054 3045/3045
f 3042/3042 3051/3051 3060/3060
f 3118/3118 3091/3091 3060/3060
f 2648/2648 2647/2647 2645/2645
f 185/185 186/186 226/226
f 1777/1777 1747/1747 1749/1749
f 35/35 100/100 46/46
f 2877/2877 2882/2882 2830/2830
f 224/224 45/45 164/164
f 2702/2702 2703/2703 2697/2697
f 5452/5452 5431/5431 5420/5420
f 5431/5431 4599/4599 5420/5420
f 4599/4599 4598/4598 4597/4597
f 6036/6036 6031/6031 6058/6058
f 4612/4612 4613/4613 4611/4611
f 6029/6029 6032/6032 6031/6031
f 4512/4512 4614/4614 4514/4514
f 4459/4459 4454/4454 4457/4457
f 4459/4459 5400/5400 4454/4454
f 4454/4454 5400/5400 4456/4456
f 4456/4456 5400/5400 5364/5364
f 5397/5397 5150/5150 5158/5158
f 5150/5150 5149/5149 5158/5158
f 5150/5150 5148/5148 5149/5149
f 5151/5151 4426/4426 5148/5148
f 4426/4426 4416/4416 4413/4413
f 4416/4416 4418/4418 4417/4417
f 4419/4419 4418/4418 4416/4416
f 4418/4418 4421/4421 4422/4422
f 6299/6299 6298/6298 6297/6297
f 4216/4216 4218/4218 4215/4215
f 4218/4218 4219/4219 4215/4215
f 4221/4221 4879/4879 4224/4224
f 4879/4879 4883/4883 4224/4224
f 4880/4880 4883/4883 4879/4879
f 4880/4880 5435/5435 4883/4883
f 5838/5838 5840/5840 5841/5841
f 4189/4189 4187/4187 4190/4190
f 5853/5853 5852/5852 5854/5854
f 5853/5853 5851/5851 5852/5852
f 5851/5851 5849/5849 5852/5852
f 4112/4112 4111/4111 4110/4110
f 4111/4111 4108/4108 4110/4110
f 4108/4108 4887/4887 4105/4105
f 5745/5745 5746/5746 5747/5747
f 5747/5747 5746/5746 5748/5748
f 3926/3926 3923/3923 4114/4114
f 3925/3925 3924/3924 3923/3923
f 5706/5706 5707/5707 5708/5708
f 4168/4168 4167/4167 4166/4166
f 4166/4166 4165/4165 4163/4163
f 4163/4163 4162/4162 4161/4161
f 4161/4161 4162/4162 4159/4159
f 4158/4158 4155/4155 4159/4159
f 4144/4144 4145/4145 4146/4146
f 4145/4145 5205/5205 4886/4886
f 4145/4145 4886/4886 4147/4147
f 2924/2924 3057/3057 3048/3048
f 326/326 314/314 342/342
f 3052/3052 3055/3055 3053/3053
f 3053/3053 3054/3054 3040/3040
f 3045/3045 3050/3050 3041/3041
f 100/100 186/186 185/185
f 78/78 100/100 35/35
f 40/40 35/35 34/34
f 42/42 47/47 34/34
f 50/50 36/36 37/37
f 44/44 48/48 38/38
f 48/48 39/39 38/38
f 5427/5427 5425/5425 4599/4599
f 4599/4599 5425/5425 4598/4598
f 5425/5425 5426/5426 4598/4598
f 6049/6049 6037/6037 6048/6048
f 6037/6037 6036/6036 6048/6048
f 6036/6036 6033/6033 6031/6031
f 6033/6033 6030/6030 6031/6031
f 6030/6030 6029/6029 6031/6031
f 4514/4514 5074/5074 4460/4460
f 4514/4514 4460/4460 4512/4512
f 5074/5074 4462/4462 4460/4460
f 4462/4462 4463/4463 4459/4459
f 4463/4463 4464/4464 4459/4459
f 4459/4459 4464/4464 5400/5400
f 5150/5150 5151/5151 5148/5148
f 4419/4419 4420/4420 4418/4418
f 4418/4418 4420/4420 4421/4421
f 6298/6298 6295/6295 6297/6297
f 6295/6295 6296/6296 6297/6297
f 4216/4216 4878/4878 4218/4218
f 4219/4219 4221/4221 4224/4224
f 4219/4219 4224/4224 5138/5138
f 5131/5131 4188/4188 4207/4207
f 4207/4207 4188/4188 4189/4189
f 4189/4189 4188/4188 4187/4187
f 4188/4188 4185/4185 4187/4187
f 4185/4185 4184/4184 4187/4187
f 5851/5851 5850/5850 5849/5849
f 5850/5850 5846/5846 5849/5849
f 5849/5849 5846/5846 5848/5848
f 5846/5846 5847/5847 5848/5848
f 5519/5519 3928/3928 4887/4887
f 4887/4887 3928/3928 3926/3926
f 3926/3926 3925/3925 3923/3923
f 4169/4169 4168/4168 4170/4170
f 4169/4169 4172/4172 4167/4167
f 4169/4169 4167/4167 4168/4168
f 4167/4167 4165/4165 4166/4166
f 4165/4165 4162/4162 4163/4163
f 5579/5579 5578/5578 5580/5580
f 5578/5578 5581/5581 5580/5580
f 2918/2918 2919/2919 2920/2920
f 3057/3057 3061/3061 3047/3047
f 3061/3061 3052/3052 3047/3047
f 3055/3055 3054/3054 3053/3053
f 3056/3056 3045/3045 3054/3054
f 40/40 41/41 35/35
f 41/41 78/78 35/35
f 47/47 40/40 34/34
f 50/50 42/42 36/36
f 49/49 50/50 37/37
f 48/48 49/49 39/39
f 58/58 45/45 224/224
f 58/58 44/44 45/45
f 6046/6046 6041/6041 6064/6064
f 6041/6041 6063/6063 6064/6064
f 6037/6037 6035/6035 6036/6036
f 6035/6035 6033/6033 6036/6036
f 5074/5074 4510/4510 4462/4462
f 4510/4510 4463/4463 4462/4462
f 4464/4464 4509/4509 5400/5400
f 6075/6075 6076/6076 6077/6077
f 6075/6075 6078/6078 6076/6076
f 6075/6075 6079/6079 6078/6078
f 2562/2562 2557/2557 2559/2559
f 2558/2558 2560/2560 2556/2556
f 4426/4426 4419/4419 4416/4416
f 4420/4420 4425/4425 4421/4421
f 4425/4425 4430/4430 4884/4884
f 4218/4218 4220/4220 4219/4219
f 4219/4219 4220/4220 4221/4221
f 4221/4221 4880/4880 4879/4879
f 4221/4221 5484/5484 5131/5131
f 4221/4221 5131/5131 4880/4880
f 4183/4183 4184/4184 4185/4185
f 4183/4183 4182/4182 4184/4184
f 3954/3954 3953/3953 4887/4887
f 3953/3953 5519/5519 4887/4887
f 3928/3928 3927/3927 3926/3926
f 3926/3926 3927/3927 3925/3925
f 3925/3925 4103/4103 3924/3924
f 4103/4103 5129/5129 3924/3924
f 4165/4165 4167/4167 4172/4172
f 4158/4158 4156/4156 4155/4155
f 4156/4156 4143/4143 4155/4155
f 4155/4155 4143/4143 4144/4144
f 4143/4143 4142/4142 4144/4144
f 4142/4142 4145/4145 4144/4144
f 2923/2923 2921/2921 2920/2920
f 2921/2921 2918/2918 2920/2920
f 2918/2918 2922/2922 2919/2919
f 2922/2922 2924/2924 2919/2919
f 2922/2922 2928/2928 2924/2924
f 2928/2928 3098/3098 2924/2924
f 3098/3098 3057/3057 2924/2924
f 3056/3056 3058/3058 3045/3045
f 3051/3051 3059/3059 3060/3060
f 3059/3059 3119/3119 3060/3060
f 3119/3119 3120/3120 3118/3118
f 3119/3119 3118/3118 3060/3060
f 47/47 41/41 40/40
f 1747/1747 1746/1746 1748/1748
f 51/51 47/47 42/42
f 50/50 51/51 42/42
f 57/57 55/55 48/48
f 48/48 55/55 49/49
f 58/58 48/48 44/44
f 5452/5452 5455/5455 5431/5431
f 6042/6042 6041/6041 6046/6046
f 6041/6041 6038/6038 6057/6057
f 6041/6041 6057/6057 6063/6063
f 6038/6038 6037/6037 6057/6057
f 6038/6038 6035/6035 6037/6037
f 6035/6035 6034/6034 6033/6033
f 6034/6034 6027/6027 6033/6033
f 6033/6033 6027/6027 6030/6030
f 6027/6027 6028/6028 6029/6029
f 6027/6027 6029/6029 6030/6030
f 4514/4514 5483/5483 5074/5074
f 5483/5483 4492/4492 5074/5074
f 4492/4492 4510/4510 5074/5074
f 4463/4463 4465/4465 4464/4464
f 4464/4464 4465/4465 4509/4509
f 4465/4465 4469/4469 4509/4509
f 4469/4469 4471/4471 4509/4509
f 2914/2914 2912/2912 2913/2913
f 2914/2914 2913/2913 2915/2915
f 2912/2912 2909/2909 2913/2913
f 2908/2908 2909/2909 2910/2910
f 2558/2558 2561/2561 2560/2560
f 2560/2560 2561/2561 2564/2564
f 4423/4423 4420/4420 4419/4419
f 4423/4423 4425/4425 4420/4420
f 4425/4425 4429/4429 4430/4430
f 4429/4429 4878/4878 4430/4430
f 4878/4878 4222/4222 4218/4218
f 4222/4222 4220/4220 4218/4218
f 4220/4220 4223/4223 4221/4221
f 4223/4223 5386/5386 4221/4221
f 5386/5386 5484/5484 4221/4221
f 5484/5484 5361/5361 4188/4188
f 5484/5484 4188/4188 5131/5131
f 5361/5361 5357/5357 4188/4188
f 4188/4188 5357/5357 4185/4185
f 5357/5357 4183/4183 4185/4185
f 3950/3950 4183/4183 5357/5357
f 4183/4183 3950/3950 4182/4182
f 4182/4182 3950/3950 3954/3954
f 3950/3950 3951/3951 3954/3954
f 3951/3951 3953/3953 3954/3954
f 5784/5784 5781/5781 5783/5783
f 3929/3929 3927/3927 3928/3928
f 3927/3927 4103/4103 3925/3925
f 4170/4170 4171/4171 4169/4169
f 5038/5038 4162/4162 4165/4165
f 5577/5577 5578/5578 5579/5579
f 4141/4141 4142/4142 4143/4143
f 2927/2927 2926/2926 2921/2921
f 3062/3062 3063/3063 3055/3055
f 3063/3063 3054/3054 3055/3055
f 3045/3045 3058/3058 3050/3050
f 3058/3058 3051/3051 3050/3050
f 3058/3058 3059/3059 3051/3051
f 2650/2650 2649/2649 2648/2648
f 2648/2648 2649/2649 2647/2647
f 187/187 186/186 100/100
f 1777/1777 1745/1745 1747/1747
f 1745/1745 1746/1746 1747/1747
f 51/51 59/59 47/47
f 55/55 50/50 49/49
f 56/56 57/57 48/48
f 6044/6044 6042/6042 6046/6046
f 5368/5368 4508/4508 5373/5373
f 4492/4492 4466/4466 4510/4510
f 4466/4466 4463/4463 4510/4510
f 4466/4466 4465/4465 4463/4463
f 4470/4470 4472/4472 4471/4471
f 2912/2912 2910/2910 2909/2909
f 2910/2910 2911/2911 2908/2908
f 2911/2911 2916/2916 2908/2908
f 2916/2916 2917/2917 2908/2908
f 2561/2561 2565/2565 2564/2564
f 4431/4431 4428/4428 4423/4423
f 4428/4428 4425/4425 4423/4423
f 4428/4428 4429/4429 4425/4425
f 5686/5686 5680/5680 5687/5687
f 4222/4222 4223/4223 4220/4220
f 5823/5823 5824/5824 5825/5825
f 5357/5357 3955/3955 3950/3950
f 3952/3952 5387/5387 3953/3953
f 5781/5781 5782/5782 5783/5783
f 5387/5387 3929/3929 3928/3928
f 5129/5129 4171/4171 4170/4170
f 4171/4171 4172/4172 4169/4169
f 4172/4172 5038/5038 4165/4165
f 4179/4179 4156/4156 4158/4158
f 4179/4179 4143/4143 4156/4156
f 4141/4141 4143/4143 4179/4179
f 4141/4141 4140/4140 4142/4142
f 2929/2929 2921/2921 2923/2923
f 2929/2929 2927/2927 2921/2921
f 2937/2937 2927/2927 2929/2929
f 2928/2928 2926/2926 2927/2927
f 2926/2926 2928/2928 2922/2922
f 3098/3098 3099/3099 3057/3057
f 3099/3099 3061/3061 3057/3057
f 3064/3064 3062/3062 3052/3052
f 3062/3062 3055/3055 3052/3052
f 346/346 283/283 353/353
f 6042/6042 6040/6040 6041/6041
f 6041/6041 6040/6040 6038/6038
f 6040/6040 6039/6039 6038/6038
f 5371/5371 5369/5369 5372/5372
f 6039/6039 6035/6035 6038/6038
f 5372/5372 5369/5369 5368/5368
f 4508/4508 5453/5453 5373/5373
f 5373/5373 5453/5453 5483/5483
f 5453/5453 4500/4500 5483/5483
f 4500/4500 4492/4492 5483/5483
f 4466/4466 4467/4467 4465/4465
f 4465/4465 4467/4467 4469/4469
f 4467/4467 4470/4470 4469/4469
f 4469/4469 4470/4470 4471/4471
f 4474/4474 4472/4472 4473/4473
f 4473/4473 4472/4472 4470/4470
f 4474/4474 4489/4489 4472/4472
f 2911/2911 2917/2917 2916/2916
f 4435/4435 4423/4423 4447/4447
f 4435/4435 4432/4432 4423/4423
f 4432/4432 4431/4431 4423/4423
f 5686/5686 5681/5681 5680/5680
f 5681/5681 5679/5679 5680/5680
f 5679/5679 5677/5677 5680/5680
f 5386/5386 5342/5342 5484/5484
f 5823/5823 5822/5822 5824/5824
f 3950/3950 3948/3948 3951/3951
f 3951/3951 3948/3948 3952/3952
f 3948/3948 5387/5387 3952/3952
f 3929/3929 3930/3930 3927/3927
f 3930/3930 4103/4103 3927/3927
f 4171/4171 5380/5380 4172/4172
f 5573/5573 5574/5574 5575/5575
f 5574/5574 5576/5576 5575/5575
f 4124/4124 4125/4125 5038/5038
f 5578/5578 5582/5582 5581/5581
f 4136/4136 4140/4140 4141/4141
f 2937/2937 2935/2935 2927/2927
f 2927/2927 2935/2935 2928/2928
f 2928/2928 3110/3110 3098/3098
f 3061/3061 3064/3064 3052/3052
f 345/345 325/325 377/377
f 325/325 354/354 377/377
f 3063/3063 3056/3056 3054/3054
f 3058/3058 3101/3101 3059/3059
f 3059/3059 3125/3125 3119/3119
f 2690/2690 2647/2647 2649/2649
f 187/187 195/195 186/186
f 1777/1777 1757/1757 1745/1745
f 61/61 51/51 50/50
f 61/61 50/50 55/55
f 63/63 55/55 57/57
f 224/224 56/56 58/58
f 236/236 56/56 224/224
f 6044/6044 6043/6043 6042/6042
f 6043/6043 6040/6040 6042/6042
f 4508/4508 4501/4501 5453/5453
f 4493/4493 4491/4491 4492/4492
f 4492/4492 4491/4491 4466/4466
f 4491/4491 4468/4468 4466/4466
f 4468/4468 4467/4467 4466/4466
f 4467/4467 4490/4490 4470/4470
f 6312/6312 6313/6313 6310/6310
f 4447/4447 4450/4450 4435/4435
f 4450/4450 4448/4448 4435/4435
f 4448/4448 4432/4432 4435/4435
f 4428/4428 4444/4444 4429/4429
f 5678/5678 5677/5677 5679/5679
f 5386/5386 5341/5341 5342/5342
f 5823/5823 5819/5819 5822/5822
f 5819/5819 5821/5821 5822/5822
f 3955/3955 3944/3944 3950/3950
f 3944/3944 3948/3948 3950/3950
f 5836/5836 5835/5835 5837/5837
f 4102/4102 3931/3931 3929/3929
f 4102/4102 3929/3929 5387/5387
f 5489/5489 4103/4103 3930/3930
f 5583/5583 5584/5584 5585/5585
f 4120/4120 4124/4124 4128/4128
f 4124/4124 4123/4123 4125/4125
f 4123/4123 4126/4126 4125/4125
f 4179/4179 4136/4136 4141/4141
f 4136/4136 4137/4137 4140/4140
f 2937/2937 2936/2936 2935/2935
f 2936/2936 2928/2928 2935/2935
f 2936/2936 3110/3110 2928/2928
f 3099/3099 3104/3104 3061/3061
f 3104/3104 3064/3064 3061/3061
f 3064/3064 3100/3100 3062/3062
f 3063/3063 3097/3097 3056/3056
f 3056/3056 3097/3097 3058/3058
f 3101/3101 3102/3102 3059/3059
f 3102/3102 3125/3125 3059/3059
f 3125/3125 3124/3124 3119/3119
f 2651/2651 2649/2649 2650/2650
f 193/193 194/194 78/78
f 78/78 194/194 187/187
f 41/41 60/60 78/78
f 60/60 193/193 78/78
f 59/59 60/60 47/47
f 60/60 41/41 47/47
f 62/62 59/59 51/51
f 62/62 51/51 61/61
f 64/64 55/55 63/63
f 64/64 61/61 55/55
f 65/65 57/57 56/56
f 6043/6043 6045/6045 6040/6040
f 6045/6045 6047/6047 6040/6040
f 6040/6040 6047/6047 6039/6039
f 3478/3478 3479/3479 3480/3480
f 4506/4506 5370/5370 5428/5428
f 5369/5369 4506/4506 5368/5368
f 4506/4506 4502/4502 4508/4508
f 4506/4506 4508/4508 5368/5368
f 4502/4502 4501/4501 4508/4508
f 4501/4501 4495/4495 5453/5453
f 5453/5453 4495/4495 4500/4500
f 4495/4495 4494/4494 4493/4493
f 4495/4495 4493/4493 4500/4500
f 4493/4493 4494/4494 4491/4491
f 4473/4473 4475/4475 4474/4474
f 4475/4475 4489/4489 4474/4474
f 6310/6310 6311/6311 6312/6312
f 5424/5424 4448/4448 4450/4450
f 4448/4448 5186/5186 4432/4432
f 5186/5186 4449/4449 4432/4432
f 4449/4449 4431/4431 4432/4432
f 4431/4431 4433/4433 4428/4428
f 4433/4433 4434/4434 4428/4428
f 4428/4428 4434/4434 4444/4444
f 4434/4434 4889/4889 4444/4444
f 4889/4889 5142/5142 4444/4444
f 5142/5142 5143/5143 4444/4444
f 5681/5681 5678/5678 5679/5679
f 5678/5678 5647/5647 5677/5677
f 5647/5647 5640/5640 5677/5677
f 4223/4223 5415/5415 5386/5386
f 5415/5415 5343/5343 5386/5386
f 5343/5343 5341/5341 5386/5386
f 5341/5341 3947/3947 5342/5342
f 3733/3733 3734/3734 3735/3735
f 5819/5819 5820/5820 5821/5821
f 3947/3947 3944/3944 3955/3955
f 3944/3944 3945/3945 3948/3948
f 3945/3945 3949/3949 3948/3948
f 3931/3931 3932/3932 3930/3930
f 3931/3931 3930/3930 3929/3929
f 5489/5489 3930/3930 3932/3932
f 5489/5489 4117/4117 5129/5129
f 5489/5489 5129/5129 4103/4103
f 4116/4116 4119/4119 5380/5380
f 4119/4119 4128/4128 5380/5380
f 4120/4120 4123/4123 4124/4124
f 4127/4127 4132/4132 4179/4179
f 4179/4179 4132/4132 4136/4136
f 4132/4132 4135/4135 4136/4136
f 4135/4135 4137/4137 4136/4136
f 3110/3110 3109/3109 3098/3098
f 2109/2109 2107/2107 2092/2092
f 3109/3109 3099/3099 3098/3098
f 3097/3097 3105/3105 3058/3058
f 3105/3105 3101/3101 3058/3058
f 381/381 347/347 382/382
f 347/347 367/367 382/382
f 194/194 195/195 187/187
f 1745/1745 1744/1744 1746/1746
f 230/230 60/60 59/59
f 233/233 64/64 63/63
f 65/65 63/63 57/57
f 2707/2707 2709/2709 2712/2712
f 4503/4503 4498/4498 4502/4502
f 4502/4502 4498/4498 4501/4501
f 4498/4498 4495/4495 4501/4501
f 4511/4511 4491/4491 4494/4494
f 4511/4511 4468/4468 4491/4491
f 4468/4468 5409/5409 4467/4467
f 4467/4467 5409/5409 4490/4490
f 5409/5409 4476/4476 4490/4490
f 4475/4475 4479/4479 4489/4489
f 6308/6308 6309/6309 6310/6310
f 6309/6309 6311/6311 6310/6310
f 4449/4449 4433/4433 4431/4431
f 5142/5142 5144/5144 5143/5143
f 5522/5522 5343/5343 5415/5415
f 3943/3943 3945/3945 3944/3944
f 5439/5439 3949/3949 3945/3945
f 5834/5834 5835/5835 5836/5836
f 4119/4119 4120/4120 4128/4128
f 4123/4123 4127/4127 4126/4126
f 4135/4135 4139/4139 4138/4138
f 3121/3121 3110/3110 2936/2936
f 3109/3109 3104/3104 3099/3099
f 3100/3100 3103/3103 3062/3062
f 3103/3103 3063/3063 3062/3062
f 3103/3103 3097/3097 3063/3063
f 2653/2653 2690/2690 2649/2649
f 1757/1757 1742/1742 1745/1745
f 1745/1745 1742/1742 1744/1744
f 236/236 238/238 56/56
f 2707/2707 2708/2708 2709/2709
f 6045/6045 6059/6059 6047/6047
f 6059/6059 6060/6060 6047/6047
f 4507/4507 4503/4503 4506/4506
f 4503/4503 4507/4507 4505/4505
f 4498/4498 4497/4497 4495/4495
f 4497/4497 4496/4496 4495/4495
f 4495/4495 4496/4496 4494/4494
f 4496/4496 4511/4511 4494/4494
f 5518/5518 4511/4511 4496/4496
f 4511/4511 5207/5207 4468/4468
f 5207/5207 4511/4511 5518/5518
f 5207/5207 5208/5208 4468/4468
f 5208/5208 5409/5409 4468/4468
f 5409/5409 4486/4486 4476/4476
f 4486/4486 4477/4477 4476/4476
f 4476/4476 4477/4477 4475/4475
f 4478/4478 4479/4479 4475/4475
f 5424/5424 5186/5186 4448/4448
f 5186/5186 5346/5346 4449/4449
f 5346/5346 4436/4436 4449/4449
f 4449/4449 4436/4436 4433/4433
f 4436/4436 4437/4437 4434/4434
f 4436/4436 4434/4434 4433/4433
f 4437/4437 4889/4889 4434/4434
f 5652/5652 5622/5622 5624/5624
f 5624/5624 5622/5622 5623/5623
f 5623/5623 5625/5625 5647/5647
f 5625/5625 5640/5640 5647/5647
f 5343/5343 5340/5340 5341/5341
f 5341/5341 5340/5340 3947/3947
f 3959/3959 3946/3946 3947/3947
f 3942/3942 3943/3943 3944/3944
f 3943/3943 4072/4072 3945/3945
f 4072/4072 5439/5439 3945/3945
f 5439/5439 3933/3933 4073/4073
f 4073/4073 3933/3933 3931/3931
f 3933/3933 3932/3932 3931/3931
f 4100/4100 4117/4117 5489/5489
f 4118/4118 4119/4119 4116/4116
f 4118/4118 4120/4120 4119/4119
f 4122/4122 4123/4123 4120/4120
f 4127/4127 4131/4131 4132/4132
f 4132/4132 4133/4133 4135/4135
f 4157/4157 4139/4139 4135/4135
f 3109/3109 3111/3111 3104/3104
f 3102/3102 3126/3126 3125/3125
f 3126/3126 3124/3124 3125/3125
f 2651/2651 2653/2653 2649/2649
f 62/62 228/228 59/59
f 228/228 230/230 59/59
f 64/64 234/234 61/61
f 65/65 235/235 63/63
f 235/235 233/233 63/63
f 238/238 237/237 56/56
f 237/237 65/65 56/56
f 2707/2707 2710/2710 2708/2708
f 6059/6059 6061/6061 6060/6060
f 4505/4505 4504/4504 4503/4503
f 5255/5255 4504/4504 4505/4505
f 4499/4499 4497/4497 4498/4498
f 4496/4496 4497/4497 4499/4499
f 5409/5409 4487/4487 4486/4486
f 4477/4477 4488/4488 4478/4478
f 4480/4480 4481/4481 4479/4479
f 4481/4481 5424/5424 4479/4479
f 6305/6305 6306/6306 6307/6307
f 5449/5449 5346/5346 5186/5186
f 5339/5339 4436/4436 5346/5346
f 4438/4438 4437/4437 4436/4436
f 4439/4439 4446/4446 4437/4437
f 5620/5620 5622/5622 5652/5652
f 5621/5621 5625/5625 5623/5623
f 5634/5634 5632/5632 5633/5633
f 5340/5340 5189/5189 3947/3947
f 5189/5189 3959/3959 3947/3947
f 3959/3959 3942/3942 3946/3946
f 3935/3935 3933/3933 5439/5439
f 4117/4117 4100/4100 4116/4116
f 4122/4122 4129/4129 4123/4123
f 4129/4129 4127/4127 4123/4123
f 4127/4127 4130/4130 4131/4131
f 4131/4131 4133/4133 4132/4132
f 4133/4133 4157/4157 4135/4135
f 3135/3135 3133/3133 3110/3110
f 3133/3133 3109/3109 3110/3110
f 3106/3106 3105/3105 3097/3097
f 3101/3101 3112/3112 3102/3102
f 2652/2652 2653/2653 2651/2651
f 230/230 231/231 60/60
f 231/231 193/193 60/60
f 1742/1742 1743/1743 1744/1744
f 229/229 228/228 62/62
f 239/239 229/229 61/61
f 229/229 62/62 61/61
f 234/234 239/239 61/61
f 234/234 64/64 233/233
f 236/236 264/264 238/238
f 6145/6145 6146/6146 6147/6147
f 6145/6145 6143/6143 6146/6146
f 4499/4499 4498/4498 5255/5255
f 4499/4499 5319/5319 4496/4496
f 4496/4496 5319/5319 5518/5518
f 5319/5319 5209/5209 5518/5518
f 5518/5518 5209/5209 5207/5207
f 5209/5209 5208/5208 5207/5207
f 5209/5209 5210/5210 5208/5208
f 5194/5194 4488/4488 4477/4477
f 6314/6314 6315/6315 6316/6316
f 5507/5507 5339/5339 5346/5346
f 5339/5339 4441/4441 4445/4445
f 5507/5507 4441/4441 5339/5339
f 4441/4441 4438/4438 4445/4445
f 4438/4438 4439/4439 4437/4437
f 5621/5621 5622/5622 5620/5620
f 5622/5622 5621/5621 5623/5623
f 5621/5621 5626/5626 5625/5625
f 5629/5629 5630/5630 5627/5627
f 5632/5632 5631/5631 5633/5633
f 3940/3940 3942/3942 3959/3959
f 3940/3940 3959/3959 5189/5189
f 3940/3940 3941/3941 3942/3942
f 3941/3941 3938/3938 4072/4072
f 3935/3935 5504/5504 4072/4072
f 3934/3934 3932/3932 3933/3933
f 4118/4118 4121/4121 4120/4120
f 4121/4121 4122/4122 4120/4120
f 4129/4129 4130/4130 4127/4127
f 4130/4130 4134/4134 4131/4131
f 4134/4134 4133/4133 4131/4131
f 3123/3123 3111/3111 3109/3109
f 3111/3111 3108/3108 3104/3104
f 3108/3108 3100/3100 3104/3104
f 3113/3113 3103/3103 3100/3100
f 3116/3116 3097/3097 3103/3103
f 3105/3105 3107/3107 3101/3101
f 3107/3107 3112/3112 3101/3101
f 3112/3112 3126/3126 3102/3102
f 382/382 395/395 410/410
f 244/244 243/243 194/194
f 194/194 243/243 195/195
f 231/231 232/232 193/193
f 242/242 239/239 234/234
f 235/235 234/234 233/233
f 6145/6145 6144/6144 6143/6143
f 6141/6141 6142/6142 6143/6143
f 5222/5222 5209/5209 5319/5319
f 4487/4487 5194/5194 4477/4477
f 4483/4483 4480/4480 4478/4478
f 4483/4483 4478/4478 4488/4488
f 4482/4482 4481/4481 4480/4480
f 4482/4482 4485/4485 4481/4481
f 4481/4481 4485/4485 5424/5424
f 4485/4485 5449/5449 5424/5424
f 4485/4485 5507/5507 5449/5449
f 5618/5618 5620/5620 5619/5619
f 5618/5618 5621/5621 5620/5620
f 5621/5621 5641/5641 5626/5626
f 5641/5641 5628/5628 5626/5626
f 5628/5628 5629/5629 5627/5627
f 5629/5629 5631/5631 5630/5630
f 5461/5461 5460/5460 5189/5189
f 5189/5189 5460/5460 3940/3940
f 3940/3940 3938/3938 3941/3941
f 3938/3938 3935/3935 4072/4072
f 3935/3935 3934/3934 3933/3933
f 3934/3934 4074/4074 3932/3932
f 3932/3932 4075/4075 4100/4100
f 4100/4100 4095/4095 4116/4116
f 4095/4095 4118/4118 4116/4116
f 4176/4176 4129/4129 4122/4122
f 4129/4129 5118/5118 4130/4130
f 5118/5118 4134/4134 4130/4130
f 5406/5406 4157/4157 4133/4133
f 393/393 420/420 419/419
f 3108/3108 3113/3113 3100/3100
f 3113/3113 3116/3116 3103/3103
f 3143/3143 3126/3126 3112/3112
f 451/451 487/487 453/453
f 237/237 235/235 65/65
f 2710/2710 2711/2711 2708/2708
f 6062/6062 6061/6061 6059/6059
f 5236/5236 5235/5235 5241/5241
f 5233/5233 5222/5222 5319/5319
f 5212/5212 5211/5211 5209/5209
f 5672/5672 5668/5668 5673/5673
f 5194/5194 4483/4483 4488/4488
f 4483/4483 4484/4484 4480/4480
f 4484/4484 4482/4482 4480/4480
f 5191/5191 4485/4485 4482/4482
f 5650/5650 5648/5648 5653/5653
f 5648/5648 5613/5613 5653/5653
f 5507/5507 4443/4443 4441/4441
f 4443/4443 4440/4440 4441/4441
f 4442/4442 4440/4440 4443/4443
f 5615/5615 5618/5618 5619/5619
f 5500/5500 5503/5503 5502/5502
f 5500/5500 5502/5502 5501/5501
f 5642/5642 5641/5641 5643/5643
f 5642/5642 5628/5628 5641/5641
f 5636/5636 5631/5631 5629/5629
f 5636/5636 5638/5638 5637/5637
f 5636/5636 5637/5637 5631/5631
f 3958/3958 3939/3939 5460/5460
f 5460/5460 3939/3939 3940/3940
f 3939/3939 3938/3938 3940/3940
f 3937/3937 3936/3936 3935/3935
f 3935/3935 3936/3936 3934/3934
f 3936/3936 4074/4074 3934/3934
f 4095/4095 5054/5054 4118/4118
f 4177/4177 5118/5118 4129/4129
f 4134/4134 5406/5406 4133/4133
f 3133/3133 3134/3134 3109/3109
f 3134/3134 3123/3123 3109/3109
f 3116/3116 3117/3117 3097/3097
f 404/404 377/377 405/405
f 3097/3097 3117/3117 3106/3106
f 3115/3115 3105/3105 3106/3106
f 3143/3143 3144/3144 3126/3126
f 2655/2655 2654/2654 2652/2652
f 2654/2654 2653/2653 2652/2652
f 2654/2654 2687/2687 2653/2653
f 1742/1742 1740/1740 1743/1743
f 229/229 241/241 228/228
f 239/239 241/241 229/229
f 246/246 242/242 234/234
f 237/237 246/246 235/235
f 246/246 234/234 235/235
f 249/249 237/237 238/238
f 5239/5239 5236/5236 5393/5393
f 5236/5236 5234/5234 5235/5235
f 5234/5234 5233/5233 5235/5235
f 5232/5232 5222/5222 5233/5233
f 5222/5222 5213/5213 5209/5209
f 5213/5213 5212/5212 5209/5209
f 5671/5671 5668/5668 5672/5672
f 5434/5434 5433/5433 4487/4487
f 5194/5194 5301/5301 4483/4483
f 5301/5301 4484/4484 4483/4483
f 4484/4484 5198/5198 5191/5191
f 4484/4484 5191/5191 4482/4482
f 5191/5191 5192/5192 4485/4485
f 5192/5192 5193/5193 4485/4485
f 5613/5613 5614/5614 5615/5615
f 5615/5615 5617/5617 5618/5618
f 4059/4059 5500/5500 5501/5501
f 5644/5644 5642/5642 5643/5643
f 5482/5482 5313/5313 5315/5315
f 5646/5646 5636/5636 5629/5629
f 5646/5646 5639/5639 5636/5636
f 5636/5636 5639/5639 5638/5638
f 3939/3939 3937/3937 3938/3938
f 3937/3937 3935/3935 3938/3938
f 4075/4075 4076/4076 4100/4100
f 5058/5058 5118/5118 4177/4177
f 3108/3108 3130/3130 3113/3113
f 3132/3132 3116/3116 3113/3113
f 3115/3115 3114/3114 3105/3105
f 3107/3107 3143/3143 3112/3112
f 244/244 257/257 243/243
f 232/232 248/248 244/244
f 230/230 240/240 231/231
f 1740/1740 1741/1741 1743/1743
f 240/240 230/230 228/228
f 2901/2901 2898/2898 2891/2891
f 249/249 238/238 264/264
f 5238/5238 5236/5236 5239/5239
f 5238/5238 5237/5237 5236/5236
f 5234/5234 5232/5232 5233/5233
f 5232/5232 5213/5213 5222/5222
f 5215/5215 5214/5214 5213/5213
f 5213/5213 5214/5214 5212/5212
f 5670/5670 5668/5668 5671/5671
f 3476/3476 3475/3475 3474/3474
f 3475/3475 3477/3477 3473/3473
f 5649/5649 5612/5612 5648/5648
f 5612/5612 5613/5613 5648/5648
f 5611/5611 5614/5614 5613/5613
f 5614/5614 5616/5616 5615/5615
f 5615/5615 5616/5616 5617/5617
f 4059/4059 5499/5499 5500/5500
f 5644/5644 5645/5645 5642/5642
f 5309/5309 5313/5313 5482/5482
f 5309/5309 5311/5311 5313/5313
f 4068/4068 3962/3962 4069/4069
f 3962/3962 3957/3957 4069/4069
f 3957/3957 3939/3939 3958/3958
f 3957/3957 3956/3956 3939/3939
f 3956/3956 3937/3937 3939/3939
f 3937/3937 4070/4070 3936/3936
f 5805/5805 5804/5804 5806/5806
f 4074/4074 4076/4076 4075/4075
f 4076/4076 4095/4095 4100/4100
f 5564/5564 5559/5559 5562/5562
f 5559/5559 5561/5561 5562/5562
f 5559/5559 5560/5560 5561/5561
f 4178/4178 4177/4177 4176/4176
f 5058/5058 5063/5063 5118/5118
f 5566/5566 5567/5567 5568/5568
f 5566/5566 5569/5569 5567/5567
f 1961/1961 1957/1957 1958/1958
f 462/462 419/419 463/463
f 3134/3134 3142/3142 3123/3123
f 3117/3117 3115/3115 3106/3106
f 3114/3114 3107/3107 3105/3105
f 248/248 257/257 244/244
f 232/232 247/247 248/248
f 245/245 247/247 232/232
f 245/245 232/232 231/231
f 246/246 239/239 242/242
f 249/249 250/250 237/237
f 250/250 246/246 237/237
f 5215/5215 5213/5213 5232/5232
f 5669/5669 5668/5668 5670/5670
f 5669/5669 5666/5666 5668/5668
f 5666/5666 5664/5664 5667/5667
f 5666/5666 5667/5667 5668/5668
f 5506/5506 5480/5480 5433/5433
f 5480/5480 5301/5301 5433/5433
f 5480/5480 5202/5202 5301/5301
f 5202/5202 4484/4484 5301/5301
f 3745/3745 3746/3746 3747/3747
f 5651/5651 5612/5612 5649/5649
f 5612/5612 5611/5611 5613/5613
f 4056/4056 4058/4058 5067/5067
f 5171/5171 4052/4052 4059/4059
f 5312/5312 5309/5309 5482/5482
f 5310/5310 5311/5311 5309/5309
f 5310/5310 5395/5395 5311/5311
f 5682/5682 5639/5639 5646/5646
f 5395/5395 3966/3966 4068/4068
f 3966/3966 3962/3962 4068/4068
f 3961/3961 3957/3957 3962/3962
f 3961/3961 3960/3960 3957/3957
f 3960/3960 3956/3956 3957/3957
f 3960/3960 4071/4071 3956/3956
f 5842/5842 5843/5843 5844/5844
f 4076/4076 4078/4078 4095/4095
f 4078/4078 4092/4092 4095/4095
f 4092/4092 4101/4101 4095/4095
f 4095/4095 4101/4101 5054/5054
f 5563/5563 5560/5560 5559/5559
f 3139/3139 3136/3136 3137/3137
f 3137/3137 3136/3136 3135/3135
f 1573/1573 1574/1574 1575/1575
f 3142/3142 3130/3130 3123/3123
f 3122/3122 3143/3143 3107/3107
f 240/240 245/245 231/231
f 241/241 240/240 228/228
f 829/829 759/759 791/791
f 253/253 251/251 239/239
f 251/251 241/241 239/239
f 246/246 253/253 239/239
f 5240/5240 5237/5237 5238/5238
f 5240/5240 5242/5242 5237/5237
f 5242/5242 5232/5232 5234/5234
f 5306/5306 5215/5215 5232/5232
f 5217/5217 5216/5216 5215/5215
f 5215/5215 5216/5216 5214/5214
f 5337/5337 5202/5202 5480/5480
f 5202/5202 5199/5199 4484/4484
f 5199/5199 5198/5198 4484/4484
f 5200/5200 5204/5204 5198/5198
f 5655/5655 5654/5654 5649/5649
f 5376/5376 5375/5375 5377/5377
f 5610/5610 5611/5611 5612/5612
f 4056/4056 4053/4053 4058/4058
f 4053/4053 4052/4052 4058/4058
f 4061/4061 5498/5498 4059/4059
f 5312/5312 5498/5498 4047/4047
f 5312/5312 5308/5308 5309/5309
f 4060/4060 5310/5310 5309/5309
f 4060/4060 5395/5395 5310/5310
f 3968/3968 3966/3966 5395/5395
f 3967/3967 3964/3964 3966/3966
f 3964/3964 3963/3963 3962/3962
f 3964/3964 3962/3962 3966/3966
f 3963/3963 3961/3961 3962/3962
f 5949/5949 5950/5950 5947/5947
f 3997/3997 3999/3999 4071/4071
f 3999/3999 4000/4000 4070/4070
f 4000/4000 4004/4004 4070/4070
f 5802/5802 5804/5804 5805/5805
f 5802/5802 5803/5803 5804/5804
f 4074/4074 4077/4077 4076/4076
f 4077/4077 4078/4078 4076/4076
f 5057/5057 5058/5058 4177/4177
f 5057/5057 5059/5059 5058/5058
f 5059/5059 5063/5063 5058/5058
f 3141/3141 3139/3139 3137/3137
f 3140/3140 3133/3133 3136/3136
f 3140/3140 3134/3134 3133/3133
f 1578/1578 1566/1566 1556/1556
f 3130/3130 3147/3147 3132/3132
f 407/407 418/418 440/440
f 3132/3132 3131/3131 3116/3116
f 3131/3131 3115/3115 3117/3117
f 3127/3127 3128/3128 3114/3114
f 3114/3114 3128/3128 3122/3122
f 3146/3146 3143/3143 3122/3122
f 2656/2656 2654/2654 2655/2655
f 2657/2657 2687/2687 2654/2654
f 452/452 453/453 551/551
f 259/259 258/258 248/248
f 258/258 257/257 248/248
f 1740/1740 1739/1739 1741/1741
f 2907/2907 2906/2906 2902/2902
f 252/252 240/240 241/241
f 265/265 272/272 249/249
f 5306/5306 5221/5221 5215/5215
f 5221/5221 5217/5217 5215/5215
f 5217/5217 5218/5218 5216/5216
f 5666/5666 5663/5663 5664/5664
f 5660/5660 5665/5665 5664/5664
f 5203/5203 5199/5199 5202/5202
f 5204/5204 5375/5375 5376/5376
f 4054/4054 4051/4051 4053/4053
f 4051/4051 4048/4048 4052/4052
f 4051/4051 4052/4052 4053/4053
f 4048/4048 4061/4061 4059/4059
f 4048/4048 4059/4059 4052/4052
f 4047/4047 5308/5308 5312/5312
f 4047/4047 4060/4060 5308/5308
f 4060/4060 3970/3970 5395/5395
f 5947/5947 5948/5948 5949/5949
f 3999/3999 3998/3998 4000/4000
f 4000/4000 4003/4003 4004/4004
f 4079/4079 4078/4078 4077/4077
f 5559/5559 5565/5565 5563/5563
f 3151/3151 3131/3131 3132/3132
f 418/418 441/441 440/440
f 3131/3131 3127/3127 3115/3115
f 2656/2656 2657/2657 2654/2654
f 1790/1790 1738/1738 1740/1740
f 1738/1738 1739/1739 1740/1740
f 254/254 245/245 240/240
f 251/251 252/252 241/241
f 263/263 253/253 246/246
f 250/250 263/263 246/246
f 267/267 250/250 249/249
f 272/272 267/267 249/249
f 265/265 275/275 272/272
f 5240/5240 5243/5243 5242/5242
f 5243/5243 5244/5244 5242/5242
f 6105/6105 6106/6106 6107/6107
f 5221/5221 5219/5219 5217/5217
f 5219/5219 5218/5218 5217/5217
f 5218/5218 5223/5223 5216/5216
f 5676/5676 5666/5666 5669/5669
f 5676/5676 5663/5663 5666/5666
f 5663/5663 5660/5660 5664/5664
f 5203/5203 5201/5201 5199/5199
f 5199/5199 5201/5201 5200/5200
f 5201/5201 5374/5374 5204/5204
f 5201/5201 5204/5204 5200/5200
f 5204/5204 5374/5374 5375/5375
f 5609/5609 5604/5604 5610/5610
f 5610/5610 5604/5604 5611/5611
f 5126/5126 4057/4057 5067/5067
f 5067/5067 4057/4057 4056/4056
f 4057/4057 4054/4054 4056/4056
f 4057/4057 4055/4055 4054/4054
f 4055/4055 4051/4051 4054/4054
f 4051/4051 4050/4050 4048/4048
f 4048/4048 4047/4047 4061/4061
f 4047/4047 4044/4044 4060/4060
f 4044/4044 3970/3970 4060/4060
f 3969/3969 3967/3967 3968/3968
f 3969/3969 5316/5316 3967/3967
f 3967/3967 5316/5316 3964/3964
f 5316/5316 3965/3965 3964/3964
f 3964/3964 3965/3965 3963/3963
f 3963/3963 3965/3965 3961/3961
f 3965/3965 5330/5330 3961/3961
f 5951/5951 5952/5952 5953/5953
f 5952/5952 5954/5954 5953/5953
f 3996/3996 3997/3997 4067/4067
f 3997/3997 3998/3998 3999/3999
f 3998/3998 4001/4001 4000/4000
f 3706/3706 3707/3707 3708/3708
f 5807/5807 5799/5799 5802/5802
f 5799/5799 5801/5801 5802/5802
f 5801/5801 5803/5803 5802/5802
f 4091/4091 4092/4092 4078/4078
f 4096/4096 4101/4101 4092/4092
f 4096/4096 5053/5053 4101/4101
f 5053/5053 5057/5057 4177/4177
f 5053/5053 4177/4177 4178/4178
f 5060/5060 5059/5059 5057/5057
f 1575/1575 1551/1551 1576/1576
f 3129/3129 3146/3146 3122/3122
f 1790/1790 1787/1787 1738/1738
f 259/259 271/271 258/258
f 254/254 259/259 247/247
f 245/245 254/254 247/247
f 261/261 254/254 240/240
f 252/252 260/260 240/240
f 260/260 261/261 240/240
f 253/253 266/266 251/251
f 267/267 268/268 250/250
f 5221/5221 5220/5220 5219/5219
f 5220/5220 5218/5218 5219/5219
f 5220/5220 5223/5223 5218/5218
f 5659/5659 5656/5656 5660/5660
f 5485/5485 4050/4050 4051/4051
f 4050/4050 4049/4049 4048/4048
f 4049/4049 4046/4046 4048/4048
f 4048/4048 4046/4046 4047/4047
f 4046/4046 4044/4044 4047/4047
f 4044/4044 3971/3971 3970/3970
f 3971/3971 3969/3969 3970/3970
f 3970/3970 3969/3969 3968/3968
f 3996/3996 3995/3995 3997/3997
f 3995/3995 4002/4002 3998/3998
f 3995/3995 3998/3998 3997/3997
f 4089/4089 4079/4079 4077/4077
f 4079/4079 4080/4080 4078/4078
f 4090/4090 4091/4091 4078/4078
f 5053/5053 5254/5254 5057/5057
f 5254/5254 5060/5060 5057/5057
f 3149/3149 3140/3140 3141/3141
f 3153/3153 3154/3154 3134/3134
f 3154/3154 3156/3156 3134/3134
f 1568/1568 1556/1556 1548/1548
f 2686/2686 2658/2658 2694/2694
f 414/414 442/442 447/447
f 2658/2658 2657/2657 2656/2656
f 273/273 271/271 259/259
f 254/254 273/273 259/259
f 1738/1738 1737/1737 1739/1739
f 251/251 270/270 252/252
f 756/756 755/755 780/780
f 263/263 266/266 253/253
f 268/268 263/263 250/250
f 1704/1704 1692/1692 1711/1711
f 6103/6103 6104/6104 6105/6105
f 6105/6105 6104/6104 6106/6106
f 6104/6104 6108/6108 6106/6106
f 5272/5272 5220/5220 5221/5221
f 5220/5220 5224/5224 5223/5223
f 5224/5224 5228/5228 5223/5223
f 5676/5676 5661/5661 5663/5663
f 5661/5661 5660/5660 5663/5663
f 5661/5661 5659/5659 5660/5660
f 5658/5658 5659/5659 5661/5661
f 5659/5659 5658/5658 5656/5656
f 5658/5658 5657/5657 5656/5656
f 5657/5657 5605/5605 5656/5656
f 5605/5605 5609/5609 5656/5656
f 5605/5605 5604/5604 5609/5609
f 5601/5601 5602/5602 5603/5603
f 5601/5601 5603/5603 5604/5604
f 5165/5165 5164/5164 4057/4057
f 5164/5164 4055/4055 4057/4057
f 5164/5164 5485/5485 4055/4055
f 5485/5485 4049/4049 4050/4050
f 4062/4062 4046/4046 4049/4049
f 4046/4046 4045/4045 4044/4044
f 4045/4045 3971/3971 4044/4044
f 3971/3971 3972/3972 3969/3969
f 3972/3972 4065/4065 5316/5316
f 3972/3972 5316/5316 3969/3969
f 6355/6355 6356/6356 6357/6357
f 6359/6359 6360/6360 6356/6356
f 5330/5330 3993/3993 3996/3996
f 3993/3993 3995/3995 3996/3996
f 4002/4002 4001/4001 3998/3998
f 5808/5808 5799/5799 5807/5807
f 5799/5799 5800/5800 5801/5801
f 4086/4086 4083/4083 4089/4089
f 4083/4083 4079/4079 4089/4089
f 4093/4093 4094/4094 4092/4092
f 4093/4093 4092/4092 4091/4091
f 4096/4096 5254/5254 5053/5053
f 1566/1566 1567/1567 1550/1550
f 3152/3152 3151/3151 3132/3132
f 2659/2659 2657/2657 2658/2658
f 261/261 262/262 254/254
f 828/828 759/759 829/829
f 270/270 269/269 252/252
f 1702/1702 1694/1694 1713/1713
f 266/266 269/269 251/251
f 269/269 270/270 251/251
f 1692/1692 1703/1703 1711/1711
f 1689/1689 1704/1704 1705/1705
f 1710/1710 1690/1690 1705/1705
f 1690/1690 1689/1689 1705/1705
f 5227/5227 5220/5220 5272/5272
f 5224/5224 5231/5231 5228/5228
f 5466/5466 5486/5486 5475/5475
f 5605/5605 5601/5601 5604/5604
f 4063/4063 4049/4049 5485/5485
f 3972/3972 3974/3974 4065/4065
f 6355/6355 6358/6358 6356/6356
f 6358/6358 6359/6359 6356/6356
f 3991/3991 3992/3992 3993/3993
f 3993/3993 3994/3994 3995/3995
f 3994/3994 4181/4181 3995/3995
f 4181/4181 5014/5014 4002/4002
f 4083/4083 4086/4086 4085/4085
f 4090/4090 4098/4098 4091/4091
f 4098/4098 4093/4093 4091/4091
f 4094/4094 4096/4096 4092/4092
f 3155/3155 3153/3153 3140/3140
f 1548/1548 1556/1556 1538/1538
f 3160/3160 3152/3152 3147/3147
f 1567/1567 1564/1564 1550/1550
f 3157/3157 3150/3150 3127/3127
f 1562/1562 1563/1563 1544/1544
f 1563/1563 1554/1554 1549/1549
f 2688/2688 2686/2686 2694/2694
f 1554/1554 1557/1557 1552/1552
f 2660/2660 2659/2659 2658/2658
f 2695/2695 2657/2657 2659/2659
f 274/274 271/271 273/273
f 262/262 274/274 254/254
f 1787/1787 1733/1733 1738/1738
f 1738/1738 1733/1733 1737/1737
f 775/775 747/747 759/759
f 1689/1689 1692/1692 1704/1704
f 1709/1709 1690/1690 1710/1710
f 5227/5227 5226/5226 5220/5220
f 5226/5226 5225/5225 5220/5220
f 5229/5229 5225/5225 5226/5226
f 5231/5231 5436/5436 5228/5228
f 5436/5436 5437/5437 5228/5228
f 5661/5661 5662/5662 5658/5658
f 5437/5437 5466/5466 5475/5475
f 5486/5486 5472/5472 5487/5487
f 5606/5606 5607/5607 5601/5601
f 5606/5606 5601/5601 5605/5605
f 5601/5601 5597/5597 5602/5602
f 5602/5602 5597/5597 5608/5608
f 5597/5597 5596/5596 5685/5685
f 5597/5597 5685/5685 5608/5608
f 4063/4063 4064/4064 4062/4062
f 5934/5934 5933/5933 5932/5932
f 3973/3973 3972/3972 3971/3971
f 6361/6361 6358/6358 6355/6355
f 3990/3990 3988/3988 3991/3991
f 3994/3994 5014/5014 4181/4181
f 5798/5798 5796/5796 5799/5799
f 5413/5413 5414/5414 4002/4002
f 5795/5795 5796/5796 5798/5798
f 5796/5796 5800/5800 5799/5799
f 4083/4083 4082/4082 4079/4079
f 4082/4082 4081/4081 4079/4079
f 4081/4081 4087/4087 4080/4080
f 4087/4087 5159/5159 4080/4080
f 5159/5159 4090/4090 4080/4080
f 5159/5159 4098/4098 4090/4090
f 4099/4099 4096/4096 4094/4094
f 4096/4096 4099/4099 5254/5254
f 5254/5254 5062/5062 5060/5060
f 1548/1548 1538/1538 1537/1537
f 3150/3150 3170/3170 3129/3129
f 2692/2692 2688/2688 2694/2694
f 2688/2688 2660/2660 2686/2686
f 1565/1565 1597/1597 1561/1561
f 1707/1707 1708/1708 1717/1717
f 1787/1787 1788/1788 1733/1733
f 1714/1714 1691/1691 1706/1706
f 1733/1733 1734/1734 1737/1737
f 1712/1712 1691/1691 1714/1714
f 1713/1713 1694/1694 1712/1712
f 1690/1690 1676/1676 1689/1689
f 1676/1676 1677/1677 1689/1689
f 5226/5226 5230/5230 5229/5229
f 5231/5231 5229/5229 5230/5230
f 5437/5437 5465/5465 5466/5466
f 5466/5466 5472/5472 5486/5486
f 5607/5607 5594/5594 5601/5601
f 5601/5601 5594/5594 5597/5597
f 5593/5593 5596/5596 5597/5597
f 4037/4037 4040/4040 5485/5485
f 5944/5944 5945/5945 5946/5946
f 5944/5944 5939/5939 5945/5945
f 4066/4066 4064/4064 4063/4063
f 5934/5934 5937/5937 5933/5933
f 4022/4022 3977/3977 3973/3973
f 3977/3977 3976/3976 3973/3973
f 3976/3976 3975/3975 3973/3973
f 4043/4043 3975/3975 3976/3976
f 6358/6358 6361/6361 6362/6362
f 3989/3989 3988/3988 3990/3990
f 3988/3988 3992/3992 3991/3991
f 4005/4005 3992/3992 3988/3988
f 4005/4005 5328/5328 3994/3994
f 5328/5328 5014/5014 3994/3994
f 5328/5328 5416/5416 5014/5014
f 5416/5416 5413/5413 5014/5014
f 4084/4084 4082/4082 4083/4083
f 4084/4084 4083/4083 4085/4085
f 4082/4082 4087/4087 4081/4081
f 4098/4098 4097/4097 4093/4093
f 4097/4097 4094/4094 4093/4093
f 4097/4097 4099/4099 4094/4094
f 4099/4099 5163/5163 5254/5254
f 3155/3155 3158/3158 3153/3153
f 1572/1572 1521/1521 1571/1571
f 1521/1521 1542/1542 1522/1522
f 1542/1542 1541/1541 1522/1522
f 1541/1541 1548/1548 1537/1537
f 1550/1550 1543/1543 1530/1530
f 3166/3166 3170/3170 3150/3150
f 1562/1562 1544/1544 1543/1543
f 1557/1557 1565/1565 1561/1561
f 2661/2661 2660/2660 2688/2688
f 2661/2661 2659/2659 2660/2660
f 1594/1594 1596/1596 1719/1719
f 1702/1702 1684/1684 1694/1694
f 1703/1703 1685/1685 1702/1702
f 1689/1689 1677/1677 1692/1692
f 1688/1688 1690/1690 1709/1709
f 1688/1688 1676/1676 1690/1690
f 5231/5231 5437/5437 5436/5436
f 5446/5446 5437/5437 5231/5231
f 5465/5465 5472/5472 5466/5466
f 5683/5683 5607/5607 5606/5606
f 5594/5594 5593/5593 5597/5597
f 5593/5593 5595/5595 5596/5596
f 4037/4037 4035/4035 4040/4040
f 5939/5939 5938/5938 5934/5934
f 5938/5938 5937/5937 5934/5934
f 5940/5940 5937/5937 5938/5938
f 4021/4021 3977/3977 4022/4022
f 4043/4043 3976/3976 3978/3978
f 4043/4043 3986/3986 3989/3989
f 3989/3989 3986/3986 3988/3988
f 3986/3986 3987/3987 3988/3988
f 3987/3987 4005/4005 3988/3988
f 5811/5811 5812/5812 5813/5813
f 5794/5794 5791/5791 5795/5795
f 5795/5795 5791/5791 5796/5796
f 4088/4088 4082/4082 4084/4084
f 4082/4082 5331/5331 4087/4087
f 4087/4087 5331/5331 5159/5159
f 5331/5331 4098/4098 5159/5159
f 5018/5018 4097/4097 4098/4098
f 5162/5162 5163/5163 4099/4099
f 1541/1541 1537/1537 1523/1523
f 1538/1538 1550/1550 1536/1536
f 1540/1540 1554/1554 1539/1539
f 1595/1595 1596/1596 1594/1594
f 1707/1707 1701/1701 1708/1708
f 1701/1701 1707/1707 1706/1706
f 1691/1691 1693/1693 1706/1706
f 1734/1734 1733/1733 1732/1732
f 1694/1694 1691/1691 1712/1712
f 1685/1685 1684/1684 1702/1702
f 1685/1685 1703/1703 1692/1692
f 1686/1686 1685/1685 1692/1692
f 1677/1677 1671/1671 1692/1692
f 1671/1671 1686/1686 1692/1692
f 5445/5445 5446/5446 5231/5231
f 5445/5445 5231/5231 5230/5230
f 5446/5446 5450/5450 5437/5437
f 5606/5606 5684/5684 5683/5683
f 5492/5492 5493/5493 5491/5491
f 4041/4041 4036/4036 4037/4037
f 4036/4036 4035/4035 4037/4037
f 5944/5944 5938/5938 5939/5939
f 3978/3978 3981/3981 4043/4043
f 3987/3987 5291/5291 4005/4005
f 5814/5814 5811/5811 5813/5813
f 5175/5175 5174/5174 5328/5328
f 5793/5793 5791/5791 5794/5794
f 5020/5020 4098/4098 5331/5331
f 5020/5020 5018/5018 4098/4098
f 5018/5018 5019/5019 4097/4097
f 1962/1962 1970/1970 1946/1946
f 1571/1571 1521/1521 1520/1520
f 1537/1537 1538/1538 1524/1524
f 1538/1538 1536/1536 1524/1524
f 819/819 809/809 824/824
f 1543/1543 1529/1529 1530/1530
f 1543/1543 1544/1544 1529/1529
f 1544/1544 1549/1549 1528/1528
f 1528/1528 1549/1549 1540/1540
f 2691/2691 2664/2664 2661/2661
f 1552/1552 1561/1561 1553/1553
f 1687/1687 1694/1694 1684/1684
f 1687/1687 1691/1691 1694/1694
f 1671/1671 1685/1685 1686/1686
f 1659/1659 1665/1665 1676/1676
f 1665/1665 1677/1677 1676/1676
f 1688/1688 1659/1659 1676/1676
f 1924/1924 1939/1939 1922/1922
f 5445/5445 5450/5450 5446/5446
f 5467/5467 5468/5468 5472/5472
f 5495/5495 5468/5468 5479/5479
f 5468/5468 5478/5478 5479/5479
f 5474/5474 5492/5492 5491/5491
f 4041/4041 4033/4033 4036/4036
f 4035/4035 4030/4030 4040/4040
f 4030/4030 4028/4028 4040/4040
f 5942/5942 5938/5938 5944/5944
f 5942/5942 5941/5941 5938/5938
f 5938/5938 5941/5941 5940/5940
f 4023/4023 3980/3980 4021/4021
f 4021/4021 3980/3980 3977/3977
f 3980/3980 3979/3979 3977/3977
f 3977/3977 3979/3979 3978/3978
f 3979/3979 3981/3981 3978/3978
f 3981/3981 3983/3983 4043/4043
f 3983/3983 3986/3986 4043/4043
f 3983/3983 3985/3985 3986/3986
f 3986/3986 3985/3985 3987/3987
f 3987/3987 3985/3985 5291/5291
f 3985/3985 5175/5175 5291/5291
f 5175/5175 4017/4017 5174/5174
f 5789/5789 5792/5792 5790/5790
f 5789/5789 5790/5790 5791/5791
f 4088/4088 5444/5444 4082/4082
f 4082/4082 5444/5444 5331/5331
f 5444/5444 5020/5020 5331/5331
f 5020/5020 5019/5019 5018/5018
f 5019/5019 5162/5162 4097/4097
f 812/812 802/802 822/822
f 1521/1521 1522/1522 1496/1496
f 1496/1496 1522/1522 1510/1510
f 1522/1522 1523/1523 1510/1510
f 3168/3168 3159/3159 3167/3167
f 1537/1537 1524/1524 1523/1523
f 1529/1529 1544/1544 1528/1528
f 2663/2663 2661/2661 2664/2664
f 2663/2663 2689/2689 2659/2659
f 2663/2663 2659/2659 2661/2661
f 1788/1788 1793/1793 1733/1733
f 1700/1700 1708/1708 1701/1701
f 1793/1793 1726/1726 1733/1733
f 1733/1733 1726/1726 1732/1732
f 1674/1674 1693/1693 1691/1691
f 1732/1732 1726/1726 1731/1731
f 1687/1687 1674/1674 1691/1691
f 1679/1679 1687/1687 1684/1684
f 1685/1685 1672/1672 1684/1684
f 1661/1661 1679/1679 1684/1684
f 772/772 771/771 746/746
f 772/772 746/746 747/747
f 1672/1672 1661/1661 1684/1684
f 1677/1677 1665/1665 1671/1671
f 5481/5481 5450/5450 5445/5445
f 5450/5450 5468/5468 5467/5467
f 5469/5469 5468/5468 5450/5450
f 5469/5469 5478/5478 5468/5468
f 5474/5474 5478/5478 5469/5469
f 5591/5591 5592/5592 5589/5589
f 5593/5593 5591/5591 5595/5595
f 4038/4038 4033/4033 4041/4041
f 4033/4033 4030/4030 4035/4035
f 3979/3979 3982/3982 3981/3981
f 3982/3982 3983/3983 3981/3981
f 3985/3985 3984/3984 5175/5175
f 3984/3984 4017/4017 5175/5175
f 4017/4017 4015/4015 5174/5174
f 5793/5793 5789/5789 5791/5791
f 5797/5797 5792/5792 5809/5809
f 5797/5797 5810/5810 5790/5790
f 5020/5020 5021/5021 5019/5019
f 5021/5021 5022/5022 5019/5019
f 1496/1496 1510/1510 1509/1509
f 1520/1520 1521/1521 1496/1496
f 1524/1524 1536/1536 1512/1512
f 1536/1536 1531/1531 1512/1512
f 809/809 820/820 824/824
f 1530/1530 1529/1529 1519/1519
f 825/825 826/826 821/821
f 1528/1528 1540/1540 1526/1526
f 1540/1540 1535/1535 1526/1526
f 1539/1539 1552/1552 1527/1527
f 1552/1552 1553/1553 1527/1527
f 2684/2684 2689/2689 2663/2663
f 1693/1693 1699/1699 1701/1701
f 1674/1674 1675/1675 1693/1693
f 1673/1673 1674/1674 1687/1687
f 771/771 737/737 746/746
f 1671/1671 1672/1672 1685/1685
f 1665/1665 1658/1658 1671/1671
f 1659/1659 1645/1645 1665/1665
f 1666/1666 1639/1639 1659/1659
f 5481/5481 5470/5470 5450/5450
f 5470/5470 5469/5469 5450/5450
f 5469/5469 5473/5473 5474/5474
f 5587/5587 5588/5588 5589/5589
f 5588/5588 5591/5591 5589/5589
f 4038/4038 4032/4032 4033/4033
f 4032/4032 4030/4030 4033/4033
f 4030/4030 4029/4029 4028/4028
f 4029/4029 4027/4027 4028/4028
f 4028/4028 4027/4027 4023/4023
f 3980/3980 5451/5451 3979/3979
f 5451/5451 4019/4019 3979/3979
f 4019/4019 3982/3982 3979/3979
f 3983/3983 3984/3984 3985/3985
f 3700/3700 3701/3701 3702/3702
f 5444/5444 5021/5021 5020/5020
f 1555/1555 1503/1503 1534/1534
f 1520/1520 1496/1496 1503/1503
f 1510/1510 1523/1523 1508/1508
f 1510/1510 1508/1508 1509/1509
f 1524/1524 1512/1512 1508/1508
f 803/803 810/810 817/817
f 1531/1531 1530/1530 1517/1517
f 1530/1530 1519/1519 1517/1517
f 2666/2666 2665/2665 2664/2664
f 2665/2665 2663/2663 2664/2664
f 2665/2665 2684/2684 2663/2663
f 1593/1593 1594/1594 1592/1592
f 1793/1793 1725/1725 1726/1726
f 1726/1726 1724/1724 1731/1731
f 1679/1679 1673/1673 1687/1687
f 771/771 751/751 737/737
f 1657/1657 1661/1661 1672/1672
f 1671/1671 1657/1657 1672/1672
f 1658/1658 1657/1657 1671/1671
f 1645/1645 1658/1658 1665/1665
f 1639/1639 1645/1645 1659/1659
f 5470/5470 5471/5471 5469/5469
f 5471/5471 5473/5473 5469/5469
f 5598/5598 5588/5588 5590/5590
f 4039/4039 4032/4032 4038/4038
f 4032/4032 4031/4031 4030/4030
f 4030/4030 4031/4031 4029/4029
f 4042/4042 4029/4029 4031/4031
f 4042/4042 4027/4027 4029/4029
f 4023/4023 4024/4024 3980/3980
f 4024/4024 4025/4025 3980/3980
f 4007/4007 4019/4019 5451/5451
f 4019/4019 4007/4007 3982/3982
f 3982/3982 3984/3984 3983/3983
f 4008/4008 4017/4017 3984/3984
f 4008/4008 4010/4010 4017/4017
f 4010/4010 4015/4015 4017/4017
f 4010/4010 4013/4013 4015/4015
f 4015/4015 4013/4013 4016/4016
f 4013/4013 4014/4014 4016/4016
f 4016/4016 4014/4014 5444/5444
f 5858/5858 5859/5859 5860/5860
f 714/714 692/692 793/793
f 1503/1503 1489/1489 1534/1534
f 1517/1517 1519/1519 1501/1501
f 1529/1529 1518/1518 1519/1519
f 1529/1529 1528/1528 1518/1518
f 1528/1528 1526/1526 1518/1518
f 1526/1526 1513/1513 1511/1511
f 1526/1526 1535/1535 1513/1513
f 1553/1553 1591/1591 1527/1527
f 1699/1699 1698/1698 1700/1700
f 1675/1675 1678/1678 1695/1695
f 1725/1725 1724/1724 1726/1726
f 1674/1674 1669/1669 1675/1675
f 1669/1669 1678/1678 1675/1675
f 1661/1661 1667/1667 1679/1679
f 770/770 752/752 751/751
f 1658/1658 1644/1644 1657/1657
f 1645/1645 1644/1644 1658/1658
f 722/722 648/648 646/646
f 1666/1666 1643/1643 1639/1639
f 5471/5471 5476/5476 5473/5473
f 4027/4027 4024/4024 4023/4023
f 4007/4007 4006/4006 3982/3982
f 4006/4006 4008/4008 3984/3984
f 4006/4006 3984/3984 3982/3982
f 4009/4009 4010/4010 4008/4008
f 4012/4012 4013/4013 4010/4010
f 678/678 692/692 714/714
f 692/692 675/675 711/711
f 1948/1948 1950/1950 1949/1949
f 1534/1534 1489/1489 1532/1532
f 693/693 700/700 715/715
f 1495/1495 1496/1496 1477/1477
f 1489/1489 1503/1503 1495/1495
f 1503/1503 1496/1496 1495/1495
f 1509/1509 1494/1494 1496/1496
f 1509/1509 1508/1508 1494/1494
f 1494/1494 1508/1508 1486/1486
f 1508/1508 1512/1512 1486/1486
f 1512/1512 1504/1504 1486/1486
f 1512/1512 1517/1517 1504/1504
f 1517/1517 1501/1501 1500/1500
f 798/798 814/814 821/821
f 814/814 825/825 821/821
f 1518/1518 1526/1526 1511/1511
f 1535/1535 1527/1527 1513/1513
f 2665/2665 2666/2666 2667/2667
f 1591/1591 1592/1592 1590/1590
f 2665/2665 2685/2685 2684/2684
f 1695/1695 1698/1698 1699/1699
f 1725/1725 1720/1720 1724/1724
f 1724/1724 1720/1720 1722/1722
f 1667/1667 1673/1673 1679/1679
f 1673/1673 1668/1668 1674/1674
f 1668/1668 1669/1669 1674/1674
f 1654/1654 1667/1667 1661/1661
f 1657/1657 1653/1653 1661/1661
f 751/751 727/727 737/737
f 1639/1639 1640/1640 1645/1645
f 1643/1643 1638/1638 1639/1639
f 5600/5600 5599/5599 5590/5590
f 4034/4034 4042/4042 4031/4031
f 4042/4042 4024/4024 4027/4027
f 4018/4018 4006/4006 4007/4007
f 4006/4006 4009/4009 4008/4008
f 4009/4009 4011/4011 4010/4010
f 4010/4010 4011/4011 4012/4012
f 679/679 678/678 714/714
f 1532/1532 1489/1489 1478/1478
f 1489/1489 1479/1479 1478/1478
f 1489/1489 1495/1495 1479/1479
f 1495/1495 1477/1477 1479/1479
f 1496/1496 1494/1494 1477/1477
f 1504/1504 1500/1500 1488/1488
f 814/814 818/818 825/825
f 1513/1513 1527/1527 1514/1514
f 1514/1514 1527/1527 1560/1560
f 1527/1527 1588/1588 1560/1560
f 1695/1695 1696/1696 1698/1698
f 1678/1678 1683/1683 1695/1695
f 1696/1696 1697/1697 1698/1698
f 1669/1669 1670/1670 1678/1678
f 1656/1656 1670/1670 1669/1669
f 1668/1668 1656/1656 1669/1669
f 1667/1667 1668/1668 1673/1673
f 1661/1661 1653/1653 1654/1654
f 1657/1657 1641/1641 1653/1653
f 1644/1644 1641/1641 1657/1657
f 1645/1645 1632/1632 1644/1644
f 1640/1640 1632/1632 1645/1645
f 1630/1630 1640/1640 1639/1639
f 1634/1634 1630/1630 1639/1639
f 6344/6344 6345/6345 6346/6346
f 4026/4026 4024/4024 4042/4042
f 4026/4026 5251/5251 4025/4025
f 4026/4026 4025/4025 4024/4024
f 5251/5251 4018/4018 4007/4007
f 4018/4018 4009/4009 4006/4006
f 4009/4009 4020/4020 4011/4011
f 664/664 669/669 680/680
f 1477/1477 1494/1494 1476/1476
f 1486/1486 1504/1504 1488/1488
f 1488/1488 1500/1500 1487/1487
f 1501/1501 1519/1519 1502/1502
f 1518/1518 1511/1511 1502/1502
f 1513/1513 1514/1514 1507/1507
f 814/814 813/813 818/818
f 2668/2668 2665/2665 2667/2667
f 1588/1588 1590/1590 1589/1589
f 2685/2685 2665/2665 2676/2676
f 1670/1670 1683/1683 1678/1678
f 1667/1667 1652/1652 1668/1668
f 1652/1652 1656/1656 1668/1668
f 1720/1720 1721/1721 1722/1722
f 1654/1654 1652/1652 1667/1667
f 751/751 739/739 719/719
f 751/751 719/719 727/727
f 1642/1642 1641/1641 1644/1644
f 1632/1632 1642/1642 1644/1644
f 1627/1627 1642/1642 1632/1632
f 1630/1630 1632/1632 1640/1640
f 1628/1628 1627/1627 1632/1632
f 1630/1630 1629/1629 1632/1632
f 1638/1638 1614/1614 1634/1634
f 1614/1614 1630/1630 1634/1634
f 1633/1633 1614/1614 1638/1638
f 1944/1944 1945/1945 1943/1943
f 655/655 644/644 664/664
f 644/644 660/660 664/664
f 1533/1533 1466/1466 1490/1490
f 1466/1466 1478/1478 1468/1468
f 672/672 688/688 671/671
f 1479/1479 1477/1477 1468/1468
f 1468/1468 1477/1477 1467/1467
f 1477/1477 1476/1476 1467/1467
f 1494/1494 1486/1486 1476/1476
f 1476/1476 1486/1486 1473/1473
f 1486/1486 1488/1488 1473/1473
f 1487/1487 1500/1500 1483/1483
f 708/708 811/811 797/797
f 1500/1500 1501/1501 1493/1493
f 1502/1502 1492/1492 1501/1501
f 1502/1502 1511/1511 1498/1498
f 1498/1498 1511/1511 1506/1506
f 1511/1511 1513/1513 1506/1506
f 1513/1513 1507/1507 1506/1506
f 1514/1514 1525/1525 1507/1507
f 1560/1560 1525/1525 1514/1514
f 2669/2669 2665/2665 2668/2668
f 2669/2669 2676/2676 2665/2665
f 1683/1683 1697/1697 1696/1696
f 1720/1720 1723/1723 1721/1721
f 1653/1653 1651/1651 1654/1654
f 1651/1651 1652/1652 1654/1654
f 739/739 717/717 719/719
f 1631/1631 1641/1641 1642/1642
f 1627/1627 1631/1631 1642/1642
f 1629/1629 1628/1628 1632/1632
f 1613/1613 1628/1628 1629/1629
f 1614/1614 1613/1613 1629/1629
f 1614/1614 1629/1629 1630/1630
f 1633/1633 1616/1616 1614/1614
f 1967/1967 1966/1966 1968/1968
f 1490/1490 1459/1459 1559/1559
f 1459/1459 1466/1466 1460/1460
f 1466/1466 1468/1468 1460/1460
f 1466/1466 1459/1459 1490/1490
f 1468/1468 1452/1452 1460/1460
f 1468/1468 1467/1467 1452/1452
f 1476/1476 1469/1469 1467/1467
f 1476/1476 1473/1473 1469/1469
f 1488/1488 1487/1487 1473/1473
f 1487/1487 1483/1483 1473/1473
f 1473/1473 1483/1483 1472/1472
f 794/794 811/811 708/708
f 1501/1501 1492/1492 1493/1493
f 1492/1492 1502/1502 1498/1498
f 1506/1506 1505/1505 1498/1498
f 1506/1506 1507/1507 1505/1505
f 1525/1525 1560/1560 1580/1580
f 1580/1580 1589/1589 1660/1660
f 1560/1560 1588/1588 1580/1580
f 1588/1588 1589/1589 1580/1580
f 1827/1827 1826/1826 1828/1828
f 1827/1827 1828/1828 1829/1829
f 1727/1727 1723/1723 1720/1720
f 1656/1656 1680/1680 1670/1670
f 1670/1670 1680/1680 1682/1682
f 1652/1652 1655/1655 1656/1656
f 1651/1651 1650/1650 1652/1652
f 1650/1650 1649/1649 1652/1652
f 1649/1649 1655/1655 1652/1652
f 1637/1637 1651/1651 1653/1653
f 1641/1641 1625/1625 1653/1653
f 1625/1625 1637/1637 1653/1653
f 1626/1626 1625/1625 1641/1641
f 1631/1631 1626/1626 1641/1641
f 1627/1627 1620/1620 1631/1631
f 1620/1620 1626/1626 1631/1631
f 1628/1628 1612/1612 1627/1627
f 1612/1612 1620/1620 1627/1627
f 1612/1612 1628/1628 1613/1613
f 1608/1608 1613/1613 1614/1614
f 1613/1613 1609/1609 1612/1612
f 1608/1608 1605/1605 1613/1613
f 1605/1605 1609/1609 1613/1613
f 1485/1485 1608/1608 1616/1616
f 1616/1616 1608/1608 1614/1614
f 1617/1617 1485/1485 1616/1616
f 1484/1484 1485/1485 1617/1617
f 1559/1559 1458/1458 1484/1484
f 1458/1458 1459/1459 1456/1456
f 1559/1559 1459/1459 1458/1458
f 1459/1459 1455/1455 1456/1456
f 1459/1459 1460/1460 1455/1455
f 1455/1455 1460/1460 1452/1452
f 1467/1467 1454/1454 1452/1452
f 1467/1467 1469/1469 1454/1454
f 1454/1454 1469/1469 1448/1448
f 1469/1469 1470/1470 1448/1448
f 1469/1469 1471/1471 1470/1470
f 1469/1469 1473/1473 1471/1471
f 1473/1473 1472/1472 1471/1471
f 1483/1483 1464/1464 1472/1472
f 706/706 794/794 708/708
f 1493/1493 1492/1492 1474/1474
f 1505/1505 1507/1507 1516/1516
f 1507/1507 1525/1525 1516/1516
f 2670/2670 2669/2669 2668/2668
f 1525/1525 1580/1580 1582/1582
f 1727/1727 1728/1728 1723/1723
f 1655/1655 1664/1664 1656/1656
f 1664/1664 1680/1680 1656/1656
f 1728/1728 1729/1729 1723/1723
f 1626/1626 1618/1618 1625/1625
f 1620/1620 1615/1615 1626/1626
f 1615/1615 1618/1618 1626/1626
f 1612/1612 1611/1611 1620/1620
f 1611/1611 1615/1615 1620/1620
f 1611/1611 1610/1610 1615/1615
f 1612/1612 1609/1609 1611/1611
f 1609/1609 1610/1610 1611/1611
f 1605/1605 1604/1604 1609/1609
f 1485/1485 1457/1457 1608/1608
f 1608/1608 1457/1457 1605/1605
f 1457/1457 1437/1437 1605/1605
f 1605/1605 1437/1437 1604/1604
f 614/614 622/622 618/618
f 1484/1484 1457/1457 1485/1485
f 1458/1458 1457/1457 1484/1484
f 1457/1457 1440/1440 1437/1437
f 618/618 622/622 627/627
f 1458/1458 1456/1456 1457/1457
f 1456/1456 1440/1440 1457/1457
f 1455/1455 1440/1440 1456/1456
f 1452/1452 1446/1446 1440/1440
f 1455/1455 1452/1452 1440/1440
f 1452/1452 1454/1454 1446/1446
f 1454/1454 1448/1448 1446/1446
f 1448/1448 1447/1447 1446/1446
f 1448/1448 1470/1470 1447/1447
f 1471/1471 1461/1461 1470/1470
f 1471/1471 1472/1472 1461/1461
f 1472/1472 1464/1464 1461/1461
f 1493/1493 1474/1474 1464/1464
f 1474/1474 1492/1492 1475/1475
f 1492/1492 1498/1498 1491/1491
f 1498/1498 1497/1497 1491/1491
f 1498/1498 1505/1505 1497/1497
f 1505/1505 1515/1515 1497/1497
f 1505/1505 1516/1516 1515/1515
f 1525/1525 1582/1582 1516/1516
f 1580/1580 1585/1585 1582/1582
f 1585/1585 1580/1580 1660/1660
f 1825/1825 1826/1826 1827/1827
f 1825/1825 1822/1822 1826/1826
f 1792/1792 1728/1728 1727/1727
f 1648/1648 1664/1664 1655/1655
f 1728/1728 1730/1730 1729/1729
f 1649/1649 1648/1648 1655/1655
f 1636/1636 1649/1649 1650/1650
f 1637/1637 1636/1636 1651/1651
f 1623/1623 1637/1637 1625/1625
f 1623/1623 1636/1636 1637/1637
f 721/721 716/716 603/603
f 1618/1618 1623/1623 1625/1625
f 600/600 589/589 586/586
f 1615/1615 1610/1610 1618/1618
f 1610/1610 1607/1607 1618/1618
f 1609/1609 1603/1603 1610/1610
f 1604/1604 1603/1603 1609/1609
f 1604/1604 1439/1439 1603/1603
f 623/623 625/625 626/626
f 1437/1437 1439/1439 1604/1604
f 1437/1437 1438/1438 1439/1439
f 1440/1440 1438/1438 1437/1437
f 1440/1440 1446/1446 1438/1438
f 1446/1446 1441/1441 1438/1438
f 1446/1446 1447/1447 1441/1441
f 1447/1447 1449/1449 1441/1441
f 643/643 658/658 666/666
f 1463/1463 1449/1449 1447/1447
f 1463/1463 1461/1461 1449/1449
f 1470/1470 1461/1461 1463/1463
f 674/674 694/694 691/691
f 1474/1474 1465/1465 1462/1462
f 1464/1464 1462/1462 1461/1461
f 695/695 702/702 706/706
f 1464/1464 1474/1474 1462/1462
f 1474/1474 1475/1475 1465/1465
f 1492/1492 1491/1491 1475/1475
f 1497/1497 1515/1515 1558/1558
f 2671/2671 2669/2669 2670/2670
f 1516/1516 1582/1582 1583/1583
f 1584/1584 1585/1585 1660/1660
f 1582/1582 1585/1585 1584/1584
f 1664/1664 1681/1681 1680/1680
f 1824/1824 1822/1822 1825/1825
f 1730/1730 1735/1735 1729/1729
f 1636/1636 1648/1648 1649/1649
f 1623/1623 1624/1624 1636/1636
f 1618/1618 1622/1622 1623/1623
f 1622/1622 1624/1624 1623/1623
f 1606/1606 1622/1622 1618/1618
f 1607/1607 1606/1606 1618/1618
f 1610/1610 1603/1603 1607/1607
f 1603/1603 1601/1601 1607/1607
f 1603/1603 1442/1442 1601/1601
f 1439/1439 1442/1442 1603/1603
f 1439/1439 1441/1441 1442/1442
f 1438/1438 1441/1441 1439/1439
f 1441/1441 1443/1443 1442/1442
f 1441/1441 1449/1449 1443/1443
f 1449/1449 1450/1450 1443/1443
f 1449/1449 1453/1453 1451/1451
f 1461/1461 1453/1453 1449/1449
f 674/674 685/685 696/696
f 1462/1462 1453/1453 1461/1461
f 1462/1462 1465/1465 1453/1453
f 686/686 702/702 696/696
f 696/696 702/702 695/695
f 1475/1475 1480/1480 1465/1465
f 1475/1475 1491/1491 1480/1480
f 1491/1491 1497/1497 1480/1480
f 704/704 713/713 702/702
f 2673/2673 2671/2671 2672/2672
f 1582/1582 1584/1584 1583/1583
f 1792/1792 1730/1730 1728/1728
f 1636/1636 1647/1647 1648/1648
f 1730/1730 1736/1736 1735/1735
f 1624/1624 1646/1646 1636/1636
f 1646/1646 1647/1647 1636/1636
f 716/716 654/654 602/602
f 1622/1622 1606/1606 1624/1624
f 1601/1601 1606/1606 1607/1607
f 1601/1601 1602/1602 1606/1606
f 1444/1444 1602/1602 1601/1601
f 1442/1442 1444/1444 1601/1601
f 1443/1443 1444/1444 1442/1442
f 1450/1450 1445/1445 1443/1443
f 1443/1443 1445/1445 1444/1444
f 1450/1450 1451/1451 1445/1445
f 1449/1449 1451/1451 1450/1450
f 1453/1453 1481/1481 1451/1451
f 1453/1453 1499/1499 1481/1481
f 1465/1465 1499/1499 1453/1453
f 685/685 686/686 696/696
f 1465/1465 1480/1480 1499/1499
f 687/687 703/703 704/704
f 1480/1480 1497/1497 1545/1545
f 1497/1497 1570/1570 1545/1545
f 2674/2674 2671/2671 2673/2673
f 1558/1558 1515/1515 1581/1581
f 1558/1558 1581/1581 1570/1570
f 1583/1583 1584/1584 1587/1587
f 2677/2677 2683/2683 2671/2671
f 2671/2671 2683/2683 2669/2669
f 1824/1824 1814/1814 1822/1822
f 1647/1647 1681/1681 1648/1648
f 1792/1792 1789/1789 1730/1730
f 1814/1814 1810/1810 1822/1822
f 1647/1647 1715/1715 1681/1681
f 1718/1718 1715/1715 1647/1647
f 1730/1730 1780/1780 1736/1736
f 1646/1646 1718/1718 1647/1647
f 1624/1624 1635/1635 1646/1646
f 1619/1619 1635/1635 1624/1624
f 1606/1606 1619/1619 1624/1624
f 654/654 637/637 647/647
f 1602/1602 1482/1482 1606/1606
f 1482/1482 1619/1619 1606/1606
f 637/637 606/606 647/647
f 1444/1444 1482/1482 1602/1602
f 1444/1444 1445/1445 1482/1482
f 1445/1445 1600/1600 1482/1482
f 1445/1445 1579/1579 1600/1600
f 1481/1481 1579/1579 1445/1445
f 1481/1481 1577/1577 1579/1579
f 1499/1499 1577/1577 1481/1481
f 677/677 703/703 687/687
f 2674/2674 2677/2677 2671/2671
f 1583/1583 1587/1587 1586/1586
f 1715/1715 1716/1716 1681/1681
f 1803/1803 1814/1814 1824/1824
f 3212/3212 3217/3217 3216/3216
f 1730/1730 1789/1789 1780/1780
f 1780/1780 1782/1782 1781/1781
f 3382/3382 3368/3368 3381/3381
f 1782/1782 1783/1783 1781/1781
f 1781/1781 1783/1783 1791/1791
f 3382/3382 3369/3369 3368/3368
f 3370/3370 3369/3369 3382/3382
f 1482/1482 1621/1621 1619/1619
f 1600/1600 1621/1621 1482/1482
f 801/801 800/800 636/636
f 636/636 800/800 639/639
f 800/800 642/642 639/639
f 2681/2681 2679/2679 2680/2680
f 1546/1546 1547/1547 1499/1499
f 2679/2679 2674/2674 2680/2680
f 2678/2678 2677/2677 2674/2674
f 1813/1813 1812/1812 1805/1805
f 1805/1805 1812/1812 1809/1809
f 1812/1812 1817/1817 1809/1809
f 3385/3385 3389/3389 3386/3386
f 3215/3215 3212/3212 3216/3216
f 1803/1803 1810/1810 1814/1814
f 1801/1801 1810/1810 1803/1803
f 3378/3378 3385/3385 3386/3386
f 1802/1802 1803/1803 1815/1815
f 1802/1802 1801/1801 1803/1803
f 1789/1789 1782/1782 1780/1780
f 1801/1801 1821/1821 1810/1810
f 3378/3378 3386/3386 3383/3383
f 3381/3381 3378/3378 3383/3383
f 1799/1799 1801/1801 1802/1802
f 1797/1797 1801/1801 1799/1799
f 1798/1798 1797/1797 1799/1799
f 1796/1796 1797/1797 1798/1798
f 1796/1796 1795/1795 1797/1797
f 1794/1794 1795/1795 1796/1796
f 1600/1600 1579/1579 1663/1663
f 1794/1794 1800/1800 1795/1795
f 1800/1800 1804/1804 1795/1795
f 1816/1816 1800/1800 1794/1794
f 1816/1816 1805/1805 1800/1800
f 1805/1805 1804/1804 1800/1800
f 1804/1804 1809/1809 1811/1811
f 1805/1805 1809/1809 1804/1804
f 1820/1820 1813/1813 1805/1805
f 3234/3234 3235/3235 3232/3232
f 3215/3215 3210/3210 3212/3212
f 3377/3377 3385/3385 3378/3378
f 3368/3368 3378/3378 3381/3381
f 3654/3654 3614/3614 3670/3670
f 3613/3613 3670/3670 3614/3614
f 1821/1821 1801/1801 1818/1818
f 3613/3613 3671/3671 3670/3670
f 1801/1801 1807/1807 1818/1818
f 1806/1806 1807/1807 1801/1801
f 3619/3619 3671/3671 3613/3613
f 3619/3619 3672/3672 3671/3671
f 1807/1807 1823/1823 1818/1818
f 3619/3619 3661/3661 3672/3672
f 1808/1808 1807/1807 1806/1806
f 1823/1823 1807/1807 1819/1819
f 1807/1807 1808/1808 1819/1819
f 1819/1819 1808/1808 1811/1811
f 3615/3615 3645/3645 3661/3661
f 3645/3645 3650/3650 3674/3674
f 3210/3210 3211/3211 3212/3212
f 3635/3635 3654/3654 3655/3655
f 3366/3366 3377/3377 3378/3378
f 3635/3635 3633/3633 3654/3654
f 3366/3366 3378/3378 3368/3368
f 3654/3654 3633/3633 3614/3614
f 3619/3619 3608/3608 3661/3661
f 3373/3373 3361/3361 3372/3372
f 3608/3608 3615/3615 3661/3661
f 3424/3424 3418/3418 3373/3373
f 3628/3628 3645/3645 3615/3615
f 3628/3628 3646/3646 3645/3645
f 3646/3646 3650/3650 3645/3645
f 3213/3213 3210/3210 3215/3215
f 3634/3634 3633/3633 3635/3635
f 3348/3348 3362/3362 3368/3368
f 3614/3614 3612/3612 3613/3613
f 3609/3609 3628/3628 3615/3615
f 3646/3646 3649/3649 3650/3650
f 3230/3230 3231/3231 3232/3232
f 3213/3213 3208/3208 3210/3210
f 3611/3611 3618/3618 3613/3613
f 3618/3618 3619/3619 3613/3613
f 3605/3605 3619/3619 3618/3618
f 3605/3605 3606/3606 3619/3619
f 3619/3619 3606/3606 3608/3608
f 3607/3607 3615/3615 3608/3608
f 3214/3214 3208/3208 3213/3213
f 3210/3210 3209/3209 3211/3211
f 3612/3612 3611/3611 3613/3613
f 3606/3606 3607/3607 3608/3608
f 3607/3607 3609/3609 3615/3615
f 3628/3628 3647/3647 3646/3646
f 3647/3647 3649/3649 3646/3646
f 3208/3208 3209/3209 3210/3210
f 3634/3634 3624/3624 3633/3633
f 3611/3611 3622/3622 3618/3618
f 3603/3603 3616/3616 3609/3609
f 3616/3616 3628/3628 3609/3609
f 3208/3208 3207/3207 3209/3209
f 3365/3365 3384/3384 3376/3376
f 3624/3624 3612/3612 3614/3614
f 3607/3607 3603/3603 3609/3609
f 3628/3628 3617/3617 3647/3647
f 3617/3617 3648/3648 3647/3647
f 3647/3647 3648/3648 3649/3649
f 3228/3228 3227/3227 3230/3230
f 3205/3205 3207/3207 3208/3208
f 3636/3636 3624/3624 3634/3634
f 3624/3624 3610/3610 3612/3612
f 3362/3362 3335/3335 3353/3353
f 3612/3612 3610/3610 3611/3611
f 3622/3622 3605/3605 3618/3618
f 3602/3602 3606/3606 3605/3605
f 3602/3602 3607/3607 3606/3606
f 3616/3616 3617/3617 3628/3628
f 3205/3205 3208/3208 3214/3214
f 3365/3365 3387/3387 3384/3384
f 3622/3622 3604/3604 3605/3605
f 3602/3602 3603/3603 3607/3607
f 3611/3611 3604/3604 3622/3622
f 3604/3604 3602/3602 3605/3605
f 3602/3602 3601/3601 3603/3603
f 3604/3604 3611/3611 3610/3610
f 3374/3374 3387/3387 3365/3365
f 3205/3205 3204/3204 3207/3207
f 3636/3636 3597/3597 3624/3624
f 3624/3624 3597/3597 3610/3610
f 3337/3337 3324/3324 3335/3335
f 3604/3604 3600/3600 3602/3602
f 3603/3603 3601/3601 3616/3616
f 3592/3592 3643/3643 3617/3617
f 3592/3592 3617/3617 3616/3616
f 3643/3643 3648/3648 3617/3617
f 3374/3374 3388/3388 3387/3387
f 3578/3578 3610/3610 3597/3597
f 3578/3578 3604/3604 3610/3610
f 3600/3600 3601/3601 3602/3602
f 3601/3601 3592/3592 3616/3616
f 3203/3203 3204/3204 3205/3205
f 3204/3204 3206/3206 3207/3207
f 3653/3653 3597/3597 3636/3636
f 3578/3578 3576/3576 3604/3604
f 3572/3572 3600/3600 3604/3604
f 3653/3653 3575/3575 3597/3597
f 3575/3575 3578/3578 3597/3597
f 3604/3604 3576/3576 3572/3572
f 3600/3600 3573/3573 3601/3601
f 3573/3573 3592/3592 3601/3601
f 3572/3572 3570/3570 3600/3600
f 3375/3375 3388/3388 3374/3374
f 3574/3574 3578/3578 3575/3575
f 3577/3577 3576/3576 3578/3578
f 3570/3570 3573/3573 3600/3600
f 3592/3592 3644/3644 3643/3643
f 3203/3203 3206/3206 3204/3204
f 3574/3574 3577/3577 3578/3578
f 3587/3587 3592/3592 3573/3573
f 3375/3375 3390/3390 3388/3388
f 3577/3577 3566/3566 3576/3576
f 3566/3566 3572/3572 3576/3576
f 3566/3566 3570/3570 3572/3572
f 3570/3570 3571/3571 3573/3573
f 3683/3683 3653/3653 3684/3684
f 3566/3566 3569/3569 3570/3570
f 3569/3569 3571/3571 3570/3570
f 3587/3587 3588/3588 3592/3592
f 3588/3588 3644/3644 3592/3592
f 3375/3375 3380/3380 3390/3390
f 3574/3574 3589/3589 3577/3577
f 3569/3569 3568/3568 3571/3571
f 3588/3588 3659/3659 3644/3644
f 3571/3571 3587/3587 3573/3573
f 3589/3589 3566/3566 3577/3577
f 3568/3568 3581/3581 3587/3587
f 3568/3568 3587/3587 3571/3571
f 3583/3583 3659/3659 3588/3588
f 3587/3587 3583/3583 3588/3588
f 3560/3560 3574/3574 3575/3575
f 3565/3565 3589/3589 3574/3574
f 3565/3565 3566/3566 3589/3589
f 3754/3754 3755/3755 3756/3756
f 3680/3680 3653/3653 3683/3683
f 3653/3653 3639/3639 3575/3575
f 3639/3639 3560/3560 3575/3575
f 3565/3565 3553/3553 3566/3566
f 3569/3569 3580/3580 3568/3568
f 3379/3379 3391/3391 3380/3380
f 3680/3680 3639/3639 3653/3653
f 3574/3574 3560/3560 3565/3565
f 3553/3553 3567/3567 3566/3566
f 3566/3566 3567/3567 3569/3569
f 3567/3567 3580/3580 3569/3569
f 3567/3567 3568/3568 3580/3580
f 3581/3581 3583/3583 3587/3587
f 3358/3358 3380/3380 3359/3359
f 3557/3557 3565/3565 3560/3560
f 3567/3567 3564/3564 3568/3568
f 3564/3564 3581/3581 3568/3568
f 3583/3583 3662/3662 3659/3659
f 3557/3557 3553/3553 3565/3565
f 3553/3553 3551/3551 3567/3567
f 3551/3551 3564/3564 3567/3567
f 3564/3564 3550/3550 3581/3581
f 3550/3550 3582/3582 3581/3581
f 3582/3582 3583/3583 3581/3581
f 3585/3585 3662/3662 3583/3583
f 3559/3559 3557/3557 3560/3560
f 3582/3582 3585/3585 3583/3583
f 3639/3639 3559/3559 3560/3560
f 3552/3552 3551/3551 3553/3553
f 3550/3550 3548/3548 3582/3582
f 3379/3379 3266/3266 3391/3391
f 3679/3679 3678/3678 3680/3680
f 3680/3680 3678/3678 3639/3639
f 3354/3354 3266/3266 3379/3379
f 3549/3549 3550/3550 3564/3564
f 3678/3678 3559/3559 3639/3639
f 3559/3559 3558/3558 3557/3557
f 3558/3558 3552/3552 3557/3557
f 3557/3557 3552/3552 3553/3553
f 3551/3551 3549/3549 3564/3564
f 3549/3549 3548/3548 3550/3550
f 3585/3585 3663/3663 3662/3662
f 3677/3677 3678/3678 3679/3679
f 3552/3552 3544/3544 3551/3551
f 3544/3544 3549/3549 3551/3551
f 3582/3582 3586/3586 3585/3585
f 3354/3354 3264/3264 3266/3266
f 3321/3321 3344/3344 3354/3354
f 3548/3548 3584/3584 3582/3582
f 3586/3586 3663/3663 3585/3585
f 3264/3264 3265/3265 3266/3266
f 3559/3559 3561/3561 3558/3558
f 3561/3561 3552/3552 3558/3558
f 3544/3544 3546/3546 3549/3549
f 3546/3546 3548/3548 3549/3549
f 3584/3584 3586/3586 3582/3582
f 3678/3678 3681/3681 3559/3559
f 3681/3681 3561/3561 3559/3559
f 3677/3677 3681/3681 3678/3678
f 3563/3563 3562/3562 3561/3561
f 3561/3561 3562/3562 3552/3552
f 3539/3539 3544/3544 3552/3552
f 3546/3546 3547/3547 3548/3548
f 3547/3547 3584/3584 3548/3548
f 3562/3562 3539/3539 3552/3552
f 3596/3596 3561/3561 3681/3681
f 3596/3596 3563/3563 3561/3561
f 3537/3537 3544/3544 3539/3539
f 3528/3528 3546/3546 3544/3544
f 3677/3677 3682/3682 3681/3681
f 3682/3682 3596/3596 3681/3681
f 3537/3537 3528/3528 3544/3544
f 3528/3528 3545/3545 3546/3546
f 3546/3546 3545/3545 3547/3547
f 3586/3586 3660/3660 3663/3663
f 3538/3538 3537/3537 3539/3539
f 3547/3547 3554/3554 3584/3584
f 3501/3501 3562/3562 3563/3563
f 3501/3501 3539/3539 3562/3562
f 3554/3554 3586/3586 3584/3584
f 3264/3264 3263/3263 3265/3265
f 3685/3685 3682/3682 3677/3677
f 3682/3682 3593/3593 3596/3596
f 3262/3262 3263/3263 3264/3264
f 3501/3501 3538/3538 3539/3539
f 3554/3554 3660/3660 3586/3586
f 3500/3500 3538/3538 3501/3501
f 3536/3536 3537/3537 3538/3538
f 3547/3547 3534/3534 3554/3554
f 3593/3593 3501/3501 3596/3596
f 3528/3528 3534/3534 3545/3545
f 3534/3534 3547/3547 3545/3545
f 3685/3685 3593/3593 3682/3682
f 3500/3500 3536/3536 3538/3538
f 3536/3536 3528/3528 3537/3537
f 3637/3637 3675/3675 3660/3660
f 3686/3686 3593/3593 3685/3685
f 3593/3593 3498/3498 3501/3501
f 3501/3501 3498/3498 3500/3500
f 3528/3528 3540/3540 3534/3534
f 3637/3637 3676/3676 3675/3675
f 3499/3499 3536/3536 3500/3500
f 3542/3542 3554/3554 3534/3534
f 3542/3542 3637/3637 3554/3554
f 3668/3668 3676/3676 3637/3637
f 3686/3686 3594/3594 3593/3593
f 3594/3594 3498/3498 3593/3593
f 3498/3498 3499/3499 3500/3500
f 3536/3536 3527/3527 3528/3528
f 3540/3540 3532/3532 3534/3534
f 3527/3527 3526/3526 3528/3528
f 3528/3528 3526/3526 3540/3540
f 3532/3532 3540/3540 3526/3526
f 3533/3533 3542/3542 3534/3534
f 3542/3542 3668/3668 3637/3637
f 3503/3503 3536/3536 3499/3499
f 3532/3532 3533/3533 3534/3534
f 3542/3542 3669/3669 3668/3668
f 3686/3686 3626/3626 3594/3594
f 3498/3498 3503/3503 3499/3499
f 3503/3503 3508/3508 3536/3536
f 3508/3508 3527/3527 3536/3536
f 3533/3533 3543/3543 3542/3542
f 3436/3436 3437/3437 3438/3438
f 3687/3687 3626/3626 3686/3686
f 3543/3543 3664/3664 3542/3542
f 3664/3664 3669/3669 3542/3542
f 3525/3525 3532/3532 3526/3526
f 3626/3626 3502/3502 3594/3594
f 3502/3502 3498/3498 3594/3594
f 3502/3502 3503/3503 3498/3498
f 3525/3525 3526/3526 3508/3508
f 3525/3525 3529/3529 3532/3532
f 3532/3532 3529/3529 3533/3533
f 3529/3529 3530/3530 3533/3533
f 3530/3530 3543/3543 3533/3533
f 3503/3503 3504/3504 3508/3508
f 3530/3530 3621/3621 3543/3543
f 3621/3621 3665/3665 3543/3543
f 3543/3543 3665/3665 3664/3664
f 3255/3255 3258/3258 3259/3259
f 3506/3506 3525/3525 3508/3508
f 3439/3439 3437/3437 3436/3436
f 3688/3688 3626/3626 3687/3687
f 3502/3502 3504/3504 3503/3503
f 3504/3504 3506/3506 3508/3508
f 3626/3626 3510/3510 3502/3502
f 3505/3505 3504/3504 3502/3502
f 3530/3530 3620/3620 3621/3621
f 3688/3688 3640/3640 3626/3626
f 3640/3640 3510/3510 3626/3626
f 3510/3510 3505/3505 3502/3502
f 3506/3506 3524/3524 3525/3525
f 3524/3524 3529/3529 3525/3525
f 2627/2627 2626/2626 2628/2628
f 3689/3689 3640/3640 3688/3688
f 3505/3505 3506/3506 3504/3504
f 3524/3524 3530/3530 3529/3529
f 3666/3666 3665/3665 3621/3621
f 3535/3535 3620/3620 3530/3530
f 2625/2625 2626/2626 2627/2627
f 3255/3255 3254/3254 3256/3256
f 3620/3620 3667/3667 3666/3666
f 3253/3253 3254/3254 3255/3255
f 3689/3689 3641/3641 3640/3640
f 3641/3641 3510/3510 3640/3640
f 3511/3511 3524/3524 3506/3506
f 3535/3535 3652/3652 3620/3620
f 2625/2625 2623/2623 2626/2626
f 3690/3690 3641/3641 3689/3689
f 3641/3641 3509/3509 3510/3510
f 3509/3509 3505/3505 3510/3510
f 3507/3507 3506/3506 3505/3505
f 3523/3523 3530/3530 3524/3524
f 3523/3523 3531/3531 3530/3530
f 3652/3652 3496/3496 3667/3667
f 3253/3253 3252/3252 3254/3254
f 3507/3507 3511/3511 3506/3506
f 3531/3531 3535/3535 3530/3530
f 3690/3690 3642/3642 3641/3641
f 3642/3642 3509/3509 3641/3641
f 3511/3511 3523/3523 3524/3524
f 3509/3509 3507/3507 3505/3505
f 2624/2624 2623/2623 2625/2625
f 3251/3251 3252/3252 3253/3253
f 3512/3512 3511/3511 3507/3507
f 3535/3535 3556/3556 3652/3652
f 3515/3515 3507/3507 3509/3509
f 3522/3522 3535/3535 3531/3531
f 3251/3251 3250/3250 3252/3252
f 3642/3642 3627/3627 3509/3509
f 3627/3627 3515/3515 3509/3509
f 2620/2620 2623/2623 2624/2624
f 3248/3248 3250/3250 3251/3251
f 3522/3522 3556/3556 3535/3535
f 3495/3495 3496/3496 3652/3652
f 2620/2620 2622/2622 2623/2623
f 3691/3691 3627/3627 3690/3690
f 3690/3690 3627/3627 3642/3642
f 3599/3599 3515/3515 3627/3627
f 3515/3515 3512/3512 3507/3507
f 3513/3513 3523/3523 3511/3511
f 3556/3556 3495/3495 3652/3652
f 3512/3512 3513/3513 3511/3511
f 3523/3523 3522/3522 3531/3531
f 3515/3515 3514/3514 3512/3512
f 3513/3513 3519/3519 3523/3523
f 3519/3519 3522/3522 3523/3523
f 3522/3522 3555/3555 3556/3556
f 3514/3514 3513/3513 3512/3512
f 3691/3691 3630/3630 3627/3627
f 3599/3599 3514/3514 3515/3515
f 3555/3555 3625/3625 3556/3556
f 3556/3556 3625/3625 3495/3495
f 3692/3692 3630/3630 3691/3691
f 3630/3630 3599/3599 3627/3627
f 3514/3514 3516/3516 3513/3513
f 3516/3516 3519/3519 3513/3513
f 3521/3521 3555/3555 3522/3522
f 3630/3630 3598/3598 3599/3599
f 3519/3519 3521/3521 3522/3522
f 3246/3246 3250/3250 3249/3249
f 2629/2629 2621/2621 2620/2620
f 2620/2620 2621/2621 2622/2622
f 3599/3599 3598/3598 3514/3514
f 3598/3598 3517/3517 3514/3514
f 3514/3514 3517/3517 3516/3516
f 3518/3518 3519/3519 3516/3516
f 3519/3519 3520/3520 3521/3521
f 3520/3520 3555/3555 3521/3521
f 3595/3595 3625/3625 3555/3555
f 3517/3517 3518/3518 3516/3516
f 3520/3520 3595/3595 3555/3555
f 2630/2630 2621/2621 2629/2629
f 3518/3518 3520/3520 3519/3519
f 3692/3692 3629/3629 3630/3630
f 3541/3541 3520/3520 3518/3518
f 3595/3595 3490/3490 3625/3625
f 2630/2630 2631/2631 2621/2621
f 3693/3693 3629/3629 3692/3692
f 3630/3630 3629/3629 3598/3598
f 3598/3598 3590/3590 3517/3517
f 3590/3590 3518/3518 3517/3517
f 3629/3629 3590/3590 3598/3598
f 3541/3541 3579/3579 3520/3520
f 3492/3492 3490/3490 3595/3595
f 3638/3638 3590/3590 3629/3629
f 3579/3579 3595/3595 3520/3520
f 3693/3693 3694/3694 3629/3629
f 3694/3694 3638/3638 3629/3629
f 3590/3590 3591/3591 3518/3518
f 3591/3591 3541/3541 3518/3518
f 3579/3579 3492/3492 3595/3595
f 3490/3490 3487/3487 3489/3489
f 2630/2630 2632/2632 2631/2631
f 3698/3698 3697/3697 3699/3699
f 3590/3590 3632/3632 3591/3591
f 3591/3591 3579/3579 3541/3541
f 3638/3638 3632/3632 3590/3590
f 3591/3591 3623/3623 3579/3579
f 3631/3631 3492/3492 3579/3579
f 3492/3492 3488/3488 3487/3487
f 3651/3651 3488/3488 3492/3492
f 3694/3694 3632/3632 3638/3638
f 3631/3631 3651/3651 3492/3492
f 3696/3696 3697/3697 3698/3698
f 3632/3632 3623/3623 3591/3591
f 3623/3623 3631/3631 3579/3579
f 3694/3694 3657/3657 3632/3632
f 3695/3695 3657/3657 3694/3694
f 3651/3651 3673/3673 3488/3488
f 3238/3238 3239/3239 3240/3240
f 3657/3657 3656/3656 3623/3623
f 3657/3657 3623/3623 3632/3632
f 3623/3623 3656/3656 3631/3631
f 3656/3656 3658/3658 3631/3631
f 3631/3631 3658/3658 3651/3651
f 3422/3422 3367/3367 3334/3334
f 3658/3658 3673/3673 3651/3651
f 3219/3219 3225/3225 3223/3223
f 3763/3763 3764/3764 3765/3765
f 3221/3221 3220/3220 3222/3222
f 3218/3218 3220/3220 3221/3221
f 3220/3220 3224/3224 3222/3222
f 3220/3220 3223/3223 3224/3224
f 3218/3218 3219/3219 3220/3220
f 3219/3219 3223/3223 3220/3220
