# https://github.com/mikedh/trimesh
mtllib material.mtl

o geometry_0
usemtl material_0
v -0.03978950 -0.00029290 -0.00738207
v -0.03930940 -0.00014781 -0.00733242
v -0.04006134 -0.00038935 -0.00718934
v -0.04069095 -0.00879976 0.00985338
v -0.04042849 -0.00845514 0.00972117
v -0.04071066 -0.00932527 0.00977508
v -0.03058010 -0.01188244 -0.00745534
v -0.03052206 -0.01128413 -0.00734188
v -0.03040684 -0.01090920 -0.00742114
v -0.02949425 -0.00038879 -0.00962815
v -0.03075798 -0.00004763 -0.00959852
v -0.02893840 -0.00056635 -0.00957104
v -0.01692631 -0.01990268 -0.00076527
v -0.01628332 -0.02007817 0.00204876
v -0.01770298 -0.01998276 -0.00144510
v -0.01729577 -0.02054169 0.00433477
v -0.01874302 -0.02037828 0.00085923
v -0.01863070 -0.02080918 0.00502057
v -0.01747537 -0.02081444 0.00656868
v -0.01544074 -0.02032542 0.00619263
v -0.01554079 -0.02055980 0.00789714
v -0.01711634 -0.02097816 0.00824078
v -0.01875201 -0.02129275 0.00861573
v -0.01599417 -0.01936740 -0.00354628
v -0.01727715 -0.01950159 -0.00500646
v -0.01650205 -0.01910658 -0.00679986
v -0.01861345 -0.01947139 -0.00739304
v -0.01859965 -0.01989237 -0.00362000
v -0.01761721 -0.01917061 -0.00874910
v -0.01900917 -0.01943494 -0.00885677
v -0.01534419 -0.01928793 -0.00261128
v -0.01562941 -0.01873375 -0.00805462
v -0.01494443 -0.01994172 0.00405440
v -0.01397829 -0.01999456 0.00680517
v -0.01383126 -0.02012823 0.00827728
v -0.01399315 -0.01937290 0.00170034
v -0.01435969 -0.01921160 -0.00067462
v -0.01461583 -0.01855998 -0.00651084
v -0.01431545 -0.01875760 -0.00412247
v -0.01325530 -0.01984007 0.00743062
v -0.01235066 -0.01965130 0.00830212
v -0.01313427 -0.01935848 0.00416341
v -0.01583685 -0.01862882 -0.00891960
v -0.01368769 -0.01803137 -0.00842779
v -0.01407615 -0.01802919 -0.00906199
v -0.01472427 -0.02054839 0.00869927
v -0.01251040 -0.01946111 0.00678953
v -0.01291400 -0.01790083 -0.00665937
v -0.01323249 -0.01860783 -0.00190613
v -0.01272070 -0.01877527 0.00081706
v -0.01198193 -0.01876084 0.00325228
v -0.01964232 -0.02014906 -0.00208593
v -0.01940929 -0.02113113 0.00688090
v -0.01713495 -0.02121354 0.00902322
v -0.01197926 -0.01803137 -0.00191768
v -0.01170604 -0.01709791 -0.00867910
v -0.01194274 -0.01761633 -0.00529886
v -0.01225511 -0.01728064 -0.00895725
v -0.01133918 -0.01870334 0.00530873
v -0.01075906 -0.01878577 0.00816656
v -0.01088897 -0.01766823 -0.00047780
v -0.01095949 -0.01814138 0.00268957
v -0.01115630 -0.01725540 -0.00481561
v -0.01072593 -0.01716452 -0.00328791
v -0.01033594 -0.01648125 -0.00724889
v -0.01990306 -0.02083957 0.00447363
v -0.02029575 -0.02117503 0.00658708
v -0.02062796 -0.02047503 0.00073645
v -0.02030150 -0.02124263 0.00736511
v -0.02076686 -0.02150329 0.00872242
v -0.02006905 -0.01992748 -0.00426505
v -0.02024958 -0.01960864 -0.00713660
v -0.02130001 -0.02001388 -0.00351224
v -0.02112184 -0.01951517 -0.00853006
v -0.02114369 -0.02082046 0.00418677
v -0.02210576 -0.01944911 -0.00885022
v -0.02244156 -0.01955518 -0.00714592
v -0.01226846 -0.01986151 0.00884882
v -0.02242940 -0.02020394 -0.00127548
v -0.02139551 -0.02114362 0.00665498
v -0.02224021 -0.02126633 0.00799885
v -0.02263349 -0.02051831 0.00223265
v -0.02259664 -0.02092169 0.00559087
v -0.02286595 -0.01988808 -0.00361850
v -0.02456991 -0.02103896 0.00812646
v -0.02414071 -0.02087769 0.00677867
v -0.02346283 -0.02045574 0.00254468
v -0.02411783 -0.02058585 0.00439667
v -0.02416969 -0.02008104 -0.00049463
v -0.02454214 -0.01936602 -0.00665207
v -0.02458508 -0.01918917 -0.00873070
v -0.02393251 -0.01979733 -0.00324763
v -0.02510608 -0.02014509 0.00185757
v -0.02382812 -0.01916710 -0.00914595
v -0.02505853 -0.01954951 -0.00386911
v -0.02567543 -0.01986292 0.00002968
v -0.02518223 -0.02048570 0.00513741
v -0.02584213 -0.01917258 -0.00579998
v -0.02617086 -0.02045295 0.00677602
v -0.01310484 -0.02055030 0.00940284
v -0.02314765 -0.02147849 0.00893699
v -0.02484935 -0.02121317 0.00897622
v -0.02038979 -0.01917505 -0.00940024
v -0.02679604 -0.01988934 0.00331010
v -0.02776900 -0.01981341 0.00500409
v -0.02692307 -0.01924144 -0.00259423
v -0.02659941 -0.01952945 -0.00071524
v -0.02738886 -0.02044387 0.00867539
v -0.02665896 -0.01886005 -0.00697676
v -0.02631737 -0.01880234 -0.00898327
v -0.01719838 -0.01873190 -0.00938153
v -0.02632777 -0.02086937 0.00901517
v -0.02811587 -0.01866101 -0.00422284
v -0.02825413 -0.01826560 -0.00883120
v -0.02780456 -0.01929425 0.00049280
v -0.02864032 -0.01924544 0.00252517
v -0.01947682 -0.02159339 0.00906093
v -0.01705811 -0.02154089 0.00948546
v -0.01554599 -0.02122775 0.00943798
v -0.01678946 -0.02145238 0.00973882
v -0.01522663 -0.02117607 0.00967488
v -0.01821146 -0.02162468 0.00992271
v -0.01990295 -0.02192609 0.00956625
v -0.01976146 -0.02185835 0.00986532
v -0.02146346 -0.02193849 0.00984816
v -0.02165183 -0.02192083 0.00944160
v -0.02273146 -0.02188515 0.00962833
v -0.02328313 -0.02170565 0.00926837
v -0.02521608 -0.02152637 0.00951145
v -0.02520482 -0.02148871 0.00982836
v -0.02923794 -0.01941781 0.00569761
v -0.02886505 -0.01982716 0.00790908
v -0.02848153 -0.02025472 0.00902016
v -0.02934555 -0.01860215 -0.00124205
v -0.02518861 -0.01874095 -0.00944760
v -0.02248285 -0.01908890 -0.00946131
v -0.02707443 -0.02106192 0.00982848
v -0.02664403 -0.02120201 0.00949937
v -0.02914318 -0.01802545 -0.00694821
v -0.02933575 -0.01882574 0.00105665
v -0.03018335 -0.01888211 0.00441475
v -0.02763263 -0.02085720 0.00951025
v -0.02909820 -0.02036392 0.00951634
v -0.02973394 -0.01971459 0.00883970
v -0.02952472 -0.01833568 -0.00269899
v -0.03002820 -0.01789104 -0.00465802
v -0.02919378 -0.02031847 0.00986834
v -0.02692989 -0.01845037 -0.00937001
v -0.02862266 -0.01790250 -0.00941835
v -0.03096679 -0.01895305 0.00776699
v -0.03152376 -0.01890394 0.00884035
v -0.03061280 -0.01842512 0.00246953
v -0.03017862 -0.01837738 0.00013664
v -0.03027565 -0.01730179 -0.00942023
v -0.03030168 -0.01738568 -0.00895676
v -0.03086705 -0.01727706 -0.00888773
v -0.03055287 -0.01726183 -0.00790282
v -0.03101491 -0.01869108 0.00621386
v -0.01890749 -0.01910624 -0.00936852
v -0.03061021 -0.01973632 0.00949706
v -0.03090770 -0.01768715 -0.00271609
v -0.03122439 -0.01775412 -0.00049529
v -0.03144265 -0.01936217 0.00977030
v -0.01472652 -0.01803946 -0.00938347
v -0.03125978 -0.01678965 -0.00961480
v -0.03194802 -0.01901442 0.00933516
v -0.03172613 -0.01666762 -0.00939564
v -0.03278219 -0.01866384 0.00984386
v -0.03296484 -0.01851829 0.00948772
v -0.03143110 -0.01719733 -0.00420833
v -0.03203784 -0.01780625 0.00384887
v -0.03219901 -0.01798265 0.00611465
v -0.03323540 -0.01771084 0.00835272
v -0.03253406 -0.01666494 -0.00289239
v -0.03268997 -0.01700297 0.00084278
v -0.03298182 -0.01706489 0.00279844
v -0.03325914 -0.01794026 0.00901649
v -0.03240857 -0.01638954 -0.00551834
v -0.03211642 -0.01628501 -0.00808867
v -0.03110050 -0.01691991 -0.00817731
v -0.03215896 -0.01645007 -0.00877895
v -0.03358042 -0.01679958 0.00399463
v -0.03260900 -0.01606506 -0.00945037
v -0.03403349 -0.01674946 0.00639282
v -0.01428904 -0.02094896 0.00947030
v -0.01275532 -0.02040524 0.00967611
v -0.01167457 -0.02002184 0.00945341
v -0.01519429 -0.02094340 0.00921347
v -0.03406726 -0.01589386 0.00003290
v -0.03425476 -0.01618031 0.00325342
v -0.03400326 -0.01776106 0.00946919
v -0.03374212 -0.01512337 -0.00770090
v -0.01067613 -0.01902673 0.00879598
v -0.01036199 -0.01937074 0.00945546
v -0.01099351 -0.01964247 0.00976486
v -0.03504619 -0.01628833 0.00817328
v -0.03469605 -0.01678241 0.00884006
v -0.03326581 -0.01559610 -0.00856772
v -0.03350103 -0.01555570 -0.00881424
v -0.03379379 -0.01514935 -0.00946455
v -0.03352405 -0.01557927 -0.00500807
v -0.03540106 -0.01566542 0.00639193
v -0.03484803 -0.01578411 0.00398150
v -0.03404186 -0.01503003 -0.00879602
v -0.03450690 -0.01458756 -0.00917323
v -0.03638847 -0.01523751 0.00864271
v -0.03547980 -0.01466245 0.00035401
v -0.03509658 -0.01474161 -0.00152488
v -0.03443979 -0.01469620 -0.00547175
v -0.03484077 -0.01419599 -0.00956182
v -0.03436813 -0.01453097 -0.00808990
v -0.03522979 -0.01393168 -0.00877511
v -0.03549653 -0.01360375 -0.00946409
v -0.03235786 -0.01601863 -0.00969281
v -0.03634643 -0.01462469 0.00565465
v -0.03509598 -0.01680920 0.00984273
v -0.03481798 -0.01710807 0.00946469
v -0.03563691 -0.01643518 0.00946745
v -0.03645673 -0.01567305 0.00946272
v -0.03639063 -0.01406505 0.00289493
v -0.03650219 -0.01561181 0.00983376
v -0.03516470 -0.01371481 -0.00758365
v -0.03500384 -0.01426926 -0.00454944
v -0.01237334 -0.01706607 -0.00937653
v -0.03751533 -0.01460570 0.00951992
v -0.01466798 -0.02087355 0.00988492
v -0.02981473 -0.01712260 -0.00972519
v -0.00959970 -0.01752405 0.00453612
v -0.00972129 -0.01723728 0.00185621
v -0.00969190 -0.01798214 0.00737276
v -0.00906374 -0.01774121 0.00819045
v -0.00909812 -0.01801701 0.00874931
v -0.01026543 -0.01672767 -0.00449989
v -0.00957433 -0.01637943 -0.00362921
v -0.00955338 -0.01618069 -0.00536658
v -0.01081672 -0.01620432 -0.00938253
v -0.00942736 -0.01565544 -0.00849375
v -0.00954881 -0.01558316 -0.00900717
v -0.00884644 -0.01629054 -0.00050440
v -0.00757850 -0.01627996 0.00645700
v -0.00820211 -0.01621555 0.00247946
v -0.00910922 -0.01612468 -0.00310255
v -0.00927368 -0.01864430 0.00988339
v -0.00901334 -0.01860541 0.00948500
v -0.00773973 -0.01680926 0.00829447
v -0.00816327 -0.01521529 -0.00443718
v -0.00777711 -0.01731923 0.00903057
v -0.00799134 -0.01784233 0.00944781
v -0.00825866 -0.01458396 -0.00884308
v -0.00786599 -0.01464579 -0.00655171
v -0.00699582 -0.01499943 0.00126845
v -0.00662902 -0.01505528 0.00367312
v -0.00727254 -0.01480486 -0.00150389
v -0.00665483 -0.01589281 0.00839132
v -0.03384728 -0.01474775 -0.00981574
v -0.03594023 -0.01315465 -0.00886570
v -0.00814305 -0.01783587 0.00988085
v -0.00722696 -0.01728268 0.00967841
v -0.00692034 -0.01704435 0.00946825
v -0.00583898 -0.01466575 0.00630058
v -0.00639342 -0.01543912 0.00764474
v -0.00554394 -0.01488367 0.00848572
v -0.00707200 -0.01416866 -0.00454323
v -0.00924731 -0.01485182 -0.00956661
v -0.00797779 -0.01393043 -0.00940368
v -0.00612520 -0.01375248 -0.00100316
v -0.00690310 -0.01329805 -0.00854592
v -0.00652776 -0.01331559 -0.00641493
v -0.00570688 -0.01382658 0.00171316
v -0.00638923 -0.01443039 0.00185625
v -0.00620125 -0.01635332 0.00970196
v -0.00665438 -0.01281240 -0.00914618
v -0.00628268 -0.01633059 0.00931081
v -0.00534436 -0.01552003 0.00946091
v -0.00642025 -0.01231643 -0.00941867
v -0.01697064 0.01997653 0.00022974
v -0.01580908 0.01981254 0.00143322
v -0.01439572 0.01921534 -0.00026069
v -0.01557483 0.01941849 -0.00145653
v -0.01407117 0.01930635 0.00144101
v -0.01711701 0.02016845 0.00160390
v -0.01553410 0.01989196 0.00251610
v -0.01336794 0.01929468 0.00327896
v -0.01506948 0.01996842 0.00417252
v -0.01654724 0.02025498 0.00327022
v -0.01334203 0.01935826 0.00404229
v -0.01447545 0.01991672 0.00504293
v -0.01641575 0.02043998 0.00546575
v -0.01735056 0.02048682 0.00413125
v -0.01785283 0.02042036 0.00258726
v -0.01779120 0.01998556 -0.00089540
v -0.01868335 0.02030576 0.00049254
v -0.01820650 0.01985926 -0.00280345
v -0.01694658 0.01950678 -0.00336911
v -0.01557588 0.01911688 -0.00376476
v -0.01445281 0.01895326 -0.00235705
v -0.01457032 0.01878910 -0.00416626
v -0.01498526 0.02018373 0.00588349
v -0.01616639 0.02050365 0.00656907
v -0.01911143 0.01990880 -0.00371324
v -0.01871411 0.02003532 -0.00192401
v -0.01752208 0.02067982 0.00575287
v -0.01857427 0.02078665 0.00505044
v -0.01802209 0.02089220 0.00656263
v -0.01667860 0.02081722 0.00801568
v -0.01461184 0.02022984 0.00738571
v -0.01433270 0.02004162 0.00641538
v -0.01819889 0.01957491 -0.00536442
v -0.01584024 0.01915246 -0.00437301
v -0.01900363 0.01955192 -0.00732289
v -0.01732343 0.01925954 -0.00641584
v -0.01576016 0.01882196 -0.00732664
v -0.01914980 0.02099204 0.00594027
v -0.01452913 0.01856437 -0.00594374
v -0.01300367 0.01978620 0.00783363
v -0.01719071 0.01917451 -0.00751868
v -0.01898748 0.02112026 0.00742214
v -0.01983833 0.01975902 -0.00571343
v -0.01981260 0.02044230 0.00097235
v -0.01734011 0.02101015 0.00835082
v -0.01847945 0.02117683 0.00842864
v -0.02016210 0.02120717 0.00699973
v -0.01990779 0.02083789 0.00435980
v -0.01317048 0.01951344 0.00552831
v -0.01316165 0.01859113 -0.00134720
v -0.01377806 0.01816942 -0.00690061
v -0.02069463 0.02056245 0.00176110
v -0.01983653 0.02125552 0.00802330
v -0.02040368 0.02146412 0.00874160
v -0.01439030 0.02035741 0.00835116
v -0.01585860 0.02084465 0.00864071
v -0.01995114 0.01961102 -0.00753967
v -0.01975848 0.02011496 -0.00188496
v -0.02013345 0.02001724 -0.00330431
v -0.02106564 0.01975519 -0.00643729
v -0.02104163 0.01968171 -0.00820931
v -0.01826314 0.01943514 -0.00845587
v -0.01697448 0.01916191 -0.00846054
v -0.01761418 0.01923178 -0.00886672
v -0.01943119 0.01958169 -0.00776508
v -0.01971251 0.01955934 -0.00884431
v -0.01343462 0.01831421 -0.00451663
v -0.01306605 0.01878795 0.00035225
v -0.01447574 0.01840844 -0.00773045
v -0.01273980 0.01824072 -0.00241958
v -0.01184956 0.01853476 0.00232688
v -0.01229950 0.01928793 0.00688598
v -0.01294472 0.01786489 -0.00838600
v -0.01393220 0.01821740 -0.00881062
v -0.01495848 0.01847811 -0.00886383
v -0.01576284 0.01886969 -0.00794740
v -0.01605464 0.01884606 -0.00848576
v -0.01187089 0.01881711 0.00450519
v -0.01189203 0.01810349 -0.00066993
v -0.01237262 0.01767836 -0.00583164
v -0.01135802 0.01876366 0.00612002
v -0.02162810 0.02003252 -0.00379365
v -0.02190399 0.01991641 -0.00550202
v -0.02227747 0.01971791 -0.00725789
v -0.02117059 0.02109037 0.00610151
v -0.02110048 0.01960812 -0.00885530
v -0.02248706 0.01972845 -0.00843195
v -0.02138499 0.02028590 -0.00088663
v -0.02132726 0.02010050 -0.00248780
v -0.02128545 0.02081813 0.00405962
v -0.01689667 0.01881888 -0.00942749
v -0.01147981 0.01920880 0.00837327
v -0.01165214 0.01719155 -0.00688931
v -0.01170513 0.01832749 0.00161632
v -0.01178845 0.01752376 -0.00472803
v -0.01122037 0.01853397 0.00508405
v -0.01284013 0.02003278 0.00867195
v -0.01121988 0.01734279 -0.00351833
v -0.02225414 0.02005939 -0.00325803
v -0.02240925 0.02020065 -0.00117438
v -0.01170724 0.01728378 -0.00756169
v -0.01061289 0.01719685 -0.00194765
v -0.01118669 0.01831421 0.00331155
v -0.01075006 0.01685414 -0.00565541
v -0.01032912 0.01677138 -0.00379692
v -0.01084369 0.01853504 0.00685465
v -0.00991624 0.01809857 0.00757401
v -0.01047281 0.01752737 0.00064335
v -0.01043862 0.01778014 0.00274462
v -0.01164851 0.01712728 -0.00875174
v -0.00989888 0.01617228 -0.00718571
v -0.02056980 0.02122751 0.00680635
v -0.02223020 0.02120310 0.00784688
v -0.02259527 0.02054737 0.00241485
v -0.02241958 0.02091291 0.00536462
v -0.02224047 0.02141573 0.00879940
v -0.02307856 0.01980767 -0.00497808
v -0.01014671 0.01624324 -0.00847291
v -0.00905219 0.01736348 0.00639475
v -0.01003381 0.01852734 0.00859668
v -0.00935773 0.01725734 0.00442485
v -0.00891452 0.01716687 0.00566137
v -0.01304652 0.01754168 -0.00938941
v -0.01584358 0.01834909 -0.00941414
v -0.00942559 0.01600840 -0.00560644
v -0.01212883 0.01707440 -0.00930729
v -0.00912728 0.01695431 0.00307923
v -0.00933930 0.01683939 0.00111413
v -0.00919064 0.01624884 -0.00202828
v -0.00927697 0.01653414 -0.00060741
v -0.00812190 0.01686106 0.00744454
v -0.00884356 0.01582183 -0.00302810
v -0.00870171 0.01753968 0.00840150
v -0.00776186 0.01694523 0.00856340
v -0.00950230 0.01803757 0.00835577
v -0.01046570 0.01615901 -0.00934231
v -0.00785772 0.01622242 0.00466953
v -0.00759555 0.01584607 0.00330370
v -0.00741121 0.01609805 0.00610827
v -0.00972433 0.01571917 -0.00915468
v -0.00824778 0.01602468 0.00111362
v -0.00791175 0.01594174 0.00242084
v -0.00836333 0.01587639 -0.00034434
v -0.00891993 0.01535242 -0.00854160
v -0.00909282 0.01555643 -0.00694691
v -0.00796864 0.01471880 -0.00631896
v -0.00842386 0.01528603 -0.00479565
v -0.00714885 0.01574219 0.00539396
v -0.01666011 0.02141943 0.00947092
v -0.01864207 0.02157979 0.00911987
v -0.01950526 0.02188697 0.00946952
v -0.01882628 0.02180737 0.00982118
v -0.01695702 0.02141514 0.00988367
v -0.01546215 0.02115343 0.00975293
v -0.01443982 0.02080809 0.00908820
v -0.01362282 0.02066935 0.00947491
v -0.01244831 0.02023960 0.00933723
v -0.02086742 0.02193113 0.00993989
v -0.02200857 0.02193849 0.00948426
v -0.02252782 0.01949834 -0.00915690
v -0.01178748 0.01987399 0.00919201
v -0.01124969 0.01962608 0.00963069
v -0.01017487 0.01904934 0.00927876
v -0.00766858 0.01482775 -0.00313642
v -0.00710426 0.01455687 -0.00169894
v -0.00704475 0.01480640 -0.00009542
v -0.00613724 0.01525159 0.00797655
v -0.00796420 0.01460550 -0.00689146
v -0.00817717 0.01470709 -0.00786892
v -0.00658772 0.01490150 0.00307224
v -0.00658200 0.01455424 0.00098979
v -0.00605761 0.01479415 0.00577705
v -0.00701750 0.01623252 0.00839914
v -0.01525062 0.01812801 -0.00957187
v -0.01718499 0.01862069 -0.00959044
v -0.00920334 0.01845961 0.00944222
v -0.00820442 0.01780443 0.00933149
v -0.00858985 0.01799644 0.00970918
v -0.00598268 0.01542895 0.00870075
v -0.02365221 0.02085761 0.00649694
v -0.02366795 0.02017000 -0.00006015
v -0.02384528 0.01988426 -0.00253346
v -0.02278858 0.02185810 0.00983551
v -0.00744042 0.01717202 0.00916313
v -0.00679112 0.01672367 0.00945641
v -0.01317328 0.02032736 0.00988491
v -0.00885956 0.01480874 -0.00945326
v -0.00780377 0.01422657 -0.00890478
v -0.02329149 0.01957900 -0.00738250
v -0.02458388 0.02089386 0.00796647
v -0.02276421 0.02118359 0.00828530
v -0.02328123 0.02160209 0.00921285
v -0.02493128 0.02103876 0.00868485
v -0.02517553 0.02146477 0.00952724
v -0.02358662 0.01958626 -0.00808230
v -0.02378627 0.02029949 0.00158327
v -0.02541269 0.01991692 0.00010636
v -0.02480210 0.02037017 0.00363336
v -0.02469405 0.02050752 0.00478015
v -0.02507032 0.01964260 -0.00299575
v -0.02461747 0.01943248 -0.00578175
v -0.02396365 0.01934149 -0.00909136
v -0.02435432 0.01941497 -0.00864550
v -0.02566209 0.02002493 0.00210350
v -0.02566261 0.02050077 0.00652626
v -0.02515593 0.02144751 0.00989544
v -0.02507222 0.01928899 -0.00798271
v -0.02061043 0.01924023 -0.00943218
v -0.01835218 0.01885854 -0.00957271
v -0.02515198 0.01917112 -0.00739811
v -0.02667602 0.02004634 0.00463613
v -0.01000946 0.01870559 0.00990858
v -0.02689864 0.01883720 -0.00847111
v -0.02605230 0.01893879 -0.00899181
v -0.02658196 0.02033758 0.00726897
v -0.02635243 0.02060428 0.00843152
v -0.02614958 0.01936695 -0.00303600
v -0.02658886 0.01878939 -0.00694237
v -0.02703715 0.02103654 0.00980831
v -0.02646722 0.02115619 0.00948489
v -0.02710039 0.01969548 0.00254770
v -0.02700585 0.01947439 0.00011623
v -0.02832542 0.01948920 0.00377460
v -0.02721115 0.02001292 0.00587812
v -0.02773362 0.02024750 0.00858406
v -0.02726726 0.01867901 -0.00748077
v -0.02867829 0.01968265 0.00706910
v -0.02917397 0.01942186 0.00597901
v -0.02934719 0.01859882 -0.00109079
v -0.02814673 0.01860992 -0.00409296
v -0.02145437 0.01915590 -0.00952650
v -0.02715647 0.01852421 -0.00925355
v -0.02872870 0.01826176 -0.00534835
v -0.02958737 0.01826082 -0.00304944
v -0.02817654 0.01830897 -0.00721999
v -0.02885461 0.01907170 0.00190760
v -0.02909370 0.01873144 -0.00034947
v -0.02982432 0.01863969 0.00128441
v -0.02948981 0.01912732 0.00417477
v -0.03018644 0.01833058 -0.00021858
v -0.02895924 0.01817839 -0.00846724
v -0.02937270 0.01797996 -0.00874931
v -0.02952253 0.01956867 0.00836534
v -0.03022540 0.01909322 0.00686934
v -0.02847989 0.02050869 0.00950097
v -0.02873180 0.02043930 0.00988641
v -0.03067092 0.01917953 0.00873292
v -0.03006180 0.01992231 0.00986924
v -0.02973164 0.02004567 0.00950559
v -0.02940304 0.01989536 0.00908519
v -0.03046124 0.01755669 -0.00528247
v -0.02997841 0.01761443 -0.00697106
v -0.03062659 0.01747090 -0.00789670
v -0.03092583 0.01862654 0.00563221
v -0.03067503 0.01862093 0.00423097
v -0.03136005 0.01931528 0.00953863
v -0.03078732 0.01821834 0.00148867
v -0.03155072 0.01861360 0.00824939
v -0.03098848 0.01769582 -0.00203576
v -0.03228193 0.01854639 0.00908778
v -0.03078634 0.01725552 -0.00640082
v -0.03136494 0.01698431 -0.00784141
v -0.03089102 0.01714040 -0.00890762
v -0.03171544 0.01759159 0.00067355
v -0.03189890 0.01659348 -0.00874678
v -0.03189363 0.01691551 -0.00402921
v -0.03275595 0.01854600 0.00988115
v -0.03247573 0.01873456 0.00950538
v -0.03155900 0.01674918 -0.00615135
v -0.03197704 0.01753542 0.00183694
v -0.03302818 0.01750032 0.00667706
v -0.03300630 0.01777155 0.00827547
v -0.03230838 0.01772622 0.00492762
v -0.03225775 0.01694238 -0.00158606
v -0.03258130 0.01617716 -0.00830235
v -0.00698329 0.01666697 0.00982713
v -0.03384681 0.01784185 0.00959062
v -0.03432507 0.01737328 0.00941873
v -0.03342417 0.01660577 0.00223070
v -0.03356110 0.01678102 0.00425785
v -0.03269156 0.01600739 -0.00604318
v -0.03269908 0.01599975 -0.00755777
v -0.03408938 0.01704578 0.00831619
v -0.03317114 0.01646535 -0.00037901
v -0.03340642 0.01584352 -0.00379711
v -0.03475784 0.01611479 0.00598428
v -0.03520232 0.01628907 0.00867115
v -0.03486298 0.01571204 0.00380686
v -0.03415330 0.01594739 0.00148616
v -0.03389252 0.01575926 -0.00136830
v -0.03331967 0.01553357 -0.00592722
v -0.03336923 0.01534327 -0.00712608
v -0.03373195 0.01515182 -0.00739506
v -0.03568062 0.01477107 0.00236259
v -0.03564157 0.01558499 0.00707156
v -0.03622404 0.01548460 0.00884175
v -0.03385937 0.01514064 -0.00849972
v -0.03587255 0.01619842 0.00951747
v -0.03492640 0.01686965 0.00987789
v -0.03613060 0.01593503 0.00985089
v -0.03496290 0.01502117 0.00003129
v -0.03617491 0.01486456 0.00597499
v -0.00621510 0.01618057 0.00919904
v -0.00581473 0.01588288 0.00960199
v -0.00209634 -0.00708375 0.00211395
v -0.00184290 -0.00590801 0.00119860
v -0.00223692 -0.00652018 -0.00019258
v -0.00148376 -0.00578472 0.00372663
v -0.00118514 -0.00407343 0.00258515
v -0.00078347 -0.00390640 0.00493957
v -0.00111975 -0.00521607 0.00536404
v -0.00158270 -0.00439181 0.00048741
v -0.00082587 -0.00310007 0.00345746
v -0.00076180 -0.00426907 0.00620302
v -0.00212493 -0.00549095 -0.00198972
v -0.00186266 -0.00437939 -0.00197395
v -0.00217225 -0.00452778 -0.00380202
v -0.00245597 -0.00567588 -0.00381069
v -0.00267545 -0.00692347 -0.00258563
v -0.00225902 -0.00398365 -0.00572236
v -0.00263277 -0.00491928 -0.00697542
v -0.00289802 -0.00638374 -0.00549940
v -0.00177671 -0.00688723 0.00464075
v -0.00284746 -0.00529230 -0.00748131
v -0.00062164 -0.00407434 0.00728659
v -0.00020005 -0.00281225 0.00804440
v -0.00045705 -0.00399092 0.00822199
v -0.00102089 -0.00572070 0.00831776
v -0.00033339 -0.00208870 0.00560437
v -0.00013692 -0.00186142 0.00741603
v 0.00016983 -0.00107751 0.00848532
v -0.00152203 -0.00298324 -0.00104640
v -0.00118568 -0.00259786 0.00097117
v -0.00098892 -0.00239001 0.00204332
v -0.00183964 -0.00262254 -0.00368443
v -0.00190845 -0.00152788 -0.00618302
v -0.00147106 -0.00137811 -0.00242410
v -0.00172933 -0.00294289 -0.00248463
v -0.00118799 -0.00139283 -0.00022061
v -0.00223427 -0.00251088 -0.00697633
v -0.00252449 -0.00344350 -0.00741825
v -0.00152584 -0.00027499 -0.00420641
v -0.00124209 -0.00009390 -0.00175787
v -0.00030975 -0.00039395 0.00474646
v -0.00013488 -0.00039871 0.00613922
v -0.00188162 -0.00004520 -0.00676328
v -0.00103474 -0.00047585 0.00085744
v -0.00070836 -0.00136053 0.00307351
v -0.00001406 -0.00009960 0.00760551
v -0.00058545 0.00009424 0.00341518
v -0.00095491 0.00053454 0.00137311
v -0.00121185 0.00142260 -0.00037990
v 0.00017536 -0.00000524 0.00845050
v -0.00224302 -0.00111266 -0.00739372
v -0.00145913 0.00133295 -0.00352105
v -0.00125335 0.00118909 -0.00204566
v -0.00173642 0.00117791 -0.00539445
v -0.00012259 0.00104535 0.00666441
v -0.00004433 0.00148713 0.00783222
v -0.00046969 0.00145067 0.00433393
v 0.00044333 -0.00205759 0.00944920
v 0.00024093 -0.00248089 0.00880232
v 0.00033557 -0.00415964 0.00956282
v 0.00036047 0.00096942 0.00947077
v 0.00019991 0.00138638 0.00865213
v 0.00020511 0.00243108 0.00883635
v 0.00043229 0.00296278 0.00965438
v -0.00102892 0.00232043 0.00165658
v -0.00194956 0.00113962 -0.00668239
v -0.00144082 -0.00645607 0.00797710
v -0.00291897 -0.00805617 -0.00087559
v -0.00002118 -0.00285183 0.00852013
v -0.00287363 -0.00838252 0.00084949
v -0.00174421 -0.00698987 0.00660923
v -0.00332659 -0.00652112 -0.00736679
v -0.00369086 -0.00794956 -0.00612606
v -0.00398421 -0.00807131 -0.00740936
v -0.00341135 -0.00825050 -0.00343762
v 0.00008551 -0.00415330 0.00894348
v -0.00209850 0.00021964 -0.00736851
v -0.00001997 -0.00535024 0.00946156
v -0.00032622 0.00242911 0.00610436
v -0.00059505 0.00283655 0.00452653
v -0.00147481 0.00303702 -0.00100432
v -0.00206556 0.00273609 -0.00625100
v -0.00018075 0.00270331 0.00820510
v -0.00177599 0.00298492 -0.00348715
v -0.00155661 0.00263422 -0.00268899
v -0.00248044 0.00353940 -0.00737771
v -0.00145688 0.00403622 0.00051707
v -0.00108068 0.00388104 0.00285025
v -0.00184039 0.00407139 -0.00283661
v -0.00211968 0.00448856 -0.00416945
v -0.00233719 0.00399459 -0.00643543
v -0.00074444 0.00413886 0.00544734
v -0.00211145 0.00531937 -0.00290220
v -0.00192413 0.00530034 -0.00101109
v -0.00167170 0.00524243 0.00089124
v -0.00051165 0.00390540 0.00793122
v -0.00271446 0.00663617 -0.00470008
v -0.00279427 0.00614598 -0.00574562
v 0.00018931 0.00401916 0.00946911
v -0.00273163 0.00549706 -0.00690965
v -0.00289574 0.00534083 -0.00744122
v -0.00275907 0.00437734 -0.00745624
v -0.00150757 0.00564726 0.00310225
v -0.00197700 0.00659585 0.00136967
v -0.00128791 0.00547103 0.00430263
v -0.00217993 0.00680476 0.00065211
v -0.00016038 0.00390011 0.00868891
v -0.00018586 0.00504516 0.00898955
v -0.00007854 0.00521179 0.00948966
v -0.00244607 0.00694243 -0.00132527
v -0.00250693 0.00681967 -0.00239086
v -0.00248720 0.00614490 -0.00363137
v -0.00111892 0.00561680 0.00669294
v -0.00334482 0.00712800 -0.00673309
v -0.00279505 0.00704844 -0.00359110
v -0.00112865 0.00566508 0.00758062
v -0.00103383 0.00569893 0.00839622
v -0.00059032 0.00453462 0.00845377
v -0.00206591 0.00743895 0.00391775
v -0.00168116 0.00690671 0.00615166
v -0.00276513 0.00850285 0.00169147
v -0.00303341 0.00801045 -0.00247632
v -0.00292092 0.00803026 -0.00124232
v -0.00066497 0.00620880 0.00901260
v 0.00009469 0.00560004 0.00961456
v -0.00039146 0.00606584 0.00947798
v -0.00310923 0.00868972 0.00028773
v -0.00146972 0.00668131 0.00849922
v -0.00203818 0.00785104 0.00814279
v -0.00206691 0.00818225 0.00858767
v -0.00254470 0.00864942 0.00529639
v -0.00302275 0.00924673 0.00291765
v -0.00349697 0.00823444 -0.00461531
v -0.00388280 0.00821740 -0.00688012
v -0.00070013 0.00683183 0.00950257
v -0.00324325 0.00648226 -0.00709315
v -0.00337530 0.00819120 -0.00355345
v -0.00042538 -0.00582721 0.00898769
v -0.00167426 -0.00713272 0.00832339
v -0.00282071 -0.00926595 0.00759161
v -0.00222367 -0.00833909 0.00837124
v -0.00231140 -0.00809916 0.00539023
v -0.00091053 -0.00683863 0.00897085
v -0.00317490 -0.00945433 0.00282617
v -0.00048223 -0.00645729 0.00955095
v -0.00383829 -0.00948939 -0.00209056
v -0.00080185 -0.00730939 0.00967832
v -0.00312265 -0.00972679 0.00565351
v -0.00279368 -0.00945508 0.00845256
v -0.00451441 -0.00969599 -0.00552139
v -0.00513243 -0.01018869 -0.00741385
v -0.00281698 -0.00909931 0.00600283
v -0.00426670 -0.00976781 -0.00345734
v -0.00359610 -0.00673541 -0.00768567
v -0.00322900 -0.00571760 -0.00772734
v -0.00431482 -0.01075085 0.00014447
v -0.00389444 -0.01070439 0.00327265
v -0.00373620 -0.01077813 0.00671592
v -0.00358350 -0.01069095 0.00838579
v -0.00436165 -0.01117882 0.00209449
v -0.00138440 -0.00770911 0.00897481
v -0.00141135 -0.00872056 0.00976698
v -0.00427074 -0.01141831 0.00510419
v -0.00479417 -0.01089453 -0.00213672
v -0.00539451 -0.01125136 -0.00411084
v -0.00548861 -0.01105461 -0.00589377
v -0.00494393 -0.01257594 0.00754526
v -0.00427822 -0.01183583 0.00843866
v -0.00522306 -0.01314485 0.00846438
v -0.00526166 -0.01219354 0.00100078
v -0.00530836 -0.01171747 -0.00139480
v -0.00203350 -0.00982172 0.00973599
v -0.00245514 -0.00983228 0.00900217
v -0.00256107 -0.01090149 0.00974763
v -0.00494074 -0.01221133 0.00404641
v -0.00564780 -0.01328123 0.00574162
v -0.00586482 -0.01366898 0.00672643
v -0.00596089 -0.01391512 0.00814464
v -0.00588346 -0.01111702 -0.00741197
v -0.00673319 -0.01298193 -0.00313313
v -0.00678273 -0.01500224 0.00860645
v -0.00649354 -0.01373890 0.00183152
v -0.00613823 -0.01369066 0.00468076
v -0.00686947 -0.01226733 -0.00734937
v -0.00773939 -0.01341180 -0.00678231
v -0.00726778 -0.01349625 -0.00370554
v -0.00628670 -0.01290092 -0.00085345
v -0.00696872 -0.01417026 0.00143406
v -0.00685982 -0.01205118 -0.00772493
v -0.00750069 -0.01287323 -0.00754058
v -0.00811351 -0.01360316 -0.00746973
v -0.00321096 -0.01195940 0.00980943
v -0.00378320 -0.01220698 0.00916599
v -0.00444005 -0.01310503 0.00916081
v -0.00397354 -0.01292541 0.00977135
v -0.00465819 -0.01387319 0.00974564
v -0.00529623 -0.01422980 0.00920081
v -0.00525299 -0.01475809 0.00973101
v -0.00800569 -0.01435612 -0.00257969
v -0.00726073 -0.01503645 0.00635011
v -0.00814119 -0.01479037 -0.00069080
v -0.00733276 -0.01530217 0.00824901
v -0.00868922 -0.01464148 -0.00504528
v -0.00864791 -0.01417274 -0.00712630
v -0.00764671 -0.01488888 0.00216767
v -0.00496602 -0.00929845 -0.00773680
v -0.00441233 -0.00844797 -0.00772033
v -0.00896200 -0.01535280 -0.00166567
v -0.00917639 -0.01598675 0.00074769
v -0.00605019 -0.01074110 -0.00785118
v -0.00821153 -0.01580681 0.00593998
v -0.00862449 -0.01580707 0.00315538
v -0.00823389 -0.01608719 0.00842803
v -0.00265001 0.00245779 -0.00769766
v -0.00384173 0.00789168 -0.00699562
v -0.00136011 0.00768581 0.00902906
v -0.00112943 0.00811524 0.00968939
v -0.00295612 0.00949069 0.00626122
v -0.00262548 0.00907476 0.00855853
v -0.00311373 0.01006049 0.00852343
v -0.00368495 0.00917871 -0.00240207
v 0.00071453 -0.00004361 0.00973826
v 0.00075003 -0.00224388 0.00972279
v -0.00433713 0.00964484 -0.00463642
v -0.00365728 0.00994104 0.00149938
v -0.00435802 0.01045709 -0.00127330
v -0.00422493 0.01008101 -0.00196158
v -0.00379157 0.01075258 0.00477738
v -0.00428961 0.00972933 -0.00335171
v -0.00398702 0.00909312 -0.00337878
v -0.00399592 0.01122220 0.00659358
v -0.00402107 0.01080300 0.00274205
v -0.00222981 0.00936564 0.00907934
v -0.00473605 0.00951255 -0.00686548
v -0.00200425 0.00992025 0.00969511
v -0.00257899 0.01047655 0.00930142
v -0.00496941 0.01092280 -0.00285738
v -0.00514779 0.01074909 -0.00461640
v -0.00439371 0.01102709 0.00147230
v -0.00279252 0.01116890 0.00965976
v -0.00450673 0.01174222 0.00431874
v -0.00466891 0.01230560 0.00815347
v -0.00410486 0.01169065 0.00864976
v -0.00579334 0.01108220 -0.00657713
v -0.00526480 0.01018259 -0.00699608
v -0.00487661 0.01243043 0.00662247
v -0.00354146 0.01177205 0.00922874
v -0.00434746 0.01296312 0.00925597
v -0.00360061 0.01243287 0.00972504
v -0.00620841 -0.01561791 0.00969416
v -0.00718952 -0.01597935 0.00912635
v -0.00697770 -0.01637037 0.00973087
v -0.00539086 -0.00986046 -0.00766826
v -0.04148278 0.00105567 0.00075970
v -0.04146409 0.00217396 0.00193954
v -0.04134647 0.00157685 -0.00028613
v -0.04173229 0.00130759 0.00369333
v -0.04151494 0.00290968 0.00357358
v -0.04114993 0.00366643 0.00144196
v -0.04087849 0.00449897 0.00043026
v -0.04117915 0.00404850 0.00251692
v -0.04107125 0.00267800 -0.00172856
v -0.04116036 0.00154429 -0.00269226
v -0.04066007 0.00311431 -0.00429066
v -0.04063520 0.00403954 -0.00292279
v -0.04059666 0.00478955 -0.00151776
v -0.04094920 0.00516865 0.00296622
v -0.04128064 0.00433373 0.00414846
v -0.04155582 0.00347420 0.00543192
v -0.04169031 0.00370721 0.00745489
v -0.04138871 0.00452111 0.00621543
v -0.04109040 0.00533992 0.00495200
v -0.04053206 0.00565552 0.00033367
v -0.04119433 0.00550423 0.00686883
v -0.04001344 0.00532294 -0.00517951
v -0.04017734 0.00561521 -0.00303466
v -0.04013749 0.00418279 -0.00650479
v -0.03980757 0.00504406 -0.00754956
v -0.04022945 0.00305278 -0.00759391
v -0.04078459 0.00672787 0.00603336
v -0.04103634 0.00699037 0.00778940
v -0.03923395 0.00688530 -0.00762759
v -0.04071851 0.00138674 -0.00549568
v -0.04041932 0.00146074 -0.00758210
v -0.03999603 0.00673099 -0.00119921
v -0.04139276 0.00606656 0.00834806
v -0.04033191 0.00755223 0.00457465
v -0.04017388 0.00706080 0.00169195
v -0.04039103 0.00803567 0.00629596
v -0.03952269 0.00660773 -0.00561148
v -0.03952041 0.00717241 -0.00413987
v -0.03901943 0.00807355 -0.00535437
v -0.04075227 0.00776682 0.00780348
v -0.04178460 0.00478859 0.00869807
v -0.04119352 0.00742200 0.00891109
v -0.03918432 0.00836434 -0.00281147
v -0.03957190 0.00815622 -0.00009301
v -0.03994255 0.00947348 0.00693063
v -0.03952383 0.00953936 0.00471700
v -0.03970813 0.00829256 0.00200506
v -0.03863383 0.00832978 -0.00763999
v -0.03965107 0.00874669 0.00316339
v -0.04040412 0.00943917 0.00881977
v -0.04213190 0.00146463 0.00826766
v -0.04197026 0.00153369 0.00741848
v -0.04188348 0.00091056 0.00561780
v -0.04113612 0.00038033 -0.00353308
v -0.04048262 0.00014589 -0.00757743
v -0.04137513 0.00025177 -0.00115263
v -0.04105996 0.00845954 0.00956255
v -0.03840573 0.00982339 -0.00365150
v -0.04170382 -0.00005254 0.00267139
v -0.04188607 -0.00018238 0.00509307
v -0.03830096 0.00945549 -0.00576643
v -0.03902306 0.00974733 0.00214108
v -0.03934382 0.00932264 0.00328346
v -0.03865182 0.01063382 0.00276087
v -0.03834459 0.01055683 -0.00045825
v -0.03862975 0.01112778 0.00428226
v -0.03910589 0.01089506 0.00630646
v -0.03908620 0.00902120 -0.00070833
v -0.03990438 0.01014540 0.00828938
v -0.03956072 0.00631792 -0.00901557
v -0.04013671 0.00410621 -0.00866247
v -0.03964965 0.00559597 -0.00942377
v -0.04004464 0.00406360 -0.00939833
v -0.04038825 0.00228557 -0.00940509
v -0.04052815 0.00189796 -0.00884975
v -0.04056406 0.00068220 -0.00945646
v -0.04044261 0.00216801 -0.00819823
v -0.03876704 0.00831318 -0.00866912
v -0.04064845 0.00003587 -0.00874537
v -0.04055395 0.00974331 0.00973695
v -0.04005377 0.01039120 0.00905452
v -0.03908738 0.01174066 0.00840620
v -0.04168037 0.00666042 0.00953369
v -0.03896722 0.00727840 -0.00948971
v -0.03827975 0.00918466 -0.00915098
v -0.03753921 0.01066771 -0.00853934
v -0.03739013 0.01088660 -0.00907808
v -0.03763494 0.01026293 -0.00770332
v -0.03752522 0.01070769 -0.00611927
v -0.03776918 0.01125891 -0.00204859
v -0.03736639 0.01168568 -0.00303681
v -0.04000329 0.01096031 0.00947120
v -0.04008083 0.01073604 0.00989422
v -0.03833919 0.01233826 0.00680525
v -0.03773408 0.01200210 0.00185991
v -0.03781603 0.01238491 0.00416794
v -0.04212172 0.00504734 0.00970069
v -0.04220746 0.00368087 0.00923456
v -0.04249432 0.00271024 0.00955130
v -0.03848122 0.01280061 0.00872543
v -0.03681830 0.01153212 -0.00740738
v -0.03943255 0.01196582 0.00959340
v -0.03687774 0.01169223 -0.00820711
v -0.04212974 0.00005669 0.00807713
v -0.04196760 -0.00117409 0.00696719
v -0.04059974 -0.00123254 -0.00921785
v -0.04225239 0.00222073 0.00887589
v -0.04259986 0.00155929 0.00963145
v -0.03633362 0.01255328 -0.00530343
v -0.04116018 0.00800225 0.00982382
v -0.03659456 0.01369706 0.00231169
v -0.03635937 0.01321412 -0.00178611
v -0.03604122 0.01323818 -0.00363800
v -0.03620891 0.01240624 -0.00717734
v -0.03590363 0.01289815 -0.00905907
v -0.03556462 0.01345334 -0.00837517
v -0.03720716 0.01354522 0.00557048
v -0.03758776 0.01358914 0.00759819
v -0.03611293 0.01458468 0.00412239
v -0.04258447 0.00084365 0.00960353
v -0.04212859 -0.00127631 0.00829475
v -0.04110008 -0.00083163 -0.00363300
v -0.04131884 -0.00103827 -0.00144235
v -0.04071499 -0.00059846 -0.00600754
v -0.04046444 -0.00110295 -0.00753651
v -0.04154702 -0.00105917 0.00139321
v -0.04259792 -0.00049163 0.00960448
v -0.04259550 0.00031720 0.00965242
v -0.04178904 -0.00122358 0.00429744
v -0.03933797 0.01201573 0.00991324
v -0.03859079 0.01310323 0.00951777
v -0.03740203 0.01414806 0.00875848
v -0.04074512 -0.00223652 -0.00497565
v -0.04157686 -0.00244424 0.00318711
v -0.04258308 -0.00206159 0.00956762
v -0.04259537 -0.00127619 0.00965257
v -0.04112559 -0.00200496 -0.00251176
v -0.04051822 -0.00222898 -0.00875175
v -0.04140217 -0.00220866 0.00110617
v -0.03617491 0.01486456 0.00597499
v -0.03541385 0.01335204 -0.00717991
v -0.03773192 0.01424022 0.00949929
v -0.03847525 0.01317235 0.00987642
v -0.03530391 0.01365047 -0.00582488
v -0.03568062 0.01477107 0.00236259
v -0.03581672 0.01409176 -0.00039549
v -0.03485793 0.01414567 -0.00886048
v -0.03736430 0.01465357 0.00986303
v -0.04239753 0.00279573 0.00986103
v -0.03564157 0.01558499 0.00707156
v -0.03622404 0.01548460 0.00884175
v -0.03497008 0.01467043 -0.00206216
v -0.03481109 0.01442806 -0.00430360
v -0.03468941 0.01411093 -0.00714698
v -0.03698384 0.01508359 0.00947440
v -0.03656460 0.01177503 -0.00937836
v -0.03496290 0.01502117 0.00003129
v -0.04181742 -0.00301777 0.00747285
v -0.04180483 -0.00374774 0.00811960
v -0.04166649 -0.00308170 0.00571455
v -0.04041371 -0.00250039 -0.00946480
v -0.04028115 -0.00262218 -0.00747818
v -0.04040306 -0.00156454 -0.00964178
v -0.04161174 0.00637363 0.00992732
v -0.04215231 -0.00336700 0.00904480
v -0.03749733 0.01013045 -0.00951918
v -0.04141822 -0.00449029 0.00641531
v -0.04120689 -0.00352357 0.00135954
v -0.04117042 -0.00452205 0.00322157
v -0.03613060 0.01593503 0.00985089
v -0.03587255 0.01619842 0.00951747
v -0.03385937 0.01514064 -0.00849972
v -0.03373195 0.01515182 -0.00739506
v -0.03486298 0.01571204 0.00380686
v -0.03340642 0.01584352 -0.00379711
v -0.03336923 0.01534327 -0.00712608
v -0.03389252 0.01575926 -0.00136830
v -0.04180464 -0.00507975 0.00885966
v -0.04083756 -0.00362098 -0.00222954
v -0.04250251 0.00023201 0.00993878
v -0.04248973 0.00088489 0.00987893
v -0.04046777 -0.00407423 -0.00441382
v -0.04001630 -0.00390766 -0.00744389
v -0.04001263 -0.00452728 -0.00944626
v -0.04019892 -0.00386051 -0.00861886
v -0.03985950 -0.00463581 -0.00734024
v -0.04095781 -0.00594733 0.00531741
v -0.04110071 -0.00669293 0.00782231
v -0.04085093 -0.00691215 0.00683582
v -0.03949012 -0.00668252 -0.00932340
v -0.03947317 -0.00602459 -0.00734538
v -0.04071375 -0.00538215 0.00122854
v -0.04038439 -0.00555494 -0.00129851
v -0.04254769 -0.00250608 0.00958618
v -0.04220822 -0.00458296 0.00943549
v -0.04140364 -0.00666181 0.00884317
v -0.03987384 -0.00600131 -0.00449343
v -0.04050192 -0.00677932 0.00332689
v -0.04052954 -0.00724940 0.00506063
v -0.04106789 -0.00805775 0.00913325
v -0.04051157 -0.00860489 0.00802293
v -0.04017397 -0.00859259 0.00624166
v -0.04180486 -0.00632002 0.00943348
v -0.04205932 -0.00523749 0.00980186
v -0.04222247 -0.00400777 0.00984481
v -0.04250878 -0.00311024 0.00963497
v -0.03965571 -0.00745049 -0.00191160
v -0.03991607 -0.00779162 0.00165829
v -0.03907027 -0.00718077 -0.00727957
v -0.03922990 -0.00843975 -0.00218331
v -0.04035812 0.00079355 -0.00968361
v -0.03952567 -0.00864080 0.00113399
v -0.03961361 -0.00910736 0.00346538
v -0.03896920 -0.00807109 -0.00904330
v -0.04249284 -0.00043205 0.00984669
v -0.03971653 -0.00991851 0.00676199
v -0.04006749 -0.00977604 0.00828445
v -0.03952074 -0.00986894 0.00557970
v -0.03860978 -0.00901331 -0.00485668
v -0.03856262 -0.00834547 -0.00737840
v -0.03868823 -0.00836078 -0.00792915
v -0.04039263 -0.01006077 0.00944356
v -0.03976157 -0.00491048 -0.00968564
v -0.03893418 -0.00773409 -0.00967009
v -0.03848281 -0.00919938 -0.00917611
v -0.03814356 -0.00965413 -0.00966953
v -0.03789376 -0.01042426 -0.00942413
v -0.03876628 -0.00953288 -0.00170187
v -0.03896072 -0.00978812 0.00102083
v -0.03898823 -0.01030250 0.00325166
v -0.03798580 -0.01018325 -0.00853638
v -0.03760823 -0.01099485 -0.00880854
v -0.04092426 -0.00884841 0.00950727
v -0.04133496 -0.00771693 0.00989324
v -0.04071066 -0.00932527 0.00977508
v -0.03940657 -0.01118604 0.00854231
v -0.04240999 -0.00206382 0.00990798
v -0.04244265 -0.00244576 0.00980302
v -0.03783886 -0.01030228 -0.00558099
v -0.03790459 -0.01086687 -0.00293847
v -0.03763249 -0.01024063 -0.00737327
v -0.03911725 -0.01116151 0.00699758
v -0.03863732 -0.01138051 0.00506791
v -0.04146013 -0.00747587 0.00943810
v -0.04160395 -0.00695211 0.00985231
v -0.04176019 -0.00601678 0.00988260
v -0.03999459 -0.01099042 0.00948364
v -0.04002140 -0.01097337 0.00980306
v -0.04032182 -0.00991974 0.00983817
v -0.03985318 0.00381455 -0.00965286
v -0.03742655 -0.01118475 -0.00962485
v -0.03861654 -0.01257708 0.00861317
v -0.04240048 -0.00297076 0.00990336
v -0.03795144 -0.01159850 0.00146437
v -0.03693561 -0.01207602 -0.00920163
v -0.03932001 -0.01214351 0.00980518
v -0.03899550 -0.01266855 0.00947974
v -0.03798796 -0.01199679 0.00350361
v -0.03843231 -0.01226553 0.00704796
v -0.03701247 -0.01162699 -0.00547746
v -0.03650041 -0.01204847 -0.00734811
v -0.03762375 -0.01327843 0.00648329
v -0.03724232 -0.01199846 -0.00231648
v -0.03728466 -0.01257201 0.00116804
v -0.03740059 -0.01288719 0.00364335
v -0.03647286 -0.01250723 -0.00471449
v -0.03739321 -0.01399968 0.00809842
v -0.03814223 -0.01379334 0.00948010
v -0.03626039 -0.01336704 -0.00192448
v -0.03655295 -0.01346306 0.00061136
v -0.03639063 -0.01406505 0.00289493
v -0.03634643 -0.01462469 0.00565465
v -0.03516470 -0.01371481 -0.00758365
v -0.03577261 -0.01352877 -0.00393086
v -0.03500384 -0.01426926 -0.00454944
v -0.03547980 -0.01466245 0.00035401
v -0.03509658 -0.01474161 -0.00152488
v -0.03628999 -0.01239740 -0.00759407
v -0.03671923 -0.01233955 -0.00880724
v -0.03638847 -0.01523751 0.00864271
v -0.03751533 -0.01460570 0.00951992
v -0.03773378 -0.01428252 0.00984428
v -0.03873098 -0.01282195 0.00984590
v -0.03680792 -0.01176835 -0.00981290
v -0.03606977 -0.01294119 -0.00948607
v -0.03594023 -0.01315465 -0.00886570
v -0.03549653 -0.01360375 -0.00946409
v -0.03650219 -0.01561181 0.00983376
v -0.04193902 0.00466065 0.00998829
v -0.03783398 -0.01086823 0.00205113
v -0.03880968 -0.00929365 0.00219714
v -0.03800900 -0.01086075 0.00412239
v -0.03828330 -0.00977337 -0.00041627
v -0.03771109 -0.01073343 -0.00007061
v -0.03852191 -0.01000897 0.00374287
v -0.03868983 -0.00993177 0.00480229
v -0.03821344 -0.01078982 0.00552042
v -0.03820590 -0.00959774 -0.00169861
v -0.03738867 -0.01059867 -0.00365500
v -0.03807263 -0.00948979 -0.00346398
v -0.03775775 -0.00942843 -0.00566171
v -0.03703791 -0.01049691 -0.00590799
v -0.03634072 -0.01218838 -0.00259279
v -0.03652385 -0.01224800 -0.00067900
v -0.03756680 -0.01155000 0.00464768
v -0.03682540 -0.01240142 0.00351706
v -0.03700691 -0.01255527 0.00523040
v -0.03714495 -0.01166191 0.00124811
v -0.03658266 -0.01236183 0.00100308
v -0.03679194 -0.01124442 -0.00441833
v -0.03760169 -0.01212209 0.00684762
v -0.03612729 -0.01373778 0.00547621
v -0.03551132 -0.01389542 0.00217213
v -0.03602470 -0.01312870 0.00195509
v -0.03556590 -0.01357074 0.00094219
v -0.03553732 -0.01338787 -0.00111072
v -0.03647952 -0.01358048 0.00730924
v -0.03606645 -0.01225491 -0.00392788
v -0.03799537 -0.01177886 0.00848631
v -0.03830551 -0.01105634 0.00642637
v -0.03566767 -0.01226553 -0.00591784
v -0.03606527 -0.01147348 -0.00707997
v -0.03521819 -0.01256520 -0.00714895
v -0.03502720 -0.01371154 -0.00273450
v -0.03561745 -0.01287983 -0.00334965
v -0.03490377 -0.01366242 -0.00375728
v -0.03490066 -0.01487580 0.00402939
v -0.03518632 -0.01481038 0.00570297
v -0.03478772 -0.01322040 -0.00609169
v -0.03464985 -0.01324010 -0.00747917
v -0.03436838 -0.01389717 -0.00556169
v -0.03371231 -0.01444251 -0.00667771
v -0.03557037 -0.01449682 0.00684299
v -0.03527254 -0.01486430 0.00659057
v -0.03585959 -0.01431597 0.00777096
v -0.03523589 -0.01514223 0.00842606
v -0.03362202 -0.01498378 -0.00359951
v -0.03358075 -0.01429447 -0.00781722
v -0.03314338 -0.01485951 -0.00761717
v -0.03421400 -0.01494001 0.00083510
v -0.03413676 -0.01482587 -0.00090416
v -0.03634351 -0.01396825 0.00835640
v -0.03731621 -0.01280714 0.00848167
v -0.03892421 -0.01008054 0.00688426
v -0.03871553 -0.01031791 0.00634096
v -0.03726551 -0.00953793 -0.00739426
v -0.03649938 -0.01069641 -0.00730155
v -0.03458755 -0.01544902 0.00634932
v -0.03925371 -0.00862023 0.00370347
v -0.03912676 -0.00972222 0.00812839
v -0.03771907 -0.00873334 -0.00736128
v -0.03832892 -0.00807334 -0.00631328
v -0.03915052 -0.00923648 0.00609044
v -0.03838634 -0.01043183 0.00594560
v -0.03868353 -0.00811799 -0.00391189
v -0.03885155 -0.00821193 -0.00189171
v -0.03913740 -0.00828605 0.00084812
v -0.03287256 -0.01591781 -0.00121825
v -0.03342503 -0.01574483 0.00183907
v -0.03355765 -0.01607504 0.00419204
v -0.03268733 -0.01649854 0.00286755
v -0.03285623 -0.01616498 0.00125505
v -0.03336590 -0.01659944 0.00769801
v -0.03366071 -0.01615324 0.00581849
v -0.03416124 -0.01612533 0.00849321
v -0.03251841 -0.01547473 -0.00623254
v -0.03207348 -0.01610299 -0.00462636
v -0.03210734 -0.01629692 -0.00305309
v -0.03864074 -0.01084524 0.00865048
v -0.03934412 -0.00962571 0.00879590
v -0.03320201 -0.01682990 0.00852181
v -0.03148932 -0.01717431 0.00142547
v -0.03138954 -0.01697750 -0.00128166
v -0.03099833 -0.01639631 -0.00704832
v -0.03171135 -0.01585588 -0.00751734
v -0.03253577 -0.01707629 0.00701556
v -0.03238515 -0.01740879 0.00853343
v -0.03242700 -0.01695251 0.00550104
v -0.03150808 -0.01727620 0.00252571
v -0.03168770 -0.01733082 0.00394788
v -0.03126149 -0.01771830 0.00578021
v -0.03904145 -0.00667950 -0.00552293
v -0.03962767 -0.00806523 0.00585196
v -0.03986977 -0.00760689 0.00640957
v -0.03994170 -0.00696882 0.00437876
v -0.03869798 -0.00673863 -0.00732754
v -0.03819353 -0.00780201 -0.00718661
v -0.03982258 -0.00805684 0.00853280
v -0.03934310 -0.00673216 -0.00253371
v -0.03959982 -0.00701801 0.00083328
v -0.04040531 -0.00651203 0.00857140
v -0.03962678 -0.00861245 0.00860140
v -0.03989244 -0.00664117 0.00301409
v -0.04034389 -0.00521948 0.00237962
v -0.04040910 -0.00566721 0.00452551
v -0.04033354 -0.00631250 0.00663569
v -0.03971019 -0.00582188 -0.00202898
v -0.03965390 -0.00543985 -0.00372158
v -0.04026153 -0.00473202 -0.00006339
v -0.03902913 -0.00578264 -0.00736055
v -0.03508868 -0.01239254 -0.00760353
v -0.03976846 -0.00432584 -0.00557840
v -0.04060681 -0.00403025 0.00158067
v -0.04076557 -0.00448285 0.00488845
v -0.04015781 -0.00362923 -0.00373754
v -0.04000404 -0.00473453 -0.00203590
v -0.04082240 -0.00449406 0.00697260
v -0.04068642 -0.00532152 0.00860832
v -0.04038137 -0.00326660 -0.00200083
v -0.04070930 -0.00291057 0.00034716
v -0.03963471 -0.00394453 -0.00673740
v -0.03994057 -0.00262603 -0.00676483
v -0.04019264 -0.00245417 -0.00528430
v -0.04109622 -0.00281893 0.00492439
v -0.04112059 -0.00293271 0.00626655
v -0.04083323 -0.00323535 0.00209288
v -0.03971618 -0.00311771 -0.00710790
v -0.04096096 -0.00384707 0.00816532
v -0.04102734 -0.00427112 0.00879517
v -0.03940216 -0.00427974 -0.00707355
v -0.04091509 -0.00230176 0.00175268
v -0.04040118 -0.00188673 -0.00420194
v -0.04116190 -0.00167213 0.00321286
v -0.04136429 -0.00097659 0.00480807
v -0.04062812 -0.00152155 -0.00210001
v -0.04083704 -0.00148488 -0.00027677
v -0.04125994 -0.00192967 0.00733435
v -0.04129819 -0.00166843 0.00867139
v -0.04102653 -0.00367320 0.00867840
v -0.04145147 -0.00031655 0.00745994
v -0.04150857 0.00015767 0.00875178
v -0.04005054 -0.00123225 -0.00713118
v -0.04096040 -0.00022414 0.00032985
v -0.03964004 -0.01016538 0.00969576
v -0.03919784 -0.01094230 0.00960547
v -0.03851969 -0.01153404 0.00899227
v -0.03942323 -0.01060534 0.00981568
v -0.03863824 -0.01176346 0.00979418
v -0.03833442 -0.01206995 0.00969826
v -0.03814164 -0.01258405 0.00973397
v -0.03781334 -0.01259031 0.00896413
v -0.03762030 -0.01327825 0.00972188
v -0.03700899 -0.01373672 0.00893644
v -0.03734996 -0.01365688 0.00978366
v -0.03689306 -0.01405401 0.00954283
v -0.03607493 -0.01474269 0.00888651
v -0.03649319 -0.01462279 0.00974366
v -0.03590344 -0.01523468 0.00974654
v -0.03537504 -0.01567718 0.00972098
v -0.03484821 -0.01596866 0.00891585
v -0.03473044 -0.01634108 0.00975641
v -0.04010058 -0.00923749 0.00972193
v -0.04042849 -0.00845514 0.00972117
v -0.04036157 -0.00817079 0.00937386
v -0.04062544 -0.00763149 0.00973272
v -0.04057395 -0.00682126 0.00899880
v -0.04085854 -0.00703323 0.00963545
v -0.04117051 -0.00620945 0.00960797
v -0.04133816 -0.00015537 0.00395000
v -0.04049165 -0.00018983 -0.00433576
v -0.04144035 -0.00012923 0.00562974
v -0.04064151 0.00051494 -0.00284886
v -0.04168751 -0.00071025 0.00943918
v -0.04006134 -0.00038935 -0.00718934
v -0.04119411 0.00058426 0.00307267
v -0.03407736 -0.01671439 0.00953584
v -0.03365448 -0.01691351 0.00892398
v -0.03357116 -0.01726479 0.00976689
v -0.03235921 -0.01781498 0.00895903
v -0.03298160 -0.01776477 0.00975067
v -0.04074040 0.00114062 -0.00176778
v -0.04024607 0.00116023 -0.00584715
v -0.04040618 0.00112104 -0.00445985
v -0.04168945 0.00055274 0.00943105
v -0.04135883 0.00115200 0.00471960
v -0.04094975 0.00111662 0.00084792
v -0.04002405 0.00089519 -0.00722288
v -0.03979244 -0.00135129 -0.00732411
v -0.04166641 0.00127545 0.00937509
v -0.03421691 -0.01346979 -0.00778846
v -0.04140205 0.00094771 0.00782036
v -0.04135990 -0.00436089 0.00940766
v -0.03303438 -0.01476875 -0.00786440
v -0.04144044 -0.00523649 0.00968170
v -0.03576140 -0.01154749 -0.00735241
v -0.04002650 0.00155463 -0.00693842
v -0.04006239 0.00249535 -0.00627028
v -0.04053971 0.00209943 -0.00267312
v -0.04171754 -0.00412766 0.00972871
v -0.04135018 -0.00304321 0.00900479
v -0.04171545 -0.00257661 0.00940686
v -0.04169836 -0.00382693 0.00977708
v -0.04199725 -0.00225663 0.00979736
v -0.04070298 0.00265184 0.00004360
v -0.04082956 0.00212861 0.00085935
v -0.04106372 0.00243679 0.00379062
v -0.04201011 -0.00138322 0.00981641
v -0.04201820 0.00000532 0.01000000
v -0.04196606 0.00083097 0.00987648
v -0.04125926 0.00195791 0.00716952
v -0.04063779 0.00372440 0.00188463
v -0.04127771 0.00171895 0.00870796
v -0.04097009 0.00377651 0.00706148
v -0.04109268 0.00288114 0.00851196
v -0.04129923 0.00257951 0.00898100
v -0.04109431 0.00289476 0.00551480
v -0.04088598 0.00433097 0.00839721
v -0.04000061 0.00413373 -0.00438010
v -0.04196730 -0.00080740 0.00990497
v -0.04073624 0.00432096 0.00434696
v -0.04162512 0.00228561 0.00937537
v -0.04174926 0.00273781 0.00980549
v -0.04045005 0.00362100 -0.00058364
v -0.04011220 0.00421913 -0.00259470
v -0.04095953 0.00413765 0.00872759
v -0.04067466 0.00556541 0.00861011
v -0.04057688 0.00555795 0.00685400
v -0.03970652 0.00485748 -0.00539666
v -0.04035794 0.00505039 0.00232784
v -0.04137829 0.00442894 0.00936352
v -0.04148035 0.00513380 0.00977350
v -0.04008308 0.00518016 -0.00072885
v -0.03968007 0.00382496 -0.00667342
v -0.03974149 0.00261700 -0.00712664
v -0.03930148 0.00550013 -0.00649645
v -0.03971015 0.00579575 -0.00247425
v -0.04040450 0.00556564 0.00433204
v -0.03899408 0.00637624 -0.00683987
v -0.04014101 0.00653732 0.00456279
v -0.04025285 0.00682119 0.00725610
v -0.04041002 0.00650496 0.00848795
v -0.04035826 0.00721886 0.00893573
v -0.03904418 0.00558034 -0.00687440
v -0.04000350 0.00626185 0.00294085
v -0.04118296 0.00667189 0.00973944
v -0.03955420 0.00703125 -0.00027058
v -0.03947803 0.00772904 0.00231853
v -0.03955151 0.00787998 0.00374750
v -0.03882198 0.00766536 -0.00517703
v -0.03853845 0.00798701 -0.00650843
v -0.03876946 0.00710200 -0.00709839
v -0.03973224 0.00793070 0.00556263
v -0.03957662 0.00864055 0.00682617
v -0.03893427 0.00798117 -0.00232384
v -0.03989900 0.00782924 0.00860528
v -0.03943768 0.00923620 0.00875514
v -0.03896547 0.00919687 0.00295350
v -0.03900777 0.00855712 0.00035668
v -0.03885132 0.00969056 0.00436389
v -0.03876454 0.00934123 0.00202516
v -0.03933061 0.00471194 -0.00680203
v -0.03816131 0.00941763 -0.00377907
v -0.03854669 0.00922351 -0.00057739
v -0.03843165 0.00786260 -0.00709137
v -0.03855416 0.01076268 0.00709290
v -0.03880960 0.01042788 0.00851910
v -0.03890264 0.01059562 0.00893430
v -0.04012071 0.00874291 0.00940650
v -0.04054589 0.00800041 0.00973582
v -0.03993463 0.00961726 0.00974885
v -0.03944734 0.01017287 0.00929537
v -0.03836201 0.01019309 0.00244356
v -0.03834094 0.01050354 0.00379036
v -0.03813351 0.00988554 -0.00121197
v -0.03797894 0.00892187 -0.00666348
v -0.03927544 0.01080174 0.00971413
v -0.03806941 0.01171385 0.00865738
v -0.03786012 0.01125671 0.00398108
v -0.03766669 0.01065431 -0.00089074
v -0.03800011 0.01059142 0.00167446
v -0.03846101 0.01181081 0.00922973
v -0.03748875 0.01047355 -0.00383793
v -0.03942434 0.00355015 -0.00700711
v -0.03858023 0.01196472 0.00974402
v -0.03756965 0.01216478 0.00665089
v -0.03738402 0.01203796 0.00454667
v -0.03730040 0.00985285 -0.00671379
v -0.03799927 0.01280099 0.00972334
v -0.03672169 0.01175904 -0.00208898
v -0.03683960 0.01194159 0.00051114
v -0.03653600 0.01265349 0.00249735
v -0.03737871 0.01324613 0.00912596
v -0.03656469 0.01330329 0.00570942
v -0.03588232 0.01378887 0.00381450
v -0.03676655 0.01331226 0.00778593
v -0.03688299 0.01332733 0.00867462
v -0.03730357 0.01373186 0.00971666
v -0.03565757 0.01357531 0.00177857
v -0.03678409 0.01101015 -0.00491471
v -0.03616802 0.01201375 -0.00404446
v -0.03538179 0.01314229 -0.00301198
v -0.03519780 0.01377411 -0.00000509
v -0.03469326 0.01470011 0.00190380
v -0.03761614 0.01239538 0.00871455
v -0.03526627 0.01488306 0.00680779
v -0.03562700 0.01464669 0.00843509
v -0.03533202 0.01465898 0.00577134
v -0.03544494 0.01261565 -0.00487617
v -0.03461998 0.01331594 -0.00651136
v -0.03573514 0.01193993 -0.00583109
v -0.03600317 0.01173880 -0.00523772
v -0.03638095 0.01101610 -0.00579810
v -0.03606747 0.01473720 0.00903577
v -0.03662071 0.01453390 0.00971629
v -0.03608306 0.01431736 0.00870199
v -0.00114387 -0.00021433 -0.00559822
v -0.00095547 0.00153942 -0.00285560
v -0.00088134 -0.00012067 -0.00256425
v -0.00120689 0.00117048 -0.00567852
v -0.00068747 0.00146958 -0.00066711
v -0.00050773 0.00010388 0.00028616
v -0.00045048 0.00119600 0.00097238
v -0.00018852 0.00002379 0.00278826
v -0.00016785 0.00130624 0.00311674
v -0.00114206 0.00272446 -0.00315776
v -0.00106044 0.00349900 -0.00146066
v -0.00134760 0.00413859 -0.00307451
v -0.00057388 0.00300228 0.00163445
v -0.00048054 0.00216904 0.00173811
v -0.00039965 0.00288541 0.00287271
v -0.00162813 0.00408080 -0.00524785
v -0.00048922 0.00384214 0.00347681
v -0.00144901 0.00410064 -0.00361007
v -0.00148899 0.00246517 -0.00703170
v -0.00138034 0.00141458 -0.00766804
v -0.00124766 -0.00009323 -0.00787683
v -0.00146043 0.00088356 -0.00884837
v -0.00173931 0.00307777 -0.00883070
v -0.00175547 0.00393128 -0.00685479
v -0.00090422 0.00479980 0.00182861
v -0.00074504 0.00497487 0.00325584
v -0.00104665 0.00411236 -0.00020877
v -0.00127642 0.00678355 0.00141547
v -0.00054498 0.00488384 0.00433881
v -0.00216210 0.00504517 -0.00884044
v -0.00186118 0.00536689 -0.00471656
v -0.00213698 0.00549159 -0.00699526
v -0.00167639 0.00582536 -0.00259167
v -0.00136813 0.00536180 -0.00002677
v -0.00149649 0.00605131 -0.00028304
v -0.00153881 0.00661021 0.00040101
v -0.00183162 0.00680950 -0.00152167
v -0.00120813 0.00676029 0.00302951
v -0.00099349 0.00653345 0.00444711
v -0.00225269 0.00692359 -0.00435000
v -0.00251411 0.00683928 -0.00649967
v -0.00267563 0.00672549 -0.00876557
v -0.00261813 0.00688111 -0.00771408
v -0.00045460 0.00558137 0.00554536
v -0.00016093 0.00282167 0.00365843
v 0.00011393 -0.00109303 0.00383871
v -0.00196021 0.00787281 0.00086176
v -0.00157539 -0.00028369 -0.00939026
v -0.00144454 -0.00101096 -0.00884578
v -0.00258942 0.00802029 -0.00358046
v -0.00231600 0.00825880 -0.00059899
v -0.00243757 0.00813014 -0.00194192
v -0.00328894 0.00822574 -0.00884836
v -0.00212418 0.00407994 -0.00932028
v -0.00094680 0.00674163 0.00556222
v -0.00169210 0.00807827 0.00388052
v -0.00187232 0.00810703 0.00211833
v -0.00276843 0.00805479 -0.00454036
v -0.00313927 0.00815733 -0.00742600
v -0.00364901 0.00914787 -0.00753493
v -0.00066986 0.00655715 0.00658772
v -0.00165313 0.00826908 0.00531134
v -0.00007070 0.00369903 0.00443280
v -0.00281822 0.00944308 0.00038994
v -0.00267699 0.00951598 0.00150428
v -0.00242515 0.00949708 0.00387188
v -0.00378658 0.00914478 -0.00865522
v -0.00306977 0.00932500 -0.00213318
v -0.00166744 0.00852868 0.00694731
v -0.00211701 0.00929938 0.00622238
v -0.00212890 0.00964584 0.00753587
v -0.00365254 0.00963082 -0.00483986
v -0.00380832 0.00946918 -0.00679452
v -0.00434179 0.01028364 -0.00699710
v -0.00284423 0.01055159 0.00575211
v -0.00376890 0.01038421 -0.00255850
v -0.00308383 0.01112486 0.00679843
v -0.00275302 0.01096093 0.00796949
v -0.00089859 0.00754795 0.00784637
v -0.00133063 0.00845857 0.00803874
v -0.00372259 0.01078488 -0.00038640
v -0.00308813 0.01072627 0.00443115
v -0.00347978 0.01097947 0.00214933
v -0.00451115 0.01027027 -0.00898757
v -0.00494942 0.01105926 -0.00864360
v -0.00475078 0.01098310 -0.00738895
v -0.00459038 0.01084671 -0.00623752
v -0.00448735 0.01114340 -0.00386258
v -0.00186320 0.00975698 0.00842079
v -0.00383019 0.01205449 0.00554281
v -0.00362974 0.01240014 0.00819636
v -0.00417994 0.01228033 0.00381252
v -0.00428868 0.01214615 0.00218606
v -0.00484566 0.01238867 -0.00045540
v -0.00465964 0.01194876 -0.00123591
v -0.00305243 0.00690210 -0.00944396
v -0.00257209 0.00529979 -0.00948025
v -0.00337335 0.00800799 -0.00930957
v -0.00410325 0.01258044 0.00669198
v -0.00503559 0.01211374 -0.00270563
v -0.00521679 0.01188403 -0.00531894
v -0.00540449 0.01238297 -0.00385708
v -0.00468584 0.01340321 0.00678969
v -0.00484846 0.01330979 0.00482716
v -0.00581493 0.01240083 -0.00664650
v -0.00585764 0.01222270 -0.00884702
v -0.00531448 0.01322935 0.00097075
v -0.00554479 0.01379073 0.00270434
v -0.00013363 0.00551322 0.00619366
v 0.00012578 0.00429893 0.00517296
v 0.00106470 0.00295658 0.00516147
v -0.00634955 0.01308213 -0.00638672
v -0.00566380 0.01416882 0.00437112
v -0.00596967 0.01337152 -0.00187606
v -0.00694820 0.01347819 -0.00836569
v -0.00558199 0.01453582 0.00737436
v -0.00436095 0.01352403 0.00846480
v -0.00605761 0.01479415 0.00577705
v -0.00427944 0.00927762 -0.00944742
v -0.00666299 0.01372337 -0.00423396
v -0.00613724 0.01525159 0.00797655
v -0.00053296 0.00669061 0.00713135
v -0.00176674 0.00142302 -0.00943700
v -0.00228328 0.01105854 0.00886079
v -0.00536204 0.01455832 0.00837671
v -0.00658200 0.01455424 0.00098979
v -0.00658772 0.01490150 0.00307224
v -0.00704475 0.01480640 -0.00009542
v -0.00598268 0.01542895 0.00870075
v -0.00766858 0.01482775 -0.00313642
v -0.00710426 0.01455687 -0.00169894
v -0.00796864 0.01471880 -0.00631896
v -0.00796420 0.01460550 -0.00689146
v 0.00005281 0.00643650 0.00768624
v -0.00517303 0.01083793 -0.00937025
v -0.00631013 0.01223343 -0.00943482
v -0.00891993 0.01535242 -0.00854160
v -0.00817717 0.01470709 -0.00786892
v -0.00780377 0.01422657 -0.00890478
v -0.00715386 0.01334347 -0.00929471
v 0.00037754 0.00270759 0.00445582
v -0.00842386 0.01528603 -0.00479565
v 0.00037535 0.00183667 0.00440245
v -0.00149799 0.01020442 0.00928567
v 0.00054920 0.00648074 0.00844231
v -0.00081455 0.00890386 0.00912147
v -0.00007901 0.00744646 0.00886923
v -0.00044153 0.00817429 0.00938140
v -0.00109109 0.00940860 0.00934478
v 0.00033904 0.00680885 0.00900743
v 0.00007585 0.00699808 0.00942980
v -0.00240013 0.01169288 0.00917558
v -0.00232362 0.01145480 0.00960403
v -0.00290996 0.01242193 0.00959096
v -0.00321591 0.01283674 0.00918237
v -0.00375116 0.01354662 0.00959632
v -0.00407868 0.01395543 0.00923558
v -0.00463252 0.01458565 0.00959688
v -0.00497014 0.01492291 0.00923287
v -0.00581473 0.01588288 0.00960199
v -0.00621510 0.01618057 0.00919904
v -0.00679112 0.01672367 0.00945641
v -0.00744042 0.01717202 0.00916313
v 0.00040432 0.00044027 0.00435627
v -0.00042113 -0.00123368 0.00149505
v -0.00016387 -0.00146746 0.00309175
v -0.00076523 -0.00109326 -0.00101521
v -0.00114132 -0.00079875 -0.00480713
v -0.00124678 -0.00123760 -0.00609367
v -0.00026896 -0.00287940 0.00338612
v -0.00059819 -0.00272201 0.00147282
v -0.00149541 -0.00173949 -0.00850649
v -0.00129404 -0.00241981 -0.00360093
v -0.00097487 -0.00292584 -0.00084666
v -0.00129874 -0.00404896 -0.00240937
v -0.00154459 -0.00418675 -0.00406292
v -0.00170182 -0.00364155 -0.00688140
v -0.00185361 -0.00367570 -0.00878721
v -0.00111577 -0.00413142 -0.00044081
v -0.00178442 -0.00254292 -0.00919991
v -0.00178249 -0.00163056 -0.00948493
v -0.00095303 -0.00477382 0.00162021
v 0.00017231 -0.00299155 0.00435900
v -0.00148891 -0.00533356 -0.00207546
v 0.00068540 -0.00129148 0.00472627
v -0.00043779 -0.00427957 0.00385171
v -0.00089022 -0.00584760 0.00300835
v -0.00019099 -0.00411095 0.00465230
v -0.00123122 -0.00669858 0.00177655
v -0.00154438 -0.00650802 0.00029114
v -0.00190349 -0.00623118 -0.00349798
v -0.00196254 -0.00535927 -0.00557661
v -0.00209210 -0.00510156 -0.00758572
v -0.00230273 -0.00560748 -0.00846506
v -0.00166174 -0.00647009 -0.00090796
v -0.00233391 -0.00657124 -0.00580813
v -0.00213702 -0.00370772 -0.00943263
v -0.00245500 -0.00560717 -0.00909214
v 0.00021450 -0.00419657 0.00551918
v -0.00055220 -0.00593462 0.00590013
v -0.00122911 -0.00698275 0.00306557
v -0.00262047 -0.00555213 -0.00942665
v -0.00301467 -0.00741749 -0.00885468
v -0.00261363 -0.00698284 -0.00683903
v -0.00207383 -0.00795626 0.00017047
v -0.00224524 -0.00767366 -0.00214981
v -0.00308187 -0.00706513 -0.00933331
v -0.00273179 -0.00855225 -0.00285940
v -0.00332159 -0.00854571 -0.00693427
v -0.00004312 -0.00479995 0.00598082
v -0.00012833 -0.00548833 0.00688481
v -0.00047256 -0.00662201 0.00745323
v -0.00090164 -0.00691041 0.00628929
v -0.00135058 -0.00764697 0.00484769
v -0.00156699 -0.00786824 0.00402061
v -0.00185901 -0.00903434 0.00681507
v -0.00220128 -0.00874231 0.00182645
v -0.00238484 -0.00945649 0.00353474
v -0.00131071 -0.00803805 0.00722593
v -0.00199229 -0.00978893 0.00814874
v -0.00316956 -0.01004940 -0.00017995
v -0.00334123 -0.00937076 -0.00398131
v -0.00415096 -0.00954920 -0.00893697
v -0.00133694 0.00936375 0.00969454
v -0.00330069 -0.01069319 0.00181069
v -0.00243014 -0.00353313 -0.00968073
v 0.00094001 0.00136368 0.00486817
v -0.00076739 -0.00773953 0.00829487
v -0.00418460 -0.01020677 -0.00642392
v -0.00385925 -0.00853381 -0.00942522
v -0.00290099 -0.01050922 0.00461677
v -0.00248392 -0.01020759 0.00708292
v -0.00278675 -0.01107191 0.00795649
v -0.00212854 -0.01040932 0.00862208
v -0.00432420 -0.01108832 -0.00355299
v -0.00397546 -0.01133318 -0.00003685
v -0.00342557 -0.01159764 0.00615637
v -0.00357662 -0.01212714 0.00756390
v -0.00355872 -0.01250342 0.00848296
v -0.00513125 -0.01114531 -0.00880455
v -0.00484271 -0.01139552 -0.00563480
v -0.00276120 -0.01152017 0.00868338
v -0.00387087 -0.01191103 0.00392866
v -0.00073491 -0.00853489 0.00916947
v -0.00005744 -0.00721327 0.00877178
v -0.00127782 -0.00958395 0.00920530
v -0.00194571 -0.01083675 0.00920134
v -0.00465510 -0.01288073 0.00346179
v -0.00447758 -0.01193647 -0.00052146
v -0.00506928 -0.01218877 -0.00317278
v -0.00443539 -0.01294049 0.00584626
v -0.00516799 -0.01073124 -0.00941277
v -0.00551361 -0.01221606 -0.00598060
v -0.00562538 -0.01181401 -0.00878462
v -0.00490002 -0.01395492 0.00795689
v -0.00584116 -0.01303353 -0.00346774
v -0.00430483 -0.01347232 0.00844580
v -0.00519465 -0.01375549 0.00501780
v -0.00270008 -0.01212339 0.00921118
v -0.00235985 -0.01155356 0.00960270
v -0.00200946 -0.01069941 0.00977320
v -0.00287221 -0.01237143 0.00962803
v -0.00333672 -0.01296301 0.00921862
v -0.00373540 -0.01363909 0.00958517
v -0.00432824 -0.01438613 0.00943920
v -0.00570688 -0.01382658 0.00171316
v -0.00612520 -0.01375248 -0.00100316
v -0.00652776 -0.01331559 -0.00641493
v -0.00690310 -0.01329805 -0.00854592
v -0.00554394 -0.01488367 0.00848572
v -0.00534436 -0.01552003 0.00946091
v -0.00501812 -0.01512695 0.00971125
v -0.00642025 -0.01231643 -0.00941867
v -0.00665438 -0.01281240 -0.00914618
v -0.00707200 -0.01416866 -0.00454323
v -0.00583898 -0.01466575 0.00630058
v -0.00662902 -0.01505528 0.00367312
v -0.00639342 -0.01543912 0.00764474
v 0.00038721 -0.00592399 0.00800175
v 0.00075688 -0.00584275 0.00869319
v -0.00620125 -0.01635332 0.00970196
v 0.00018399 -0.00528528 0.00701188
v -0.00577125 0.01559373 0.00985570
v -0.00200946 -0.01069941 0.00977320
v -0.00203350 -0.00982172 0.00973599
v -0.00256107 -0.01090149 0.00974763
v -0.00141135 -0.00872056 0.00976698
v -0.00321096 -0.01195940 0.00980943
v -0.00287221 -0.01237143 0.00962803
v -0.00385270 -0.01338012 0.00986995
v -0.00132779 -0.00950450 0.00959829
v -0.00071931 -0.00791045 0.00974970
v -0.00080185 -0.00730939 0.00967832
v -0.00017922 -0.00665477 0.00968735
v -0.00397354 -0.01292541 0.00977135
v -0.00465819 -0.01387319 0.00974564
v -0.00487401 -0.01473205 0.00984187
v -0.00525299 -0.01475809 0.00973101
v -0.00048223 -0.00645729 0.00955095
v -0.00001997 -0.00535024 0.00946156
v -0.00620841 -0.01561791 0.00969416
v -0.00645712 -0.01634625 0.00983957
v -0.00697770 -0.01637037 0.00973087
v -0.00814305 -0.01783587 0.00988085
v -0.00805072 -0.01709409 0.00971896
v -0.00927368 -0.01864430 0.00988339
v -0.00930907 -0.01796422 0.00970585
v -0.01044529 -0.01866277 0.00967972
v -0.01156686 -0.01964717 0.00983939
v -0.01190910 -0.01938125 0.00968634
v -0.01299112 -0.02030770 0.00985468
v -0.01324610 -0.01997105 0.00968838
v -0.01466798 -0.02087355 0.00988492
v -0.01517452 -0.02054527 0.00974567
v -0.01684876 -0.02085044 0.00976019
v -0.01706674 -0.02125441 0.00990341
v -0.01851414 -0.02105176 0.00977829
v -0.02032136 -0.02114603 0.00975588
v -0.01821146 -0.02162468 0.00992271
v -0.02180404 -0.02120560 0.00976173
v -0.01099351 -0.01964247 0.00976486
v -0.02260944 -0.02155593 0.00993121
v -0.02146346 -0.02193849 0.00984816
v -0.01976146 -0.02185835 0.00986532
v -0.02520885 -0.02134528 0.00992582
v -0.02513067 -0.02084581 0.00978421
v -0.02717448 -0.02078521 0.00994633
v -0.02650162 -0.02051918 0.00978494
v -0.02764068 -0.02014474 0.00978203
v -0.02865391 -0.02014170 0.00990186
v -0.02919378 -0.02031847 0.00986834
v -0.02954715 -0.01946584 0.00978682
v -0.03057674 -0.01950717 0.00992844
v -0.03032734 -0.01913189 0.00978328
v -0.03100890 -0.01880285 0.00976873
v -0.03235989 -0.01855526 0.00985763
v -0.03191662 -0.01835315 0.00974743
v -0.03298160 -0.01776477 0.00975067
v -0.02287203 -0.02114624 0.00976664
v -0.02859561 -0.01984473 0.00977273
v -0.01275532 -0.02040524 0.00967611
v -0.03144265 -0.01936217 0.00977030
v -0.02707443 -0.02106192 0.00982848
v 0.00037264 -0.00527831 0.00963404
v 0.00033557 -0.00415964 0.00956282
v 0.00072032 -0.00419687 0.00962896
v 0.00075003 -0.00224388 0.00972279
v -0.01678946 -0.02145238 0.00973882
v -0.01522663 -0.02117607 0.00967488
v -0.02520482 -0.02148871 0.00982836
v -0.00620125 -0.01635332 0.00970196
v -0.00501812 -0.01512695 0.00971125
v 0.00050424 -0.00587945 0.00938460
v -0.00722696 -0.01728268 0.00967841
v 0.00044333 -0.00205759 0.00944920
v -0.00019036 -0.00747595 0.00936415
v -0.00373540 -0.01363909 0.00958517
v 0.00096924 0.00281143 0.00830426
v 0.00079974 -0.00008681 0.00885578
v 0.00089387 -0.00020480 0.00841218
v 0.00085380 -0.00252576 0.00887025
v 0.00094732 -0.00222401 0.00842937
v 0.00096173 -0.00340519 0.00845526
v 0.00078754 0.00427335 0.00876905
v 0.00089426 -0.00414712 0.00941203
v 0.00101105 -0.00465130 0.00850190
v 0.00075688 -0.00584275 0.00869319
v 0.00083180 0.00410101 0.00919908
v 0.00070848 0.00572076 0.00870530
v 0.00092724 -0.00081620 0.00930335
v 0.00091263 -0.00040246 0.00953070
v 0.00091923 0.00354147 0.00939945
v 0.00054197 0.00522944 0.00943226
v 0.00050424 -0.00587945 0.00938460
v 0.00066091 0.00402903 0.00963421
v 0.00033904 0.00680885 0.00900743
v 0.00054920 0.00648074 0.00844231
v 0.00038419 -0.00657743 0.00910434
v 0.00098605 -0.00565210 0.00830403
v 0.00101743 0.00491280 0.00842570
v 0.00007585 0.00699808 0.00942980
v 0.00075003 -0.00224388 0.00972279
v 0.00070674 0.00273330 0.00971196
v 0.00106004 0.00602516 0.00793389
v 0.00072032 -0.00419687 0.00962896
v -0.00019036 -0.00747595 0.00936415
v 0.00071453 -0.00004361 0.00973826
v -0.00005744 -0.00721327 0.00877178
v -0.00073491 -0.00853489 0.00916947
v -0.00132779 -0.00950450 0.00959829
v -0.00127782 -0.00958395 0.00920530
v -0.00200946 -0.01069941 0.00977320
v -0.00194571 -0.01083675 0.00920134
v -0.03814356 -0.00965413 -0.00966953
v -0.03893418 -0.00773409 -0.00967009
v -0.03847351 -0.00780237 -0.00985512
v -0.03723394 -0.01041794 -0.00987221
v -0.03742655 -0.01118475 -0.00962485
v -0.03891442 -0.00626020 -0.00987555
v -0.03976157 -0.00491048 -0.00968564
v -0.03930034 -0.00458588 -0.00985082
v -0.03975483 -0.00292890 -0.00981293
v -0.04040306 -0.00156454 -0.00964178
v -0.04007995 -0.00046609 -0.00978413
v -0.04035812 0.00079355 -0.00968361
v -0.03983302 0.00138265 -0.00978408
v -0.03754552 -0.00904396 -0.00986700
v -0.03985318 0.00381455 -0.00965286
v -0.03964350 0.00311431 -0.00973336
v -0.03928229 0.00579346 -0.00965396
v -0.03853013 -0.00600748 -0.00981357
v -0.03796448 -0.00714812 -0.00970880
v -0.03680792 -0.01176835 -0.00981290
v -0.03964965 0.00559597 -0.00942377
v -0.03896722 0.00727840 -0.00948971
v -0.01408289 0.01200683 -0.00972686
v -0.01542423 0.01239320 -0.00972817
v -0.01420633 0.01358618 -0.00966413
v -0.01608377 0.01047886 -0.00975180
v -0.01299141 0.00996434 -0.00976893
v -0.01237636 0.01225284 -0.00976204
v -0.01473132 0.00942528 -0.00975691
v -0.01339881 0.00838709 -0.00975856
v -0.01484385 0.00776188 -0.00975250
v -0.01617021 0.00830928 -0.00969840
v -0.01117722 0.00914006 -0.00980810
v -0.01062751 0.00692139 -0.00983196
v -0.01271831 0.00653854 -0.00977240
v -0.01159037 0.01094825 -0.00975432
v -0.00943902 0.00877325 -0.00980329
v -0.00905192 0.00557339 -0.00983026
v -0.01037123 0.00545783 -0.00981255
v -0.01028524 0.01028117 -0.00982293
v -0.00885941 0.01154653 -0.00984596
v -0.01041734 0.01247615 -0.00978816
v -0.01290198 0.01434697 -0.00979144
v -0.01202177 0.01325829 -0.00978238
v -0.00768460 0.00942238 -0.00984973
v -0.00612097 0.00963958 -0.00990325
v -0.00574403 0.00855125 -0.00990177
v -0.00776095 0.00796105 -0.00983636
v -0.00690689 0.00660534 -0.00984525
v -0.00847760 0.00701798 -0.00986791
v -0.01361200 0.00679280 -0.00982671
v -0.01696094 0.01234022 -0.00967802
v -0.01605222 0.01310367 -0.00968846
v -0.01807696 0.01377174 -0.00962502
v -0.01641827 0.01442071 -0.00965622
v -0.01852710 0.01156698 -0.00968415
v -0.02010663 0.01115044 -0.00966432
v -0.02010183 0.01254030 -0.00961894
v -0.01888276 0.01001951 -0.00972405
v -0.01988631 0.00972118 -0.00966999
v -0.01832348 0.00849859 -0.00968342
v -0.01987484 0.00768046 -0.00967833
v -0.01896342 0.00704813 -0.00974078
v -0.02037922 0.00564888 -0.00966503
v -0.01878980 0.00552911 -0.00971636
v -0.01796035 0.00783668 -0.00968273
v -0.01494872 0.01375528 -0.00980366
v -0.01128700 0.00564061 -0.00992133
v -0.01256320 0.00524879 -0.00982520
v -0.01360591 0.00446914 -0.00988210
v -0.01118111 0.00460840 -0.00984637
v -0.00961715 0.01107220 -0.00989331
v -0.00995327 0.00419915 -0.00997210
v -0.01032847 0.00305877 -0.00990005
v -0.01303713 0.00393854 -0.00981025
v -0.01436759 0.01455427 -0.00972454
v -0.01454297 0.00391265 -0.00981846
v -0.01226434 0.01108107 -0.00983450
v -0.00527968 0.00959856 -0.00979131
v -0.01767824 0.01252050 -0.00974814
v -0.00428313 0.00855052 -0.00968064
v -0.00716901 0.01144790 -0.00989543
v -0.01064779 -0.01562039 -0.00967060
v -0.00893072 -0.01384280 -0.00968430
v -0.00924731 -0.01485182 -0.00956661
v -0.01018767 -0.01410518 -0.00974266
v -0.00957096 -0.01309245 -0.00983233
v -0.00790111 -0.01313248 -0.00970957
v -0.00878828 -0.01209654 -0.00977178
v -0.00748850 -0.01119335 -0.00975208
v -0.00640168 -0.01172617 -0.00967724
v -0.00639974 -0.01071051 -0.00968780
v -0.00546530 -0.01052346 -0.00966351
v -0.00624869 -0.00939219 -0.00975565
v -0.00430680 -0.00842558 -0.00971786
v -0.00578983 -0.00843208 -0.00975956
v -0.00508431 -0.00783191 -0.00974724
v -0.00420314 -0.00740705 -0.00978509
v -0.01153296 -0.01393687 -0.00969526
v -0.00539579 -0.00650913 -0.00975830
v -0.01127975 -0.01551530 -0.00972487
v -0.00318845 -0.00600553 -0.00970236
v -0.01080964 -0.01216027 -0.00965822
v -0.01142160 -0.01283250 -0.00970705
v -0.00700658 -0.01038143 -0.00981715
v -0.00591794 -0.00768197 -0.00989101
v -0.00698858 -0.00892132 -0.00972045
v -0.00797779 -0.01393043 -0.00940368
v -0.00642025 -0.01231643 -0.00941867
v -0.00385925 -0.00853381 -0.00942522
v -0.00308187 -0.00706513 -0.00933331
v -0.00516799 -0.01073124 -0.00941277
v -0.00262047 -0.00555213 -0.00942665
v -0.00213702 -0.00370772 -0.00943263
v -0.00243014 -0.00353313 -0.00968073
v -0.00178442 -0.00254292 -0.00919991
v -0.00533897 0.01041510 -0.00965751
v -0.00427944 0.00927762 -0.00944742
v -0.00337335 0.00800799 -0.00930957
v -0.00337630 0.00712515 -0.00962371
v -0.00305243 0.00690210 -0.00944396
v -0.00257209 0.00529979 -0.00948025
v -0.00275918 0.00477768 -0.00968649
v -0.00427979 0.00728074 -0.00985999
v -0.00667989 0.01217175 -0.00969712
v -0.00381012 0.00607375 -0.00978561
v -0.00826356 0.01266683 -0.00990762
v -0.00785357 0.01360839 -0.00959796
v -0.00896796 0.01436357 -0.00969009
v -0.00990670 0.01400157 -0.00984922
v -0.01047634 0.01530287 -0.00973691
v -0.00885956 0.01480874 -0.00945326
v -0.00517303 0.01083793 -0.00937025
v -0.00212418 0.00407994 -0.00932028
v -0.00631013 0.01223343 -0.00943482
v -0.00237686 0.00291103 -0.00971376
v -0.00176674 0.00142302 -0.00943700
v -0.00206795 0.00107577 -0.00969631
v -0.00193759 -0.00040486 -0.00971019
v -0.00157539 -0.00028369 -0.00939026
v -0.00451115 0.01027027 -0.00898757
v -0.00715386 0.01334347 -0.00929471
v -0.00780377 0.01422657 -0.00890478
v -0.01188787 -0.01639635 -0.00964668
v -0.01223789 -0.01589418 -0.00977249
v -0.01321658 -0.01691619 -0.00966825
v -0.01237334 -0.01706607 -0.00937653
v -0.01472652 -0.01803946 -0.00938347
v -0.01447974 -0.01735512 -0.00966964
v -0.01710122 -0.01817762 -0.00967745
v -0.01719838 -0.01873190 -0.00938153
v -0.01885336 -0.01867328 -0.00967704
v -0.01081672 -0.01620432 -0.00938253
v -0.01890749 -0.01910624 -0.00936852
v -0.02038979 -0.01917505 -0.00940024
v -0.02063706 -0.01872507 -0.00968484
v -0.02248285 -0.01908890 -0.00946131
v -0.02273756 -0.01867308 -0.00969088
v -0.02518861 -0.01874095 -0.00944760
v -0.02555467 -0.01814893 -0.00968072
v -0.02692989 -0.01845037 -0.00937001
v -0.02771050 -0.01780900 -0.00967681
v -0.02862266 -0.01790250 -0.00941835
v -0.02981473 -0.01712260 -0.00972519
v -0.03248062 0.01544142 -0.00940871
v -0.03382513 0.01477104 -0.00930474
v -0.03220324 0.01605360 -0.00929487
v -0.03161520 0.01588034 -0.00951012
v -0.03432641 0.01398815 -0.00944848
v -0.03088408 0.01642936 -0.00949223
v -0.03089102 0.01714040 -0.00890762
v -0.02963482 0.01741269 -0.00944804
v -0.03307589 0.01562541 -0.00902870
v -0.03485793 0.01414567 -0.00886048
v -0.03518249 0.01330635 -0.00938837
v -0.03590363 0.01289815 -0.00905907
v -0.03656460 0.01177503 -0.00937836
v -0.03189890 0.01659348 -0.00874678
v -0.02937270 0.01797996 -0.00874931
v -0.02830453 0.01802334 -0.00935289
v -0.02715647 0.01852421 -0.00925355
v -0.03385937 0.01514064 -0.00849972
v -0.03258130 0.01617716 -0.00830235
v -0.01014425 -0.00172311 -0.00986188
v -0.00969563 -0.00088094 -0.01000000
v -0.00907931 -0.00134927 -0.00982080
v -0.00667311 0.00521979 -0.00988585
v -0.00573858 0.00584834 -0.00995029
v -0.00681567 0.00412747 -0.00989619
v -0.00806396 0.00385808 -0.00986677
v -0.00927381 0.00366319 -0.00982754
v -0.00895862 0.00186803 -0.00985636
v -0.00715533 0.00276295 -0.00985405
v -0.00684128 0.00120379 -0.00987096
v -0.00712330 0.00000580 -0.00988081
v -0.00948122 0.00048628 -0.00985963
v -0.01037707 0.00126107 -0.00984996
v -0.00516009 0.00124401 -0.00984744
v -0.00533032 0.00319023 -0.00983592
v -0.00438141 0.00321567 -0.00984789
v -0.00472080 -0.00010854 -0.00987125
v -0.00528208 -0.00102531 -0.00985030
v -0.00669116 -0.00150104 -0.00987918
v -0.00809590 -0.00291034 -0.00983512
v -0.00820454 -0.00136907 -0.00983837
v -0.00365864 0.00054719 -0.00983382
v -0.00342480 0.00202974 -0.00982689
v -0.00692173 -0.00312427 -0.00983194
v -0.00855059 -0.00383848 -0.00981427
v -0.00513722 -0.00279380 -0.00984222
v -0.00689323 -0.00494355 -0.00981632
v -0.00532614 -0.00431691 -0.00978904
v -0.00615165 -0.00581994 -0.00983912
v -0.00247783 0.00071360 -0.00982608
v -0.00373556 -0.00117474 -0.00982115
v -0.00225474 -0.00170633 -0.00976057
v -0.00807765 -0.00613767 -0.00974958
v -0.00930244 -0.00520589 -0.00973849
v -0.01174220 0.00075886 -0.00979258
v -0.00987383 -0.00405915 -0.00983647
v -0.01006679 -0.00235382 -0.00990788
v -0.00437070 -0.00223796 -0.00988910
v -0.00437441 0.00448885 -0.00992309
v -0.00291021 -0.00229089 -0.00982483
v -0.01066162 -0.00546852 -0.00974031
v -0.00916894 -0.00665174 -0.00966853
v -0.01105112 -0.00355716 -0.00979436
v -0.01108792 -0.00490875 -0.00984748
v -0.01208818 -0.00429504 -0.00977948
v -0.01267273 -0.00338752 -0.00982782
v -0.01168883 -0.00234176 -0.00979744
v -0.01171048 -0.00130892 -0.00985701
v -0.01230555 -0.00206869 -0.00987231
v -0.00428353 -0.00497819 -0.00986161
v -0.00436015 -0.00334201 -0.00980383
v -0.00299869 -0.00340760 -0.00978194
v -0.01341745 -0.00155400 -0.00980325
v -0.01115575 -0.00039391 -0.00988527
v -0.01296672 -0.00518550 -0.00984631
v -0.01388083 -0.00377057 -0.00978455
v -0.01450803 -0.00504110 -0.00977849
v -0.01429965 -0.00613213 -0.00972785
v -0.00651797 -0.00649843 -0.00977114
v -0.00766973 -0.00795394 -0.00968409
v -0.01271825 -0.00671220 -0.00972535
v -0.01214495 -0.00545455 -0.00973178
v -0.00371160 0.00406016 -0.00979539
v -0.00991391 -0.00626324 -0.00981448
v -0.00577890 -0.00358613 -0.00989388
v -0.01214896 0.00013181 -0.00985327
v -0.01288345 0.00106755 -0.00985049
v -0.01171714 0.00268472 -0.00982985
v -0.00834485 -0.00760284 -0.00977112
v -0.00368023 -0.00567735 -0.00977161
v -0.01101048 0.00202781 -0.00993557
v -0.01041407 -0.00718694 -0.00971698
v -0.00914887 -0.00861282 -0.00969799
v -0.00531277 0.00505612 -0.00980559
v -0.00496006 0.00653017 -0.00983745
v -0.00178249 -0.00163056 -0.00948493
v -0.01159512 0.01589267 -0.00980409
v -0.01255264 0.01672078 -0.00971557
v -0.01102233 0.01608621 -0.00962829
v -0.01291370 0.01640571 -0.00984601
v -0.01426113 0.01762505 -0.00959667
v -0.01421445 0.01675242 -0.00981025
v -0.01489307 0.01674432 -0.00986528
v -0.01525062 0.01812801 -0.00957187
v -0.01648728 0.01777301 -0.00978519
v -0.01718499 0.01862069 -0.00959044
v -0.01835218 0.01885854 -0.00957271
v -0.01869026 0.01844193 -0.00973633
v -0.02061043 0.01924023 -0.00943218
v -0.01304652 0.01754168 -0.00938941
v -0.01990850 0.01869472 -0.00968354
v -0.02087817 0.01883692 -0.00969566
v -0.02145437 0.01915590 -0.00952650
v -0.01046570 0.01615901 -0.00934231
v -0.00972433 0.01571917 -0.00915468
v -0.01212883 0.01707440 -0.00930729
v -0.01393220 0.01821740 -0.00881062
v -0.01197808 0.01506364 -0.00984205
v -0.01425245 0.01564482 -0.00980697
v -0.01090639 0.01392324 -0.00991099
v -0.01668851 0.01570655 -0.00972398
v -0.01724230 0.01724350 -0.00977436
v -0.02808688 0.01777005 -0.00951684
v -0.02608812 0.01829738 -0.00961497
v -0.02511696 0.01884261 -0.00944264
v -0.02422955 0.01828731 -0.00968348
v -0.02605230 0.01893879 -0.00899181
v -0.02396365 0.01934149 -0.00909136
v -0.02356277 0.01902510 -0.00954419
v -0.02252782 0.01949834 -0.00915690
v -0.02207191 0.01905122 -0.00966227
v -0.02395083 0.01398041 -0.00960409
v -0.02221862 0.01516551 -0.00964288
v -0.02133529 0.01365134 -0.00960267
v -0.02381424 0.01533659 -0.00963012
v -0.02484278 0.01435917 -0.00960440
v -0.02351067 0.01265502 -0.00949166
v -0.02201968 0.01604126 -0.00969297
v -0.02078493 0.01512066 -0.00967714
v -0.01875453 0.01304374 -0.00965428
v -0.01944038 0.01561114 -0.00967777
v -0.02082430 0.01614955 -0.00972502
v -0.02470021 0.01252112 -0.00948669
v -0.02633869 0.01609110 -0.00956318
v -0.02715872 0.01443742 -0.00944230
v -0.02775567 0.01609054 -0.00946493
v -0.02911370 0.01493184 -0.00941350
v -0.02190599 0.01234474 -0.00959349
v -0.02254314 0.01721556 -0.00963546
v -0.02389293 0.01723669 -0.00961805
v -0.02140594 0.01724351 -0.00966186
v -0.01758295 0.01470937 -0.00971060
v -0.01755937 0.01635801 -0.00977294
v -0.01982992 0.01723358 -0.00966805
v -0.01852767 0.01734943 -0.00973975
v -0.02122727 0.01831386 -0.00975210
v -0.02550870 0.01711520 -0.00958400
v -0.02429229 0.01608606 -0.00968362
v -0.02782208 0.01715863 -0.00954360
v -0.02271148 0.01815995 -0.00978050
v -0.02542169 0.01791383 -0.00967917
v -0.02695412 0.01747867 -0.00962453
v -0.01896777 0.01801987 -0.00979485
v -0.02900403 0.01712656 -0.00957328
v -0.02830291 0.01636652 -0.00955477
v -0.02966038 0.01579939 -0.00947583
v -0.02395850 0.01878723 -0.00963971
v -0.02910179 0.00315775 -0.00953960
v -0.02971485 0.00462986 -0.00953186
v -0.02800876 0.00399703 -0.00955176
v -0.03005828 0.00154441 -0.00955668
v -0.03211019 0.00159807 -0.00956034
v -0.03080601 0.00305871 -0.00953081
v -0.03075798 -0.00004763 -0.00959852
v -0.02751648 0.00109888 -0.00955626
v -0.02668045 0.00180452 -0.00960544
v -0.02653324 0.00400696 -0.00959092
v -0.02482823 0.00090459 -0.00961946
v -0.02377384 0.00176365 -0.00964920
v -0.02445047 0.00392749 -0.00963813
v -0.02888683 0.00562046 -0.00948071
v -0.02773770 0.00624805 -0.00948001
v -0.02623363 0.00521595 -0.00957237
v -0.02689148 0.00677405 -0.00955507
v -0.02608771 0.00698893 -0.00955983
v -0.02462458 0.00878875 -0.00958290
v -0.02394181 0.00614677 -0.00960742
v -0.02379798 0.00318537 -0.00963061
v -0.02548669 0.00861741 -0.00957473
v -0.02945960 0.00743034 -0.00944577
v -0.02791687 0.00785415 -0.00944846
v -0.03074627 0.00662867 -0.00942342
v -0.03053347 0.00534531 -0.00945059
v -0.02991777 0.00807365 -0.00939503
v -0.03196895 0.00711150 -0.00940279
v -0.03252429 0.00612052 -0.00941901
v -0.02582890 0.01010322 -0.00955421
v -0.02432334 0.01092470 -0.00956798
v -0.02348473 0.00996523 -0.00957275
v -0.02328472 0.01067033 -0.00959444
v -0.02374235 0.01123569 -0.00959463
v -0.02249262 0.00999557 -0.00962280
v -0.02212465 0.01061571 -0.00960647
v -0.02265709 0.00867837 -0.00959911
v -0.02138620 0.00910478 -0.00961329
v -0.02205528 0.00719261 -0.00963411
v -0.02715972 0.00860488 -0.00946897
v -0.02576311 0.00032452 -0.00966679
v -0.02285775 0.00715487 -0.00968748
v -0.03176516 0.00438548 -0.00953080
v -0.02798533 0.01077663 -0.00947784
v -0.02663605 0.01107088 -0.00949424
v -0.02924901 0.00947329 -0.00942196
v -0.02984833 0.01058356 -0.00940563
v -0.03030219 0.00915290 -0.00939293
v -0.02786508 0.01164785 -0.00942988
v -0.03010460 0.01193696 -0.00933646
v -0.02851165 0.01274902 -0.00942908
v -0.02585953 0.01270498 -0.00954790
v -0.02617535 0.01424568 -0.00956462
v -0.02742576 0.01324417 -0.00940150
v -0.02850794 0.00832432 -0.00950123
v -0.03230227 0.00902056 -0.00940173
v -0.03418016 0.00929687 -0.00939022
v -0.03223684 0.00983115 -0.00940268
v -0.03425465 0.01052316 -0.00939257
v -0.03293356 0.01194254 -0.00937054
v -0.03093230 0.01093632 -0.00942997
v -0.03231304 0.01188162 -0.00933489
v -0.03460029 0.01166382 -0.00932558
v -0.03398388 0.01300708 -0.00933198
v -0.03232931 0.01282902 -0.00935816
v -0.03080182 0.01301099 -0.00939498
v -0.02959026 0.01383202 -0.00937382
v -0.03072693 0.01458363 -0.00935835
v -0.03298418 0.01382198 -0.00926969
v -0.03437968 0.00793844 -0.00941658
v -0.03500264 0.00859673 -0.00942023
v -0.03573117 0.00717657 -0.00947082
v -0.03449275 0.00673938 -0.00941590
v -0.03671675 0.00841705 -0.00939960
v -0.03434654 0.00526975 -0.00946750
v -0.03586824 0.00656749 -0.00943300
v -0.03465256 0.00421734 -0.00952574
v -0.03574925 0.00481287 -0.00951558
v -0.03224098 -0.00059752 -0.00958952
v -0.03345647 0.00109920 -0.00955807
v -0.03313543 0.00245824 -0.00955684
v -0.03195662 0.00334431 -0.00954350
v -0.03577766 0.00277307 -0.00953521
v -0.03596301 0.00182638 -0.00957406
v -0.03677471 -0.00006888 -0.00959468
v -0.03450172 -0.00106228 -0.00955463
v -0.03446684 -0.00341265 -0.00957493
v -0.03226064 -0.00250175 -0.00960032
v -0.03047539 -0.00389642 -0.00962505
v -0.03018808 -0.00147056 -0.00960438
v -0.02807901 -0.00374715 -0.00963867
v -0.03055733 -0.00532586 -0.00961784
v -0.02854386 -0.00654224 -0.00961087
v -0.02671738 -0.00537766 -0.00963274
v -0.02620370 -0.00342869 -0.00963892
v -0.02688769 -0.00121798 -0.00962113
v -0.02544826 -0.00068443 -0.00961983
v -0.03285844 -0.00475811 -0.00957237
v -0.03312157 -0.00643614 -0.00956478
v -0.02893840 -0.00056635 -0.00957104
v -0.02949425 -0.00038879 -0.00962815
v -0.03162708 -0.00823415 -0.00955267
v -0.03037153 -0.00790634 -0.00956486
v -0.02993109 -0.00704687 -0.00958209
v -0.03396767 -0.00698539 -0.00956207
v -0.02927329 -0.00739945 -0.00961650
v -0.02792658 -0.00025850 -0.00956466
v -0.03297773 -0.00810702 -0.00956338
v -0.03301549 -0.00962781 -0.00956307
v -0.03160528 -0.00977926 -0.00955552
v -0.03464705 -0.00836116 -0.00954269
v -0.03455150 -0.00930403 -0.00956729
v -0.03584747 -0.00926263 -0.00957205
v -0.03444753 -0.01094313 -0.00956568
v -0.03289355 -0.01076288 -0.00960234
v -0.03342068 -0.01152943 -0.00960861
v -0.03843467 -0.00233444 -0.00962759
v -0.03885173 -0.00111658 -0.00964252
v -0.03609859 -0.00118905 -0.00958025
v -0.03592721 -0.00259747 -0.00958783
v -0.03878392 0.00008669 -0.00964557
v -0.03705894 0.00099163 -0.00960515
v -0.03474853 -0.00225533 -0.00961008
v -0.03594631 -0.00360546 -0.00959811
v -0.03712296 -0.00364227 -0.00959583
v -0.03744736 -0.00477435 -0.00958414
v -0.03896893 0.00111335 -0.00963011
v -0.03749404 0.00374458 -0.00957897
v -0.03465415 -0.01236314 -0.00963478
v -0.03309328 -0.01303678 -0.00962377
v -0.03740482 0.00450525 -0.00959519
v -0.03884822 0.00288332 -0.00962488
v -0.03608226 -0.00793335 -0.00959789
v -0.03352706 -0.00565303 -0.00962790
v -0.03448597 -0.00573551 -0.00957925
v -0.03568075 -0.00493899 -0.00954082
v -0.03583534 -0.00652939 -0.00956041
v -0.03482787 -0.01061947 -0.00965217
v -0.03586948 -0.01080891 -0.00965517
v -0.03677612 -0.00931791 -0.00957888
v -0.02936287 0.00125957 -0.00952591
v -0.03887174 0.00438730 -0.00964760
v -0.03810185 0.00567320 -0.00957382
v -0.03739845 0.00625606 -0.00952821
v -0.03746325 0.00787794 -0.00952143
v -0.03207626 -0.01106484 -0.00952444
v -0.03149491 -0.01301682 -0.00958358
v -0.03099174 -0.01119619 -0.00957825
v -0.03076862 -0.00967852 -0.00957254
v -0.03040967 -0.01320838 -0.00957194
v -0.03072026 -0.01454007 -0.00957093
v -0.02931755 -0.01454651 -0.00955970
v -0.02893713 -0.01393176 -0.00956357
v -0.02812018 -0.01447792 -0.00956168
v -0.03157363 -0.01493433 -0.00957614
v -0.03111739 -0.01569113 -0.00958001
v -0.03284874 -0.01403223 -0.00959369
v -0.02985775 -0.01229724 -0.00955637
v -0.03010581 -0.01077185 -0.00955986
v -0.02899583 -0.01619066 -0.00951850
v -0.02959702 -0.01577029 -0.00964830
v -0.02854587 -0.01341903 -0.00959830
v -0.02627946 -0.01501758 -0.00957568
v -0.02600679 -0.01319155 -0.00956300
v -0.02547378 -0.01435956 -0.00960667
v -0.02556052 -0.01562501 -0.00959119
v -0.03895842 -0.00278877 -0.00967528
v -0.03018664 -0.01633463 -0.00966329
v -0.02703172 -0.00637457 -0.00967903
v -0.03035489 -0.00900688 -0.00952479
v -0.02158207 0.01139778 -0.00954263
v -0.02762198 -0.01549538 -0.00963826
v -0.03871784 -0.00411225 -0.00972422
v -0.02327218 0.01186379 -0.00968521
v -0.02680062 -0.01639666 -0.00946825
v -0.03378559 -0.01328943 -0.00968035
v -0.03615971 -0.00493991 -0.00968370
v -0.03729748 -0.00553141 -0.00962016
v -0.03820995 -0.00569003 -0.00962604
v -0.03680367 -0.00680149 -0.00964123
v -0.03625270 -0.00593292 -0.00965436
v -0.03702447 -0.00838178 -0.00962368
v -0.03638052 -0.00896093 -0.00962225
v -0.03478807 -0.00744976 -0.00962884
v -0.02834636 0.01402602 -0.00949556
v -0.03092954 0.00835821 -0.00948467
v -0.03847597 0.00642621 -0.00966378
v -0.03491095 0.00997253 -0.00949391
v -0.02820562 -0.01655522 -0.00950379
v -0.03538972 0.01258970 -0.00945557
v -0.03621038 -0.01082721 -0.00968349
v -0.02832454 0.00021361 -0.00967200
v -0.02480821 -0.01403519 -0.00951039
v -0.03085435 -0.00879797 -0.00968812
v -0.03565745 0.01187092 -0.00947265
v -0.03371235 0.01417103 -0.00944538
v -0.03259476 0.01445371 -0.00940119
v -0.03804702 0.00824931 -0.00960563
v -0.03023562 0.01651741 -0.00954418
v -0.03564676 -0.01130119 -0.00956851
v -0.02513890 -0.01554649 -0.00950965
v -0.02653837 -0.00673714 -0.00958956
v -0.03559498 0.01114953 -0.00925661
v -0.02560321 -0.01716600 -0.00972979
v -0.03613687 0.01056231 -0.00935040
v -0.03516260 -0.01179942 -0.00971777
v -0.02700911 -0.01304759 -0.00962163
v -0.02656969 -0.01174935 -0.00958952
v -0.03716240 0.00956095 -0.00959805
v -0.03749733 0.01013045 -0.00951918
v -0.03666672 0.01106551 -0.00954668
v -0.03581446 -0.01176968 -0.00985469
v -0.03635793 0.00930298 -0.00940698
v -0.02692116 -0.01748300 -0.00973169
v -0.03417338 -0.01416379 -0.00989303
v -0.03479829 -0.01293574 -0.00984161
v -0.03562091 -0.01295673 -0.00987267
v -0.02758367 -0.01604931 -0.00965853
v -0.03223662 -0.01538699 -0.00980330
v -0.03291115 -0.01520581 -0.00987774
v -0.03235786 -0.01601863 -0.00969281
v -0.03149771 -0.01601713 -0.00982535
v -0.02730703 -0.01667788 -0.00947101
v -0.03384728 -0.01474775 -0.00981574
v -0.02504101 -0.01746315 -0.00957417
v -0.02386793 -0.01559405 -0.00956088
v -0.02387106 -0.01770022 -0.00960462
v -0.02636569 -0.01748135 -0.00969097
v -0.02762980 -0.01711202 -0.00976327
v -0.02308994 -0.01827726 -0.00970719
v -0.01964348 -0.01816632 -0.00970979
v -0.02826544 -0.01707365 -0.00967954
v -0.02979491 -0.01666349 -0.00975742
v -0.02309569 -0.01732884 -0.00973658
v -0.02242042 -0.01587208 -0.00956823
v -0.01873665 -0.01773031 -0.00960795
v -0.01724815 -0.01738473 -0.00959687
v -0.01578788 -0.01750757 -0.00966024
v -0.01718483 -0.01613621 -0.00955274
v -0.01806719 -0.01736992 -0.00968263
v -0.01837200 -0.01622924 -0.00959701
v -0.01955699 -0.01706257 -0.00961577
v -0.01986546 -0.01607852 -0.00954907
v -0.01996449 -0.01436944 -0.00954592
v -0.01838340 -0.01443411 -0.00954110
v -0.02017556 -0.01749314 -0.00955752
v -0.02093249 -0.01708188 -0.00963702
v -0.02113446 -0.01638564 -0.00960343
v -0.01767355 -0.01534897 -0.00964666
v -0.01708055 -0.01484718 -0.00958357
v -0.02116599 -0.01771688 -0.00957717
v -0.02232105 -0.01719400 -0.00954709
v -0.02275434 -0.01770880 -0.00958315
v -0.02042203 -0.01578255 -0.00966941
v -0.02176767 -0.01491478 -0.00955560
v -0.03125978 -0.01678965 -0.00961480
v -0.03484077 -0.01419599 -0.00956182
v -0.03549653 -0.01360375 -0.00946409
v -0.03260900 -0.01606506 -0.00945037
v -0.03606977 -0.01294119 -0.00948607
v -0.01418142 -0.00781098 -0.00972207
v -0.01643243 -0.00752144 -0.00972099
v -0.01502813 -0.00616429 -0.00974513
v -0.01454420 -0.00908334 -0.00969678
v -0.01559249 -0.00893385 -0.00969793
v -0.01556451 -0.01149940 -0.00964801
v -0.01342594 -0.01087060 -0.00964900
v -0.01588003 -0.01354239 -0.00959857
v -0.01294211 -0.01288253 -0.00961732
v -0.01443850 -0.01440264 -0.00959420
v -0.01190277 -0.01168225 -0.00964217
v -0.01186581 -0.01056390 -0.00966668
v -0.01296638 -0.00897263 -0.00968075
v -0.01177156 -0.00870780 -0.00969328
v -0.01028652 -0.00881018 -0.00971778
v -0.01196626 -0.00667259 -0.00973930
v -0.01720298 -0.00991522 -0.00967099
v -0.01904345 -0.00894570 -0.00969412
v -0.01747898 -0.00611961 -0.00975014
v -0.01969448 -0.00641190 -0.00975379
v -0.02152034 -0.00635881 -0.00973993
v -0.02120677 -0.00941284 -0.00965851
v -0.02263828 -0.00913268 -0.00963961
v -0.02526055 -0.00746202 -0.00963382
v -0.01805649 -0.00081755 -0.00977562
v -0.02015599 0.00144550 -0.00974201
v -0.01736704 0.00000104 -0.00981068
v -0.02002586 -0.00072284 -0.00972906
v -0.01945952 -0.00281711 -0.00972539
v -0.01709548 -0.00355560 -0.00976076
v -0.01632808 -0.00135229 -0.00979146
v -0.01596020 -0.00351119 -0.00976291
v -0.02131470 0.00019815 -0.00973054
v -0.01890513 -0.01080410 -0.00960491
v -0.01710671 -0.01213324 -0.00957836
v -0.02123790 -0.01095642 -0.00959187
v -0.01473923 -0.00208986 -0.00981716
v -0.01444205 -0.00064495 -0.00983701
v -0.01515738 0.00044148 -0.00986147
v -0.01918465 -0.00454564 -0.00973870
v -0.02043958 -0.00314652 -0.00974715
v -0.02145031 -0.00432781 -0.00973697
v -0.02487309 -0.00517093 -0.00964609
v -0.02315520 -0.00331954 -0.00967812
v -0.02202547 -0.00144559 -0.00968071
v -0.02708599 -0.00879946 -0.00959798
v -0.02419000 -0.00305601 -0.00967799
v -0.02417719 -0.00936480 -0.00963451
v -0.02426223 -0.01141126 -0.00962288
v -0.02387895 0.00023620 -0.00965837
v -0.02401541 -0.00141386 -0.00964967
v -0.02701136 -0.01085922 -0.00961127
v -0.02815067 -0.00915684 -0.00959926
v -0.02483493 -0.00261706 -0.00966234
v -0.01775305 0.00253888 -0.00978842
v -0.02932394 -0.01163669 -0.00956890
v -0.01866527 -0.01344869 -0.00956516
v -0.01234948 -0.01439355 -0.00963853
v -0.01285821 -0.01549816 -0.00964692
v -0.00966079 -0.01026586 -0.00973793
v -0.02367649 -0.01095189 -0.00959342
v -0.02278285 -0.01140451 -0.00957896
v -0.02437714 -0.01239882 -0.00955506
v -0.02441447 -0.01331762 -0.00954944
v -0.02079186 -0.01164684 -0.00958261
v -0.02246185 -0.01321138 -0.00956768
v -0.02254478 -0.01488049 -0.00956138
v -0.02105166 -0.01357026 -0.00956669
v -0.00904740 -0.01101766 -0.00970131
v -0.00783536 -0.00897561 -0.00968767
v -0.02289922 -0.00207151 -0.00973665
v -0.01569395 -0.01523025 -0.00962384
v -0.01487376 -0.01619172 -0.00964455
v -0.01390577 -0.01653341 -0.00967845
v -0.01952159 -0.01209579 -0.00952145
v -0.01434536 0.00159129 -0.00980628
v -0.01327165 0.00286767 -0.00980831
v -0.01762272 -0.00479219 -0.00979268
v -0.01658424 0.00164187 -0.00977479
v -0.01743646 0.00426580 -0.00975407
v -0.01598619 0.00430437 -0.00976768
v -0.01722909 0.00634296 -0.00973303
v -0.01456657 0.00553215 -0.00977458
v -0.01597400 0.00685575 -0.00974796
v -0.02175001 0.00540601 -0.00967479
v -0.02129759 0.00287975 -0.00970227
v -0.01999612 0.00388702 -0.00970850
v -0.01963056 0.00216864 -0.00972830
v -0.01856900 0.00386226 -0.00973083
v -0.01504277 0.00160704 -0.00987379
v -0.01803537 -0.01282619 -0.00961425
v -0.01883111 -0.01169641 -0.00946153
v -0.02022409 -0.01306372 -0.00962609
v -0.02562316 -0.00503520 -0.00970050
v -0.01368725 -0.01582275 -0.00976319
v -0.02176527 -0.01037059 -0.00969293
v -0.00782608 0.01095101 -0.00990420
v -0.02035184 0.00830553 -0.00972217
v -0.04085571 0.00805567 0.00989586
v -0.03981884 0.01036054 0.00990608
v -0.04008083 0.01073604 0.00989422
v -0.03933797 0.01201573 0.00991324
v -0.03876387 0.01215703 0.00991121
v -0.03847525 0.01317235 0.00987642
v -0.03758395 0.01405363 0.00990785
v -0.03736430 0.01465357 0.00986303
v -0.03639016 0.01550344 0.00989626
v -0.04116018 0.00800225 0.00982382
v -0.04161174 0.00637363 0.00992732
v -0.03613060 0.01593503 0.00985089
v -0.03492640 0.01686965 0.00987789
v -0.03491277 0.01661068 0.00990695
v -0.03275595 0.01854600 0.00988115
v -0.03258468 0.01831279 0.00991130
v -0.03092279 0.01932325 0.00992094
v -0.03006180 0.01992231 0.00986924
v -0.02854284 0.02019328 0.00991064
v -0.02873180 0.02043930 0.00988641
v -0.02642692 0.02107042 0.00994341
v -0.03574199 0.01541622 0.00970706
v -0.03662071 0.01453390 0.00971629
v -0.03167063 0.01844643 0.00975475
v -0.03069412 0.01895866 0.00972752
v -0.03730357 0.01373186 0.00971666
v -0.02903031 0.01967440 0.00973046
v -0.02728124 0.02034820 0.00974537
v -0.02469467 0.02093006 0.00976051
v -0.03799927 0.01280099 0.00972334
v -0.03481448 0.01622049 0.00971666
v -0.03360543 0.01717629 0.00973032
v -0.03244822 0.01801106 0.00971945
v -0.03858023 0.01196472 0.00974402
v -0.03927544 0.01080174 0.00971413
v -0.02703715 0.02103654 0.00980831
v -0.02515593 0.02144751 0.00989544
v -0.01306669 -0.00689323 -0.00776988
v -0.01270960 -0.00742119 -0.00714398
v -0.01254454 -0.00679299 -0.00736605
v -0.01319982 -0.00773453 -0.00743907
v -0.01312885 -0.00602045 -0.00792187
v -0.01196495 -0.00601488 -0.00739280
v -0.01293534 -0.00796419 -0.00728839
v -0.01333884 -0.00849083 -0.00746928
v -0.01285092 -0.00500209 -0.00777875
v -0.01217301 -0.00484283 -0.00768680
v -0.04133496 -0.00771693 0.00989324
v -0.04062544 -0.00763149 0.00973272
v -0.04085854 -0.00703323 0.00963545
v -0.04160395 -0.00695211 0.00985231
v -0.04042849 -0.00845514 0.00972117
v -0.04176019 -0.00601678 0.00988260
v -0.04071066 -0.00932527 0.00977508
v -0.04117051 -0.00620945 0.00960797
v -0.04144044 -0.00523649 0.00968170
v -0.04205932 -0.00523749 0.00980186
v -0.04198009 -0.00479881 0.00989173
v -0.04171754 -0.00412766 0.00972871
v -0.04222247 -0.00400777 0.00984481
v -0.04169836 -0.00382693 0.00977708
v -0.04240048 -0.00297076 0.00990336
v -0.04199725 -0.00225663 0.00979736
v -0.04244265 -0.00244576 0.00980302
v -0.04240999 -0.00206382 0.00990798
v -0.04201011 -0.00138322 0.00981641
v -0.04249407 -0.00148620 0.00983966
v -0.04245091 -0.00104448 0.00997746
v -0.04196730 -0.00080740 0.00990497
v -0.04249284 -0.00043205 0.00984669
v -0.04201820 0.00000532 0.01000000
v -0.04250251 0.00023201 0.00993878
v -0.04196606 0.00083097 0.00987648
v -0.04219233 0.00173017 0.00997546
v -0.04174926 0.00273781 0.00980549
v -0.04193902 0.00466065 0.00998829
v -0.04148035 0.00513380 0.00977350
v -0.04161174 0.00637363 0.00992732
v -0.04118296 0.00667189 0.00973944
v -0.04239753 0.00279573 0.00986103
v -0.04243327 0.00179475 0.00991900
v -0.04248213 0.00142466 0.00986892
v -0.04248973 0.00088489 0.00987893
v -0.04085571 0.00805567 0.00989586
v -0.04054589 0.00800041 0.00973582
v -0.03993463 0.00961726 0.00974885
v -0.03981884 0.01036054 0.00990608
v -0.03927544 0.01080174 0.00971413
v 0.01159320 0.00449371 0.00776317
v 0.01153077 0.00467916 0.00814281
v 0.01331121 0.00459726 0.00803765
v 0.00930061 0.00466168 0.00781606
v 0.00888050 0.00478053 0.00807483
v 0.00716421 0.00481572 0.00783917
v 0.00661630 0.00485326 0.00817344
v 0.01418501 0.00452315 0.00827278
v 0.01703909 0.00455187 0.00818417
v 0.01498669 0.00450835 0.00792430
v 0.01707705 0.00453771 0.00802208
v 0.01809227 0.00450061 0.00809845
v 0.00956686 0.00459675 0.00830542
v 0.03210518 -0.00459383 0.00806822
v 0.03698147 -0.00452558 0.00825899
v 0.03250052 -0.00453564 0.00827054
v 0.02913914 -0.00444790 0.00821962
v 0.02998218 -0.00448097 0.00801195
v 0.02723014 -0.00453108 0.00802846
v 0.02606416 -0.00445412 0.00828460
v 0.02527693 -0.00453452 0.00802167
v 0.02445774 -0.00458500 0.00811150
v 0.03572405 -0.00453384 0.00806755
v 0.03898598 -0.00456531 0.00802469
v 0.03923055 -0.00449553 0.00816856
v 0.04059184 -0.00392877 0.00801379
v -0.02224363 0.02160793 0.00992895
v -0.01959048 0.02168982 0.00993514
v -0.02086742 0.02193113 0.00993989
v -0.02278858 0.02185810 0.00983551
v -0.02515593 0.02144751 0.00989544
v -0.01882628 0.02180737 0.00982118
v -0.01695702 0.02141514 0.00988367
v -0.02221579 0.02120208 0.00975593
v -0.02642692 0.02107042 0.00994341
v -0.02028404 0.02114595 0.00970503
v -0.01660325 0.02120505 0.00991030
v -0.01728643 0.02090841 0.00973669
v -0.01469276 0.02042284 0.00979539
v -0.01481032 0.02076422 0.00993288
v -0.01317328 0.02032736 0.00988491
v -0.01315644 0.01991786 0.00974343
v -0.01141404 0.01939856 0.00990632
v -0.01203749 0.01941245 0.00979899
v -0.01074013 0.01861518 0.00974964
v -0.00968566 0.01802338 0.00971625
v -0.01000946 0.01870559 0.00990858
v -0.00847126 0.01766702 0.00989166
v -0.00854565 0.01730746 0.00975089
v -0.00750598 0.01658407 0.00975659
v -0.00698329 0.01666697 0.00982713
v -0.00660758 0.01596179 0.00970904
v -0.00577125 0.01559373 0.00985570
v -0.00592238 0.01537545 0.00983992
v -0.00517166 0.01458765 0.00974962
v -0.01546215 0.02115343 0.00975293
v -0.00418362 0.01370583 0.00981788
v -0.00424095 0.01326292 0.00971335
v -0.00290131 0.01201864 0.00977946
v -0.00360061 0.01243287 0.00972504
v -0.00279252 0.01116890 0.00965976
v -0.00200425 0.00992025 0.00969511
v -0.00133694 0.00936375 0.00969454
v -0.00112943 0.00811524 0.00968939
v -0.00026162 0.00689875 0.00970241
v -0.00070013 0.00683183 0.00950257
v -0.00039146 0.00606584 0.00947798
v 0.00009469 0.00560004 0.00961456
v -0.02469467 0.02093006 0.00976051
v -0.00232362 0.01145480 0.00960403
v 0.00007585 0.00699808 0.00942980
v 0.00054197 0.00522944 0.00943226
v 0.00066091 0.00402903 0.00963421
v 0.00043229 0.00296278 0.00965438
v 0.00070674 0.00273330 0.00971196
v 0.00071453 -0.00004361 0.00973826
v -0.00044153 0.00817429 0.00938140
v -0.00375116 0.01354662 0.00959632
v -0.00290996 0.01242193 0.00959096
v -0.00634084 0.01519562 0.00943338
v -0.00858985 0.01799644 0.00970918
v -0.00572372 0.01417670 0.00900016
v -0.00463252 0.01458565 0.00959688
v -0.01124969 0.01962608 0.00963069
v -0.00434746 0.01296312 0.00925597
v -0.00527337 0.01317481 0.00864272
v -0.00410486 0.01169065 0.00864976
v -0.00651527 0.01476049 0.00875174
v -0.00581473 0.01588288 0.00960199
v -0.01474152 -0.01766785 -0.00733867
v -0.01400999 -0.01710576 -0.00763611
v -0.01474132 -0.01718652 -0.00763331
v -0.01616899 -0.01765364 -0.00759650
v -0.01629894 -0.01803119 -0.00741442
v -0.01813584 -0.01841489 -0.00774895
v -0.01325911 -0.01714975 -0.00733072
v -0.01323827 -0.01687551 -0.00767922
v -0.01718134 -0.01835215 -0.00738175
v -0.01160886 -0.01633571 -0.00721779
v -0.01190304 -0.01620860 -0.00772480
v -0.01040241 -0.01551648 -0.00726900
v -0.00991555 -0.01469438 -0.00754910
v -0.01075074 -0.01519822 -0.00753051
v -0.00946533 -0.01479083 -0.00743904
v -0.00878233 -0.01405837 -0.00750254
v -0.01138746 -0.01573692 -0.00765564
v -0.00864791 -0.01417274 -0.00712630
v -0.00811351 -0.01360316 -0.00746973
v -0.00868922 -0.01464148 -0.00504528
v -0.01044719 -0.01612105 -0.00455585
v -0.01018285 -0.01607492 -0.00302131
v -0.00896200 -0.01535280 -0.00166567
v -0.00996201 -0.01632694 -0.00066482
v -0.00917639 -0.01598675 0.00074769
v -0.02115820 -0.01980837 0.00124258
v -0.02084859 -0.01993499 0.00242491
v -0.01883627 -0.01975254 0.00125609
v -0.01931245 -0.01998587 0.00330997
v -0.02000837 -0.01962800 -0.00061810
v -0.02115724 -0.01963471 -0.00073165
v -0.02108712 -0.02029670 0.00511722
v -0.01849302 -0.02012680 0.00469200
v -0.01866488 -0.02030341 0.00629286
v -0.01986804 -0.02048352 0.00816864
v -0.01861634 -0.02047628 0.00850339
v -0.02031456 -0.02055598 0.00864329
v -0.02196451 -0.02040973 0.00681607
v -0.02153655 -0.02049316 0.00820011
v -0.02267027 -0.02056642 0.00866947
v -0.02266597 -0.01958107 -0.00059115
v -0.02283475 -0.01977600 0.00192211
v -0.02225996 -0.01980363 0.00193077
v -0.02218889 -0.02011147 0.00418863
v -0.02315256 -0.01911340 -0.00434694
v -0.01982856 -0.01911751 -0.00447523
v -0.02220021 -0.01901158 -0.00584313
v -0.01951479 -0.01892998 -0.00603264
v -0.02085069 -0.01886194 -0.00694650
v -0.01868335 -0.01927605 -0.00247977
v -0.01949024 -0.01872897 -0.00751042
v -0.02255728 -0.01873256 -0.00737384
v -0.02123975 -0.01870470 -0.00751842
v -0.01843630 -0.01867027 -0.00721092
v -0.01761872 -0.01972445 0.00254772
v -0.02381414 -0.02040344 0.00846428
v -0.02328276 -0.02031126 0.00670637
v -0.02391523 -0.02014417 0.00619769
v -0.02455509 -0.01856392 -0.00725259
v -0.02384030 -0.01926204 -0.00229810
v -0.02442688 -0.01944079 0.00004137
v -0.02396703 -0.01989257 0.00432003
v -0.02460272 -0.01913180 -0.00252589
v -0.02584447 -0.01913896 -0.00060606
v -0.02515375 -0.01875057 -0.00479179
v -0.01763170 -0.01896528 -0.00387070
v -0.01697130 -0.01928548 -0.00047922
v -0.01731394 -0.02010850 0.00601814
v -0.01711111 -0.01980290 0.00390741
v -0.01781633 -0.01875440 -0.00535475
v -0.01708144 -0.02018704 0.00808551
v -0.01679508 -0.02026094 0.00862153
v -0.01607580 -0.01878123 -0.00315233
v -0.02530944 -0.01943152 0.00181194
v -0.02523674 -0.01968958 0.00415350
v -0.02472583 -0.01992318 0.00580498
v -0.02639007 -0.01945203 0.00393257
v -0.02641001 -0.01912198 0.00099042
v -0.02709730 -0.01944592 0.00542223
v -0.02587513 -0.01977313 0.00648162
v -0.02551039 -0.01990599 0.00692630
v -0.02407375 -0.02015917 0.00702435
v -0.02539686 -0.02003406 0.00809627
v -0.02616398 -0.01994484 0.00845752
v -0.02696077 -0.01828180 -0.00561813
v -0.02704697 -0.01841780 -0.00401301
v -0.02593089 -0.01871061 -0.00340523
v -0.02676827 -0.01870036 -0.00209063
v -0.02741431 -0.01944786 0.00679121
v -0.02785541 -0.01913746 0.00420504
v -0.02630116 -0.01807836 -0.00773849
v -0.02782102 -0.01778847 -0.00737520
v -0.02519397 -0.01832998 -0.00771207
v -0.02830053 -0.01829257 -0.00208890
v -0.02870401 -0.01827490 -0.00101694
v -0.02768892 -0.01867226 -0.00009362
v -0.02812312 -0.01859640 0.00080398
v -0.02763130 -0.01954467 0.00856448
v -0.02887755 -0.01893479 0.00536632
v -0.02874176 -0.01871306 0.00331900
v -0.02907895 -0.01775028 -0.00433798
v -0.02903601 -0.01745374 -0.00691638
v -0.02944447 -0.01829556 0.00217713
v -0.02885064 -0.01907275 0.00813113
v -0.02429909 -0.01841523 -0.00774349
v -0.02326567 -0.01847541 -0.00765875
v -0.02987770 -0.01872223 0.00851919
v -0.03000372 -0.01834877 0.00436723
v -0.03050501 -0.01829263 0.00724789
v -0.03002306 -0.01759062 -0.00215283
v -0.03027978 -0.01733872 -0.00320291
v -0.03049770 -0.01756074 -0.00034923
v -0.03040758 -0.01794204 0.00285405
v -0.02980017 -0.01858735 0.00646015
v -0.03044567 -0.01715859 -0.00409625
v -0.03030720 -0.01702029 -0.00576985
v -0.02969452 -0.01704424 -0.00764445
v -0.02863864 -0.01733770 -0.00765483
v -0.02750155 -0.01767425 -0.00774111
v -0.03107025 -0.01816735 0.00858536
v -0.01557432 -0.01940897 0.00335772
v -0.01509344 -0.01881434 -0.00080031
v -0.01639492 -0.01830133 -0.00649623
v -0.01589886 -0.01971449 0.00561509
v -0.01443723 -0.01789592 -0.00603537
v -0.01452723 -0.01842677 -0.00228413
v -0.01524668 -0.01965103 0.00713507
v -0.01525218 -0.01974586 0.00849958
v -0.01432199 -0.01922456 0.00495135
v -0.01884412 -0.01855500 -0.00755160
v -0.01434111 -0.01902697 0.00325422
v -0.01496420 -0.01904804 0.00196187
v -0.01306674 -0.01894035 0.00709588
v -0.01425114 -0.01865580 0.00035598
v -0.01439914 -0.01944995 0.00845514
v -0.01324447 -0.01851997 0.00259009
v -0.01291860 -0.01894149 0.00836913
v -0.01295202 -0.01880344 0.00619758
v -0.01209891 -0.01826867 0.00462267
v -0.01339360 -0.01738953 -0.00660157
v -0.01304384 -0.01794658 -0.00144548
v -0.01255791 -0.01793995 0.00013527
v -0.02586812 -0.02028833 0.00896658
v -0.01856833 -0.02081963 0.00906869
v -0.01684876 -0.02085044 0.00976019
v -0.01517452 -0.02054527 0.00974567
v -0.01851414 -0.02105176 0.00977829
v -0.01980276 -0.02095811 0.00913409
v -0.02032136 -0.02114603 0.00975588
v -0.02180404 -0.02120560 0.00976173
v -0.02196284 -0.02092597 0.00904959
v -0.02380104 -0.02075219 0.00900314
v -0.02287203 -0.02114624 0.00976664
v -0.02513067 -0.02084581 0.00978421
v -0.02650162 -0.02051918 0.00978494
v -0.02798781 -0.01980989 0.00900164
v -0.02764068 -0.02014474 0.00978203
v -0.02859561 -0.01984473 0.00977273
v -0.02925743 -0.01934352 0.00899174
v -0.02954715 -0.01946584 0.00978682
v -0.03032734 -0.01913189 0.00978328
v -0.03096717 -0.01862493 0.00902587
v -0.03100890 -0.01880285 0.00976873
v -0.03191662 -0.01835315 0.00974743
v -0.03138954 -0.01697750 -0.00128166
v -0.03126149 -0.01771830 0.00578021
v -0.03148932 -0.01717431 0.00142547
v -0.03168770 -0.01733082 0.00394788
v -0.03150808 -0.01727620 0.00252571
v -0.03099833 -0.01639631 -0.00704832
v -0.03253577 -0.01707629 0.00701556
v -0.03238515 -0.01740879 0.00853343
v -0.03207348 -0.01610299 -0.00462636
v -0.03210734 -0.01629692 -0.00305309
v -0.03235921 -0.01781498 0.00895903
v -0.03298160 -0.01776477 0.00975067
v -0.01223973 -0.01794557 0.00163458
v -0.01199172 -0.01689905 -0.00535754
v -0.01178645 -0.01828412 0.00666198
v -0.01153829 -0.01832392 0.00846940
v -0.01150040 -0.01685132 -0.00384607
v -0.01457866 -0.01988861 0.00895072
v -0.01324610 -0.01997105 0.00968838
v -0.01130544 -0.01774045 0.00375166
v -0.01098511 -0.01694585 -0.00084198
v -0.01208060 -0.01732804 -0.00226695
v -0.01252545 -0.01916073 0.00888525
v -0.01018692 -0.01674726 0.00130866
v -0.01061285 -0.01752287 0.00562052
v -0.01019247 -0.01738803 0.00717239
v -0.01010133 -0.01748511 0.00843609
v -0.01190910 -0.01938125 0.00968634
v -0.01017642 -0.01693265 0.00314010
v -0.00937230 -0.01665428 0.00555819
v -0.00862449 -0.01580707 0.00315538
v -0.00905333 -0.01673704 0.00840769
v -0.00884779 -0.01641073 0.00703340
v -0.01044529 -0.01866277 0.00967972
v -0.00821153 -0.01580681 0.00593998
v -0.03016817 -0.01668017 -0.00775011
v -0.03095198 -0.01621768 -0.00775100
v -0.03171135 -0.01585588 -0.00751734
v -0.00823389 -0.01608719 0.00842803
v -0.00726073 -0.01503645 0.00635011
v -0.00930907 -0.01796422 0.00970585
v -0.00857401 -0.01705623 0.00912621
v -0.00805072 -0.01709409 0.00971896
v -0.03188682 -0.01556844 -0.00776768
v -0.03314338 -0.01485951 -0.00761717
v -0.03303438 -0.01476875 -0.00786440
v -0.00718952 -0.01597935 0.00912635
v -0.00697770 -0.01637037 0.00973087
v -0.01254454 -0.00679299 -0.00736605
v -0.01270960 -0.00742119 -0.00714398
v -0.01196366 -0.00779618 -0.00790891
v -0.01189408 -0.00679411 -0.00782208
v -0.01228808 -0.00822633 -0.00778552
v -0.01293534 -0.00796419 -0.00728839
v -0.01219314 -0.00899197 -0.00779277
v -0.01274767 -0.00970577 -0.00770774
v -0.01223304 -0.00662109 -0.00739723
v -0.01196495 -0.00601488 -0.00739280
v -0.01280473 0.01632022 -0.00698843
v -0.01337395 0.01702802 -0.00701075
v -0.01338477 0.01578572 -0.00738181
v -0.01256238 0.01571684 -0.00711249
v -0.01239252 0.01674534 -0.00657757
v -0.01269099 0.01546071 -0.00732989
v -0.01344740 0.01739139 -0.00680066
v -0.01440889 0.01742836 -0.00724124
v -0.01226176 0.01603120 -0.00648857
v -0.01213817 0.01580264 -0.00659711
v -0.01182418 0.01642002 -0.00639806
v -0.01206687 0.01544163 -0.00732106
v -0.01463190 0.01782247 -0.00680813
v -0.01589951 0.01813140 -0.00709758
v -0.01631289 0.01834378 -0.00703156
v -0.01675802 0.01806522 -0.00735237
v -0.01752073 0.01869892 -0.00709148
v -0.01165969 0.01606204 -0.00655942
v -0.01116417 0.01604499 -0.00645263
v -0.01159576 0.01575836 -0.00718555
v -0.02393903 0.01952558 0.00113299
v -0.02339211 0.01977412 0.00283339
v -0.02544807 0.01939359 0.00218983
v -0.02489258 0.01971551 0.00415118
v -0.02258956 0.02011127 0.00461574
v -0.02396583 0.02011674 0.00614547
v -0.02733260 0.01925271 0.00430690
v -0.02575234 0.01978948 0.00657103
v -0.02641913 0.01916136 0.00167345
v -0.02714589 0.01950689 0.00670634
v -0.02582346 0.01915726 -0.00016038
v -0.02387642 0.01944379 -0.00052582
v -0.02420368 0.01912614 -0.00353937
v -0.02658114 0.01876832 -0.00206503
v -0.02570864 0.01875791 -0.00382629
v -0.02709161 0.01965959 0.00860870
v -0.02433192 0.02009398 0.00713848
v -0.02323485 0.02034074 0.00801713
v -0.02537908 0.02007756 0.00867367
v -0.02193446 0.02041523 0.00655818
v -0.02274179 0.01929318 -0.00365086
v -0.02236022 0.01961764 -0.00060516
v -0.02496887 0.01870191 -0.00698276
v -0.02330414 0.01902208 -0.00692292
v -0.02126362 0.01983668 0.00181500
v -0.02148653 0.02011972 0.00411552
v -0.02205560 0.01908079 -0.00713509
v -0.02120402 0.01962471 -0.00110295
v -0.02154146 0.01931219 -0.00401802
v -0.02321786 0.02050006 0.00878676
v -0.02880611 0.01896614 0.00584519
v -0.02695036 0.01840149 -0.00382426
v -0.02548224 0.01849850 -0.00706346
v -0.02705285 0.01809536 -0.00653695
v -0.02792266 0.01883918 0.00252060
v -0.02938080 0.01863589 0.00429058
v -0.02747312 0.01873245 0.00057414
v -0.02822045 0.01841724 -0.00050006
v -0.02895211 0.01817451 -0.00094657
v -0.02879252 0.01791026 -0.00348966
v -0.02863463 0.01915184 0.00861565
v -0.02912146 0.01764894 -0.00441741
v -0.02925020 0.01744279 -0.00632802
v -0.02939161 0.01824881 0.00160459
v -0.02797980 0.01771289 -0.00704260
v -0.02874116 0.01744473 -0.00712967
v -0.03037264 0.01753914 -0.00175268
v -0.02679004 0.01800991 -0.00710048
v -0.02054913 0.02049608 0.00851766
v -0.01957553 0.02019657 0.00444920
v -0.02009596 0.02045044 0.00666416
v -0.02003659 0.01998199 0.00309692
v -0.01978184 0.01972703 0.00020320
v -0.02070611 0.01907839 -0.00711744
v -0.01860941 0.01991208 0.00284854
v -0.01831393 0.01977418 0.00181996
v -0.01983407 0.01939267 -0.00270805
v -0.01841334 0.01953325 -0.00055194
v -0.01946846 0.01916261 -0.00511814
v -0.01916678 0.01899748 -0.00711460
v -0.01858242 0.01920423 -0.00377690
v -0.01887713 0.02036992 0.00656842
v -0.01923918 0.02045135 0.00849314
v -0.01955639 0.02065094 0.00892573
v -0.03023537 0.01777729 0.00090071
v -0.03032331 0.01723844 -0.00369750
v -0.03026702 0.01846228 0.00877143
v -0.03011721 0.01701335 -0.00559648
v -0.01754013 0.02008296 0.00549065
v -0.03068189 0.01806802 0.00498041
v -0.03044920 0.01829211 0.00662329
v -0.03088730 0.01812082 0.00845258
v -0.03107872 0.01822691 0.00899912
v -0.02719735 0.01976582 0.00892727
v -0.03079229 0.01740903 -0.00054456
v -0.01705078 0.01983062 0.00408116
v -0.01770720 0.02023744 0.00689379
v -0.01709820 0.02018215 0.00842691
v -0.01690748 0.01949732 0.00121250
v -0.01696392 0.01914423 -0.00188100
v -0.01727936 0.01883727 -0.00541668
v -0.02001382 0.01884715 -0.00768751
v -0.01707325 0.02029292 0.00882719
v -0.03088904 0.01754172 0.00187086
v -0.03171312 0.01690606 0.00044015
v -0.02112615 0.01880226 -0.00772188
v -0.02954719 0.01708519 -0.00704665
v -0.02881488 0.01930480 0.00905971
v -0.03119875 0.01687201 -0.00312403
v -0.03126741 0.01651789 -0.00497804
v -0.03065515 0.01674709 -0.00541702
v -0.01599844 0.01876146 -0.00368317
v -0.01565501 0.01883287 -0.00219784
v -0.01584189 0.01915623 0.00027116
v -0.01604165 0.01945851 0.00263129
v -0.01574745 0.01965913 0.00537524
v -0.01615213 0.01979350 0.00605809
v -0.01580030 0.01976899 0.00676756
v -0.01566970 0.01984324 0.00867459
v -0.01558111 0.01969579 0.00615568
v -0.01483397 0.01878645 -0.00085640
v -0.01460600 0.01890541 0.00133274
v -0.01439159 0.01914334 0.00408418
v -0.01467467 0.01946357 0.00735710
v -0.01495458 0.01964851 0.00879146
v -0.01490904 0.01819119 -0.00503578
v -0.01487676 0.01843317 -0.00355715
v -0.01353031 0.01898510 0.00573370
v -0.02274398 0.01885619 -0.00734348
v -0.01421789 0.01832132 -0.00225048
v -0.01457962 0.01821868 -0.00390390
v -0.01873240 0.01878042 -0.00738138
v -0.01320131 0.01889968 0.00720023
v -0.01313688 0.01895272 0.00844586
v -0.01324802 0.01829530 0.00036645
v -0.01396313 0.01884346 0.00300891
v -0.01286269 0.01860446 0.00459264
v -0.01281308 0.01835573 0.00278625
v -0.01223244 0.01837612 0.00511805
v -0.01294262 0.01766393 -0.00257494
v -0.01185615 0.01825529 0.00644441
v -0.01210408 0.01852334 0.00868329
v -0.01401102 0.01941125 0.00883226
v -0.01199443 0.01743794 -0.00138811
v -0.01163637 0.01776345 0.00247955
v -0.01162926 0.01788859 0.00384993
v -0.01084571 0.01716604 0.00120122
v -0.03189155 0.01752098 0.00868840
v -0.03222652 0.01723661 0.00706265
v -0.03295664 0.01685275 0.00869999
v -0.03204672 0.01710157 0.00424598
v -0.03229054 0.01663074 0.00188499
v -0.03170376 0.01742168 0.00592301
v -0.03333630 0.01611262 0.00345559
v -0.03222476 0.01625011 -0.00224184
v -0.03395967 0.01595700 0.00660321
v -0.03400442 0.01606911 0.00864877
v -0.03192762 0.01607882 -0.00470685
v -0.03299622 0.01535042 -0.00419429
v -0.03359777 0.01557675 0.00140705
v -0.01761486 0.02071860 0.00932492
v -0.02088942 0.02097269 0.00926641
v -0.02028404 0.02114595 0.00970503
v -0.01728643 0.02090841 0.00973669
v -0.02221579 0.02120208 0.00975593
v -0.02359141 0.02076770 0.00920025
v -0.02469467 0.02093006 0.00976051
v -0.02733550 0.02011563 0.00934230
v -0.02728124 0.02034820 0.00974537
v -0.02903031 0.01967440 0.00973046
v -0.02945509 0.01932756 0.00937020
v -0.03069412 0.01895866 0.00972752
v -0.01509987 0.02023280 0.00935954
v -0.01469276 0.02042284 0.00979539
v -0.03123698 0.01846992 0.00933221
v -0.03167063 0.01844643 0.00975475
v -0.03206746 0.01803762 0.00933682
v -0.03244822 0.01801106 0.00971945
v -0.03351874 0.01540085 -0.00036004
v -0.01047295 0.01736059 0.00490596
v -0.01187141 0.01682513 -0.00425679
v -0.01141652 0.01686947 -0.00233232
v -0.01047133 0.01703797 0.00199908
v -0.01083164 0.01777772 0.00843411
v -0.01097154 0.01801004 0.00881855
v -0.01008613 0.01694178 0.00361370
v -0.01077926 0.01689163 -0.00027637
v -0.00958978 0.01689867 0.00698719
v -0.00981209 0.01697142 0.00532291
v -0.00862406 0.01639423 0.00867334
v -0.00931063 0.01602251 0.00020826
v -0.01030271 0.01601650 -0.00290518
v -0.01098281 0.01612867 -0.00484780
v -0.01001034 0.01623987 -0.00081883
v -0.00952559 0.01705975 0.00878000
v -0.00906365 0.01605456 0.00181596
v -0.00830841 0.01594945 0.00668615
v -0.00846216 0.01603358 0.00590658
v -0.00863378 0.01591669 0.00388914
v -0.00844448 0.01594051 0.00513445
v -0.01315644 0.01991786 0.00974343
v -0.01212353 0.01916365 0.00938011
v -0.01203749 0.01941245 0.00979899
v -0.01058162 0.01559187 -0.00646077
v -0.00781408 0.01574818 0.00864826
v -0.00905981 0.01546922 -0.00084937
v -0.01074013 0.01861518 0.00974964
v -0.01104543 0.01854544 0.00929784
v -0.00968566 0.01802338 0.00971625
v -0.00730314 0.01508957 0.00616401
v -0.00708728 0.01496425 0.00748301
v -0.00651527 0.01476049 0.00875174
v -0.00818547 0.01515091 0.00071650
v -0.00713674 0.01471545 0.00459798
v -0.00750634 0.01480210 0.00243559
v -0.00901628 0.01476913 -0.00351828
v -0.00783140 0.01412124 -0.00194759
v -0.00937718 0.01465625 -0.00514150
v -0.00815702 0.01379718 -0.00484171
v -0.00864379 0.01408838 -0.00665134
v -0.00982051 0.01492306 -0.00661594
v -0.00789081 0.01346743 -0.00651827
v -0.00694471 0.01281640 -0.00403040
v -0.00777620 0.01330764 -0.00675477
v -0.00758570 0.01415671 -0.00087719
v -0.00871393 0.01711829 0.00931213
v -0.00854565 0.01730746 0.00975089
v -0.00750598 0.01658407 0.00975659
v -0.00660758 0.01596179 0.00970904
v -0.00697420 0.01410244 0.00148012
v -0.00673966 0.01359330 0.00027630
v -0.00649937 0.01203870 -0.00665680
v -0.00592303 0.01380533 0.00764085
v -0.00584162 0.01328521 0.00371240
v -0.00576980 0.01302929 0.00257802
v -0.00613009 0.01209328 -0.00349154
v -0.00546417 0.01176479 -0.00170060
v -0.00599901 0.01175324 -0.00461618
v -0.00628778 0.01288220 -0.00057556
v -0.00564035 0.01328094 0.00567770
v -0.00496941 0.01092280 -0.00285738
v -0.00534479 0.01199508 0.00027930
v -0.00517072 0.01206162 0.00154494
v -0.00514779 0.01074909 -0.00461640
v -0.00579334 0.01108220 -0.00657713
v -0.03329862 0.01714415 0.00924614
v -0.00450673 0.01174222 0.00431874
v -0.00487661 0.01243043 0.00662247
v -0.00466891 0.01230560 0.00815347
v -0.00435802 0.01045709 -0.00127330
v -0.00439371 0.01102709 0.00147230
v -0.00402107 0.01080300 0.00274205
v -0.00527337 0.01317481 0.00864272
v -0.00410486 0.01169065 0.00864976
v -0.03360543 0.01717629 0.00973032
v -0.03478515 0.01593735 0.00910736
v -0.03473804 0.01544913 0.00836387
v -0.03372319 0.01439994 -0.00552376
v -0.03265784 0.01502156 -0.00609863
v -0.03223890 0.01544808 -0.00570660
v -0.03159873 0.01571871 -0.00548023
v -0.03153698 0.01547437 -0.00607562
v -0.03176406 0.01524734 -0.00696393
v -0.03234173 0.01507817 -0.00700922
v -0.03057131 0.01593117 -0.00692508
v -0.03065875 0.01591027 -0.00617251
v -0.03320271 0.01443127 -0.00682543
v -0.03061738 0.01618789 -0.00578633
v -0.03481448 0.01622049 0.00971666
v -0.03526627 0.01488306 0.00680779
v -0.03472764 0.01507892 0.00442967
v -0.03469326 0.01470011 0.00190380
v -0.03407349 0.01369346 -0.00685010
v -0.03366924 0.01507459 -0.00171199
v -0.03461998 0.01331594 -0.00651136
v -0.03381151 0.01470102 -0.00360409
v -0.03606747 0.01473720 0.00903577
v -0.03574199 0.01541622 0.00970706
v -0.03562700 0.01464669 0.00843509
v -0.03519780 0.01377411 -0.00000509
v -0.03538179 0.01314229 -0.00301198
v -0.03662071 0.01453390 0.00971629
v -0.03588232 0.01378887 0.00381450
v -0.03533202 0.01465898 0.00577134
v -0.03010800 0.01654978 -0.00681753
v 0.00691534 -0.00485318 0.00791835
v 0.00612778 -0.00484819 0.00814292
v 0.00412750 -0.00519245 0.00781355
v 0.00719557 -0.00464139 0.00825274
v 0.00410851 -0.00480379 0.00824503
v 0.00299020 -0.00546026 0.00781422
v 0.00240927 -0.00504234 0.00825570
v 0.00149165 -0.00562040 0.00794959
v 0.00176517 -0.00513176 0.00822746
v 0.00098605 -0.00565210 0.00830403
v 0.00258004 -0.00542497 0.00735001
v 0.00279022 -0.00543690 0.00746101
v 0.00113184 -0.00551817 0.00761507
v 0.00038721 -0.00592399 0.00800175
v 0.00075688 -0.00584275 0.00869319
v 0.04248967 0.00040714 0.00775241
v 0.04242542 0.00232108 0.00800546
v 0.04259986 0.00061039 0.00804315
v 0.04247119 -0.00176444 0.00792082
v 0.04247285 -0.00174567 0.00813099
v 0.04237739 0.00215939 0.00821786
v 0.04244244 0.00035498 0.00830507
v 0.04170369 0.00373348 0.00805824
v 0.00384927 0.00522962 0.00776423
v 0.00305314 0.00548735 0.00785424
v 0.00379168 0.00512711 0.00819437
v 0.00507054 0.00509275 0.00793037
v 0.00233220 0.00543727 0.00817179
v 0.00214005 0.00567928 0.00787957
v 0.00129199 0.00577641 0.00817775
v 0.00563798 0.00474004 0.00829924
v 0.00106004 0.00602516 0.00793389
v 0.00070848 0.00572076 0.00870530
v 0.00661630 0.00485326 0.00817344
v 0.00716421 0.00481572 0.00783917
v 0.04194214 -0.00221844 0.00774176
v 0.04247285 -0.00174567 0.00813099
v 0.04180981 -0.00283168 0.00800662
v 0.04116419 -0.00304391 0.00778438
v 0.04059184 -0.00392877 0.00801379
v 0.04007488 -0.00361239 0.00775318
v 0.03898598 -0.00456531 0.00802469
v 0.03881821 -0.00417158 0.00780892
v 0.03572405 -0.00453384 0.00806755
v 0.03564236 -0.00403431 0.00779553
v 0.03259743 -0.00414793 0.00773527
v 0.03254853 -0.00452463 0.00797068
v 0.03210518 -0.00459383 0.00806822
v 0.02978007 -0.00406433 0.00767087
v 0.02998218 -0.00448097 0.00801195
v 0.02733796 -0.00415788 0.00770436
v 0.02723014 -0.00453108 0.00802846
v 0.02485294 -0.00420574 0.00769921
v 0.02527693 -0.00453452 0.00802167
v 0.02445774 -0.00458500 0.00811150
v 0.02243087 -0.00452070 0.00805094
v 0.02227206 -0.00420898 0.00774094
v 0.02044216 -0.00409983 0.00771413
v 0.02020241 -0.00444318 0.00815578
v 0.01787920 -0.00411833 0.00766243
v 0.01833848 -0.00444422 0.00809659
v 0.01538323 -0.00450008 0.00787297
v 0.01521159 -0.00457010 0.00810333
v 0.01319883 -0.00453617 0.00800556
v 0.01945783 -0.00126808 0.00717740
v 0.01767060 0.00001411 0.00710352
v 0.02232573 0.00001045 0.00723638
v 0.02189757 -0.00245066 0.00731971
v 0.01955796 -0.00245843 0.00722551
v 0.02500607 -0.00232008 0.00735297
v 0.02507148 0.00003522 0.00728534
v 0.02710941 -0.00196733 0.00739216
v 0.02747141 -0.00001542 0.00738717
v 0.01698438 -0.00189696 0.00716511
v 0.03086534 -0.00226059 0.00749422
v 0.03094919 -0.00008390 0.00747100
v 0.03396075 -0.00234950 0.00762167
v 0.03361608 -0.00019904 0.00759737
v 0.03646122 -0.00323293 0.00770401
v 0.03637517 -0.00100152 0.00767491
v 0.03592171 0.00075878 0.00765891
v 0.01489315 -0.00206883 0.00714790
v 0.01358073 0.00028130 0.00703263
v 0.01229801 0.00034953 0.00697173
v 0.01214389 -0.00244227 0.00707783
v 0.03859299 0.00147684 0.00765208
v 0.03930905 -0.00124700 0.00766468
v 0.04163230 -0.00002300 0.00762667
v 0.03578199 0.00313660 0.00765878
v 0.03467403 0.00177123 0.00762889
v 0.03293621 0.00120897 0.00761264
v 0.03227206 0.00325840 0.00759976
v 0.03112868 0.00148270 0.00753773
v 0.03876616 0.00459294 0.00771836
v 0.04159041 0.00186361 0.00767061
v 0.03450703 0.00431621 0.00766805
v 0.01568500 -0.00242053 0.00714720
v 0.02828933 0.00186888 0.00747491
v 0.03024392 0.00260905 0.00752529
v 0.02498927 0.00122526 0.00736165
v 0.02503643 0.00212574 0.00740567
v 0.01469083 0.00186728 0.00713991
v 0.02135010 0.00194277 0.00732705
v 0.01670601 0.00212464 0.00722448
v 0.01875504 0.00168111 0.00723692
v 0.01151067 0.00171734 0.00697894
v 0.03037776 0.00423531 0.00763173
v 0.02679289 0.00379528 0.00756569
v 0.02306749 0.00308761 0.00746966
v 0.03342737 -0.00339682 0.00766351
v 0.01049580 -0.00168071 0.00690727
v 0.00802405 -0.00002957 0.00662550
v 0.00724969 0.00161373 0.00663263
v 0.00687045 -0.00217792 0.00667925
v 0.04027227 0.00428056 0.00778528
v 0.02942605 -0.00324602 0.00754084
v 0.02623818 -0.00338153 0.00748795
v 0.02461328 -0.00357108 0.00749395
v 0.01385684 -0.00338022 0.00725853
v 0.01016832 -0.00323662 0.00706574
v 0.01809771 -0.00340378 0.00735657
v 0.00571751 -0.00005514 0.00636897
v 0.00452290 0.00156401 0.00630985
v 0.04248967 0.00040714 0.00775241
v 0.02345616 0.00379097 0.00757148
v 0.02136092 0.00283106 0.00741838
v 0.01961732 0.00309576 0.00744174
v 0.01831697 0.00319948 0.00740788
v 0.01585978 0.00325796 0.00735102
v 0.01335599 0.00328353 0.00725308
v 0.01052439 0.00303490 0.00705410
v 0.04187435 0.00296263 0.00779912
v 0.00425907 -0.00240642 0.00635002
v 0.00354050 -0.00005018 0.00603902
v 0.00347328 -0.00216981 0.00614912
v 0.02084926 -0.00344405 0.00741496
v 0.02237938 -0.00356910 0.00748600
v 0.00787484 0.00305943 0.00689105
v 0.00431627 0.00303552 0.00654948
v 0.00636264 -0.00311896 0.00678121
v 0.00314903 0.00173751 0.00606091
v 0.01484766 -0.00376453 0.00738066
v 0.02060120 0.00408152 0.00767235
v 0.03429523 0.00476324 0.00775951
v 0.03115554 0.00462697 0.00773552
v 0.00245028 -0.00290445 0.00592024
v 0.02639206 0.00446707 0.00772760
v 0.02397436 0.00431949 0.00775911
v 0.00284270 0.00291294 0.00618164
v 0.00218634 -0.00002342 0.00563184
v 0.00410744 -0.00351658 0.00662158
v 0.01285800 -0.00395434 0.00739650
v 0.01887181 0.00416946 0.00777033
v 0.00204482 -0.00135206 0.00557964
v 0.01663330 -0.00387755 0.00747005
v 0.01097681 -0.00412549 0.00740024
v 0.00865645 -0.00421614 0.00731334
v 0.00543082 -0.00411878 0.00705178
v 0.00218807 0.00143565 0.00565909
v 0.00266648 -0.00329774 0.00614313
v 0.04247119 -0.00176444 0.00792082
v 0.00232507 0.00288712 0.00593017
v 0.00391487 -0.00477654 0.00721228
v 0.00214579 -0.00444628 0.00657669
v 0.04242542 0.00232108 0.00800546
v 0.00077893 -0.00313781 0.00512420
v 0.00067502 -0.00236496 0.00478701
v 0.00068540 -0.00129148 0.00472627
v 0.00181433 0.00042464 0.00538213
v 0.00094001 0.00136368 0.00486817
v 0.00106470 0.00295658 0.00516147
v 0.00616191 -0.00461341 0.00745453
v 0.00773801 -0.00449046 0.00744967
v 0.00258004 -0.00542497 0.00735001
v 0.00134787 -0.00486670 0.00680847
v 0.00098896 -0.00428044 0.00605331
v 0.01129366 -0.00451890 0.00775894
v 0.00893814 -0.00470729 0.00778091
v 0.00021450 -0.00419657 0.00551918
v 0.00017231 -0.00299155 0.00435900
v -0.00004312 -0.00479995 0.00598082
v 0.00279022 -0.00543690 0.00746101
v 0.00113184 -0.00551817 0.00761507
v 0.00018399 -0.00528528 0.00701188
v 0.00412750 -0.00519245 0.00781355
v 0.00691534 -0.00485318 0.00791835
v 0.00038721 -0.00592399 0.00800175
v 0.00795571 -0.00481041 0.00799432
v 0.01093002 -0.00465053 0.00803633
v 0.03342920 0.00511420 0.00803212
v 0.03297330 0.00513358 0.00818081
v 0.03666249 0.00528731 0.00812958
v 0.02969184 0.00487039 0.00803075
v 0.03670776 0.00519074 0.00791392
v 0.03843439 0.00517696 0.00795179
v 0.02652694 0.00485345 0.00811115
v 0.02467687 0.00467967 0.00813548
v 0.02366062 0.00465274 0.00811443
v 0.02083132 0.00462810 0.00808548
v 0.01926604 0.00444886 0.00806840
v 0.01809227 0.00450061 0.00809845
v 0.01713756 0.00415783 0.00768318
v 0.01707705 0.00453771 0.00802208
v 0.01498669 0.00450835 0.00792430
v 0.01375966 0.00416630 0.00763520
v 0.01331121 0.00459726 0.00803765
v 0.01159320 0.00449371 0.00776317
v 0.01220724 0.00393429 0.00742863
v 0.00888526 0.00412257 0.00738201
v 0.00930061 0.00466168 0.00781606
v 0.00716421 0.00481572 0.00783917
v 0.00983968 0.00344915 0.00714383
v 0.00620280 0.00401152 0.00711244
v 0.00568665 0.00468377 0.00749109
v 0.00383679 0.00432303 0.00691209
v 0.00250845 0.00415984 0.00654439
v 0.00203942 0.00481231 0.00682591
v 0.04046806 0.00462818 0.00803980
v 0.00249132 0.00532864 0.00744831
v 0.04170369 0.00373348 0.00805824
v 0.00078733 0.00505339 0.00655498
v 0.00101782 0.00432551 0.00591605
v 0.00106004 0.00602516 0.00793389
v 0.00507054 0.00509275 0.00793037
v 0.03896971 0.00516984 0.00814606
v 0.00012578 0.00429893 0.00517296
v -0.00013363 0.00551322 0.00619366
v 0.00005281 0.00643650 0.00768624
v 0.00384927 0.00522962 0.00776423
v 0.00305314 0.00548735 0.00785424
v 0.00214005 0.00567928 0.00787957
v 0.00054920 0.00648074 0.00844231
v 0.04102921 0.00426671 0.00817339
v 0.02243087 -0.00452070 0.00805094
v 0.02286621 -0.00447103 0.00823124
v 0.02020241 -0.00444318 0.00815578
v 0.02445774 -0.00458500 0.00811150
v -0.04010058 -0.00923749 0.00972193
v -0.04069095 -0.00879976 0.00985338
v -0.04071066 -0.00932527 0.00977508
v -0.04032182 -0.00991974 0.00983817
v -0.03964004 -0.01016538 0.00969576
v -0.04042849 -0.00845514 0.00972117
v -0.03942323 -0.01060534 0.00981568
v -0.04002140 -0.01097337 0.00980306
v -0.03932428 -0.01151458 0.00984178
v -0.03932001 -0.01214351 0.00980518
v -0.03873098 -0.01282195 0.00984590
v -0.03863824 -0.01176346 0.00979418
v -0.03814164 -0.01258405 0.00973397
v -0.03762030 -0.01327825 0.00972188
v -0.03734996 -0.01365688 0.00978366
v -0.03773378 -0.01428252 0.00984428
v -0.03720133 -0.01432705 0.00986868
v -0.03650219 -0.01561181 0.00983376
v -0.03649319 -0.01462279 0.00974366
v -0.03578745 -0.01588549 0.00987503
v -0.03590344 -0.01523468 0.00974654
v -0.03537504 -0.01567718 0.00972098
v -0.03509598 -0.01680920 0.00984273
v -0.03473044 -0.01634108 0.00975641
v -0.03446766 -0.01713950 0.00988577
v -0.03357116 -0.01726479 0.00976689
v -0.03235989 -0.01855526 0.00985763
v -0.03278219 -0.01866384 0.00984386
v -0.03144265 -0.01936217 0.00977030
v -0.03919784 -0.01094230 0.00960547
v -0.03298160 -0.01776477 0.00975067
v -0.03833442 -0.01206995 0.00969826
v -0.03689306 -0.01405401 0.00954283
v -0.00862441 -0.00585426 -0.00749566
v -0.00908266 -0.00625287 -0.00749274
v -0.00844531 -0.00593252 -0.00728557
v -0.00842299 -0.00646221 -0.00723669
v -0.00855828 -0.00554182 -0.00721881
v -0.01088892 -0.01444174 -0.00753833
v -0.01120180 -0.01430051 -0.00705791
v -0.01146032 -0.01456464 -0.00754923
v -0.02097424 -0.01553441 -0.00740266
v -0.02135443 -0.01561873 -0.00669072
v -0.02083749 -0.01566115 -0.00694420
v -0.02124648 -0.01539108 -0.00706874
v -0.02063411 -0.01588983 -0.00697873
v 0.04046806 0.00462818 0.00803980
v 0.03993997 0.00481223 0.00825401
v 0.04102921 0.00426671 0.00817339
v 0.03896971 0.00516984 0.00814606
v 0.03863094 0.00484367 0.00855741
v 0.03694319 0.00521062 0.00843674
v 0.03995159 0.00421304 0.00856864
v 0.03666249 0.00528731 0.00812958
v 0.03297330 0.00513358 0.00818081
v 0.03187408 0.00473992 0.00854417
v 0.02978805 0.00485802 0.00822964
v 0.02969184 0.00487039 0.00803075
v 0.01981474 -0.00310916 0.00861520
v 0.01952001 -0.00197072 0.00860710
v 0.01793091 -0.00269846 0.00859421
v 0.01772665 -0.00348601 0.00859588
v 0.02402186 -0.00333582 0.00863175
v 0.02102019 -0.00207924 0.00861660
v 0.02359735 -0.00158253 0.00865535
v 0.02543082 -0.00241568 0.00866759
v 0.02520213 -0.00053801 0.00869901
v 0.02986091 -0.00225552 0.00874810
v 0.02177260 0.00008023 0.00862125
v 0.02854697 -0.00350444 0.00867525
v 0.02533279 -0.00368688 0.00861689
v 0.02953172 -0.00003715 0.00875528
v 0.03160904 -0.00133504 0.00877243
v 0.03295955 0.00009471 0.00879719
v 0.03417363 -0.00213467 0.00875828
v 0.03221740 -0.00278314 0.00872987
v 0.03531735 -0.00059037 0.00881844
v 0.03719890 -0.00223277 0.00877345
v 0.03787408 -0.00051032 0.00883068
v 0.03441602 0.00154686 0.00884471
v 0.03784877 0.00267675 0.00886114
v 0.03499377 0.00292749 0.00883708
v 0.03250917 0.00298443 0.00879444
v 0.03042836 0.00137397 0.00875211
v 0.02563175 0.00115101 0.00867080
v 0.02285654 0.00154469 0.00859377
v 0.02055747 0.00125312 0.00855316
v 0.01964737 0.00022304 0.00857524
v 0.01777887 0.00040771 0.00852722
v 0.02375996 0.00198511 0.00860213
v 0.02464595 0.00336175 0.00861331
v 0.03039653 0.00296683 0.00874325
v 0.02044375 0.00209716 0.00855637
v 0.02121650 0.00317356 0.00856961
v 0.01857156 0.00277332 0.00851558
v 0.02822463 0.00390804 0.00866061
v 0.01857915 -0.00124772 0.00851591
v 0.01690582 -0.00032845 0.00849648
v 0.01747998 -0.00146321 0.00853769
v 0.01528538 -0.00128273 0.00850054
v 0.01922294 0.00143823 0.00856754
v 0.03911775 0.00025639 0.00881978
v 0.02010806 0.00403461 0.00850876
v 0.02142510 0.00415877 0.00850418
v 0.01447492 0.00005646 0.00852487
v 0.01659527 0.00157166 0.00851640
v 0.01444456 0.00147412 0.00851837
v 0.01594598 0.00267753 0.00849699
v 0.01351235 0.00293658 0.00848419
v 0.01324933 0.00137037 0.00847006
v 0.01213846 0.00211995 0.00846433
v 0.01181824 0.00014433 0.00847991
v 0.01351495 -0.00131456 0.00847003
v 0.01105087 -0.00149063 0.00841539
v 0.01724076 0.00384565 0.00853823
v 0.03479835 0.00421491 0.00876786
v 0.03178361 0.00428563 0.00869747
v 0.01174967 -0.00280289 0.00849209
v 0.01321338 -0.00272602 0.00852704
v 0.01314117 -0.00407568 0.00854055
v 0.01073558 -0.00382294 0.00849293
v 0.01481269 -0.00380103 0.00856348
v 0.01551565 -0.00248358 0.00857661
v 0.01579712 -0.00333594 0.00857195
v 0.01146809 0.00147915 0.00840673
v 0.01028049 -0.00243686 0.00841966
v 0.00848611 -0.00100073 0.00829177
v 0.01084525 -0.00005795 0.00841832
v 0.00934837 0.00147715 0.00833704
v 0.00886514 0.00000194 0.00829660
v 0.00656651 0.00109354 0.00826711
v 0.00829364 0.00176274 0.00829603
v 0.00646389 -0.00029337 0.00824916
v 0.00674551 0.00298075 0.00831331
v 0.00832351 -0.00330136 0.00841486
v 0.00723947 -0.00427168 0.00841795
v 0.00638448 -0.00119428 0.00829838
v 0.00768225 -0.00214939 0.00830109
v 0.00584062 -0.00297460 0.00829359
v 0.03976918 0.00215055 0.00878902
v 0.00995683 0.00008822 0.00841574
v 0.00982821 0.00281965 0.00842390
v 0.01214589 0.00369744 0.00855528
v 0.01011242 0.00421412 0.00849601
v 0.01539858 0.00377948 0.00855123
v 0.01224080 0.00419428 0.00850610
v 0.01545762 0.00420025 0.00850816
v 0.00900855 0.00339905 0.00845301
v 0.00830159 0.00421442 0.00848616
v 0.00881844 -0.00258289 0.00843931
v 0.03943198 -0.00242491 0.00871422
v 0.04037974 -0.00086805 0.00870893
v 0.00530689 0.00427107 0.00841246
v 0.01833137 -0.00413660 0.00854828
v 0.01979051 -0.00413528 0.00853911
v 0.03797097 0.00412056 0.00875105
v 0.01608616 -0.00415803 0.00850984
v 0.00525575 -0.00421973 0.00839763
v 0.03712911 -0.00339787 0.00866830
v 0.03288215 -0.00352311 0.00865598
v 0.00577642 0.00147411 0.00817435
v 0.00520143 0.00271036 0.00818487
v 0.00400367 0.00087776 0.00802252
v 0.00349188 0.00255575 0.00807339
v 0.00468740 -0.00082870 0.00806194
v 0.00260141 0.00029163 0.00793045
v 0.00240293 0.00084034 0.00794671
v 0.00286627 0.00146234 0.00796673
v 0.00152692 0.00199685 0.00800564
v 0.00218975 0.00338193 0.00804818
v 0.00418066 -0.00325543 0.00818546
v 0.00328485 -0.00173779 0.00803976
v 0.00220677 -0.00292124 0.00811552
v 0.00133074 -0.00245804 0.00814375
v 0.00134363 -0.00374265 0.00819452
v 0.00129077 0.00368293 0.00815094
v 0.00415362 0.00374756 0.00821753
v 0.00407570 0.00460610 0.00833398
v 0.00236688 -0.00080647 0.00796718
v 0.00135955 -0.00022603 0.00804357
v 0.02584139 0.00417417 0.00856110
v 0.02360518 0.00412768 0.00851148
v 0.00328762 -0.00115591 0.00809499
v 0.04168275 0.00009918 0.00858390
v 0.00371892 -0.00430571 0.00832133
v 0.03583685 0.00477786 0.00868312
v 0.02313944 -0.00419072 0.00849719
v 0.03188444 -0.00415756 0.00852527
v 0.00199226 0.00448163 0.00821941
v 0.03860374 -0.00412250 0.00850896
v 0.03608863 -0.00414735 0.00850735
v 0.04159724 0.00227918 0.00853517
v 0.04142365 -0.00182506 0.00850836
v 0.00153696 -0.00418028 0.00826889
v 0.00240927 -0.00504234 0.00825570
v 0.00176517 -0.00513176 0.00822746
v 0.00410851 -0.00480379 0.00824503
v 0.01849701 0.00411156 0.00849311
v 0.04006068 -0.00343959 0.00850396
v 0.01115783 -0.00439388 0.00838165
v 0.02521240 -0.00413141 0.00851341
v 0.02755732 -0.00412207 0.00850069
v 0.02933352 -0.00413914 0.00849911
v 0.00563798 0.00474004 0.00829924
v 0.00661630 0.00485326 0.00817344
v 0.00101743 0.00491280 0.00842570
v 0.00177997 0.00522401 0.00826184
v 0.00258858 0.00487281 0.00833828
v 0.00379168 0.00512711 0.00819437
v 0.00233220 0.00543727 0.00817179
v 0.00129199 0.00577641 0.00817775
v 0.04153376 0.00331407 0.00838581
v 0.02867448 0.00433889 0.00854328
v 0.00719557 -0.00464139 0.00825274
v 0.00101105 -0.00465130 0.00850190
v 0.00098605 -0.00565210 0.00830403
v 0.04244244 0.00035498 0.00830507
v 0.04247285 -0.00174567 0.00813099
v 0.04237739 0.00215939 0.00821786
v 0.00956686 0.00459675 0.00830542
v 0.01703909 0.00455187 0.00818417
v 0.00096924 0.00281143 0.00830426
v 0.01153077 0.00467916 0.00814281
v 0.01418501 0.00452315 0.00827278
v 0.02124731 0.00447177 0.00830722
v 0.02366062 0.00465274 0.00811443
v 0.02467687 0.00467967 0.00813548
v 0.02652694 0.00485345 0.00811115
v 0.01935300 0.00432915 0.00831033
v 0.02083132 0.00462810 0.00808548
v 0.00096173 -0.00340519 0.00845526
v 0.00094732 -0.00222401 0.00842937
v 0.00089387 -0.00020480 0.00841218
v 0.04170369 0.00373348 0.00805824
v 0.00070848 0.00572076 0.00870530
v 0.01809227 0.00450061 0.00809845
v 0.01926604 0.00444886 0.00806840
v 0.01521159 -0.00457010 0.00810333
v 0.01332693 -0.00441332 0.00834562
v 0.01319883 -0.00453617 0.00800556
v 0.01093002 -0.00465053 0.00803633
v 0.01504392 -0.00440888 0.00833060
v 0.01758167 -0.00441577 0.00830212
v 0.00795571 -0.00481041 0.00799432
v 0.00691534 -0.00485318 0.00791835
v 0.01833848 -0.00444422 0.00809659
v 0.02020241 -0.00444318 0.00815578
v 0.02286621 -0.00447103 0.00823124
v 0.02445774 -0.00458500 0.00811150
v 0.02606416 -0.00445412 0.00828460
v 0.02913914 -0.00444790 0.00821962
v 0.03250052 -0.00453564 0.00827054
v 0.03698147 -0.00452558 0.00825899
v 0.03923055 -0.00449553 0.00816856
v 0.04076514 -0.00378311 0.00817936
v 0.04180981 -0.00283168 0.00800662
v 0.04180981 -0.00283168 0.00800662
v 0.04076514 -0.00378311 0.00817936
v 0.04059184 -0.00392877 0.00801379
v 0.03923055 -0.00449553 0.00816856
v -0.00375142 0.00602340 -0.00746286
v -0.00381731 0.00528617 -0.00721454
v -0.00376051 0.00507808 -0.00737638
v -0.01889946 -0.00757676 -0.00743488
v -0.01938795 -0.00799233 -0.00731887
v -0.01947062 -0.00823750 -0.00751888
v -0.00724373 0.00478601 -0.00731577
v -0.00681815 0.00455956 -0.00709878
v -0.00792820 0.00520370 -0.00734717
v -0.02097424 -0.01553441 -0.00740266
v -0.02078868 -0.01534782 -0.00713247
v -0.02124648 -0.01539108 -0.00706874
v -0.02097424 -0.01553441 -0.00740266
v -0.02083749 -0.01566115 -0.00694420
v -0.02078868 -0.01534782 -0.00713247
v -0.02965992 -0.01499693 -0.00755278
v -0.03012458 -0.01472614 -0.00722193
v -0.03025996 -0.01474514 -0.00738970
v -0.03621751 -0.00548103 -0.00737353
v -0.03590116 -0.00558029 -0.00732429
v -0.03681317 -0.00518528 -0.00707663
v -0.04259537 -0.00127619 0.00965257
v -0.04249407 -0.00148620 0.00983966
v -0.04245091 -0.00104448 0.00997746
v -0.02710752 -0.00956658 -0.00750977
v -0.02761839 -0.00937750 -0.00741496
v -0.02805981 -0.00913837 -0.00754201
v -0.04259986 0.00155929 0.00963145
v -0.04248213 0.00142466 0.00986892
v -0.04243327 0.00179475 0.00991900
v -0.03025996 -0.01474514 -0.00738970
v -0.03012458 -0.01472614 -0.00722193
v -0.02972974 -0.01451338 -0.00732008
v -0.01101312 0.00150419 -0.00733634
v -0.01130754 0.00129576 -0.00730376
v -0.01178767 0.00095436 -0.00749740
v -0.03582321 -0.00752026 -0.00729730
v -0.03564072 -0.00775036 -0.00713469
v -0.03542705 -0.00780349 -0.00727657
v -0.02077328 -0.01231674 -0.00737276
v -0.02072190 -0.01267457 -0.00726769
v -0.02067296 -0.01319067 -0.00734370
v -0.03776918 0.01125891 -0.00204859
v -0.03834459 0.01055683 -0.00045825
v -0.03736639 0.01168568 -0.00303681
v -0.00842299 -0.00646221 -0.00723669
v -0.00855828 -0.00554182 -0.00721881
v -0.00844531 -0.00593252 -0.00728557
v -0.02224333 -0.01459043 -0.00739181
v -0.02229544 -0.01485319 -0.00719180
v -0.02208385 -0.01444514 -0.00730296
v -0.03654233 -0.00432046 -0.00716153
v -0.03559789 -0.00361332 -0.00739150
v -0.03591787 -0.00385655 -0.00726181
v 0.00893814 -0.00470729 0.00778091
v 0.01093002 -0.00465053 0.00803633
v 0.00795571 -0.00481041 0.00799432
v 0.02969184 0.00487039 0.00803075
v 0.02652694 0.00485345 0.00811115
v 0.02978805 0.00485802 0.00822964
v -0.03057131 0.01593117 -0.00692508
v -0.03061738 0.01618789 -0.00578633
v -0.03065875 0.01591027 -0.00617251
v 0.04247119 -0.00176444 0.00792082
v 0.04247285 -0.00174567 0.00813099
v 0.04194214 -0.00221844 0.00774176
v -0.03670152 0.00806796 -0.00707547
v -0.03618308 0.00869053 -0.00708349
v -0.03656868 0.00945029 -0.00691585
v -0.03663288 0.00750342 -0.00712166
v -0.03738466 0.00936296 -0.00706741
v -0.03779453 0.00770842 -0.00726170
v -0.03730040 0.00985285 -0.00671379
v -0.03604317 0.01000399 -0.00677166
v -0.03561814 0.00896514 -0.00740697
v -0.03523968 0.00820221 -0.00756153
v -0.03812529 0.00819523 -0.00715858
v -0.03682310 0.01008331 -0.00673356
v -0.03843165 0.00786260 -0.00709137
v -0.03572454 0.00760738 -0.00754375
v -0.03720896 0.00659249 -0.00713803
v -0.03872810 0.00647300 -0.00725700
v -0.03517045 0.00945783 -0.00742098
v -0.03876946 0.00710200 -0.00709839
v -0.03899408 0.00637624 -0.00683987
v -0.03875552 0.00601245 -0.00709358
v -0.03904418 0.00558034 -0.00687440
v -0.03810796 0.00560232 -0.00685393
v -0.03813813 0.00517139 -0.00652770
v -0.03784825 0.00612931 -0.00700234
v -0.03900492 0.00513137 -0.00675732
v -0.03797894 0.00892187 -0.00666348
v -0.03867006 0.00467116 -0.00655502
v -0.03895485 0.00401694 -0.00704651
v -0.03832253 0.00445842 -0.00665682
v -0.03933061 0.00471194 -0.00680203
v -0.03705828 0.00593886 -0.00734813
v -0.03778583 0.00658302 -0.00713264
v -0.03750936 0.00564898 -0.00729880
v -0.03557857 0.01026998 -0.00706874
v -0.03497857 0.01031007 -0.00737749
v -0.03377824 0.00907730 -0.00757063
v -0.03342458 0.01026982 -0.00743903
v -0.03310385 0.00924295 -0.00758017
v -0.03199687 0.01042188 -0.00756819
v -0.03240137 0.01088738 -0.00737775
v -0.03162365 0.01189573 -0.00745022
v -0.03258066 0.01279144 -0.00740400
v -0.03050407 0.01288108 -0.00748156
v -0.03130565 0.01347575 -0.00740073
v -0.02956385 0.01287948 -0.00754221
v -0.03022947 0.01419739 -0.00744359
v -0.02825346 0.01368271 -0.00755582
v -0.02843636 0.01210968 -0.00745476
v -0.02763237 0.01288539 -0.00756187
v -0.02679264 0.01347069 -0.00761486
v -0.02669715 0.01164623 -0.00754325
v -0.02663790 0.01467013 -0.00760186
v -0.02537848 0.01462265 -0.00779648
v -0.02534234 0.01534125 -0.00763709
v -0.02742550 0.01622194 -0.00744723
v -0.02659439 0.01639010 -0.00745820
v -0.02563264 0.01647327 -0.00750839
v -0.02621446 0.01703441 -0.00750336
v -0.02560547 0.01710176 -0.00763109
v -0.02589808 0.01762596 -0.00742205
v -0.02696981 0.01732832 -0.00749204
v -0.02679004 0.01800991 -0.00710048
v -0.02548224 0.01849850 -0.00706346
v -0.02499931 0.01811779 -0.00734960
v -0.02496887 0.01870191 -0.00698276
v -0.02395723 0.01820853 -0.00750397
v -0.02274398 0.01885619 -0.00734348
v -0.02295362 0.01799745 -0.00758879
v -0.02194117 0.01761688 -0.00776354
v -0.02283172 0.01745378 -0.00772926
v -0.02112615 0.01880226 -0.00772188
v -0.02002328 0.01745903 -0.00783375
v -0.02104800 0.01695276 -0.00771899
v -0.02003918 0.01838402 -0.00782418
v -0.02001382 0.01884715 -0.00768751
v -0.01873240 0.01878042 -0.00738138
v -0.02797980 0.01771289 -0.00704260
v -0.02362412 0.01744619 -0.00757163
v -0.02343483 0.01713648 -0.00767641
v -0.02399576 0.01609499 -0.00774568
v -0.02221887 0.01674824 -0.00774148
v -0.02271585 0.01516897 -0.00787851
v -0.02190404 0.01641215 -0.00770490
v -0.02091049 0.01655231 -0.00770423
v -0.02143032 0.01485073 -0.00790275
v -0.02156357 0.01377279 -0.00792619
v -0.02250328 0.01284422 -0.00797172
v -0.02385481 0.01329662 -0.00794616
v -0.02399109 0.01231721 -0.00789470
v -0.02491908 0.01346271 -0.00789239
v -0.02504643 0.01211860 -0.00757748
v -0.02412875 0.01165019 -0.00785073
v -0.02537411 0.01152345 -0.00755212
v -0.02040765 0.01428536 -0.00774674
v -0.02026545 0.01284630 -0.00762401
v -0.02006329 0.01343610 -0.00758623
v -0.01963888 0.01179105 -0.00759144
v -0.02079708 0.01139948 -0.00762241
v -0.02131689 0.01245223 -0.00768635
v -0.02156542 0.01201018 -0.00758927
v -0.02221995 0.01123841 -0.00773700
v -0.02154272 0.01030916 -0.00767916
v -0.02286183 0.01085986 -0.00767149
v -0.02269987 0.00978583 -0.00776144
v -0.02179580 0.00949747 -0.00763091
v -0.02057782 0.00931518 -0.00758475
v -0.02187358 0.00890327 -0.00767691
v -0.02310154 0.01062959 -0.00774740
v -0.02359947 0.00896699 -0.00761363
v -0.02028535 0.01044289 -0.00753364
v -0.01891505 0.01377440 -0.00762507
v -0.01812501 0.01280869 -0.00758707
v -0.01779901 0.01345402 -0.00745193
v -0.01842870 0.01465461 -0.00758233
v -0.01741828 0.01473087 -0.00755689
v -0.01723397 0.01164649 -0.00757501
v -0.01848800 0.01571911 -0.00751875
v -0.01673609 0.01349733 -0.00747741
v -0.01713165 0.01592064 -0.00742738
v -0.01818973 0.01611844 -0.00739489
v -0.01862892 0.01665923 -0.00755200
v -0.01951977 0.01640129 -0.00747181
v -0.01892139 0.01717109 -0.00769927
v -0.01822812 0.01705263 -0.00748866
v -0.01890548 0.01745919 -0.00763791
v -0.01958848 0.01705117 -0.00767813
v -0.01834379 0.01760052 -0.00768255
v -0.01729835 0.01723641 -0.00754048
v -0.01721769 0.01805538 -0.00739485
v -0.01691726 0.01759243 -0.00736783
v -0.01626221 0.01713249 -0.00747537
v -0.01675802 0.01806522 -0.00735237
v -0.01753137 0.01690618 -0.00744616
v -0.01630415 0.01430904 -0.00741586
v -0.01719213 0.01302902 -0.00755873
v -0.02391497 0.01051404 -0.00775298
v -0.02108917 0.01302846 -0.00783838
v -0.01944887 0.01456316 -0.00755948
v -0.02059305 0.01533924 -0.00779233
v -0.02277514 0.00872177 -0.00759210
v -0.02081619 0.00816462 -0.00751227
v -0.01945247 0.00819350 -0.00761198
v -0.01978881 0.00754624 -0.00765642
v -0.01881348 0.00737424 -0.00770339
v -0.01905068 0.00641570 -0.00751637
v -0.01817536 0.00664882 -0.00753366
v -0.01816454 0.00718572 -0.00774347
v -0.01735423 0.00710094 -0.00764215
v -0.01747508 0.00607330 -0.00752463
v -0.01635600 0.00664815 -0.00757474
v -0.01689326 0.00521256 -0.00734323
v -0.01570735 0.00608450 -0.00739835
v -0.01541397 0.00677333 -0.00741791
v -0.01468312 0.00654866 -0.00744723
v -0.01637929 0.00776004 -0.00764529
v -0.01567483 0.00493949 -0.00736355
v -0.01459922 0.00529836 -0.00735727
v -0.01359282 0.00568677 -0.00719137
v -0.01334446 0.00677799 -0.00735268
v -0.01299227 0.00591061 -0.00730002
v -0.01336287 0.00505272 -0.00737971
v -0.01250255 0.00545374 -0.00725274
v -0.01287743 0.00466877 -0.00738041
v -0.01202278 0.00529623 -0.00744180
v -0.01180696 0.00591659 -0.00730699
v -0.01112775 0.00546857 -0.00733979
v -0.01046244 0.00591287 -0.00729746
v -0.01013920 0.00458831 -0.00724799
v -0.00971545 0.00482420 -0.00723918
v -0.00974144 0.00408946 -0.00736052
v -0.00871753 0.00465331 -0.00725649
v -0.00873008 0.00395011 -0.00751361
v -0.00936909 0.00328445 -0.00722734
v -0.00900462 0.00275891 -0.00745760
v -0.00971724 0.00272964 -0.00735968
v -0.01018416 0.00277234 -0.00713693
v -0.01006442 0.00233166 -0.00725315
v -0.01077363 0.00287998 -0.00750504
v -0.01122629 0.00265599 -0.00751628
v -0.01082477 0.00367745 -0.00755417
v -0.01089600 0.00224429 -0.00728711
v -0.01101312 0.00150419 -0.00733634
v -0.01158116 0.00374405 -0.00741965
v -0.01142424 0.00400299 -0.00717109
v -0.01207773 0.00290080 -0.00735457
v -0.01223524 0.00353133 -0.00737055
v -0.01209197 0.00406298 -0.00752561
v -0.01255148 0.00402197 -0.00746817
v -0.01288893 0.00334729 -0.00738906
v -0.01169731 0.00210329 -0.00757833
v -0.00837421 0.00273183 -0.00725512
v -0.00825779 0.00226826 -0.00732038
v -0.00878865 0.00213095 -0.00752646
v -0.01006112 0.00187744 -0.00724126
v -0.00796172 0.00255262 -0.00734266
v -0.00770282 0.00225030 -0.00735198
v -0.00815576 0.00164239 -0.00726042
v -0.00769160 0.00156877 -0.00745212
v -0.00763278 0.00111189 -0.00730031
v -0.00677107 0.00162285 -0.00751596
v -0.00806680 0.00101850 -0.00738342
v -0.00748619 0.00065938 -0.00723885
v -0.00746484 0.00029137 -0.00742942
v -0.00688353 0.00037715 -0.00760396
v -0.00729598 -0.00004043 -0.00737101
v -0.00645723 -0.00044626 -0.00756519
v -0.00622655 0.00020962 -0.00733277
v -0.00582502 -0.00027208 -0.00729340
v -0.00600039 0.00069849 -0.00739056
v -0.00586028 0.00120030 -0.00719048
v -0.00543780 0.00069247 -0.00726205
v -0.00504278 -0.00047483 -0.00735289
v -0.00497996 0.00007669 -0.00748570
v -0.00410404 -0.00017492 -0.00759619
v -0.00405207 -0.00071759 -0.00773646
v -0.00448550 0.00056406 -0.00751757
v -0.00380522 0.00084968 -0.00768522
v -0.00404602 0.00127234 -0.00772992
v -0.00358021 0.00238740 -0.00758796
v -0.00412277 0.00245440 -0.00765291
v -0.00494780 0.00159741 -0.00741159
v -0.00487576 0.00220271 -0.00759668
v -0.00536048 0.00204227 -0.00736808
v -0.00574594 0.00159232 -0.00742925
v -0.00628382 0.00177684 -0.00747103
v -0.00618546 0.00203956 -0.00721714
v -0.00570509 0.00249077 -0.00727130
v -0.00643723 0.00247661 -0.00738570
v -0.00592536 0.00286166 -0.00747114
v -0.00651432 0.00317739 -0.00753221
v -0.00692483 0.00298485 -0.00740927
v -0.00759452 0.00350211 -0.00745311
v -0.00728161 0.00394991 -0.00728045
v -0.00782921 0.00391017 -0.00735583
v -0.00766244 0.00422558 -0.00722132
v -0.00681815 0.00455956 -0.00709878
v -0.00635755 0.00441403 -0.00729545
v -0.00724373 0.00478601 -0.00731577
v -0.00792820 0.00520370 -0.00734717
v -0.00532162 0.00260583 -0.00746839
v -0.00273066 0.00164752 -0.00765233
v -0.00319285 0.00053120 -0.00771778
v -0.00318396 0.00238110 -0.00773077
v -0.00265001 0.00245779 -0.00769766
v -0.00307227 0.00393903 -0.00768194
v -0.00275907 0.00437734 -0.00745624
v -0.00289574 0.00534083 -0.00744122
v -0.00329298 0.00578132 -0.00755608
v -0.00324325 0.00648226 -0.00709315
v -0.00376051 0.00507808 -0.00737638
v -0.00375142 0.00602340 -0.00746286
v -0.00384286 0.00374483 -0.00756734
v -0.00244218 0.00091242 -0.00755284
v -0.00349943 0.00010334 -0.00759059
v -0.00248044 0.00353940 -0.00737771
v -0.00497763 -0.00104820 -0.00753153
v -0.00552020 -0.00100042 -0.00696049
v -0.00404130 -0.00114370 -0.00777585
v -0.00271868 -0.00108990 -0.00770537
v -0.00271145 -0.00075851 -0.00753094
v -0.00224302 -0.00111266 -0.00739372
v -0.00328508 -0.00170326 -0.00774334
v -0.00420250 -0.00225676 -0.00785139
v -0.00362421 -0.00231226 -0.00773898
v -0.00380714 -0.00279490 -0.00778972
v -0.00301017 -0.00286084 -0.00763940
v -0.00346886 -0.00316315 -0.00781211
v -0.00412115 -0.00377224 -0.00737155
v -0.00252449 -0.00344350 -0.00741825
v -0.00456416 -0.00293197 -0.00771882
v -0.00458740 -0.00329973 -0.00776604
v -0.00549032 -0.00348615 -0.00771624
v -0.00379777 -0.00435539 -0.00777261
v -0.00334535 -0.00405049 -0.00783454
v -0.00525315 -0.00252325 -0.00765663
v -0.00452885 -0.00401827 -0.00746380
v -0.00292043 -0.00239503 -0.00773647
v -0.00512839 0.00118113 -0.00751694
v -0.00695465 -0.00079713 -0.00762290
v -0.00644670 -0.00100125 -0.00738224
v -0.00659665 -0.00145885 -0.00749002
v -0.00724832 -0.00149077 -0.00746561
v -0.00733644 -0.00255679 -0.00754824
v -0.00664987 -0.00255502 -0.00753237
v -0.00698468 -0.00303188 -0.00734067
v -0.00743326 -0.00328059 -0.00752809
v -0.00795713 -0.00254245 -0.00737858
v -0.00786502 -0.00371105 -0.00735006
v -0.00757409 -0.00397184 -0.00732920
v -0.00697209 -0.00366605 -0.00726635
v -0.00782993 -0.00438035 -0.00745007
v -0.00689955 -0.00437264 -0.00756176
v -0.00817356 -0.00340494 -0.00729969
v -0.00851302 -0.00240598 -0.00733435
v -0.00766461 -0.00057456 -0.00738581
v -0.00759424 -0.00207782 -0.00730966
v -0.00624228 -0.00193584 -0.00732337
v -0.00630099 -0.00283516 -0.00734104
v -0.00585564 -0.00169961 -0.00707807
v -0.00629153 0.00122471 -0.00745869
v -0.00538273 -0.00206069 -0.00741774
v -0.00743462 0.00262994 -0.00746113
v -0.00865019 0.00106214 -0.00737744
v -0.00895331 0.00156430 -0.00726929
v -0.00832287 0.00469889 -0.00744349
v -0.00822905 0.00373900 -0.00722091
v -0.01028427 0.00338234 -0.00734269
v -0.01092169 0.00454329 -0.00713321
v -0.00862431 0.00540657 -0.00718809
v -0.00939274 0.00582358 -0.00730620
v -0.00853820 0.00699402 -0.00732782
v -0.00742306 0.00609855 -0.00730591
v -0.00746737 0.00746229 -0.00726161
v -0.00672331 0.00639091 -0.00733300
v -0.00637975 0.00709466 -0.00731450
v -0.00620270 0.00669076 -0.00727180
v -0.00511012 0.00652781 -0.00746010
v -0.00637259 0.00585863 -0.00734602
v -0.00498585 0.00505656 -0.00749819
v -0.00575820 0.00500333 -0.00735220
v -0.00632332 0.00545354 -0.00725698
v -0.00552267 0.00700844 -0.00733600
v -0.00474828 0.00582154 -0.00744265
v -0.00685688 0.00573862 -0.00743716
v -0.00616635 0.00767340 -0.00728152
v -0.00666544 0.00804020 -0.00729508
v -0.00741387 0.00885861 -0.00728668
v -0.00596035 0.00871439 -0.00740302
v -0.00583097 0.00942742 -0.00760000
v -0.00891381 0.00876872 -0.00732832
v -0.00643018 0.01016374 -0.00762765
v -0.00532601 0.00903503 -0.00750857
v -0.00523525 0.00823167 -0.00748065
v -0.00545619 0.00993148 -0.00731698
v -0.00970113 0.00709998 -0.00732969
v -0.00797430 0.00981721 -0.00723674
v -0.01133564 0.00474970 -0.00738600
v -0.01259652 0.00669750 -0.00730953
v -0.01514896 0.00424254 -0.00747289
v -0.01399120 0.00416128 -0.00741264
v -0.01492746 0.00378101 -0.00752884
v -0.01565474 0.00358532 -0.00737199
v -0.01370712 0.00317204 -0.00681839
v -0.01413554 0.00321976 -0.00700429
v -0.01373956 0.00277203 -0.00641747
v -0.01346567 0.00275582 -0.00687487
v -0.01391518 0.00214749 -0.00675403
v -0.01415334 0.00247697 -0.00666949
v -0.01400563 0.00527819 -0.00722268
v -0.01504977 0.00304017 -0.00739866
v -0.01085278 0.00896267 -0.00734760
v -0.01042719 0.00761433 -0.00733426
v -0.01020993 0.00976274 -0.00732980
v -0.01096356 0.00992946 -0.00721467
v -0.01069090 0.01080019 -0.00728330
v -0.00959268 0.01031295 -0.00730449
v -0.00976562 0.01100613 -0.00724554
v -0.01055358 0.01257387 -0.00729796
v -0.01157974 0.01180701 -0.00732397
v -0.01211379 0.01269512 -0.00734413
v -0.01162119 0.01290558 -0.00725085
v -0.01047943 0.01332357 -0.00742063
v -0.01129202 0.01047617 -0.00729264
v -0.00966410 0.01257569 -0.00741135
v -0.00988529 0.01343955 -0.00737848
v -0.01024324 0.01400320 -0.00736817
v -0.01085606 0.01435917 -0.00749054
v -0.00998594 0.01433669 -0.00703505
v -0.00932709 0.01383423 -0.00703714
v -0.01089041 0.01502671 -0.00707883
v -0.01157810 0.01475389 -0.00740396
v -0.01159576 0.01575836 -0.00718555
v -0.01116417 0.01604499 -0.00645263
v -0.01058162 0.01559187 -0.00646077
v -0.01206687 0.01544163 -0.00732106
v -0.01178308 0.01438125 -0.00740135
v -0.01269099 0.01546071 -0.00732989
v -0.01239747 0.01432980 -0.00717581
v -0.01352884 0.01478796 -0.00724153
v -0.01338477 0.01578572 -0.00738181
v -0.01415702 0.01562026 -0.00732246
v -0.01418145 0.01630202 -0.00741228
v -0.01478103 0.01615129 -0.00738983
v -0.01441617 0.01656499 -0.00728706
v -0.01522864 0.01675920 -0.00741027
v -0.01577176 0.01643845 -0.00738065
v -0.01555865 0.01744215 -0.00737834
v -0.01440889 0.01742836 -0.00724124
v -0.01531295 0.01565845 -0.00740793
v -0.01361760 0.01355720 -0.00739428
v -0.01264667 0.01344772 -0.00714602
v -0.00982051 0.01492306 -0.00661594
v -0.01283269 0.01292918 -0.00728269
v -0.01369873 0.01218708 -0.00725198
v -0.01458116 0.01314610 -0.00742444
v -0.01443824 0.01176758 -0.00749315
v -0.01302765 0.01181821 -0.00738365
v -0.01434290 0.01061096 -0.00748578
v -0.01515728 0.01069711 -0.00731574
v -0.01265813 0.01084859 -0.00727462
v -0.01375369 0.00994787 -0.00728762
v -0.01319534 0.00981450 -0.00726700
v -0.01373661 0.00866456 -0.00755144
v -0.01287273 0.00896729 -0.00740511
v -0.01312227 0.00782848 -0.00735682
v -0.01182212 0.00909119 -0.00741827
v -0.01226721 0.00970977 -0.00750803
v -0.01426123 0.00932276 -0.00740986
v -0.01613575 0.01198347 -0.00758970
v -0.01496061 0.01359587 -0.00736717
v -0.00883275 0.01130062 -0.00733077
v -0.00838527 0.01215325 -0.00753745
v -0.00796702 0.01078821 -0.00745332
v -0.01176907 0.01331980 -0.00738543
v -0.01656153 0.00421388 -0.00732226
v -0.00626464 0.00358033 -0.00732142
v -0.01268439 0.00258837 -0.00731963
v -0.01273279 0.00202262 -0.00729364
v -0.01325363 0.00232866 -0.00708289
v -0.01298510 0.00161707 -0.00747502
v -0.01293886 0.00283922 -0.00746690
v -0.01357374 0.00171321 -0.00703374
v -0.01294366 0.00104781 -0.00755883
v -0.01368954 0.00108900 -0.00741600
v -0.01416568 0.00140286 -0.00690328
v -0.01402297 0.00093820 -0.00716803
v -0.01499282 0.00077806 -0.00742818
v -0.01442465 0.00042046 -0.00718306
v -0.01499067 0.00018755 -0.00740974
v -0.01418570 -0.00028264 -0.00705652
v -0.01583450 0.00105252 -0.00742172
v -0.01497664 0.00128726 -0.00744919
v -0.01566086 0.00152246 -0.00726815
v -0.01518924 0.00201556 -0.00749447
v -0.01593607 0.00190420 -0.00743332
v -0.01583151 -0.00002226 -0.00746054
v -0.01559937 -0.00031662 -0.00726797
v -0.01601415 -0.00127681 -0.00739280
v -0.01572622 -0.00098188 -0.00728063
v -0.01529791 -0.00065191 -0.00744148
v -0.01487095 -0.00118289 -0.00731127
v -0.01364181 0.00063047 -0.00740639
v -0.01446991 0.00173037 -0.00710211
v -0.01613579 -0.00009771 -0.00745806
v -0.01481814 -0.00164908 -0.00738362
v -0.01560604 -0.00193774 -0.00735526
v -0.01501785 -0.00242586 -0.00761979
v -0.01439042 -0.00235383 -0.00739108
v -0.01444626 -0.00281201 -0.00756072
v -0.01405994 -0.00257389 -0.00739969
v -0.01369927 -0.00299598 -0.00742855
v -0.01501841 -0.00301775 -0.00733458
v -0.01311566 -0.00223654 -0.00770254
v -0.01341725 -0.00156043 -0.00744283
v -0.01260222 -0.00133954 -0.00754323
v -0.01277383 -0.00041823 -0.00727937
v -0.01209416 -0.00198855 -0.00745407
v -0.01204203 -0.00073620 -0.00767543
v -0.01386275 -0.00101435 -0.00674506
v -0.01596831 -0.00281269 -0.00762370
v -0.01604279 -0.00211745 -0.00743465
v -0.01652992 -0.00239253 -0.00739792
v -0.01693290 -0.00299480 -0.00741031
v -0.01726714 -0.00258350 -0.00747652
v -0.01744899 -0.00198197 -0.00729983
v -0.01758862 -0.00301817 -0.00749536
v -0.01815619 -0.00265816 -0.00732148
v -0.01807549 -0.00160299 -0.00750973
v -0.01788572 -0.00108719 -0.00750723
v -0.01713612 -0.00156739 -0.00744282
v -0.01713080 -0.00048312 -0.00738956
v -0.01769551 -0.00022671 -0.00742092
v -0.01821561 -0.00068622 -0.00740050
v -0.01864077 -0.00010211 -0.00739161
v -0.01815662 0.00023162 -0.00734066
v -0.01778686 0.00075053 -0.00749509
v -0.01868225 0.00097505 -0.00746542
v -0.01718731 0.00039228 -0.00736856
v -0.01907905 -0.00114628 -0.00740505
v -0.01918151 -0.00218100 -0.00752276
v -0.01963160 -0.00237037 -0.00743728
v -0.01888184 -0.00300266 -0.00743991
v -0.02011695 -0.00281320 -0.00752271
v -0.02037508 -0.00250641 -0.00758945
v -0.02011444 -0.00417548 -0.00753080
v -0.01951750 -0.00394458 -0.00751759
v -0.02105150 -0.00356429 -0.00762387
v -0.02147503 -0.00164779 -0.00744419
v -0.02075225 -0.00154154 -0.00748378
v -0.02079968 -0.00128372 -0.00735491
v -0.02028418 -0.00093609 -0.00738076
v -0.02120430 -0.00014771 -0.00750052
v -0.02027684 -0.00009098 -0.00738328
v -0.02086347 0.00042377 -0.00744793
v -0.02207978 0.00006823 -0.00736486
v -0.02253741 0.00128637 -0.00745122
v -0.02081939 0.00133142 -0.00744089
v -0.02240828 0.00208716 -0.00738131
v -0.02058535 0.00224793 -0.00736454
v -0.02418189 0.00136550 -0.00746653
v -0.02373830 0.00243254 -0.00740967
v -0.02273596 0.00351155 -0.00736999
v -0.02498632 0.00258917 -0.00736100
v -0.02592822 0.00153687 -0.00744917
v -0.02663552 0.00239299 -0.00746510
v -0.02769863 0.00217818 -0.00749285
v -0.02647993 0.00356124 -0.00743875
v -0.02680735 0.00063533 -0.00760778
v -0.02771550 -0.00022670 -0.00757714
v -0.02679804 -0.00044155 -0.00745695
v -0.02700180 -0.00094387 -0.00754842
v -0.02563936 -0.00095877 -0.00747771
v -0.02822422 -0.00113570 -0.00761001
v -0.02932825 0.00016399 -0.00757183
v -0.02890876 0.00025817 -0.00744394
v -0.02599727 -0.00020277 -0.00748313
v -0.02561130 -0.00195605 -0.00753353
v -0.02758121 -0.00233887 -0.00763400
v -0.02608822 -0.00265174 -0.00752977
v -0.02709641 -0.00378301 -0.00762229
v -0.02539449 -0.00377308 -0.00771228
v -0.02625213 -0.00442404 -0.00757595
v -0.02513542 -0.00417391 -0.00784340
v -0.02404102 -0.00394623 -0.00784630
v -0.02829594 -0.00238599 -0.00748059
v -0.02486660 -0.00296895 -0.00759647
v -0.02561319 -0.00486448 -0.00784121
v -0.02699059 -0.00471560 -0.00765978
v -0.02799288 -0.00314168 -0.00765958
v -0.02931589 -0.00133983 -0.00764279
v -0.02413949 0.00300748 -0.00733973
v -0.02434172 0.00432004 -0.00739121
v -0.02367301 0.00451675 -0.00735839
v -0.02308878 0.00544364 -0.00742445
v -0.02384683 0.00638914 -0.00741402
v -0.02172658 0.00413800 -0.00730799
v -0.02324515 0.00694945 -0.00745646
v -0.02221902 0.00625221 -0.00739691
v -0.02158116 0.00577421 -0.00744837
v -0.02196505 0.00676461 -0.00748413
v -0.02140549 0.00513046 -0.00738197
v -0.02500351 0.00537559 -0.00738506
v -0.02551504 0.00105753 -0.00754419
v -0.02437205 0.00073940 -0.00740127
v -0.02376975 0.00018151 -0.00754517
v -0.02814009 0.00290910 -0.00755087
v -0.02799021 0.00417904 -0.00752389
v -0.02940084 0.00258342 -0.00757434
v -0.02911805 0.00169734 -0.00755437
v -0.02942938 0.00336728 -0.00749986
v -0.03008614 0.00268181 -0.00745698
v -0.03025836 0.00213293 -0.00752086
v -0.03100359 0.00304457 -0.00754998
v -0.02923909 0.00521595 -0.00748965
v -0.02810301 0.00627930 -0.00749189
v -0.02697381 0.00594847 -0.00746191
v -0.02928106 0.00659041 -0.00750144
v -0.02880666 0.00770968 -0.00752005
v -0.02678016 0.00775472 -0.00748485
v -0.02720730 0.00813400 -0.00744067
v -0.02620647 0.00892686 -0.00750225
v -0.02708655 0.00891406 -0.00749743
v -0.02630221 0.01068560 -0.00744505
v -0.02804836 0.00968611 -0.00753228
v -0.02518520 0.00747329 -0.00751947
v -0.02537050 0.00917725 -0.00755020
v -0.02447510 0.00814651 -0.00742657
v -0.02833022 0.00882444 -0.00755034
v -0.02621464 0.00686487 -0.00751676
v -0.02020655 0.00114958 -0.00741471
v -0.02260757 -0.00011816 -0.00748678
v -0.02957104 0.00107702 -0.00749951
v -0.02689748 0.00461694 -0.00750363
v -0.02794103 0.00095571 -0.00754591
v -0.02441037 0.00012233 -0.00732483
v -0.03050875 0.00649942 -0.00750820
v -0.02159706 -0.00092117 -0.00753445
v -0.02505881 0.00407099 -0.00736712
v -0.02968819 0.00433160 -0.00742132
v -0.02611687 0.00090831 -0.00745321
v -0.02088829 -0.00449056 -0.00754667
v -0.02176204 -0.00500153 -0.00773597
v -0.02212526 -0.00354120 -0.00772153
v -0.02263180 -0.00266379 -0.00763495
v -0.02312618 -0.00394292 -0.00783473
v -0.02211410 -0.00233722 -0.00755420
v -0.01925393 -0.00461046 -0.00754472
v -0.01910399 -0.00425751 -0.00736353
v -0.03084812 0.00509562 -0.00756174
v -0.02013084 -0.00532334 -0.00762324
v -0.01873644 -0.00386513 -0.00750870
v -0.02002840 -0.00139221 -0.00750701
v -0.02567011 0.00552700 -0.00731175
v -0.02275968 -0.00553711 -0.00784067
v -0.02211232 -0.00597813 -0.00772213
v -0.02129263 -0.00595123 -0.00773141
v -0.02132421 -0.00668429 -0.00767772
v -0.02047963 -0.00658237 -0.00730980
v -0.02071964 -0.00710529 -0.00755680
v -0.02138819 -0.00797259 -0.00763396
v -0.02081255 -0.00777264 -0.00749298
v -0.02033467 -0.00801202 -0.00759383
v -0.02049072 -0.00868059 -0.00743148
v -0.02108858 -0.00876582 -0.00744305
v -0.02040475 -0.00916662 -0.00752153
v -0.02211135 -0.00792624 -0.00767431
v -0.02153974 -0.00906147 -0.00746081
v -0.02012811 -0.00835662 -0.00745563
v -0.01992946 -0.00674279 -0.00758382
v -0.02233761 -0.00687362 -0.00770459
v -0.02322099 -0.00262131 -0.00756897
v -0.02374538 -0.00287883 -0.00773264
v -0.01970912 0.00246113 -0.00733208
v -0.02012167 0.00459998 -0.00744343
v -0.01903320 0.00296776 -0.00729525
v -0.01891369 0.00462551 -0.00735206
v -0.01984861 0.00518199 -0.00745133
v -0.01943376 0.00588331 -0.00750329
v -0.01836960 0.00351947 -0.00739160
v -0.01834721 0.00259431 -0.00744880
v -0.02145183 0.00346357 -0.00735247
v -0.02090481 -0.00969084 -0.00743680
v -0.01975442 -0.00974594 -0.00760578
v -0.02043315 -0.01030407 -0.00732433
v -0.01944195 -0.01027502 -0.00744052
v -0.01862027 -0.00978113 -0.00763371
v -0.01842160 -0.01034154 -0.00740560
v -0.01757886 -0.01035398 -0.00736245
v -0.01694518 -0.00974986 -0.00766368
v -0.01793642 -0.00845112 -0.00758207
v -0.01603889 -0.00868919 -0.00760901
v -0.01584660 -0.00983460 -0.00760001
v -0.01639682 -0.01036555 -0.00737606
v -0.01595381 -0.00769269 -0.00761613
v -0.01738344 -0.00730795 -0.00765397
v -0.01839350 -0.00795874 -0.00759787
v -0.01868100 -0.00668588 -0.00757012
v -0.01889946 -0.00757676 -0.00743488
v -0.01947062 -0.00823750 -0.00751888
v -0.01833532 -0.00644111 -0.00749223
v -0.01921687 -0.00563909 -0.00748640
v -0.01932356 -0.00606888 -0.00742761
v -0.01729680 -0.00639314 -0.00763667
v -0.01543590 -0.00806266 -0.00765918
v -0.01833992 -0.00593185 -0.00753527
v -0.01628004 -0.00672818 -0.00762201
v -0.01550436 -0.00656366 -0.00757173
v -0.01474860 -0.00667394 -0.00779480
v -0.01548685 -0.00583814 -0.00762048
v -0.01446829 -0.00555717 -0.00785736
v -0.01340446 -0.00537470 -0.00792535
v -0.01399454 -0.00504864 -0.00777085
v -0.01356662 -0.00443178 -0.00739095
v -0.01285092 -0.00500209 -0.00777875
v -0.01301862 -0.00426661 -0.00760184
v -0.01350757 -0.00372764 -0.00739749
v -0.01396958 -0.00355968 -0.00725165
v -0.01217301 -0.00484283 -0.00768680
v -0.01405206 -0.00421078 -0.00737912
v -0.01285889 -0.00367971 -0.00739362
v -0.01312885 -0.00602045 -0.00792187
v -0.01628924 -0.00568187 -0.00761885
v -0.01139039 -0.00336861 -0.00751341
v -0.01220274 -0.00285432 -0.00760062
v -0.01293359 -0.00293842 -0.00771373
v -0.01120386 -0.00410301 -0.00752186
v -0.01169213 -0.00460219 -0.00756499
v -0.01086131 -0.00358829 -0.00769462
v -0.01085788 -0.00290475 -0.00773462
v -0.01174750 -0.00555720 -0.00753659
v -0.01049754 -0.00382031 -0.00747271
v -0.01050637 -0.00252679 -0.00762791
v -0.00994657 -0.00354460 -0.00729758
v -0.00968744 -0.00295526 -0.00731043
v -0.00928952 -0.00355752 -0.00668576
v -0.00963660 -0.00392430 -0.00701229
v -0.00889280 -0.00339183 -0.00699323
v -0.00894755 -0.00406644 -0.00710433
v -0.01157967 -0.00201808 -0.00759474
v -0.01023152 -0.00376928 -0.00725614
v -0.00991095 -0.00246728 -0.00751582
v -0.01196495 -0.00601488 -0.00739280
v -0.01095466 -0.00555599 -0.00742718
v -0.01078153 -0.00447156 -0.00738904
v -0.01136045 -0.00610865 -0.00767995
v -0.01455817 -0.00922678 -0.00757974
v -0.01454856 -0.01002781 -0.00736160
v -0.01506377 -0.01036940 -0.00724770
v -0.01417693 -0.01078070 -0.00747715
v -0.01505147 -0.01087578 -0.00740261
v -0.01417641 -0.00991531 -0.00725234
v -0.01425031 -0.01145183 -0.00760473
v -0.01520546 -0.01148760 -0.00734092
v -0.01367141 -0.01132817 -0.00750555
v -0.01408718 -0.01210281 -0.00753808
v -0.01458533 -0.01247515 -0.00763431
v -0.01356860 -0.01164377 -0.00742421
v -0.01284660 -0.01106126 -0.00757424
v -0.01291219 -0.01047077 -0.00749444
v -0.01225195 -0.01027695 -0.00743530
v -0.01198181 -0.01082545 -0.00768330
v -0.01171333 -0.01000766 -0.00753889
v -0.01088837 -0.01051334 -0.00745789
v -0.01224990 -0.00957830 -0.00760021
v -0.01182907 -0.00887097 -0.00775461
v -0.01219314 -0.00899197 -0.00779277
v -0.01228808 -0.00822633 -0.00778552
v -0.01131921 -0.00871926 -0.00784057
v -0.01156402 -0.00831270 -0.00782577
v -0.01069833 -0.00781990 -0.00793065
v -0.01089781 -0.00907588 -0.00739374
v -0.01022770 -0.00828750 -0.00761218
v -0.01020888 -0.00735726 -0.00781339
v -0.01082503 -0.00668858 -0.00790245
v -0.00990049 -0.00702328 -0.00766941
v -0.01004008 -0.00639465 -0.00769514
v -0.00935306 -0.00661630 -0.00764461
v -0.00921498 -0.00746815 -0.00737688
v -0.00861311 -0.00687111 -0.00737425
v -0.00921847 -0.00570121 -0.00759673
v -0.01027424 -0.00875677 -0.00738603
v -0.00935028 -0.00871372 -0.00735101
v -0.00964961 -0.00775731 -0.00743610
v -0.01196366 -0.00779618 -0.00790891
v -0.01128970 -0.00933992 -0.00742631
v -0.01120824 -0.01115628 -0.00732297
v -0.01200882 -0.01159690 -0.00766730
v -0.01155812 -0.01187883 -0.00718583
v -0.01111178 -0.01157731 -0.00704979
v -0.01100024 -0.01196907 -0.00749252
v -0.01022878 -0.01172450 -0.00779019
v -0.01026619 -0.01234385 -0.00771202
v -0.01045646 -0.01274901 -0.00785031
v -0.00954717 -0.01239773 -0.00809682
v -0.01173526 -0.01214238 -0.00749801
v -0.01132440 -0.01265111 -0.00744798
v -0.01106092 -0.01325850 -0.00784822
v -0.01048934 -0.01361084 -0.00784130
v -0.01019697 -0.01327791 -0.00758917
v -0.01010961 -0.01382085 -0.00783675
v -0.01093047 -0.01382471 -0.00755158
v -0.01049542 -0.01415406 -0.00740528
v -0.01170482 -0.01313577 -0.00752542
v -0.01274767 -0.00970577 -0.00770774
v -0.01270588 -0.01145905 -0.00750533
v -0.01079080 -0.01127747 -0.00701670
v -0.01364017 -0.01246079 -0.00748668
v -0.01556659 -0.01213933 -0.00735147
v -0.01318777 -0.01261245 -0.00747502
v -0.01435669 -0.01311169 -0.00739093
v -0.01484206 -0.01293595 -0.00762673
v -0.01463504 -0.01354975 -0.00749578
v -0.01496811 -0.01358785 -0.00741494
v -0.01516193 -0.01444599 -0.00761724
v -0.01539716 -0.01404653 -0.00729810
v -0.01638147 -0.01431454 -0.00737599
v -0.01643321 -0.01362515 -0.00736956
v -0.01707836 -0.01424084 -0.00737036
v -0.01635206 -0.01500484 -0.00748278
v -0.01704257 -0.01481877 -0.00745469
v -0.01663184 -0.01538726 -0.00725805
v -0.01754951 -0.01544594 -0.00730794
v -0.01800059 -0.01514265 -0.00741356
v -0.01821812 -0.01490433 -0.00730824
v -0.01874791 -0.01454920 -0.00743299
v -0.01844468 -0.01555206 -0.00734183
v -0.01855134 -0.01596315 -0.00737375
v -0.01915066 -0.01590452 -0.00728767
v -0.01921177 -0.01472653 -0.00734099
v -0.01955574 -0.01444582 -0.00725278
v -0.01961013 -0.01490651 -0.00730328
v -0.01859227 -0.01416161 -0.00734541
v -0.01928250 -0.01532669 -0.00714247
v -0.02024485 -0.01440232 -0.00740016
v -0.01916282 -0.01367399 -0.00730179
v -0.01833404 -0.01317852 -0.00745141
v -0.01927412 -0.01327990 -0.00719380
v -0.01827111 -0.01271244 -0.00731249
v -0.01827524 -0.01389092 -0.00721926
v -0.01752866 -0.01323014 -0.00735393
v -0.01761302 -0.01235214 -0.00738521
v -0.01883936 -0.01185282 -0.00753763
v -0.01830522 -0.01174061 -0.00737940
v -0.01759012 -0.01143523 -0.00756179
v -0.01697753 -0.01181454 -0.00740748
v -0.01864195 -0.01113173 -0.00753022
v -0.01703655 -0.01268546 -0.00740135
v -0.01886535 -0.01248519 -0.00733603
v -0.01767960 -0.01354250 -0.00739963
v -0.01949114 -0.01374205 -0.00737909
v -0.01885486 -0.01624668 -0.00722978
v -0.01941424 -0.01620711 -0.00727961
v -0.01933435 -0.01724623 -0.00746079
v -0.01997366 -0.01670132 -0.00726724
v -0.02072787 -0.01440949 -0.00732405
v -0.02031460 -0.01551264 -0.00693836
v -0.02078868 -0.01534782 -0.00713247
v -0.02111414 -0.01475772 -0.00736455
v -0.02141398 -0.01406984 -0.00730073
v -0.02083749 -0.01566115 -0.00694420
v -0.02096321 -0.01368792 -0.00720186
v -0.02124648 -0.01539108 -0.00706874
v -0.02198232 -0.01552502 -0.00721495
v -0.02135443 -0.01561873 -0.00669072
v -0.02227810 -0.01505728 -0.00713026
v -0.02248170 -0.01566468 -0.00704591
v -0.02229544 -0.01485319 -0.00719180
v -0.02187578 -0.01590241 -0.00666794
v -0.02291002 -0.01495120 -0.00730159
v -0.02208385 -0.01444514 -0.00730296
v -0.01807699 -0.01588294 -0.00714863
v -0.01788880 -0.01610798 -0.00735175
v -0.02069660 -0.01713634 -0.00750030
v -0.01990696 -0.01797943 -0.00759641
v -0.01903100 -0.01814460 -0.00762088
v -0.01949024 -0.01872897 -0.00751042
v -0.01884412 -0.01855500 -0.00755160
v -0.01813584 -0.01841489 -0.00774895
v -0.01747682 -0.01741144 -0.00769462
v -0.01616899 -0.01765364 -0.00759650
v -0.01731573 -0.01697363 -0.00747306
v -0.01607257 -0.01689747 -0.00743234
v -0.01691723 -0.01631979 -0.00738023
v -0.01732002 -0.01588366 -0.00749049
v -0.01589923 -0.01603763 -0.00750724
v -0.01511320 -0.01652919 -0.00749084
v -0.01530083 -0.01598172 -0.00732636
v -0.01491740 -0.01563617 -0.00735173
v -0.01470363 -0.01659200 -0.00761704
v -0.01433211 -0.01608606 -0.00772500
v -0.01429775 -0.01493067 -0.00765949
v -0.01414312 -0.01510148 -0.00776813
v -0.01365186 -0.01485261 -0.00763245
v -0.01344724 -0.01553139 -0.00749676
v -0.01489908 -0.01500492 -0.00730536
v -0.01465612 -0.01466365 -0.00743405
v -0.01548550 -0.01545573 -0.00753809
v -0.01474132 -0.01718652 -0.00763331
v -0.02104640 -0.01827853 -0.00765854
v -0.02051278 -0.01658853 -0.00704976
v -0.02035541 -0.01623060 -0.00735724
v -0.02113483 -0.01679783 -0.00718642
v -0.01791651 -0.01667784 -0.00727328
v -0.01977382 -0.01603696 -0.00729865
v -0.01779744 -0.01567985 -0.00734186
v -0.01404354 -0.01343659 -0.00739313
v -0.01404778 -0.01402098 -0.00746201
v -0.01344138 -0.01324652 -0.00759813
v -0.01359560 -0.01284279 -0.00729176
v -0.01440743 -0.00868672 -0.00756495
v -0.02123975 -0.01870470 -0.00751842
v -0.02159260 -0.01845292 -0.00774688
v -0.02255728 -0.01873256 -0.00737384
v -0.02298945 -0.01824830 -0.00766658
v -0.02326567 -0.01847541 -0.00765875
v -0.02446879 -0.01774656 -0.00779193
v -0.02429909 -0.01841523 -0.00774349
v -0.02519397 -0.01832998 -0.00771207
v -0.02584997 -0.01776913 -0.00789380
v -0.02504929 -0.01740707 -0.00777464
v -0.02505603 -0.01669710 -0.00733595
v -0.02416238 -0.01655095 -0.00728992
v -0.02457689 -0.01627748 -0.00730066
v -0.02429190 -0.01625238 -0.00713979
v -0.02423922 -0.01577927 -0.00734550
v -0.02497614 -0.01622106 -0.00741276
v -0.02549404 -0.01637351 -0.00736083
v -0.02554564 -0.01567757 -0.00739328
v -0.02578025 -0.01632733 -0.00724613
v -0.02631750 -0.01581943 -0.00743815
v -0.02598891 -0.01532057 -0.00702950
v -0.02575912 -0.01479349 -0.00690101
v -0.02503040 -0.01527857 -0.00710471
v -0.02531349 -0.01455005 -0.00663178
v -0.02570163 -0.01446233 -0.00674685
v -0.02533983 -0.01422278 -0.00703263
v -0.02634633 -0.01434506 -0.00704105
v -0.02588272 -0.01391471 -0.00730562
v -0.02683144 -0.01366635 -0.00738312
v -0.02689400 -0.01330727 -0.00733495
v -0.02760350 -0.01356500 -0.00719486
v -0.02801711 -0.01346166 -0.00738370
v -0.02779796 -0.01271239 -0.00728529
v -0.02840248 -0.01300680 -0.00722548
v -0.02850846 -0.01189824 -0.00736710
v -0.02791924 -0.01154042 -0.00740203
v -0.02736773 -0.01224115 -0.00731399
v -0.02860946 -0.01362760 -0.00728410
v -0.02852839 -0.01441058 -0.00732191
v -0.02931878 -0.01405545 -0.00731635
v -0.02936784 -0.01306322 -0.00747836
v -0.03005386 -0.01418862 -0.00752407
v -0.03021654 -0.01369664 -0.00743120
v -0.03087792 -0.01410028 -0.00743624
v -0.03103717 -0.01344395 -0.00747889
v -0.03186984 -0.01454876 -0.00787219
v -0.03210932 -0.01356190 -0.00791429
v -0.03149629 -0.01236595 -0.00772613
v -0.03081305 -0.01286779 -0.00742073
v -0.03083332 -0.01320828 -0.00727609
v -0.03223754 -0.01211764 -0.00790752
v -0.03327862 -0.01294810 -0.00797573
v -0.03359650 -0.01327484 -0.00798431
v -0.03081728 -0.01229725 -0.00741335
v -0.03058010 -0.01188244 -0.00745534
v -0.03020289 -0.01272217 -0.00737225
v -0.03303438 -0.01476875 -0.00786440
v -0.03348370 -0.01215387 -0.00794519
v -0.03326416 -0.01087818 -0.00782321
v -0.03182811 -0.01024595 -0.00764391
v -0.03283859 -0.00963404 -0.00737893
v -0.03216982 -0.00918445 -0.00691704
v -0.03136285 -0.00978640 -0.00753397
v -0.03107653 -0.01067711 -0.00762411
v -0.03086986 -0.01032446 -0.00743687
v -0.03057357 -0.01058760 -0.00749705
v -0.03040684 -0.01090920 -0.00742114
v -0.02984755 -0.01054198 -0.00740286
v -0.02986306 -0.00999840 -0.00740917
v -0.02915751 -0.01063120 -0.00749656
v -0.02916163 -0.00964817 -0.00756494
v -0.02889570 -0.01034450 -0.00729493
v -0.03046891 -0.00933700 -0.00746358
v -0.02841088 -0.01022980 -0.00742609
v -0.02793664 -0.01087280 -0.00735285
v -0.02821974 -0.00968034 -0.00740964
v -0.02944886 -0.01115356 -0.00729175
v -0.03280356 -0.00913604 -0.00687725
v -0.03207420 -0.00871665 -0.00658477
v -0.03276280 -0.00862536 -0.00694731
v -0.03223250 -0.00802711 -0.00728688
v -0.03331232 -0.00926209 -0.00720439
v -0.03367764 -0.00902239 -0.00734333
v -0.03318146 -0.00801545 -0.00719417
v -0.03443650 -0.00960470 -0.00729416
v -0.03344584 -0.00996597 -0.00727205
v -0.03382924 -0.00992542 -0.00740886
v -0.03463067 -0.01027690 -0.00736828
v -0.03499166 -0.00963987 -0.00742266
v -0.03507448 -0.00910561 -0.00711363
v -0.03539990 -0.00936535 -0.00734624
v -0.03526738 -0.00853380 -0.00726129
v -0.03589687 -0.00948151 -0.00741217
v -0.03588670 -0.00809035 -0.00744197
v -0.03542705 -0.00780349 -0.00727657
v -0.03482948 -0.00799646 -0.00727468
v -0.03419469 -0.00863169 -0.00714831
v -0.03419910 -0.00798223 -0.00697985
v -0.03520437 -0.00728843 -0.00733346
v -0.03419324 -0.00755527 -0.00673154
v -0.03582321 -0.00752026 -0.00729730
v -0.03588791 -0.00679246 -0.00737241
v -0.03625501 -0.00690959 -0.00717707
v -0.03673927 -0.00741345 -0.00728309
v -0.03623817 -0.00790442 -0.00735756
v -0.03755313 -0.00773534 -0.00751063
v -0.03673211 -0.00847739 -0.00739857
v -0.03636343 -0.00831215 -0.00720720
v -0.03771907 -0.00873334 -0.00736128
v -0.03726551 -0.00953793 -0.00739426
v -0.03819353 -0.00780201 -0.00718661
v -0.03788944 -0.00713629 -0.00762241
v -0.03564072 -0.00775036 -0.00713469
v -0.03626859 -0.00877009 -0.00737150
v -0.03567326 -0.00973710 -0.00718174
v -0.03614205 -0.01003605 -0.00753108
v -0.03516913 -0.01047812 -0.00750582
v -0.03538315 -0.01000035 -0.00730508
v -0.03362098 -0.01051302 -0.00737820
v -0.03284346 -0.00774634 -0.00734294
v -0.03455242 -0.00884194 -0.00736207
v -0.03155525 -0.00845343 -0.00660916
v -0.03162786 -0.00886570 -0.00652476
v -0.03493640 -0.01112546 -0.00743552
v -0.03441059 -0.01105700 -0.00749453
v -0.03468050 -0.01165312 -0.00737166
v -0.03388724 -0.01128853 -0.00776654
v -0.03510331 -0.01200389 -0.00763523
v -0.03576140 -0.01154749 -0.00735241
v -0.03311902 -0.00949329 -0.00725656
v -0.03392738 -0.01186068 -0.00779785
v -0.03139001 -0.01099859 -0.00765575
v -0.03025996 -0.01474514 -0.00738970
v -0.03119450 -0.01517366 -0.00757430
v -0.03035856 -0.01554589 -0.00756364
v -0.03095198 -0.01621768 -0.00775100
v -0.03012169 -0.01608688 -0.00772744
v -0.02961036 -0.01564505 -0.00759230
v -0.03016817 -0.01668017 -0.00775011
v -0.02901868 -0.01676865 -0.00766960
v -0.02965992 -0.01499693 -0.00755278
v -0.03188682 -0.01556844 -0.00776768
v -0.02860208 -0.01258350 -0.00741981
v -0.02766610 -0.01486908 -0.00735678
v -0.02926066 -0.01277556 -0.00739124
v -0.02929832 -0.01463556 -0.00734789
v -0.02883022 -0.01496390 -0.00732590
v -0.02819130 -0.01495266 -0.00724447
v -0.02764744 -0.01173115 -0.00724203
v -0.02688377 -0.01262001 -0.00725346
v -0.02702834 -0.01151435 -0.00740532
v -0.02753565 -0.01390718 -0.00729570
v -0.02496988 -0.01372388 -0.00724728
v -0.02449459 -0.01328182 -0.00736069
v -0.02396330 -0.01398974 -0.00716835
v -0.02450061 -0.01439487 -0.00702828
v -0.02399319 -0.01466001 -0.00706621
v -0.02356342 -0.01428219 -0.00733922
v -0.02343872 -0.01495853 -0.00707675
v -0.02366054 -0.01501728 -0.00694967
v -0.02328512 -0.01544750 -0.00708014
v -0.02394549 -0.01537878 -0.00688941
v -0.02346166 -0.01581918 -0.00682969
v -0.02354013 -0.01316372 -0.00733620
v -0.02442399 -0.01272155 -0.00720621
v -0.02498202 -0.01263005 -0.00727450
v -0.02470586 -0.01229332 -0.00740394
v -0.02547117 -0.01288041 -0.00737004
v -0.02384689 -0.01235238 -0.00732267
v -0.02629152 -0.01244286 -0.00719626
v -0.02492158 -0.01425852 -0.00717192
v -0.02273417 -0.01357612 -0.00719876
v -0.02292070 -0.01278826 -0.00736348
v -0.02205664 -0.01355757 -0.00725821
v -0.02166384 -0.01306758 -0.00716055
v -0.02189965 -0.01266204 -0.00737118
v -0.02182980 -0.01218782 -0.00734123
v -0.02251798 -0.01200687 -0.00737465
v -0.02149260 -0.01173488 -0.00750024
v -0.02072190 -0.01267457 -0.00726769
v -0.02223293 -0.01133562 -0.00741594
v -0.02150221 -0.01084019 -0.00743618
v -0.02085490 -0.01193466 -0.00728178
v -0.02030047 -0.01106302 -0.00746482
v -0.02035507 -0.01168848 -0.00733581
v -0.02016592 -0.01196268 -0.00743835
v -0.02269783 -0.01050542 -0.00740679
v -0.02219049 -0.01041204 -0.00727226
v -0.02261969 -0.00984630 -0.00758408
v -0.02352375 -0.01038727 -0.00730614
v -0.02384165 -0.00996798 -0.00755577
v -0.02365546 -0.01075569 -0.00738311
v -0.02499761 -0.01066989 -0.00729285
v -0.02521274 -0.01105533 -0.00741741
v -0.02563635 -0.01041432 -0.00742164
v -0.02559762 -0.01166275 -0.00746564
v -0.02590878 -0.01141556 -0.00729498
v -0.02623216 -0.01044164 -0.00727169
v -0.02685133 -0.01108735 -0.00721744
v -0.02493539 -0.01176747 -0.00733886
v -0.02686510 -0.01011990 -0.00747611
v -0.02494527 -0.01008106 -0.00760205
v -0.02393169 -0.00914459 -0.00759411
v -0.02302178 -0.00908279 -0.00764996
v -0.02219468 -0.00933780 -0.00749587
v -0.02368061 -0.00863387 -0.00768891
v -0.02394418 -0.00825365 -0.00773147
v -0.02456084 -0.00873874 -0.00742318
v -0.02452585 -0.00798201 -0.00746064
v -0.02297381 -0.00827808 -0.00769856
v -0.02492635 -0.00873407 -0.00749379
v -0.02543350 -0.00741476 -0.00778275
v -0.02559100 -0.00796338 -0.00772448
v -0.02559913 -0.00914973 -0.00739186
v -0.02614631 -0.00871207 -0.00745225
v -0.02659737 -0.00808485 -0.00766317
v -0.02686640 -0.00838305 -0.00756085
v -0.02695198 -0.00913100 -0.00733114
v -0.02726458 -0.00880751 -0.00753832
v -0.02796947 -0.00816919 -0.00764238
v -0.02759410 -0.00715302 -0.00767257
v -0.02761839 -0.00937750 -0.00741496
v -0.02710752 -0.00956658 -0.00750977
v -0.02436901 -0.00728784 -0.00774664
v -0.02616924 -0.00772601 -0.00751300
v -0.02551213 -0.00672157 -0.00786209
v -0.02608597 -0.00654689 -0.00748317
v -0.02405871 -0.00627093 -0.00790190
v -0.02529347 -0.00598379 -0.00789226
v -0.02280852 -0.01087380 -0.00733960
v -0.02077328 -0.01231674 -0.00737276
v -0.02427363 -0.01511865 -0.00706630
v -0.02297812 -0.01215898 -0.00743188
v -0.02629086 -0.01490122 -0.00719833
v -0.02615908 -0.01451490 -0.00680606
v -0.02622775 -0.01654886 -0.00745123
v -0.02703812 -0.01562935 -0.00725558
v -0.02630116 -0.01807836 -0.00773849
v -0.02705224 -0.01744190 -0.00786139
v -0.02629506 -0.01721031 -0.00768369
v -0.02792005 -0.01717408 -0.00749060
v -0.02706140 -0.01692091 -0.00750241
v -0.02769430 -0.01641825 -0.00729270
v -0.02794689 -0.01616020 -0.00739043
v -0.02874440 -0.01677484 -0.00752610
v -0.02750155 -0.01767425 -0.00774111
v -0.02731849 -0.01613444 -0.00737629
v -0.02821566 -0.01725020 -0.00766729
v -0.02330923 -0.01761149 -0.00760975
v -0.02491584 -0.01563357 -0.00696911
v -0.01699764 -0.01070017 -0.00740834
v -0.02082824 -0.01065588 -0.00725817
v -0.02151255 -0.01014709 -0.00746346
v -0.02149697 -0.00965279 -0.00761245
v -0.02230447 -0.00902845 -0.00757070
v -0.03358075 -0.01429447 -0.00781722
v -0.03421691 -0.01346979 -0.00778846
v -0.02462620 -0.00085212 -0.00749229
v -0.02408330 -0.00172595 -0.00752293
v -0.01851804 -0.00226085 -0.00742178
v -0.01695540 -0.00113059 -0.00728314
v -0.01669194 -0.00363159 -0.00747597
v -0.01289634 -0.00256938 -0.00758522
v -0.01331396 -0.00052553 -0.00695463
v -0.01313045 -0.00006755 -0.00733213
v -0.01412218 -0.00190439 -0.00733248
v -0.01466907 -0.00348090 -0.00722480
v -0.01388970 -0.00039690 -0.00678071
v -0.01332161 -0.00324089 -0.00748562
v -0.01653787 -0.00156701 -0.00738729
v -0.01391731 0.01660759 -0.00711416
v -0.01325806 0.00403375 -0.00741485
v -0.01916667 -0.00879942 -0.00753348
v -0.01101537 -0.00226476 -0.00742526
v -0.02932832 0.00934655 -0.00754746
v -0.02764880 -0.00538187 -0.00760738
v -0.02695505 -0.00536142 -0.00773962
v -0.02689368 -0.00625580 -0.00773075
v -0.02876272 -0.00584266 -0.00761846
v -0.02926683 -0.00426104 -0.00761598
v -0.02974354 -0.00567899 -0.00753719
v -0.02998284 -0.00411417 -0.00749251
v -0.02949846 -0.00358012 -0.00751452
v -0.03078489 -0.00362405 -0.00761869
v -0.03028192 -0.00431464 -0.00758027
v -0.03021403 -0.00257624 -0.00757828
v -0.03197272 -0.00362762 -0.00745122
v -0.03223497 -0.00250983 -0.00749381
v -0.03277872 -0.00388391 -0.00733701
v -0.03294916 -0.00434013 -0.00741757
v -0.03230688 -0.00450798 -0.00739083
v -0.03054258 -0.00520718 -0.00756027
v -0.03119042 -0.00208774 -0.00750306
v -0.03213411 -0.00177916 -0.00742211
v -0.03284146 -0.00230759 -0.00754452
v -0.03289384 -0.00175765 -0.00742317
v -0.03355107 -0.00162477 -0.00751679
v -0.03368353 -0.00107969 -0.00737026
v -0.03298826 -0.00106846 -0.00754495
v -0.03424006 -0.00161943 -0.00741181
v -0.03401930 -0.00047205 -0.00748668
v -0.03471658 -0.00130849 -0.00749067
v -0.03478057 -0.00281870 -0.00739540
v -0.03413565 -0.00269266 -0.00732037
v -0.03487876 -0.00340265 -0.00737786
v -0.03531505 -0.00202724 -0.00735284
v -0.03480774 -0.00072235 -0.00741971
v -0.03550984 -0.00064383 -0.00743142
v -0.03578781 -0.00001879 -0.00735771
v -0.03554045 -0.00122058 -0.00730536
v -0.03623425 -0.00090553 -0.00744026
v -0.03666548 -0.00015231 -0.00720132
v -0.03634222 0.00035707 -0.00713813
v -0.03568990 0.00127887 -0.00749059
v -0.03657833 0.00141349 -0.00745738
v -0.03701456 0.00046793 -0.00741977
v -0.03672760 -0.00065247 -0.00723425
v -0.03627418 0.00169898 -0.00760199
v -0.03729564 0.00213223 -0.00773986
v -0.03595405 0.00271471 -0.00777491
v -0.03747758 0.00303399 -0.00778809
v -0.03807926 0.00155737 -0.00764796
v -0.03827979 0.00283239 -0.00762919
v -0.03735104 0.00391812 -0.00771640
v -0.03595577 0.00434561 -0.00774613
v -0.03881394 0.00234558 -0.00741301
v -0.03830617 0.00088796 -0.00766760
v -0.03898033 0.00062828 -0.00740714
v -0.03871086 -0.00006491 -0.00745914
v -0.03776974 -0.00031335 -0.00744999
v -0.03823301 -0.00099737 -0.00729126
v -0.03765162 -0.00104640 -0.00722396
v -0.03831113 -0.00156183 -0.00706236
v -0.03765523 -0.00145656 -0.00743258
v -0.03770097 -0.00256662 -0.00735057
v -0.03835697 -0.00240625 -0.00704663
v -0.03906324 -0.00194830 -0.00727962
v -0.03756593 -0.00303912 -0.00723132
v -0.03818995 -0.00359489 -0.00711629
v -0.03799988 -0.00397601 -0.00717955
v -0.03886006 -0.00388562 -0.00727760
v -0.03768510 -0.00354979 -0.00734511
v -0.03760671 -0.00448842 -0.00707163
v -0.03886236 -0.00471669 -0.00728685
v -0.03940216 -0.00427974 -0.00707355
v -0.03902913 -0.00578264 -0.00736055
v -0.03834695 -0.00642880 -0.00760898
v -0.03971618 -0.00311771 -0.00710790
v -0.03941873 -0.00262642 -0.00722376
v -0.03979244 -0.00135129 -0.00732411
v -0.03805208 -0.00524794 -0.00726865
v -0.03731885 -0.00279112 -0.00726311
v -0.03691921 -0.00311763 -0.00735791
v -0.03881798 -0.00106290 -0.00722271
v -0.03904900 -0.00254444 -0.00728146
v -0.03736652 -0.00403781 -0.00725722
v -0.03734417 -0.00162368 -0.00736768
v -0.03974149 0.00261700 -0.00712664
v -0.04002405 0.00089519 -0.00722288
v -0.03975234 0.00062329 -0.00739393
v -0.04006134 -0.00038935 -0.00718934
v -0.03533377 0.00198500 -0.00767733
v -0.03686222 -0.00385167 -0.00710726
v -0.03930940 -0.00014781 -0.00733242
v -0.03499804 -0.00416813 -0.00727963
v -0.03414831 -0.00388741 -0.00723159
v -0.03473634 -0.00481866 -0.00706853
v -0.03505775 -0.00559857 -0.00717130
v -0.03556379 -0.00492572 -0.00733527
v -0.03590116 -0.00558029 -0.00732429
v -0.03681317 -0.00518528 -0.00707663
v -0.03487803 -0.00635792 -0.00698967
v -0.03654233 -0.00432046 -0.00716153
v -0.03525494 -0.00591510 -0.00739108
v -0.03411645 -0.00510309 -0.00652667
v -0.03559789 -0.00361332 -0.00739150
v -0.03536137 0.00047058 -0.00750054
v -0.03562004 -0.00225267 -0.00741839
v -0.03353918 -0.00232348 -0.00741921
v -0.03199931 -0.00120450 -0.00751381
v -0.03001494 -0.00158271 -0.00751021
v -0.03063605 -0.00123316 -0.00758161
v -0.03002315 -0.00130501 -0.00736500
v -0.03047210 -0.00071199 -0.00757589
v -0.03305048 -0.00499320 -0.00741446
v -0.03286984 -0.00568702 -0.00744074
v -0.03331559 -0.00584593 -0.00733265
v -0.03312514 -0.00641233 -0.00735949
v -0.03233145 -0.00623696 -0.00752478
v -0.03147998 -0.00380131 -0.00757740
v -0.02892391 -0.00694890 -0.00767551
v -0.02788969 -0.00654524 -0.00763447
v -0.03116127 0.00626133 -0.00738560
v -0.03156370 0.00519233 -0.00739824
v -0.03151761 0.00663918 -0.00749336
v -0.03191394 0.00575188 -0.00735269
v -0.01798349 0.00536661 -0.00741726
v -0.02048150 0.00553316 -0.00736844
v -0.00610065 0.00407450 -0.00738011
v -0.02945802 -0.00221655 -0.00765224
v -0.02969452 -0.01704424 -0.00764445
v -0.02543675 0.00668877 -0.00744533
v -0.00487354 0.00839027 -0.00729994
v -0.00452119 0.00865680 -0.00723994
v -0.00444128 0.00744682 -0.00726762
v -0.00384173 0.00789168 -0.00699562
v -0.00388280 0.00821740 -0.00688012
v -0.01568674 -0.01072898 -0.00729918
v -0.01710998 -0.00499958 -0.00746628
v -0.01827773 -0.00374024 -0.00741305
v -0.02412710 -0.00040458 -0.00756119
v -0.02919545 -0.01539991 -0.00748983
v -0.03438451 0.00114218 -0.00746036
v -0.02968495 -0.00097219 -0.00745175
v -0.03183984 -0.00610066 -0.00735929
v -0.03146665 -0.00756057 -0.00743836
v -0.03096646 -0.00637375 -0.00736512
v -0.03152966 -0.00581719 -0.00751607
v -0.03082286 -0.00601237 -0.00747726
v -0.03099315 -0.00557424 -0.00737461
v -0.03163108 -0.00531955 -0.00735548
v -0.03073236 -0.00681518 -0.00763340
v -0.01223213 0.01113508 -0.00741286
v -0.03021254 0.00155376 -0.00745110
v -0.03090702 0.00166963 -0.00756449
v -0.01569215 0.01009315 -0.00748172
v -0.01858050 0.00816639 -0.00789732
v -0.01846272 0.00908897 -0.00789472
v -0.02042800 0.00685752 -0.00751535
v -0.02431725 -0.00231490 -0.00761412
v -0.01608665 -0.00346341 -0.00745677
v -0.02593181 0.00470958 -0.00738755
v -0.01623259 0.00032533 -0.00723584
v -0.01677038 0.00173006 -0.00729129
v -0.03959863 -0.00101266 -0.00729550
v -0.03978950 -0.00029290 -0.00738207
v -0.02825920 0.00153949 -0.00741600
v -0.00687899 0.01070395 -0.00764015
v -0.00887871 0.00943900 -0.00723843
v -0.03288646 -0.00712055 -0.00752534
v -0.03371326 -0.00692434 -0.00685731
v -0.00737329 0.01159986 -0.00740888
v -0.00844721 0.01257069 -0.00739876
v -0.00712371 0.01250028 -0.00683056
v -0.00650152 0.01157799 -0.00699274
v -0.00649937 0.01203870 -0.00665680
v -0.00579334 0.01108220 -0.00657713
v -0.00777620 0.01330764 -0.00675477
v -0.01576048 0.01503553 -0.00736037
v -0.01810469 0.00183548 -0.00745810
v -0.01757819 0.00190973 -0.00733329
v -0.00773333 -0.00483794 -0.00738651
v -0.02313588 -0.01410840 -0.00720524
v -0.01830089 0.01057733 -0.00758389
v -0.03121003 -0.00132165 -0.00754190
v -0.03072493 0.00427770 -0.00753637
v -0.03151550 0.00409039 -0.00741088
v -0.01480881 0.00752151 -0.00741691
v -0.01302185 -0.01206950 -0.00761097
v -0.03252144 0.00590195 -0.00755188
v -0.03213643 0.00698194 -0.00757110
v -0.03264036 0.00766528 -0.00755828
v -0.03350320 0.00656356 -0.00763315
v -0.03186495 0.00319537 -0.00750984
v -0.02972974 -0.01451338 -0.00732008
v -0.03223271 -0.01479590 -0.00795173
v -0.01915413 0.00939186 -0.00766704
v -0.02054330 -0.00571805 -0.00760589
v -0.02844056 0.01696599 -0.00736506
v -0.02164124 0.01707100 -0.00764805
v -0.02469734 0.01750099 -0.00761425
v -0.01889859 0.01792575 -0.00758192
v -0.02008730 0.01691323 -0.00760991
v -0.02874116 0.01744473 -0.00712967
v -0.02954719 0.01708519 -0.00704665
v -0.02887595 0.01617163 -0.00742485
v -0.02957660 0.01637235 -0.00737449
v -0.03010800 0.01654978 -0.00681753
v -0.03048009 0.01545977 -0.00744137
v -0.03057131 0.01593117 -0.00692508
v -0.03104431 0.01526562 -0.00745335
v -0.03176406 0.01524734 -0.00696393
v -0.02969273 0.01549437 -0.00747289
v -0.02973879 0.01486764 -0.00743988
v -0.02902287 0.01562381 -0.00748153
v -0.02982319 -0.00671651 -0.00753241
v -0.02957852 -0.00762922 -0.00760113
v -0.03011164 -0.00712770 -0.00731975
v -0.03029877 -0.00752394 -0.00748826
v -0.02948839 -0.00831912 -0.00744404
v -0.02997019 -0.00849910 -0.00762116
v -0.02956999 -0.00918626 -0.00730493
v -0.02883792 -0.00811235 -0.00750222
v -0.03179192 0.00202812 -0.00750831
v -0.03312968 0.00170671 -0.00754547
v -0.03243370 0.00111179 -0.00748275
v -0.03291026 0.00120677 -0.00735940
v -0.03347610 0.00060761 -0.00749562
v -0.03414988 0.00155107 -0.00757728
v -0.03288533 0.00022879 -0.00733692
v -0.03333320 0.00288247 -0.00761166
v -0.03147379 0.00100043 -0.00756891
v -0.00925615 0.01334872 -0.00739716
v -0.01621872 0.00352469 -0.00740390
v -0.01683316 0.00271953 -0.00730557
v -0.03095984 -0.00940333 -0.00717330
v -0.03135432 -0.00010678 -0.00739929
v -0.01590045 0.00969489 -0.00752372
v -0.01716867 0.00802748 -0.00786146
v -0.03495686 -0.00690142 -0.00725106
v -0.00685951 -0.00488217 -0.00748018
v -0.01549224 0.01439735 -0.00739781
v -0.03155498 -0.00104526 -0.00742348
v -0.01205487 0.00753741 -0.00734373
v -0.03089423 0.00059025 -0.00744190
v -0.01305147 0.00029649 -0.00737754
v -0.02625247 -0.00972010 -0.00750545
v -0.02151755 0.00801179 -0.00758875
v -0.03055986 0.00801373 -0.00751949
v -0.03029830 0.00992483 -0.00757205
v -0.02947090 0.01080893 -0.00750186
v -0.03103159 0.00964160 -0.00756626
v -0.01376636 -0.00154689 -0.00724761
v -0.02535576 0.01011774 -0.00750311
v -0.03397737 0.00688244 -0.00756048
v -0.03455780 0.00559704 -0.00760641
v -0.01061794 -0.00163614 -0.00748252
v -0.01133549 -0.00130883 -0.00730884
v -0.01101311 -0.00110632 -0.00734485
v -0.02288698 -0.01547789 -0.00687013
v -0.02292609 -0.01593234 -0.00724315
v -0.01447993 -0.00714320 -0.00774100
v -0.01354418 -0.00700336 -0.00774414
v -0.01390988 -0.00728713 -0.00779649
v -0.01319982 -0.00773453 -0.00743907
v -0.01306669 -0.00689323 -0.00776988
v -0.01973910 -0.00752442 -0.00759586
v -0.01903372 -0.00511960 -0.00743103
v -0.02613123 0.00018536 -0.00737921
v -0.01619151 0.00884189 -0.00756839
v -0.02794618 0.01647600 -0.00745556
v -0.02880027 0.00129913 -0.00737465
v -0.01387273 -0.00792327 -0.00760315
v -0.00551351 0.00775312 -0.00732763
v -0.01701422 0.00248766 -0.00738835
v -0.01684893 -0.00006309 -0.00718586
v -0.00473605 0.00951255 -0.00686548
v -0.00526480 0.01018259 -0.00699608
v -0.00652824 -0.00395900 -0.00750880
v -0.00631217 -0.00438956 -0.00737574
v -0.02997892 -0.01119248 -0.00747574
v -0.03052206 -0.01128413 -0.00734188
v -0.02626038 -0.00522901 -0.00761063
v -0.03335035 0.00511174 -0.00762049
v -0.01589951 0.01813140 -0.00709758
v -0.00827227 -0.00302079 -0.00741150
v -0.02355976 -0.01628644 -0.00734276
v -0.02993638 -0.01185149 -0.00716119
v -0.00440424 0.00431045 -0.00747653
v -0.00471717 0.00327490 -0.00756642
v -0.03569057 -0.00143467 -0.00743196
v -0.02383557 -0.01658976 -0.00719132
v -0.02440785 0.00962233 -0.00763211
v -0.02891420 -0.00318012 -0.00761923
v -0.01812901 0.00426776 -0.00738206
v -0.03067660 -0.00007679 -0.00761485
v -0.03729910 -0.00217682 -0.00724138
v -0.03646082 -0.00189881 -0.00731994
v -0.03620531 -0.00242567 -0.00715485
v -0.02688238 -0.01488784 -0.00700745
v -0.01070145 -0.00525452 -0.00754264
v -0.03414721 0.00458884 -0.00761032
v -0.03595144 0.00491670 -0.00756791
v -0.00998085 0.00153199 -0.00742451
v -0.03410239 -0.00684508 -0.00660633
v -0.00908266 -0.00625287 -0.00749274
v -0.00862441 -0.00585426 -0.00749566
v -0.00855828 -0.00554182 -0.00721881
v -0.00903471 -0.00802041 -0.00742500
v -0.03075850 -0.00986902 -0.00745097
v -0.01555765 -0.01301425 -0.00737684
v -0.02159216 -0.01350611 -0.00728431
v -0.00842299 -0.00646221 -0.00723669
v -0.00770872 -0.00691589 -0.00742668
v -0.00783948 -0.00641440 -0.00753525
v -0.00695731 -0.00670652 -0.00758305
v -0.00799794 -0.00724072 -0.00742173
v -0.00715756 -0.00761773 -0.00752185
v -0.00754402 -0.00598658 -0.00740630
v -0.01337395 0.01702802 -0.00701075
v -0.03385941 -0.00000859 -0.00740775
v -0.01050057 -0.01079545 -0.00731129
v -0.01039863 -0.01001484 -0.00734832
v -0.00968295 -0.01051548 -0.00741885
v -0.01027093 -0.00961088 -0.00733109
v -0.00955956 -0.00961481 -0.00722635
v -0.00885118 -0.00962089 -0.00735183
v -0.00858207 -0.01067188 -0.00800279
v -0.00826535 -0.00970512 -0.00782559
v -0.00808781 -0.01054741 -0.00812070
v -0.00787847 -0.00923466 -0.00774306
v -0.00738599 -0.01009101 -0.00800585
v -0.00729379 -0.00941491 -0.00790335
v -0.00695185 -0.00967266 -0.00780119
v -0.00635546 -0.00953054 -0.00770759
v -0.00691626 -0.01067620 -0.00769479
v -0.00902479 -0.01085743 -0.00803719
v -0.00664049 -0.00867288 -0.00786632
v -0.00637329 -0.00876438 -0.00786262
v -0.00606832 -0.00923136 -0.00757030
v -0.00539086 -0.00986046 -0.00766826
v -0.00605019 -0.01074110 -0.00785118
v -0.00636667 -0.00797354 -0.00774052
v -0.00557922 -0.00886342 -0.00763395
v -0.00496602 -0.00929845 -0.00773680
v -0.00535027 -0.00846497 -0.00766763
v -0.00792679 -0.01161290 -0.00811203
v -0.00903138 -0.01208636 -0.00809276
v -0.00853171 -0.01223227 -0.00805220
v -0.00912520 -0.01269865 -0.00802749
v -0.00876640 -0.01321562 -0.00766364
v -0.00811424 -0.01246846 -0.00765993
v -0.00811351 -0.01360316 -0.00746973
v -0.00878233 -0.01405837 -0.00750254
v -0.00750069 -0.01287323 -0.00754058
v -0.00957359 -0.01352261 -0.00782620
v -0.00755046 -0.01199040 -0.00770193
v -0.00685982 -0.01205118 -0.00772493
v -0.00700192 -0.01144696 -0.00777953
v -0.03043116 -0.00665376 -0.00760403
v -0.01955117 0.00023865 -0.00743774
v -0.02855716 -0.00800464 -0.00739222
v -0.02746776 -0.01518708 -0.00720982
v -0.02335756 0.01128879 -0.00786437
v -0.03263414 -0.00325441 -0.00747918
v -0.00209850 0.00021964 -0.00736851
v -0.02904465 0.00100976 -0.00753817
v -0.01665488 0.01043031 -0.00756767
v -0.00616884 0.01090980 -0.00722919
v -0.00996412 -0.01300534 -0.00788716
v -0.02329669 -0.00170980 -0.00753789
v -0.01555575 0.00268423 -0.00724963
v -0.02429714 -0.01168287 -0.00734812
v -0.02403556 0.01467616 -0.00789987
v -0.02572071 0.01273920 -0.00771618
v -0.02497355 0.01703745 -0.00750864
v -0.02936821 0.01153509 -0.00751567
v -0.03134244 0.01479811 -0.00742335
v -0.02894591 0.01436745 -0.00745467
v -0.03230258 0.01422427 -0.00734828
v -0.03343762 0.01204141 -0.00732930
v -0.03474461 0.01243705 -0.00700793
v -0.03348769 0.01388686 -0.00712596
v -0.03372391 0.01102850 -0.00738476
v -0.03541827 0.01106154 -0.00683848
v -0.03586491 0.01066592 -0.00628455
v -0.00638893 -0.01041579 -0.00779405
v -0.01654260 -0.00421362 -0.00738554
v -0.01548643 -0.01487238 -0.00751920
v -0.03089258 0.01126393 -0.00752014
v -0.02794279 0.01146907 -0.00754580
v -0.03014474 -0.00915909 -0.00732852
v -0.03479262 0.01287928 -0.00684256
v -0.03407349 0.01369346 -0.00685010
v -0.03320271 0.01443127 -0.00682543
v -0.03461998 0.01331594 -0.00651136
v -0.03548044 0.01207010 -0.00641730
v -0.03573514 0.01193993 -0.00583109
v -0.03528462 0.01202818 -0.00680061
v -0.01836238 -0.01080614 -0.00741628
v -0.03763607 -0.00580293 -0.00729287
v -0.03708473 -0.00638404 -0.00727720
v -0.03661589 -0.00566833 -0.00724053
v -0.03267677 0.01463615 -0.00706538
v -0.02645053 -0.01302204 -0.00744641
v -0.00474962 0.00275911 -0.00741938
v -0.01959647 -0.01275392 -0.00740166
v -0.02851668 -0.01102297 -0.00735005
v -0.02117433 -0.01741766 -0.00742443
v -0.02243660 -0.01714550 -0.00733269
v -0.02187662 -0.01687345 -0.00697749
v -0.02566494 -0.01710178 -0.00740848
v -0.03649760 -0.00660930 -0.00731817
v -0.01765916 -0.01423898 -0.00743636
v -0.02390313 -0.00516303 -0.00789237
v -0.00858815 -0.00765521 -0.00719074
v -0.03107996 -0.00431292 -0.00747291
v -0.01669320 0.01669967 -0.00742584
v -0.01400999 -0.01710576 -0.00763611
v -0.03363767 -0.00457500 -0.00696324
v -0.00759059 -0.01123711 -0.00806054
v -0.02361055 -0.00121549 -0.00745130
v -0.00766431 -0.00110488 -0.00721221
v -0.00833998 -0.00086365 -0.00754860
v -0.00810813 -0.00037962 -0.00757899
v -0.00868764 0.00000228 -0.00743129
v -0.00782144 -0.00140687 -0.00740212
v -0.00892005 -0.00037883 -0.00721681
v -0.00929659 -0.00015602 -0.00736650
v -0.00927054 -0.00060298 -0.00735996
v -0.00682843 0.00109653 -0.00760421
v -0.03222137 0.00501001 -0.00757398
v -0.03175235 0.00878039 -0.00762016
v -0.00974314 -0.01149551 -0.00776249
v -0.03407704 -0.00571765 -0.00659219
v -0.02494200 0.01602582 -0.00756182
v -0.03444449 0.00376609 -0.00774780
v -0.03463236 0.00284428 -0.00775524
v -0.02007412 -0.01379228 -0.00723854
v -0.01668470 -0.00060815 -0.00739054
v -0.01964652 -0.01182988 -0.00749152
v -0.03213170 -0.00016089 -0.00753298
v -0.00536798 0.00379333 -0.00760473
v -0.03363023 -0.00303806 -0.00751146
v -0.00684575 0.00231859 -0.00761338
v -0.00493913 0.00702097 -0.00748383
v -0.01458269 -0.00444318 -0.00761451
v -0.02449882 -0.00914486 -0.00752789
v -0.01991487 -0.01332137 -0.00737279
v -0.03046882 -0.01321225 -0.00747525
v -0.02552743 0.00035601 -0.00752196
v -0.00763017 -0.00773656 -0.00724897
v -0.01993805 -0.00603249 -0.00746699
v -0.00998547 -0.00446215 -0.00738814
v -0.01035457 0.00102857 -0.00735424
v -0.01094172 0.00065457 -0.00758290
v -0.01178767 0.00095436 -0.00749740
v -0.01063641 0.00024378 -0.00751068
v -0.01752073 0.01869892 -0.00709148
v -0.03754163 -0.00512555 -0.00724104
v -0.01031642 -0.00500731 -0.00735696
v -0.01844963 -0.00308300 -0.00747873
v -0.02890618 -0.01229512 -0.00735372
v -0.02633352 -0.00709973 -0.00759710
v -0.01524501 -0.00376070 -0.00710537
v -0.02768499 -0.01583198 -0.00745354
v -0.02364789 -0.01127763 -0.00748145
v -0.02823310 -0.01568639 -0.00728140
v -0.03621616 -0.01044470 -0.00751096
v -0.03649938 -0.01069641 -0.00730155
v -0.02348633 -0.00745943 -0.00770449
v -0.01224290 0.00163267 -0.00757164
v -0.03869798 -0.00673863 -0.00732754
v -0.01628428 -0.01237479 -0.00741740
v -0.03323830 0.00444918 -0.00758276
v -0.01235715 0.00098891 -0.00734692
v -0.03089490 -0.00790023 -0.00740163
v -0.03110243 -0.00825024 -0.00707631
v -0.01334725 -0.00933099 -0.00747561
v -0.03592591 0.00638674 -0.00757435
v -0.01639725 0.00160862 -0.00742271
v -0.02718591 -0.01054534 -0.00727569
v -0.01197247 -0.01358094 -0.00771697
v -0.01169669 -0.01406606 -0.00746074
v -0.01120180 -0.01430051 -0.00705791
v -0.01146032 -0.01456464 -0.00754923
v -0.01227751 -0.01429818 -0.00749408
v -0.01236612 -0.01306186 -0.00751043
v -0.00688704 -0.00561582 -0.00767235
v -0.00765131 -0.00546215 -0.00738182
v -0.00793772 -0.00561906 -0.00745925
v -0.00829144 -0.00494864 -0.00735793
v -0.03411062 -0.01078498 -0.00728591
v -0.02001748 0.01562518 -0.00757539
v -0.01161973 0.00956846 -0.00731144
v -0.02826551 0.01550475 -0.00745137
v -0.03459546 0.00094550 -0.00752661
v -0.01611757 -0.01320233 -0.00750824
v -0.03638095 0.01101610 -0.00579810
v -0.02863864 -0.01733770 -0.00765483
v -0.01193099 -0.00010641 -0.00769225
v -0.01201638 0.00463877 -0.00747590
v -0.03234173 0.01507817 -0.00700922
v -0.03031188 0.00103435 -0.00753043
v -0.01429526 -0.00362174 -0.00746867
v -0.02489956 -0.01468572 -0.00660367
v -0.00357360 -0.00455294 -0.00774261
v -0.00980349 -0.01403539 -0.00763335
v -0.03122311 -0.00494092 -0.00754933
v -0.00800520 0.00010183 -0.00741573
v -0.03440047 0.00791836 -0.00758835
v -0.01333884 -0.00849083 -0.00746928
v -0.01642851 -0.01115238 -0.00753411
v -0.03473325 0.01064988 -0.00730580
v -0.01320037 -0.00998545 -0.00758747
v -0.03351884 -0.00375733 -0.00746180
v -0.02067296 -0.01319067 -0.00734370
v -0.01999083 -0.01538471 -0.00718646
v -0.01623223 -0.01572420 -0.00756958
v -0.03074284 -0.00869488 -0.00733210
v -0.00864379 0.01408838 -0.00665134
v -0.03569187 -0.00657950 -0.00719001
v -0.02306583 -0.01142671 -0.00737757
v -0.01054861 -0.00933162 -0.00750824
v -0.03689785 0.00112743 -0.00753186
v -0.02220664 -0.01609800 -0.00700086
v -0.01870169 -0.01696649 -0.00737430
v -0.00573466 0.00433280 -0.00724346
v -0.00645837 0.00505457 -0.00732556
v -0.01068220 -0.00047501 -0.00723293
v -0.00549663 0.00438486 -0.00741975
v -0.03188543 0.01461173 -0.00744580
v -0.03806484 0.00385686 -0.00749446
v -0.02969491 -0.00004316 -0.00752028
v -0.01386204 -0.01643561 -0.00751283
v -0.02254560 -0.00085729 -0.00746898
v -0.03444233 -0.01223113 -0.00775260
v -0.02692538 -0.01425341 -0.00733421
v -0.01049459 -0.00592114 -0.00754681
v -0.01287349 -0.01487703 -0.00751013
v -0.01286722 -0.01465661 -0.00739168
v -0.01288054 -0.01508617 -0.00764989
v -0.01088892 -0.01444174 -0.00753833
v -0.03508868 -0.01239254 -0.00760353
v -0.03311081 -0.00007237 -0.00748962
v -0.01283247 -0.01644677 -0.00767406
v -0.01603920 0.00264785 -0.00740897
v -0.00863870 -0.00823138 -0.00698354
v -0.00862484 -0.00880368 -0.00712151
v -0.01376571 0.00017230 -0.00738696
v -0.00550700 -0.00783916 -0.00753501
v -0.00523850 -0.00744186 -0.00757257
v -0.02750606 -0.01435971 -0.00719868
v -0.01051232 0.00405796 -0.00737727
v -0.03635744 -0.00914396 -0.00732076
v -0.03760062 0.00028972 -0.00744170
v -0.02898767 -0.01593389 -0.00744116
v -0.03631540 -0.00298727 -0.00729224
v -0.00391172 0.00698031 -0.00729653
v -0.00441233 -0.00844797 -0.00772033
v -0.00475533 -0.00793406 -0.00782458
v -0.03198603 -0.00769302 -0.00736449
v -0.03599956 -0.00167847 -0.00724157
v -0.00993276 -0.00543744 -0.00756835
v -0.00412497 -0.00749316 -0.00767891
v -0.00299729 -0.00029038 -0.00774205
v -0.01323827 -0.01687551 -0.00767922
v -0.01180607 -0.01255284 -0.00745892
v -0.01811713 -0.00470652 -0.00741117
v -0.01190304 -0.01620860 -0.00772480
v -0.02332844 -0.01206285 -0.00726961
v -0.02124922 -0.01597710 -0.00679483
v -0.02163055 -0.01619847 -0.00709357
v -0.02693040 -0.01608623 -0.00730742
v -0.00943589 0.00197657 -0.00753825
v -0.00955562 0.00078173 -0.00722952
v -0.02868604 -0.01554721 -0.00748155
v -0.03327007 -0.00769583 -0.00709738
v -0.03714919 -0.00107649 -0.00742933
v -0.00513457 -0.00683958 -0.00772096
v -0.00578454 -0.00662210 -0.00777757
v -0.00466030 -0.00664113 -0.00749065
v -0.00416278 -0.00618185 -0.00758952
v -0.00375545 -0.00583157 -0.00778574
v -0.00359610 -0.00673541 -0.00768567
v -0.00322900 -0.00571760 -0.00772734
v -0.00513625 -0.00618551 -0.00774874
v -0.00351639 -0.00513168 -0.00773510
v -0.00407172 -0.00503839 -0.00778016
v -0.00606968 -0.00702651 -0.00783466
v -0.00308207 -0.00465904 -0.00777896
v -0.00284746 -0.00529230 -0.00748131
v -0.00416553 -0.00564157 -0.00755205
v -0.00476351 -0.00562162 -0.00766641
v -0.00811082 -0.00778578 -0.00736283
v -0.00398421 -0.00807131 -0.00740936
v -0.00891211 -0.00119724 -0.00740747
v -0.01225558 -0.01229803 -0.00746951
v -0.01238707 0.00035123 -0.00722986
v -0.00664080 -0.00336299 -0.00731158
v -0.00619520 -0.00629031 -0.00749507
v -0.00625819 -0.00583799 -0.00744105
v -0.01492625 0.00894649 -0.00742712
v -0.01065322 0.00651981 -0.00729666
v -0.02440349 -0.00276752 -0.00756570
v -0.00514485 -0.00506525 -0.00761846
v -0.00418317 -0.00477946 -0.00756180
v -0.00513829 -0.00449834 -0.00760507
v -0.02938765 -0.01201118 -0.00746813
v -0.00445838 -0.00605520 -0.00782519
v -0.01551535 -0.00452935 -0.00739019
v -0.03695799 -0.00455256 -0.00725303
v -0.00827064 -0.00164910 -0.00724700
v -0.00857175 -0.00190621 -0.00743845
v -0.00906815 -0.00210975 -0.00735953
v -0.00919653 -0.00267619 -0.00735172
v -0.00963983 -0.00151297 -0.00729263
v -0.00928161 -0.00134379 -0.00723223
v -0.01027537 0.00369340 -0.00722618
v -0.02547626 -0.00981961 -0.00760574
v -0.00776639 -0.00819543 -0.00744427
v -0.00940816 -0.00438316 -0.00740293
v -0.02457843 -0.01548693 -0.00702642
v -0.01496964 0.00234995 -0.00750458
v -0.01958336 -0.01134848 -0.00739917
v -0.02300543 -0.00662834 -0.00766772
v -0.03728105 0.00531099 -0.00732164
v -0.03749763 0.00501549 -0.00722839
v -0.02063411 -0.01588983 -0.00697873
v -0.01748632 0.00935374 -0.00786153
v -0.02300942 -0.01646555 -0.00720575
v -0.01969468 -0.01563025 -0.00739488
v -0.01029961 -0.01129096 -0.00752116
v -0.01293366 0.00423744 -0.00730372
v -0.01734892 -0.00550598 -0.00762183
v -0.03630532 0.00552624 -0.00745846
v -0.01035975 -0.00018705 -0.00743966
v -0.01021449 0.00002830 -0.00722424
v -0.00993400 0.00069924 -0.00742799
v -0.03750936 0.00564898 -0.00729880
v -0.03720896 0.00659249 -0.00713803
v -0.03784825 0.00612931 -0.00700234
v -0.03778583 0.00658302 -0.00713264
v -0.03473325 0.01064988 -0.00730580
v -0.03528462 0.01202818 -0.00680061
v -0.03541827 0.01106154 -0.00683848
v -0.03548044 0.01207010 -0.00641730
v -0.03573514 0.01193993 -0.00583109
v -0.03638095 0.01101610 -0.00579810
v -0.03750936 0.00564898 -0.00729880
v -0.03813813 0.00517139 -0.00652770
v -0.03749763 0.00501549 -0.00722839
v -0.03832253 0.00445842 -0.00665682
v -0.03806484 0.00385686 -0.00749446
v -0.03735104 0.00391812 -0.00771640
v -0.03595577 0.00434561 -0.00774613
v -0.03595144 0.00491670 -0.00756791
v -0.03728105 0.00531099 -0.00732164
v -0.03630532 0.00552624 -0.00745846
v -0.03414721 0.00458884 -0.00761032
v -0.03592591 0.00638674 -0.00757435
v -0.03444449 0.00376609 -0.00774780
v -0.03333320 0.00288247 -0.00761166
v -0.03463236 0.00284428 -0.00775524
v -0.03595405 0.00271471 -0.00777491
v -0.03323830 0.00444918 -0.00758276
v -0.03533377 0.00198500 -0.00767733
v -0.03438451 0.00114218 -0.00746036
v -0.03414988 0.00155107 -0.00757728
v -0.03347610 0.00060761 -0.00749562
v -0.03385941 -0.00000859 -0.00740775
v -0.03459546 0.00094550 -0.00752661
v -0.03311081 -0.00007237 -0.00748962
v -0.00797430 0.00981721 -0.00723674
v -0.00883275 0.01130062 -0.00733077
v -0.00976562 0.01100613 -0.00724554
v -0.00959268 0.01031295 -0.00730449
v -0.00796702 0.01078821 -0.00745332
v -0.00887871 0.00943900 -0.00723843
v -0.00687899 0.01070395 -0.00764015
v -0.00777620 0.01330764 -0.00675477
v -0.00932709 0.01383423 -0.00703714
v -0.00925615 0.01334872 -0.00739716
v -0.00864379 0.01408838 -0.00665134
v -0.00616884 0.01090980 -0.00722919
v -0.00526480 0.01018259 -0.00699608
v -0.00579334 0.01108220 -0.00657713
v -0.01161973 0.00956846 -0.00731144
v -0.01129202 0.01047617 -0.00729264
v -0.01226721 0.00970977 -0.00750803
v -0.01223213 0.01113508 -0.00741286
v -0.01223213 0.01113508 -0.00741286
v -0.01211379 0.01269512 -0.00734413
v -0.01302765 0.01181821 -0.00738365
v -0.01369873 0.01218708 -0.00725198
v -0.01283269 0.01292918 -0.00728269
v -0.01176907 0.01331980 -0.00738543
v -0.01085278 0.00896267 -0.00734760
v -0.01161973 0.00956846 -0.00731144
v -0.01182212 0.00909119 -0.00741827
v -0.01205487 0.00753741 -0.00734373
v -0.00351639 -0.00513168 -0.00773510
v -0.00357360 -0.00455294 -0.00774261
v -0.00407172 -0.00503839 -0.00778016
v -0.00308207 -0.00465904 -0.00777896
v -0.00379777 -0.00435539 -0.00777261
v -0.00418317 -0.00477946 -0.00756180
v -0.00487085 -0.00431120 -0.00771068
v -0.00513829 -0.00449834 -0.00760507
v -0.00452885 -0.00401827 -0.00746380
v -0.00549032 -0.00348615 -0.00771624
v -0.00578256 -0.00392551 -0.00756691
v -0.00334535 -0.00405049 -0.00783454
v -0.00252449 -0.00344350 -0.00741825
v -0.00284746 -0.00529230 -0.00748131
v -0.00622148 -0.00486563 -0.00755559
v -0.00631217 -0.00438956 -0.00737574
v -0.00689955 -0.00437264 -0.00756176
v -0.00685951 -0.00488217 -0.00748018
v -0.00625819 -0.00583799 -0.00744105
v -0.00513625 -0.00618551 -0.00774874
v -0.00514485 -0.00506525 -0.00761846
v -0.00652824 -0.00395900 -0.00750880
v -0.00688704 -0.00561582 -0.00767235
v -0.00765131 -0.00546215 -0.00738182
v -0.00773333 -0.00483794 -0.00738651
v -0.00829144 -0.00494864 -0.00735793
v -0.00894755 -0.00406644 -0.00710433
v -0.00817356 -0.00340494 -0.00729969
v -0.00889280 -0.00339183 -0.00699323
v -0.00827227 -0.00302079 -0.00741150
v -0.00851302 -0.00240598 -0.00733435
v -0.00919653 -0.00267619 -0.00735172
v -0.00968744 -0.00295526 -0.00731043
v -0.00991095 -0.00246728 -0.00751582
v -0.00963983 -0.00151297 -0.00729263
v -0.01024923 -0.00201434 -0.00734279
v -0.01061794 -0.00163614 -0.00748252
v -0.01101537 -0.00226476 -0.00742526
v -0.01033073 -0.00079161 -0.00744412
v -0.00985215 -0.00079611 -0.00722916
v -0.01035975 -0.00018705 -0.00743966
v -0.00927054 -0.00060298 -0.00735996
v -0.00929659 -0.00015602 -0.00736650
v -0.01021449 0.00002830 -0.00722424
v -0.00955562 0.00078173 -0.00722952
v -0.00993400 0.00069924 -0.00742799
v -0.01035457 0.00102857 -0.00735424
v -0.01063641 0.00024378 -0.00751068
v -0.00998085 0.00153199 -0.00742451
v -0.00908515 0.00112646 -0.00740804
v -0.00943589 0.00197657 -0.00753825
v -0.00895331 0.00156430 -0.00726929
v -0.00865019 0.00106214 -0.00737744
v -0.01068220 -0.00047501 -0.00723293
v -0.00928161 -0.00134379 -0.00723223
v -0.00891211 -0.00119724 -0.00740747
v -0.00906815 -0.00210975 -0.00735953
v -0.00857175 -0.00190621 -0.00743845
v -0.00827064 -0.00164910 -0.00724700
v -0.00868764 0.00000228 -0.00743129
v -0.01101311 -0.00110632 -0.00734485
v -0.00898682 -0.00472399 -0.00736963
v -0.00855828 -0.00554182 -0.00721881
v -0.00921847 -0.00570121 -0.00759673
v -0.00793772 -0.00561906 -0.00745925
v -0.01050637 -0.00252679 -0.00762791
v -0.00940816 -0.00438316 -0.00740293
v -0.00754402 -0.00598658 -0.00740630
v -0.00842299 -0.00646221 -0.00723669
v -0.00695731 -0.00670652 -0.00758305
v -0.00619520 -0.00629031 -0.00749507
v -0.00606968 -0.00702651 -0.00783466
v -0.00665635 -0.00743610 -0.00757830
v -0.00715756 -0.00761773 -0.00752185
v -0.00636667 -0.00797354 -0.00774052
v -0.00523850 -0.00744186 -0.00757257
v -0.00681692 -0.00805656 -0.00774877
v -0.00776639 -0.00819543 -0.00744427
v -0.00763017 -0.00773656 -0.00724897
v -0.00780582 -0.00877194 -0.00749736
v -0.00863870 -0.00823138 -0.00698354
v -0.00862484 -0.00880368 -0.00712151
v -0.00787847 -0.00923466 -0.00774306
v -0.00826535 -0.00970512 -0.00782559
v -0.00885118 -0.00962089 -0.00735183
v -0.00955956 -0.00961481 -0.00722635
v -0.00935028 -0.00871372 -0.00735101
v -0.01027093 -0.00961088 -0.00733109
v -0.01054861 -0.00933162 -0.00750824
v -0.00664049 -0.00867288 -0.00786632
v -0.01204203 -0.00073620 -0.00767543
v -0.01133549 -0.00130883 -0.00730884
v -0.01173063 -0.00140797 -0.00749051
v -0.01209416 -0.00198855 -0.00745407
v -0.01157967 -0.00201808 -0.00759474
v -0.00800520 0.00010183 -0.00741573
v -0.00476351 -0.00562162 -0.00766641
v -0.00445838 -0.00605520 -0.00782519
v -0.00664080 -0.00336299 -0.00731158
v -0.01220274 -0.00285432 -0.00760062
v -0.01289634 -0.00256938 -0.00758522
v -0.02196505 0.00676461 -0.00748413
v -0.02151755 0.00801179 -0.00758875
v -0.02277514 0.00872177 -0.00759210
v -0.02081619 0.00816462 -0.00751227
v -0.02324515 0.00694945 -0.00745646
v -0.02042800 0.00685752 -0.00751535
v -0.02396267 0.00767282 -0.00755101
v -0.02359947 0.00896699 -0.00761363
v -0.02447510 0.00814651 -0.00742657
v -0.02518520 0.00747329 -0.00751947
v -0.02384683 0.00638914 -0.00741402
v -0.02440785 0.00962233 -0.00763211
v -0.02543675 0.00668877 -0.00744533
v -0.01943376 0.00588331 -0.00750329
v -0.01905068 0.00641570 -0.00751637
v -0.02042800 0.00685752 -0.00751535
v -0.01798349 0.00536661 -0.00741726
v -0.01812901 0.00426776 -0.00738206
v -0.01334446 0.00677799 -0.00735268
v -0.01312227 0.00782848 -0.00735682
v -0.01480881 0.00752151 -0.00741691
v -0.01205487 0.00753741 -0.00734373
v -0.02221995 0.01123841 -0.00773700
v -0.02250328 0.01284422 -0.00797172
v -0.02335756 0.01128879 -0.00786437
v -0.02156542 0.01201018 -0.00758927
v -0.02131689 0.01245223 -0.00768635
v -0.02108917 0.01302846 -0.00783838
v -0.01665488 0.01043031 -0.00756767
v -0.01613575 0.01198347 -0.00758970
v -0.01723397 0.01164649 -0.00757501
v -0.01568511 0.01282276 -0.00745336
v -0.01443824 0.01176758 -0.00749315
v -0.01719213 0.01302902 -0.00755873
v -0.01673609 0.01349733 -0.00747741
v -0.01458116 0.01314610 -0.00742444
v -0.01549224 0.01439735 -0.00739781
v -0.01496061 0.01359587 -0.00736717
v -0.01637929 0.00776004 -0.00764529
v -0.01492625 0.00894649 -0.00742712
v -0.01590045 0.00969489 -0.00752372
v -0.01619151 0.00884189 -0.00756839
v -0.01748632 0.00935374 -0.00786153
v -0.01665488 0.01043031 -0.00756767
v -0.02491908 0.01346271 -0.00789239
v -0.02403556 0.01467616 -0.00789987
v -0.02537848 0.01462265 -0.00779648
v -0.02572071 0.01273920 -0.00771618
v -0.01549224 0.01439735 -0.00739781
v -0.01576048 0.01503553 -0.00736037
v -0.01713165 0.01592064 -0.00742738
v -0.01669320 0.01669967 -0.00742584
v -0.01626221 0.01713249 -0.00747537
v -0.01531295 0.01565845 -0.00740793
v -0.01577176 0.01643845 -0.00738065
v -0.01555865 0.01744215 -0.00737834
v -0.01589951 0.01813140 -0.00709758
v -0.01325806 0.00403375 -0.00741485
v -0.01336287 0.00505272 -0.00737971
v -0.01399120 0.00416128 -0.00741264
v -0.01400563 0.00527819 -0.00722268
v -0.01701422 0.00248766 -0.00738835
v -0.01683316 0.00271953 -0.00730557
v -0.01812901 0.00426776 -0.00738206
v -0.01677038 0.00173006 -0.00729129
v -0.01636111 0.00231484 -0.00729011
v -0.01603920 0.00264785 -0.00740897
v -0.01593607 0.00190420 -0.00743332
v -0.01639725 0.00160862 -0.00742271
v -0.01757819 0.00190973 -0.00733329
v -0.01719413 0.00129193 -0.00738972
v -0.01648739 0.00079852 -0.00732757
v -0.01778686 0.00075053 -0.00749509
v -0.01718731 0.00039228 -0.00736856
v -0.01684893 -0.00006309 -0.00718586
v -0.01623259 0.00032533 -0.00723584
v -0.01827200 0.00125812 -0.00738752
v -0.01810469 0.00183548 -0.00745810
v -0.01868225 0.00097505 -0.00746542
v -0.01970912 0.00246113 -0.00733208
v -0.02020655 0.00114958 -0.00741471
v -0.01955117 0.00023865 -0.00743774
v -0.01668470 -0.00060815 -0.00739054
v -0.02500351 0.00537559 -0.00738506
v -0.02567011 0.00552700 -0.00731175
v -0.02593181 0.00470958 -0.00738755
v -0.02543675 0.00668877 -0.00744533
v -0.02190404 0.01641215 -0.00770490
v -0.02104800 0.01695276 -0.00771899
v -0.02164124 0.01707100 -0.00764805
v -0.02091049 0.01655231 -0.00770423
v -0.02008730 0.01691323 -0.00760991
v -0.02001748 0.01562518 -0.00757539
v -0.01255148 0.00402197 -0.00746817
v -0.01201638 0.00463877 -0.00747590
v -0.01287743 0.00466877 -0.00738041
v -0.01293366 0.00423744 -0.00730372
v -0.02403556 0.01467616 -0.00789987
v -0.02399576 0.01609499 -0.00774568
v -0.02534234 0.01534125 -0.00763709
v -0.02494200 0.01602582 -0.00756182
v -0.00376051 0.00507808 -0.00737638
v -0.00474828 0.00582154 -0.00744265
v -0.00498585 0.00505656 -0.00749819
v -0.00422990 0.00576130 -0.00726029
v -0.00440424 0.00431045 -0.00747653
v -0.00536798 0.00379333 -0.00760473
v -0.00549663 0.00438486 -0.00741975
v -0.00575820 0.00500333 -0.00735220
v -0.00375142 0.00602340 -0.00746286
v -0.00573466 0.00433280 -0.00724346
v -0.00645837 0.00505457 -0.00732556
v -0.00632332 0.00545354 -0.00725698
v -0.00685688 0.00573862 -0.00743716
v -0.00792820 0.00520370 -0.00734717
v -0.00742306 0.00609855 -0.00730591
v -0.00862431 0.00540657 -0.00718809
v -0.00832287 0.00469889 -0.00744349
v -0.00871753 0.00465331 -0.00725649
v -0.00681815 0.00455956 -0.00709878
v -0.00635755 0.00441403 -0.00729545
v -0.00381731 0.00528617 -0.00721454
v -0.00391172 0.00698031 -0.00729653
v -0.00471717 0.00327490 -0.00756642
v -0.00536798 0.00379333 -0.00760473
v -0.00532162 0.00260583 -0.00746839
v -0.00474962 0.00275911 -0.00741938
v -0.01958848 0.01705117 -0.00767813
v -0.01889859 0.01792575 -0.00758192
v -0.02002328 0.01745903 -0.00783375
v -0.02008730 0.01691323 -0.00760991
v -0.01130754 0.00129576 -0.00730376
v -0.01101312 0.00150419 -0.00733634
v -0.01169731 0.00210329 -0.00757833
v -0.01224290 0.00163267 -0.00757164
v -0.01178767 0.00095436 -0.00749740
v -0.01235715 0.00098891 -0.00734692
v -0.01238707 0.00035123 -0.00722986
v -0.01889859 0.01792575 -0.00758192
v -0.01721769 0.01805538 -0.00739485
v -0.01873240 0.01878042 -0.00738138
v -0.01752073 0.01869892 -0.00709148
v -0.01518924 0.00201556 -0.00749447
v -0.01496964 0.00234995 -0.00750458
v -0.01603920 0.00264785 -0.00740897
v -0.01555575 0.00268423 -0.00724963
v -0.01051232 0.00405796 -0.00737727
v -0.01092169 0.00454329 -0.00713321
v -0.01142424 0.00400299 -0.00717109
v -0.01201638 0.00463877 -0.00747590
v -0.01313045 -0.00006755 -0.00733213
v -0.01305147 0.00029649 -0.00737754
v -0.01364181 0.00063047 -0.00740639
v -0.01376571 0.00017230 -0.00738696
v -0.00782921 0.00391017 -0.00735583
v -0.00832287 0.00469889 -0.00744349
v -0.00873008 0.00395011 -0.00751361
v -0.00822905 0.00373900 -0.00722091
v -0.01288893 0.00334729 -0.00738906
v -0.01325806 0.00403375 -0.00741485
v -0.01370712 0.00317204 -0.00681839
v -0.01346567 0.00275582 -0.00687487
v -0.01293886 0.00283922 -0.00746690
v -0.01325363 0.00232866 -0.00708289
v -0.01391518 0.00214749 -0.00675403
v -0.01357374 0.00171321 -0.00703374
v -0.01416568 0.00140286 -0.00690328
v -0.01446991 0.00173037 -0.00710211
v -0.01415334 0.00247697 -0.00666949
v -0.01496964 0.00234995 -0.00750458
v -0.00391172 0.00698031 -0.00729653
v -0.00324325 0.00648226 -0.00709315
v -0.00384173 0.00789168 -0.00699562
v -0.02440785 0.00962233 -0.00763211
v -0.02535576 0.01011774 -0.00750311
v -0.02537050 0.00917725 -0.00755020
v -0.02391497 0.01051404 -0.00775298
v -0.02535576 0.01011774 -0.00750311
v -0.02537411 0.01152345 -0.00755212
v -0.02630221 0.01068560 -0.00744505
v -0.02669715 0.01164623 -0.00754325
v -0.02572071 0.01273920 -0.00771618
v -0.02804836 0.00968611 -0.00753228
v -0.02794279 0.01146907 -0.00754580
v -0.03058010 -0.01188244 -0.00745534
v -0.02993638 -0.01185149 -0.00716119
v -0.03052206 -0.01128413 -0.00734188
v -0.03959863 -0.00101266 -0.00729550
v -0.04006134 -0.00038935 -0.00718934
v -0.04005054 -0.00123225 -0.00713118
v -0.03978950 -0.00029290 -0.00738207
v -0.03979244 -0.00135129 -0.00732411
v -0.03881798 -0.00106290 -0.00722271
v -0.03906324 -0.00194830 -0.00727962
v -0.03941873 -0.00262642 -0.00722376
v -0.03904900 -0.00254444 -0.00728146
v -0.03994057 -0.00262603 -0.00676483
v -0.03788944 -0.00713629 -0.00762241
v -0.03708473 -0.00638404 -0.00727720
v -0.03834695 -0.00642880 -0.00760898
v -0.03649760 -0.00660930 -0.00731817
v -0.03869798 -0.00673863 -0.00732754
v -0.03614205 -0.01003605 -0.00753108
v -0.03635744 -0.00914396 -0.00732076
v -0.03726551 -0.00953793 -0.00739426
v -0.03621616 -0.01044470 -0.00751096
v -0.03649938 -0.01069641 -0.00730155
v -0.03516913 -0.01047812 -0.00750582
v -0.03538315 -0.01000035 -0.00730508
v -0.03626859 -0.00877009 -0.00737150
v -0.03588670 -0.00809035 -0.00744197
v -0.03623817 -0.00790442 -0.00735756
v -0.03582321 -0.00752026 -0.00729730
v -0.03564072 -0.00775036 -0.00713469
v -0.03588791 -0.00679246 -0.00737241
v -0.03621751 -0.00548103 -0.00737353
v -0.03649760 -0.00660930 -0.00731817
v -0.03661589 -0.00566833 -0.00724053
v -0.03569187 -0.00657950 -0.00719001
v -0.03590116 -0.00558029 -0.00732429
v -0.03681317 -0.00518528 -0.00707663
v -0.03754163 -0.00512555 -0.00724104
v -0.03760671 -0.00448842 -0.00707163
v -0.03695799 -0.00455256 -0.00725303
v -0.03881394 0.00234558 -0.00741301
v -0.03942434 0.00355015 -0.00700711
v -0.03974149 0.00261700 -0.00712664
v -0.03895485 0.00401694 -0.00704651
v -0.03827979 0.00283239 -0.00762919
v -0.03806484 0.00385686 -0.00749446
v -0.03933061 0.00471194 -0.00680203
v -0.03455242 -0.00884194 -0.00736207
v -0.03367764 -0.00902239 -0.00734333
v -0.03419469 -0.00863169 -0.00714831
v -0.03327007 -0.00769583 -0.00709738
v -0.03362098 -0.01051302 -0.00737820
v -0.03411062 -0.01078498 -0.00728591
v -0.03326416 -0.01087818 -0.00782321
v -0.03441059 -0.01105700 -0.00749453
v -0.03388724 -0.01128853 -0.00776654
v -0.03392738 -0.01186068 -0.00779785
v -0.03344584 -0.00996597 -0.00727205
v -0.03311902 -0.00949329 -0.00725656
v -0.00659665 -0.00145885 -0.00749002
v -0.00624228 -0.00193584 -0.00732337
v -0.00584512 -0.00115104 -0.00670167
v -0.00585564 -0.00169961 -0.00707807
v -0.00644670 -0.00100125 -0.00738224
v -0.00645723 -0.00044626 -0.00756519
v -0.00552020 -0.00100042 -0.00696049
v -0.00501757 -0.00164980 -0.00741076
v -0.00538273 -0.00206069 -0.00741774
v -0.00497763 -0.00104820 -0.00753153
v -0.00404130 -0.00114370 -0.00777585
v -0.00420250 -0.00225676 -0.00785139
v -0.00582502 -0.00027208 -0.00729340
v -0.00525315 -0.00252325 -0.00765663
v -0.00630099 -0.00283516 -0.00734104
v -0.00664080 -0.00336299 -0.00731158
v -0.00796172 0.00255262 -0.00734266
v -0.00743462 0.00262994 -0.00746113
v -0.00759452 0.00350211 -0.00745311
v -0.00822905 0.00373900 -0.00722091
v -0.00770282 0.00225030 -0.00735198
v -0.00684575 0.00231859 -0.00761338
v -0.00743462 0.00262994 -0.00746113
v -0.00692483 0.00298485 -0.00740927
v -0.02208385 -0.01444514 -0.00730296
v -0.02205664 -0.01355757 -0.00725821
v -0.02273417 -0.01357612 -0.00719876
v -0.02313588 -0.01410840 -0.00720524
v -0.02224333 -0.01459043 -0.00739181
v -0.02229544 -0.01485319 -0.00719180
v -0.02159216 -0.01350611 -0.00728431
v -0.02470586 -0.01229332 -0.00740394
v -0.02429714 -0.01168287 -0.00734812
v -0.02493539 -0.01176747 -0.00733886
v -0.02528884 -0.01200166 -0.00743351
v -0.02559762 -0.01166275 -0.00746564
v -0.02498202 -0.01263005 -0.00727450
v -0.02702834 -0.01151435 -0.00740532
v -0.02736773 -0.01224115 -0.00731399
v -0.02688377 -0.01262001 -0.00725346
v -0.02590878 -0.01141556 -0.00729498
v -0.02685133 -0.01108735 -0.00721744
v -0.02793664 -0.01087280 -0.00735285
v -0.02718591 -0.01054534 -0.00727569
v -0.02791924 -0.01154042 -0.00740203
v -0.02851668 -0.01102297 -0.00735005
v -0.02629152 -0.01244286 -0.00719626
v -0.02645053 -0.01302204 -0.00744641
v -0.02096321 -0.01368792 -0.00720186
v -0.02166384 -0.01306758 -0.00716055
v -0.02159216 -0.01350611 -0.00728431
v -0.02067296 -0.01319067 -0.00734370
v -0.01991487 -0.01332137 -0.00737279
v -0.02016592 -0.01196268 -0.00743835
v -0.02067296 -0.01319067 -0.00734370
v -0.01959647 -0.01275392 -0.00740166
v -0.01964652 -0.01182988 -0.00749152
v -0.02850846 -0.01189824 -0.00736710
v -0.02851668 -0.01102297 -0.00735005
v -0.02944886 -0.01115356 -0.00729175
v -0.02938765 -0.01201118 -0.00746813
v -0.01628428 -0.01237479 -0.00741740
v -0.01642851 -0.01115238 -0.00753411
v -0.01697753 -0.01181454 -0.00740748
v -0.01556659 -0.01213933 -0.00735147
v -0.01611757 -0.01320233 -0.00750824
v -0.01628428 -0.01237479 -0.00741740
v -0.01703655 -0.01268546 -0.00740135
v -0.01555765 -0.01301425 -0.00737684
v -0.01707836 -0.01424084 -0.00737036
v -0.01611757 -0.01320233 -0.00750824
v -0.01752866 -0.01323014 -0.00735393
v -0.01767960 -0.01354250 -0.00739963
v -0.01765916 -0.01423898 -0.00743636
v -0.01548550 -0.01545573 -0.00753809
v -0.01548643 -0.01487238 -0.00751920
v -0.01635206 -0.01500484 -0.00748278
v -0.01623223 -0.01572420 -0.00756958
v -0.01642851 -0.01115238 -0.00753411
v -0.01699764 -0.01070017 -0.00740834
v -0.01759012 -0.01143523 -0.00756179
v -0.01836238 -0.01080614 -0.00741628
v -0.01864195 -0.01113173 -0.00753022
v -0.01836238 -0.01080614 -0.00741628
v -0.01958336 -0.01134848 -0.00739917
v -0.01958336 -0.01134848 -0.00739917
v -0.01944195 -0.01027502 -0.00744052
v -0.02030047 -0.01106302 -0.00746482
v -0.02082824 -0.01065588 -0.00725817
v -0.01731573 -0.01697363 -0.00747306
v -0.01732002 -0.01588366 -0.00749049
v -0.01788880 -0.01610798 -0.00735175
v -0.01779744 -0.01567985 -0.00734186
v -0.01791651 -0.01667784 -0.00727328
v -0.01754951 -0.01544594 -0.00730794
v -0.01623223 -0.01572420 -0.00756958
v -0.01236612 -0.01306186 -0.00751043
v -0.01225558 -0.01229803 -0.00746951
v -0.01318777 -0.01261245 -0.00747502
v -0.01300033 -0.01309613 -0.00765983
v -0.01344138 -0.01324652 -0.00759813
v -0.01359560 -0.01284279 -0.00729176
v -0.01294949 -0.01359075 -0.00749999
v -0.01197247 -0.01358094 -0.00771697
v -0.01227751 -0.01429818 -0.00749408
v -0.01352205 -0.01419663 -0.00766152
v -0.01286722 -0.01465661 -0.00739168
v -0.01223492 -0.01467241 -0.00762597
v -0.01146032 -0.01456464 -0.00754923
v -0.01152425 -0.01508086 -0.00752116
v -0.01214151 -0.01529917 -0.00765132
v -0.01186125 -0.01554507 -0.00777277
v -0.01138746 -0.01573692 -0.00765564
v -0.01190304 -0.01620860 -0.00772480
v -0.01075074 -0.01519822 -0.00753051
v -0.01283247 -0.01644677 -0.00767406
v -0.01088892 -0.01444174 -0.00753833
v -0.01357068 -0.01451290 -0.00780885
v -0.01365186 -0.01485261 -0.00763245
v -0.01430682 -0.01439061 -0.00733303
v -0.01429775 -0.01493067 -0.00765949
v -0.01465612 -0.01466365 -0.00743405
v -0.01516193 -0.01444599 -0.00761724
v -0.01463504 -0.01354975 -0.00749578
v -0.01489908 -0.01500492 -0.00730536
v -0.01548643 -0.01487238 -0.00751920
v -0.01287349 -0.01487703 -0.00751013
v -0.01404778 -0.01402098 -0.00746201
v -0.00991555 -0.01469438 -0.00754910
v -0.01049542 -0.01415406 -0.00740528
v -0.00980349 -0.01403539 -0.00763335
v -0.00878233 -0.01405837 -0.00750254
v -0.01288054 -0.01508617 -0.00764989
v -0.01344724 -0.01553139 -0.00749676
v -0.02919545 -0.01539991 -0.00748983
v -0.02929832 -0.01463556 -0.00734789
v -0.02965992 -0.01499693 -0.00755278
v -0.02972974 -0.01451338 -0.00732008
v -0.03012458 -0.01472614 -0.00722193
v -0.02863864 -0.01733770 -0.00765483
v -0.02821566 -0.01725020 -0.00766729
v -0.02901868 -0.01676865 -0.00766960
v -0.02874440 -0.01677484 -0.00752610
v -0.02898767 -0.01593389 -0.00744116
v -0.01274767 -0.00970577 -0.00770774
v -0.01334725 -0.00933099 -0.00747561
v -0.01320037 -0.00998545 -0.00758747
v -0.01333884 -0.00849083 -0.00746928
v -0.01293534 -0.00796419 -0.00728839
v -0.03188682 -0.01556844 -0.00776768
v -0.03223271 -0.01479590 -0.00795173
v -0.03303438 -0.01476875 -0.00786440
v -0.03058010 -0.01188244 -0.00745534
v -0.03040684 -0.01090920 -0.00742114
v -0.03139001 -0.01099859 -0.00765575
v -0.02936784 -0.01306322 -0.00747836
v -0.03020289 -0.01272217 -0.00737225
v -0.03046882 -0.01321225 -0.00747525
v -0.02938765 -0.01201118 -0.00746813
v -0.02291002 -0.01495120 -0.00730159
v -0.02313588 -0.01410840 -0.00720524
v -0.02356342 -0.01428219 -0.00733922
v -0.02343872 -0.01495853 -0.00707675
v -0.02328512 -0.01544750 -0.00708014
v -0.02288698 -0.01547789 -0.00687013
v -0.02292609 -0.01593234 -0.00724315
v -0.02346166 -0.01581918 -0.00682969
v -0.02355976 -0.01628644 -0.00734276
v -0.02300942 -0.01646555 -0.00720575
v -0.02423922 -0.01577927 -0.00734550
v -0.02394549 -0.01537878 -0.00688941
v -0.02457843 -0.01548693 -0.00702642
v -0.00685982 -0.01205118 -0.00772493
v -0.00605019 -0.01074110 -0.00785118
v -0.00700192 -0.01144696 -0.00777953
v -0.00691626 -0.01067620 -0.00769479
v -0.00759059 -0.01123711 -0.00806054
v -0.00638893 -0.01041579 -0.00779405
v -0.01977382 -0.01603696 -0.00729865
v -0.01969468 -0.01563025 -0.00739488
v -0.02031460 -0.01551264 -0.00693836
v -0.02063411 -0.01588983 -0.00697873
v -0.02688238 -0.01488784 -0.00700745
v -0.02692538 -0.01425341 -0.00733421
v -0.02750606 -0.01435971 -0.00719868
v -0.02634633 -0.01434506 -0.00704105
v -0.02629086 -0.01490122 -0.00719833
v -0.02615908 -0.01451490 -0.00680606
v -0.02187662 -0.01687345 -0.00697749
v -0.02220664 -0.01609800 -0.00700086
v -0.02300942 -0.01646555 -0.00720575
v -0.02166877 -0.01645725 -0.00682454
v -0.02117433 -0.01741766 -0.00742443
v -0.02187578 -0.01590241 -0.00666794
v -0.02163055 -0.01619847 -0.00709357
v -0.02113483 -0.01679783 -0.00718642
v -0.02124922 -0.01597710 -0.00679483
v -0.02063411 -0.01588983 -0.00697873
v -0.02135443 -0.01561873 -0.00669072
v -0.02124922 -0.01597710 -0.00679483
v -0.02566494 -0.01710178 -0.00740848
v -0.02622775 -0.01654886 -0.00745123
v -0.02629506 -0.01721031 -0.00768369
v -0.02706140 -0.01692091 -0.00750241
v -0.02693040 -0.01608623 -0.00730742
v -0.02731849 -0.01613444 -0.00737629
v -0.02693040 -0.01608623 -0.00730742
v -0.02703812 -0.01562935 -0.00725558
v -0.02768499 -0.01583198 -0.00745354
v -0.02823310 -0.01568639 -0.00728140
v -0.00903138 -0.01208636 -0.00809276
v -0.00974314 -0.01149551 -0.00776249
v -0.00954717 -0.01239773 -0.00809682
v -0.00912520 -0.01269865 -0.00802749
v -0.00957359 -0.01352261 -0.00782620
v -0.00996412 -0.01300534 -0.00788716
v -0.01010961 -0.01382085 -0.00783675
v -0.00980349 -0.01403539 -0.00763335
v -0.02947090 0.01080893 -0.00750186
v -0.02794279 0.01146907 -0.00754580
v -0.02936821 0.01153509 -0.00751567
v -0.03089258 0.01126393 -0.00752014
v -0.03103159 0.00964160 -0.00756626
v -0.03089258 0.01126393 -0.00752014
v -0.03199687 0.01042188 -0.00756819
v -0.03175235 0.00878039 -0.00762016
v -0.03264036 0.00766528 -0.00755828
v -0.03175235 0.00878039 -0.00762016
v -0.03310385 0.00924295 -0.00758017
v -0.03440047 0.00791836 -0.00758835
v -0.03455780 0.00559704 -0.00760641
v -0.03440047 0.00791836 -0.00758835
v -0.03572454 0.00760738 -0.00754375
v -0.03592591 0.00638674 -0.00757435
v -0.02012167 0.00459998 -0.00744343
v -0.02140549 0.00513046 -0.00738197
v -0.02145183 0.00346357 -0.00735247
v -0.02048150 0.00553316 -0.00736844
v -0.03022947 0.01419739 -0.00744359
v -0.03104431 0.01526562 -0.00745335
v -0.03134244 0.01479811 -0.00742335
v -0.03048009 0.01545977 -0.00744137
v -0.02973879 0.01486764 -0.00743988
v -0.02894591 0.01436745 -0.00745467
v -0.02759410 -0.00715302 -0.00767257
v -0.02689368 -0.00625580 -0.00773075
v -0.02788969 -0.00654524 -0.00763447
v -0.02633352 -0.00709973 -0.00759710
v -0.02608597 -0.00654689 -0.00748317
v -0.02617432 -0.00585873 -0.00763146
v -0.02529347 -0.00598379 -0.00789226
v -0.02561319 -0.00486448 -0.00784121
v -0.02390313 -0.00516303 -0.00789237
v -0.02626038 -0.00522901 -0.00761063
v -0.02827721 -0.00760197 -0.00744834
v -0.02796947 -0.00816919 -0.00764238
v -0.02855716 -0.00800464 -0.00739222
v -0.02883792 -0.00811235 -0.00750222
v -0.02805981 -0.00913837 -0.00754201
v -0.02726458 -0.00880751 -0.00753832
v -0.02761839 -0.00937750 -0.00741496
v -0.02948839 -0.00831912 -0.00744404
v -0.02916163 -0.00964817 -0.00756494
v -0.02695505 -0.00536142 -0.00773962
v -0.02892391 -0.00694890 -0.00767551
v -0.02821974 -0.00968034 -0.00740964
v -0.02956999 -0.00918626 -0.00730493
v -0.03014474 -0.00915909 -0.00732852
v -0.03021403 -0.00257624 -0.00757828
v -0.02945802 -0.00221655 -0.00765224
v -0.02931589 -0.00133983 -0.00764279
v -0.03001494 -0.00158271 -0.00751021
v -0.02968495 -0.00097219 -0.00745175
v -0.02322099 -0.00262131 -0.00756897
v -0.02408330 -0.00172595 -0.00752293
v -0.02431725 -0.00231490 -0.00761412
v -0.02329669 -0.00170980 -0.00753789
v -0.02361055 -0.00121549 -0.00745130
v -0.02254560 -0.00085729 -0.00746898
v -0.01921687 -0.00563909 -0.00748640
v -0.01903372 -0.00511960 -0.00743103
v -0.02013084 -0.00532334 -0.00762324
v -0.01993805 -0.00603249 -0.00746699
v -0.01916667 -0.00879942 -0.00753348
v -0.01947062 -0.00823750 -0.00751888
v -0.02012811 -0.00835662 -0.00745563
v -0.01973910 -0.00752442 -0.00759586
v -0.01938795 -0.00799233 -0.00731887
v -0.01889946 -0.00757676 -0.00743488
v -0.01992946 -0.00674279 -0.00758382
v -0.01868100 -0.00668588 -0.00757012
v -0.01932356 -0.00606888 -0.00742761
v -0.01993805 -0.00603249 -0.00746699
v -0.01628924 -0.00568187 -0.00761885
v -0.01654260 -0.00421362 -0.00738554
v -0.01710998 -0.00499958 -0.00746628
v -0.01734892 -0.00550598 -0.00762183
v -0.02405871 -0.00627093 -0.00790190
v -0.02275968 -0.00553711 -0.00784067
v -0.02390313 -0.00516303 -0.00789237
v -0.02300543 -0.00662834 -0.00766772
v -0.02390313 -0.00516303 -0.00789237
v -0.02312618 -0.00394292 -0.00783473
v -0.02404102 -0.00394623 -0.00784630
v -0.02374538 -0.00287883 -0.00773264
v -0.02440349 -0.00276752 -0.00756570
v -0.02211135 -0.00792624 -0.00767431
v -0.02348633 -0.00745943 -0.00770449
v -0.02297381 -0.00827808 -0.00769856
v -0.02230447 -0.00902845 -0.00757070
v -0.02233761 -0.00687362 -0.00770459
v -0.02300543 -0.00662834 -0.00766772
v -0.02348633 -0.00745943 -0.00770449
v -0.02494527 -0.01008106 -0.00760205
v -0.02449882 -0.00914486 -0.00752789
v -0.02492635 -0.00873407 -0.00749379
v -0.02547626 -0.00981961 -0.00760574
v -0.02219468 -0.00933780 -0.00749587
v -0.02153974 -0.00906147 -0.00746081
v -0.02230447 -0.00902845 -0.00757070
v -0.02149697 -0.00965279 -0.00761245
v -0.01669194 -0.00363159 -0.00747597
v -0.01654260 -0.00421362 -0.00738554
v -0.01551535 -0.00452935 -0.00739019
v -0.01811713 -0.00470652 -0.00741117
v -0.01827773 -0.00374024 -0.00741305
v -0.01873644 -0.00386513 -0.00750870
v -0.01844963 -0.00308300 -0.00747873
v -0.02462620 -0.00085212 -0.00749229
v -0.02441037 0.00012233 -0.00732483
v -0.02552743 0.00035601 -0.00752196
v -0.02412710 -0.00040458 -0.00756119
v -0.03121003 -0.00132165 -0.00754190
v -0.03067660 -0.00007679 -0.00761485
v -0.03135432 -0.00010678 -0.00739929
v -0.03155498 -0.00104526 -0.00742348
v -0.03213170 -0.00016089 -0.00753298
v -0.03198603 -0.00769302 -0.00736449
v -0.03288646 -0.00712055 -0.00752534
v -0.03284346 -0.00774634 -0.00734294
v -0.03327007 -0.00769583 -0.00709738
v -0.02686510 -0.01011990 -0.00747611
v -0.02625247 -0.00972010 -0.00750545
v -0.02710752 -0.00956658 -0.00750977
v -0.02718591 -0.01054534 -0.00727569
v -0.02821974 -0.00968034 -0.00740964
v -0.02805981 -0.00913837 -0.00754201
v -0.02151255 -0.01014709 -0.00746346
v -0.02149697 -0.00965279 -0.00761245
v -0.02261969 -0.00984630 -0.00758408
v -0.02090481 -0.00969084 -0.00743680
v -0.02151255 -0.01014709 -0.00746346
v -0.02082824 -0.01065588 -0.00725817
v -0.02043315 -0.01030407 -0.00732433
v -0.02150221 -0.01084019 -0.00743618
v -0.03043116 -0.00665376 -0.00760403
v -0.03054258 -0.00520718 -0.00756027
v -0.03082286 -0.00601237 -0.00747726
v -0.03099315 -0.00557424 -0.00737461
v -0.03122311 -0.00494092 -0.00754933
v -0.03029877 -0.00752394 -0.00748826
v -0.03043116 -0.00665376 -0.00760403
v -0.03073236 -0.00681518 -0.00763340
v -0.03089490 -0.00790023 -0.00740163
v -0.01293359 -0.00293842 -0.00771373
v -0.01289634 -0.00256938 -0.00758522
v -0.01369927 -0.00299598 -0.00742855
v -0.01332161 -0.00324089 -0.00748562
v -0.01350757 -0.00372764 -0.00739749
v -0.01396958 -0.00355968 -0.00725165
v -0.01466907 -0.00348090 -0.00722480
v -0.01429526 -0.00362174 -0.00746867
v -0.01458269 -0.00444318 -0.00761451
v -0.01551535 -0.00452935 -0.00739019
v -0.01049459 -0.00592114 -0.00754681
v -0.00993276 -0.00543744 -0.00756835
v -0.01070145 -0.00525452 -0.00754264
v -0.01196366 -0.00779618 -0.00790891
v -0.01082503 -0.00668858 -0.00790245
v -0.01189408 -0.00679411 -0.00782208
v -0.01049459 -0.00592114 -0.00754681
v -0.01136045 -0.00610865 -0.00767995
v -0.01196495 -0.00601488 -0.00739280
v -0.00993276 -0.00543744 -0.00756835
v -0.00940816 -0.00438316 -0.00740293
v -0.01031642 -0.00500731 -0.00735696
v -0.01481814 -0.00164908 -0.00738362
v -0.01490247 -0.00050395 -0.00722397
v -0.01487095 -0.00118289 -0.00731127
v -0.01386275 -0.00101435 -0.00674506
v -0.01388970 -0.00039690 -0.00678071
v -0.01412218 -0.00190439 -0.00733248
v -0.01376636 -0.00154689 -0.00724761
v -0.01529791 -0.00065191 -0.00744148
v -0.01418570 -0.00028264 -0.00705652
v -0.01376571 0.00017230 -0.00738696
v -0.01499067 0.00018755 -0.00740974
v -0.01559937 -0.00031662 -0.00726797
v -0.03014474 -0.00915909 -0.00732852
v -0.02997019 -0.00849910 -0.00762116
v -0.03089490 -0.00790023 -0.00740163
v -0.03074284 -0.00869488 -0.00733210
v -0.03046891 -0.00933700 -0.00746358
v -0.03076036 -0.00888356 -0.00744682
v -0.03095984 -0.00940333 -0.00717330
v -0.03075850 -0.00986902 -0.00745097
v -0.03495686 -0.00690142 -0.00725106
v -0.03487803 -0.00635792 -0.00698967
v -0.03569187 -0.00657950 -0.00719001
v -0.03410239 -0.00684508 -0.00660633
v -0.03407704 -0.00571765 -0.00659219
v -0.03371326 -0.00692434 -0.00685731
v -0.03327007 -0.00769583 -0.00709738
v -0.00252449 -0.00344350 -0.00741825
v -0.00224302 -0.00111266 -0.00739372
v -0.00292043 -0.00239503 -0.00773647
v -0.03198603 -0.00769302 -0.00736449
v -0.03155525 -0.00845343 -0.00660916
v -0.03110243 -0.00825024 -0.00707631
v -0.03074284 -0.00869488 -0.00733210
v -0.03331559 -0.00584593 -0.00733265
v -0.03411645 -0.00510309 -0.00652667
v -0.03407704 -0.00571765 -0.00659219
v -0.03363767 -0.00457500 -0.00696324
v -0.00629153 0.00122471 -0.00745869
v -0.00677107 0.00162285 -0.00751596
v -0.00682843 0.00109653 -0.00760421
v -0.00574594 0.00159232 -0.00742925
v -0.00628382 0.00177684 -0.00747103
v -0.00684575 0.00231859 -0.00761338
v -0.00586028 0.00120030 -0.00719048
v -0.00512839 0.00118113 -0.00751694
v -0.03666548 -0.00015231 -0.00720132
v -0.03760062 0.00028972 -0.00744170
v -0.03776974 -0.00031335 -0.00744999
v -0.03714919 -0.00107649 -0.00742933
v -0.03623425 -0.00090553 -0.00744026
v -0.03734417 -0.00162368 -0.00736768
v -0.03599956 -0.00167847 -0.00724157
v -0.03714919 -0.00107649 -0.00742933
v -0.03591787 -0.00385655 -0.00726181
v -0.03631540 -0.00298727 -0.00729224
v -0.03686222 -0.00385167 -0.00710726
v -0.03559789 -0.00361332 -0.00739150
v -0.03654233 -0.00432046 -0.00716153
v -0.03695799 -0.00455256 -0.00725303
v -0.03562004 -0.00225267 -0.00741839
v -0.03599956 -0.00167847 -0.00724157
v -0.03620531 -0.00242567 -0.00715485
v -0.03631540 -0.00298727 -0.00729224
vt 0.98357016 0.96465421
vt 0.98001778 0.96841639
vt 0.98357016 0.96129894
vt 0.50092202 0.73532027
vt 0.49689165 0.73709965
vt 0.50577265 0.73709965
vt 0.50044405 0.92215300
vt 0.49503192 0.92037368
vt 0.49156305 0.92215300
vt 0.88487023 0.69884342
vt 0.89653641 0.69795376
vt 0.87966251 0.69795376
vt 0.48973146 0.49268091
vt 0.46480635 0.48672360
vt 0.49561343 0.49973500
vt 0.44415298 0.49582642
vt 0.47490209 0.50898290
vt 0.43777362 0.50781429
vt 0.42416191 0.49732006
vt 0.42806485 0.47879457
vt 0.41279212 0.47966987
vt 0.40927649 0.49404502
vt 0.40554464 0.50876451
vt 0.51473939 0.48428607
vt 0.52737856 0.49599868
vt 0.54352093 0.48899293
vt 0.54829633 0.50806743
vt 0.51479036 0.50785726
vt 0.56049293 0.49921417
vt 0.56111991 0.51169443
vt 0.50663495 0.47826433
vt 0.55491644 0.48106086
vt 0.44733083 0.47429836
vt 0.42305639 0.46526378
vt 0.40993923 0.46387070
vt 0.46869031 0.46555495
vt 0.48973227 0.46906102
vt 0.54160875 0.47153151
vt 0.52047807 0.46868849
vt 0.41772100 0.45849085
vt 0.41023719 0.44999498
vt 0.44705772 0.45734376
vt 0.56262428 0.48282886
vt 0.55895382 0.46298391
vt 0.56450969 0.46643603
vt 0.40571055 0.47240877
vt 0.42381489 0.45135188
vt 0.54366177 0.45547044
vt 0.50123310 0.45832682
vt 0.47714245 0.45348281
vt 0.45577845 0.44626880
vt 0.50103110 0.51709169
vt 0.42098188 0.51473087
vt 0.40207952 0.49439061
vt 0.50200790 0.44611335
vt 0.56219667 0.44383943
vt 0.53210253 0.44596410
vt 0.56444705 0.44900602
vt 0.43776569 0.43981695
vt 0.41252109 0.43394768
vt 0.48980871 0.43526810
vt 0.46146026 0.43600154
vt 0.52829963 0.43806982
vt 0.51503122 0.43347216
vt 0.55043739 0.42985642
vt 0.44252384 0.51921540
vt 0.42349184 0.52267295
vt 0.47584245 0.52578056
vt 0.41654244 0.52269441
vt 0.40423200 0.52680844
vt 0.52038574 0.52092510
vt 0.54588157 0.52256775
vt 0.51367348 0.53182626
vt 0.55815691 0.53028780
vt 0.44504076 0.53029549
vt 0.56102216 0.53895271
vt 0.54599726 0.54196721
vt 0.40500006 0.44977188
vt 0.49380076 0.54182357
vt 0.42289731 0.53247947
vt 0.41088337 0.53999269
vt 0.46256950 0.54363918
vt 0.43250465 0.54324561
vt 0.51471263 0.54575163
vt 0.40995499 0.56084305
vt 0.42203388 0.55709797
vt 0.45986986 0.55107993
vt 0.44337523 0.55694485
vt 0.48703137 0.55738533
vt 0.54186922 0.56068879
vt 0.56025684 0.56095070
vt 0.51153916 0.55528826
vt 0.46622810 0.56587225
vt 0.56391019 0.55427784
vt 0.51724380 0.56540835
vt 0.48262286 0.57097989
vt 0.43692642 0.56657577
vt 0.53459382 0.57250112
vt 0.42247406 0.57559651
vt 0.39881647 0.45849693
vt 0.40221342 0.54794300
vt 0.40219623 0.56318259
vt 0.56652355 0.52382129
vt 0.45365921 0.58138132
vt 0.43877190 0.59037340
vt 0.50633293 0.58243793
vt 0.48950943 0.57948679
vt 0.40570334 0.58657759
vt 0.54525203 0.57989794
vt 0.56289822 0.57655078
vt 0.56693649 0.49489915
vt 0.40225226 0.57659990
vt 0.52124304 0.59359622
vt 0.56217045 0.59433925
vt 0.47910094 0.59069532
vt 0.46123016 0.59853458
vt 0.40103105 0.51534635
vt 0.39708230 0.49410176
vt 0.39779061 0.48061681
vt 0.39488626 0.49159920
vt 0.39588732 0.47768712
vt 0.39298400 0.50412816
vt 0.39584517 0.51923370
vt 0.39320484 0.51790309
vt 0.39320365 0.53292644
vt 0.39679152 0.53456450
vt 0.39531901 0.54400378
vt 0.39864084 0.54893613
vt 0.39647803 0.56593138
vt 0.39367723 0.56594354
vt 0.43303710 0.60413146
vt 0.41308206 0.60054195
vt 0.40275404 0.59645146
vt 0.49507126 0.60506260
vt 0.56743723 0.56671232
vt 0.56720656 0.54244506
vt 0.39417210 0.58277822
vt 0.39684439 0.57870919
vt 0.54586405 0.60314798
vt 0.47460774 0.60510677
vt 0.44492298 0.61321509
vt 0.39728469 0.58786207
vt 0.39781913 0.60146606
vt 0.40493172 0.60846770
vt 0.50815797 0.60686159
vt 0.52584225 0.61173552
vt 0.39477879 0.60253996
vt 0.56689084 0.58246064
vt 0.56786305 0.59827411
vt 0.41523105 0.62078178
vt 0.40576547 0.62591785
vt 0.46256095 0.61752570
vt 0.48316580 0.61318988
vt 0.56838334 0.61386240
vt 0.56418240 0.61398184
vt 0.56378359 0.61896765
vt 0.55500406 0.61696845
vt 0.42924014 0.62145704
vt 0.56642002 0.51054162
vt 0.39864856 0.61579865
vt 0.50896662 0.62039900
vt 0.48936877 0.62367195
vt 0.39666164 0.62390232
vt 0.56768560 0.47203755
vt 0.57076520 0.62348217
vt 0.40081614 0.62904739
vt 0.56880605 0.62771899
vt 0.39665756 0.63720155
vt 0.39990190 0.63902551
vt 0.52258170 0.62581950
vt 0.45105937 0.63198406
vt 0.43088755 0.63369274
vt 0.41144860 0.64411622
vt 0.51155835 0.63731641
vt 0.47837865 0.63896799
vt 0.46110889 0.64198017
vt 0.40525463 0.64360291
vt 0.53491074 0.63625348
vt 0.55755270 0.63316029
vt 0.55764228 0.62260526
vt 0.56369913 0.63226038
vt 0.45087305 0.64842629
vt 0.56990892 0.63706392
vt 0.42982030 0.65351832
vt 0.39777946 0.46932560
vt 0.39655244 0.45511425
vt 0.39895609 0.44525230
vt 0.40039676 0.47706735
vt 0.48666397 0.65409696
vt 0.45806932 0.65600801
vt 0.40104327 0.65020591
vt 0.55538547 0.65103853
vt 0.40651226 0.43393743
vt 0.39958459 0.43252456
vt 0.39652479 0.43836212
vt 0.41468704 0.66439527
vt 0.40819696 0.65975660
vt 0.56259662 0.64459318
vt 0.56497651 0.64631301
vt 0.57095927 0.65009505
vt 0.53126800 0.64877057
vt 0.43106139 0.66899049
vt 0.45210969 0.66281074
vt 0.56527787 0.65283448
vt 0.56898969 0.65821034
vt 0.41181245 0.67980480
vt 0.48518375 0.67088771
vt 0.50156891 0.66653848
vt 0.53624719 0.65968829
vt 0.57281131 0.66241324
vt 0.55936974 0.65841687
vt 0.56623471 0.66705084
vt 0.57256031 0.67026550
vt 0.57245815 0.63525999
vt 0.43873632 0.68078375
vt 0.39882794 0.66317868
vt 0.40189290 0.65933561
vt 0.40268108 0.66862631
vt 0.40371364 0.67844391
vt 0.46357703 0.68231720
vt 0.40052062 0.67946303
vt 0.55573690 0.66882145
vt 0.52860969 0.66656220
vt 0.56875682 0.44933891
vt 0.40479171 0.69172597
vt 0.39378148 0.47218835
vt 0.57221293 0.61045027
vt 0.44599307 0.42167836
vt 0.46985888 0.42298990
vt 0.42050245 0.42264980
vt 0.41359448 0.41626006
vt 0.40820906 0.41746843
vt 0.52615547 0.42873883
vt 0.51895505 0.42137307
vt 0.53437746 0.42141521
vt 0.56968606 0.43348026
vt 0.56225389 0.42001557
vt 0.56683785 0.42086595
vt 0.49169022 0.41348803
vt 0.43067616 0.39928699
vt 0.46563521 0.40635419
vt 0.51464540 0.41635609
vt 0.39638960 0.42089427
vt 0.40010703 0.41906750
vt 0.41382962 0.40180653
vt 0.52741790 0.40583390
vt 0.40626112 0.40416741
vt 0.40143016 0.40802264
vt 0.56663519 0.40640444
vt 0.54657066 0.40226781
vt 0.47772411 0.39223993
vt 0.45660558 0.38816786
vt 0.50223869 0.39518297
vt 0.41423121 0.38916004
vt 0.57504439 0.65238810
vt 0.56771940 0.67623228
vt 0.39746678 0.40873849
vt 0.40005553 0.39956439
vt 0.40220669 0.39637804
vt 0.43410611 0.37846518
vt 0.42138687 0.38549888
vt 0.41491067 0.37588966
vt 0.52961636 0.39259017
vt 0.57335246 0.41529244
vt 0.57273746 0.40120494
vt 0.49914014 0.38102108
vt 0.56569874 0.38968968
vt 0.54703879 0.38553500
vt 0.47526857 0.37648422
vt 0.47327939 0.38439953
vt 0.40129676 0.38747394
vt 0.57168198 0.38568783
vt 0.40472487 0.38827419
vt 0.40462342 0.37726909
vt 0.57504439 0.38142180
vt 0.56604153 0.82978988
vt 0.55571765 0.84061700
vt 0.54219532 0.82542437
vt 0.55275375 0.81470770
vt 0.53963226 0.84066516
vt 0.56777108 0.84210885
vt 0.55355573 0.85037047
vt 0.53356248 0.85711771
vt 0.54975504 0.86525869
vt 0.56309962 0.85713118
vt 0.53346217 0.86395186
vt 0.54453677 0.87309337
vt 0.56244057 0.87683684
vt 0.57058221 0.86477542
vt 0.57471222 0.85086584
vt 0.57310420 0.81959277
vt 0.58156484 0.83194506
vt 0.57630640 0.80245775
vt 0.56467950 0.79748118
vt 0.55203068 0.79399610
vt 0.54204303 0.80658895
vt 0.54266489 0.79040205
vt 0.54953259 0.88068330
vt 0.56045282 0.88676918
vt 0.58415133 0.79419142
vt 0.58112681 0.81025225
vt 0.57255185 0.87932032
vt 0.58188421 0.87289035
vt 0.57735354 0.88659048
vt 0.56558621 0.89979571
vt 0.54643869 0.89417231
vt 0.54359221 0.88544440
vt 0.57548130 0.77957612
vt 0.55436558 0.78857821
vt 0.58215368 0.76209933
vt 0.56725448 0.77027899
vt 0.55290836 0.76223737
vt 0.58733773 0.88084149
vt 0.54177827 0.77450210
vt 0.53155994 0.89816964
vt 0.56589097 0.76054084
vt 0.58627605 0.89419001
vt 0.58998746 0.77618510
vt 0.59177864 0.83599067
vt 0.57172197 0.90281284
vt 0.58199567 0.90332073
vt 0.59668541 0.89018029
vt 0.59363061 0.86643034
vt 0.53234494 0.87733203
vt 0.53010130 0.81552321
vt 0.53440964 0.76586097
vt 0.59986913 0.84284878
vt 0.59405935 0.89944565
vt 0.59936070 0.90596968
vt 0.54484278 0.90292907
vt 0.55853158 0.90566754
vt 0.59043807 0.75996864
vt 0.59043521 0.81036395
vt 0.59335065 0.79759330
vt 0.60060996 0.76940852
vt 0.59982556 0.75375831
vt 0.57546371 0.75227255
vt 0.56403923 0.75228441
vt 0.56955540 0.74867702
vt 0.58583254 0.75812757
vt 0.58801419 0.74863690
vt 0.53179824 0.78715217
vt 0.52976441 0.83079225
vt 0.54101336 0.75855541
vt 0.52558726 0.80580258
vt 0.51867020 0.84831923
vt 0.52418816 0.88939148
vt 0.52677017 0.75260860
vt 0.53601962 0.74894589
vt 0.54533368 0.74853927
vt 0.55307567 0.75673556
vt 0.55553460 0.75189900
vt 0.51946175 0.86787093
vt 0.51795483 0.82138044
vt 0.52111739 0.77521116
vt 0.51477975 0.88226962
vt 0.60644913 0.79280514
vt 0.60833210 0.77752119
vt 0.61104047 0.76173520
vt 0.60540307 0.88178945
vt 0.60008973 0.74799520
vt 0.61240768 0.75130653
vt 0.60520011 0.81888014
vt 0.60418719 0.80453426
vt 0.60581881 0.86333740
vt 0.56270963 0.74348736
vt 0.51697892 0.90274733
vt 0.51370329 0.76560885
vt 0.51685977 0.84185898
vt 0.51566559 0.78495389
vt 0.51301730 0.87287831
vt 0.53091121 0.90606123
vt 0.51019555 0.79561067
vt 0.61216384 0.79737711
vt 0.61422706 0.81592441
vt 0.51464379 0.75967252
vt 0.50447446 0.80950934
vt 0.51231742 0.85696441
vt 0.50498700 0.77638352
vt 0.50090110 0.79281884
vt 0.50958151 0.88867950
vt 0.50026417 0.89483750
vt 0.50413799 0.83276725
vt 0.50437468 0.85158694
vt 0.51376569 0.74913245
vt 0.49586663 0.76245761
vt 0.60026717 0.88836962
vt 0.61539996 0.89711189
vt 0.61700624 0.84805816
vt 0.61633354 0.87467921
vt 0.61570454 0.90582681
vt 0.61896545 0.78168857
vt 0.49840668 0.75113773
vt 0.49069729 0.88380367
vt 0.50276881 0.90447235
vt 0.49319762 0.86616975
vt 0.48900309 0.87712669
vt 0.52650523 0.74326092
vt 0.55265749 0.74282068
vt 0.49109501 0.77634138
vt 0.51738638 0.74374968
vt 0.49052697 0.85401225
vt 0.49224746 0.83650136
vt 0.48936179 0.80821818
vt 0.49090597 0.82101959
vt 0.48089138 0.89278865
vt 0.48503786 0.79905730
vt 0.48817566 0.90192109
vt 0.47825071 0.90298057
vt 0.49655011 0.90183061
vt 0.50062156 0.74322510
vt 0.47694215 0.86758691
vt 0.47371000 0.85520399
vt 0.47244489 0.88026792
vt 0.49296525 0.74466747
vt 0.48020741 0.83592755
vt 0.47683221 0.84744394
vt 0.48084971 0.82289577
vt 0.48509172 0.74999005
vt 0.48681799 0.76419646
vt 0.47422716 0.76925057
vt 0.47990420 0.78306359
vt 0.46902347 0.87362081
vt 0.56650156 0.91380525
vt 0.58392876 0.91030461
vt 0.59179723 0.91378021
vt 0.58582991 0.91692680
vt 0.56905401 0.91748255
vt 0.55573195 0.91632277
vt 0.54631996 0.91041076
vt 0.53911507 0.91381824
vt 0.52831489 0.91255474
vt 0.60381085 0.91770464
vt 0.61367428 0.91340721
vt 0.61255294 0.74459821
vt 0.52181560 0.91115040
vt 0.51655072 0.91491634
vt 0.50592929 0.91148317
vt 0.47149256 0.79741853
vt 0.46547905 0.80992544
vt 0.46574378 0.82431275
vt 0.45795533 0.89605713
vt 0.47378349 0.76411378
vt 0.47616920 0.75555187
vt 0.46165356 0.85239422
vt 0.46066198 0.83370697
vt 0.45603907 0.87619406
vt 0.46923128 0.90084589
vt 0.54707098 0.74132454
vt 0.56480014 0.74085259
vt 0.49591076 0.91245496
vt 0.48548886 0.91113293
vt 0.48908988 0.91463929
vt 0.45750034 0.90275395
vt 0.62778455 0.88431114
vt 0.62582862 0.82539320
vt 0.62666082 0.80315161
vt 0.62068355 0.91616029
vt 0.47690275 0.90917784
vt 0.46986115 0.91145992
vt 0.53439695 0.91770464
vt 0.48216173 0.74104756
vt 0.47140795 0.74564409
vt 0.62003249 0.76018518
vt 0.63663530 0.89712971
vt 0.62037712 0.90080744
vt 0.62490034 0.90991414
vt 0.63980871 0.90364349
vt 0.64170980 0.91207486
vt 0.62224799 0.75384158
vt 0.62744111 0.84006256
vt 0.64155251 0.82607663
vt 0.63722479 0.85801047
vt 0.63662744 0.86836690
vt 0.63751608 0.79845387
vt 0.63257462 0.77375764
vt 0.62532377 0.74451780
vt 0.62883389 0.74845266
vt 0.64454293 0.84381163
vt 0.64599609 0.88356477
vt 0.64178491 0.91532087
vt 0.63559812 0.75389457
vt 0.59539706 0.74220246
vt 0.57532984 0.74108243
vt 0.63684356 0.75906867
vt 0.65465486 0.86598027
vt 0.50292343 0.91722310
vt 0.65183353 0.74850166
vt 0.64410597 0.74429744
vt 0.65471709 0.88969755
vt 0.65282822 0.90040147
vt 0.64736754 0.79749143
vt 0.65024549 0.76223874
vt 0.65855837 0.91339850
vt 0.65326673 0.91097075
vt 0.65789580 0.84696305
vt 0.65621895 0.82522714
vt 0.66958243 0.85722750
vt 0.66005695 0.87679631
vt 0.66559273 0.90092599
vt 0.65594006 0.75700116
vt 0.67413968 0.88653946
vt 0.67834383 0.87642127
vt 0.67759734 0.81292039
vt 0.66561872 0.78675073
vt 0.60281223 0.74065834
vt 0.65428507 0.74112141
vt 0.67071760 0.77509826
vt 0.67934364 0.79518545
vt 0.66475964 0.75876325
vt 0.67402375 0.84008968
vt 0.67556715 0.81969082
vt 0.68299931 0.83381277
vt 0.68065155 0.86001509
vt 0.68595582 0.82008386
vt 0.67079616 0.74714816
vt 0.67461383 0.74435872
vt 0.68242663 0.89763749
vt 0.68872750 0.88362432
vt 0.67182910 0.90966266
vt 0.67437357 0.91287231
vt 0.69343442 0.90010041
vt 0.68682587 0.91169471
vt 0.68347794 0.90875846
vt 0.68093950 0.90458715
vt 0.68735331 0.77439934
vt 0.68200946 0.75964886
vt 0.68702930 0.75092292
vt 0.69516873 0.87191492
vt 0.69211084 0.85958743
vt 0.69909221 0.90766585
vt 0.69245481 0.83485866
vt 0.70226240 0.89486563
vt 0.69341898 0.80310589
vt 0.70893431 0.90215635
vt 0.69029534 0.76404625
vt 0.69479340 0.75075263
vt 0.68970382 0.74166727
vt 0.70165366 0.82667595
vt 0.69989264 0.74224049
vt 0.70216107 0.78438658
vt 0.71329921 0.90942717
vt 0.71001148 0.90641773
vt 0.69869685 0.76551312
vt 0.70487410 0.83679938
vt 0.71717739 0.87919003
vt 0.71717423 0.89366037
vt 0.70916045 0.86421871
vt 0.70682204 0.80584729
vt 0.70726180 0.74551547
vt 0.47074875 0.91508394
vt 0.72425604 0.90545362
vt 0.72985578 0.90315050
vt 0.72041059 0.83875877
vt 0.72238898 0.85680497
vt 0.71076608 0.76536101
vt 0.70962077 0.75194639
vt 0.72873515 0.89279747
vt 0.71691567 0.81566978
vt 0.71870130 0.78479141
vt 0.73604786 0.87084526
vt 0.74095619 0.89462566
vt 0.73678148 0.85114580
vt 0.72832710 0.83119845
vt 0.72480738 0.80592644
vt 0.71780813 0.76572412
vt 0.71821433 0.75498819
vt 0.72152001 0.75220317
vt 0.74615192 0.83704531
vt 0.74615133 0.87948275
vt 0.75257277 0.89474303
vt 0.72150981 0.74238443
vt 0.74698955 0.90210485
vt 0.73717815 0.90644896
vt 0.75052571 0.90471256
vt 0.73757583 0.81704253
vt 0.75266433 0.86874306
vt 0.46306705 0.90876371
vt 0.45840737 0.91241401
vt 0.92939341 0.23853403
vt 0.92134571 0.22786087
vt 0.90887725 0.23398137
vt 0.94390899 0.22610271
vt 0.93378377 0.21067756
vt 0.95491183 0.20844597
vt 0.95859182 0.22049701
vt 0.91497356 0.21425146
vt 0.94161361 0.20153904
vt 0.96619141 0.21158266
vt 0.89295018 0.22489035
vt 0.89305568 0.21479195
vt 0.87674481 0.21675634
vt 0.87669659 0.22722375
vt 0.88753998 0.23839700
vt 0.85967255 0.21234113
vt 0.84857231 0.22119445
vt 0.86164218 0.23429513
vt 0.95187330 0.23633653
vt 0.84399557 0.22487611
vt 0.97591716 0.20966512
vt 0.98275352 0.19775128
vt 0.98438758 0.20858759
vt 0.98504174 0.22485983
vt 0.96079421 0.19177955
vt 0.97698402 0.18929142
vt 0.98662800 0.18183541
vt 0.90115428 0.20199454
vt 0.91914856 0.19788903
vt 0.92876017 0.19566935
vt 0.87757021 0.19963497
vt 0.85530853 0.19049215
vt 0.88861388 0.18807817
vt 0.88829666 0.20211768
vt 0.90827417 0.18747276
vt 0.84827220 0.19960880
vt 0.84427643 0.20821673
vt 0.87261605 0.17879373
vt 0.89427394 0.17642385
vt 0.95277113 0.17692542
vt 0.96523488 0.17652702
vt 0.84985018 0.17756760
vt 0.91765207 0.17896020
vt 0.93785232 0.18610913
vt 0.97826225 0.17340326
vt 0.94055438 0.17303419
vt 0.92196858 0.16978502
vt 0.90593779 0.16247422
vt 0.98597050 0.17228413
vt 0.84403938 0.18739152
vt 0.87816656 0.16440600
vt 0.89130813 0.16520143
vt 0.86155474 0.16636109
vt 0.96941966 0.16347551
vt 0.97971445 0.15908241
vt 0.94832748 0.16066712
vt 0.99590534 0.18995506
vt 0.99028879 0.19408572
vt 0.99825960 0.20807993
vt 0.99482685 0.16333061
vt 0.98737407 0.15981907
vt 0.98890603 0.15053576
vt 0.99632740 0.14588130
vt 0.92377156 0.15375924
vt 0.85007983 0.16710919
vt 0.98168135 0.23228818
vt 0.90256262 0.24873453
vt 0.98729479 0.19775474
vt 0.91780037 0.25155473
vt 0.96935070 0.23745775
vt 0.84482586 0.23658001
vt 0.85573238 0.24967527
vt 0.84419471 0.25149393
vt 0.87965631 0.25159872
vt 0.99248767 0.20866346
vt 0.84408993 0.17543375
vt 0.99754512 0.21890068
vt 0.96374512 0.15128809
vt 0.94937402 0.14821953
vt 0.89961040 0.14826691
vt 0.85315287 0.15279973
vt 0.98241311 0.14790618
vt 0.87752837 0.14957917
vt 0.88488638 0.15252829
vt 0.84244317 0.14584219
vt 0.91263431 0.13872838
vt 0.93364817 0.13932693
vt 0.88277709 0.13969165
vt 0.87066060 0.13636875
vt 0.85076457 0.14155096
vt 0.95678037 0.13605517
vt 0.88144690 0.12847167
vt 0.89822948 0.12783289
vt 0.91522640 0.12764841
vt 0.97916371 0.13685286
vt 0.86459637 0.11710954
vt 0.85552227 0.12173730
vt 0.99445230 0.13641733
vt 0.84566486 0.12814808
vt 0.84073573 0.12945193
vt 0.84099376 0.13809854
vt 0.93466830 0.12305409
vt 0.91855609 0.11507219
vt 0.94553477 0.12421465
vt 0.91194785 0.11328006
vt 0.98675203 0.13710988
vt 0.98974305 0.12706101
vt 0.99417835 0.12562627
vt 0.89426649 0.11283934
vt 0.88493097 0.11447084
vt 0.87436450 0.12104011
vt 0.96670169 0.12159967
vt 0.84587276 0.11266947
vt 0.87401521 0.11260056
vt 0.97451949 0.12043518
vt 0.98183167 0.11973351
vt 0.98334825 0.13074934
vt 0.94044530 0.10582441
vt 0.96072662 0.10960692
vt 0.91972053 0.09663039
vt 0.88312835 0.10310704
vt 0.89402306 0.10231733
vt 0.98872674 0.11617398
vt 0.99656880 0.12262660
vt 0.99328160 0.11778492
vt 0.90693861 0.09503835
vt 0.98163468 0.11016405
vt 0.97746015 0.09896153
vt 0.98133963 0.09582067
vt 0.95148867 0.09316683
vt 0.92984742 0.08868772
vt 0.86376083 0.10143113
vt 0.84350741 0.10209662
vt 0.99286038 0.11065716
vt 0.84291196 0.11858928
vt 0.87320191 0.10127729
vt 0.99294680 0.22395897
vt 0.98463845 0.23873353
vt 0.97749627 0.26018375
vt 0.98484820 0.25058746
vt 0.95821637 0.24826676
vt 0.99236065 0.23372883
vt 0.93506122 0.26173514
vt 0.99795407 0.22935176
vt 0.89132488 0.26338989
vt 0.99892437 0.23727298
vt 0.96005970 0.26448345
vt 0.98519653 0.26182479
vt 0.86061132 0.26687205
vt 0.84352821 0.27277064
vt 0.96336448 0.25838876
vt 0.87896472 0.26698959
vt 0.84160268 0.23920119
vt 0.84119540 0.22961980
vt 0.91070050 0.27583706
vt 0.93852890 0.27463281
vt 0.96909982 0.27568495
vt 0.98406124 0.27489799
vt 0.92783087 0.27995372
vt 0.99186713 0.24243164
vt 0.99955595 0.25070214
vt 0.95443946 0.28244644
vt 0.89025480 0.27837372
vt 0.87239701 0.28317523
vt 0.85663605 0.28146338
vt 0.97563690 0.29537666
vt 0.98410648 0.28689313
vt 0.98365831 0.30140090
vt 0.91755551 0.29140258
vt 0.89640707 0.28724754
vt 0.99885291 0.26178122
vt 0.99160522 0.26345813
vt 0.99899679 0.27227652
vt 0.94461107 0.29118884
vt 0.95906156 0.30333710
vt 0.96760440 0.30773950
vt 0.98014581 0.31078559
vt 0.84289706 0.28329778
vt 0.87992394 0.30300403
vt 0.98368084 0.32321852
vt 0.92391074 0.30924869
vt 0.94928324 0.30835962
vt 0.84262347 0.29674292
vt 0.84694499 0.30973148
vt 0.87444621 0.30921489
vt 0.90037578 0.30109447
vt 0.92003298 0.31466389
vt 0.83917886 0.29503322
vt 0.84036177 0.30435824
vt 0.84052950 0.31283200
vt 0.99910671 0.28318751
vt 0.99254560 0.28749883
vt 0.99202925 0.29726189
vt 0.99800795 0.29384589
vt 0.99747515 0.30399108
vt 0.99190062 0.30970854
vt 0.99742818 0.31329572
vt 0.88371551 0.31987703
vt 0.96302617 0.32481796
vt 0.90024352 0.32458103
vt 0.97968882 0.32828754
vt 0.86141109 0.32441932
vt 0.84308410 0.31995070
vt 0.92589217 0.32382298
vt 0.83993489 0.26507401
vt 0.84075946 0.25611186
vt 0.89091980 0.33265120
vt 0.91202068 0.33941281
vt 0.83792186 0.28133452
vt 0.95860028 0.33536160
vt 0.93371731 0.33631802
vt 0.98015416 0.33899528
vt 0.83911437 0.15539289
vt 0.84246880 0.10499495
vt 0.98736042 0.10195237
vt 0.99381226 0.09880185
vt 0.95915514 0.08403355
vt 0.97986197 0.08658826
vt 0.97869831 0.07683676
vt 0.88255072 0.09130156
vt 0.99886352 0.17216092
vt 0.99955595 0.19148839
vt 0.86197186 0.08705318
vt 0.91641122 0.08192468
vt 0.89108491 0.07750964
vt 0.88537163 0.08162391
vt 0.94464737 0.07208943
vt 0.87320876 0.08534884
vt 0.87356240 0.09155309
vt 0.96016347 0.06587332
vt 0.92653048 0.07258391
vt 0.98598838 0.08534265
vt 0.84200758 0.08845270
vt 0.99235356 0.08130950
vt 0.98770136 0.07504725
vt 0.87621993 0.07276779
vt 0.86065608 0.07501000
vt 0.91485769 0.07039803
vt 0.99048406 0.06850523
vt 0.93940771 0.06179237
vt 0.97260791 0.05305707
vt 0.97788489 0.05982375
vt 0.84250927 0.07151896
vt 0.83988136 0.08111435
vt 0.95890468 0.05266571
vt 0.98491573 0.06108612
vt 0.98341328 0.04848754
vt 0.98938745 0.05531579
vt 0.99581212 0.32449079
vt 0.98890775 0.33228898
vt 0.99526864 0.33391362
vt 0.83942139 0.27144140
vt 0.29182473 0.77179044
vt 0.30197847 0.76154971
vt 0.29626492 0.78124458
vt 0.29453701 0.74563819
vt 0.30882722 0.74714357
vt 0.31530485 0.76648736
vt 0.32263330 0.77584386
vt 0.31894004 0.75699937
vt 0.30578917 0.79441959
vt 0.29551372 0.80262017
vt 0.30932102 0.81749141
vt 0.31787395 0.80561233
vt 0.32494998 0.79337972
vt 0.32923231 0.75341350
vt 0.32179821 0.74248034
vt 0.31427276 0.73069167
vt 0.31672925 0.71261024
vt 0.32394084 0.72404313
vt 0.33116797 0.73567903
vt 0.33326772 0.77722663
vt 0.33307257 0.71857280
vt 0.32924092 0.82639819
vt 0.33229882 0.80734164
vt 0.31863999 0.83776796
vt 0.32628107 0.84750581
vt 0.30827075 0.84707892
vt 0.34421188 0.72656602
vt 0.34656614 0.71070099
vt 0.34328270 0.84912139
vt 0.29376420 0.82775962
vt 0.29408249 0.84649593
vt 0.34304446 0.79150444
vt 0.33806518 0.70525914
vt 0.35176647 0.74011701
vt 0.34672284 0.76578867
vt 0.35647300 0.72482735
vt 0.34115914 0.83095264
vt 0.34662214 0.81805450
vt 0.35497794 0.82946104
vt 0.35390234 0.71101505
vt 0.32641727 0.70158106
vt 0.35028970 0.70058048
vt 0.35821712 0.80687606
vt 0.35673347 0.78240383
vt 0.37014058 0.71986032
vt 0.37089503 0.74000657
vt 0.35856324 0.76369923
vt 0.35709763 0.85009176
vt 0.36311072 0.75355077
vt 0.36934617 0.70254385
vt 0.29670680 0.70458198
vt 0.29722309 0.71231943
vt 0.29135886 0.72833955
vt 0.28513241 0.80984670
vt 0.28244349 0.84617394
vt 0.28439450 0.78864837
vt 0.35962537 0.69500434
vt 0.37227863 0.81537324
vt 0.28231746 0.75450480
vt 0.28155816 0.73283386
vt 0.36846489 0.83409649
vt 0.37289712 0.76347584
vt 0.36897713 0.75292814
vt 0.38179719 0.75853181
vt 0.38033769 0.78735453
vt 0.38676739 0.74512607
vt 0.38433737 0.72657210
vt 0.36511010 0.78850776
vt 0.37652034 0.70794940
vt 0.33694777 0.86110353
vt 0.31710562 0.85698301
vt 0.33047578 0.86452913
vt 0.31659374 0.86351287
vt 0.30085713 0.86280119
vt 0.29752618 0.85780787
vt 0.28686497 0.86293143
vt 0.30011395 0.85217804
vt 0.35588011 0.85918158
vt 0.28129601 0.85656512
vt 0.37180465 0.69426155
vt 0.37837452 0.70094198
vt 0.39244094 0.70807213
vt 0.34294623 0.69426131
vt 0.34642729 0.86617792
vt 0.36429504 0.86400414
vt 0.37910289 0.85974252
vt 0.38098633 0.86462802
vt 0.37621304 0.85204953
vt 0.38120753 0.83827597
vt 0.38714617 0.80215114
vt 0.39149252 0.81139112
vt 0.38331726 0.69719100
vt 0.38151088 0.69331884
vt 0.39916858 0.72328919
vt 0.39571494 0.76777250
vt 0.39993882 0.74730504
vt 0.32840759 0.69218391
vt 0.31635010 0.69603336
vt 0.30766836 0.69266856
vt 0.40346143 0.70615822
vt 0.38972238 0.85058194
vt 0.39348653 0.69697589
vt 0.38996542 0.85779357
vt 0.28415579 0.70604259
vt 0.27300817 0.71589720
vt 0.27016470 0.86062628
vt 0.30343708 0.69907176
vt 0.29758304 0.69177014
vt 0.40122312 0.83273607
vt 0.35570607 0.69237506
vt 0.41409481 0.76537842
vt 0.40859070 0.80173784
vt 0.40895432 0.81845963
vt 0.39931995 0.84944522
vt 0.40273729 0.86663026
vt 0.40895629 0.86114377
vt 0.41259032 0.73583090
vt 0.41270927 0.71743619
vt 0.42444947 0.75014007
vt 0.29134324 0.69199973
vt 0.27231821 0.70389253
vt 0.27446046 0.81057227
vt 0.27298030 0.79105037
vt 0.27609271 0.83195192
vt 0.27136171 0.84566969
vt 0.27320248 0.76579499
vt 0.27962384 0.69173735
vt 0.28673086 0.69147551
vt 0.27219659 0.73981780
vt 0.39456254 0.69419992
vt 0.40577269 0.69892401
vt 0.41867644 0.70753014
vt 0.26176867 0.82255638
vt 0.26116857 0.74965733
vt 0.26582617 0.69162321
vt 0.27274764 0.69109142
vt 0.26427907 0.80050462
vt 0.26150724 0.85643888
vt 0.26293752 0.76827753
vt 0.42770156 0.73380309
vt 0.41023406 0.85052520
vt 0.41822019 0.70031607
vt 0.40718186 0.69583422
vt 0.41404238 0.83871192
vt 0.42654344 0.76619738
vt 0.41878274 0.79023886
vt 0.41714564 0.86628640
vt 0.42340055 0.69762605
vt 0.30864915 0.68985260
vt 0.43664661 0.72501546
vt 0.43439934 0.70859838
vt 0.42604318 0.80603290
vt 0.42339593 0.82596421
vt 0.41953769 0.85119003
vt 0.42801788 0.70165545
vt 0.39115351 0.86861193
vt 0.43027222 0.78765577
vt 0.25656226 0.71124613
vt 0.25014415 0.70538497
vt 0.25575596 0.72702175
vt 0.25903609 0.86266142
vt 0.25779334 0.84509736
vt 0.26711288 0.86466998
vt 0.34090048 0.69041830
vt 0.25395465 0.69677055
vt 0.37446770 0.86877227
vt 0.24302982 0.72077399
vt 0.25117880 0.76600581
vt 0.24240920 0.74938262
vt 0.43898532 0.69971830
vt 0.44182947 0.70309430
vt 0.42981073 0.86444157
vt 0.43170601 0.85481668
vt 0.43889767 0.75468171
vt 0.44140729 0.82337421
vt 0.43544596 0.85268265
vt 0.44016975 0.80139524
vt 0.23855181 0.69842267
vt 0.24980339 0.79804778
vt 0.28604811 0.68880022
vt 0.29178140 0.68943536
vt 0.24535167 0.81761396
vt 0.24616647 0.84486121
vt 0.24104762 0.86272138
vt 0.24699803 0.85532087
vt 0.23953681 0.84403521
vt 0.22954366 0.73072660
vt 0.22326340 0.70816749
vt 0.22087924 0.71716160
vt 0.22168972 0.86195880
vt 0.22676556 0.84430200
vt 0.23416956 0.76732147
vt 0.23217393 0.78996122
vt 0.26192904 0.69142163
vt 0.24349906 0.69267446
vt 0.22415346 0.69871801
vt 0.22754091 0.81864369
vt 0.22152579 0.74869472
vt 0.21738893 0.73319978
vt 0.21150899 0.69616461
vt 0.20547390 0.70661461
vt 0.20486803 0.72282749
vt 0.22791579 0.69285649
vt 0.23759678 0.68952441
vt 0.24841712 0.68891388
vt 0.25664446 0.69082320
vt 0.21433108 0.79579902
vt 0.21161802 0.76390052
vt 0.21586384 0.84396625
vt 0.20487539 0.79846650
vt 0.28789523 0.86562532
vt 0.20345823 0.76879394
vt 0.19938813 0.74796313
vt 0.20869759 0.85997254
vt 0.28018594 0.68941236
vt 0.19228612 0.71844083
vt 0.19428247 0.70455396
vt 0.19230267 0.72916996
vt 0.19871116 0.82265228
vt 0.20459865 0.84515035
vt 0.20505248 0.85016757
vt 0.19283557 0.69364482
vt 0.23731978 0.86535531
vt 0.21152514 0.86561775
vt 0.19801085 0.86154467
vt 0.19335699 0.86622345
vt 0.18627037 0.86419421
vt 0.19425519 0.79449862
vt 0.19216199 0.77018058
vt 0.18749517 0.75031036
vt 0.18815963 0.85631979
vt 0.18051630 0.85907906
vt 0.20445099 0.69280338
vt 0.21490762 0.68917924
vt 0.19982357 0.69056183
vt 0.18038777 0.70278901
vt 0.26573437 0.68826675
vt 0.26241210 0.68929225
vt 0.18565445 0.82962656
vt 0.18068539 0.80608380
vt 0.18583660 0.84574580
vt 0.17994852 0.71680146
vt 0.17694728 0.73440868
vt 0.21742401 0.69302434
vt 0.22203086 0.68927276
vt 0.23032218 0.68872941
vt 0.18397216 0.69349486
vt 0.18410350 0.69068354
vt 0.19364098 0.68997532
vt 0.31466472 0.86652070
vt 0.17857566 0.86635256
vt 0.16621004 0.70279717
vt 0.25760609 0.68816727
vt 0.17365746 0.76700914
vt 0.16959317 0.86291170
vt 0.17214240 0.69125277
vt 0.16690570 0.69441700
vt 0.16996501 0.74887353
vt 0.16840398 0.71694791
vt 0.17179097 0.82930964
vt 0.16692093 0.84631503
vt 0.15726350 0.72273362
vt 0.16887519 0.80106556
vt 0.16336556 0.77017373
vt 0.16046162 0.74814314
vt 0.16234915 0.82294530
vt 0.14995621 0.70861787
vt 0.15454745 0.69528484
vt 0.15384457 0.79837716
vt 0.15348180 0.77571231
vt 0.14721179 0.75568271
vt 0.14147224 0.73136497
vt 0.14815317 0.84932059
vt 0.15106329 0.81653327
vt 0.14203693 0.82262337
vt 0.13946322 0.77891511
vt 0.13778068 0.79584032
vt 0.16339979 0.84874237
vt 0.16653121 0.85962820
vt 0.13550234 0.70497286
vt 0.14548919 0.69547945
vt 0.14874351 0.69241202
vt 0.16423233 0.69119895
vt 0.17124489 0.86877227
vt 0.15908743 0.86585528
vt 0.15676637 0.86043793
vt 0.15140049 0.86589253
vt 0.13277087 0.69322950
vt 0.32555842 0.68866879
vt 0.65738028 0.65346891
vt 0.65599459 0.63704866
vt 0.63893962 0.65271330
vt 0.67920607 0.64298040
vt 0.67622453 0.65289199
vt 0.64226419 0.64383829
vt 0.63280445 0.64250100
vt 0.62641799 0.65126586
vt 0.69060451 0.64191931
vt 0.70802546 0.65309626
vt 0.70625329 0.64161450
vt 0.72583109 0.64242899
vt 0.72815990 0.65379542
vt 0.69890821 0.67006350
vt 0.68190783 0.66983247
vt 0.63432860 0.66005284
vt 0.64455318 0.66994339
vt 0.62916350 0.67032462
vt 0.66466761 0.66266865
vt 0.66698939 0.67059797
vt 0.71495473 0.66067922
vt 0.61451358 0.66429222
vt 0.62721878 0.68350327
vt 0.65687150 0.68739653
vt 0.65869945 0.67917949
vt 0.66783607 0.68462849
vt 0.68605018 0.68309206
vt 0.61071092 0.68081838
vt 0.71084625 0.67176801
vt 0.59978932 0.65994984
vt 0.61811519 0.65287167
vt 0.72871053 0.67361808
vt 0.73895329 0.66565657
vt 0.73983628 0.67793268
vt 0.70063078 0.68782663
vt 0.70588940 0.67869049
vt 0.70975661 0.68796659
vt 0.64056957 0.69794607
vt 0.62558407 0.69627178
vt 0.73060519 0.68507951
vt 0.74290109 0.68569523
vt 0.72601396 0.69220805
vt 0.73618817 0.69939303
vt 0.61524147 0.69223827
vt 0.61769021 0.69634008
vt 0.60683519 0.68954587
vt 0.60121155 0.69893557
vt 0.70891964 0.70432550
vt 0.74643010 0.69886065
vt 0.74480873 0.70524442
vt 0.66933364 0.70171070
vt 0.68479985 0.70094949
vt 0.60134286 0.68448776
vt 0.59990960 0.67097408
vt 0.61398697 0.64265227
vt 0.61877042 0.64540476
vt 0.74152952 0.64537251
vt 0.74091750 0.65773177
vt 0.62012821 0.70425439
vt 0.64264780 0.62988842
vt 0.60291654 0.63892400
vt 0.74120867 0.63715553
vt 0.73168850 0.62946182
vt 0.62132597 0.63511181
vt 0.62273937 0.64768434
vt 0.71027577 0.62838233
vt 0.69236934 0.62840700
vt 0.66803551 0.62780857
vt 0.68818933 0.71565157
vt 0.66081649 0.71207684
vt 0.63979065 0.71397698
vt 0.65205592 0.72180390
vt 0.66628122 0.71812528
vt 0.60880160 0.71971691
vt 0.62532884 0.71438104
vt 0.60117584 0.71196371
vt 0.73288786 0.71357787
vt 0.71883893 0.72081262
vt 0.70485580 0.72230750
vt 0.59813762 0.64982086
vt 0.59677768 0.63724548
vt 0.60161775 0.72255242
vt 0.66551661 0.73327559
vt 0.68955493 0.73178405
vt 0.74104965 0.72890627
vt 0.74476981 0.72075504
vt 0.61537218 0.72782546
vt 0.60205102 0.73140198
vt 0.62886810 0.72726715
vt 0.65576237 0.73416626
vt 0.64305061 0.73381233
vt 0.62709898 0.73976868
vt 0.72475821 0.61558384
vt 0.62358147 0.62383938
vt 0.61865807 0.61915427
vt 0.63685268 0.61392623
vt 0.74091643 0.61736834
vt 0.73971617 0.62783921
vt 0.59965336 0.62270564
vt 0.69824564 0.61471033
vt 0.66833657 0.61586839
vt 0.59953892 0.60795003
vt 0.59895390 0.62795490
vt 0.64906538 0.61154658
vt 0.65492749 0.59844428
vt 0.63578945 0.60163099
vt 0.61688650 0.60685515
vt 0.69391191 0.60597432
vt 0.70898271 0.60319602
vt 0.67667508 0.59499288
vt 0.74134958 0.60838240
vt 0.74427378 0.67729431
vt 0.72568065 0.59381008
vt 0.66227049 0.58786345
vt 0.63286364 0.59058869
vt 0.70949912 0.58660048
vt 0.69420528 0.59601957
vt 0.61437136 0.58999825
vt 0.59958154 0.59700364
vt 0.69422913 0.58261478
vt 0.67350882 0.57832980
vt 0.73619467 0.59109062
vt 0.73673064 0.57907194
vt 0.72355741 0.57677323
vt 0.63303781 0.57556844
vt 0.62111682 0.57608837
vt 0.65793967 0.58044839
vt 0.73980117 0.58385903
vt 0.60394567 0.58373904
vt 0.59802032 0.58714974
vt 0.73936558 0.59454769
vt 0.66127491 0.57229906
vt 0.71412855 0.57122272
vt 0.64853680 0.56602472
vt 0.63469923 0.55917269
vt 0.69565874 0.56707633
vt 0.67950606 0.56591731
vt 0.61198956 0.56672066
vt 0.60017985 0.56388980
vt 0.59945142 0.58189404
vt 0.61149693 0.55221754
vt 0.60015565 0.54740250
vt 0.74046683 0.56679183
vt 0.67463207 0.55451268
vt 0.58763593 0.64036185
vt 0.58847088 0.64818782
vt 0.59444344 0.65568513
vt 0.58658969 0.64465898
vt 0.58713859 0.65691859
vt 0.58816755 0.66059089
vt 0.58769929 0.66535878
vt 0.59488237 0.66693056
vt 0.58796316 0.67292953
vt 0.59516686 0.67926633
vt 0.58746928 0.67700201
vt 0.58983433 0.68218291
vt 0.59600365 0.69133395
vt 0.58812112 0.68827766
vt 0.58832002 0.69572711
vt 0.58884007 0.70175570
vt 0.59621185 0.70664150
vt 0.58873582 0.70989913
vt 0.58736676 0.63128674
vt 0.58744943 0.62384981
vt 0.59083802 0.62181580
vt 0.58786970 0.61648977
vt 0.59504396 0.61003381
vt 0.58868355 0.61093366
vt 0.58871955 0.60327321
vt 0.64258915 0.55231237
vt 0.71596569 0.55628139
vt 0.62778318 0.55135220
vt 0.70311069 0.54941720
vt 0.59335554 0.55472398
vt 0.74135107 0.55933899
vt 0.65073198 0.54617941
vt 0.59121931 0.71631533
vt 0.59686291 0.72003084
vt 0.58932763 0.72292697
vt 0.59752446 0.73393571
vt 0.58969665 0.72973597
vt 0.69382441 0.54342425
vt 0.73005438 0.54503125
vt 0.71771741 0.54476148
vt 0.59402198 0.54362410
vt 0.63640273 0.54046774
vt 0.67068857 0.54243380
vt 0.74226975 0.54795575
vt 0.74306744 0.56836981
vt 0.59466708 0.53726804
vt 0.74623805 0.68958706
vt 0.60890746 0.54077482
vt 0.59179318 0.58716887
vt 0.74733567 0.70523268
vt 0.58827895 0.59440446
vt 0.74202025 0.66770148
vt 0.74003607 0.54197282
vt 0.73452032 0.53337365
vt 0.70236516 0.53532934
vt 0.58800203 0.58447111
vt 0.59615362 0.57582396
vt 0.59193730 0.57114065
vt 0.58800715 0.58183557
vt 0.58804351 0.56790167
vt 0.67864364 0.52916604
vt 0.67113912 0.53342867
vt 0.64533699 0.52939445
vt 0.58856559 0.56026918
vt 0.58805817 0.54813701
vt 0.58951950 0.54105496
vt 0.61520177 0.53204376
vt 0.66300666 0.51864737
vt 0.60147721 0.53335232
vt 0.61712420 0.51575744
vt 0.60380423 0.52303469
vt 0.59926319 0.52568209
vt 0.63033903 0.52449238
vt 0.60553247 0.51005918
vt 0.71874613 0.51789212
vt 0.58855504 0.55521661
vt 0.64152688 0.51218116
vt 0.59483516 0.52840024
vt 0.59099334 0.52441132
vt 0.68480343 0.52073294
vt 0.70302129 0.51621675
vt 0.60248697 0.51170743
vt 0.60422564 0.49867445
vt 0.62002236 0.49963224
vt 0.72827047 0.51176661
vt 0.65993994 0.50639021
vt 0.59566092 0.50939572
vt 0.59181565 0.50324780
vt 0.68710518 0.50670105
vt 0.73910517 0.52146071
vt 0.74263132 0.53239542
vt 0.73868018 0.50613070
vt 0.70304430 0.50177896
vt 0.64247966 0.50079072
vt 0.74234724 0.49814135
vt 0.64108872 0.49172258
vt 0.61730987 0.48773509
vt 0.60600871 0.48994446
vt 0.60217291 0.48338503
vt 0.74269205 0.50520003
vt 0.65540045 0.49480736
vt 0.59263557 0.48944044
vt 0.68439633 0.48940849
vt 0.66201693 0.48147392
vt 0.64942592 0.47937953
vt 0.72845232 0.48564434
vt 0.74055588 0.48311538
vt 0.74516654 0.49159127
vt 0.63327134 0.47815406
vt 0.62259692 0.47082305
vt 0.70344561 0.48120940
vt 0.60619330 0.47719085
vt 0.60594976 0.46395302
vt 0.65756255 0.46725404
vt 0.68008900 0.47464591
vt 0.64548117 0.46172071
vt 0.66599798 0.46611249
vt 0.74124348 0.51319361
vt 0.71761215 0.46806180
vt 0.68905723 0.46836865
vt 0.74580735 0.48420286
vt 0.62221515 0.44973952
vt 0.60919529 0.45215595
vt 0.60533190 0.45083845
vt 0.59841847 0.46959567
vt 0.59470183 0.47668207
vt 0.59582102 0.46165860
vt 0.60075885 0.45594847
vt 0.66309786 0.45743036
vt 0.65140921 0.45376092
vt 0.69534653 0.46205938
vt 0.74293220 0.47365230
vt 0.59756368 0.45003486
vt 0.60935974 0.43883502
vt 0.65056223 0.44569778
vt 0.69335145 0.45383322
vt 0.67042178 0.45346534
vt 0.60319734 0.43932939
vt 0.71929729 0.45711768
vt 0.74303949 0.52356148
vt 0.59850973 0.43826836
vt 0.62778550 0.43503600
vt 0.64643562 0.43709117
vt 0.74456108 0.46355307
vt 0.59961468 0.42945844
vt 0.70537305 0.44226563
vt 0.68250269 0.43896896
vt 0.66568834 0.43033594
vt 0.60591620 0.42374772
vt 0.63767886 0.42265570
vt 0.65530527 0.41754681
vt 0.61921424 0.42150462
vt 0.61126190 0.42108554
vt 0.60078263 0.41935158
vt 0.67339581 0.41990304
vt 0.72984982 0.45073646
vt 0.72329587 0.43951029
vt 0.71559626 0.42634094
vt 0.68968099 0.41785705
vt 0.67389095 0.40672380
vt 0.60961568 0.43151677
vt 0.63023198 0.40346974
vt 0.61545789 0.40534449
vt 0.63915128 0.40646416
vt 0.73174638 0.43223786
vt 0.74733567 0.42451644
vt 0.73962134 0.43947804
vt 0.73402542 0.44175196
vt 0.73835027 0.44939590
vt 0.60896468 0.40648603
vt 0.60194802 0.41015285
vt 0.61229092 0.40983856
vt 0.51440060 0.22277373
vt 0.48992667 0.20714408
vt 0.48726326 0.22198224
vt 0.51514691 0.21046495
vt 0.47019669 0.20773768
vt 0.46151805 0.21999526
vt 0.45532903 0.21017957
vt 0.43883041 0.22077900
vt 0.43581054 0.20921206
vt 0.49282518 0.19649071
vt 0.47772771 0.18942982
vt 0.49233988 0.18375194
vt 0.44961938 0.19380432
vt 0.44854456 0.20133519
vt 0.43830338 0.19477844
vt 0.51180893 0.18428457
vt 0.43316963 0.18587637
vt 0.49718359 0.18403590
vt 0.52734268 0.19893712
vt 0.53281403 0.20833260
vt 0.53453159 0.22165620
vt 0.54322052 0.21302927
vt 0.54334867 0.19358051
vt 0.52608097 0.18573642
vt 0.44846591 0.17733836
vt 0.43566188 0.17552590
vt 0.46664131 0.18375993
vt 0.45273677 0.15962255
vt 0.42579722 0.17620027
vt 0.54392052 0.17589366
vt 0.50742906 0.17255974
vt 0.52776617 0.17158699
vt 0.48852554 0.16834790
vt 0.46550125 0.17219162
vt 0.46796390 0.16601199
vt 0.46201944 0.16083860
vt 0.47932869 0.15918136
vt 0.43849564 0.15919399
vt 0.42572185 0.16093624
vt 0.50470513 0.15820611
vt 0.52387995 0.15903616
vt 0.54387265 0.16044283
vt 0.53464997 0.15889156
vt 0.41521552 0.16976452
vt 0.43083730 0.19547105
vt 0.42908004 0.23084044
vt 0.45857745 0.14877576
vt 0.54817659 0.22330266
vt 0.54320747 0.22971225
vt 0.49837899 0.14772010
vt 0.47187737 0.14519274
vt 0.48381132 0.14652175
vt 0.54537398 0.14628351
vt 0.54822177 0.18438184
vt 0.41591859 0.15865320
vt 0.43177277 0.14627665
vt 0.44745308 0.14646059
vt 0.50702775 0.14729422
vt 0.53278911 0.14662778
vt 0.53436518 0.13687229
vt 0.40657115 0.16040838
vt 0.41920501 0.14398283
vt 0.42382276 0.18747747
vt 0.46388063 0.13324356
vt 0.45394620 0.13254637
vt 0.43289307 0.13217926
vt 0.54432833 0.13699126
vt 0.48630276 0.13468540
vt 0.40497559 0.14079106
vt 0.41191450 0.13342816
vt 0.40046719 0.12985277
vt 0.51075339 0.13149917
vt 0.52805960 0.13326359
vt 0.53047895 0.12482661
vt 0.41701964 0.12097138
vt 0.49092105 0.12377793
vt 0.40816170 0.11480689
vt 0.39743233 0.11675286
vt 0.39610127 0.15086275
vt 0.39502600 0.14200240
vt 0.47185585 0.11950856
vt 0.42891106 0.11947864
vt 0.44938695 0.11740124
vt 0.54811132 0.12542427
vt 0.54562163 0.11728901
vt 0.53443444 0.11796194
vt 0.52416134 0.11894518
vt 0.50324857 0.11562055
vt 0.39228520 0.12956780
vt 0.42019159 0.10526192
vt 0.39659867 0.10165566
vt 0.43579325 0.10321116
vt 0.45013541 0.10488355
vt 0.47391382 0.10232562
vt 0.48049244 0.10700512
vt 0.55050045 0.15817219
vt 0.55034471 0.17296052
vt 0.54959810 0.14795208
vt 0.41048446 0.09916347
vt 0.49382347 0.10499549
vt 0.51690209 0.10764527
vt 0.50435901 0.10203344
vt 0.41044691 0.09017450
vt 0.42782149 0.09162045
vt 0.52924341 0.10185206
vt 0.54845011 0.10454130
vt 0.46208295 0.09282768
vt 0.44727582 0.08628279
vt 0.40897310 0.17096376
vt 0.41695315 0.18239254
vt 0.41338941 0.19600457
vt 0.52764058 0.09403998
vt 0.43290323 0.08163124
vt 0.48777145 0.09055287
vt 0.54564089 0.08961189
vt 0.40660721 0.07691514
vt 0.39520374 0.08959109
vt 0.42118776 0.07395792
vt 0.55222869 0.13437700
vt 0.50923967 0.08620054
vt 0.40220058 0.06838822
vt 0.40156895 0.15952027
vt 0.54892528 0.20809066
vt 0.38852745 0.11753100
vt 0.39753649 0.07703578
vt 0.46358088 0.07673311
vt 0.44545028 0.07258826
vt 0.47364467 0.07332093
vt 0.39558491 0.06737316
vt 0.50093758 0.07212424
vt 0.48768798 0.07599753
vt 0.52906704 0.07378769
vt 0.53404796 0.07502776
vt 0.39544725 0.16362762
vt 0.55253476 0.11826366
vt 0.55461812 0.10246557
vt 0.54962939 0.06592286
vt 0.54283875 0.07393825
vt 0.55141437 0.08014834
vt 0.55410194 0.09005797
vt 0.42219985 0.19711012
vt 0.51635104 0.06608087
vt 0.42313105 0.20482397
vt 0.38351759 0.12711966
vt 0.38765922 0.16502190
vt 0.38401666 0.14003122
vt 0.38518488 0.15451366
vt 0.38128197 0.14701760
vt 0.38242105 0.13487279
vt 0.38326144 0.16104341
vt 0.37980124 0.15806693
vt 0.38549611 0.11203629
vt 0.38155904 0.11385727
vt 0.38256791 0.10395616
vt 0.38656700 0.09978867
vt 0.38370124 0.09166789
vt 0.38732293 0.08742923
vt 0.38501045 0.07975274
vt 0.38870087 0.07597286
vt 0.38685724 0.06439602
vt 0.39101481 0.06054223
vt 0.38971230 0.05325866
vt 0.39336058 0.04670817
vt 0.42374063 0.21722615
vt 0.45069161 0.23205614
vt 0.43618575 0.23421347
vt 0.47340548 0.23073924
vt 0.50740027 0.22801614
vt 0.51887530 0.23185450
vt 0.43382093 0.24694133
vt 0.45118374 0.24548590
vt 0.54032642 0.23620033
vt 0.49691123 0.24268901
vt 0.47219929 0.24726391
vt 0.48643568 0.25727630
vt 0.50130516 0.25848442
vt 0.52628523 0.25337374
vt 0.54317355 0.25351477
vt 0.46882850 0.25819552
vt 0.54679638 0.24347055
vt 0.54941785 0.23538852
vt 0.45046020 0.26412237
vt 0.42435712 0.24756402
vt 0.48376536 0.26889157
vt 0.41975066 0.23243749
vt 0.43008071 0.25966465
vt 0.43821570 0.27383626
vt 0.42266363 0.25809270
vt 0.44951391 0.28139222
vt 0.46299416 0.27992654
vt 0.49679580 0.27705443
vt 0.51512563 0.26905608
vt 0.53290939 0.26654357
vt 0.54085219 0.27106345
vt 0.47371954 0.27944148
vt 0.51760775 0.28021121
vt 0.54937690 0.25416887
vt 0.54654372 0.27123773
vt 0.41418862 0.25803447
vt 0.41239405 0.27510929
vt 0.43824199 0.28437829
vt 0.54988456 0.27107346
vt 0.54510075 0.28802311
vt 0.52699161 0.28405643
vt 0.46478033 0.29360455
vt 0.48539293 0.29068738
vt 0.54954052 0.28514814
vt 0.49224153 0.29916227
vt 0.52868086 0.29915369
vt 0.41086060 0.26420701
vt 0.40318254 0.27062774
vt 0.39864972 0.28129649
vt 0.40948385 0.28450084
vt 0.42278293 0.29122972
vt 0.43033010 0.29330981
vt 0.40622416 0.30545235
vt 0.45044938 0.30137837
vt 0.43573529 0.30881214
vt 0.40188220 0.29565459
vt 0.39469966 0.31273252
vt 0.46931952 0.31430995
vt 0.50284511 0.30740976
vt 0.54718524 0.30922657
vt 0.37877443 0.13393503
vt 0.45206639 0.32114959
vt 0.55297703 0.25298190
vt 0.41705367 0.20935911
vt 0.39166465 0.29182321
vt 0.52529055 0.31596208
vt 0.55136830 0.29983068
vt 0.42693368 0.31988752
vt 0.40471381 0.31739873
vt 0.39741632 0.32594430
vt 0.39060846 0.31841463
vt 0.50035214 0.32516074
vt 0.46912289 0.32778990
vt 0.41411099 0.33161879
vt 0.40192568 0.33731967
vt 0.39374629 0.34067082
vt 0.54727173 0.32577032
vt 0.51923037 0.32845318
vt 0.39085948 0.32969993
vt 0.43426421 0.33444327
vt 0.38361582 0.29844236
vt 0.38592538 0.28509510
vt 0.38395971 0.30885339
vt 0.38474402 0.32129824
vt 0.43939015 0.34506649
vt 0.47401771 0.33432233
vt 0.49797392 0.33715302
vt 0.41818634 0.34624404
vt 0.55290663 0.32247049
vt 0.52311361 0.33750725
vt 0.54771942 0.33306861
vt 0.40028843 0.35764909
vt 0.50156438 0.34696472
vt 0.39505672 0.35147762
vt 0.42647147 0.35535824
vt 0.38551879 0.33425701
vt 0.38180465 0.32874560
vt 0.37955952 0.32088780
vt 0.38209900 0.33715439
vt 0.38631999 0.34343475
vt 0.38359651 0.35058665
vt 0.38565058 0.35881442
vt 0.45607057 0.35592049
vt 0.48037767 0.35549438
vt 0.52822626 0.35028595
vt 0.54734236 0.35047984
vt 0.39655063 0.36805725
vt 0.38696119 0.37216687
vt 0.38421035 0.36792600
vt 0.55461812 0.34033823
vt 0.55232346 0.34528798
vt 0.51256365 0.36070037
vt 0.41610938 0.36627913
vt 0.44013429 0.37113070
vt 0.40515646 0.37588578
vt 0.39187181 0.27263838
vt 0.38511035 0.27105057
vt 0.38601613 0.38300711
vt 0.40124524 0.26775932
vt 0.38396126 0.06619793
vt 0.93853521 0.76814026
vt 0.94546062 0.77148503
vt 0.93919110 0.76302481
vt 0.95147675 0.78077573
vt 0.93350810 0.75370377
vt 0.92868787 0.75482357
vt 0.92527628 0.74279362
vt 0.94479245 0.77853954
vt 0.95508265 0.78931165
vt 0.96005994 0.79115617
vt 0.96236062 0.79874557
vt 0.92939490 0.74367887
vt 0.92475170 0.73444647
vt 0.91870987 0.72943884
vt 0.92013979 0.72624910
vt 0.96537083 0.79718679
vt 0.97200567 0.80535042
vt 0.91697931 0.71530962
vt 0.91185385 0.71063536
vt 0.91377747 0.70632005
vt 0.90614641 0.69147700
vt 0.91198462 0.69495922
vt 0.90383333 0.67932552
vt 0.90969646 0.68153632
vt 0.90832329 0.66972119
vt 0.90415579 0.65699118
vt 0.90785086 0.65520674
vt 0.90416527 0.64297432
vt 0.90812981 0.64217865
vt 0.90560412 0.62725616
vt 0.91030204 0.62433559
vt 0.91375828 0.60951656
vt 0.91100425 0.60620880
vt 0.91809863 0.59515065
vt 0.92391300 0.58001775
vt 0.91216099 0.59549308
vt 0.92877275 0.56764656
vt 0.90196872 0.66166562
vt 0.92848641 0.55963826
vt 0.92117012 0.56764388
vt 0.91574198 0.58190811
vt 0.93945062 0.53901190
vt 0.94343561 0.54150480
vt 0.95084447 0.52470583
vt 0.95091659 0.53134143
vt 0.95792294 0.52319676
vt 0.96123159 0.51468378
vt 0.96162808 0.50960726
vt 0.96991897 0.50958830
vt 0.97291428 0.50080317
vt 0.97536480 0.50424290
vt 0.98031765 0.49956584
vt 0.98649085 0.48891950
vt 0.98692167 0.49336529
vt 0.99511546 0.48620999
vt 0.93305200 0.55907756
vt 0.96368092 0.51631689
vt 0.90186501 0.64452177
vt 0.97669715 0.49379969
vt 0.94802386 0.52441937
vt 0.97057348 0.80888873
vt 0.97929150 0.81346214
vt 0.97729838 0.81625259
vt 0.99188286 0.82517791
vt 0.90796345 0.60769624
vt 0.90433025 0.62141079
vt 0.93802559 0.53839469
vt 0.91045362 0.71279800
vt 0.91575015 0.72691536
vt 0.96483582 0.80786622
vt 0.90657067 0.70114398
vt 0.99511546 0.82291484
vt 0.95507205 0.79614264
vt 0.92177427 0.74321413
vt 0.86478591 0.75864834
vt 0.86839300 0.73274082
vt 0.86432135 0.73189980
vt 0.86747861 0.71113789
vt 0.86358732 0.71398616
vt 0.86333817 0.70348614
vt 0.86993563 0.77134264
vt 0.87156343 0.69652438
vt 0.86322075 0.69238567
vt 0.86487842 0.68153030
vt 0.87368351 0.76953292
vt 0.87039262 0.78430676
vt 0.87217289 0.72607696
vt 0.87439978 0.72962588
vt 0.87506485 0.76444048
vt 0.87684524 0.77966380
vt 0.87141079 0.68074143
vt 0.87790698 0.76882565
vt 0.87434983 0.79410857
vt 0.86885136 0.79143441
vt 0.86893541 0.67449027
vt 0.86101246 0.68357027
vt 0.86651081 0.77720493
vt 0.87877440 0.79581851
vt 0.87562686 0.71318829
vt 0.87816799 0.75722593
vt 0.86278719 0.78686601
vt 0.87397909 0.69584024
vt 0.87204242 0.66529924
vt 0.87711334 0.73266292
vt 0.86651814 0.66745168
vt 0.87124991 0.65450615
vt 0.87604749 0.64470679
vt 0.87248415 0.64396566
vt 0.87877440 0.63251859
vt 0.87359631 0.63122773
vt 0.35307220 0.41036141
vt 0.36206186 0.42648876
vt 0.35760257 0.42654192
vt 0.34398568 0.40472776
vt 0.34533948 0.39747500
vt 0.36310637 0.43965185
vt 0.37219983 0.45058811
vt 0.36822453 0.45400310
vt 0.37392631 0.46821702
vt 0.38128987 0.47958326
vt 0.37932384 0.48968083
vt 0.38321492 0.50054240
vt 0.37907508 0.50628531
vt 0.34821951 0.41649628
vt 0.38176689 0.52779818
vt 0.37915021 0.52179861
vt 0.37864250 0.54584479
vt 0.36000201 0.44227946
vt 0.35364452 0.43291628
vt 0.33890045 0.39317071
vt 0.38239715 0.54390901
vt 0.37758368 0.55937493
vt 0.16374347 0.62691015
vt 0.17595269 0.62889028
vt 0.16651361 0.64069122
vt 0.17970504 0.61128920
vt 0.15196502 0.61005872
vt 0.14899914 0.63090181
vt 0.16669293 0.60344136
vt 0.15386873 0.59570271
vt 0.16591401 0.58864564
vt 0.17816211 0.59206206
vt 0.13512228 0.60471839
vt 0.12792535 0.58571839
vt 0.14591014 0.58012795
vt 0.14068750 0.62023532
vt 0.11943886 0.60333937
vt 0.11261234 0.57549095
vt 0.12409917 0.57308763
vt 0.12848835 0.61574215
vt 0.11730805 0.62842286
vt 0.13200402 0.63497341
vt 0.15585120 0.64881885
vt 0.14695011 0.64015347
vt 0.10469834 0.61095536
vt 0.09116876 0.61456633
vt 0.08667062 0.60536349
vt 0.10380184 0.59797269
vt 0.09483024 0.58692074
vt 0.10909615 0.58887136
vt 0.15404566 0.58139819
vt 0.18941735 0.62676686
vt 0.18226166 0.63447171
vt 0.20076506 0.63817525
vt 0.18689239 0.64567965
vt 0.20234522 0.61826468
vt 0.21575817 0.61289442
vt 0.21722804 0.62513644
vt 0.20380561 0.60424709
vt 0.21231158 0.60054356
vt 0.19728230 0.59143525
vt 0.21003865 0.58257651
vt 0.20135906 0.57796913
vt 0.21232937 0.56414652
vt 0.19823274 0.56476921
vt 0.19338530 0.58598977
vt 0.17326503 0.64139634
vt 0.13236238 0.57372016
vt 0.14317192 0.56891024
vt 0.15151843 0.56092715
vt 0.13032439 0.56473255
vt 0.12347023 0.62344831
vt 0.11909157 0.56239879
vt 0.12115774 0.55195504
vt 0.14594489 0.55683696
vt 0.16899012 0.64905691
vt 0.15917325 0.55501133
vt 0.14677019 0.62068444
vt 0.08365483 0.61515945
vt 0.19592172 0.62756330
vt 0.07366056 0.60701835
vt 0.10233334 0.62938660
vt 0.10448781 0.38648736
vt 0.09111296 0.40391946
vt 0.09279480 0.39458781
vt 0.10196740 0.40036422
vt 0.09756749 0.40994626
vt 0.08279897 0.41130489
vt 0.09171093 0.41954267
vt 0.08118516 0.42889309
vt 0.07103477 0.42528039
vt 0.07203555 0.43425679
vt 0.06398264 0.43687463
vt 0.07210920 0.44609320
vt 0.05596034 0.45668793
vt 0.06904171 0.45506728
vt 0.06344669 0.46112496
vt 0.05614047 0.46581507
vt 0.11400501 0.40045553
vt 0.06758923 0.47250605
vt 0.11017232 0.38677514
vt 0.04863090 0.47926265
vt 0.10948356 0.41691315
vt 0.11417174 0.41032761
vt 0.07778586 0.43657970
vt 0.07099393 0.46159685
vt 0.07913945 0.44951642
vt 0.08210114 0.40368962
vt 0.06999484 0.41962552
vt 0.05116994 0.45590782
vt 0.04555105 0.46969742
vt 0.06052437 0.43500638
vt 0.04332457 0.48370969
vt 0.04091818 0.50058997
vt 0.04442704 0.50196332
vt 0.03774423 0.51122266
vt 0.08490937 0.62244231
vt 0.07391983 0.61382341
vt 0.06421579 0.60377163
vt 0.06409850 0.59541351
vt 0.06049424 0.59406734
vt 0.05461951 0.58030254
vt 0.05619515 0.57525545
vt 0.07246552 0.59569699
vt 0.09867118 0.63644433
vt 0.06695965 0.58556676
vt 0.11325119 0.63893533
vt 0.11040957 0.64802277
vt 0.12115354 0.65332615
vt 0.12910515 0.64900106
vt 0.13550510 0.65998828
vt 0.12037828 0.65785515
vt 0.08326234 0.62694365
vt 0.04873767 0.57016313
vt 0.09491768 0.63799483
vt 0.05086691 0.55912471
vt 0.04301458 0.54684287
vt 0.04607727 0.54324490
vt 0.04346524 0.53024924
vt 0.03930984 0.53181779
vt 0.07543314 0.62368751
vt 0.10326977 0.64728886
vt 0.10871416 0.65614116
vt 0.11454101 0.37831986
vt 0.11817697 0.38245243
vt 0.12572189 0.37241715
vt 0.11775039 0.37127888
vt 0.13761176 0.36033499
vt 0.13640793 0.36719930
vt 0.15866566 0.35719395
vt 0.15866362 0.35152614
vt 0.17355098 0.35100418
vt 0.10484640 0.38050008
vt 0.17333065 0.34626061
vt 0.18640241 0.34420067
vt 0.18915787 0.34864211
vt 0.20499168 0.34297156
vt 0.20767659 0.34693825
vt 0.22923477 0.34331387
vt 0.23307085 0.34861201
vt 0.24490619 0.34367859
vt 0.25242239 0.34927583
vt 0.26047018 0.34664822
vt 0.27172208 0.35315198
vt 0.32846382 0.63762450
vt 0.33959523 0.63058931
vt 0.32687131 0.64338356
vt 0.32135579 0.64231998
vt 0.34313992 0.62316960
vt 0.31559870 0.64789295
vt 0.31773362 0.65577424
vt 0.30568209 0.65757436
vt 0.33480629 0.63963658
vt 0.34983367 0.62574196
vt 0.35007796 0.61644018
vt 0.35723886 0.61306703
vt 0.36095822 0.60169280
vt 0.32670775 0.65068430
vt 0.30593768 0.66579378
vt 0.29511559 0.66477293
vt 0.28584287 0.67092299
vt 0.34383082 0.63718110
vt 0.33467326 0.64880973
vt 0.11449171 0.50989121
vt 0.11148791 0.51782906
vt 0.10547931 0.51431179
vt 0.09127134 0.57493895
vt 0.08375857 0.58149302
vt 0.09135649 0.56513298
vt 0.10205530 0.56141174
vt 0.11248460 0.55839485
vt 0.10782836 0.54287916
vt 0.09288895 0.55270809
vt 0.08846610 0.53925747
vt 0.08968330 0.52836418
vt 0.11097724 0.53010565
vt 0.11967894 0.53601348
vt 0.07368590 0.54140627
vt 0.07726038 0.55844474
vt 0.06890953 0.55968195
vt 0.06838039 0.52990502
vt 0.07235375 0.52119404
vt 0.08428027 0.51549405
vt 0.09518595 0.50153673
vt 0.09775950 0.51505584
vt 0.05970657 0.53683746
vt 0.05921396 0.55020034
vt 0.08460512 0.50088131
vt 0.09822103 0.49284673
vt 0.06921349 0.50569808
vt 0.08244541 0.48481667
vt 0.06929229 0.49201310
vt 0.07498422 0.47784722
vt 0.04947710 0.53956723
vt 0.05854972 0.52151769
vt 0.04490153 0.51839161
vt 0.09164101 0.47299302
vt 0.10341983 0.47994304
vt 0.13117035 0.53015274
vt 0.10966189 0.48952198
vt 0.11313505 0.50439596
vt 0.06304103 0.51143110
vt 0.07022578 0.57092166
vt 0.05009526 0.51250333
vt 0.11511382 0.47621727
vt 0.10073034 0.46731502
vt 0.12055869 0.49272227
vt 0.11945179 0.48077309
vt 0.12890589 0.48511046
vt 0.13501740 0.49252248
vt 0.12743415 0.50278157
vt 0.12871924 0.51189536
vt 0.13316749 0.50456172
vt 0.05940622 0.48724550
vt 0.06177723 0.50164944
vt 0.04967542 0.50249743
vt 0.14350289 0.50793517
vt 0.12478993 0.52056974
vt 0.13573609 0.47635072
vt 0.14526361 0.48787391
vt 0.14945222 0.47599304
vt 0.14648017 0.46656126
vt 0.07750934 0.47143161
vt 0.08615386 0.45735121
vt 0.13194685 0.46309531
vt 0.12817965 0.47480440
vt 0.06386415 0.56786042
vt 0.10773160 0.46999699
vt 0.07404657 0.49804056
vt 0.13409567 0.52416629
vt 0.14154825 0.53165680
vt 0.13300323 0.54717237
vt 0.09248425 0.45977437
vt 0.05333473 0.48167324
vt 0.12604541 0.54214120
vt 0.11113794 0.46129328
vt 0.09850956 0.44999921
vt 0.07910429 0.57494283
vt 0.07761448 0.58833998
vt 0.04010166 0.51953888
vt 0.14604399 0.66385466
vt 0.15523911 0.67024076
vt 0.14113331 0.66640335
vt 0.15812601 0.66694719
vt 0.17123789 0.67670804
vt 0.16994275 0.66871703
vt 0.17593542 0.66788578
vt 0.18058297 0.68000126
vt 0.19110548 0.67520785
vt 0.19814947 0.68216288
vt 0.20867957 0.68301660
vt 0.21120216 0.67871428
vt 0.22902727 0.68424255
vt 0.16025417 0.67769158
vt 0.22222894 0.67960948
vt 0.23089594 0.67974031
vt 0.23637189 0.68225181
vt 0.13594317 0.66841346
vt 0.12847066 0.66602272
vt 0.15145524 0.67500997
vt 0.16823104 0.68549824
vt 0.14848675 0.65613824
vt 0.16912201 0.65884757
vt 0.13782734 0.64724880
vt 0.19064166 0.65674686
vt 0.19717176 0.66971552
vt 0.29273129 0.66247797
vt 0.27582464 0.66925472
vt 0.26806107 0.67544597
vt 0.25957549 0.67119288
vt 0.27712834 0.67717862
vt 0.25904939 0.68270528
vt 0.25460410 0.67860091
vt 0.24648604 0.68549824
vt 0.24162298 0.68023843
vt 0.25251383 0.63369405
vt 0.23861820 0.64595062
vt 0.22925466 0.63357639
vt 0.25276545 0.64573634
vt 0.26071420 0.63606083
vt 0.24726410 0.62249637
vt 0.23782343 0.65386635
vt 0.22600269 0.64712363
vt 0.20593594 0.63102788
vt 0.21472842 0.65291327
vt 0.22746035 0.65613717
vt 0.25751409 0.62005723
vt 0.27561837 0.64962786
vt 0.28106046 0.63426483
vt 0.28799564 0.64809132
vt 0.29862022 0.63655108
vt 0.23286365 0.62145525
vt 0.24369669 0.66359067
vt 0.25551024 0.66231889
vt 0.23378102 0.66511518
vt 0.19743432 0.64699620
vt 0.19900019 0.66156495
vt 0.21993166 0.66678917
vt 0.20859449 0.66924798
vt 0.23342432 0.67476213
vt 0.26948562 0.65949005
vt 0.25774464 0.65179694
vt 0.28972474 0.65739256
vt 0.24618940 0.67174596
vt 0.26958230 0.66661954
vt 0.28247735 0.66115636
vt 0.21317732 0.67468387
vt 0.29988274 0.65582675
vt 0.29308125 0.64996010
vt 0.30426356 0.64359510
vt 0.25773424 0.67587358
vt 0.28636652 0.53306347
vt 0.29326868 0.54540014
vt 0.27763215 0.54159677
vt 0.29310402 0.51784867
vt 0.31120116 0.51619047
vt 0.30124211 0.53042984
vt 0.29760686 0.50307131
vt 0.27031299 0.51655358
vt 0.26368189 0.52364904
vt 0.26467717 0.54321855
vt 0.24646430 0.51765215
vt 0.23808895 0.52632815
vt 0.24629404 0.54469466
vt 0.28703117 0.55499697
vt 0.27759662 0.56171477
vt 0.26330426 0.55418575
vt 0.27068779 0.56722033
vt 0.26386544 0.56995249
vt 0.25290594 0.58732414
vt 0.24415012 0.56478387
vt 0.23978621 0.53883815
vt 0.26028952 0.58491129
vt 0.29392016 0.57034272
vt 0.28082794 0.57565808
vt 0.30439520 0.56196469
vt 0.30120751 0.55087835
vt 0.29861397 0.57553387
vt 0.31561950 0.56496918
vt 0.31949228 0.55567354
vt 0.26484683 0.59762055
vt 0.25251678 0.60642785
vt 0.24415374 0.59887576
vt 0.24313404 0.60528243
vt 0.24775210 0.60977101
vt 0.23548055 0.60019463
vt 0.23291591 0.60604388
vt 0.23553324 0.58843201
vt 0.22483408 0.59353411
vt 0.22867669 0.57598317
vt 0.27497503 0.58305317
vt 0.25407457 0.51156211
vt 0.23568796 0.57480609
vt 0.31104368 0.54113060
vt 0.28444922 0.60128862
vt 0.27294073 0.60529119
vt 0.29418221 0.58852553
vt 0.30057180 0.59766650
vt 0.30308545 0.58462733
vt 0.28431782 0.60907447
vt 0.30421364 0.60928893
vt 0.29112011 0.61806357
vt 0.26785579 0.62046242
vt 0.27221957 0.63361901
vt 0.28215578 0.62353200
vt 0.28649288 0.57918757
vt 0.32047299 0.58142644
vt 0.33722088 0.58196354
vt 0.32072395 0.58862239
vt 0.33910787 0.59267527
vt 0.32894781 0.60647827
vt 0.31041712 0.59963971
vt 0.32344699 0.60656071
vt 0.34333104 0.60238820
vt 0.33917147 0.61483252
vt 0.32452902 0.61484414
vt 0.31138736 0.61800236
vt 0.30166516 0.62643343
vt 0.31234711 0.63183016
vt 0.33120650 0.62288851
vt 0.33762521 0.56980318
vt 0.34375954 0.57498366
vt 0.34875122 0.56172848
vt 0.33741266 0.55911982
vt 0.35863239 0.57170695
vt 0.33463627 0.54629892
vt 0.34932715 0.55620670
vt 0.33625454 0.53668594
vt 0.34651351 0.54082239
vt 0.31007737 0.49667954
vt 0.32252800 0.51039249
vt 0.32110584 0.52271950
vt 0.31165329 0.53175360
vt 0.34467602 0.52277923
vt 0.34533736 0.51422030
vt 0.35052893 0.49663734
vt 0.32948691 0.49022394
vt 0.32672992 0.46951246
vt 0.30827215 0.47985709
vt 0.29112345 0.46941453
vt 0.29111719 0.49111819
vt 0.27020615 0.47322696
vt 0.29036060 0.45671713
vt 0.27138975 0.44808036
vt 0.25654107 0.46026134
vt 0.25404733 0.47798961
vt 0.26235649 0.49677479
vt 0.25026345 0.50298798
vt 0.31118220 0.45933008
vt 0.31175327 0.44426459
vt 0.28106883 0.50039703
vt 0.28615195 0.50138825
vt 0.29677284 0.42996180
vt 0.28605783 0.43412536
vt 0.28307179 0.44217640
vt 0.31862077 0.43854725
vt 0.27691233 0.43975329
vt 0.27248001 0.50414848
vt 0.30876413 0.42968756
vt 0.30752531 0.41624868
vt 0.29497328 0.41638112
vt 0.32315692 0.42571890
vt 0.32135180 0.41751349
vt 0.33273932 0.41655195
vt 0.31875899 0.40317297
vt 0.30528495 0.40636456
vt 0.30912217 0.39905638
vt 0.36280426 0.47488809
vt 0.36774632 0.48521888
vt 0.34341377 0.48744190
vt 0.34044534 0.47517478
vt 0.36840206 0.49592954
vt 0.35412908 0.50571299
vt 0.33043078 0.47942901
vt 0.33956149 0.46624094
vt 0.34989262 0.46470201
vt 0.35155311 0.45439267
vt 0.37107226 0.50481880
vt 0.36078987 0.52958566
vt 0.31909686 0.39044726
vt 0.30469903 0.38608366
vt 0.36078945 0.53639865
vt 0.37183860 0.52057934
vt 0.33620232 0.42799902
vt 0.31613407 0.45074821
vt 0.32446608 0.44901836
vt 0.33576393 0.45478344
vt 0.33549899 0.44063568
vt 0.32246995 0.40566599
vt 0.33136517 0.40297174
vt 0.34075564 0.41510344
vt 0.28669354 0.51605326
vt 0.37359777 0.53384745
vt 0.36811259 0.54601043
vt 0.36250263 0.55189091
vt 0.36471900 0.56616384
vt 0.29776931 0.40454912
vt 0.29064351 0.38792765
vt 0.28809100 0.40451330
vt 0.28770670 0.41813862
vt 0.28089938 0.38736320
vt 0.28224775 0.37530023
vt 0.26992169 0.37668741
vt 0.26721558 0.38250715
vt 0.25948241 0.37854880
vt 0.28934309 0.37091732
vt 0.28451532 0.36480761
vt 0.30148518 0.37756753
vt 0.27698416 0.39597148
vt 0.28073165 0.40917474
vt 0.26534295 0.36255181
vt 0.27115822 0.36561513
vt 0.26430053 0.38743842
vt 0.24277785 0.37563169
vt 0.24221027 0.39202303
vt 0.23635322 0.38224542
vt 0.23583789 0.37097281
vt 0.36695424 0.47031862
vt 0.27574384 0.36002409
vt 0.25828633 0.45116270
vt 0.28470486 0.42445576
vt 0.22898960 0.61349273
vt 0.25406155 0.37014109
vt 0.36348546 0.45885330
vt 0.24423830 0.61572170
vt 0.24601021 0.36301565
vt 0.31056553 0.38309062
vt 0.34009784 0.45425951
vt 0.34943268 0.44788826
vt 0.35724130 0.44554186
vt 0.34376615 0.43721354
vt 0.33985597 0.44545913
vt 0.34400922 0.42302227
vt 0.33771965 0.41865385
vt 0.32535622 0.43360883
vt 0.29098085 0.62942159
vt 0.30778095 0.57699376
vt 0.37223890 0.55228674
vt 0.34430629 0.58716464
vt 0.25802577 0.36017251
vt 0.35121092 0.60988796
vt 0.33435506 0.40235972
vt 0.27648962 0.50791085
vt 0.23078135 0.38580513
vt 0.28941330 0.42578369
vt 0.35295734 0.60330093
vt 0.33797696 0.62535655
vt 0.32850677 0.62889856
vt 0.37030566 0.56885612
vt 0.31001380 0.64925212
vt 0.32884052 0.39898241
vt 0.23212212 0.37211931
vt 0.25355276 0.44844091
vt 0.35146514 0.59685832
vt 0.23465724 0.35732400
vt 0.35561362 0.59120256
vt 0.32425448 0.39482027
vt 0.25118405 0.39228797
vt 0.24864419 0.40418679
vt 0.36391041 0.58138210
vt 0.36747473 0.58610529
vt 0.36101034 0.59514213
vt 0.33014816 0.39418584
vt 0.35636762 0.57988828
vt 0.24585702 0.35308313
vt 0.31324375 0.37476242
vt 0.32000211 0.38499123
vt 0.32719761 0.38395882
vt 0.25319785 0.36539602
vt 0.29488367 0.36594158
vt 0.30106196 0.36686611
vt 0.29534090 0.36009747
vt 0.28771022 0.36112106
vt 0.25009653 0.36009753
vt 0.30980501 0.36985129
vt 0.22925504 0.35530245
vt 0.22087653 0.37302196
vt 0.21870872 0.35443640
vt 0.24094442 0.35364616
vt 0.25244936 0.35540009
vt 0.21118893 0.35006142
vt 0.18102050 0.35462344
vt 0.25804585 0.35525650
vt 0.27203342 0.35726011
vt 0.21232256 0.35857791
vt 0.20786491 0.37207258
vt 0.17351599 0.35950887
vt 0.16078533 0.36408037
vt 0.14778413 0.36449230
vt 0.16151720 0.37516880
vt 0.16801609 0.36340010
vt 0.17185503 0.37313485
vt 0.18140160 0.36455977
vt 0.18514134 0.37291539
vt 0.18781075 0.38789362
vt 0.17382808 0.38895857
vt 0.18641247 0.36014003
vt 0.19349749 0.36298662
vt 0.19600147 0.36890531
vt 0.16663475 0.38161182
vt 0.16193159 0.38665855
vt 0.19487830 0.35714209
vt 0.20556363 0.36052120
vt 0.20886867 0.35553670
vt 0.19039530 0.37495714
vt 0.20311154 0.38121319
vt 0.28488567 0.35426521
vt 0.31963590 0.37299532
vt 0.32636800 0.37712896
vt 0.29803005 0.35847491
vt 0.33219841 0.38237941
vt 0.14369208 0.45185351
vt 0.16381469 0.45206273
vt 0.15286314 0.46552056
vt 0.14556564 0.44023025
vt 0.15495226 0.44045967
vt 0.15205115 0.41781700
vt 0.13386500 0.42559254
vt 0.15271555 0.39943397
vt 0.12752451 0.40831345
vt 0.13913022 0.39333332
vt 0.11960935 0.41999865
vt 0.12043800 0.42992401
vt 0.13178040 0.44284737
vt 0.12152652 0.44643128
vt 0.10833221 0.44707060
vt 0.12535307 0.46422517
vt 0.16811422 0.43011427
vt 0.18531662 0.43676531
vt 0.17448559 0.46335280
vt 0.19367704 0.45845973
vt 0.20979416 0.45702183
vt 0.20386943 0.43037933
vt 0.21675809 0.43136132
vt 0.24155666 0.44337869
vt 0.18510491 0.50955850
vt 0.20594436 0.52731568
vt 0.17989503 0.51751184
vt 0.20253186 0.50832146
vt 0.19535889 0.49043477
vt 0.17378454 0.48639548
vt 0.16933627 0.50665575
vt 0.16383834 0.48797834
vt 0.21482709 0.51509798
vt 0.18217312 0.42049056
vt 0.16498506 0.41060138
vt 0.20253323 0.41670144
vt 0.15457751 0.50181794
vt 0.15347543 0.51489258
vt 0.16091511 0.52373254
vt 0.19113585 0.47546613
vt 0.20363599 0.48649979
vt 0.21129313 0.47501802
vt 0.24053155 0.46400219
vt 0.22734497 0.48213243
vt 0.21936908 0.49984837
vt 0.25622493 0.42968082
vt 0.23672085 0.48338193
vt 0.23005712 0.42771244
vt 0.22869661 0.40956771
vt 0.23741862 0.51274854
vt 0.23690462 0.49805093
vt 0.25344253 0.41158915
vt 0.26521051 0.42542332
vt 0.24285217 0.48657942
vt 0.18596366 0.53949219
vt 0.27296838 0.40234995
vt 0.17731783 0.39736199
vt 0.12074627 0.39557958
vt 0.12409781 0.38531458
vt 0.10131136 0.43485129
vt 0.22400564 0.41421986
vt 0.21567285 0.41115063
vt 0.22867884 0.40071219
vt 0.22805776 0.39255857
vt 0.19789377 0.41106707
vt 0.21098243 0.39552480
vt 0.20998460 0.38070202
vt 0.19820786 0.39381671
vt 0.09512527 0.42883313
vt 0.08655635 0.44815445
vt 0.22639814 0.49340808
vt 0.14932072 0.38471615
vt 0.14109918 0.37708414
vt 0.13220178 0.37506282
vt 0.18624170 0.40841913
vt 0.15496477 0.53473705
vt 0.14687422 0.54713738
vt 0.17713496 0.47492558
vt 0.17474522 0.53282005
vt 0.18500230 0.55505985
vt 0.17229143 0.55693632
vt 0.18537551 0.57359630
vt 0.16111846 0.56927562
vt 0.17488803 0.57945162
vt 0.22411381 0.56055981
vt 0.21748689 0.53876585
vt 0.20710652 0.54901809
vt 0.20208748 0.53425074
vt 0.19453616 0.55030543
vt 0.16113397 0.53413475
vt 0.17243467 0.40352154
vt 0.18059823 0.41264188
vt 0.19146222 0.39914954
vt 0.24727562 0.46443629
vt 0.13104616 0.38156199
vt 0.20779522 0.42136192
vt 0.10757215 0.62429714
vt 0.21488585 0.58758110
vt 0.27064946 0.90895438
vt 0.25017756 0.89960825
vt 0.24969178 0.89547151
vt 0.23721942 0.89129859
vt 0.23258883 0.89381951
vt 0.22468404 0.88866979
vt 0.21358022 0.88810962
vt 0.20860042 0.88530910
vt 0.19713205 0.88539255
vt 0.27302068 0.90739959
vt 0.28552398 0.91592526
vt 0.19289112 0.88389677
vt 0.17939262 0.88457906
vt 0.18079220 0.88646662
vt 0.15513022 0.88581145
vt 0.15530699 0.88845021
vt 0.13825615 0.89111441
vt 0.12897781 0.89185762
vt 0.11707220 0.89876741
vt 0.11697927 0.89593971
vt 0.09764455 0.90480089
vt 0.19328851 0.89017045
vt 0.20429274 0.89095420
vt 0.14838420 0.89315861
vt 0.13885526 0.89536166
vt 0.21352205 0.89236391
vt 0.12346641 0.90000546
vt 0.10769644 0.90534496
vt 0.08658970 0.91592526
vt 0.22359841 0.89453685
vt 0.18240893 0.89015853
vt 0.16876158 0.89070368
vt 0.15617163 0.89181602
vt 0.23238155 0.89666927
vt 0.24380109 0.90049326
vt 0.10186510 0.90111077
vt 0.08665571 0.90907514
vt 0.92913210 0.39449108
vt 0.93266910 0.38727462
vt 0.92674720 0.38878947
vt 0.93678993 0.39161831
vt 0.92191708 0.39813167
vt 0.91828865 0.38656580
vt 0.93792397 0.38820130
vt 0.94360566 0.39073336
vt 0.91248482 0.39813167
vt 0.90896982 0.39285159
vt 0.97720367 0.67830110
vt 0.98392117 0.67713791
vt 0.98148263 0.67181736
vt 0.97429109 0.67148113
vt 0.98623449 0.68453461
vt 0.97228116 0.66304415
vt 0.98403949 0.69261569
vt 0.97812414 0.66448349
vt 0.97499502 0.65576482
vt 0.96911025 0.65610999
vt 0.96953404 0.65206742
vt 0.97174388 0.64581281
vt 0.96686059 0.64499420
vt 0.97171623 0.64306110
vt 0.96456754 0.63564205
vt 0.96802384 0.62891722
vt 0.96395856 0.63088435
vt 0.96396661 0.62738383
vt 0.96739888 0.62096608
vt 0.96291065 0.62216890
vt 0.96295720 0.61811721
vt 0.96740627 0.61569399
vt 0.96232581 0.61256367
vt 0.96639889 0.60831469
vt 0.96178985 0.60651630
vt 0.96652240 0.60076678
vt 0.96382284 0.59269547
vt 0.96753830 0.58327639
vt 0.96453989 0.56585658
vt 0.96873653 0.56129980
vt 0.96669006 0.55007172
vt 0.97068369 0.54712403
vt 0.96139693 0.58310258
vt 0.96157753 0.59224063
vt 0.96136767 0.59564054
vt 0.96159112 0.60056245
vt 0.97284532 0.53433293
vt 0.97590208 0.53467077
vt 0.98070389 0.51960421
vt 0.98124540 0.51276463
vt 0.98623449 0.50845194
vt 0.37166962 0.07960308
vt 0.37598756 0.08028692
vt 0.37527093 0.06439406
vt 0.37210646 0.10008186
vt 0.37488541 0.10390973
vt 0.37210447 0.11916113
vt 0.37542945 0.12411034
vt 0.37788633 0.05663043
vt 0.37719652 0.03119910
vt 0.37416494 0.04944426
vt 0.37553063 0.03083813
vt 0.37644592 0.02179718
vt 0.37788633 0.09778214
vt 0.99199206 0.68483537
vt 0.99422735 0.72804427
vt 0.99399072 0.68832558
vt 0.99354881 0.65851897
vt 0.99156308 0.66598785
vt 0.99167907 0.64158905
vt 0.99422735 0.63126320
vt 0.99168330 0.62427521
vt 0.99245244 0.61699289
vt 0.99231642 0.71691585
vt 0.99219900 0.74583298
vt 0.99371076 0.74799168
vt 0.99310130 0.76112098
vt 0.32207495 0.94441491
vt 0.30233440 0.93061018
vt 0.31321770 0.93511909
vt 0.32752678 0.94513947
vt 0.34336299 0.96017629
vt 0.29721937 0.92569435
vt 0.28106499 0.91948813
vt 0.31967553 0.94763881
vt 0.35124335 0.96930605
vt 0.30467835 0.93856150
vt 0.27734065 0.91929674
vt 0.28087270 0.92528057
vt 0.25897893 0.91574508
vt 0.26169690 0.91356432
vt 0.24739197 0.90828133
vt 0.24502812 0.91140139
vt 0.22977701 0.90539950
vt 0.23428874 0.90885639
vt 0.22069257 0.90764099
vt 0.20999019 0.90622526
vt 0.21602158 0.90277517
vt 0.19956122 0.90172040
vt 0.19807953 0.90489095
vt 0.18689235 0.90406674
vt 0.18376291 0.90053523
vt 0.17729904 0.90343416
vt 0.16961734 0.90093076
vt 0.16944005 0.90318936
vt 0.16008756 0.90500528
vt 0.26871932 0.91342109
vt 0.14844343 0.90542811
vt 0.14638504 0.90885168
vt 0.13050418 0.90962815
vt 0.13748676 0.91082239
vt 0.12501916 0.91481000
vt 0.11268228 0.91847634
vt 0.10511439 0.91835636
vt 0.09663391 0.92545140
vt 0.08397171 0.92850763
vt 0.08653754 0.93190217
vt 0.07996532 0.93500942
vt 0.07395017 0.93471771
vt 0.33713663 0.96206635
vt 0.12331579 0.90967011
vt 0.08190929 0.92520535
vt 0.06862801 0.93424070
vt 0.06124383 0.94208175
vt 0.05672541 0.95057565
vt 0.05353801 0.95054144
vt 0.03774423 0.96930605
vt 0.09196133 0.92010021
vt 0.14445354 0.90342557
vt 0.13261329 0.90636986
vt 0.17150322 0.90801567
vt 0.20219389 0.89940333
vt 0.16214091 0.91375643
vt 0.15608467 0.90089530
vt 0.23002137 0.90186697
vt 0.14595276 0.91369313
vt 0.15387990 0.91957366
vt 0.13781556 0.92318267
vt 0.17086522 0.91514552
vt 0.17153934 0.89813167
vt 0.91767454 0.99213493
vt 0.92525208 0.99623632
vt 0.91870141 0.99704653
vt 0.90541917 0.99586099
vt 0.90348130 0.99245572
vt 0.88674247 0.99490553
vt 0.93155009 0.99270880
vt 0.93249685 0.99654675
vt 0.89519757 0.99162138
vt 0.94785887 0.99279201
vt 0.94574785 0.99769306
vt 0.96069747 0.99435741
vt 0.96799099 0.99955517
vt 0.95932174 0.99899477
vt 0.97097349 0.99668360
vt 0.97956830 0.99860770
vt 0.95193857 0.99830371
vt 0.98021835 0.99490249
vt 0.98686421 0.99878919
vt 0.97917485 0.97599220
vt 0.95939875 0.96972328
vt 0.96268928 0.95631641
vt 0.97618240 0.94535810
vt 0.96477014 0.93528318
vt 0.97320396 0.92330182
vt 0.86012632 0.91378242
vt 0.86293781 0.90320677
vt 0.88070369 0.91386259
vt 0.87663591 0.89542025
vt 0.87019753 0.93047410
vt 0.86003786 0.93141085
vt 0.86098409 0.87899262
vt 0.88398921 0.88308746
vt 0.88258159 0.86871266
vt 0.87200820 0.85181385
vt 0.88318872 0.84885609
vt 0.86805427 0.84756023
vt 0.85329121 0.86376381
vt 0.85718697 0.85140336
vt 0.84718543 0.84700364
vt 0.84668976 0.93015230
vt 0.84526104 0.90771574
vt 0.85036755 0.90763611
vt 0.85113597 0.88733727
vt 0.84219587 0.96375358
vt 0.87159371 0.96505380
vt 0.85055095 0.97711259
vt 0.87429243 0.97901040
vt 0.86241674 0.98708159
vt 0.88185173 0.94734466
vt 0.87444293 0.99227577
vt 0.84726959 0.99090892
vt 0.85893548 0.99233192
vt 0.88382185 0.98974276
vt 0.89169413 0.90254921
vt 0.83685100 0.84891611
vt 0.84153980 0.86472362
vt 0.83581877 0.86938345
vt 0.82951021 0.98990184
vt 0.83616173 0.94548452
vt 0.83102715 0.92461824
vt 0.83521938 0.88630408
vt 0.82934356 0.94759101
vt 0.81830251 0.93057609
vt 0.82425946 0.96795630
vt 0.89115793 0.95999384
vt 0.89724320 0.92979521
vt 0.89464980 0.87144059
vt 0.89635825 0.89047188
vt 0.88952887 0.97330970
vt 0.89710981 0.85292387
vt 0.89963740 0.84798217
vt 0.90513521 0.95394200
vt 0.82308888 0.90891886
vt 0.82382089 0.88793528
vt 0.82841617 0.87306195
vt 0.81340903 0.89008862
vt 0.81310678 0.91644746
vt 0.80698919 0.87688667
vt 0.81800961 0.86715806
vt 0.82134771 0.86307693
vt 0.83433843 0.86200005
vt 0.82236290 0.85251892
vt 0.81540257 0.84937948
vt 0.80790818 0.97564697
vt 0.80712980 0.96133697
vt 0.81722367 0.95572108
vt 0.80973947 0.94408530
vt 0.80393434 0.86472511
vt 0.80008423 0.88794649
vt 0.81357437 0.99463129
vt 0.79982430 0.99162006
vt 0.82363069 0.99419773
vt 0.79571259 0.94441426
vt 0.79199207 0.93494749
vt 0.80136973 0.92643774
vt 0.79727787 0.91854674
vt 0.80181569 0.84888852
vt 0.79060864 0.87787563
vt 0.79171038 0.89617217
vt 0.78829277 0.96479338
vt 0.78855032 0.98787540
vt 0.78494531 0.90665573
vt 0.79033446 0.85319477
vt 0.83160955 0.99454439
vt 0.84080708 0.99395978
vt 0.78053874 0.85005194
vt 0.77981186 0.88724232
vt 0.77440667 0.86179233
vt 0.77928364 0.94560158
vt 0.77669102 0.95512354
vt 0.77468848 0.92966884
vt 0.77563530 0.90098369
vt 0.78149253 0.86851043
vt 0.77503157 0.96319371
vt 0.77628052 0.97812712
vt 0.78201669 0.99471891
vt 0.79175299 0.99470669
vt 0.80233377 0.99527377
vt 0.76880872 0.85007954
vt 0.91024667 0.89588612
vt 0.91424745 0.93326557
vt 0.90235394 0.98393297
vt 0.90756345 0.87553114
vt 0.92012513 0.98036730
vt 0.91944706 0.94679385
vt 0.91385621 0.86213464
vt 0.91407841 0.84988534
vt 0.92197645 0.88207895
vt 0.88033837 0.99308240
vt 0.92164767 0.89730608
vt 0.91581488 0.90865296
vt 0.93427640 0.86342579
vt 0.92221963 0.92331183
vt 0.92212272 0.85066694
vt 0.93200248 0.90383029
vt 0.93611020 0.85200375
vt 0.93525046 0.87158895
vt 0.94324869 0.88623208
vt 0.93001491 0.98598713
vt 0.93356949 0.94005716
vt 0.93833941 0.92618024
vt 0.81853706 0.84413564
vt 0.88340247 0.84295166
vt 0.89842725 0.83663398
vt 0.91331553 0.83677626
vt 0.88379270 0.83636302
vt 0.87252533 0.84195542
vt 0.86804926 0.83621979
vt 0.85508502 0.83585411
vt 0.85358083 0.84255427
vt 0.83731633 0.84317595
vt 0.84574050 0.83585876
vt 0.82578510 0.83589143
vt 0.81338924 0.83628690
vt 0.79933673 0.84395599
vt 0.80289960 0.83671170
vt 0.79414815 0.83705014
vt 0.78746229 0.84451938
vt 0.78519464 0.83733571
vt 0.77778304 0.83769107
vt 0.77116847 0.84490967
vt 0.77117729 0.83816755
vt 0.76232255 0.83879924
vt 0.76569116 0.93844658
vt 0.76678056 0.87533194
vt 0.76459563 0.91430968
vt 0.76264006 0.89187264
vt 0.76441664 0.90448892
vt 0.76884001 0.99006617
vt 0.75359446 0.86507773
vt 0.75543803 0.85135633
vt 0.75813669 0.96889073
vt 0.75799716 0.95477229
vt 0.75709969 0.84643900
vt 0.75167155 0.83942920
vt 0.94168615 0.91298318
vt 0.94370413 0.97572595
vt 0.94687945 0.86813980
vt 0.94982207 0.85193741
vt 0.94864577 0.96254182
vt 0.91964477 0.84511030
vt 0.93082702 0.83773977
vt 0.95111161 0.89460367
vt 0.95411056 0.93604863
vt 0.94312620 0.94806236
vt 0.93888223 0.84650910
vt 0.96246719 0.91739339
vt 0.95861471 0.87838781
vt 0.96353644 0.86480194
vt 0.96471614 0.85340536
vt 0.94349456 0.83861959
vt 0.96293485 0.90102935
vt 0.97196168 0.88009024
vt 0.97985733 0.90233493
vt 0.97619694 0.85482144
vt 0.97816610 0.86742455
vt 0.95783037 0.83940977
vt 0.98492813 0.87785953
vt 0.77681565 0.99609667
vt 0.76874495 0.99656272
vt 0.76115429 0.99479854
vt 0.98541856 0.85569727
vt 0.99600357 0.87534350
vt 0.96953237 0.84022164
vt 0.97877753 0.84705156
vt 0.98289251 0.84142530
vt 0.75862885 0.99760854
vt 0.74555951 0.99703884
vt 0.74613416 0.99955517
vt 0.99405128 0.84880179
vt 0.99418247 0.84221214
vt 0.59117705 0.96510863
vt 0.59707224 0.96663702
vt 0.59905404 0.95596087
vt 0.58994663 0.95754421
vt 0.60353613 0.95844018
vt 0.60242069 0.96663702
vt 0.61017329 0.95645285
vt 0.61767316 0.95999545
vt 0.58900428 0.96284753
vt 0.58303732 0.96181732
vt 0.68092954 0.26668900
vt 0.68271202 0.25905132
vt 0.67362344 0.26527214
vt 0.67778301 0.27125072
vt 0.68696612 0.26773864
vt 0.67482013 0.27150387
vt 0.68575394 0.25698042
vt 0.68117136 0.24898237
vt 0.68354589 0.27235323
vt 0.68237209 0.27359486
vt 0.68807870 0.27359498
vt 0.67683262 0.27608156
vt 0.68586516 0.24600428
vt 0.68329406 0.23449391
vt 0.68419284 0.23045874
vt 0.67970747 0.22741127
vt 0.68383461 0.21935058
vt 0.68537110 0.27646601
vt 0.68738008 0.28021824
vt 0.68026149 0.27915812
vt 0.75643474 0.16119230
vt 0.77179831 0.16594285
vt 0.76551712 0.14745295
vt 0.78329277 0.15229392
vt 0.78801721 0.17304891
vt 0.80150872 0.16052788
vt 0.78393036 0.13008225
vt 0.80477631 0.14414036
vt 0.76061243 0.13869953
vt 0.80550277 0.13134909
vt 0.74443763 0.14442873
vt 0.74166006 0.16200721
vt 0.71471059 0.15941656
vt 0.72717941 0.13768846
vt 0.71169055 0.14573973
vt 0.82261890 0.13138396
vt 0.81031984 0.15701097
vt 0.81851846 0.16692454
vt 0.82393676 0.14724320
vt 0.80560690 0.17882311
vt 0.71403533 0.17250860
vt 0.74125493 0.17557788
vt 0.68385625 0.15300405
vt 0.68488795 0.16799647
vt 0.76299638 0.18507737
vt 0.78365844 0.18294573
vt 0.68324423 0.17905486
vt 0.73698193 0.18590164
vt 0.71095097 0.18321788
vt 0.82559896 0.16708046
vt 0.79706341 0.11613995
vt 0.71125448 0.13425887
vt 0.68290502 0.14815903
vt 0.68701154 0.13360608
vt 0.76763237 0.12470847
vt 0.78291166 0.11107498
vt 0.75036156 0.12903404
vt 0.74049073 0.12228096
vt 0.73623759 0.11561477
vt 0.71357518 0.11722690
vt 0.82192951 0.11680657
vt 0.70507723 0.11407793
vt 0.68800712 0.11323225
vt 0.75878686 0.11102951
vt 0.68208241 0.12493974
vt 0.68097645 0.11780649
vt 0.72835821 0.10224998
vt 0.68190509 0.13582426
vt 0.82332402 0.19111884
vt 0.78679937 0.19998121
vt 0.80667382 0.19525486
vt 0.77456963 0.19594538
vt 0.74874556 0.19840217
vt 0.68354291 0.19097161
vt 0.77238560 0.20868862
vt 0.76317853 0.21137816
vt 0.72275233 0.19822758
vt 0.74201256 0.21064985
vt 0.70135897 0.20171010
vt 0.68370080 0.20458084
vt 0.71329176 0.20945215
vt 0.80577350 0.20616567
vt 0.82309949 0.20297903
vt 0.82732767 0.20002407
vt 0.75199282 0.10282803
vt 0.71097851 0.10251820
vt 0.82237530 0.10086852
vt 0.69389498 0.10416776
vt 0.79596293 0.21820509
vt 0.78826946 0.09812135
vt 0.80306834 0.09990960
vt 0.81914127 0.09467328
vt 0.82425821 0.09328008
vt 0.82564199 0.13058031
vt 0.73879796 0.09776413
vt 0.78325313 0.22266012
vt 0.80855453 0.21671861
vt 0.82222402 0.22245139
vt 0.75762254 0.22403413
vt 0.73006356 0.22377443
vt 0.69869727 0.22129571
vt 0.67824221 0.19724560
vt 0.82597435 0.22257119
vt 0.76024741 0.09613729
vt 0.74686140 0.08788007
vt 0.67757487 0.18734938
vt 0.68121362 0.10995632
vt 0.82625657 0.11555493
vt 0.71555179 0.09388018
vt 0.69903094 0.09294683
vt 0.69547808 0.09877563
vt 0.71398091 0.23262548
vt 0.72708917 0.23562491
vt 0.74905902 0.23374248
vt 0.77011716 0.23184961
vt 0.79453379 0.23457849
vt 0.80072033 0.23096055
vt 0.80698168 0.23424482
vt 0.82404983 0.23573101
vt 0.80147117 0.23613858
vt 0.73886245 0.24294525
vt 0.75818282 0.24510264
vt 0.78262877 0.24705440
vt 0.81189072 0.24484038
vt 0.82479990 0.24242318
vt 0.70169079 0.24301183
vt 0.71487600 0.24292928
vt 0.79700983 0.25528699
vt 0.68071991 0.17285246
vt 0.72622830 0.24905646
vt 0.71163720 0.24595207
vt 0.68099272 0.20865750
vt 0.80993104 0.25887072
vt 0.82108736 0.25973839
vt 0.74915785 0.25790322
vt 0.77286780 0.25117183
vt 0.78656155 0.26158828
vt 0.77043468 0.26212925
vt 0.79094386 0.26772141
vt 0.72276765 0.26154983
vt 0.80252707 0.27181613
vt 0.82269770 0.26987642
vt 0.82514679 0.25114357
vt 0.73299873 0.27038139
vt 0.76714700 0.27360529
vt 0.77929062 0.27381957
vt 0.75536400 0.28159720
vt 0.82041746 0.08403194
vt 0.80565417 0.08121783
vt 0.81971079 0.07279921
vt 0.78062433 0.08380288
vt 0.75925905 0.08129460
vt 0.79581887 0.08676809
vt 0.77245754 0.06996948
vt 0.72252405 0.08272117
vt 0.80002022 0.06239980
vt 0.81827116 0.06115854
vt 0.70068401 0.08577025
vt 0.70431620 0.07396936
vt 0.75377595 0.06677115
vt 0.83136350 0.21726084
vt 0.83133560 0.18803614
vt 0.83555484 0.19337165
vt 0.83552313 0.21992564
vt 0.83614564 0.17630333
vt 0.83017087 0.16391408
vt 0.83572543 0.15429276
vt 0.83054370 0.13002825
vt 0.83459288 0.13084066
vt 0.83319753 0.11454409
vt 0.82954049 0.11016649
vt 0.83239204 0.09876359
vt 0.83162373 0.23987079
vt 0.83614564 0.24293113
vt 0.82815105 0.09281558
vt 0.83202511 0.08914936
vt 0.82788593 0.08457363
vt 0.83138305 0.08136523
vt 0.73802370 0.06768763
vt 0.78798968 0.28555751
vt 0.70725948 0.27257705
vt 0.72413695 0.27679658
vt 0.76218957 0.28541487
vt 0.81963581 0.28293473
vt 0.82338256 0.28107321
vt 0.77621305 0.28966123
vt 0.74217916 0.28256059
vt 0.80584478 0.29558110
vt 0.79123902 0.29255509
vt 0.82018477 0.30628788
vt 0.74552464 0.29775298
vt 0.71823734 0.28876144
vt 0.70137215 0.28210855
vt 0.73673761 0.29103303
vt 0.82189232 0.29636872
vt 0.75953990 0.30035967
vt 0.80211216 0.30953133
vt 0.79533708 0.30745625
vt 0.77750361 0.30549431
vt 0.78844690 0.30754030
vt 0.83547324 0.25708401
vt 0.83082342 0.26776612
vt 0.83514029 0.26777542
vt 0.68675458 0.28661966
vt 0.81919509 0.31551301
vt 0.73560506 0.30174124
vt 0.83343589 0.28084654
vt 0.82923448 0.27854419
vt 0.83268738 0.29131389
vt 0.79651028 0.32083321
vt 0.80798203 0.32403588
vt 0.81890947 0.33001006
vt 0.74896741 0.31053782
vt 0.78234446 0.32290530
vt 0.76354361 0.31831598
vt 0.71143091 0.30397725
vt 0.72443789 0.31678540
vt 0.69711447 0.30093068
vt 0.69871169 0.31422734
vt 0.68324143 0.30795360
vt 0.68460345 0.29535031
vt 0.68366605 0.31659269
vt 0.70463502 0.32858002
vt 0.68141353 0.31808001
vt 0.73385650 0.31902128
vt 0.82790416 0.30249476
vt 0.83231843 0.30305183
vt 0.83178633 0.31414837
vt 0.83094847 0.32375455
vt 0.75439543 0.32515466
vt 0.74327374 0.32874614
vt 0.68076062 0.33395308
vt 0.80795705 0.33869255
vt 0.77292240 0.33910990
vt 0.76271176 0.34019130
vt 0.70848197 0.33860767
vt 0.72374874 0.34632206
vt 0.69823599 0.34057516
vt 0.73495328 0.33523989
vt 0.79011458 0.34205317
vt 0.71258664 0.35364461
vt 0.74133754 0.34735471
vt 0.75248915 0.34909850
vt 0.69701773 0.35212195
vt 0.68028885 0.34443510
vt 0.82582700 0.07126218
vt 0.77638757 0.35759801
vt 0.79738814 0.35296035
vt 0.81064951 0.35638231
vt 0.72583097 0.36176515
vt 0.75055826 0.36038834
vt 0.76142102 0.36521351
vt 0.81595904 0.34756660
vt 0.81426346 0.36415005
vt 0.83028775 0.06881613
vt 0.82288474 0.05442441
vt 0.81506217 0.05273604
vt 0.69148391 0.06468654
vt 0.68703604 0.07589662
vt 0.69094694 0.08088994
vt 0.69276577 0.08703506
vt 0.68724400 0.08674097
vt 0.67942363 0.08429384
vt 0.67907995 0.07898813
vt 0.68024629 0.09628278
vt 0.68669027 0.09510350
vt 0.67999727 0.06937587
vt 0.69041455 0.09627497
vt 0.82881510 0.05523270
vt 0.80051166 0.04721892
vt 0.77978009 0.05387950
vt 0.75707352 0.05395734
vt 0.67892492 0.05931717
vt 0.72574663 0.06587988
vt 0.68147421 0.05321670
vt 0.70869547 0.06431431
vt 0.82049334 0.03894347
vt 0.82763344 0.04438365
vt 0.81456167 0.04198933
vt 0.73912364 0.04672343
vt 0.71194899 0.04428428
vt 0.82626665 0.03336298
vt 0.77276504 0.03911698
vt 0.79108918 0.04629385
vt 0.68230015 0.10290676
vt 0.02747330 0.51291931
vt 0.02955364 0.50587678
vt 0.02627499 0.48774296
vt 0.03099087 0.51556939
vt 0.03152753 0.48786294
vt 0.02528567 0.47738183
vt 0.03103610 0.47253895
vt 0.02580977 0.46383381
vt 0.03062869 0.46678197
vt 0.02824922 0.45883530
vt 0.02087034 0.47403735
vt 0.02196177 0.47590303
vt 0.02228585 0.46098614
vt 0.02510835 0.45329177
vt 0.03152753 0.45601213
vt 0.00754885 0.93629843
vt 0.01070486 0.95342451
vt 0.01071097 0.93805265
vt 0.00929079 0.91681492
vt 0.01141814 0.91696894
vt 0.01292914 0.95198357
vt 0.01376554 0.93576062
vt 0.01376554 0.96752667
vt 0.07152487 0.81954908
vt 0.06397876 0.81936646
vt 0.07090292 0.82373518
vt 0.08252969 0.82146448
vt 0.05742566 0.82240373
vt 0.05552625 0.81888789
vt 0.04763026 0.82117629
vt 0.08789791 0.82606763
vt 0.04533615 0.81806052
vt 0.04218473 0.82606763
vt 0.09653768 0.82444090
vt 0.10168739 0.82161957
vt 0.65470725 0.38548350
vt 0.65247202 0.39242142
vt 0.66073525 0.38443178
vt 0.66166121 0.37809736
vt 0.66972345 0.37274253
vt 0.66609669 0.36808228
vt 0.67451155 0.35793442
vt 0.67043394 0.35660791
vt 0.67267311 0.32879782
vt 0.66755676 0.32835352
vt 0.66686660 0.30114824
vt 0.67077559 0.30052626
vt 0.67161816 0.29651749
vt 0.66461140 0.27609503
vt 0.66950393 0.27763343
vt 0.66422564 0.25429112
vt 0.66857165 0.25309044
vt 0.66334081 0.23216319
vt 0.66763997 0.23570192
vt 0.66809231 0.22835004
vt 0.66615015 0.21041167
vt 0.66217130 0.20924419
vt 0.66033334 0.19304973
vt 0.66516811 0.19065058
vt 0.65902835 0.17032909
vt 0.66399103 0.17418814
vt 0.66177404 0.14812684
vt 0.66383928 0.14654434
vt 0.66204673 0.12888610
vt 0.63399827 0.18581402
vt 0.62170869 0.17064840
vt 0.62420708 0.21196014
vt 0.64582777 0.20684338
vt 0.64458847 0.18607008
vt 0.64634669 0.23452961
vt 0.62546706 0.23637778
vt 0.64437211 0.25342792
vt 0.62722158 0.25771797
vt 0.63825506 0.16359240
vt 0.64904886 0.28671217
vt 0.62973499 0.28865039
vt 0.65155733 0.31426340
vt 0.63222677 0.31236815
vt 0.66079366 0.33608836
vt 0.64087963 0.33652478
vt 0.62496853 0.33344162
vt 0.63867313 0.14500415
vt 0.61722928 0.13460064
vt 0.61597377 0.12327814
vt 0.64054990 0.12052816
vt 0.62003434 0.35759979
vt 0.64463264 0.36252582
vt 0.63496155 0.38387007
vt 0.60375088 0.33350861
vt 0.61527818 0.32288444
vt 0.61932045 0.30709451
vt 0.60071445 0.30230701
vt 0.61589110 0.29113013
vt 0.59248722 0.36082536
vt 0.61817282 0.38444781
vt 0.59252733 0.32282460
vt 0.64217246 0.15182650
vt 0.61090308 0.26604939
vt 0.60538626 0.28386784
vt 0.61483413 0.23630857
vt 0.60685557 0.23722655
vt 0.60377562 0.14525551
vt 0.60651672 0.20434517
vt 0.60251182 0.16323131
vt 0.60749328 0.18115330
vt 0.60349232 0.11703557
vt 0.59095943 0.28596836
vt 0.59292787 0.25379145
vt 0.59721643 0.22024536
vt 0.66059703 0.30893993
vt 0.63296372 0.10630840
vt 0.61713660 0.08513653
vt 0.60216540 0.07915723
vt 0.63567972 0.07398343
vt 0.59594923 0.37406003
vt 0.65705615 0.27336681
vt 0.65649921 0.24491435
vt 0.65730602 0.23037422
vt 0.64976662 0.13519955
vt 0.64657861 0.10274792
vt 0.65225834 0.17264116
vt 0.61620742 0.06448758
vt 0.60112756 0.05469906
vt 0.63156706 0.39184469
vt 0.59111321 0.22409403
vt 0.59859920 0.20493281
vt 0.59528357 0.18957996
vt 0.59373939 0.17808110
vt 0.59198493 0.15635490
vt 0.59052825 0.13422668
vt 0.59131670 0.10907567
vt 0.60851669 0.38756716
vt 0.63652873 0.05044723
vt 0.61506236 0.04486001
vt 0.63392878 0.04333621
vt 0.65413392 0.19700831
vt 0.65611506 0.21053672
vt 0.58961791 0.08568972
vt 0.58768702 0.05398268
vt 0.64388710 0.06920469
vt 0.59892994 0.04230094
vt 0.65377438 0.14375657
vt 0.58686501 0.19889271
vt 0.58832681 0.32120383
vt 0.58778596 0.29312611
vt 0.63980800 0.03350532
vt 0.58656567 0.25060815
vt 0.58640325 0.22900677
vt 0.58818436 0.04033124
vt 0.61416274 0.03236639
vt 0.64672852 0.04902267
vt 0.65454215 0.12614071
vt 0.58489132 0.18359804
vt 0.62568504 0.03031343
vt 0.65579730 0.15945965
vt 0.65519893 0.10951787
vt 0.65493989 0.08916974
vt 0.65291154 0.06090593
vt 0.60132205 0.03297287
vt 0.64378065 0.03565389
vt 0.65102595 0.39077348
vt 0.58844984 0.03518152
vt 0.65897042 0.04779094
vt 0.65487427 0.03175420
vt 0.61426252 0.39279360
vt 0.64018190 0.01704347
vt 0.63298768 0.01573944
vt 0.62397921 0.01663983
vt 0.61005718 0.02865767
vt 0.60177958 0.02027500
vt 0.58825707 0.02240658
vt 0.65839136 0.06740451
vt 0.65747124 0.08112311
vt 0.66505003 0.03665853
vt 0.65994412 0.02544910
vt 0.65248716 0.02086937
vt 0.65992755 0.11217684
vt 0.66087025 0.09155363
vt 0.65016079 0.01325792
vt 0.63700855 0.00934166
vt 0.65654588 0.01198304
vt 0.66546434 0.03853774
vt 0.66886377 0.02498788
vt 0.66519767 0.01615977
vt 0.66497964 0.05026096
vt 0.66260755 0.07409394
vt 0.67451155 0.01966393
vt 0.66290706 0.08304298
vt 0.66261530 0.10899907
vt 0.58391988 0.31370842
vt 0.58248818 0.30966532
vt 0.58346885 0.34268618
vt 0.58368969 0.28025556
vt 0.58563942 0.34294629
vt 0.58677071 0.35829246
vt 0.58178139 0.25204229
vt 0.58201581 0.23545909
vt 0.58193707 0.22642237
vt 0.58091092 0.20127571
vt 0.58148730 0.18731511
vt 0.58023930 0.17701870
vt 0.58428025 0.16820920
vt 0.57975650 0.16801274
vt 0.57917923 0.14951098
vt 0.58231318 0.13839906
vt 0.57680535 0.13489771
vt 0.57775587 0.11962223
vt 0.58390403 0.12452775
vt 0.58017182 0.09549654
vt 0.57451367 0.09973729
vt 0.57127655 0.08136123
vt 0.58714694 0.10333359
vt 0.57969713 0.07176155
vt 0.57244837 0.06810158
vt 0.57536525 0.05106044
vt 0.57628483 0.03870124
vt 0.56932914 0.03576297
vt 0.59235173 0.37636292
vt 0.56356126 0.04129273
vt 0.60109991 0.38704789
vt 0.56641752 0.02486777
vt 0.57502520 0.02445793
vt 0.55350333 0.03152466
vt 0.56636047 0.06378025
vt 0.58602202 0.36332667
vt 0.57682198 0.01468891
vt 0.56339550 0.01610827
vt 0.55014068 0.02276319
vt 0.56453818 0.05331081
vt 0.56122476 0.04692364
vt 0.55821657 0.03972542
vt 0.54662520 0.02951860
vt 0.59526843 0.38179195
vt 0.57993054 0.99065834
vt 0.57599276 0.98887902
vt 0.59991121 0.98903292
vt 0.56172293 0.99065834
vt 0.94457120 0.40187752
vt 0.94234890 0.39565516
vt 0.93957359 0.39947844
vt 0.93938082 0.40577269
vt 0.94340813 0.41095495
vt 0.94626999 0.39457297
vt 0.94239962 0.41529989
vt 0.93610227 0.41489536
vt 0.93839091 0.42243361
vt 0.93490273 0.42687875
vt 0.93518209 0.43483627
vt 0.94179803 0.42802405
vt 0.94076067 0.43646967
vt 0.94052356 0.44416940
vt 0.94012332 0.44831777
vt 0.93383658 0.45047265
vt 0.93729335 0.45383656
vt 0.93448097 0.46663153
vt 0.94050980 0.46003151
vt 0.93770492 0.47269809
vt 0.94096071 0.46760726
vt 0.94201750 0.47369039
vt 0.93682235 0.48297542
vt 0.94236016 0.48197341
vt 0.93916857 0.48890316
vt 0.94465011 0.49504572
vt 0.94494802 0.51090246
vt 0.94140983 0.50911909
vt 0.94626999 0.52179718
vt 0.94309938 0.41922772
vt 0.94572449 0.50188404
vt 0.94243819 0.43188643
vt 0.94207197 0.45377952
vt 0.75138420 0.43624640
vt 0.75621670 0.43905693
vt 0.75150132 0.43374872
vt 0.75621670 0.43193948
vt 0.74822378 0.43553495
vt 0.82282418 0.82428825
vt 0.81749558 0.82184845
vt 0.82282418 0.81895018
vt 0.45603907 0.85707873
vt 0.45246932 0.85008895
vt 0.45144534 0.85556322
vt 0.45603907 0.85270083
vt 0.44893429 0.85720640
vt 0.76416737 0.44237781
vt 0.76359069 0.44768739
vt 0.76854473 0.43799144
vt 0.75923854 0.45593488
vt 0.76353025 0.45950371
vt 0.75945431 0.47422159
vt 0.76948380 0.44813514
vt 0.75653332 0.47656417
vt 0.75773978 0.50928992
vt 0.76239848 0.51903713
vt 0.75972426 0.53754908
vt 0.75800246 0.53848481
vt 0.82882065 0.62817389
vt 0.81864035 0.63048273
vt 0.82465845 0.64478713
vt 0.83158749 0.64681453
vt 0.83197051 0.59087539
vt 0.82000047 0.61718929
vt 0.81629652 0.59416550
vt 0.82418483 0.57811791
vt 0.80746907 0.57963371
vt 0.82394242 0.53878808
vt 0.80103958 0.60991228
vt 0.83467460 0.55076802
vt 0.83544242 0.57933390
vt 0.80421108 0.54110968
vt 0.81625324 0.52306533
vt 0.80397213 0.51075321
vt 0.82396358 0.50059539
vt 0.82922536 0.51805103
vt 0.81061077 0.49012470
vt 0.82551199 0.47392774
vt 0.81050980 0.46760821
vt 0.79155993 0.49750960
vt 0.78252125 0.46704364
vt 0.77956975 0.49204838
vt 0.77834243 0.51392657
vt 0.79196936 0.53278250
vt 0.79260641 0.57536334
vt 0.78833979 0.59988713
vt 0.79028112 0.62038398
vt 0.79917848 0.62875086
vt 0.79702568 0.64530706
vt 0.78468519 0.59174371
vt 0.77272582 0.58349377
vt 0.77786040 0.53261536
vt 0.78275675 0.62115431
vt 0.77342957 0.61397600
vt 0.77620345 0.63761908
vt 0.76886767 0.55159110
vt 0.81194085 0.63865203
vt 0.80333424 0.65326613
vt 0.81356782 0.64846915
vt 0.81138134 0.66791815
vt 0.78826267 0.63218904
vt 0.80406588 0.45650029
vt 0.76541227 0.62356889
vt 0.76475424 0.61183506
vt 0.79926693 0.67476892
vt 0.78636819 0.65552044
vt 0.78666532 0.67466229
vt 0.77637434 0.66100347
vt 0.77342677 0.68255192
vt 0.78726357 0.68532407
vt 0.78029269 0.69499409
vt 0.79778540 0.69836634
vt 0.81120193 0.68367130
vt 0.81211680 0.70563906
vt 0.76628739 0.64918959
vt 0.76819062 0.49340272
vt 0.76660913 0.51995277
vt 0.82397902 0.69975233
vt 0.82367629 0.68671298
vt 0.83564049 0.68770677
vt 0.83279318 0.70903552
vt 0.83366001 0.67276871
vt 0.82212621 0.66617858
vt 0.82976025 0.66389847
vt 0.78581703 0.70114410
vt 0.82033169 0.71273804
vt 0.80707693 0.72834933
vt 0.79932356 0.70708835
vt 0.78526658 0.72001588
vt 0.79826230 0.72471166
vt 0.78794843 0.74487674
vt 0.78245527 0.72933227
vt 0.80025226 0.74616176
vt 0.77120012 0.74278224
vt 0.82751131 0.73037118
vt 0.83584732 0.74026883
vt 0.80825299 0.74707997
vt 0.81707293 0.73579955
vt 0.82392317 0.75239336
vt 0.78760064 0.45033002
vt 0.79775596 0.71493465
vt 0.77343863 0.71536213
vt 0.76625049 0.69447398
vt 0.76109129 0.71243745
vt 0.76645744 0.66558558
vt 0.76183873 0.69349223
vt 0.76274866 0.66495609
vt 0.76805097 0.72249269
vt 0.76060224 0.72855330
vt 0.82126939 0.72577006
vt 0.82768393 0.45433575
vt 0.81424278 0.44564104
vt 0.75923973 0.75519288
vt 0.83753973 0.64163530
vt 0.83794838 0.62867361
vt 0.76987129 0.46557128
vt 0.83713138 0.66153675
vt 0.83488995 0.75787920
vt 0.83580518 0.47477829
vt 0.83596647 0.51234341
vt 0.78436965 0.75185198
vt 0.77323252 0.75664055
vt 0.78921801 0.76779306
vt 0.77420563 0.77189338
vt 0.80451250 0.76217258
vt 0.79405111 0.78037727
vt 0.78915280 0.78199351
vt 0.78376228 0.77773905
vt 0.77869993 0.78945899
vt 0.76661223 0.78324842
vt 0.82594657 0.76725388
vt 0.81221896 0.77484286
vt 0.82246232 0.78469878
vt 0.81815261 0.79238772
vt 0.82956153 0.79255623
vt 0.76370645 0.79114801
vt 0.76372546 0.76568747
vt 0.75598347 0.76613045
vt 0.80370581 0.78273439
vt 0.79832977 0.79154617
vt 0.76584309 0.57267100
vt 0.76558167 0.59251904
vt 0.80706388 0.77463353
vt 0.80606323 0.43387198
vt 0.83525997 0.77158803
vt 0.76350248 0.48411107
vt 0.83940601 0.59894919
vt 0.84144896 0.52134824
vt 0.75668001 0.78478450
vt 0.84254050 0.46190548
vt 0.84240049 0.48411047
vt 0.78682709 0.43408185
vt 0.82296830 0.43658149
vt 0.83359152 0.79105431
vt 0.84149969 0.78347147
vt 0.84215289 0.78922999
vt 0.83986783 0.76826602
vt 0.76427275 0.63791084
vt 0.83686370 0.44893849
vt 0.83809638 0.70545149
vt 0.83945549 0.58053547
vt 0.84009016 0.55972588
vt 0.84071708 0.54396486
vt 0.75499630 0.75217122
vt 0.75391555 0.74339801
vt 0.75251341 0.79357010
vt 0.74991888 0.78648144
vt 0.75328350 0.77930719
vt 0.75110692 0.76853728
vt 0.74801415 0.78144234
vt 0.74467140 0.79059803
vt 0.77759159 0.43423307
vt 0.76498866 0.54749888
vt 0.83943450 0.74078119
vt 0.83770579 0.79628724
vt 0.84680283 0.79620546
vt 0.80402911 0.42662364
vt 0.82283276 0.42667711
vt 0.78789753 0.42660141
vt 0.75714880 0.71719539
vt 0.75919008 0.65075183
vt 0.77124321 0.79477936
vt 0.75626582 0.69964707
vt 0.75879341 0.67610872
vt 0.76146752 0.61331683
vt 0.75975096 0.59189546
vt 0.75983363 0.58289999
vt 0.75873858 0.56646717
vt 0.76204348 0.63020343
vt 0.75903952 0.61697239
vt 0.82661843 0.79668874
vt 0.81605512 0.79665250
vt 0.79803598 0.79681754
vt 0.77329993 0.43171448
vt 0.74546659 0.79759789
vt 0.75925064 0.64136338
vt 0.75964385 0.63095671
vt 0.84204370 0.66945374
vt 0.83914715 0.68616205
vt 0.84233171 0.68738270
vt 0.84186280 0.70759296
vt 0.83952004 0.67087638
vt 0.84051627 0.64840841
vt 0.84234488 0.73408854
vt 0.84289145 0.74335986
vt 0.84240854 0.64172423
vt 0.84241962 0.62513673
vt 0.84276766 0.60146856
vt 0.84463072 0.58739144
vt 0.84318650 0.57308400
vt 0.84435207 0.54580963
vt 0.84563875 0.51600236
vt 0.84659398 0.47628003
vt 0.84680283 0.45620006
vt 0.84057319 0.44239366
vt 0.83262885 0.43249798
vt 0.92939609 0.42362529
vt 0.91683978 0.42482209
vt 0.91489649 0.42304271
vt 0.90186501 0.42482209
vt 0.03685613 0.43193948
vt 0.03507993 0.42484140
vt 0.03685612 0.42304271
vt 0.88055062 0.80649465
vt 0.87788630 0.80083829
vt 0.88055062 0.79848754
vt 0.43428680 0.02535588
vt 0.42939609 0.02713525
vt 0.44182947 0.02713525
vt 0.38410303 0.51023132
vt 0.38765541 0.51023132
vt 0.38576245 0.50578290
vt 0.02619893 0.98887902
vt 0.02619893 0.99332738
vt 0.02353464 0.99115992
vt 0.02353464 0.86788255
vt 0.02907319 0.87055159
vt 0.02975133 0.86788255
vt 0.90780789 0.03870106
vt 0.91074598 0.03692174
vt 0.90097690 0.03692174
vt 0.53863233 0.36521351
vt 0.53863233 0.36788255
vt 0.53419185 0.36601269
vt 0.09991119 0.67838079
vt 0.10496386 0.68016016
vt 0.10968029 0.67838079
vt 0.11234459 0.33852315
vt 0.11500888 0.33852315
vt 0.11403877 0.33496439
vt 0.82904083 0.38211745
vt 0.83041918 0.38389683
vt 0.83436942 0.38211745
vt 0.83170515 0.80026692
vt 0.83259326 0.80350089
vt 0.83170515 0.80916369
vt 0.66740674 0.04048043
vt 0.67003888 0.04225981
vt 0.67184722 0.04048043
vt 0.87788630 0.82339859
vt 0.87877440 0.82671583
vt 0.87788630 0.83140570
vt 0.89881641 0.46574736
vt 0.91518652 0.46485764
vt 0.88854355 0.46485764
vt 0.19138543 0.96663702
vt 0.20026644 0.96663702
vt 0.19640857 0.96574736
vt 0.93028420 0.05459005
vt 0.92850798 0.05738437
vt 0.92850798 0.05293596
vt 0.21625222 0.92215300
vt 0.22690941 0.92215300
vt 0.22319187 0.92126334
vt 0.35746002 0.07526326
vt 0.36012432 0.05738437
vt 0.36012432 0.08407474
vt 0.58033293 0.70862991
vt 0.55195379 0.71040922
vt 0.58126110 0.71040922
vt 0.03152753 0.66859430
vt 0.04218473 0.66859430
vt 0.03820908 0.66681492
vt 0.86012435 0.06605434
vt 0.85834813 0.06717080
vt 0.85834813 0.05916369
vt 0.30723491 0.31168258
vt 0.31216720 0.30689013
vt 0.31894371 0.30978531
vt 0.30239907 0.31144571
vt 0.31853074 0.31685913
vt 0.30464536 0.32123435
vt 0.32351688 0.31546760
vt 0.32353646 0.30505323
vt 0.31336477 0.30101174
vt 0.30632687 0.29891014
vt 0.30902648 0.32378799
vt 0.32471344 0.31138462
vt 0.30645344 0.32669318
vt 0.30207458 0.30330753
vt 0.29499573 0.31676078
vt 0.29473779 0.32987100
vt 0.31700668 0.29669797
vt 0.30024984 0.33007038
vt 0.29479617 0.33415091
vt 0.29113707 0.33194220
vt 0.28820935 0.33573031
vt 0.28537628 0.32829922
vt 0.28119284 0.33019733
vt 0.28847584 0.32442677
vt 0.28449097 0.33706713
vt 0.31730446 0.32398850
vt 0.27944791 0.33615088
vt 0.27669284 0.34297156
vt 0.27614832 0.33500540
vt 0.28311804 0.34135407
vt 0.28918019 0.31554234
vt 0.29402503 0.32187670
vt 0.28543857 0.32043445
vt 0.32487413 0.29988849
vt 0.32414657 0.29404312
vt 0.31201643 0.28508139
vt 0.32197338 0.28066182
vt 0.31266052 0.27906382
vt 0.32151893 0.26810777
vt 0.32624629 0.27115035
vt 0.33376619 0.26297009
vt 0.34285510 0.26989233
vt 0.34059134 0.25190926
vt 0.34688812 0.25794578
vt 0.33918884 0.24381989
vt 0.35149878 0.24763334
vt 0.34417441 0.23138976
vt 0.33090538 0.23525214
vt 0.33643791 0.22718984
vt 0.34027019 0.21912336
vt 0.32445091 0.22093159
vt 0.35035652 0.21608853
vt 0.34810463 0.20520669
vt 0.35441485 0.20403618
vt 0.36480406 0.22086132
vt 0.36516917 0.21348059
vt 0.36460054 0.20507640
vt 0.37020940 0.20933294
vt 0.37005278 0.20388120
vt 0.37512633 0.20609754
vt 0.37362212 0.21552640
vt 0.38014966 0.21327662
vt 0.38271758 0.20159090
vt 0.37825420 0.19787341
vt 0.38410303 0.19701505
vt 0.37728634 0.18886662
vt 0.38160977 0.17782110
vt 0.37425801 0.18058729
vt 0.36962178 0.17242718
vt 0.36935487 0.18018466
vt 0.37853584 0.16391516
vt 0.36564457 0.15641665
vt 0.36274078 0.16581929
vt 0.37348217 0.15526885
vt 0.37753552 0.15442562
vt 0.37599489 0.14322948
vt 0.37933809 0.22376299
vt 0.37045547 0.18697816
vt 0.36750233 0.18570399
vt 0.35941166 0.19173181
vt 0.36263010 0.17592937
vt 0.34991837 0.18213242
vt 0.35941797 0.17365867
vt 0.35928789 0.16511208
vt 0.34555578 0.17172766
vt 0.33666030 0.17426050
vt 0.33006862 0.18338722
vt 0.33564696 0.19417119
vt 0.32757938 0.19661653
vt 0.33843064 0.20292610
vt 0.32707432 0.20614183
vt 0.32209915 0.19854784
vt 0.32236412 0.20950752
vt 0.33946165 0.16374826
vt 0.32711741 0.16425961
vt 0.33180016 0.16173851
vt 0.31739759 0.16041565
vt 0.31567687 0.17069066
vt 0.32523885 0.17365336
vt 0.32179716 0.17638940
vt 0.31603789 0.18292260
vt 0.30738831 0.17831016
vt 0.31357202 0.18879795
vt 0.30429420 0.18869984
vt 0.30079618 0.18132901
vt 0.29791674 0.17123377
vt 0.29586521 0.18269485
vt 0.31186527 0.19114715
vt 0.29838282 0.19730079
vt 0.30700284 0.16753620
vt 0.33307582 0.15161616
vt 0.32387620 0.14629352
vt 0.32888716 0.14253652
vt 0.33983764 0.14634937
vt 0.33920532 0.13773799
vt 0.31289110 0.14039314
vt 0.34888938 0.14549106
vt 0.32794935 0.13352036
vt 0.34890822 0.13378406
vt 0.35200277 0.14241934
vt 0.35697585 0.14591908
vt 0.35549194 0.15370882
vt 0.36174804 0.14791650
vt 0.35975486 0.14198893
vt 0.36416319 0.14722794
vt 0.36207399 0.15368378
vt 0.36478874 0.14231914
vt 0.36032906 0.13392377
vt 0.36716667 0.13195670
vt 0.36288598 0.13000542
vt 0.35776657 0.12541366
vt 0.36658391 0.12791735
vt 0.35787660 0.13632679
vt 0.33427674 0.12878764
vt 0.32440284 0.13806951
vt 0.31203952 0.19815844
vt 0.32984868 0.17115229
vt 0.34032735 0.15497458
vt 0.34860992 0.16399890
vt 0.29528543 0.19060558
vt 0.28840014 0.17447132
vt 0.28724948 0.16284299
vt 0.28207025 0.16632509
vt 0.27964225 0.15820968
vt 0.27163097 0.16128653
vt 0.27263951 0.15361184
vt 0.27750099 0.15283728
vt 0.27555871 0.14609730
vt 0.26697469 0.14833450
vt 0.27052495 0.13820779
vt 0.25887966 0.14443678
vt 0.26482040 0.13337827
vt 0.27023548 0.13000339
vt 0.26739028 0.12413579
vt 0.27994066 0.13700777
vt 0.25512889 0.13454527
vt 0.25675166 0.12504017
vt 0.25860187 0.11594510
vt 0.26759580 0.11255991
vt 0.25988021 0.11056709
vt 0.25286642 0.11435634
vt 0.25567162 0.10671163
vt 0.24925007 0.11053431
vt 0.25360069 0.10262132
vt 0.25881636 0.10032463
vt 0.25454137 0.09487879
vt 0.25786093 0.08893061
vt 0.24641922 0.08705193
vt 0.24813892 0.08330309
vt 0.24184340 0.08398789
vt 0.24606393 0.07494605
vt 0.23972157 0.07546967
vt 0.23453109 0.08183545
vt 0.22978498 0.07854015
vt 0.22960298 0.08465946
vt 0.23047617 0.08898646
vt 0.22657232 0.08809376
vt 0.23050231 0.09496683
vt 0.22804466 0.09848922
vt 0.23714754 0.09642869
vt 0.22466755 0.09495026
vt 0.21834123 0.09578967
vt 0.23671654 0.10297221
vt 0.24000241 0.10243732
vt 0.22898574 0.10608947
vt 0.23408690 0.10821259
vt 0.23891924 0.10768163
vt 0.23789531 0.11150002
vt 0.23174225 0.11349177
vt 0.22288996 0.10190451
vt 0.22900368 0.07295918
vt 0.22492081 0.07258898
vt 0.22420385 0.07751852
vt 0.22241963 0.08789486
vt 0.22687930 0.06969386
vt 0.22397621 0.06795484
vt 0.21950817 0.07266426
vt 0.21815334 0.06856650
vt 0.21410550 0.06934482
vt 0.21695665 0.06082362
vt 0.21407640 0.07318568
vt 0.21006396 0.06881583
vt 0.20672436 0.06994987
vt 0.20477931 0.06511420
vt 0.20354560 0.07034028
vt 0.19691473 0.06570506
vt 0.20050612 0.06061113
vt 0.19521192 0.05991393
vt 0.20301850 0.05675060
vt 0.20547388 0.05269009
vt 0.19983573 0.05237836
vt 0.18984087 0.05560201
vt 0.19305563 0.05196750
vt 0.18658313 0.04760909
vt 0.18244943 0.05001843
vt 0.19351465 0.04607517
vt 0.19152077 0.03995812
vt 0.19557312 0.03905636
vt 0.19975743 0.02959424
vt 0.20333609 0.03260982
vt 0.20323367 0.04293144
vt 0.20648530 0.03860003
vt 0.20840365 0.04295284
vt 0.20777182 0.04797834
vt 0.21200548 0.05033690
vt 0.21376966 0.04764682
vt 0.21319658 0.04205281
vt 0.21801905 0.04610711
vt 0.21700601 0.04070616
vt 0.22255982 0.04200208
vt 0.22399612 0.04572964
vt 0.23117778 0.04625547
vt 0.23204163 0.04146063
vt 0.23508359 0.04505843
vt 0.23603739 0.04195952
vt 0.23291069 0.03482431
vt 0.22881047 0.03328240
vt 0.23722588 0.03607547
vt 0.24376661 0.03800726
vt 0.21155128 0.03889954
vt 0.19021451 0.02864867
vt 0.18597573 0.03802347
vt 0.19736895 0.02692592
vt 0.19458778 0.02326840
vt 0.20597182 0.01680213
vt 0.20647091 0.01186037
vt 0.21311331 0.00692898
vt 0.21824706 0.00684053
vt 0.22145475 0.00044483
vt 0.21726122 0.01411599
vt 0.22264251 0.00748503
vt 0.20967312 0.02295250
vt 0.18395016 0.03119576
vt 0.18505466 0.04236394
vt 0.19960792 0.01497096
vt 0.18533018 0.05805475
vt 0.18935776 0.06240839
vt 0.17951912 0.05217558
vt 0.17302792 0.04296249
vt 0.17542544 0.04086709
vt 0.17079490 0.03866941
vt 0.17183001 0.04996765
vt 0.17286082 0.05906713
vt 0.16943075 0.05538750
vt 0.16716276 0.05916917
vt 0.16251017 0.05405003
vt 0.16291557 0.05893022
vt 0.16254638 0.06738579
vt 0.15583210 0.05334860
vt 0.17071079 0.06469727
vt 0.16910869 0.06741953
vt 0.17463559 0.07299280
vt 0.15595773 0.06682026
vt 0.15615852 0.06243193
vt 0.17703320 0.06648868
vt 0.16348857 0.07181287
vt 0.16499706 0.05069768
vt 0.20128803 0.04682928
vt 0.19619118 0.07085407
vt 0.19231078 0.06757039
vt 0.18969840 0.07085299
vt 0.19202156 0.07589513
vt 0.18429706 0.08074170
vt 0.18162943 0.07554728
vt 0.17901629 0.08006072
vt 0.17949550 0.08467972
vt 0.18726401 0.08533967
vt 0.17844234 0.08997715
vt 0.17520873 0.08920187
vt 0.17403878 0.08355522
vt 0.17361131 0.09311378
vt 0.16861035 0.08700681
vt 0.18208532 0.09070593
vt 0.19095938 0.08852744
vt 0.20086098 0.07555813
vt 0.18932854 0.08079052
vt 0.18458141 0.06970155
vt 0.17798285 0.07359540
vt 0.18462056 0.06532025
vt 0.20813704 0.05627185
vt 0.17911571 0.06342220
vt 0.22602177 0.05796897
vt 0.21559249 0.07792401
vt 0.21976063 0.07908404
vt 0.24386802 0.05285847
vt 0.23715025 0.06320488
vt 0.23583981 0.09040719
vt 0.24636860 0.09378815
vt 0.25238279 0.07367080
vt 0.25651556 0.07991642
vt 0.26580101 0.07184780
vt 0.25747395 0.06301296
vt 0.26904401 0.06245339
vt 0.25945848 0.05688351
vt 0.26517794 0.05349499
vt 0.26163355 0.05224097
vt 0.25898409 0.04310334
vt 0.25461957 0.05446309
vt 0.24645850 0.04350924
vt 0.24676970 0.05019110
vt 0.25107941 0.05462843
vt 0.26375008 0.04620975
vt 0.25268012 0.04073113
vt 0.25415829 0.05863464
vt 0.26993671 0.05129707
vt 0.27338532 0.05526704
vt 0.28081822 0.06104201
vt 0.27863157 0.04879493
vt 0.28476369 0.04706216
vt 0.28107926 0.07381773
vt 0.29140711 0.05162615
vt 0.28092852 0.04314345
vt 0.27410585 0.04293811
vt 0.28889829 0.04293060
vt 0.26750541 0.08168650
vt 0.28928605 0.06520921
vt 0.24866623 0.09733254
vt 0.26620302 0.10638225
vt 0.24853174 0.13102221
vt 0.24641530 0.12136865
vt 0.24433929 0.12976581
vt 0.24375939 0.13628221
vt 0.23653391 0.11927694
vt 0.23776735 0.12307352
vt 0.23171316 0.11932665
vt 0.23445937 0.11571801
vt 0.22811475 0.11426055
vt 0.22905095 0.12087578
vt 0.25569063 0.11987239
vt 0.23821306 0.13185865
vt 0.28410974 0.09011674
vt 0.27238208 0.08747351
vt 0.29042822 0.08409297
vt 0.29245454 0.09041482
vt 0.29960117 0.08734024
vt 0.29459941 0.07842642
vt 0.30062598 0.07933491
vt 0.31451270 0.08480555
vt 0.30881563 0.09409654
vt 0.31674901 0.09793532
vt 0.31824914 0.09355980
vt 0.32085842 0.08344734
vt 0.29736534 0.09270203
vt 0.31385818 0.07720548
vt 0.32133707 0.07832384
vt 0.32639763 0.08085847
vt 0.32990304 0.08584750
vt 0.32949993 0.07752669
vt 0.32445237 0.07270420
vt 0.33637375 0.08430094
vt 0.33471623 0.09094989
vt 0.34330633 0.08949375
vt 0.34663466 0.08265007
vt 0.34164673 0.07887381
vt 0.34122899 0.09398532
vt 0.33193159 0.09323978
vt 0.34233314 0.09916425
vt 0.33235306 0.09879076
vt 0.33822492 0.10733038
vt 0.34630847 0.10431957
vt 0.34627753 0.11103565
vt 0.35201594 0.10999918
vt 0.35183373 0.11524200
vt 0.35479724 0.11152107
vt 0.35754451 0.11813277
vt 0.35561675 0.12312800
vt 0.36371434 0.11995733
vt 0.36205381 0.11024523
vt 0.34863773 0.12049890
vt 0.32815775 0.11044335
vt 0.32543755 0.10233939
vt 0.33451438 0.07456386
vt 0.32147700 0.10507059
vt 0.31689489 0.11358994
vt 0.32653299 0.11918044
vt 0.31488714 0.12080973
vt 0.31202978 0.10914981
vt 0.30523610 0.12270463
vt 0.30783951 0.12930143
vt 0.30322829 0.10830534
vt 0.29833114 0.11928928
vt 0.29598433 0.11502159
vt 0.28762394 0.12223184
vt 0.28823841 0.11439502
vt 0.27937198 0.11877549
vt 0.28711805 0.10549378
vt 0.29290608 0.10762620
vt 0.29443601 0.12498939
vt 0.32089925 0.13403982
vt 0.33098394 0.12148243
vt 0.30241823 0.07120383
vt 0.30940494 0.06663620
vt 0.29754829 0.06412548
vt 0.32249805 0.09486341
vt 0.25023624 0.14293611
vt 0.22319241 0.03764844
vt 0.22557649 0.11081111
vt 0.22074360 0.11050373
vt 0.22255632 0.11564773
vt 0.21651998 0.11155707
vt 0.22768380 0.11330330
vt 0.21705879 0.11785924
vt 0.21169291 0.11063135
vt 0.21079682 0.11705291
vt 0.21396524 0.12277055
vt 0.20974211 0.12067068
vt 0.20581999 0.12839997
vt 0.20445277 0.12246275
vt 0.20103115 0.12684900
vt 0.19939511 0.11850929
vt 0.20586087 0.13594747
vt 0.20999791 0.12959069
vt 0.21032524 0.13594061
vt 0.21560423 0.13283318
vt 0.21271934 0.13935924
vt 0.19713771 0.13314140
vt 0.19506837 0.13020515
vt 0.18635100 0.13233900
vt 0.18929750 0.13020146
vt 0.19271839 0.12682378
vt 0.18842646 0.12275767
vt 0.20769939 0.11650026
vt 0.21512200 0.12592459
vt 0.19584380 0.13547647
vt 0.18449123 0.12182307
vt 0.18119460 0.12817550
vt 0.17739318 0.12242401
vt 0.17934406 0.11704063
vt 0.17515507 0.11696309
vt 0.17794837 0.11395633
vt 0.17491938 0.11031252
vt 0.17188568 0.12142223
vt 0.18233377 0.10617876
vt 0.18753478 0.11038011
vt 0.19097292 0.10399860
vt 0.19844362 0.10760558
vt 0.18693164 0.09820199
vt 0.19718157 0.10057634
vt 0.19230880 0.11735630
vt 0.17300780 0.12999237
vt 0.17896697 0.13159597
vt 0.17613064 0.13544148
vt 0.17061263 0.13821399
vt 0.17374553 0.14151615
vt 0.17889996 0.14360589
vt 0.16973330 0.14378536
vt 0.17267965 0.14916193
vt 0.18183382 0.14939785
vt 0.18632545 0.14807409
vt 0.18286742 0.14129734
vt 0.19208178 0.14209366
vt 0.19380589 0.14709860
vt 0.18956390 0.15122372
vt 0.19424923 0.15521842
vt 0.19744447 0.15133321
vt 0.20211071 0.14826131
vt 0.20356727 0.15620559
vt 0.19935024 0.14309919
vt 0.18509160 0.15823549
vt 0.17619903 0.15839070
vt 0.17438066 0.16219395
vt 0.16927136 0.15560299
vt 0.17041272 0.16619229
vt 0.17290761 0.16858339
vt 0.15884779 0.16562879
vt 0.16104618 0.16064835
vt 0.16363908 0.17388552
vt 0.17979264 0.17832506
vt 0.18097906 0.17221701
vt 0.18338574 0.17282706
vt 0.18635142 0.16844487
vt 0.19311497 0.17628241
vt 0.19353355 0.16832817
vt 0.19794919 0.17331183
vt 0.19519202 0.18375385
vt 0.20568298 0.18733352
vt 0.20564997 0.17271686
vt 0.21248044 0.18603820
vt 0.21340589 0.17050135
vt 0.20674552 0.20129579
vt 0.21571793 0.19726944
vt 0.22465798 0.18849623
vt 0.21736906 0.20784664
vt 0.20861819 0.21610188
vt 0.21604118 0.22193676
vt 0.21443982 0.23102373
vt 0.22593635 0.22036278
vt 0.20107947 0.22382241
vt 0.19400102 0.23177850
vt 0.19183882 0.22399485
vt 0.18762021 0.22600472
vt 0.18684773 0.21442705
vt 0.18649250 0.23648071
vt 0.19799213 0.24531454
vt 0.19894052 0.24161965
vt 0.19357093 0.21710044
vt 0.17840374 0.21465081
vt 0.17600247 0.23155558
vt 0.17270175 0.21898925
vt 0.16354313 0.22806954
vt 0.16275825 0.21360755
vt 0.15762649 0.22126859
vt 0.15917857 0.21140313
vt 0.16102757 0.20208579
vt 0.17587946 0.23777932
vt 0.16950968 0.20885736
vt 0.15340956 0.21559703
vt 0.15557297 0.22773433
vt 0.16938132 0.23531312
vt 0.18530396 0.24585068
vt 0.22072729 0.20055264
vt 0.23193452 0.20193690
vt 0.23343869 0.19619817
vt 0.24116722 0.19097483
vt 0.24939325 0.19717240
vt 0.22969347 0.17972672
vt 0.25399950 0.19190478
vt 0.24779780 0.18336082
vt 0.24354526 0.17806828
vt 0.25211993 0.18101895
vt 0.23803204 0.17675525
vt 0.24108072 0.20728219
vt 0.20436795 0.21270585
vt 0.20141636 0.20298123
vt 0.19669284 0.19769830
vt 0.22074811 0.23464811
vt 0.23150727 0.23309231
vt 0.21825691 0.24544013
vt 0.21066548 0.24322689
vt 0.22495295 0.24552232
vt 0.21932228 0.25131631
vt 0.21465100 0.25286007
vt 0.22259752 0.25907898
vt 0.24061438 0.24346638
vt 0.24937962 0.23355603
vt 0.24630721 0.22402936
vt 0.25230214 0.24349773
vt 0.26170060 0.23920000
vt 0.26159996 0.22195852
vt 0.26495296 0.22549200
vt 0.27138484 0.21673024
vt 0.27155671 0.22421390
vt 0.28636053 0.21698517
vt 0.27841276 0.23215401
vt 0.25873312 0.20848310
vt 0.27326494 0.20953923
vt 0.26422450 0.20218349
vt 0.27116480 0.23485625
vt 0.25390357 0.21738160
vt 0.20396662 0.16754293
vt 0.19394092 0.18814975
vt 0.20557734 0.24732310
vt 0.23498736 0.22370398
vt 0.20414083 0.23314238
vt 0.19613944 0.20341295
vt 0.25182018 0.25395668
vt 0.18635528 0.17983276
vt 0.22997968 0.20812643
vt 0.23321894 0.24755663
vt 0.20332216 0.21785128
vt 0.15582806 0.17206186
vt 0.15117534 0.17947954
vt 0.16345651 0.18305558
vt 0.17081818 0.18758565
vt 0.15969385 0.19147515
vt 0.17369203 0.18335760
vt 0.15549181 0.15814662
vt 0.15877168 0.15664989
vt 0.24005821 0.25719118
vt 0.14894710 0.16537982
vt 0.16227768 0.15411508
vt 0.18248045 0.16610944
vt 0.24239510 0.21300960
vt 0.14627323 0.18781924
vt 0.14274348 0.18207806
vt 0.14329053 0.17512113
vt 0.13703494 0.17510825
vt 0.13799444 0.16728085
vt 0.13337043 0.16992152
vt 0.12607990 0.17575431
vt 0.12766503 0.17067444
vt 0.12508585 0.16683304
vt 0.11933556 0.16854185
vt 0.11898943 0.17366940
vt 0.11508954 0.16812885
vt 0.12694721 0.18186808
vt 0.11679252 0.17770094
vt 0.12180742 0.16521943
vt 0.13564757 0.16265738
vt 0.13552848 0.18350458
vt 0.17112646 0.19263375
vt 0.16856018 0.19711196
vt 0.21501945 0.16299266
vt 0.23331743 0.16605294
vt 0.21916699 0.15711355
vt 0.23324533 0.15574020
vt 0.23820698 0.16360235
vt 0.24411024 0.15994197
vt 0.22373694 0.15130752
vt 0.21575342 0.15126389
vt 0.22392531 0.17757595
vt 0.11097794 0.17278421
vt 0.10973556 0.16294765
vt 0.10524821 0.16939795
vt 0.10471655 0.16091055
vt 0.10829236 0.15338826
vt 0.10296722 0.15237373
vt 0.10181034 0.14527929
vt 0.10682094 0.13919199
vt 0.11883496 0.14623547
vt 0.11486386 0.13043690
vt 0.10498824 0.12997198
vt 0.10058971 0.13513738
vt 0.12319569 0.12868714
vt 0.12794009 0.14037395
vt 0.12346926 0.14959109
vt 0.13452013 0.15073633
vt 0.12721300 0.15372032
vt 0.12188610 0.15895861
vt 0.13633890 0.14755130
vt 0.14389120 0.15432900
vt 0.14035612 0.15573061
vt 0.13556993 0.13864440
vt 0.11953387 0.12467480
vt 0.14065968 0.14705026
vt 0.13166022 0.13042760
vt 0.13223529 0.12370467
vt 0.13030624 0.11722898
vt 0.13829386 0.12252015
vt 0.13930508 0.11338007
vt 0.13943410 0.10419631
vt 0.14308874 0.10879278
vt 0.14873230 0.10441464
vt 0.14218707 0.09909016
vt 0.14876136 0.09923464
vt 0.15436606 0.10235727
vt 0.15682700 0.10594875
vt 0.14253373 0.09313506
vt 0.15123501 0.10817391
vt 0.15367219 0.09685540
vt 0.13370872 0.10255492
vt 0.14057064 0.12927115
vt 0.15353137 0.08405054
vt 0.15942666 0.08976018
vt 0.16050979 0.09599626
vt 0.14710002 0.08372259
vt 0.14367923 0.08858871
vt 0.15081456 0.07972425
vt 0.15650451 0.07850492
vt 0.13580500 0.09062612
vt 0.14804964 0.07666337
vt 0.15895572 0.07475352
vt 0.14927080 0.07135540
vt 0.15378061 0.06825376
vt 0.14679000 0.06413472
vt 0.14508931 0.06895697
vt 0.15001535 0.06100625
vt 0.14275342 0.06154370
vt 0.16509822 0.08305657
vt 0.14748375 0.07388979
vt 0.15847589 0.06959879
vt 0.13211359 0.09315956
vt 0.13446538 0.08395326
vt 0.14303567 0.08051372
vt 0.13056819 0.08807075
vt 0.10878412 0.11847520
vt 0.10176126 0.11910641
vt 0.09908477 0.12372828
vt 0.09520774 0.11612767
vt 0.09458800 0.12360471
vt 0.10244717 0.11576265
vt 0.08941033 0.11679089
vt 0.08945116 0.12521738
vt 0.09056108 0.11182171
vt 0.08390334 0.11521524
vt 0.08066198 0.11946762
vt 0.08786144 0.11075538
vt 0.09338867 0.10499442
vt 0.09837437 0.10602504
vt 0.10059348 0.10059202
vt 0.09578916 0.09770632
vt 0.10300046 0.09599173
vt 0.09943032 0.08855337
vt 0.10668989 0.10054678
vt 0.11282854 0.09695345
vt 0.11193471 0.10010546
vt 0.11846666 0.10062325
vt 0.11399771 0.09252620
vt 0.11752054 0.09448963
vt 0.12145313 0.08694172
vt 0.10979677 0.08819526
vt 0.11688371 0.08267498
vt 0.12496005 0.08231181
vt 0.13112368 0.08702797
vt 0.12756856 0.07921213
vt 0.13299410 0.07993299
vt 0.13060132 0.07426846
vt 0.12331806 0.07318538
vt 0.12791483 0.06792372
vt 0.13824503 0.07241178
vt 0.11244616 0.08286494
vt 0.11300921 0.07501900
vt 0.12089143 0.07703507
vt 0.12233072 0.09765625
vt 0.10793544 0.09209502
vt 0.09347029 0.09028244
vt 0.08923827 0.09741950
vt 0.08673613 0.09186220
vt 0.08967741 0.08817077
vt 0.08476471 0.08676648
vt 0.08506337 0.07944447
vt 0.08006757 0.08124864
vt 0.07678128 0.08349299
vt 0.07757306 0.07478446
vt 0.08380213 0.09393620
vt 0.07995151 0.09102452
vt 0.07358462 0.08940077
vt 0.06967013 0.08525109
vt 0.07171150 0.08143049
vt 0.06681171 0.08292311
vt 0.06805950 0.08981419
vt 0.06427541 0.08762509
vt 0.07559972 0.09521127
vt 0.10568090 0.10515428
vt 0.08998822 0.10360229
vt 0.09230909 0.08564603
vt 0.08092699 0.11134136
vt 0.08373644 0.12826240
vt 0.07973558 0.10746437
vt 0.07502402 0.11712480
vt 0.07673848 0.12163234
vt 0.07142513 0.11982286
vt 0.07091826 0.12270927
vt 0.06328201 0.12339085
vt 0.06697024 0.12643319
vt 0.06268653 0.13399786
vt 0.06825167 0.13587081
vt 0.06183173 0.13989162
vt 0.05699953 0.13229012
vt 0.05710022 0.13837141
vt 0.05284010 0.13388324
vt 0.05085753 0.14145356
vt 0.05272241 0.14577347
vt 0.05442258 0.14810276
vt 0.05480593 0.15361226
vt 0.04798744 0.14783996
vt 0.04440185 0.14736402
vt 0.04280856 0.15228146
vt 0.05181669 0.15669018
vt 0.05279705 0.16040963
vt 0.04903315 0.15916896
vt 0.05841556 0.15393806
vt 0.04656256 0.15551746
vt 0.05049609 0.16595030
vt 0.06015698 0.16008466
vt 0.06697813 0.15535575
vt 0.06278022 0.16254687
vt 0.07084395 0.15690619
vt 0.06155703 0.15198427
vt 0.07017909 0.14923513
vt 0.07630277 0.15356034
vt 0.07505442 0.16481781
vt 0.07821908 0.16117179
vt 0.08349556 0.15690696
vt 0.08276547 0.15068793
vt 0.08149076 0.16624743
vt 0.07608575 0.14790738
vt 0.07024501 0.16227877
vt 0.06701784 0.14898002
vt 0.05834998 0.16237217
vt 0.04098283 0.14886409
vt 0.03960443 0.15344536
vt 0.03140788 0.14976561
vt 0.03409272 0.15658087
vt 0.04841624 0.16954750
vt 0.04104842 0.16202378
vt 0.04082087 0.16659129
vt 0.04442021 0.17146111
vt 0.04888939 0.17603922
vt 0.03791674 0.16541803
vt 0.05342632 0.17373621
vt 0.03859694 0.16984874
vt 0.03532991 0.17543942
vt 0.03500080 0.16845065
vt 0.03781296 0.17949677
vt 0.03234921 0.17898703
vt 0.03942775 0.18032873
vt 0.03062395 0.17229658
vt 0.03676116 0.18503290
vt 0.04361568 0.18009585
vt 0.04673909 0.14350337
vt 0.04438195 0.14159775
vt 0.02802696 0.16088116
vt 0.02374560 0.15201128
vt 0.02511428 0.14455807
vt 0.01901177 0.14642477
vt 0.02236813 0.14182281
vt 0.02597259 0.13658363
vt 0.03602926 0.13484430
vt 0.03859904 0.12380624
vt 0.04041085 0.13503891
vt 0.04500200 0.12549752
vt 0.04687842 0.13400000
vt 0.04891013 0.13871133
vt 0.05236159 0.12681323
vt 0.05092609 0.11906576
vt 0.05498557 0.12217057
vt 0.05873627 0.11989021
vt 0.05137184 0.11541188
vt 0.05634377 0.11328065
vt 0.06591346 0.11553895
vt 0.06485785 0.11364943
vt 0.06872237 0.11077249
vt 0.06353921 0.10651094
vt 0.06395885 0.12117290
vt 0.06731148 0.11955601
vt 0.05872227 0.12544239
vt 0.04665640 0.11406535
vt 0.01790247 0.16015410
vt 0.03420661 0.16161191
vt 0.03808045 0.15992594
vt 0.03032326 0.16577810
vt 0.04048835 0.14084017
vt 0.03987684 0.15589046
vt 0.04889306 0.14212573
vt 0.07207774 0.11467242
vt 0.06709863 0.11510223
vt 0.07303992 0.10911322
vt 0.07717006 0.11072510
vt 0.11317676 0.11662412
vt 0.01377090 0.16028017
vt 0.01512240 0.16420245
vt 0.00813989 0.16998863
vt 0.01083540 0.17538035
vt 0.00816745 0.17681038
vt 0.01004400 0.18862587
vt 0.00534340 0.18513829
vt 0.00310728 0.19241816
vt 0.00557275 0.19946694
vt 0.01096603 0.19424653
vt 0.01770477 0.19636065
vt 0.02127925 0.18956769
vt 0.02236254 0.19363129
vt 0.02380082 0.19125390
vt 0.02766373 0.19162238
vt 0.02176943 0.19712484
vt 0.01900381 0.20078969
vt 0.02437418 0.20326197
vt 0.01839828 0.20335913
vt 0.02127478 0.20915103
vt 0.02731908 0.20816386
vt 0.03220481 0.20717078
vt 0.02948773 0.20006269
vt 0.03603600 0.20417315
vt 0.03530382 0.20760322
vt 0.03960977 0.20671493
vt 0.03453318 0.21363616
vt 0.04021319 0.21245205
vt 0.03794304 0.22046602
vt 0.04034621 0.22244316
vt 0.03552865 0.22680461
vt 0.03552573 0.23075277
vt 0.04214880 0.23143667
vt 0.03799102 0.23535627
vt 0.04654543 0.23948920
vt 0.05113376 0.23587257
vt 0.04716026 0.22941041
vt 0.03244077 0.23503226
vt 0.02648052 0.23203915
vt 0.02692016 0.23936325
vt 0.03467303 0.24289298
vt 0.02373392 0.24510276
vt 0.02721635 0.24788260
vt 0.02208223 0.25196362
vt 0.02683850 0.25515473
vt 0.01539393 0.25929856
vt 0.02257630 0.26403278
vt 0.03394117 0.26238692
vt 0.03209031 0.25498521
vt 0.02941546 0.25334871
vt 0.03371642 0.26917851
vt 0.02412094 0.27512002
vt 0.02060969 0.27671999
vt 0.03663113 0.25662804
vt 0.04067883 0.25632471
vt 0.03528720 0.25044537
vt 0.01030762 0.26793748
vt 0.02987016 0.27902055
vt 0.04071795 0.28089905
vt 0.04996312 0.27123141
vt 0.05246671 0.28117853
vt 0.05938064 0.27742779
vt 0.05486982 0.26849985
vt 0.04824040 0.26409316
vt 0.05189288 0.26301944
vt 0.05018971 0.26008201
vt 0.04798662 0.25785166
vt 0.05237641 0.25426483
vt 0.05673684 0.25574625
vt 0.05340097 0.24840528
vt 0.06138683 0.25082505
vt 0.05643943 0.24628490
vt 0.06068967 0.26194143
vt 0.05927887 0.24297112
vt 0.05602440 0.23700380
vt 0.06419216 0.24333733
vt 0.04830647 0.24951732
vt 0.05826177 0.28270608
vt 0.06425645 0.27812636
vt 0.06227310 0.28446156
vt 0.06962537 0.28464240
vt 0.05527244 0.28700233
vt 0.05580838 0.29084992
vt 0.06538069 0.29029202
vt 0.04847413 0.29431355
vt 0.04938691 0.28542393
vt 0.04772031 0.28846264
vt 0.04254081 0.29377615
vt 0.04637665 0.29867184
vt 0.05120499 0.30079234
vt 0.04764238 0.30269551
vt 0.05444993 0.30493569
vt 0.04478941 0.30599105
vt 0.05519243 0.31152689
vt 0.05928591 0.30902457
vt 0.06020660 0.30378437
vt 0.05793069 0.29644549
vt 0.06315570 0.29867804
vt 0.06404665 0.30940235
vt 0.06711545 0.29973406
vt 0.05984788 0.31311619
vt 0.06507327 0.31649154
vt 0.06240961 0.31900048
vt 0.05654533 0.32019842
vt 0.05519963 0.31437451
vt 0.05022929 0.32453012
vt 0.04883907 0.31520855
vt 0.05172680 0.31275952
vt 0.04235593 0.32092267
vt 0.03887094 0.31391102
vt 0.04614026 0.32906413
vt 0.05301466 0.32971448
vt 0.05958608 0.31122351
vt 0.04904068 0.31039417
vt 0.04349490 0.30276418
vt 0.03961242 0.30674654
vt 0.03918377 0.29749024
vt 0.04236818 0.30040783
vt 0.04413344 0.28463054
vt 0.06860203 0.28961533
vt 0.05472649 0.29788494
vt 0.06861342 0.27581507
vt 0.06501389 0.27432179
vt 0.03488708 0.29351020
vt 0.03703792 0.28953499
vt 0.03141332 0.28991866
vt 0.03713954 0.28416729
vt 0.02715860 0.29283881
vt 0.02930234 0.29902434
vt 0.05353801 0.28438222
vt 0.03180763 0.28300929
vt 0.04505129 0.26566100
vt 0.01853066 0.24527651
vt 0.01237651 0.25166094
vt 0.01165828 0.24392283
vt 0.00447961 0.24690133
vt 0.00771044 0.24053448
vt 0.01277453 0.23760694
vt 0.00279478 0.23935896
vt 0.00522810 0.22979605
vt 0.01787495 0.23965186
vt 0.00715839 0.25626838
vt 0.04073570 0.23865300
vt 0.02537862 0.22383821
vt 0.03704530 0.24285787
vt 0.02238397 0.23745918
vt 0.02119600 0.23276222
vt 0.02312953 0.22775048
vt 0.05081221 0.23276818
vt 0.04567803 0.22450018
vt 0.05480020 0.22891349
vt 0.03308186 0.22543025
vt 0.04515301 0.20627415
vt 0.05046983 0.20459348
vt 0.04717592 0.19766837
vt 0.04181365 0.19992262
vt 0.04205357 0.19507021
vt 0.04709424 0.19323170
vt 0.04193520 0.18973869
vt 0.04027389 0.19121170
vt 0.03920081 0.18636990
vt 0.03635476 0.19147903
vt 0.03513716 0.18605125
vt 0.05515265 0.19793010
vt 0.05509468 0.20637029
vt 0.05338496 0.21087968
vt 0.05721194 0.21051270
vt 0.04944187 0.21347493
vt 0.06029122 0.20363855
vt 0.04970738 0.22147942
vt 0.04139091 0.20365614
vt 0.05520330 0.19017649
vt 0.06043734 0.19481468
vt 0.05817516 0.18524224
vt 0.06345081 0.18419808
vt 0.06573685 0.18790299
vt 0.06971703 0.18872476
vt 0.06914004 0.19472885
vt 0.07451694 0.18745780
vt 0.06997450 0.17846262
vt 0.07531887 0.19457048
vt 0.08151723 0.19039440
vt 0.07524434 0.18154937
vt 0.08404139 0.18035531
vt 0.07892222 0.17856222
vt 0.07747214 0.17599237
vt 0.08036719 0.20084727
vt 0.08305888 0.19722474
vt 0.08565967 0.20325422
vt 0.07737447 0.20730233
vt 0.07959800 0.21170324
vt 0.07400516 0.20748544
vt 0.06986140 0.21811903
vt 0.06598262 0.21825379
vt 0.06905057 0.22398996
vt 0.05989920 0.21868521
vt 0.06036404 0.22231776
vt 0.06646193 0.22850752
vt 0.05920561 0.23071474
vt 0.06183708 0.21324259
vt 0.06721707 0.23469210
vt 0.07502615 0.22036523
vt 0.08526241 0.21584672
vt 0.08959169 0.20943636
vt 0.09121264 0.20217121
vt 0.09013359 0.21617323
vt 0.09183725 0.21971852
vt 0.08520602 0.22234917
vt 0.09078518 0.22552371
vt 0.09571559 0.21247160
vt 0.08358508 0.22505224
vt 0.09068760 0.23498780
vt 0.08605442 0.23353577
vt 0.07739127 0.22773051
vt 0.07783816 0.23366880
vt 0.08034999 0.23996693
vt 0.07686548 0.24036491
vt 0.07096936 0.23726511
vt 0.07203069 0.24132204
vt 0.07349633 0.24928850
vt 0.08217859 0.25127196
vt 0.06626379 0.24107707
vt 0.06685705 0.23643291
vt 0.09670442 0.22818756
vt 0.08496293 0.23901176
vt 0.09514342 0.23892045
vt 0.09255379 0.24434042
vt 0.10533756 0.23104173
vt 0.10119220 0.24132085
vt 0.07646190 0.20030034
vt 0.07236493 0.17987192
vt 0.03729764 0.19542706
vt 0.06568658 0.19795412
vt 0.02998511 0.21191496
vt 0.03383059 0.21091747
vt 0.01480656 0.20593119
vt 0.02186931 0.21587861
vt 0.00141155 0.20188373
vt 0.00394152 0.20989358
vt 0.00870062 0.20494044
vt 0.00458757 0.21817458
vt 0.00903304 0.21203649
vt 0.01145068 0.21867967
vt 0.01246833 0.22167903
vt 0.00499169 0.22592521
vt 0.00044405 0.21256435
vt 0.01494086 0.21668398
vt 0.00189756 0.21991849
vt 0.01458603 0.18001091
vt 0.02775827 0.19759774
vt 0.09854867 0.14057958
vt 0.09416727 0.17953718
vt 0.09445065 0.18820107
vt 0.10157820 0.18682146
vt 0.10122977 0.19764417
vt 0.01241051 0.27369952
vt 0.01702482 0.28120899
vt 0.18727259 0.20581901
vt 0.17964110 0.20163822
vt 0.17579056 0.15263706
vt 0.18680994 0.13970685
vt 0.16541731 0.13557285
vt 0.17442916 0.10065573
vt 0.19702941 0.11286891
vt 0.20170483 0.11038673
vt 0.18354988 0.11547780
vt 0.16852181 0.11742634
vt 0.19777359 0.11805356
vt 0.15818219 0.09997487
vt 0.18309784 0.13631904
vt 0.35472062 0.10689002
vt 0.24217075 0.11562335
vt 0.11719914 0.15709209
vt 0.16266729 0.07828534
vt 0.27595964 0.24318773
vt 0.15031826 0.23366010
vt 0.15007253 0.22769797
vt 0.14250575 0.22773367
vt 0.14700963 0.24328828
vt 0.16059364 0.24672318
vt 0.14888677 0.25150251
vt 0.16219251 0.25277597
vt 0.16647708 0.24844772
vt 0.16676435 0.25935066
vt 0.16065614 0.25550228
vt 0.17530081 0.25399220
vt 0.16746697 0.26945782
vt 0.17704169 0.27099586
vt 0.16574891 0.27645779
vt 0.16187987 0.27800459
vt 0.16017370 0.27265930
vt 0.15321967 0.25799853
vt 0.17999664 0.26195145
vt 0.18316995 0.26974261
vt 0.17903474 0.27603197
vt 0.18380751 0.27612996
vt 0.18512845 0.28169322
vt 0.18996888 0.28241146
vt 0.18976383 0.27635956
vt 0.18587551 0.28753191
vt 0.19538741 0.28485048
vt 0.18887669 0.29134238
vt 0.17619838 0.29298043
vt 0.17674223 0.28742099
vt 0.17136092 0.29424655
vt 0.18321423 0.29696834
vt 0.19390632 0.29170144
vt 0.19503537 0.29756117
vt 0.20052190 0.29946554
vt 0.19015010 0.29856414
vt 0.19352274 0.30419421
vt 0.20057505 0.30711198
vt 0.20456609 0.30386722
vt 0.21114951 0.29629731
vt 0.21411781 0.30332267
vt 0.20693503 0.30960631
vt 0.19645189 0.30826664
vt 0.21601745 0.30009580
vt 0.22207424 0.30739105
vt 0.22367051 0.29508400
vt 0.22985694 0.30674797
vt 0.21920410 0.31515801
vt 0.23007308 0.31388962
vt 0.23687112 0.30383146
vt 0.23717566 0.29135740
vt 0.22738068 0.31969357
vt 0.21417947 0.31842864
vt 0.21372150 0.32492691
vt 0.20743108 0.32431471
vt 0.20292184 0.31739950
vt 0.19852890 0.32302094
vt 0.19643484 0.31850094
vt 0.19382016 0.32524240
vt 0.19255604 0.31891656
vt 0.18388760 0.32266688
vt 0.18720163 0.32800233
vt 0.19300497 0.33260345
vt 0.17969233 0.32354826
vt 0.17726634 0.33027923
vt 0.17363741 0.32988822
vt 0.17671201 0.33660054
vt 0.17564724 0.32563031
vt 0.16839682 0.32805622
vt 0.17005463 0.33890909
vt 0.17517076 0.34234011
vt 0.16183488 0.34297156
vt 0.15465303 0.33893079
vt 0.18533377 0.34137726
vt 0.18836875 0.33744299
vt 0.19962589 0.33650070
vt 0.16369492 0.33371371
vt 0.18059686 0.32070714
vt 0.17653783 0.31888688
vt 0.19934864 0.32800710
vt 0.18808514 0.33432293
vt 0.17112988 0.32460409
vt 0.18983735 0.31655121
vt 0.23181006 0.32700568
vt 0.21826455 0.33300716
vt 0.21511844 0.33132589
vt 0.20829666 0.33741456
vt 0.21627185 0.29173732
vt 0.17098232 0.32088608
vt 0.20798749 0.32970542
vt 0.16493680 0.29572231
vt 0.16667297 0.28835523
vt 0.15904632 0.29384911
vt 0.15297586 0.29767203
vt 0.15922882 0.30132318
vt 0.15409230 0.30482662
vt 0.15845923 0.31229293
vt 0.14628892 0.29666448
vt 0.16546579 0.30891466
vt 0.15048641 0.30031765
vt 0.15513034 0.28763324
vt 0.17025524 0.30023104
vt 0.20422789 0.29523206
vt 0.18172316 0.29984236
vt 0.17929414 0.28218377
vt 0.18791580 0.26819748
vt 0.18357627 0.25175679
vt 0.18691479 0.25680041
vt 0.18618667 0.25132501
vt 0.19130215 0.25537890
vt 0.15642123 0.27915359
vt 0.15048669 0.27794933
vt 0.14936471 0.28189230
vt 0.14449862 0.28054583
vt 0.14557689 0.27363479
vt 0.16571327 0.26527238
vt 0.13775027 0.24516737
vt 0.14064197 0.23628867
vt 0.25005713 0.25964648
vt 0.24115340 0.26334727
vt 0.25361112 0.26237071
vt 0.24616753 0.26626492
vt 0.26152322 0.15345579
vt 0.24122627 0.16887653
vt 0.22482625 0.03351557
vt 0.17800687 0.24750072
vt 0.00109750 0.23446512
vt 0.25224325 0.21076250
vt 0.27514598 0.03942180
vt 0.27718017 0.03625506
vt 0.26688209 0.03651828
vt 0.27021971 0.03064936
vt 0.27314416 0.03022021
vt 0.09649803 0.12930858
vt 0.15340863 0.13776779
vt 0.16291372 0.14894038
vt 0.19120556 0.20090258
vt 0.01617375 0.23463511
vt 0.20703936 0.28600448
vt 0.18850985 0.24842346
vt 0.14659825 0.26922458
vt 0.13410509 0.26678973
vt 0.14387561 0.26199710
vt 0.14908385 0.26637077
vt 0.14696625 0.26054645
vt 0.15088896 0.26158792
vt 0.15332438 0.26729453
vt 0.13994116 0.25932026
vt 0.30410635 0.10209942
vt 0.20971981 0.25266027
vt 0.21102332 0.25853598
vt 0.30405006 0.13508928
vt 0.28631106 0.15515542
vt 0.29397842 0.15350562
vt 0.26465559 0.17032820
vt 0.17427929 0.20328510
vt 0.16720167 0.13033682
vt 0.23560445 0.21542180
vt 0.19902383 0.13808209
vt 0.20967476 0.14498258
vt 0.20173384 0.33418894
vt 0.20804849 0.33395606
vt 0.20909728 0.23589325
vt 0.29621071 0.05492538
vt 0.28671622 0.07303900
vt 0.13833776 0.27862996
vt 0.14076310 0.28741616
vt 0.30441564 0.05821884
vt 0.31314689 0.06674576
vt 0.31293523 0.05458742
vt 0.30460361 0.05007297
vt 0.30927902 0.04896325
vt 0.30150691 0.04260141
vt 0.32013994 0.05959350
vt 0.34427971 0.12528908
vt 0.20919596 0.14941519
vt 0.20972079 0.14477140
vt 0.17021520 0.09517723
vt 0.04780133 0.19062543
vt 0.30547428 0.15083158
vt 0.18637773 0.26166570
vt 0.23303103 0.25643659
vt 0.23168978 0.26332015
vt 0.27685982 0.12626815
vt 0.08433816 0.10592258
vt 0.24813591 0.27152979
vt 0.25703755 0.26740599
vt 0.26331764 0.27105838
vt 0.25464585 0.27941608
vt 0.22403486 0.26643300
vt 0.02191172 0.24127001
vt 0.01229479 0.26148927
vt 0.29695618 0.15930027
vt 0.14555176 0.16877115
vt 0.37290451 0.22852927
vt 0.36456963 0.17064059
vt 0.37219986 0.19602376
vt 0.36830932 0.14620340
vt 0.36098745 0.15797603
vt 0.37774926 0.23053455
vt 0.37604702 0.23793596
vt 0.36686286 0.23342252
vt 0.36943123 0.23912966
vt 0.37363780 0.24442971
vt 0.36303976 0.24810004
vt 0.36897254 0.24921513
vt 0.36155039 0.25299120
vt 0.36416948 0.25997412
vt 0.36214775 0.24140173
vt 0.35692954 0.24274403
vt 0.36227828 0.23547840
vt 0.14020087 0.25268662
vt 0.13239810 0.25106990
vt 0.13690928 0.25588393
vt 0.13319251 0.25721788
vt 0.12643011 0.25046170
vt 0.12482253 0.25474775
vt 0.11901209 0.25049740
vt 0.12796351 0.24504060
vt 0.21418095 0.26595378
vt 0.21162733 0.27728665
vt 0.20651701 0.27146775
vt 0.20703876 0.27566719
vt 0.20274226 0.28125542
vt 0.21132517 0.28599668
vt 0.19882607 0.27578282
vt 0.22163586 0.27837449
vt 0.20547023 0.26337695
vt 0.31993249 0.07321554
vt 0.24400853 0.14105368
vt 0.23827718 0.14740592
vt 0.06014336 0.26670694
vt 0.19603191 0.26264751
vt 0.30122852 0.13773692
vt 0.28366086 0.14341855
vt 0.06797218 0.30911988
vt 0.16505943 0.08966815
vt 0.33675256 0.12331712
vt 0.18913379 0.26434660
vt 0.27346835 0.10432738
vt 0.20183147 0.25852925
vt 0.20490073 0.11038882
vt 0.07062486 0.22995579
vt 0.28786874 0.18065500
vt 0.26470414 0.25377506
vt 0.28095689 0.25140649
vt 0.28842464 0.24427366
vt 0.27859971 0.25767279
vt 0.18714677 0.11350542
vt 0.29095593 0.20978403
vt 0.25784042 0.28319830
vt 0.24738674 0.28934264
vt 0.16783725 0.07477123
vt 0.17134501 0.08056140
vt 0.17270356 0.07765770
vt 0.03128159 0.18297064
vt 0.02760578 0.17948556
vt 0.12614942 0.11561698
vt 0.12592252 0.10753328
vt 0.12403092 0.11103624
vt 0.11894590 0.10512877
vt 0.12635928 0.10336673
vt 0.12884621 0.16141856
vt 0.15050493 0.15496761
vt 0.19720773 0.21796334
vt 0.28868419 0.13336653
vt 0.36786225 0.22505224
vt 0.20705339 0.24045736
vt 0.11857589 0.11153823
vt 0.27012938 0.04565233
vt 0.21463124 0.13982499
vt 0.19586006 0.13953888
vt 0.28522581 0.03566569
vt 0.29130858 0.03990692
vt 0.16929407 0.08238584
vt 0.16518658 0.08315295
vt 0.04642330 0.25382817
vt 0.04466299 0.25823039
vt 0.15084668 0.22175109
vt 0.24208671 0.27940977
vt 0.36823666 0.12084913
vt 0.18543300 0.08981568
vt 0.02463310 0.18496186
vt 0.04165179 0.25138605
vt 0.21659172 0.02278316
vt 0.21209586 0.03121591
vt 0.18835130 0.29992843
vt 0.02170332 0.18672204
vt 0.29090127 0.20234698
vt 0.16951731 0.24323392
vt 0.24139996 0.15249723
vt 0.19632445 0.25676692
vt 0.18510470 0.31789064
vt 0.18492493 0.31022584
vt 0.17909406 0.31028140
vt 0.02864699 0.21712226
vt 0.13645287 0.08143640
vt 0.23833665 0.28675348
vt 0.24284054 0.30197060
vt 0.21922648 0.08667713
vt 0.07285500 0.30164802
vt 0.13343018 0.07141668
vt 0.13664398 0.06736416
vt 0.13998318 0.06602401
vt 0.11845815 0.07207370
vt 0.05602432 0.26335180
vt 0.07596053 0.12811577
vt 0.05526098 0.18019307
vt 0.13115419 0.06571758
vt 0.12606363 0.06061131
vt 0.13045332 0.06029695
vt 0.12596381 0.05399561
vt 0.12388950 0.06350148
vt 0.11929033 0.05749893
vt 0.13372695 0.05735147
vt 0.35739192 0.10162276
vt 0.19911617 0.28313148
vt 0.09770419 0.08456373
vt 0.10450947 0.08512181
vt 0.10160724 0.07810223
vt 0.10816953 0.08480644
vt 0.10963225 0.07874686
vt 0.11066612 0.07259619
vt 0.10110855 0.06722522
vt 0.10997911 0.06605965
vt 0.10271837 0.06298536
vt 0.11467794 0.06355184
vt 0.10791714 0.05782735
vt 0.11388791 0.05812573
vt 0.11240052 0.05461144
vt 0.11481249 0.04980677
vt 0.10393672 0.05207765
vt 0.09837872 0.07037902
vt 0.12135421 0.05392057
vt 0.12116164 0.05154848
vt 0.11770123 0.04752880
vt 0.11274870 0.04146278
vt 0.10478187 0.04643607
vt 0.12771516 0.05311507
vt 0.12103596 0.04356092
vt 0.11768328 0.03811824
vt 0.12514623 0.04274702
vt 0.09437483 0.05990982
vt 0.08833420 0.06799269
vt 0.08810330 0.06361449
vt 0.08312670 0.06754112
vt 0.07903413 0.06301475
vt 0.08619668 0.05877358
vt 0.07673492 0.05684978
vt 0.07195643 0.06168377
vt 0.08377662 0.05300832
vt 0.07528540 0.06936955
vt 0.09120725 0.05511492
vt 0.09204159 0.04920924
vt 0.09685164 0.05156207
vt 0.14114138 0.25810230
vt 0.19637492 0.16261131
vt 0.12857476 0.24245292
vt 0.02351672 0.22111201
vt 0.31799445 0.19253051
vt 0.17092080 0.27486396
vt 0.17839839 0.03270185
vt 0.20486663 0.24271452
vt 0.30674046 0.14062381
vt 0.29820740 0.04794836
vt 0.07322644 0.07887727
vt 0.17874202 0.19333875
vt 0.23594792 0.13673216
vt 0.06442114 0.20922238
vt 0.34730685 0.19380283
vt 0.33285618 0.21097207
vt 0.36878604 0.19871640
vt 0.32735980 0.24413246
vt 0.35839516 0.25647342
vt 0.35128218 0.23655325
vt 0.35476848 0.26543212
vt 0.33766863 0.27837598
vt 0.34313717 0.28930759
vt 0.35372433 0.27630866
vt 0.32919374 0.28232986
vt 0.33200464 0.29826176
vt 0.33086058 0.30526841
vt 0.10728960 0.04879165
vt 0.15715373 0.13167208
vt 0.06090925 0.12592685
vt 0.31334057 0.25708699
vt 0.31229690 0.23151052
vt 0.09092073 0.25762409
vt 0.34727317 0.28939509
vt 0.35343081 0.28219604
vt 0.35927916 0.27413893
vt 0.35221636 0.28858525
vt 0.34370580 0.29871368
vt 0.34599760 0.30392092
vt 0.34112337 0.29536051
vt 0.09541599 0.15562785
vt 0.15837896 0.33156955
vt 0.15260524 0.32833540
vt 0.15737912 0.32311362
vt 0.35954934 0.26862717
vt 0.04434057 0.22014916
vt 0.20930439 0.03463542
vt 0.06582161 0.16697955
vt 0.05219396 0.24193144
vt 0.02471173 0.16423464
vt 0.02214231 0.17521834
vt 0.02769727 0.17237002
vt 0.01273078 0.20022535
vt 0.08510870 0.32266402
vt 0.06100813 0.14569497
vt 0.13791500 0.21141124
vt 0.12136306 0.06830037
vt 0.16113448 0.26232886
vt 0.35501838 0.12954849
vt 0.04929588 0.10861307
vt 0.16056235 0.28468341
vt 0.09789933 0.05752414
vt 0.18366882 0.19701719
vt 0.19686717 0.07838082
vt 0.20289144 0.08183521
vt 0.20495191 0.07759672
vt 0.21083030 0.07962358
vt 0.19519390 0.08112323
vt 0.20983957 0.08385128
vt 0.21387078 0.08426064
vt 0.21145484 0.08735412
vt 0.21101087 0.06159610
vt 0.23985538 0.26960093
vt 0.28341204 0.26495326
vt 0.09019873 0.07575458
vt 0.15056789 0.28988868
vt 0.36008182 0.19972372
vt 0.22969300 0.28686810
vt 0.22230926 0.28912175
vt 0.05574480 0.16680926
vt 0.19089791 0.13836360
vt 0.07494649 0.17116821
vt 0.19610955 0.26897085
vt 0.21874923 0.03155243
vt 0.17327951 0.28326279
vt 0.22039092 0.05313492
vt 0.26350263 0.04104614
vt 0.14907682 0.11322463
vt 0.08298735 0.21996796
vt 0.06011041 0.16725171
vt 0.03019732 0.25091279
vt 0.19819483 0.21274692
vt 0.11886784 0.06203890
vt 0.14228034 0.16241324
vt 0.14140031 0.07444209
vt 0.21454623 0.08969855
vt 0.21056814 0.09480280
vt 0.21297638 0.10239381
vt 0.20730449 0.09161144
vt 0.37386173 0.13331211
vt 0.16346659 0.32941377
vt 0.13778564 0.07798499
vt 0.16856682 0.15144753
vt 0.04211799 0.24188310
vt 0.08820428 0.24290496
vt 0.16483806 0.12205815
vt 0.01612030 0.22078335
vt 0.06980408 0.20527810
vt 0.01615221 0.22555321
vt 0.03654719 0.30557895
vt 0.03342858 0.30719900
vt 0.10490044 0.21588486
vt 0.21792793 0.10541821
vt 0.10226054 0.34027612
vt 0.08137153 0.13905811
vt 0.23541108 0.27854347
vt 0.21178508 0.10505307
vt 0.13033885 0.26231319
vt 0.12673846 0.26513624
vt 0.10684834 0.10854423
vt 0.28003511 0.30398726
vt 0.20920976 0.14192319
vt 0.06167882 0.23395520
vt 0.07203502 0.09864855
vt 0.06681664 0.09694010
vt 0.06224711 0.09292871
vt 0.06204564 0.09842604
vt 0.06731673 0.10232955
vt 0.07777159 0.10075587
vt 0.13505781 0.05031657
vt 0.13850048 0.05691832
vt 0.13787076 0.05985570
vt 0.14461780 0.06098419
vt 0.04031232 0.28780645
vt 0.35001782 0.15863514
vt 0.29004946 0.09842080
vt 0.36005235 0.22910428
vt 0.20666185 0.28836977
vt 0.07398796 0.13474119
vt 0.33527014 0.30902296
vt 0.00079872 0.22418368
vt 0.20283999 0.10220265
vt 0.24552597 0.10580194
vt 0.36304593 0.26511502
vt 0.20533049 0.25362110
vt 0.15661182 0.11004192
vt 0.03664148 0.20124775
vt 0.15365459 0.06614113
vt 0.06817869 0.07395959
vt 0.15623288 0.26352340
vt 0.20728457 0.07454824
vt 0.29095984 0.29000652
vt 0.11324262 0.10778803
vt 0.09212906 0.13948584
vt 0.32717261 0.29196763
vt 0.10182399 0.10812819
vt 0.16750062 0.28248477
vt 0.06206937 0.17474347
vt 0.04405944 0.16016185
vt 0.05264997 0.13016033
vt 0.08742570 0.26385677
vt 0.32623294 0.06643939
vt 0.11953375 0.30804741
vt 0.07124190 0.20023203
vt 0.10838673 0.08637983
vt 0.21270914 0.30678451
vt 0.03025733 0.17547959
vt 0.03586013 0.14559114
vt 0.22468582 0.02920920
vt 0.23403758 0.03040081
vt 0.20287417 0.09015554
vt 0.22252752 0.02820039
vt 0.35740107 0.26120025
vt 0.25298136 0.32511878
vt 0.19641180 0.24853909
vt 0.05446406 0.10856807
vt 0.18681966 0.18759358
vt 0.02711673 0.28649819
vt 0.03287196 0.21896476
vt 0.13427848 0.08209258
vt 0.07118489 0.10386801
vt 0.07342573 0.10449308
vt 0.06919169 0.10264397
vt 0.06326032 0.08958280
vt 0.02374257 0.29174948
vt 0.19690219 0.27726412
vt 0.05628897 0.09898740
vt 0.23071203 0.14136034
vt 0.11613588 0.06773585
vt 0.11125343 0.06876487
vt 0.20435737 0.11574650
vt 0.13082708 0.04526877
vt 0.13501048 0.04353786
vt 0.02988798 0.22376001
vt 0.24162564 0.09236020
vt 0.04622301 0.30998218
vt 0.20712683 0.31460774
vt 0.01175504 0.23127854
vt 0.17556943 0.30992609
vt 0.25559300 0.02604187
vt 0.12638235 0.03386360
vt 0.13103871 0.03768408
vt 0.10920551 0.27662116
vt 0.18568909 0.30429339
vt 0.13629064 0.07740235
vt 0.13631441 0.03236336
vt 0.18000142 0.04094106
vt 0.05180861 0.10257888
vt 0.08102706 0.09501010
vt 0.15557493 0.14726609
vt 0.05931848 0.09014344
vt 0.06498615 0.20083857
vt 0.03457635 0.16781092
vt 0.02968974 0.16705018
vt 0.01716285 0.21395653
vt 0.22336581 0.08238983
vt 0.21300209 0.08268476
vt 0.01619258 0.23003542
vt 0.07868913 0.29059374
vt 0.19414677 0.31313634
vt 0.14132304 0.04336655
vt 0.14265400 0.05014652
vt 0.14444950 0.03864986
vt 0.14942585 0.03390962
vt 0.15321302 0.02959013
vt 0.14419170 0.02745777
vt 0.15460372 0.02432746
vt 0.14828701 0.04434544
vt 0.16035080 0.02747816
vt 0.16103080 0.03311282
vt 0.13832511 0.05265296
vt 0.16529974 0.02332336
vt 0.15882373 0.01971966
vt 0.15473722 0.03446805
vt 0.15499631 0.04043281
vt 0.12057899 0.06483907
vt 0.13043991 0.02948785
vt 0.20438179 0.08885056
vt 0.08274136 0.09874618
vt 0.20585035 0.10577738
vt 0.17598818 0.07870042
vt 0.14607179 0.05519664
vt 0.15055957 0.05642581
vt 0.28966764 0.12990546
vt 0.26384613 0.09056747
vt 0.17041756 0.20459580
vt 0.16079956 0.04440624
vt 0.16442738 0.03460097
vt 0.16668828 0.04472077
vt 0.04232176 0.24659824
vt 0.15059289 0.03784776
vt 0.15499026 0.12284052
vt 0.16570146 0.31980526
vt 0.19518512 0.08523941
vt 0.19436930 0.08807051
vt 0.19378725 0.09165651
vt 0.19031575 0.09341055
vt 0.19859704 0.09442967
vt 0.19917654 0.09180826
vt 0.23835142 0.08990192
vt 0.07349407 0.22452146
vt 0.11790678 0.06327713
vt 0.14076409 0.07151163
vt 0.03108193 0.19579911
vt 0.22784193 0.13267887
vt 0.08333200 0.17076725
vt 0.12938608 0.19996881
vt 0.28181010 0.31749159
vt 0.27817476 0.31983137
vt 0.03878687 0.16371125
vt 0.29601669 0.14479244
vt 0.02459914 0.18071091
vt 0.04305840 0.15696722
vt 0.09197166 0.08155525
vt 0.24292882 0.11183095
vt 0.14585598 0.13803309
vt 0.28205267 0.31083667
vt 0.20554225 0.08903211
vt 0.20743209 0.08826745
vt 0.21186133 0.08936101
vt 0.56616342 0.35542703
vt 0.56616342 0.34653026
vt 0.56118929 0.35189897
vt 0.56083483 0.34768903
vt 0.85657191 0.04137009
vt 0.84509015 0.04976898
vt 0.85396671 0.04930878
vt 0.84502667 0.05366778
vt 0.84662312 0.05933249
vt 0.85657191 0.06183273
vt 0.89061844 0.55375820
vt 0.89820129 0.56005341
vt 0.89592934 0.55173767
vt 0.90437317 0.55753767
vt 0.90719360 0.54844111
vt 0.90279680 0.54337931
vt 0.89170760 0.53655171
vt 0.88775104 0.54014391
vt 0.89256305 0.55180526
vt 0.88555890 0.54614550
vt 0.87903666 0.52623504
vt 0.87736273 0.54816806
vt 0.88628531 0.52310699
vt 0.88500291 0.51038581
vt 0.89342505 0.51869309
vt 0.90230930 0.52655429
vt 0.87433392 0.51948130
vt 0.90330273 0.51798207
vt 0.90308738 0.50643873
vt 0.89889091 0.50749528
vt 0.90083200 0.49726087
vt 0.90719360 0.49586862
vt 0.90571660 0.50662154
vt 0.90289092 0.49065840
vt 0.34326720 0.02535588
vt 0.34513205 0.01012868
vt 0.35379207 0.00934166
vt 0.35479572 0.01566881
vt 0.33960673 0.01726693
vt 0.35194775 0.02535588
vt 0.33081704 0.02165037
vt 0.14698046 0.97197509
vt 0.16146176 0.96648401
vt 0.16207816 0.97197509
vt 0.15419436 0.96396798
vt 0.46596926 0.03781140
vt 0.47468916 0.04492885
vt 0.46403196 0.04492885
vt 0.88171595 0.40435946
vt 0.88055062 0.39528894
vt 0.88807130 0.40435946
vt 0.89031971 0.39101422
vt 0.88232684 0.44083631
vt 0.86813921 0.43890071
vt 0.87774509 0.43245888
vt 0.87564367 0.42571175
vt 0.86738306 0.43204659
vt 0.86190051 0.44083631
vt 0.38321492 0.99243772
vt 0.38321492 0.98354095
vt 0.37859657 0.98482233
vt 0.36634102 0.99210441
vt 0.03956584 0.70801705
vt 0.03650917 0.70363098
vt 0.04291161 0.70404416
vt 0.03368297 0.70730454
vt 0.03691009 0.70090246
vt 0.04253296 0.70079160
vt 0.04290827 0.69303936
vt 0.04598259 0.69231099
vt 0.03817847 0.69308591
vt 0.04230414 0.68358409
vt 0.04659073 0.68464339
vt 0.03182916 0.70148063
vt 0.02175844 0.70278281
vt 0.03492283 0.71396798
vt 0.05524557 0.68797088
vt 0.05307157 0.68390524
vt 0.05768868 0.68090665
vt 0.06007096 0.68486136
vt 0.06054900 0.69492108
vt 0.05356592 0.70320642
vt 0.04884516 0.69532055
vt 0.05123943 0.67984235
vt 0.06448218 0.69000065
vt 0.06884673 0.68399650
vt 0.06567708 0.67935926
vt 0.07006440 0.67678028
vt 0.06916448 0.66676360
vt 0.05991012 0.66727304
vt 0.06488918 0.66238129
vt 0.05768618 0.66434479
vt 0.05564458 0.65878028
vt 0.06138879 0.65559554
vt 0.06616138 0.65391421
vt 0.06393952 0.64929569
vt 0.05538024 0.64624143
vt 0.06218325 0.64432561
vt 0.06131969 0.63953263
vt 0.06797278 0.63998544
vt 0.05362722 0.63740802
vt 0.05093217 0.64123541
vt 0.04935693 0.63409448
vt 0.04605030 0.64397532
vt 0.04310776 0.64126951
vt 0.04640078 0.63349378
vt 0.03751199 0.63451982
vt 0.03995227 0.63149905
vt 0.03821292 0.62701654
vt 0.04579394 0.62677675
vt 0.03271191 0.62825865
vt 0.03247038 0.63659161
vt 0.02737085 0.63005823
vt 0.02822206 0.63614351
vt 0.03143914 0.64038312
vt 0.05343775 0.63279450
vt 0.05177439 0.64821076
vt 0.04817183 0.65020126
vt 0.05568491 0.65474862
vt 0.05108998 0.65704864
vt 0.04696785 0.65767610
vt 0.03960051 0.64444160
vt 0.05953293 0.63411009
vt 0.07359385 0.67129815
vt 0.07537620 0.67944521
vt 0.08145029 0.67608088
vt 0.07100831 0.68353122
vt 0.06779957 0.64542973
vt 0.07452167 0.66655815
vt 0.07078624 0.68834978
vt 0.07966711 0.68654990
vt 0.07010949 0.69800425
vt 0.06233071 0.69861507
vt 0.06533027 0.70528805
vt 0.07210374 0.70475197
vt 0.07663895 0.70320708
vt 0.07283009 0.71033293
vt 0.06179978 0.71328217
vt 0.07660604 0.70862454
vt 0.08425661 0.70368195
vt 0.08087592 0.70045346
vt 0.08783574 0.70751780
vt 0.09111808 0.69796968
vt 0.09414295 0.70234793
vt 0.09073450 0.71131921
vt 0.09603706 0.71300638
vt 0.10016262 0.70753580
vt 0.10532284 0.70357114
vt 0.09927067 0.69768828
vt 0.11069801 0.69990730
vt 0.11145648 0.69608277
vt 0.07867223 0.71396798
vt 0.06327400 0.62500000
vt 0.06276806 0.63343477
vt 0.06580884 0.63107163
vt 0.07164443 0.63211805
vt 0.06912207 0.63543284
vt 0.03604462 0.64916646
vt 0.04854660 0.70081872
vt 0.04830431 0.70531869
vt 0.04852208 0.67593443
vt 0.07723571 0.63616973
vt 0.07932048 0.63071036
vt 0.36224258 0.32099229
vt 0.37424609 0.32082820
vt 0.37661910 0.33348489
vt 0.37754202 0.31527680
vt 0.36005551 0.33231878
vt 0.36747703 0.30827403
vt 0.36418164 0.34047925
vt 0.37631628 0.34114671
vt 0.36667043 0.34630013
vt 0.35866621 0.35008895
vt 0.35354453 0.33565676
vt 0.37966251 0.34981561
vt 0.35124335 0.34981561
vt 0.36987531 0.96214867
vt 0.37116840 0.95603788
vt 0.38232681 0.96307832
vt 0.35775098 0.95507115
vt 0.35124335 0.96307832
vt 0.01465364 0.66548645
vt 0.02353463 0.66921657
vt 0.02353464 0.65346974
vt 0.01927087 0.67838079
vt 0.94012189 0.34252685
vt 0.95181173 0.35186833
vt 0.93561280 0.35186833
vt 0.94916630 0.34030247
vt 0.95386815 0.34046435
vt 0.95959145 0.34147364
vt 0.77309060 0.40080070
vt 0.76373005 0.38961256
vt 0.76116842 0.39952350
vt 0.75932676 0.38225716
vt 0.77309060 0.37755299
vt 0.75082034 0.39284384
vt 0.74934655 0.38716257
vt 0.76189464 0.37233096
vt 0.74822378 0.37350947
vt 0.75673902 0.37314594
vt 0.14310874 0.94439501
vt 0.14609236 0.96129894
vt 0.13508178 0.96062040
vt 0.13806938 0.95299619
vt 0.12607256 0.94865078
vt 0.12566608 0.96129894
vt 0.94538188 0.62428683
vt 0.94538188 0.61076510
vt 0.93561280 0.61827987
vt 0.94313961 0.63389677
vt 0.10435168 0.96252680
vt 0.09828971 0.96095324
vt 0.08866530 0.94973308
vt 0.08223923 0.95463830
vt 0.07888061 0.95905304
vt 0.09325466 0.96574736
vt 0.08558741 0.96289581
vt 0.07676657 0.96574736
vt 0.06971581 0.96351552
vt 0.82371223 0.41325623
vt 0.82448733 0.42249936
vt 0.83081704 0.41457319
vt 0.83081704 0.42482209
vt 0.06456804 0.88505346
vt 0.06711119 0.88404709
vt 0.07682060 0.89936650
vt 0.05893753 0.88059032
vt 0.06507919 0.87884170
vt 0.06897393 0.87706661
vt 0.06312887 0.87373811
vt 0.05901468 0.87668937
vt 0.05793751 0.88797206
vt 0.05388544 0.88283026
vt 0.05199614 0.87529641
vt 0.04744701 0.88616091
vt 0.04635848 0.87987381
vt 0.04354438 0.87532276
vt 0.04898819 0.87144130
vt 0.05033518 0.89184499
vt 0.05572276 0.89234650
vt 0.04667372 0.89448982
vt 0.05592655 0.90791816
vt 0.04332107 0.90791816
vt 0.03774423 0.89948952
vt 0.03940592 0.87163711
vt 0.86811721 0.41129386
vt 0.86163169 0.41129386
vt 0.86101246 0.40346974
vt 0.86148703 0.42215300
vt 0.13365898 0.87752873
vt 0.12606142 0.87226659
vt 0.12713446 0.87766904
vt 0.12896861 0.86972624
vt 0.12300178 0.86405653
vt 0.13365898 0.85898578
vt 0.48090586 0.92084664
vt 0.48712257 0.92571175
vt 0.48712257 0.91745919
vt 0.48286244 0.91681492
vt 0.08037300 0.64012456
vt 0.06882771 0.64573032
vt 0.08037300 0.65346974
vt 0.07321123 0.65320712
vt 0.43778417 0.96754318
vt 0.43100369 0.97624093
vt 0.42706537 0.97027987
vt 0.43571156 0.97467107
vt 0.43029961 0.96252680
vt 0.42063498 0.96040922
vt 0.42079520 0.96601427
vt 0.42019123 0.97196317
vt 0.44005328 0.97754806
vt 0.41810721 0.96630305
vt 0.41449967 0.97466218
vt 0.41694820 0.97757262
vt 0.41299903 0.98158836
vt 0.40233576 0.97992313
vt 0.40902746 0.98620999
vt 0.39680225 0.98359954
vt 0.39768040 0.97647214
vt 0.39387211 0.97749716
vt 0.40990603 0.97106534
vt 0.41406322 0.96892810
vt 0.43908492 0.97023082
vt 0.43903258 0.98620999
vt 0.88369465 0.35809612
vt 0.88854355 0.36432385
vt 0.87788630 0.36432385
vt 0.87892669 0.35856938
vt 0.33792186 0.90101480
vt 0.34325045 0.90969753
vt 0.34325042 0.89858699
vt 0.33806521 0.89635229
vt 0.01615358 0.36598766
vt 0.01287744 0.36610317
vt 0.01431527 0.35720640
vt 0.02083237 0.35744685
vt 0.02172352 0.36525774
vt 0.02575253 0.36154348
vt 0.02975133 0.36610317
vt 0.38676733 0.97998220
vt 0.37166962 0.97998220
vt 0.38452324 0.97197509
vt 0.37345392 0.97300541
vt 0.05373002 0.76112098
vt 0.05017762 0.76132822
vt 0.05373002 0.77090746
vt 0.05018828 0.76797009
vt 0.30075887 0.88478649
vt 0.30506217 0.88030124
vt 0.29973358 0.87619358
vt 0.30506217 0.86966193
vt 0.80683839 0.38389683
vt 0.80335432 0.38445723
vt 0.80239785 0.39101422
vt 0.80683839 0.39055187
vt 0.31127885 0.97260219
vt 0.31927177 0.96841639
vt 0.31925920 0.97642350
vt 0.31324568 0.97642350
vt 0.32303229 0.90826327
vt 0.32548845 0.91503561
vt 0.31535953 0.91333407
vt 0.31430092 0.90897703
vt 0.32006395 0.90457916
vt 0.31366408 0.90419859
vt 0.30757380 0.90742093
vt 0.30789727 0.90169036
vt 0.30187884 0.90288711
vt 0.30058745 0.90722311
vt 0.30787423 0.91125792
vt 0.29795736 0.91503561
vt 0.75146091 0.59386122
vt 0.75799292 0.59830964
vt 0.74378330 0.59830964
vt 0.06079619 0.02683425
vt 0.06793961 0.01966113
vt 0.05905861 0.01734877
vt 0.06793961 0.03336298
vt 0.10701598 0.00845444
vt 0.09445354 0.00667262
vt 0.10067221 0.01620579
vt 0.09151505 0.01838505
vt 0.08303730 0.00804132
vt 0.10701598 0.03336298
vt 0.09129526 0.02982259
vt 0.08747780 0.80204624
vt 0.08747780 0.79492885
vt 0.08214920 0.80078042
vt 0.41921267 0.88977575
vt 0.42406750 0.89504361
vt 0.42337650 0.88733351
vt 0.42118388 0.89635229
vt 0.42038679 0.88639116
vt 0.41210175 0.89066899
vt 0.41282371 0.88226688
vt 0.41483578 0.87553030
vt 0.41163412 0.87693596
vt 0.42406750 0.87411034
vt 0.01465364 0.43329382
vt 0.02175844 0.44120014
vt 0.02175844 0.42961657
vt 0.01897364 0.44617438
vt 0.01862552 0.42571175
vt 0.95031303 0.74320734
vt 0.94768918 0.75119042
vt 0.95692718 0.75222421
vt 0.95291966 0.74046242
vt 0.95692718 0.73986244
vt 0.94473815 0.73532027
vt 0.94360566 0.74018240
vt 0.97646534 0.47820282
vt 0.96952266 0.47775018
vt 0.96989006 0.47375441
vt 0.96494144 0.47488582
vt 0.96492004 0.47820282
vt 0.18072824 0.93659043
vt 0.19162738 0.93109554
vt 0.18546900 0.93994659
vt 0.19272870 0.93527818
vt 0.18084146 0.93336242
vt 0.18918203 0.92927045
vt 0.19748156 0.93409061
vt 0.20123342 0.93994659
vt 0.20648313 0.93706363
vt 0.20307837 0.93178606
vt 0.56324351 0.73354095
vt 0.55512494 0.72363770
vt 0.55401808 0.73250353
vt 0.55864698 0.71876204
vt 0.56793958 0.72853851
vt 0.56793958 0.71904367
vt 0.55373001 0.71307832
vt 0.83170515 0.32606763
vt 0.82548845 0.33107936
vt 0.83146137 0.33025444
vt 0.83170515 0.34208184
vt 0.31614143 0.00940841
vt 0.32049361 0.00667262
vt 0.31754461 0.01556939
vt 0.32455713 0.00699919
vt 0.32371601 0.01285863
vt 0.32815275 0.01556939
vt 0.31107974 0.00804907
vt 0.30595025 0.00844353
vt 0.79608935 0.83260894
vt 0.79947704 0.82825822
vt 0.79082847 0.82398009
vt 0.79676986 0.82453597
vt 0.79168862 0.83214206
vt 0.78712225 0.83470070
vt 0.79135233 0.82007575
vt 0.79908788 0.81682241
vt 0.80174458 0.82095081
vt 0.79450285 0.81377643
vt 0.79923409 0.80649465
vt 0.80772644 0.81194639
vt 0.78374779 0.82342136
vt 0.80626434 0.82114279
vt 0.80480671 0.83056903
vt 0.80772644 0.83496439
vt 0.58974785 0.93016016
vt 0.58925402 0.92532307
vt 0.59725600 0.92482209
vt 0.60079926 0.93016016
vt 0.57948488 0.57606763
vt 0.57948488 0.56806052
vt 0.57630324 0.57324851
vt 0.57326823 0.56859988
vt 0.17451155 0.95163161
vt 0.17087996 0.94423318
vt 0.16560078 0.94742572
vt 0.16474245 0.95359373
vt 0.17399490 0.95374471
vt 0.17432086 0.95685053
vt 0.17432086 0.94172597
vt 0.94411653 0.68479806
vt 0.95071048 0.68638790
vt 0.94800133 0.68126959
vt 0.94475007 0.67900169
vt 0.94662851 0.67532134
vt 0.94012052 0.68357682
vt 0.94299108 0.66295350
vt 0.93555796 0.66253054
vt 0.93388677 0.66780448
vt 0.94811469 0.67173624
vt 0.94759065 0.66280860
vt 0.94493848 0.65318984
vt 0.95071048 0.65795970
vt 0.93938160 0.65580064
vt 0.94147235 0.64902133
vt 0.93707037 0.67230749
vt 0.93117231 0.67259616
vt 0.96580815 0.52918690
vt 0.97113675 0.52179718
vt 0.96671027 0.52288646
vt 0.97113675 0.53158361
vt 0.90696812 0.37308174
vt 0.91755497 0.38033807
vt 0.90541738 0.38033807
vt 0.91286099 0.37233096
vt 0.92051512 0.37618417
vt 0.89288133 0.06189942
vt 0.89387214 0.06983984
vt 0.88553119 0.06983984
vt 0.88499111 0.06183273
vt 0.86262405 0.56689835
vt 0.85301954 0.57339859
vt 0.85438520 0.56539148
vt 0.86545295 0.57339859
vt 0.85834813 0.65886796
vt 0.85213143 0.66398305
vt 0.85834813 0.66859430
vt 0.85389304 0.65524912
vt 0.62830532 0.94083631
vt 0.63721138 0.95062280
vt 0.62444216 0.95062280
vt 0.62300175 0.94763738
vt 0.62304902 0.94094175
vt 0.73363924 0.02978742
vt 0.73920947 0.02891457
vt 0.73934281 0.03692174
vt 0.73223799 0.03692168
vt 0.37094462 0.40702844
vt 0.37611014 0.40229821
vt 0.36900532 0.39653111
vt 0.37611014 0.39012456
vt 0.57326823 0.47816157
vt 0.57593250 0.48176157
vt 0.57593250 0.46930605
vt 0.83081704 0.35720640
vt 0.82104796 0.35720640
vt 0.82908851 0.35027242
vt 0.82584006 0.34475088
vt 0.94982237 0.59131581
vt 0.94317162 0.58376288
vt 0.94026947 0.58870995
vt 0.93827707 0.58523679
vt 0.94340998 0.59297150
vt 0.93845898 0.58214754
vt 0.94982237 0.57606763
vt 0.69447225 0.94279736
vt 0.68957835 0.93877894
vt 0.69686383 0.93541718
vt 0.69872838 0.93956935
vt 0.70205820 0.93765855
vt 0.70052117 0.93355411
vt 0.70126253 0.94300455
vt 0.69476449 0.94880670
vt 0.70120209 0.95159465
vt 0.70861554 0.94314098
vt 0.70728385 0.95062333
vt 0.70290685 0.95473897
vt 0.69666255 0.95781493
vt 0.69963789 0.96139050
vt 0.70533943 0.95988190
vt 0.70481259 0.96337187
vt 0.70194459 0.96707749
vt 0.70800000 0.96841639
vt 0.69455755 0.96616113
vt 0.71636635 0.96499318
vt 0.69184524 0.95976961
vt 0.71144009 0.94446516
vt 0.71383178 0.94700640
vt 0.71841699 0.94088548
vt 0.71955138 0.94644970
vt 0.72201097 0.94270581
vt 0.72632271 0.93988687
vt 0.72020090 0.93282920
vt 0.72440726 0.94580305
vt 0.72957373 0.94349968
vt 0.70857334 0.95272589
vt 0.71269417 0.93812978
vt 0.68590909 0.96657133
vt 0.68737340 0.95943022
vt 0.68151855 0.96242905
vt 0.67451155 0.96841639
vt 0.70993018 0.95458084
vt 0.71640605 0.95502329
vt 0.10957100 0.97375447
vt 0.10435168 0.97904074
vt 0.10968029 0.97947592
vt 0.10588017 0.98293602
vt 0.10957100 0.98532027
vt 0.53289229 0.69914955
vt 0.53419185 0.70329183
vt 0.52672410 0.69884342
vt 0.52779752 0.70174956
vt 0.51998222 0.70329183
vt 0.01554174 0.30806661
vt 0.01021314 0.30379677
vt 0.01096837 0.31005335
vt 0.01132949 0.29609120
vt 0.01554174 0.29137009
vt 0.06349912 0.86343414
vt 0.07002986 0.85898578
vt 0.07593250 0.86343414
vt 0.95071048 0.45951957
vt 0.94360566 0.46510178
vt 0.95071048 0.47108543
vt 0.55498040 0.96218860
vt 0.56222701 0.95785773
vt 0.56527531 0.96218860
vt 0.55373001 0.95240211
vt 0.55364782 0.69319355
vt 0.55728239 0.70015049
vt 0.55314487 0.70151246
vt 0.54936004 0.69610935
vt 0.54782087 0.69180232
vt 0.54992002 0.68835247
vt 0.54471171 0.68714702
vt 0.54367447 0.69316989
vt 0.53851247 0.68951863
vt 0.54053622 0.68460852
vt 0.53596801 0.69664401
vt 0.54172271 0.69869781
vt 0.53649634 0.70151246
vt 0.02353464 0.02891457
vt 0.02671994 0.01467973
vt 0.02851874 0.02573854
vt 0.03316880 0.02000445
vt 0.03419183 0.02891457
vt 0.03121647 0.01472032
vt 0.12185556 0.98265123
vt 0.12122558 0.97844404
vt 0.12813513 0.97820282
vt 0.13010657 0.98265123
vt 0.02442273 0.32620406
vt 0.03063943 0.32374746
vt 0.02756641 0.31895018
vt 0.03052434 0.32993066
vt 0.02549248 0.33196926
vt 0.03063943 0.33318508
vt 0.94562060 0.37658811
vt 0.94120884 0.38285375
vt 0.94804621 0.38745552
vt 0.94116950 0.37676251
vt 0.94804621 0.36788255
vt 0.93715745 0.38062477
vt 0.93800563 0.37548298
vt 0.94273311 0.37032682
vt 0.93472469 0.37203938
vt 0.29973358 0.96307832
vt 0.29973358 0.95507115
vt 0.29706928 0.95747727
vt 0.98589158 0.47464412
vt 0.98623449 0.46737397
vt 0.98094100 0.47081542
vt 0.97912967 0.46331906
vt 0.98589158 0.45951957
vt 0.62211370 0.97363311
vt 0.62283951 0.97731316
vt 0.62744230 0.97613311
vt 0.62490118 0.96991485
vt 0.62744230 0.96485764
vt 0.27529997 0.93816727
vt 0.28019539 0.94617438
vt 0.27189061 0.94275957
vt 0.26966304 0.93825406
vt 0.26149005 0.94141984
vt 0.26562005 0.94595426
vt 0.25811130 0.94617438
vt 0.25621670 0.94255584
vt 0.91696268 0.79801363
vt 0.92037880 0.81272244
vt 0.92317939 0.80008531
vt 0.92317939 0.78603202
vt 0.01874804 0.69617438
vt 0.00399645 0.69617438
vt 0.01245695 0.68638790
vt 0.02708703 0.69003665
vt 0.55284190 0.29371279
vt 0.55419493 0.30649465
vt 0.56616342 0.30094486
vt 0.56616342 0.28425264
vt 0.10701598 0.88122773
vt 0.08570160 0.88122773
vt 0.08936082 0.86899126
vt 0.10064578 0.86788255
vt 0.77428031 0.03514236
vt 0.77995509 0.02357650
vt 0.78996450 0.03514236
vt 0.77131438 0.02629519
vt 0.29706928 0.88112336
vt 0.29211360 0.89241731
vt 0.29706928 0.89279360
vt 0.28818828 0.88868362
vt 0.28970626 0.88007122
vt 0.29028177 0.87144130
vt 0.47389615 0.72480881
vt 0.46378484 0.72473603
vt 0.47131896 0.71935028
vt 0.46662384 0.73339844
vt 0.46126583 0.73229986
vt 0.45702437 0.72761983
vt 0.45211303 0.73425937
vt 0.44700757 0.72521400
vt 0.43827710 0.73798931
vt 0.45358598 0.72311878
vt 0.48099926 0.72232401
vt 0.48297146 0.72800326
vt 0.48536792 0.72263134
vt 0.48816231 0.72211671
vt 0.48970896 0.73351258
vt 0.48268411 0.73653895
vt 0.48856172 0.73798931
vt 0.49355808 0.71930277
vt 0.49983636 0.72981685
vt 0.45838079 0.71942663
vt 0.47974294 0.71396798
vt 0.49414825 0.73613757
vt 0.49995056 0.72384429
vt 0.50399643 0.72070491
vt 0.02353464 0.62322062
vt 0.01731794 0.62764984
vt 0.01753302 0.63562012
vt 0.02353464 0.63233680
vt 0.02177656 0.63834518
vt 0.42042080 0.04137009
vt 0.41572547 0.03077048
vt 0.42140320 0.03069395
vt 0.41310477 0.03763819
vt 0.40995273 0.03318107
vt 0.40364119 0.04137009
vt 0.51508403 0.92039710
vt 0.51198936 0.92462808
vt 0.52264655 0.92571175
vt 0.52264655 0.91859430
vt 0.73658925 0.73798931
vt 0.73942804 0.74297893
vt 0.74555951 0.74190241
vt 0.74187303 0.74937308
vt 0.73761427 0.74531120
vt 0.73393786 0.74991488
vt 0.74453235 0.75605834
vt 0.73312610 0.75812197
vt 0.73985600 0.76290035
vt 0.74555951 0.76238304
vt 0.45959148 0.97998220
vt 0.46397918 0.96663702
vt 0.46796706 0.97474641
vt 0.46936056 0.97998220
vt 0.92339796 0.69978613
vt 0.93383658 0.70921040
vt 0.93383658 0.69795376
vt 0.92317939 0.71040922
vt 0.12566608 0.73798931
vt 0.11589698 0.74725640
vt 0.12452237 0.74893343
vt 0.11957663 0.75779766
vt 0.12566608 0.76023132
vt 0.02099254 0.37233096
vt 0.03241563 0.37885261
vt 0.02381290 0.38033807
vt 0.01465364 0.38033807
vt 0.50488454 0.95774019
vt 0.49955595 0.96207696
vt 0.50488454 0.96930605
vt 0.33443588 0.92571175
vt 0.34425741 0.92593229
vt 0.34591475 0.93104982
vt 0.33436945 0.93104982
vt 0.92886919 0.60047436
vt 0.93491584 0.60364771
vt 0.92761987 0.60364771
vt 0.93561280 0.59741992
vt 0.40719360 0.05827403
vt 0.41147310 0.05471528
vt 0.42051509 0.05827403
vt 0.11461084 0.03514236
vt 0.11500888 0.02622485
vt 0.11056838 0.02646518
vt 0.11461085 0.02001780
vt 0.09724689 0.84119219
vt 0.10336034 0.83407474
vt 0.11145648 0.84119219
vt 0.09737574 0.83501929
vt 0.98623449 0.44706404
vt 0.98623449 0.43460858
vt 0.98027319 0.43741566
vt 0.98211879 0.44604015
vt 0.97380108 0.44082749
vt 0.68872112 0.93549824
vt 0.67898566 0.93549824
vt 0.68255007 0.93037552
vt 0.67895204 0.92749113
vt 0.94075972 0.70103449
vt 0.94626999 0.70507115
vt 0.94505155 0.69741035
vt 0.93561280 0.69935912
vt 0.94071186 0.68825519
vt 0.94626999 0.68816727
vt 0.17451155 0.93229526
vt 0.17984015 0.93178213
vt 0.17619881 0.92215300
vt 0.17984015 0.93727756
vt 0.00666075 0.81005341
vt 0.01350479 0.80624855
vt 0.01642984 0.81005341
vt 0.00755435 0.80382562
vt 0.86867344 0.00044483
vt 0.86634105 0.01320601
vt 0.87091815 0.00690526
vt 0.87166965 0.01113862
vt 0.87166965 0.01734877
vt 0.90095133 0.73087192
vt 0.90896982 0.73340845
vt 0.90710551 0.73620999
vt 0.89653641 0.73620999
vt 0.93895054 0.00814998
vt 0.93738902 0.00471461
vt 0.94565517 0.00489432
vt 0.94377100 0.00882107
vt 0.94749415 0.01201069
vt 0.95057225 0.00829238
vt 0.95550799 0.00400358
vt 0.95412314 0.00831807
vt 0.96126807 0.01201069
vt 0.96758437 0.00560039
vt 0.56438720 0.34297156
vt 0.56438720 0.33585405
vt 0.55817050 0.34030426
vt 0.00222025 0.79314947
vt 0.01159711 0.78204805
vt 0.01112125 0.79211092
vt 0.01909414 0.77891457
vt 0.01731061 0.78708047
vt 0.01898698 0.79314947
vt 0.03152753 0.75044483
vt 0.02087034 0.75044483
vt 0.02936316 0.74510676
vt 0.91058272 0.43560457
vt 0.92100674 0.43772542
vt 0.91488403 0.43629605
vt 0.91427940 0.44698834
vt 0.91990453 0.44778532
vt 0.90630549 0.44087780
vt 0.90771127 0.44532394
vt 0.92055446 0.43342155
vt 0.92210948 0.44464195
vt 0.92761987 0.44795370
vt 0.92761987 0.43739104
vt 0.92404193 0.43193948
vt 0.34472999 0.38350713
vt 0.34413853 0.38996613
vt 0.35390764 0.39279360
vt 0.35096541 0.38629329
vt 0.34734324 0.38116157
vt 0.35093728 0.38435978
vt 0.35390764 0.38029277
vt 0.35013536 0.37500000
vt 0.95513982 0.69272095
vt 0.95890772 0.68878090
vt 0.95159858 0.68638790
vt 0.96403825 0.69609284
vt 0.96847248 0.68692827
vt 0.96742803 0.69856066
vt 0.96847248 0.70685053
vt 0.03774423 0.81983984
vt 0.01642984 0.81983984
vt 0.02875638 0.81361210
vt 0.88321489 0.03336298
vt 0.87611014 0.04117048
vt 0.88224936 0.04297870
vt 0.88321489 0.04848754
vt 0.73312610 0.04403913
vt 0.72307622 0.03656751
vt 0.72855735 0.03514236
vt 0.72069269 0.04403913
vt 0.01392873 0.31213975
vt 0.01837100 0.31592345
vt 0.01909414 0.31094307
vt 0.00882378 0.31553769
vt 0.01381409 0.31732070
vt 0.01909414 0.32250893
vt 0.00931589 0.31112933
vt 0.00222025 0.31339574
vt 0.01820604 0.54137009
vt 0.00843695 0.54137009
vt 0.00935893 0.53568494
vt 0.01742592 0.53158361
vt 0.39825472 0.04137009
vt 0.40808171 0.04848754
vt 0.39564830 0.04848754
vt 0.40657145 0.04338592
vt 0.47559151 0.69414485
vt 0.46758437 0.69795376
vt 0.46882316 0.68841678
vt 0.47646537 0.69795376
vt 0.47393844 0.68707788
vt 0.47249758 0.68282920
vt 0.08483307 0.81361210
vt 0.08925400 0.81826979
vt 0.08215709 0.81895018
vt 0.07682060 0.81826979
f 1026/1026 1035/1035 1036/1036
f 1026/1026 1036/1036 1037/1037
f 1037/1037 1036/1036 1084/1084
f 996/996 1026/1026 1025/1025
f 1026/1026 1037/1037 1025/1025
f 996/996 966/966 952/952
f 996/996 1025/1025 966/966
f 1025/1025 1069/1069 1068/1068
f 1025/1025 1068/1068 966/966
f 3721/3721 3722/3722 3723/3723
f 952/952 966/966 958/958
f 966/966 967/967 958/958
f 952/952 958/958 935/935
f 935/935 958/958 951/951
f 951/951 958/958 959/959
f 958/958 1046/1046 1011/1011
f 958/958 1011/1011 959/959
f 935/935 951/951 882/882
f 959/959 1011/1011 951/951
f 951/951 1011/1011 1012/1012
f 951/951 939/939 882/882
f 3727/3727 3728/3728 3729/3729
f 882/882 939/939 938/938
f 938/938 939/939 930/930
f 938/938 930/930 929/929
f 929/929 930/930 928/928
f 930/930 980/980 928/928
f 1034/1034 1077/1077 1035/1035
f 1009/1009 1034/1034 1026/1026
f 1034/1034 1035/1035 1026/1026
f 1009/1009 1026/1026 996/996
f 2575/2575 2576/2576 2578/2578
f 990/990 1009/1009 996/996
f 991/991 989/989 936/936
f 990/990 996/996 952/952
f 990/990 952/952 989/989
f 960/960 991/991 936/936
f 960/960 936/936 891/891
f 936/936 989/989 952/952
f 890/890 960/960 891/891
f 891/891 936/936 884/884
f 936/936 952/952 935/935
f 890/890 891/891 835/835
f 835/835 891/891 884/884
f 884/884 936/936 883/883
f 936/936 935/935 883/883
f 883/883 935/935 882/882
f 835/835 884/884 848/848
f 884/884 883/883 848/848
f 883/883 882/882 848/848
f 848/848 882/882 872/872
f 882/882 938/938 872/872
f 872/872 938/938 929/929
f 872/872 929/929 928/928
f 872/872 928/928 914/914
f 914/914 928/928 995/995
f 1075/1075 1065/1065 1076/1076
f 1075/1075 1076/1076 1034/1034
f 1027/1027 1034/1034 1009/1009
f 1019/1019 1027/1027 1009/1009
f 1019/1019 1009/1009 990/990
f 998/998 989/989 991/991
f 998/998 990/990 989/989
f 2578/2578 2576/2576 2577/2577
f 1000/1000 991/991 965/965
f 970/970 1000/1000 965/965
f 965/965 991/991 960/960
f 970/970 965/965 957/957
f 957/957 965/965 890/890
f 965/965 960/960 890/890
f 954/954 957/957 887/887
f 887/887 957/957 890/890
f 887/887 890/890 832/832
f 832/832 890/890 835/835
f 832/832 835/835 833/833
f 833/833 835/835 836/836
f 836/836 835/835 847/847
f 835/835 848/848 847/847
f 836/836 847/847 846/846
f 847/847 848/848 849/849
f 849/849 848/848 852/852
f 852/852 848/848 864/864
f 848/848 872/872 864/864
f 864/864 872/872 873/873
f 873/873 872/872 914/914
f 914/914 995/995 941/941
f 1019/1019 1031/1031 1027/1027
f 1075/1075 1034/1034 1031/1031
f 1018/1018 1020/1020 998/998
f 1020/1020 1019/1019 990/990
f 1020/1020 990/990 998/998
f 2575/2575 2571/2571 2574/2574
f 1000/1000 1018/1018 991/991
f 1018/1018 998/998 991/991
f 999/999 1000/1000 970/970
f 968/968 999/999 970/970
f 968/968 970/970 954/954
f 970/970 957/957 954/954
f 968/968 954/954 953/953
f 953/953 954/954 887/887
f 953/953 887/887 885/885
f 885/885 887/887 841/841
f 887/887 832/832 834/834
f 887/887 834/834 841/841
f 832/832 833/833 834/834
f 834/834 840/840 841/841
f 834/834 833/833 837/837
f 837/837 833/833 836/836
f 837/837 836/836 839/839
f 839/839 836/836 845/845
f 845/845 836/836 846/846
f 846/846 847/847 850/850
f 847/847 849/849 850/850
f 852/852 864/864 859/859
f 864/864 873/873 859/859
f 873/873 914/914 888/888
f 914/914 941/941 888/888
f 1064/1064 1066/1066 1065/1065
f 1020/1020 1032/1032 1019/1019
f 1032/1032 1031/1031 1019/1019
f 1030/1030 1018/1018 1029/1029
f 1023/1023 1029/1029 1000/1000
f 1029/1029 1018/1018 1000/1000
f 1023/1023 1000/1000 999/999
f 1023/1023 999/999 1010/1010
f 964/964 1010/1010 968/968
f 964/964 953/953 955/955
f 964/964 968/968 953/953
f 953/953 885/885 955/955
f 955/955 885/885 886/886
f 885/885 861/861 886/886
f 861/861 885/885 841/841
f 861/861 841/841 842/842
f 842/842 841/841 840/840
f 840/840 843/843 842/842
f 840/840 834/834 838/838
f 843/843 840/840 844/844
f 840/840 838/838 844/844
f 834/834 837/837 838/838
f 837/837 851/851 838/838
f 837/837 839/839 851/851
f 851/851 839/839 845/845
f 845/845 846/846 850/850
f 850/850 849/849 858/858
f 849/849 852/852 858/858
f 845/845 850/850 858/858
f 852/852 859/859 858/858
f 858/858 859/859 871/871
f 859/859 873/873 871/871
f 888/888 941/941 911/911
f 1053/1053 1066/1066 1064/1064
f 1032/1032 1048/1048 1031/1031
f 1048/1048 1053/1053 1031/1031
f 1053/1053 1064/1064 1031/1031
f 1030/1030 1033/1033 1020/1020
f 1033/1033 1032/1032 1020/1020
f 1030/1030 1020/1020 1018/1018
f 1013/1013 1024/1024 1010/1010
f 1013/1013 1010/1010 964/964
f 992/992 969/969 937/937
f 992/992 937/937 994/994
f 993/993 964/964 956/956
f 956/956 964/964 955/955
f 937/937 969/969 910/910
f 969/969 956/956 910/910
f 994/994 937/937 907/907
f 910/910 956/956 886/886
f 956/956 955/955 886/886
f 937/937 910/910 907/907
f 910/910 886/886 862/862
f 907/907 910/910 906/906
f 910/910 862/862 906/906
f 886/886 861/861 862/862
f 907/907 906/906 905/905
f 862/862 861/861 857/857
f 861/861 842/842 857/857
f 1335/1335 1334/1334 1338/1338
f 853/853 842/842 843/843
f 854/854 843/843 844/844
f 844/844 838/838 851/851
f 851/851 845/845 866/866
f 845/845 858/858 865/865
f 866/866 845/845 865/865
f 865/865 858/858 867/867
f 858/858 871/871 867/867
f 867/867 871/871 876/876
f 871/871 881/881 876/876
f 873/873 888/888 871/871
f 871/871 888/888 881/881
f 2528/2528 2519/2519 2521/2521
f 888/888 911/911 881/881
f 1078/1078 1079/1079 1053/1053
f 1053/1053 1079/1079 1080/1080
f 1029/1029 1033/1033 1030/1030
f 1039/1039 1023/1023 1038/1038
f 1039/1039 1029/1029 1023/1023
f 1287/1287 1288/1288 1286/1286
f 1024/1024 1038/1038 1023/1023
f 1028/1028 1024/1024 1013/1013
f 1017/1017 1028/1028 1013/1013
f 1235/1235 1238/1238 1227/1227
f 1015/1015 1016/1016 969/969
f 1014/1014 1017/1017 1013/1013
f 1054/1054 1015/1015 992/992
f 1015/1015 969/969 992/992
f 1016/1016 1014/1014 993/993
f 1014/1014 1013/1013 993/993
f 994/994 1054/1054 992/992
f 1016/1016 993/993 969/969
f 993/993 1013/1013 964/964
f 993/993 956/956 969/969
f 994/994 907/907 1042/1042
f 1840/1840 1839/1839 1841/1841
f 907/907 905/905 1042/1042
f 908/908 862/862 857/857
f 906/906 908/908 902/902
f 908/908 857/857 902/902
f 905/905 906/906 902/902
f 905/905 902/902 904/904
f 902/902 857/857 856/856
f 857/857 842/842 855/855
f 842/842 853/853 855/855
f 853/853 843/843 854/854
f 854/854 844/844 863/863
f 844/844 851/851 863/863
f 851/851 866/866 863/863
f 866/866 865/865 878/878
f 876/876 881/881 900/900
f 900/900 881/881 912/912
f 881/881 911/911 912/912
f 912/912 911/911 923/923
f 1067/1067 1078/1078 1053/1053
f 1067/1067 1053/1053 1048/1048
f 1047/1047 1048/1048 1032/1032
f 1047/1047 1032/1032 1033/1033
f 1049/1049 1047/1047 1033/1033
f 1044/1044 1033/1033 1039/1039
f 1285/1285 1284/1284 1223/1223
f 1028/1028 1038/1038 1024/1024
f 1016/1016 1017/1017 1014/1014
f 1839/1839 1840/1840 1838/1838
f 1840/1840 1841/1841 1842/1842
f 1042/1042 905/905 1081/1081
f 905/905 904/904 1081/1081
f 1081/1081 904/904 903/903
f 904/904 902/902 903/903
f 903/903 902/902 901/901
f 857/857 855/855 856/856
f 902/902 856/856 901/901
f 856/856 855/855 853/853
f 853/853 854/854 868/868
f 863/863 866/866 875/875
f 878/878 865/865 880/880
f 865/865 877/877 880/880
f 865/865 867/867 877/877
f 877/877 867/867 876/876
f 911/911 924/924 923/923
f 923/923 924/924 933/933
f 1078/1078 1087/1087 1079/1079
f 1047/1047 1067/1067 1048/1048
f 1043/1043 1044/1044 1039/1039
f 1041/1041 1043/1043 1038/1038
f 1038/1038 1043/1043 1039/1039
f 1040/1040 1038/1038 1028/1028
f 1022/1022 1040/1040 1028/1028
f 1021/1021 1022/1022 1016/1016
f 1022/1022 1028/1028 1017/1017
f 1054/1054 1021/1021 1015/1015
f 1021/1021 1016/1016 1015/1015
f 1016/1016 1022/1022 1017/1017
f 1236/1236 1237/1237 1229/1229
f 1836/1836 1839/1839 1838/1838
f 1842/1842 1841/1841 1844/1844
f 1844/1844 1850/1850 1846/1846
f 856/856 853/853 860/860
f 856/856 860/860 901/901
f 860/860 853/853 868/868
f 868/868 854/854 869/869
f 869/869 854/854 874/874
f 854/854 863/863 874/874
f 863/863 875/875 874/874
f 874/874 875/875 899/899
f 875/875 866/866 878/878
f 878/878 880/880 894/894
f 877/877 876/876 898/898
f 900/900 912/912 913/913
f 912/912 923/923 913/913
f 913/913 923/923 933/933
f 933/933 924/924 961/961
f 1078/1078 1067/1067 1088/1088
f 1083/1083 1088/1088 1067/1067
f 1073/1073 1047/1047 1074/1074
f 1061/1061 1074/1074 1049/1049
f 1061/1061 1049/1049 1044/1044
f 1074/1074 1047/1047 1049/1049
f 1060/1060 1061/1061 1044/1044
f 1043/1043 1060/1060 1044/1044
f 1059/1059 1043/1043 1041/1041
f 1059/1059 1060/1060 1043/1043
f 1041/1041 1038/1038 1040/1040
f 1055/1055 1045/1045 1021/1021
f 1021/1021 1045/1045 1040/1040
f 1055/1055 1021/1021 1054/1054
f 1021/1021 1040/1040 1022/1022
f 1836/1836 1838/1838 1837/1837
f 1840/1840 1842/1842 2281/2281
f 1842/1842 1844/1844 1845/1845
f 1844/1844 1846/1846 1845/1845
f 1846/1846 1850/1850 1851/1851
f 915/915 903/903 901/901
f 901/901 909/909 915/915
f 901/901 860/860 909/909
f 860/860 868/868 870/870
f 870/870 868/868 869/869
f 869/869 874/874 870/870
f 878/878 893/893 875/875
f 878/878 894/894 893/893
f 880/880 877/877 894/894
f 876/876 900/900 898/898
f 898/898 900/900 913/913
f 1073/1073 1083/1083 1067/1067
f 1050/1050 1059/1059 1041/1041
f 1055/1055 1056/1056 1045/1045
f 1050/1050 1041/1041 1040/1040
f 1052/1052 1051/1051 1045/1045
f 1051/1051 1050/1050 1040/1040
f 1045/1045 1051/1051 1040/1040
f 1831/1831 1836/1836 1835/1835
f 1220/1220 1221/1221 1187/1187
f 1836/1836 1837/1837 1835/1835
f 1838/1838 1840/1840 2277/2277
f 1840/1840 2278/2278 2277/2277
f 2278/2278 1840/1840 2281/2281
f 2281/2281 1842/1842 2287/2287
f 1845/1845 1846/1846 2302/2302
f 915/915 909/909 916/916
f 860/860 879/879 909/909
f 860/860 870/870 879/879
f 874/874 899/899 896/896
f 899/899 875/875 896/896
f 896/896 875/875 893/893
f 895/895 894/894 897/897
f 894/894 877/877 897/897
f 897/897 877/877 898/898
f 898/898 913/913 925/925
f 913/913 933/933 931/931
f 931/931 933/933 962/962
f 933/933 961/961 974/974
f 933/933 974/974 962/962
f 1099/1099 1114/1114 1088/1088
f 1090/1090 1083/1083 1073/1073
f 3448/3448 3449/3449 3450/3450
f 3448/3448 3450/3450 3451/3451
f 1089/1089 1074/1074 1061/1061
f 3469/3469 3448/3448 3451/3451
f 1085/1085 1061/1061 1060/1060
f 1071/1071 1060/1060 1059/1059
f 1050/1050 1071/1071 1059/1059
f 1056/1056 1052/1052 1045/1045
f 1180/1180 1184/1184 1127/1127
f 1057/1057 1056/1056 1055/1055
f 1831/1831 1835/1835 1832/1832
f 1837/1837 2327/2327 2333/2333
f 1837/1837 1838/1838 2327/2327
f 2327/2327 1838/1838 2277/2277
f 1842/1842 1845/1845 2292/2292
f 2292/2292 1845/1845 2302/2302
f 3793/3793 3792/3792 3790/3790
f 1851/1851 2347/2347 1846/1846
f 2347/2347 1851/1851 2358/2358
f 879/879 870/870 892/892
f 870/870 889/889 892/892
f 870/870 874/874 889/889
f 874/874 896/896 889/889
f 925/925 913/913 931/931
f 1099/1099 1113/1113 1114/1114
f 1099/1099 1088/1088 1083/1083
f 1073/1073 1074/1074 1093/1093
f 1085/1085 1060/1060 1071/1071
f 1057/1057 1058/1058 1056/1056
f 1058/1058 1062/1062 1056/1056
f 1070/1070 1071/1071 1050/1050
f 1056/1056 1062/1062 1052/1052
f 1062/1062 1051/1051 1052/1052
f 1051/1051 1070/1070 1050/1050
f 1830/1830 1831/1831 1832/1832
f 1832/1832 1835/1835 1847/1847
f 1835/1835 1837/1837 1847/1847
f 1847/1847 1837/1837 2339/2339
f 1837/1837 2333/2333 2339/2339
f 4955/4955 4954/4954 4956/4956
f 4979/4979 4969/4969 4946/4946
f 2287/2287 1842/1842 2292/2292
f 2292/2292 2302/2302 2288/2288
f 2302/2302 1846/1846 2303/2303
f 1846/1846 2347/2347 2303/2303
f 915/915 916/916 997/997
f 916/916 909/909 917/917
f 909/909 879/879 919/919
f 892/892 889/889 920/920
f 889/889 896/896 921/921
f 896/896 893/893 895/895
f 895/895 897/897 927/927
f 897/897 898/898 925/925
f 897/897 925/925 927/927
f 962/962 974/974 973/973
f 1112/1112 1113/1113 1099/1099
f 1098/1098 1099/1099 1083/1083
f 1098/1098 1083/1083 1090/1090
f 1096/1096 1089/1089 1085/1085
f 1094/1094 1085/1085 1071/1071
f 1058/1058 1063/1063 1062/1062
f 1126/1126 1127/1127 1123/1123
f 1072/1072 1051/1051 1062/1062
f 1072/1072 1070/1070 1051/1051
f 1832/1832 1848/1848 1843/1843
f 1832/1832 1847/1847 1848/1848
f 2339/2339 2333/2333 2286/2286
f 2277/2277 2278/2278 2279/2279
f 3786/3786 3788/3788 3787/3787
f 3785/3785 3787/3787 3789/3789
f 1851/1851 2370/2370 2358/2358
f 909/909 919/919 917/917
f 919/919 879/879 920/920
f 879/879 892/892 920/920
f 920/920 889/889 922/922
f 889/889 921/921 922/922
f 896/896 895/895 926/926
f 926/926 895/895 927/927
f 925/925 931/931 949/949
f 949/949 931/931 963/963
f 962/962 973/973 931/931
f 963/963 931/931 973/973
f 973/973 974/974 979/979
f 1096/1096 1093/1093 1089/1089
f 1094/1094 1095/1095 1085/1085
f 1151/1151 1150/1150 1142/1142
f 1082/1082 1063/1063 1058/1058
f 1070/1070 1091/1091 1071/1071
f 1151/1151 1142/1142 1128/1128
f 1063/1063 1072/1072 1062/1062
f 1123/1123 1128/1128 1136/1136
f 1830/1830 1833/1833 1834/1834
f 1830/1830 1832/1832 1833/1833
f 1833/1833 1832/1832 1843/1843
f 2339/2339 2286/2286 2338/2338
f 4966/4966 5286/5286 5345/5345
f 2333/2333 2285/2285 2286/2286
f 2333/2333 2327/2327 2285/2285
f 2285/2285 2327/2327 2277/2277
f 2279/2279 2278/2278 2245/2245
f 2278/2278 2281/2281 2245/2245
f 2245/2245 2281/2281 2282/2282
f 2281/2281 2287/2287 2282/2282
f 2288/2288 2302/2302 2291/2291
f 2302/2302 2303/2303 2291/2291
f 2303/2303 2347/2347 2304/2304
f 2347/2347 2358/2358 2305/2305
f 997/997 916/916 918/918
f 916/916 917/917 918/918
f 3742/3742 3743/3743 3744/3744
f 922/922 896/896 926/926
f 926/926 927/927 942/942
f 927/927 925/925 948/948
f 1095/1095 1096/1096 1085/1085
f 1097/1097 1071/1071 1091/1091
f 1086/1086 1092/1092 1063/1063
f 1092/1092 1091/1091 1072/1072
f 1834/1834 1833/1833 1849/1849
f 1130/1130 1129/1129 1125/1125
f 1843/1843 1848/1848 2342/2342
f 1848/1848 2339/2339 2340/2340
f 2339/2339 2338/2338 2340/2340
f 4957/4957 4955/4955 4971/4971
f 4971/4971 4953/4953 4957/4957
f 4950/4950 4953/4953 4967/4967
f 4967/4967 5182/5182 4972/4972
f 2287/2287 2292/2292 2288/2288
f 2287/2287 2288/2288 2282/2282
f 2347/2347 2305/2305 2304/2304
f 2358/2358 2370/2370 2369/2369
f 919/919 920/920 932/932
f 918/918 917/917 934/934
f 917/917 919/919 934/934
f 948/948 925/925 949/949
f 963/963 973/973 986/986
f 219/219 221/221 225/225
f 1111/1111 1112/1112 1099/1099
f 1111/1111 1099/1099 1098/1098
f 1103/1103 1098/1098 1093/1093
f 1096/1096 1103/1103 1093/1093
f 1095/1095 1102/1102 1096/1096
f 1273/1273 1275/1275 1274/1274
f 1100/1100 1101/1101 1095/1095
f 1272/1272 1273/1273 1274/1274
f 1100/1100 1095/1095 1094/1094
f 1133/1133 1130/1130 1141/1141
f 1848/1848 2340/2340 2342/2342
f 2277/2277 2280/2280 2285/2285
f 2277/2277 2279/2279 2280/2280
f 6365/6365 6366/6366 6363/6363
f 5441/5441 4927/4927 4931/4931
f 2303/2303 2304/2304 2291/2291
f 2305/2305 2358/2358 2234/2234
f 2358/2358 2369/2369 2234/2234
f 997/997 918/918 987/987
f 987/987 918/918 946/946
f 918/918 934/934 946/946
f 932/932 920/920 940/940
f 920/920 922/922 940/940
f 922/922 926/926 943/943
f 926/926 942/942 943/943
f 927/927 948/948 950/950
f 963/963 986/986 982/982
f 973/973 979/979 986/986
f 986/986 979/979 1001/1001
f 1103/1103 1096/1096 1102/1102
f 1101/1101 1102/1102 1095/1095
f 1097/1097 1100/1100 1094/1094
f 1086/1086 1117/1117 1110/1110
f 1086/1086 1115/1115 1116/1116
f 1110/1110 1109/1109 1086/1086
f 1092/1092 1097/1097 1091/1091
f 1109/1109 1092/1092 1086/1086
f 1177/1177 1133/1133 1178/1178
f 2340/2340 2338/2338 2341/2341
f 6376/6376 6375/6375 6373/6373
f 4968/4968 5443/5443 4967/4967
f 4972/4972 5182/5182 5183/5183
f 5410/5410 4931/4931 4930/4930
f 2282/2282 2288/2288 2244/2244
f 4934/4934 4933/4933 4935/4935
f 2288/2288 2243/2243 2244/2244
f 2291/2291 2304/2304 2238/2238
f 2304/2304 2232/2232 2236/2236
f 2304/2304 2305/2305 2232/2232
f 2234/2234 2369/2369 2373/2373
f 2370/2370 2371/2371 2369/2369
f 946/946 934/934 947/947
f 940/940 922/922 944/944
f 944/944 922/922 943/943
f 942/942 927/927 950/950
f 948/948 949/949 971/971
f 971/971 949/949 981/981
f 949/949 963/963 981/981
f 981/981 963/963 982/982
f 986/986 1001/1001 1002/1002
f 218/218 221/221 219/219
f 1274/1274 1276/1276 1277/1277
f 3472/3472 3456/3456 3458/3458
f 1105/1105 1100/1100 1097/1097
f 1833/1833 2300/2300 2351/2351
f 2300/2300 2342/2342 2343/2343
f 2342/2342 2293/2293 2343/2343
f 4722/4722 4723/4723 4720/4720
f 2342/2342 2340/2340 2293/2293
f 4719/4719 4718/4718 5298/5298
f 2341/2341 2338/2338 2337/2337
f 2338/2338 2286/2286 2337/2337
f 2337/2337 2286/2286 2284/2284
f 2286/2286 2285/2285 2284/2284
f 2284/2284 2285/2285 2280/2280
f 6367/6367 6368/6368 6369/6369
f 2245/2245 2282/2282 2244/2244
f 2288/2288 2291/2291 2243/2243
f 2243/2243 2291/2291 2238/2238
f 2305/2305 2234/2234 2232/2232
f 2373/2373 2369/2369 2365/2365
f 2369/2369 2371/2371 2365/2365
f 2370/2370 2006/2006 2371/2371
f 934/934 932/932 945/945
f 945/945 932/932 940/940
f 934/934 945/945 947/947
f 943/943 942/942 977/977
f 948/948 971/971 950/950
f 982/982 986/986 1002/1002
f 1108/1108 1107/1107 1100/1100
f 1100/1100 1107/1107 1101/1101
f 1109/1109 1104/1104 1092/1092
f 1104/1104 1097/1097 1092/1092
f 2377/2377 1849/1849 2372/2372
f 1849/1849 1833/1833 2372/2372
f 1133/1133 1149/1149 1152/1152
f 1833/1833 2351/2351 2372/2372
f 1133/1133 1152/1152 1153/1153
f 2299/2299 2351/2351 2300/2300
f 5298/5298 4718/4718 4717/4717
f 5902/5902 5906/5906 5903/5903
f 5903/5903 5906/5906 5907/5907
f 4933/4933 4930/4930 4929/4929
f 2238/2238 2304/2304 2236/2236
f 940/940 944/944 975/975
f 944/944 943/943 983/983
f 943/943 977/977 983/983
f 977/977 942/942 976/976
f 942/942 950/950 976/976
f 218/218 216/216 221/221
f 218/218 219/219 197/197
f 219/219 206/206 197/197
f 196/196 197/197 206/206
f 206/206 202/202 196/196
f 203/203 202/202 215/215
f 207/207 203/203 220/220
f 1277/1277 1278/1278 1279/1279
f 213/213 212/212 256/256
f 1106/1106 1105/1105 1097/1097
f 1143/1143 1148/1148 1164/1164
f 2418/2418 2420/2420 2377/2377
f 1118/1118 1117/1117 1116/1116
f 212/212 222/222 256/256
f 1104/1104 1109/1109 1117/1117
f 1104/1104 1106/1106 1097/1097
f 2300/2300 2273/2273 2299/2299
f 4731/4731 4730/4730 4708/4708
f 2300/2300 2343/2343 2273/2273
f 2273/2273 2343/2343 2293/2293
f 5898/5898 5901/5901 5900/5900
f 4717/4717 4718/4718 4716/4716
f 5443/5443 4918/4918 4993/4993
f 2280/2280 2279/2279 2283/2283
f 5176/5176 4925/4925 4926/4926
f 2243/2243 2238/2238 2237/2237
f 2373/2373 2365/2365 2348/2348
f 2365/2365 2371/2371 2363/2363
f 2371/2371 2355/2355 2363/2363
f 2371/2371 2006/2006 2355/2355
f 2355/2355 2006/2006 2350/2350
f 2006/2006 2004/2004 2350/2350
f 947/947 945/945 972/972
f 972/972 945/945 940/940
f 972/972 940/940 975/975
f 975/975 944/944 984/984
f 984/984 944/944 983/983
f 977/977 976/976 988/988
f 976/976 950/950 1005/1005
f 950/950 971/971 1005/1005
f 577/577 570/570 561/561
f 570/570 571/571 562/562
f 573/573 575/575 574/574
f 1277/1277 1279/1279 1280/1280
f 1143/1143 1164/1164 1159/1159
f 1146/1146 1145/1145 1144/1144
f 2372/2372 2360/2360 2366/2366
f 2351/2351 2299/2299 2360/2360
f 4708/4708 4730/4730 4706/4706
f 4706/4706 4705/4705 4707/4707
f 2293/2293 2297/2297 2344/2344
f 3736/3736 3737/3737 3738/3738
f 4989/4989 4985/4985 5407/5407
f 4984/4984 4985/4985 4983/4983
f 2232/2232 2234/2234 2231/2231
f 2234/2234 2373/2373 2231/2231
f 2006/2006 2005/2005 2004/2004
f 946/946 947/947 978/978
f 563/563 577/577 561/561
f 2527/2527 2532/2532 2531/2531
f 571/571 573/573 562/562
f 573/573 574/574 553/553
f 217/217 218/218 197/197
f 190/190 203/203 207/207
f 2375/2375 2417/2417 2418/2418
f 2377/2377 2372/2372 2376/2376
f 2376/2376 2372/2372 2289/2289
f 1152/1152 1157/1157 1160/1160
f 2372/2372 2366/2366 2289/2289
f 2366/2366 2360/2360 2274/2274
f 2360/2360 2299/2299 2274/2274
f 2299/2299 2273/2273 2298/2298
f 2272/2272 2273/2273 2271/2271
f 2273/2273 2293/2293 2271/2271
f 2271/2271 2293/2293 2344/2344
f 4989/4989 5407/5407 4987/4987
f 4989/4989 4987/4987 4983/4983
f 2297/2297 2296/2296 2295/2295
f 2284/2284 2280/2280 2247/2247
f 2247/2247 2280/2280 2283/2283
f 2283/2283 2279/2279 2246/2246
f 4923/4923 4925/4925 4917/4917
f 2279/2279 2245/2245 2246/2246
f 2245/2245 2244/2244 2240/2240
f 2238/2238 2236/2236 2235/2235
f 2235/2235 2236/2236 2233/2233
f 2236/2236 2232/2232 2233/2233
f 2233/2233 2232/2232 2230/2230
f 2232/2232 2231/2231 2230/2230
f 2373/2373 2348/2348 2231/2231
f 2365/2365 2363/2363 2348/2348
f 2004/2004 2005/2005 2003/2003
f 947/947 972/972 985/985
f 972/972 975/975 985/985
f 977/977 988/988 983/983
f 562/562 573/573 553/553
f 209/209 208/208 223/223
f 211/211 209/209 222/222
f 4743/4743 4741/4741 4739/4739
f 2274/2274 2299/2299 2298/2298
f 2298/2298 2272/2272 2274/2274
f 2298/2298 2273/2273 2272/2272
f 4707/4707 4705/4705 4736/4736
f 4711/4711 4715/4715 4714/4714
f 4714/4714 4715/4715 5125/5125
f 5125/5125 4715/4715 5190/5190
f 2344/2344 2297/2297 2265/2265
f 6337/6337 6340/6340 6338/6338
f 2295/2295 2296/2296 2247/2247
f 2296/2296 2284/2284 2247/2247
f 2363/2363 2355/2355 2223/2223
f 2355/2355 2350/2350 2223/2223
f 2004/2004 1998/1998 2350/2350
f 1998/1998 2004/2004 2003/2003
f 978/978 947/947 985/985
f 985/985 975/975 984/984
f 576/576 569/569 564/564
f 563/563 554/554 569/569
f 563/563 561/561 555/555
f 570/570 562/562 561/561
f 197/197 191/191 217/217
f 196/196 173/173 197/197
f 1281/1281 1282/1282 1297/1297
f 201/201 208/208 209/209
f 200/200 204/204 205/205
f 205/205 204/204 211/211
f 1158/1158 1159/1159 1179/1179
f 1159/1159 1165/1165 1179/1179
f 1179/1179 1164/1164 1194/1194
f 1164/1164 1167/1167 1194/1194
f 201/201 209/209 211/211
f 2384/2384 2417/2417 2375/2375
f 1155/1155 1147/1147 1172/1172
f 2375/2375 2377/2377 2376/2376
f 2289/2289 2366/2366 2274/2274
f 4739/4739 4741/4741 4740/4740
f 4740/4740 5378/5378 4703/4703
f 2265/2265 2297/2297 2295/2295
f 4982/4982 4990/4990 4981/4981
f 4918/4918 4919/4919 4915/4915
f 2283/2283 2246/2246 2247/2247
f 2245/2245 2240/2240 2246/2246
f 5557/5557 5556/5556 5553/5553
f 2244/2244 2241/2241 2240/2240
f 2244/2244 2243/2243 2241/2241
f 2237/2237 2238/2238 2235/2235
f 2231/2231 2348/2348 2217/2217
f 2217/2217 2348/2348 2219/2219
f 2348/2348 2363/2363 2223/2223
f 2348/2348 2223/2223 2219/2219
f 2350/2350 2224/2224 2223/2223
f 1998/1998 2003/2003 1995/1995
f 978/978 985/985 1003/1003
f 1003/1003 985/985 1004/1004
f 985/985 984/984 1007/1007
f 984/984 1006/1006 1007/1007
f 984/984 983/983 1006/1006
f 983/983 988/988 1008/1008
f 569/569 554/554 564/564
f 561/561 562/562 558/558
f 562/562 553/553 558/558
f 553/553 574/574 552/552
f 191/191 168/168 216/216
f 1281/1281 1297/1297 1298/1298
f 201/201 189/189 208/208
f 1167/1167 1196/1196 1194/1194
f 1191/1191 1179/1179 1195/1195
f 204/204 192/192 211/211
f 1171/1171 1158/1158 1191/1191
f 1157/1157 1155/1155 1168/1168
f 2376/2376 2289/2289 2336/2336
f 2289/2289 2274/2274 2276/2276
f 2276/2276 2274/2274 2275/2275
f 2274/2274 2272/2272 2269/2269
f 4700/4700 4697/4697 4698/4698
f 5919/5919 5920/5920 5921/5921
f 2265/2265 2295/2295 2294/2294
f 2295/2295 2247/2247 2294/2294
f 4915/4915 4913/4913 4916/4916
f 2231/2231 2217/2217 2230/2230
f 2350/2350 1998/1998 2224/2224
f 1995/1995 2003/2003 2002/2002
f 2003/2003 2011/2011 2002/2002
f 1004/1004 985/985 1007/1007
f 566/566 567/567 560/560
f 1006/1006 983/983 1008/1008
f 565/565 576/576 564/564
f 554/554 563/563 555/555
f 552/552 574/574 542/542
f 1297/1297 1282/1282 1299/1299
f 200/200 199/199 204/204
f 204/204 199/199 198/198
f 1179/1179 1194/1194 1195/1195
f 204/204 198/198 192/192
f 2375/2375 2376/2376 2336/2336
f 4703/4703 5378/5378 4734/4734
f 4702/4702 4734/4734 4701/4701
f 2272/2272 2271/2271 2269/2269
f 2269/2269 2271/2271 2268/2268
f 2271/2271 2265/2265 2268/2268
f 2239/2239 2246/2246 2240/2240
f 2237/2237 2235/2235 2203/2203
f 2235/2235 2233/2233 2189/2189
f 2233/2233 2230/2230 2189/2189
f 2223/2223 2220/2220 2219/2219
f 2223/2223 2224/2224 2220/2220
f 2224/2224 1998/1998 2356/2356
f 565/565 564/564 559/559
f 561/561 558/558 546/546
f 558/558 553/553 547/547
f 168/168 191/191 169/169
f 184/184 172/172 173/173
f 1298/1298 1297/1297 1299/1299
f 1195/1195 1194/1194 1207/1207
f 1194/1194 1196/1196 1202/1202
f 1171/1171 1190/1190 1172/1172
f 1162/1162 1168/1168 1163/1163
f 2274/2274 2269/2269 2275/2275
f 2294/2294 2258/2258 2259/2259
f 2247/2247 2246/2246 2248/2248
f 2243/2243 2237/2237 2241/2241
f 2189/2189 2230/2230 2217/2217
f 1998/1998 1995/1995 1994/1994
f 1998/1998 1994/1994 2356/2356
f 572/572 568/568 550/550
f 565/565 559/559 560/560
f 555/555 561/561 546/546
f 555/555 546/546 548/548
f 558/558 547/547 546/546
f 169/169 191/191 177/177
f 184/184 182/182 172/172
f 1191/1191 1195/1195 1209/1209
f 1190/1190 1191/1191 1192/1192
f 1170/1170 1163/1163 1197/1197
f 2384/2384 2375/2375 2380/2380
f 2380/2380 2375/2375 2317/2317
f 1169/1169 1170/1170 1314/1314
f 2317/2317 2336/2336 2290/2290
f 2336/2336 2289/2289 2290/2290
f 2289/2289 2276/2276 2290/2290
f 2276/2276 2275/2275 2306/2306
f 4745/4745 4693/4693 4697/4697
f 4697/4697 4693/4693 4695/4695
f 2294/2294 2247/2247 2258/2258
f 2246/2246 2239/2239 2248/2248
f 5430/5430 5115/5115 5113/5113
f 5113/5113 5115/5115 5112/5112
f 2237/2237 2203/2203 2242/2242
f 2189/2189 2217/2217 2216/2216
f 2216/2216 2217/2217 2218/2218
f 2220/2220 2224/2224 2225/2225
f 2229/2229 2356/2356 2357/2357
f 2356/2356 1994/1994 2357/2357
f 567/567 566/566 556/556
f 2002/2002 2011/2011 2012/2012
f 550/550 568/568 567/567
f 560/560 556/556 566/566
f 560/560 559/559 549/549
f 559/559 564/564 554/554
f 547/547 553/553 535/535
f 553/553 552/552 535/535
f 535/535 552/552 543/543
f 552/552 542/542 543/543
f 1298/1298 1299/1299 1300/1300
f 1300/1300 1299/1299 1301/1301
f 183/183 181/181 198/198
f 1195/1195 1207/1207 1209/1209
f 181/181 179/179 198/198
f 2419/2419 2384/2384 2380/2380
f 2419/2419 2380/2380 2381/2381
f 1163/1163 1168/1168 1198/1198
f 2380/2380 2317/2317 2379/2379
f 2275/2275 2269/2269 2270/2270
f 2268/2268 2265/2265 2262/2262
f 2265/2265 2259/2259 2262/2262
f 5250/5250 5329/5329 4904/4904
f 2239/2239 2240/2240 2165/2165
f 2241/2241 2237/2237 2242/2242
f 2203/2203 2235/2235 2189/2189
f 2217/2217 2219/2219 2218/2218
f 2224/2224 2229/2229 2225/2225
f 1994/1994 1995/1995 1996/1996
f 1995/1995 2002/2002 1996/1996
f 550/550 567/567 557/557
f 567/567 556/556 557/557
f 556/556 560/560 541/541
f 547/547 535/535 533/533
f 1194/1194 1202/1202 1207/1207
f 1202/1202 1208/1208 1207/1207
f 1192/1192 1191/1191 1211/1211
f 1191/1191 1209/1209 1211/1211
f 1189/1189 1193/1193 1203/1203
f 1193/1193 1190/1190 1192/1192
f 2381/2381 2380/2380 2379/2379
f 1197/1197 1163/1163 1198/1198
f 2905/2905 2904/2904 2903/2903
f 2379/2379 2317/2317 2315/2315
f 2317/2317 2290/2290 2307/2307
f 2290/2290 2276/2276 2306/2306
f 2269/2269 2268/2268 2262/2262
f 4696/4696 4695/4695 4694/4694
f 5000/5000 4906/4906 4905/4905
f 2247/2247 2248/2248 2258/2258
f 5250/5250 4904/4904 4903/4903
f 2165/2165 2241/2241 2242/2242
f 2219/2219 2220/2220 2218/2218
f 2220/2220 2222/2222 2218/2218
f 2220/2220 2225/2225 2222/2222
f 1996/1996 2002/2002 2007/2007
f 2002/2002 2012/2012 2007/2007
f 557/557 544/544 550/550
f 557/557 556/556 544/544
f 560/560 549/549 541/541
f 559/559 539/539 549/549
f 559/559 554/554 539/539
f 554/554 555/555 545/545
f 2870/2870 2871/2871 2859/2859
f 1199/1199 1189/1189 1204/1204
f 1189/1189 1203/1203 1204/1204
f 2381/2381 2379/2379 2382/2382
f 2903/2903 2904/2904 2897/2897
f 2307/2307 2290/2290 2306/2306
f 2275/2275 2270/2270 2306/2306
f 2269/2269 2262/2262 2270/2270
f 4677/4677 4738/4738 4694/4694
f 5004/5004 5030/5030 4906/4906
f 2258/2258 2248/2248 2249/2249
f 2242/2242 2203/2203 2166/2166
f 541/541 549/549 534/534
f 539/539 554/554 545/545
f 545/545 555/555 548/548
f 548/548 546/546 529/529
f 2870/2870 2859/2859 2857/2857
f 2866/2866 2867/2867 2815/2815
f 1203/1203 1192/1192 1210/1210
f 1192/1192 1211/1211 1210/1210
f 2381/2381 2382/2382 2416/2416
f 1197/1197 1198/1198 1205/1205
f 2315/2315 2317/2317 2307/2307
f 2307/2307 2306/2306 2308/2308
f 4696/4696 4694/4694 4737/4737
f 5447/5447 4696/4696 4737/4737
f 2259/2259 2258/2258 2252/2252
f 2259/2259 2252/2252 2262/2262
f 5004/5004 5031/5031 5030/5030
f 2239/2239 2165/2165 2167/2167
f 2203/2203 2189/2189 2185/2185
f 2189/2189 2216/2216 2188/2188
f 2218/2218 2222/2222 2221/2221
f 2225/2225 2229/2229 2226/2226
f 2229/2229 2357/2357 2228/2228
f 2357/2357 1994/1994 2228/2228
f 1994/1994 1996/1996 1997/1997
f 540/540 550/550 537/537
f 550/550 544/544 537/537
f 544/544 556/556 541/541
f 549/549 539/539 534/534
f 546/546 547/547 533/533
f 546/546 533/533 529/529
f 535/535 522/522 533/533
f 535/535 543/543 531/531
f 522/522 535/535 531/531
f 543/543 542/542 531/531
f 2867/2867 2870/2870 2815/2815
f 1211/1211 1209/1209 1212/1212
f 2860/2860 2862/2862 2807/2807
f 2869/2869 2860/2860 2810/2810
f 1197/1197 1205/1205 1206/1206
f 2316/2316 2379/2379 2315/2315
f 2315/2315 2307/2307 2311/2311
f 4661/4661 4659/4659 4660/4660
f 2307/2307 2308/2308 2310/2310
f 2306/2306 2270/2270 2308/2308
f 2309/2309 2308/2308 2270/2270
f 6347/6347 6348/6348 6349/6349
f 5033/5033 5030/5030 5032/5032
f 5033/5033 5035/5035 5036/5036
f 2258/2258 2249/2249 2252/2252
f 4906/4906 5302/5302 5005/5005
f 2167/2167 2165/2165 2164/2164
f 2165/2165 2242/2242 2166/2166
f 2189/2189 2188/2188 2185/2185
f 5010/5010 5011/5011 5008/5008
f 2208/2208 2216/2216 2221/2221
f 2216/2216 2218/2218 2221/2221
f 2221/2221 2222/2222 2210/2210
f 2222/2222 2225/2225 2210/2210
f 2229/2229 2228/2228 2226/2226
f 1994/1994 1997/1997 2228/2228
f 1996/1996 2007/2007 2000/2000
f 540/540 537/537 538/538
f 537/537 544/544 536/536
f 544/544 541/541 526/526
f 532/532 545/545 548/548
f 532/532 548/548 529/529
f 531/531 542/542 523/523
f 2536/2536 2533/2533 2535/2535
f 166/166 151/151 160/160
f 2857/2857 2859/2859 2858/2858
f 2861/2861 2866/2866 2804/2804
f 2810/2810 2860/2860 2806/2806
f 2865/2865 2868/2868 2811/2811
f 2868/2868 2869/2869 2810/2810
f 2868/2868 2810/2810 2811/2811
f 2897/2897 2865/2865 2896/2896
f 2903/2903 2897/2897 2896/2896
f 4660/4660 4665/4665 4664/4664
f 2270/2270 2354/2354 2309/2309
f 2270/2270 2262/2262 2354/2354
f 2354/2354 2262/2262 2263/2263
f 5037/5037 5031/5031 5362/5362
f 5033/5033 5032/5032 5034/5034
f 5394/5394 5036/5036 5035/5035
f 2164/2164 2165/2165 2166/2166
f 2203/2203 2186/2186 2166/2166
f 2203/2203 2185/2185 2186/2186
f 2188/2188 2346/2346 2187/2187
f 2188/2188 2216/2216 2346/2346
f 2216/2216 2208/2208 2346/2346
f 1997/1997 1996/1996 1999/1999
f 538/538 537/537 528/528
f 541/541 534/534 526/526
f 539/539 532/532 515/515
f 539/539 545/545 532/532
f 532/532 529/529 530/530
f 529/529 533/533 519/519
f 2866/2866 2815/2815 2804/2804
f 156/156 165/165 154/154
f 2862/2862 2864/2864 2808/2808
f 2864/2864 2863/2863 2808/2808
f 227/227 154/154 165/165
f 2416/2416 2382/2382 1993/1993
f 2311/2311 2307/2307 2310/2310
f 7/7 8/8 9/9
f 2308/2308 2309/2309 2319/2319
f 6333/6333 6332/6332 6334/6334
f 2263/2263 2262/2262 2252/2252
f 6290/6290 6289/6289 6287/6287
f 2248/2248 2239/2239 2249/2249
f 2239/2239 2167/2167 2250/2250
f 2188/2188 2187/2187 2185/2185
f 2208/2208 2221/2221 2207/2207
f 2225/2225 2226/2226 2210/2210
f 2228/2228 1997/1997 1999/1999
f 1996/1996 2000/2000 1999/1999
f 537/537 536/536 527/527
f 536/536 544/544 526/526
f 515/515 534/534 539/539
f 532/532 530/530 513/513
f 2857/2857 2858/2858 2856/2856
f 2804/2804 2815/2815 2802/2802
f 2863/2863 2803/2803 2808/2808
f 2863/2863 2861/2861 2803/2803
f 2862/2862 2808/2808 2807/2807
f 2806/2806 2860/2860 2805/2805
f 1993/1993 2382/2382 2393/2393
f 2382/2382 2316/2316 2328/2328
f 2316/2316 2315/2315 2311/2311
f 2310/2310 2308/2308 2318/2318
f 2308/2308 2319/2319 2318/2318
f 6333/6333 6329/6329 6332/6332
f 2354/2354 2263/2263 2330/2330
f 2263/2263 2252/2252 2264/2264
f 5104/5104 5103/5103 5245/5245
f 2249/2249 2239/2239 2250/2250
f 2166/2166 2162/2162 2161/2161
f 2166/2166 2186/2186 2162/2162
f 2346/2346 2208/2208 2187/2187
f 2221/2221 2210/2210 2207/2207
f 538/538 528/528 517/517
f 537/537 527/527 528/528
f 509/509 534/534 515/515
f 533/533 522/522 519/519
f 531/531 524/524 522/522
f 531/531 523/523 524/524
f 2896/2896 2865/2865 2895/2895
f 3730/3730 3731/3731 3732/3732
f 2312/2312 2311/2311 2310/2310
f 4671/4671 5173/5173 4670/4670
f 5166/5166 5167/5167 5173/5173
f 5245/5245 5103/5103 5101/5101
f 2185/2185 2187/2187 2183/2183
f 2226/2226 2228/2228 2227/2227
f 2228/2228 1999/1999 2159/2159
f 1999/1999 2001/2001 2359/2359
f 1999/1999 2000/2000 2001/2001
f 526/526 534/534 509/509
f 509/509 515/515 504/504
f 513/513 530/530 514/514
f 529/529 519/519 503/503
f 519/519 522/522 518/518
f 2857/2857 2856/2856 2854/2854
f 2854/2854 2856/2856 2855/2855
f 2808/2808 2798/2798 2807/2807
f 2805/2805 2860/2860 2807/2807
f 2810/2810 2806/2806 2796/2796
f 2895/2895 2865/2865 2812/2812
f 2865/2865 2811/2811 2812/2812
f 2328/2328 2316/2316 2321/2321
f 2316/2316 2311/2311 2321/2321
f 2321/2321 2311/2311 2312/2312
f 2318/2318 2319/2319 2476/2476
f 5166/5166 5173/5173 4692/4692
f 2319/2319 2309/2309 2330/2330
f 5106/5106 5277/5277 5107/5107
f 5106/5106 5107/5107 5105/5105
f 2263/2263 2264/2264 2266/2266
f 2250/2250 2167/2167 2261/2261
f 2167/2167 2164/2164 2301/2301
f 2167/2167 2301/2301 2260/2260
f 2210/2210 2226/2226 2211/2211
f 2226/2226 2227/2227 2211/2211
f 2228/2228 2159/2159 2227/2227
f 1999/1999 2359/2359 2159/2159
f 2001/2001 2000/2000 2008/2008
f 528/528 527/527 517/517
f 527/527 536/536 526/526
f 515/515 512/512 504/504
f 515/515 532/532 513/513
f 513/513 514/514 511/511
f 530/530 529/529 514/514
f 514/514 529/529 503/503
f 522/522 525/525 518/518
f 522/522 524/524 525/525
f 2803/2803 2809/2809 2794/2794
f 2808/2808 2803/2803 2798/2798
f 154/154 227/227 149/149
f 2807/2807 2790/2790 2805/2805
f 2790/2790 2807/2807 2798/2798
f 2796/2796 2806/2806 2789/2789
f 2806/2806 2805/2805 2789/2789
f 2812/2812 2811/2811 2797/2797
f 2811/2811 2810/2810 2797/2797
f 2312/2312 2310/2310 2313/2313
f 4657/4657 5080/5080 4655/4655
f 2310/2310 2318/2318 2313/2313
f 2330/2330 2263/2263 2473/2473
f 2264/2264 2252/2252 2253/2253
f 2250/2250 2261/2261 2260/2260
f 2164/2164 2166/2166 2161/2161
f 2162/2162 2186/2186 2174/2174
f 2186/2186 2185/2185 2174/2174
f 2185/2185 2183/2183 2174/2174
f 2187/2187 2208/2208 2206/2206
f 2208/2208 2207/2207 2206/2206
f 2227/2227 2159/2159 2140/2140
f 2359/2359 2001/2001 2159/2159
f 2001/2001 2008/2008 2009/2009
f 526/526 509/509 508/508
f 515/515 513/513 512/512
f 503/503 519/519 502/502
f 519/519 518/518 502/502
f 524/524 523/523 520/520
f 2809/2809 2804/2804 2799/2799
f 2804/2804 2802/2802 2799/2799
f 2803/2803 2794/2794 2795/2795
f 2798/2798 2803/2803 2795/2795
f 2797/2797 2810/2810 2796/2796
f 2393/2393 2328/2328 2320/2320
f 2328/2328 2321/2321 2320/2320
f 4755/4755 5442/5442 4753/4753
f 2321/2321 2312/2312 2320/2320
f 5027/5027 4762/4762 4761/4761
f 4656/4656 4653/4653 4760/4760
f 2318/2318 2476/2476 2322/2322
f 4685/4685 4687/4687 4686/4686
f 2263/2263 2266/2266 2473/2473
f 2252/2252 2249/2249 2251/2251
f 2249/2249 2250/2250 2251/2251
f 2251/2251 2250/2250 2260/2260
f 10/10 11/11 12/12
f 5252/5252 5157/5157 4314/4314
f 2161/2161 2162/2162 2163/2163
f 2162/2162 2174/2174 2163/2163
f 2174/2174 2183/2183 2175/2175
f 2187/2187 2206/2206 2215/2215
f 2207/2207 2210/2210 2209/2209
f 2211/2211 2227/2227 2345/2345
f 2159/2159 2001/2001 2158/2158
f 2158/2158 2001/2001 2157/2157
f 517/517 527/527 516/516
f 527/527 526/526 510/510
f 526/526 508/508 510/510
f 508/508 509/509 505/505
f 514/514 498/498 511/511
f 520/520 523/523 521/521
f 2854/2854 2855/2855 2853/2853
f 2809/2809 2799/2799 2794/2794
f 2790/2790 2798/2798 2792/2792
f 1992/1992 1993/1993 1991/1991
f 2805/2805 2790/2790 2789/2789
f 1993/1993 2393/2393 1991/1991
f 2812/2812 2797/2797 2813/2813
f 4685/4685 4692/4692 5293/5293
f 4686/4686 4687/4687 4689/4689
f 2260/2260 2301/2301 2352/2352
f 2187/2187 2215/2215 2183/2183
f 2206/2206 2207/2207 2204/2204
f 2209/2209 2210/2210 2211/2211
f 2227/2227 2140/2140 2345/2345
f 2140/2140 2159/2159 2158/2158
f 2157/2157 2001/2001 2116/2116
f 2001/2001 2009/2009 2116/2116
f 516/516 527/527 510/510
f 514/514 503/503 498/498
f 518/518 525/525 500/500
f 525/525 524/524 520/520
f 500/500 525/525 520/520
f 2854/2854 2853/2853 2851/2851
f 2799/2799 2802/2802 2793/2793
f 2802/2802 2854/2854 2793/2793
f 2795/2795 2794/2794 2785/2785
f 2798/2798 2795/2795 2792/2792
f 2791/2791 2790/2790 2792/2792
f 1991/1991 2393/2393 2392/2392
f 2393/2393 2320/2320 2392/2392
f 2392/2392 2320/2320 2349/2349
f 2312/2312 2314/2314 2320/2320
f 2314/2314 2313/2313 2322/2322
f 4758/4758 4649/4649 4650/4650
f 2476/2476 2319/2319 2368/2368
f 2319/2319 2330/2330 2473/2473
f 2266/2266 2264/2264 2253/2253
f 2252/2252 2251/2251 2253/2253
f 2352/2352 2301/2301 2168/2168
f 4314/4314 5157/5157 5052/5052
f 2301/2301 2164/2164 2168/2168
f 2168/2168 2164/2164 2161/2161
f 2183/2183 2184/2184 2175/2175
f 2207/2207 2209/2209 2204/2204
f 2009/2009 2008/2008 2010/2010
f 501/501 516/516 510/510
f 504/504 512/512 497/497
f 513/513 511/511 512/512
f 503/503 502/502 499/499
f 502/502 518/518 500/500
f 520/520 521/521 494/494
f 143/143 133/133 142/142
f 2794/2794 2799/2799 2784/2784
f 2784/2784 2799/2799 2793/2793
f 2796/2796 2789/2789 2781/2781
f 2349/2349 2320/2320 2332/2332
f 2320/2320 2314/2314 2332/2332
f 4654/4654 4763/4763 4759/4759
f 2322/2322 2476/2476 2368/2368
f 2322/2322 2368/2368 2367/2367
f 5975/5975 5973/5973 5976/5976
f 2368/2368 2319/2319 2472/2472
f 2319/2319 2473/2473 2472/2472
f 2473/2473 2266/2266 2466/2466
f 2253/2253 2251/2251 2254/2254
f 2251/2251 2260/2260 2256/2256
f 2163/2163 2174/2174 2175/2175
f 2183/2183 2215/2215 2184/2184
f 2215/2215 2206/2206 2200/2200
f 2206/2206 2204/2204 2200/2200
f 2345/2345 2140/2140 2138/2138
f 2140/2140 2158/2158 2139/2139
f 2158/2158 2157/2157 2152/2152
f 2157/2157 2116/2116 2152/2152
f 517/517 516/516 507/507
f 507/507 516/516 488/488
f 516/516 501/501 488/488
f 509/509 504/504 505/505
f 498/498 503/503 499/499
f 2538/2538 2539/2539 2554/2554
f 108/108 142/142 133/133
f 2851/2851 2853/2853 2852/2852
f 106/106 115/115 134/134
f 2785/2785 2794/2794 2774/2774
f 2774/2774 2794/2794 2784/2784
f 2792/2792 2795/2795 2773/2773
f 2374/2374 1991/1991 2389/2389
f 2813/2813 2787/2787 2814/2814
f 2813/2813 2797/2797 2787/2787
f 2392/2392 2349/2349 2383/2383
f 2349/2349 2378/2378 2383/2383
f 2349/2349 2332/2332 2378/2378
f 4763/4763 5353/5353 5248/5248
f 4763/4763 5248/5248 4759/4759
f 4759/4759 5438/5438 4767/4767
f 4767/4767 4646/4646 4647/4647
f 2260/2260 2267/2267 2256/2256
f 2267/2267 2352/2352 2168/2168
f 2161/2161 2169/2169 2168/2168
f 2169/2169 2161/2161 2163/2163
f 2175/2175 2184/2184 2177/2177
f 2184/2184 2215/2215 2200/2200
f 2211/2211 2214/2214 2209/2209
f 2214/2214 2211/2211 2138/2138
f 2211/2211 2345/2345 2138/2138
f 2140/2140 2139/2139 2138/2138
f 2158/2158 2152/2152 2139/2139
f 510/510 508/508 493/493
f 492/492 504/504 497/497
f 512/512 511/511 497/497
f 511/511 498/498 497/497
f 498/498 499/499 486/486
f 502/502 490/490 499/499
f 502/502 500/500 490/490
f 520/520 494/494 500/500
f 109/109 98/98 113/113
f 2773/2773 2795/2795 2785/2785
f 1992/1992 1991/1991 1990/1990
f 2789/2789 2790/2790 2783/2783
f 2790/2790 2791/2791 2783/2783
f 2797/2797 2796/2796 2780/2780
f 2797/2797 2780/2780 2787/2787
f 2389/2389 2392/2392 2383/2383
f 4859/4859 4858/4858 4862/4862
f 2332/2332 2314/2314 2323/2323
f 4759/4759 5248/5248 5438/5438
f 2314/2314 2322/2322 2323/2323
f 4647/4647 4646/4646 4645/4645
f 6189/6189 6191/6191 6190/6190
f 4834/4834 4837/4837 4833/4833
f 2466/2466 2266/2266 2362/2362
f 2266/2266 2253/2253 2362/2362
f 2253/2253 2329/2329 2362/2362
f 2329/2329 2253/2253 2254/2254
f 2251/2251 2256/2256 2255/2255
f 2204/2204 2209/2209 2205/2205
f 2138/2138 2139/2139 2137/2137
f 2155/2155 2152/2152 2116/2116
f 493/493 508/508 505/505
f 505/505 504/504 492/492
f 497/497 498/498 496/496
f 496/496 498/498 486/486
f 500/500 491/491 490/490
f 500/500 494/494 495/495
f 138/138 142/142 112/112
f 2851/2851 2852/2852 2850/2850
f 2793/2793 2779/2779 2784/2784
f 2785/2785 2774/2774 2772/2772
f 2789/2789 2783/2783 2781/2781
f 2389/2389 2383/2383 2374/2374
f 2383/2383 2378/2378 2335/2335
f 6136/6136 6137/6137 6138/6138
f 2323/2323 2322/2322 2324/2324
f 4651/4651 4764/4764 4766/4766
f 2163/2163 2175/2175 2170/2170
f 2170/2170 2175/2175 2176/2176
f 2175/2175 2177/2177 2176/2176
f 2177/2177 2184/2184 2200/2200
f 2155/2155 2116/2116 2117/2117
f 2116/2116 2009/2009 2117/2117
f 2117/2117 2009/2009 2010/2010
f 507/507 488/488 489/489
f 501/501 510/510 493/493
f 493/493 505/505 492/492
f 497/497 496/496 479/479
f 2773/2773 2785/2785 2772/2772
f 2791/2791 2759/2759 2783/2783
f 2791/2791 2792/2792 2759/2759
f 2759/2759 2792/2792 2773/2773
f 1991/1991 2374/2374 1989/1989
f 2786/2786 2787/2787 2780/2780
f 2383/2383 2335/2335 2374/2374
f 2378/2378 2332/2332 2335/2335
f 2335/2335 2332/2332 2323/2323
f 2473/2473 2466/2466 2472/2472
f 4833/4833 4830/4830 4832/4832
f 2329/2329 2254/2254 2362/2362
f 2254/2254 2251/2251 2255/2255
f 2267/2267 2168/2168 2256/2256
f 2169/2169 2163/2163 2170/2170
f 2209/2209 2214/2214 2212/2212
f 2209/2209 2212/2212 2205/2205
f 2139/2139 2152/2152 2150/2150
f 2152/2152 2155/2155 2150/2150
f 499/499 490/490 480/480
f 500/500 495/495 491/491
f 137/137 138/138 129/129
f 2793/2793 2838/2838 2779/2779
f 2774/2774 2784/2784 2775/2775
f 2784/2784 2779/2779 2775/2775
f 1990/1990 1991/1991 1989/1989
f 2781/2781 2783/2783 2782/2782
f 2374/2374 2388/2388 1989/1989
f 2374/2374 2335/2335 2364/2364
f 6117/6117 6118/6118 6116/6116
f 5969/5969 5970/5970 5965/5965
f 5965/5965 5970/5970 5977/5977
f 2466/2466 2362/2362 2444/2444
f 2256/2256 2168/2168 2257/2257
f 2168/2168 2169/2169 2201/2201
f 2177/2177 2178/2178 2176/2176
f 2177/2177 2200/2200 2178/2178
f 2200/2200 2190/2190 2182/2182
f 2200/2200 2204/2204 2190/2190
f 2204/2204 2205/2205 2190/2190
f 2212/2212 2214/2214 2213/2213
f 2214/2214 2138/2138 2213/2213
f 2137/2137 2139/2139 2150/2150
f 497/497 479/479 472/472
f 486/486 499/499 480/480
f 2851/2851 2850/2850 2838/2838
f 2775/2775 2779/2779 2778/2778
f 2775/2775 2778/2778 2776/2776
f 2769/2769 2773/2773 2772/2772
f 1990/1990 1989/1989 1988/1988
f 2786/2786 2780/2780 2754/2754
f 2374/2374 2364/2364 2388/2388
f 2364/2364 2335/2335 2326/2326
f 2335/2335 2323/2323 2326/2326
f 2254/2254 2255/2255 2514/2514
f 2257/2257 2168/2168 2201/2201
f 2138/2138 2137/2137 2129/2129
f 2155/2155 2117/2117 2154/2154
f 501/501 493/493 485/485
f 493/493 492/492 476/476
f 497/497 472/472 492/492
f 496/496 486/486 479/479
f 495/495 494/494 469/469
f 469/469 494/494 481/481
f 138/138 112/112 102/102
f 2772/2772 2774/2774 2770/2770
f 2754/2754 2780/2780 2760/2760
f 1989/1989 2388/2388 2385/2385
f 2323/2323 2325/2325 2326/2326
f 4849/4849 4636/4636 4637/4637
f 4642/4642 4640/4640 4641/4641
f 4642/4642 4641/4641 4643/4643
f 2323/2323 2324/2324 2325/2325
f 5290/5290 4645/4645 4643/4643
f 2472/2472 2469/2469 2368/2368
f 2472/2472 2466/2466 2469/2469
f 2362/2362 2254/2254 2463/2463
f 2463/2463 2254/2254 2514/2514
f 2255/2255 2256/2256 2257/2257
f 2169/2169 2171/2171 2201/2201
f 2169/2169 2170/2170 2171/2171
f 2178/2178 2200/2200 2182/2182
f 2182/2182 2190/2190 2179/2179
f 2205/2205 2136/2136 2190/2190
f 2205/2205 2212/2212 2136/2136
f 2213/2213 2129/2129 2212/2212
f 2213/2213 2138/2138 2129/2129
f 2154/2154 2117/2117 2119/2119
f 2117/2117 2010/2010 2118/2118
f 2010/2010 2120/2120 2118/2118
f 489/489 488/488 478/478
f 478/478 488/488 482/482
f 488/488 501/501 482/482
f 501/501 485/485 482/482
f 492/492 475/475 476/476
f 479/479 486/486 473/473
f 486/486 474/474 473/473
f 486/486 480/480 474/474
f 138/138 102/102 129/129
f 2769/2769 2772/2772 2770/2770
f 2774/2774 2771/2771 2770/2770
f 2774/2774 2775/2775 2771/2771
f 2756/2756 2773/2773 2769/2769
f 2782/2782 2783/2783 2758/2758
f 2783/2783 2759/2759 2758/2758
f 2786/2786 2754/2754 2788/2788
f 4624/4624 4625/4625 5297/5297
f 4624/4624 5297/5297 4855/4855
f 2368/2368 2483/2483 2324/2324
f 5965/5965 5977/5977 5967/5967
f 4809/4809 4808/4808 4810/4810
f 4828/4828 4826/4826 4827/4827
f 2444/2444 2362/2362 2463/2463
f 2514/2514 2255/2255 2463/2463
f 2463/2463 2255/2255 2474/2474
f 2474/2474 2255/2255 2257/2257
f 2257/2257 2201/2201 2171/2171
f 2170/2170 2172/2172 2171/2171
f 2172/2172 2170/2170 2173/2173
f 2170/2170 2176/2176 2173/2173
f 2182/2182 2179/2179 2178/2178
f 2191/2191 2190/2190 2136/2136
f 2212/2212 2129/2129 2136/2136
f 2137/2137 2150/2150 2151/2151
f 2117/2117 2118/2118 2119/2119
f 485/485 493/493 476/476
f 490/490 491/491 465/465
f 491/491 468/468 465/465
f 491/491 495/495 468/468
f 468/468 495/495 469/469
f 2838/2838 2850/2850 2847/2847
f 2847/2847 2850/2850 2849/2849
f 2771/2771 2775/2775 2776/2776
f 2759/2759 2773/2773 2756/2756
f 2760/2760 2782/2782 2758/2758
f 4640/4640 4639/4639 4641/4641
f 4641/4641 4639/4639 5391/5391
f 2353/2353 2324/2324 2484/2484
f 5290/5290 4643/4643 4769/4769
f 4769/4769 4643/4643 4768/4768
f 2484/2484 2324/2324 2483/2483
f 5965/5965 5967/5967 5962/5962
f 2483/2483 2368/2368 2469/2469
f 4810/4810 4808/4808 4817/4817
f 2469/2469 2466/2466 2468/2468
f 2466/2466 2444/2444 2468/2468
f 2463/2463 2474/2474 2467/2467
f 2190/2190 2191/2191 2179/2179
f 2129/2129 2137/2137 2128/2128
f 492/492 472/472 475/475
f 480/480 490/490 465/465
f 2779/2779 2751/2751 2778/2778
f 2779/2779 2838/2838 2751/2751
f 2771/2771 2776/2776 2753/2753
f 2758/2758 2759/2759 2755/2755
f 1988/1988 1989/1989 1987/1987
f 4638/4638 4865/4865 5508/5508
f 4638/4638 5508/5508 5391/5391
f 4786/4786 4641/4641 5391/5391
f 4783/4783 4769/4769 4781/4781
f 5333/5333 4823/4823 4826/4826
f 2176/2176 2178/2178 2180/2180
f 2178/2178 2179/2179 2180/2180
f 2128/2128 2137/2137 2151/2151
f 2118/2118 2120/2120 2121/2121
f 475/475 472/472 456/456
f 480/480 465/465 455/455
f 469/469 481/481 458/458
f 2770/2770 2771/2771 2757/2757
f 2776/2776 2778/2778 2777/2777
f 2769/2769 2770/2770 2757/2757
f 2759/2759 2756/2756 2755/2755
f 1987/1987 1989/1989 2390/2390
f 2390/2390 1989/1989 2387/2387
f 1989/1989 2385/2385 2387/2387
f 2385/2385 2361/2361 2386/2386
f 2386/2386 2361/2361 2353/2353
f 4786/4786 5391/5391 4771/4771
f 4782/4782 4781/4781 4780/4780
f 2463/2463 2467/2467 2464/2464
f 2474/2474 2471/2471 2467/2467
f 2474/2474 2257/2257 2471/2471
f 2257/2257 2171/2171 2471/2471
f 2471/2471 2171/2171 2470/2470
f 2470/2470 2171/2171 2172/2172
f 2173/2173 2176/2176 2180/2180
f 2179/2179 2191/2191 2192/2192
f 2191/2191 2136/2136 2130/2130
f 2136/2136 2129/2129 2125/2125
f 2151/2151 2150/2150 2143/2143
f 2150/2150 2154/2154 2143/2143
f 2143/2143 2154/2154 2119/2119
f 2119/2119 2118/2118 2160/2160
f 2118/2118 2122/2122 2160/2160
f 2118/2118 2121/2121 2122/2122
f 489/489 478/478 477/477
f 482/482 485/485 464/464
f 485/485 476/476 464/464
f 472/472 479/479 471/471
f 471/471 479/479 473/473
f 474/474 480/480 455/455
f 129/129 102/102 101/101
f 129/129 101/101 128/128
f 2847/2847 2849/2849 2848/2848
f 2777/2777 2778/2778 2751/2751
f 2757/2757 2771/2771 2753/2753
f 2753/2753 2776/2776 2777/2777
f 2756/2756 2769/2769 2757/2757
f 2754/2754 2760/2760 2740/2740
f 2800/2800 2788/2788 2754/2754
f 2385/2385 2386/2386 2387/2387
f 4628/4628 4629/4629 4630/4630
f 6100/6100 6097/6097 6101/6101
f 4782/4782 4780/4780 4784/4784
f 4309/4309 4340/4340 4310/4310
f 2172/2172 2173/2173 2181/2181
f 2191/2191 2193/2193 2192/2192
f 2136/2136 2125/2125 2130/2130
f 2129/2129 2128/2128 2125/2125
f 478/478 482/482 470/470
f 482/482 464/464 470/470
f 476/476 475/475 457/457
f 475/475 456/456 457/457
f 472/472 471/471 456/456
f 389/389 473/473 474/474
f 455/455 465/465 388/388
f 468/468 469/469 466/466
f 467/467 469/469 434/434
f 469/469 458/458 434/434
f 1988/1988 1987/1987 1986/1986
f 2740/2740 2760/2760 2758/2758
f 2800/2800 2754/2754 2801/2801
f 2394/2394 2387/2387 2386/2386
f 4627/4627 5177/5177 5172/5172
f 4847/4847 4777/4777 4775/4775
f 4806/4806 4808/4808 4807/4807
f 4807/4807 4805/4805 4806/4806
f 2469/2469 2468/2468 2481/2481
f 2444/2444 2463/2463 2441/2441
f 2463/2463 2464/2464 2462/2462
f 2173/2173 2180/2180 2181/2181
f 2180/2180 2179/2179 2202/2202
f 3901/3901 3873/3873 5249/5249
f 2191/2191 2194/2194 2193/2193
f 2191/2191 2130/2130 2194/2194
f 2151/2151 2143/2143 2128/2128
f 464/464 476/476 392/392
f 474/474 455/455 390/390
f 465/465 468/468 466/466
f 469/469 467/467 466/466
f 2753/2753 2777/2777 2752/2752
f 2777/2777 2751/2751 2752/2752
f 2736/2736 2756/2756 2737/2737
f 2756/2756 2757/2757 2737/2737
f 2740/2740 2758/2758 2755/2755
f 2755/2755 2756/2756 2736/2736
f 2390/2390 2387/2387 2413/2413
f 4621/4621 4619/4619 4864/4864
f 5172/5172 5177/5177 5516/5516
f 2386/2386 2395/2395 2394/2394
f 2386/2386 2487/2487 2395/2395
f 2386/2386 2353/2353 2487/2487
f 4772/4772 4775/4775 4774/4774
f 2481/2481 2468/2468 2443/2443
f 2468/2468 2444/2444 2443/2443
f 4822/4822 4821/4821 5356/5356
f 2467/2467 2491/2491 2464/2464
f 2467/2467 2471/2471 2491/2491
f 2181/2181 2180/2180 2505/2505
f 2192/2192 2195/2195 2179/2179
f 2194/2194 2130/2130 2334/2334
f 2143/2143 2119/2119 2153/2153
f 2119/2119 2160/2160 2153/2153
f 477/477 478/478 362/362
f 478/478 470/470 362/362
f 476/476 457/457 392/392
f 457/457 456/456 375/375
f 2751/2751 2847/2847 2735/2735
f 2739/2739 2757/2757 2753/2753
f 2747/2747 2754/2754 2742/2742
f 2754/2754 2740/2740 2742/2742
f 2801/2801 2754/2754 2747/2747
f 6094/6094 6097/6097 6096/6096
f 6096/6096 6095/6095 6094/6094
f 6094/6094 6095/6095 6090/6090
f 2353/2353 2484/2484 2487/2487
f 2487/2487 2484/2484 2486/2486
f 2484/2484 2483/2483 2486/2486
f 2486/2486 2483/2483 2482/2482
f 2443/2443 2444/2444 2441/2441
f 2463/2463 2462/2462 2441/2441
f 2491/2491 2471/2471 2465/2465
f 2471/2471 2470/2470 2465/2465
f 2202/2202 2179/2179 2197/2197
f 2179/2179 2195/2195 2197/2197
f 2195/2195 2192/2192 2193/2193
f 3873/3873 3868/3868 5249/5249
f 2193/2193 2194/2194 2334/2334
f 2128/2128 2131/2131 2126/2126
f 2131/2131 2128/2128 2142/2142
f 2128/2128 2143/2143 2142/2142
f 2122/2122 2121/2121 2123/2123
f 477/477 362/362 435/435
f 392/392 457/457 374/374
f 471/471 473/473 389/389
f 465/465 466/466 388/388
f 466/466 467/467 391/391
f 2757/2757 2739/2739 2737/2737
f 2740/2740 2755/2755 2736/2736
f 2481/2481 2443/2443 2482/2482
f 4359/4359 5511/5511 4360/4360
f 2465/2465 2470/2470 2453/2453
f 2180/2180 2199/2199 2505/2505
f 2180/2180 2202/2202 2199/2199
f 5249/5249 3868/3868 3866/3866
f 2334/2334 2130/2130 2141/2141
f 2125/2125 2128/2128 2126/2126
f 2143/2143 2153/2153 2142/2142
f 2122/2122 2123/2123 2124/2124
f 464/464 392/392 359/359
f 457/457 375/375 374/374
f 456/456 471/471 389/389
f 389/389 474/474 390/390
f 390/390 455/455 360/360
f 2847/2847 2848/2848 2845/2845
f 2847/2847 2845/2845 2846/2846
f 2751/2751 2735/2735 2734/2734
f 2753/2753 2752/2752 2733/2733
f 2733/2733 2752/2752 2751/2751
f 2395/2395 2487/2487 2415/2415
f 4791/4791 4788/4788 4790/4790
f 4791/4791 4792/4792 4793/4793
f 2482/2482 2443/2443 2516/2516
f 4802/4802 4803/4803 4804/4804
f 2464/2464 2491/2491 2465/2465
f 2470/2470 2172/2172 2453/2453
f 2202/2202 2197/2197 2199/2199
f 3869/3869 3905/3905 3872/3872
f 3872/3872 3870/3870 3869/3869
f 2195/2195 2193/2193 2196/2196
f 2193/2193 2334/2334 2196/2196
f 2196/2196 2334/2334 2141/2141
f 2130/2130 2125/2125 2127/2127
f 2160/2160 2122/2122 2153/2153
f 362/362 464/464 359/359
f 392/392 374/374 357/357
f 375/375 456/456 389/389
f 455/455 388/388 360/360
f 467/467 434/434 391/391
f 125/125 127/127 126/126
f 2751/2751 2734/2734 2733/2733
f 2739/2739 2753/2753 2727/2727
f 2727/2727 2753/2753 2733/2733
f 2736/2736 2737/2737 2721/2721
f 2390/2390 2413/2413 2412/2412
f 6120/6120 6119/6119 6122/6122
f 2412/2412 2395/2395 2408/2408
f 6120/6120 6122/6122 6124/6124
f 4571/4571 4573/4573 4568/4568
f 3748/3748 3749/3749 3750/3750
f 2487/2487 2486/2486 2415/2415
f 2485/2485 2482/2482 2456/2456
f 2453/2453 2172/2172 2506/2506
f 2172/2172 2181/2181 2505/2505
f 2172/2172 2505/2505 2506/2506
f 3867/3867 3869/3869 3870/3870
f 2141/2141 2130/2130 2127/2127
f 2131/2131 2142/2142 2144/2144
f 2153/2153 2124/2124 2149/2149
f 2153/2153 2122/2122 2124/2124
f 2124/2124 2123/2123 2106/2106
f 435/435 362/362 361/361
f 359/359 392/392 358/358
f 392/392 357/357 358/358
f 360/360 388/388 387/387
f 466/466 391/391 388/388
f 2737/2737 2738/2738 2721/2721
f 2740/2740 2736/2736 2726/2726
f 2747/2747 2744/2744 2748/2748
f 2747/2747 2742/2742 2744/2744
f 4617/4617 4618/4618 4616/4616
f 4568/4568 4573/4573 4569/4569
f 4791/4791 4790/4790 4792/4792
f 2482/2482 2516/2516 2456/2456
f 4804/4804 4803/4803 4868/4868
f 2443/2443 2442/2442 2516/2516
f 2462/2462 2464/2464 2465/2465
f 2197/2197 2195/2195 2198/2198
f 2195/2195 2196/2196 2198/2198
f 2196/2196 2141/2141 2331/2331
f 2125/2125 2126/2126 2127/2127
f 3846/3846 3848/3848 5085/5085
f 2142/2142 2153/2153 2144/2144
f 435/435 361/361 506/506
f 362/362 359/359 336/336
f 336/336 359/359 335/335
f 357/357 374/374 364/364
f 374/374 375/375 364/364
f 375/375 389/389 327/327
f 389/389 390/390 365/365
f 2633/2633 2635/2635 2636/2636
f 434/434 458/458 433/433
f 2734/2734 2735/2735 2732/2732
f 2738/2738 2737/2737 2722/2722
f 2737/2737 2739/2739 2722/2722
f 2736/2736 2721/2721 2726/2726
f 1986/1986 1987/1987 1985/1985
f 1987/1987 2390/2390 1985/1985
f 2412/2412 2408/2408 2411/2411
f 2395/2395 2415/2415 2408/2408
f 2414/2414 2408/2408 2415/2415
f 4568/4568 4569/4569 4567/4567
f 4564/4564 4575/4575 4563/4563
f 2415/2415 2486/2486 2488/2488
f 2486/2486 2482/2482 2485/2485
f 2486/2486 2485/2485 2488/2488
f 6285/6285 6283/6283 6282/6282
f 2442/2442 2443/2443 2441/2441
f 2197/2197 2198/2198 2199/2199
f 2126/2126 2131/2131 2132/2132
f 2131/2131 2144/2144 2132/2132
f 2153/2153 2149/2149 2144/2144
f 506/506 361/361 483/483
f 361/361 362/362 336/336
f 359/359 358/358 335/335
f 358/358 357/357 335/335
f 364/364 375/375 363/363
f 375/375 327/327 363/363
f 365/365 390/390 360/360
f 388/388 391/391 329/329
f 2846/2846 2843/2843 2732/2732
f 2846/2846 2845/2845 2843/2843
f 2843/2843 2845/2845 2844/2844
f 2727/2727 2733/2733 2730/2730
f 2721/2721 2738/2738 2722/2722
f 2722/2722 2739/2739 2727/2727
f 1986/1986 1985/1985 1984/1984
f 2742/2742 2740/2740 2741/2741
f 2740/2740 2726/2726 2741/2741
f 1985/1985 2390/2390 2391/2391
f 4617/4617 4616/4616 4604/4604
f 2391/2391 2390/2390 2411/2411
f 2390/2390 2412/2412 2411/2411
f 2407/2407 2411/2411 2408/2408
f 2488/2488 2485/2485 2513/2513
f 4792/4792 4795/4795 4846/4846
f 4846/4846 4798/4798 4794/4794
f 2456/2456 2516/2516 2442/2442
f 2441/2441 2462/2462 2460/2460
f 2462/2462 2465/2465 2461/2461
f 2453/2453 2506/2506 2446/2446
f 2446/2446 2506/2506 2508/2508
f 2199/2199 2198/2198 2518/2518
f 2198/2198 2196/2196 2331/2331
f 2141/2141 2127/2127 2331/2331
f 2132/2132 2144/2144 2135/2135
f 2106/2106 2105/2105 2149/2149
f 389/389 365/365 327/327
f 387/387 388/388 322/322
f 391/391 434/434 329/329
f 2726/2726 2721/2721 2725/2725
f 2748/2748 2744/2744 2746/2746
f 2408/2408 2403/2403 2407/2407
f 3712/3712 3713/3713 3714/3714
f 3481/3481 3482/3482 3483/3483
f 4563/4563 4562/4562 4560/4560
f 2414/2414 2415/2415 2404/2404
f 2415/2415 2488/2488 2404/2404
f 6282/6282 6283/6283 6284/6284
f 2505/2505 2199/2199 1891/1891
f 2198/2198 2331/2331 1889/1889
f 2331/2331 2127/2127 1887/1887
f 3902/3902 3864/3864 3860/3860
f 2127/2127 2126/2126 2132/2132
f 2135/2135 2144/2144 2147/2147
f 2149/2149 2105/2105 2104/2104
f 2105/2105 2106/2106 2102/2102
f 336/336 335/335 332/332
f 363/363 327/327 319/319
f 327/327 365/365 323/323
f 2733/2733 2734/2734 2730/2730
f 2734/2734 2732/2732 2730/2730
f 2722/2722 2727/2727 2724/2724
f 2411/2411 2406/2406 2391/2391
f 2411/2411 2407/2407 2406/2406
f 2407/2407 2403/2403 2406/2406
f 4562/4562 4565/4565 4561/4561
f 4800/4800 4798/4798 4801/4801
f 2485/2485 2456/2456 2454/2454
f 2456/2456 2442/2442 2454/2454
f 4368/4368 4373/4373 4367/4367
f 4361/4361 4363/4363 5083/5083
f 2441/2441 2460/2460 2440/2440
f 2465/2465 2448/2448 2461/2461
f 2465/2465 2453/2453 2448/2448
f 2508/2508 2506/2506 2507/2507
f 2506/2506 2505/2505 2507/2507
f 2505/2505 1893/1893 2507/2507
f 1893/1893 2505/2505 1891/1891
f 2199/2199 2518/2518 1891/1891
f 2198/2198 1889/1889 2518/2518
f 2331/2331 1886/1886 1889/1889
f 2331/2331 1887/1887 1886/1886
f 3859/3859 3860/3860 3861/3861
f 3859/3859 3861/3861 3903/3903
f 3859/3859 5379/5379 3904/3904
f 2132/2132 2135/2135 2134/2134
f 3837/3837 3838/3838 5088/5088
f 2144/2144 2149/2149 2147/2147
f 2105/2105 2102/2102 2104/2104
f 335/335 357/357 334/334
f 357/357 364/364 334/334
f 364/364 363/363 333/333
f 365/365 360/360 323/323
f 360/360 387/387 322/322
f 322/322 388/388 328/328
f 388/388 329/329 328/328
f 329/329 434/434 426/426
f 52/52 73/73 71/71
f 2721/2721 2722/2722 2723/2723
f 2725/2725 2721/2721 2723/2723
f 2744/2744 2742/2742 2743/2743
f 2742/2742 2741/2741 2743/2743
f 4606/4606 4605/4605 4559/4559
f 4539/4539 4535/4535 5324/5324
f 2485/2485 2454/2454 2495/2495
f 2442/2442 2441/2441 2438/2438
f 5083/5083 4363/4363 5338/5338
f 2462/2462 2461/2461 2460/2460
f 2448/2448 2453/2453 2446/2446
f 2134/2134 2135/2135 2147/2147
f 5817/5817 5818/5818 5815/5815
f 2149/2149 2104/2104 2147/2147
f 332/332 335/335 318/318
f 335/335 334/334 318/318
f 363/363 319/319 333/333
f 323/323 360/360 313/313
f 360/360 322/322 313/313
f 434/434 433/433 426/426
f 2741/2741 2726/2726 2745/2745
f 2726/2726 2725/2725 2745/2745
f 2746/2746 2744/2744 2743/2743
f 2406/2406 2403/2403 2402/2402
f 2403/2403 2414/2414 2404/2404
f 4536/4536 4534/4534 4535/4535
f 5334/5334 5324/5324 4555/4555
f 5334/5334 4542/4542 5292/5292
f 2454/2454 2442/2442 2438/2438
f 6215/6215 6218/6218 6217/6217
f 2441/2441 2440/2440 2438/2438
f 2460/2460 2461/2461 2449/2449
f 2461/2461 2448/2448 2449/2449
f 2507/2507 1893/1893 1894/1894
f 1893/1893 1891/1891 1892/1892
f 2518/2518 1889/1889 1891/1891
f 5379/5379 3887/3887 5088/5088
f 3891/3891 5088/5088 3888/3888
f 483/483 361/361 341/341
f 361/361 336/336 341/341
f 341/341 336/336 340/340
f 334/334 364/364 333/333
f 2732/2732 2843/2843 2839/2839
f 2730/2730 2732/2732 2731/2731
f 2727/2727 2730/2730 2729/2729
f 1984/1984 1985/1985 1981/1981
f 1984/1984 1981/1981 1983/1983
f 1985/1985 2391/2391 1981/1981
f 2391/2391 2406/2406 2396/2396
f 2406/2406 2402/2402 2396/2396
f 2402/2402 2403/2403 2401/2401
f 4557/4557 4533/4533 5517/5517
f 5517/5517 4533/4533 4538/4538
f 4536/4536 4538/4538 4534/4534
f 4555/4555 4535/4535 4540/4540
f 1893/1893 1892/1892 1894/1894
f 1891/1891 1889/1889 1890/1890
f 1887/1887 2127/2127 2133/2133
f 2127/2127 2132/2132 2133/2133
f 2147/2147 2104/2104 2156/2156
f 2156/2156 2104/2104 2101/2101
f 318/318 334/334 300/300
f 334/334 333/333 300/300
f 319/319 327/327 303/303
f 327/327 323/323 303/303
f 313/313 322/322 304/304
f 322/322 328/328 317/317
f 426/426 433/433 427/427
f 2731/2731 2732/2732 2839/2839
f 2724/2724 2727/2727 2728/2728
f 2727/2727 2729/2729 2728/2728
f 2723/2723 2722/2722 2724/2724
f 2746/2746 2749/2749 2825/2825
f 2746/2746 2743/2743 2749/2749
f 2743/2743 2741/2741 2745/2745
f 2403/2403 2404/2404 2401/2401
f 2404/2404 2405/2405 2401/2401
f 2404/2404 2495/2495 2477/2477
f 4542/4542 4553/4553 5292/5292
f 2495/2495 2454/2454 2512/2512
f 6217/6217 6218/6218 6219/6219
f 2440/2440 2439/2439 2438/2438
f 4352/4352 5153/5153 4353/4353
f 2449/2449 2448/2448 2445/2445
f 2448/2448 2446/2446 2445/2445
f 2507/2507 1894/1894 2509/2509
f 1892/1892 1891/1891 1890/1890
f 1889/1889 1888/1888 1890/1890
f 1889/1889 1886/1886 1888/1888
f 1886/1886 1887/1887 1885/1885
f 1887/1887 2133/2133 1885/1885
f 2132/2132 2134/2134 2133/2133
f 2134/2134 2147/2147 2146/2146
f 341/341 340/340 337/337
f 340/340 332/332 310/310
f 332/332 318/318 310/310
f 318/318 300/300 308/308
f 333/333 319/319 301/301
f 319/319 292/292 291/291
f 322/322 317/317 304/304
f 328/328 321/321 317/317
f 328/328 329/329 321/321
f 2839/2839 2843/2843 2842/2842
f 2843/2843 2844/2844 2842/2842
f 2729/2729 2730/2730 2731/2731
f 2396/2396 2402/2402 2401/2401
f 4533/4533 4556/4556 4532/4532
f 2404/2404 2477/2477 2405/2405
f 2477/2477 2495/2495 2511/2511
f 2511/2511 2495/2495 2512/2512
f 2508/2508 2507/2507 2509/2509
f 2133/2133 2134/2134 1883/1883
f 2146/2146 2147/2147 2148/2148
f 2147/2147 2156/2156 2148/2148
f 2104/2104 2102/2102 2101/2101
f 2101/2101 2102/2102 2100/2100
f 483/483 341/341 339/339
f 483/483 339/339 484/484
f 341/341 337/337 339/339
f 340/340 310/310 337/337
f 300/300 333/333 301/301
f 300/300 301/301 293/293
f 319/319 291/291 301/301
f 323/323 313/313 303/303
f 321/321 329/329 425/425
f 329/329 426/426 425/425
f 2723/2723 2724/2724 2750/2750
f 2724/2724 2728/2728 2750/2750
f 2725/2725 2723/2723 2745/2745
f 2749/2749 2743/2743 2765/2765
f 2825/2825 2749/2749 2701/2701
f 2396/2396 2401/2401 2400/2400
f 4532/4532 4576/4576 4531/4531
f 2401/2401 2405/2405 2409/2409
f 4537/4537 4544/4544 4541/4541
f 4553/4553 4543/4543 4547/4547
f 2454/2454 2438/2438 2437/2437
f 2438/2438 2439/2439 2422/2422
f 2440/2440 2460/2460 2439/2439
f 5347/5347 4232/4232 4875/4875
f 2445/2445 2446/2446 2447/2447
f 2447/2447 2446/2446 2475/2475
f 2446/2446 2508/2508 2475/2475
f 2508/2508 2509/2509 2475/2475
f 1894/1894 1892/1892 1895/1895
f 1892/1892 1890/1890 1895/1895
f 1888/1888 1886/1886 1885/1885
f 1883/1883 2134/2134 2145/2145
f 3882/3882 3885/3885 3886/3886
f 2156/2156 2101/2101 2148/2148
f 318/318 308/308 310/310
f 292/292 319/319 290/290
f 319/319 303/303 290/290
f 290/290 303/303 289/289
f 2729/2729 2731/2731 2766/2766
f 2750/2750 2728/2728 2764/2764
f 2745/2745 2723/2723 2762/2762
f 1983/1983 1981/1981 1980/1980
f 2743/2743 2761/2761 2765/2765
f 2743/2743 2745/2745 2761/2761
f 4531/4531 4576/4576 4610/4610
f 4541/4541 4544/4544 4554/4554
f 4547/4547 4543/4543 4546/4546
f 2511/2511 2512/2512 2455/2455
f 2460/2460 2449/2449 2450/2450
f 2475/2475 2509/2509 2500/2500
f 1890/1890 1888/1888 1855/1855
f 1885/1885 2133/2133 1909/1909
f 2133/2133 1883/1883 1909/1909
f 3886/3886 3885/3885 3898/3898
f 308/308 300/300 294/294
f 303/303 313/313 302/302
f 313/313 304/304 302/302
f 317/317 321/321 320/320
f 2839/2839 2842/2842 2840/2840
f 2731/2731 2839/2839 2767/2767
f 2728/2728 2729/2729 2763/2763
f 2763/2763 2729/2729 2766/2766
f 2766/2766 2731/2731 2767/2767
f 2723/2723 2750/2750 2762/2762
f 1981/1981 2391/2391 1979/1979
f 2391/2391 2396/2396 1979/1979
f 2396/2396 2400/2400 2397/2397
f 4610/4610 4527/4527 4528/4528
f 2409/2409 2405/2405 2410/2410
f 4554/4554 4545/4545 4541/4541
f 2455/2455 2512/2512 2454/2454
f 2460/2460 2498/2498 2439/2439
f 2460/2460 2450/2450 2498/2498
f 2449/2449 2445/2445 2450/2450
f 4233/4233 4232/4232 4230/4230
f 5765/5765 5764/5764 5757/5757
f 2509/2509 1894/1894 2500/2500
f 1894/1894 1895/1895 2502/2502
f 1888/1888 1885/1885 1855/1855
f 2145/2145 2134/2134 2114/2114
f 2134/2134 2146/2146 2114/2114
f 2148/2148 2115/2115 2146/2146
f 2148/2148 2101/2101 2115/2115
f 2115/2115 2101/2101 2098/2098
f 2101/2101 2100/2100 2098/2098
f 484/484 339/339 450/450
f 339/339 337/337 338/338
f 337/337 316/316 338/338
f 337/337 310/310 316/316
f 316/316 310/310 311/311
f 300/300 293/293 294/294
f 292/292 281/281 276/276
f 292/292 290/290 281/281
f 289/289 303/303 302/302
f 425/425 426/426 424/424
f 426/426 427/427 424/424
f 1980/1980 1981/1981 1979/1979
f 2765/2765 2761/2761 2768/2768
f 2745/2745 2762/2762 2761/2761
f 2701/2701 2749/2749 2704/2704
f 2396/2396 2397/2397 1979/1979
f 2400/2400 2401/2401 2399/2399
f 6004/6004 6000/6000 6003/6003
f 2405/2405 2477/2477 2455/2455
f 2438/2438 2422/2422 2437/2437
f 2447/2447 2475/2475 2499/2499
f 4385/4385 5066/5066 5160/5160
f 5749/5749 5750/5750 5751/5751
f 2500/2500 1894/1894 2502/2502
f 1885/1885 1909/1909 1881/1881
f 3898/3898 3885/3885 5303/5303
f 2098/2098 2100/2100 2099/2099
f 450/450 339/339 366/366
f 3016/3016 3013/3013 2993/2993
f 304/304 317/317 305/305
f 321/321 425/425 320/320
f 320/320 425/425 424/424
f 2728/2728 2763/2763 2764/2764
f 2764/2764 2763/2763 2819/2819
f 2816/2816 2750/2750 2764/2764
f 2704/2704 2749/2749 2818/2818
f 2749/2749 2765/2765 2818/2818
f 2765/2765 2768/2768 2818/2818
f 4528/4528 4527/4527 4525/4525
f 2410/2410 2405/2405 2428/2428
f 2405/2405 2455/2455 2428/2428
f 2454/2454 2437/2437 2455/2455
f 2498/2498 2450/2450 2439/2439
f 4235/4235 4876/4876 4236/4236
f 2445/2445 2447/2447 2451/2451
f 4243/4243 4236/4236 5161/5161
f 5757/5757 5752/5752 5749/5749
f 2475/2475 2500/2500 2499/2499
f 2500/2500 2502/2502 2501/2501
f 5124/5124 3913/3913 3920/3920
f 1881/1881 1909/1909 1883/1883
f 1883/1883 2145/2145 1884/1884
f 2146/2146 2115/2115 2114/2114
f 3898/3898 5303/5303 3893/3893
f 301/301 291/291 293/293
f 290/290 289/289 285/285
f 317/317 320/320 305/305
f 424/424 427/427 428/428
f 2762/2762 2750/2750 2816/2816
f 2762/2762 2816/2816 2817/2817
f 2701/2701 2704/2704 2700/2700
f 2704/2704 2818/2818 2700/2700
f 4525/4525 4527/4527 4526/4526
f 2437/2437 2422/2422 2425/2425
f 2450/2450 2445/2445 2451/2451
f 4235/4235 4230/4230 4885/4885
f 4236/4236 4876/4876 5325/5325
f 5761/5761 5762/5762 5759/5759
f 5749/5749 5752/5752 5750/5750
f 1895/1895 1890/1890 1861/1861
f 1890/1890 1855/1855 1861/1861
f 1881/1881 1883/1883 1882/1882
f 1883/1883 1884/1884 1882/1882
f 3894/3894 3895/3895 3897/3897
f 294/294 293/293 279/279
f 293/293 291/291 279/279
f 281/281 290/290 282/282
f 289/289 302/302 288/288
f 302/302 304/304 299/299
f 304/304 305/305 299/299
f 2763/2763 2766/2766 2822/2822
f 2761/2761 2762/2762 2768/2768
f 2699/2699 2701/2701 2700/2700
f 1979/1979 2397/2397 2398/2398
f 2397/2397 2399/2399 2398/2398
f 2398/2398 2399/2399 2492/2492
f 2399/2399 2410/2410 2492/2492
f 4525/4525 4526/4526 4524/4524
f 2428/2428 2455/2455 2426/2426
f 2426/2426 2455/2455 2437/2437
f 2422/2422 2439/2439 2423/2423
f 2423/2423 2439/2439 2452/2452
f 2439/2439 2450/2450 2452/2452
f 2450/2450 2451/2451 2452/2452
f 2499/2499 2500/2500 2501/2501
f 3916/3916 3917/3917 3915/3915
f 2502/2502 1895/1895 2504/2504
f 2504/2504 1895/1895 1861/1861
f 1885/1885 1881/1881 1855/1855
f 2145/2145 2114/2114 1884/1884
f 5739/5739 5738/5738 5737/5737
f 2114/2114 2115/2115 2098/2098
f 3893/3893 5303/5303 3896/3896
f 450/450 366/366 399/399
f 339/339 338/338 366/366
f 366/366 338/338 352/352
f 338/338 316/316 352/352
f 316/316 351/351 352/352
f 351/351 316/316 312/312
f 316/316 311/311 312/312
f 311/311 308/308 309/309
f 308/308 294/294 309/309
f 279/279 291/291 276/276
f 290/290 285/285 282/282
f 302/302 299/299 288/288
f 305/305 320/320 331/331
f 118/118 54/54 119/119
f 2767/2767 2840/2840 2841/2841
f 2763/2763 2822/2822 2819/2819
f 2822/2822 2766/2766 2823/2823
f 2766/2766 2767/2767 2823/2823
f 2764/2764 2819/2819 2816/2816
f 2410/2410 2428/2428 2492/2492
f 2437/2437 2425/2425 2426/2426
f 6252/6252 6253/6253 6254/6254
f 4877/4877 5496/5496 5046/5046
f 2451/2451 2447/2447 2459/2459
f 2447/2447 2499/2499 2459/2459
f 1855/1855 1881/1881 1853/1853
f 5739/5739 5737/5737 5740/5740
f 2098/2098 2099/2099 2097/2097
f 450/450 399/399 449/449
f 366/366 352/352 399/399
f 309/309 294/294 295/295
f 276/276 281/281 277/277
f 281/281 282/282 277/277
f 285/285 289/289 284/284
f 331/331 320/320 424/424
f 2767/2767 2841/2841 2823/2823
f 2817/2817 2816/2816 2827/2827
f 43/43 111/111 164/164
f 2700/2700 2818/2818 2696/2696
f 2398/2398 2492/2492 2493/2493
f 5383/5383 4522/4522 4520/4520
f 4203/4203 4204/4204 4202/4202
f 4203/4203 4202/4202 4201/4201
f 4196/4196 4198/4198 4200/4200
f 2499/2499 2501/2501 2510/2510
f 1861/1861 1855/1855 1858/1858
f 1853/1853 1881/1881 1882/1882
f 311/311 309/309 312/312
f 3032/3032 3033/3033 3013/3013
f 294/294 279/279 295/295
f 289/289 288/288 284/284
f 288/288 299/299 298/298
f 305/305 306/306 299/299
f 424/424 428/428 429/429
f 2823/2823 2841/2841 2877/2877
f 2768/2768 2817/2817 2821/2821
f 2768/2768 2762/2762 2817/2817
f 1980/1980 1979/1979 1977/1977
f 2818/2818 2768/2768 2820/2820
f 2425/2425 2422/2422 2424/2424
f 2424/2424 2422/2422 2421/2421
f 2452/2452 2451/2451 2457/2457
f 2457/2457 2451/2451 2458/2458
f 2451/2451 2459/2459 2458/2458
f 2499/2499 2510/2510 2459/2459
f 4200/4200 4198/4198 4199/4199
f 2510/2510 2501/2501 1906/1906
f 2501/2501 2502/2502 2503/2503
f 2502/2502 2504/2504 2503/2503
f 2504/2504 1861/1861 1860/1860
f 1882/1882 1884/1884 1896/1896
f 1884/1884 2114/2114 2096/2096
f 1884/1884 2096/2096 2112/2112
f 2114/2114 2098/2098 2096/2096
f 2098/2098 2097/2097 2096/2096
f 399/399 352/352 350/350
f 352/352 351/351 350/350
f 285/285 284/284 282/282
f 284/284 288/288 287/287
f 306/306 305/305 331/331
f 2816/2816 2819/2819 2824/2824
f 2822/2822 2823/2823 2830/2830
f 2827/2827 2816/2816 2826/2826
f 2816/2816 2824/2824 2826/2826
f 2817/2817 2827/2827 2829/2829
f 1979/1979 2398/2398 1978/1978
f 1979/1979 1978/1978 1977/1977
f 2768/2768 2821/2821 2820/2820
f 2696/2696 2818/2818 2820/2820
f 2398/2398 2493/2493 1978/1978
f 5383/5383 4520/4520 4518/4518
f 2421/2421 2422/2422 2423/2423
f 2423/2423 2452/2452 2070/2070
f 2423/2423 2070/2070 2071/2071
f 2070/2070 2452/2452 2069/2069
f 2452/2452 2457/2457 2069/2069
f 4205/4205 4204/4204 4206/4206
f 6324/6324 6319/6319 6318/6318
f 4201/4201 4202/4202 4194/4194
f 6327/6327 6328/6328 6318/6318
f 1861/1861 1858/1858 1860/1860
f 1882/1882 1896/1896 1853/1853
f 399/399 350/350 449/449
f 350/350 351/351 344/344
f 351/351 312/312 344/344
f 312/312 309/309 314/314
f 309/309 297/297 314/314
f 295/295 279/279 296/296
f 279/279 276/276 278/278
f 276/276 277/277 278/278
f 280/280 277/277 282/282
f 288/288 298/298 287/287
f 331/331 330/330 306/306
f 331/331 424/424 430/430
f 424/424 429/429 430/430
f 2492/2492 2430/2430 2493/2493
f 2492/2492 2428/2428 2430/2430
f 2426/2426 2425/2425 2424/2424
f 4194/4194 4193/4193 4192/4192
f 4197/4197 4192/4192 4208/4208
f 4197/4197 4208/4208 4199/4199
f 1906/1906 2501/2501 2503/2503
f 2503/2503 2504/2504 1860/1860
f 1896/1896 1884/1884 1905/1905
f 1884/1884 2112/2112 1905/1905
f 2096/2096 2097/2097 2094/2094
f 312/312 326/326 344/344
f 312/312 314/314 326/326
f 3053/3053 3040/3040 3039/3039
f 309/309 295/295 297/297
f 277/277 280/280 278/278
f 298/298 299/299 307/307
f 299/299 306/306 307/307
f 331/331 430/430 330/330
f 2819/2819 2828/2828 2824/2824
f 2828/2828 2819/2819 2822/2822
f 2821/2821 2817/2817 2829/2829
f 1978/1978 2493/2493 2494/2494
f 2426/2426 2424/2424 2427/2427
f 4452/4452 4456/4456 4451/4451
f 4217/4217 4882/4882 4214/4214
f 6317/6317 6320/6320 6318/6318
f 2459/2459 2496/2496 2458/2458
f 2459/2459 2510/2510 2496/2496
f 5855/5855 5852/5852 5856/5856
f 5855/5855 5856/5856 5857/5857
f 2510/2510 1906/1906 2496/2496
f 5509/5509 4113/4113 4109/4109
f 1860/1860 1858/1858 1859/1859
f 1855/1855 1853/1853 1852/1852
f 1852/1852 1853/1853 1854/1854
f 1853/1853 1896/1896 1854/1854
f 1854/1854 1896/1896 1905/1905
f 2112/2112 2096/2096 2095/2095
f 2096/2096 2094/2094 2095/2095
f 449/449 350/350 349/349
f 295/295 296/296 297/297
f 279/279 278/278 325/325
f 3060/3060 3091/3091 3090/3090
f 430/430 429/429 431/431
f 2822/2822 2830/2830 2828/2828
f 1977/1977 1978/1978 1975/1975
f 2696/2696 2702/2702 2697/2697
f 2702/2702 2696/2696 2835/2835
f 2696/2696 2820/2820 2835/2835
f 2494/2494 2493/2493 2515/2515
f 2430/2430 2428/2428 2429/2429
f 2421/2421 2423/2423 2071/2071
f 5390/5390 4424/4424 4422/4422
f 4214/4214 4882/4882 4216/4216
f 6325/6325 6318/6318 6321/6321
f 5855/5855 5854/5854 5852/5852
f 4113/4113 4110/4110 4109/4109
f 4106/4106 4109/4109 4108/4108
f 1899/1899 1906/1906 2503/2503
f 3922/3922 4105/4105 4114/4114
f 2503/2503 1860/1860 1880/1880
f 1858/1858 1855/1855 1856/1856
f 1855/1855 1852/1852 1856/1856
f 2095/2095 2094/2094 2093/2093
f 2094/2094 2097/2097 2110/2110
f 350/350 344/344 349/349
f 314/314 297/297 342/342
f 296/296 279/279 325/325
f 282/282 283/283 280/280
f 282/282 284/284 283/283
f 2824/2824 2828/2828 2833/2833
f 2830/2830 2832/2832 2828/2828
f 2826/2826 2824/2824 2831/2831
f 2829/2829 2827/2827 2831/2831
f 2827/2827 2826/2826 2831/2831
f 2821/2821 2829/2829 2836/2836
f 2820/2820 2821/2821 2836/2836
f 1978/1978 2494/2494 1975/1975
f 2493/2493 2430/2430 2515/2515
f 4597/4597 4595/4595 4599/4599
f 4512/4512 4515/4515 4614/4614
f 2428/2428 2426/2426 2427/2427
f 4451/4451 4456/4456 5364/5364
f 2071/2071 2070/2070 2068/2068
f 2457/2457 2458/2458 2066/2066
f 4109/4109 4110/4110 4108/4108
f 2503/2503 1880/1880 1899/1899
f 1860/1860 1859/1859 1880/1880
f 1858/1858 1856/1856 1859/1859
f 1905/1905 1872/1872 1854/1854
f 1905/1905 2112/2112 1872/1872
f 278/278 280/280 343/343
f 283/283 284/284 286/286
f 287/287 298/298 324/324
f 298/298 307/307 324/324
f 330/330 430/430 372/372
f 431/431 429/429 461/461
f 2832/2832 2830/2830 2882/2882
f 2831/2831 2824/2824 2833/2833
f 2829/2829 2831/2831 2837/2837
f 1977/1977 1975/1975 1976/1976
f 2835/2835 2820/2820 2836/2836
f 2494/2494 2515/2515 2479/2479
f 2428/2428 2427/2427 2429/2429
f 2424/2424 2421/2421 2433/2433
f 2433/2433 2421/2421 2074/2074
f 2563/2563 2562/2562 2559/2559
f 2071/2071 2068/2068 2074/2074
f 2070/2070 2069/2069 2068/2068
f 2069/2069 2457/2457 2066/2066
f 5838/5838 5839/5839 5840/5840
f 2496/2496 2080/2080 2458/2458
f 4189/4189 4191/4191 4207/4207
f 2496/2496 2497/2497 2080/2080
f 2496/2496 1906/1906 2497/2497
f 1906/1906 1899/1899 1904/1904
f 1856/1856 1852/1852 1857/1857
f 2112/2112 2095/2095 2093/2093
f 2093/2093 2094/2094 2091/2091
f 2094/2094 2110/2110 2103/2103
f 348/348 344/344 326/326
f 297/297 296/296 345/345
f 296/296 325/325 345/345
f 284/284 287/287 286/286
f 286/286 287/287 324/324
f 306/306 330/330 315/315
f 372/372 430/430 431/431
f 2877/2877 2878/2878 2882/2882
f 2831/2831 2833/2833 2834/2834
f 2836/2836 2829/2829 2837/2837
f 2835/2835 2836/2836 2873/2873
f 2494/2494 2479/2479 1975/1975
f 2515/2515 2430/2430 2479/2479
f 2430/2430 2478/2478 2479/2479
f 2429/2429 2427/2427 2431/2431
f 2424/2424 2433/2433 2427/2427
f 2559/2559 2557/2557 2556/2556
f 2421/2421 2071/2071 2074/2074
f 2068/2068 2069/2069 2059/2059
f 4884/4884 4421/4421 4425/4425
f 2069/2069 2066/2066 2059/2059
f 2458/2458 2079/2079 2066/2066
f 2079/2079 2458/2458 2080/2080
f 2497/2497 1906/1906 1904/1904
f 1899/1899 1898/1898 1904/1904
f 1899/1899 1880/1880 1898/1898
f 1880/1880 1864/1864 1898/1898
f 1880/1880 1859/1859 1864/1864
f 5707/5707 5706/5706 5709/5709
f 1856/1856 1857/1857 1907/1907
f 1852/1852 1872/1872 1857/1857
f 1852/1852 1854/1854 1872/1872
f 2094/2094 2103/2103 2091/2091
f 398/398 349/349 348/348
f 326/326 342/342 355/355
f 297/297 345/345 342/342
f 324/324 307/307 347/347
f 307/307 306/306 315/315
f 315/315 330/330 372/372
f 2882/2882 2878/2878 2887/2887
f 2837/2837 2831/2831 2872/2872
f 2873/2873 2836/2836 2876/2876
f 2876/2876 2836/2836 2881/2881
f 1975/1975 1973/1973 1976/1976
f 2478/2478 2430/2430 2429/2429
f 2556/2556 2557/2557 2558/2558
f 2059/2059 2066/2066 2062/2062
f 2061/2061 2066/2066 2079/2079
f 4186/4186 4184/4184 4182/4182
f 4186/4186 4182/4182 3954/3954
f 2112/2112 2093/2093 2111/2111
f 2921/2921 2926/2926 2918/2918
f 398/398 348/348 401/401
f 348/348 326/326 376/376
f 278/278 343/343 354/354
f 278/278 354/354 325/325
f 372/372 431/431 432/432
f 431/431 461/461 432/432
f 2833/2833 2828/2828 2874/2874
f 2828/2828 2832/2832 2874/2874
f 2872/2872 2831/2831 2834/2834
f 2703/2703 2702/2702 2705/2705
f 2703/2703 2705/2705 2706/2706
f 2702/2702 2835/2835 2705/2705
f 1975/1975 1974/1974 1973/1973
f 1975/1975 2479/2479 1974/1974
f 1974/1974 2479/2479 2478/2478
f 2478/2478 2429/2429 1928/1928
f 2427/2427 2433/2433 2432/2432
f 2433/2433 2074/2074 2436/2436
f 2433/2433 2436/2436 2434/2434
f 2074/2074 2068/2068 2075/2075
f 2075/2075 2068/2068 2058/2058
f 2068/2068 2059/2059 2058/2058
f 2062/2062 2066/2066 2061/2061
f 2497/2497 2081/2081 2080/2080
f 2497/2497 1904/1904 2081/2081
f 1904/1904 1898/1898 1900/1900
f 1872/1872 2112/2112 2111/2111
f 2111/2111 2093/2093 2090/2090
f 2918/2918 2926/2926 2922/2922
f 2091/2091 2103/2103 2109/2109
f 376/376 326/326 368/368
f 326/326 355/355 368/368
f 343/343 280/280 346/346
f 280/280 283/283 346/346
f 286/286 324/324 353/353
f 307/307 315/315 347/347
f 100/100 78/78 187/187
f 2874/2874 2832/2832 2875/2875
f 2834/2834 2833/2833 2874/2874
f 48/48 58/58 56/56
f 2881/2881 2836/2836 2880/2880
f 2880/2880 2836/2836 2837/2837
f 2705/2705 2835/2835 2873/2873
f 2429/2429 2431/2431 1928/1928
f 2427/2427 2432/2432 2431/2431
f 2432/2432 2433/2433 2434/2434
f 2074/2074 2075/2075 2436/2436
f 2079/2079 2080/2080 2048/2048
f 3953/3953 3951/3951 3952/3952
f 1857/1857 1872/1872 1873/1873
f 1872/1872 2111/2111 1873/1873
f 2093/2093 2091/2091 2090/2090
f 342/342 370/370 355/355
f 343/343 346/346 369/369
f 283/283 286/286 353/353
f 315/315 372/372 367/367
f 372/372 432/432 436/436
f 2832/2832 2882/2882 2875/2875
f 2875/2875 2882/2882 2887/2887
f 2872/2872 2834/2834 2879/2879
f 1973/1973 1974/1974 1930/1930
f 1974/1974 2478/2478 1930/1930
f 2478/2478 1928/1928 1930/1930
f 1928/1928 2431/2431 1933/1933
f 4500/4500 4493/4493 4492/4492
f 2075/2075 2058/2058 2057/2057
f 2058/2058 2059/2059 2056/2056
f 2059/2059 2060/2060 2056/2056
f 2059/2059 2062/2062 2060/2060
f 2062/2062 2061/2061 2060/2060
f 2061/2061 2079/2079 2067/2067
f 2067/2067 2079/2079 2048/2048
f 2048/2048 2080/2080 2081/2081
f 3948/3948 3949/3949 5387/5387
f 1864/1864 1859/1859 1863/1863
f 1856/1856 1862/1862 1859/1859
f 1862/1862 1856/1856 1865/1865
f 1856/1856 1907/1907 1865/1865
f 5038/5038 4128/4128 4124/4124
f 1865/1865 1907/1907 1857/1857
f 4125/4125 4126/4126 4179/4179
f 2090/2090 2091/2091 2092/2092
f 2091/2091 2109/2109 2092/2092
f 401/401 348/348 385/385
f 348/348 376/376 385/385
f 370/370 342/342 373/373
f 342/342 345/345 373/373
f 354/354 343/343 369/369
f 3119/3119 3124/3124 3120/3120
f 324/324 371/371 353/353
f 324/324 347/347 356/356
f 324/324 356/356 371/371
f 347/347 315/315 367/367
f 372/372 436/436 367/367
f 436/436 432/432 437/437
f 432/432 461/461 437/437
f 2874/2874 2875/2875 2885/2885
f 2837/2837 2872/2872 2883/2883
f 2872/2872 2879/2879 2883/2883
f 1976/1976 1973/1973 1982/1982
f 2881/2881 2880/2880 2876/2876
f 2705/2705 2873/2873 2716/2716
f 2873/2873 2876/2876 2716/2716
f 2706/2706 2705/2705 2712/2712
f 5371/5371 5370/5370 5369/5369
f 4473/4473 4470/4470 4490/4490
f 2434/2434 2436/2436 2085/2085
f 2436/2436 2075/2075 2054/2054
f 2075/2075 2057/2057 2054/2054
f 2081/2081 1904/1904 1903/1903
f 1904/1904 1900/1900 1903/1903
f 4102/4102 5387/5387 4073/4073
f 1900/1900 1898/1898 1897/1897
f 1898/1898 1864/1864 1897/1897
f 1897/1897 1864/1864 1863/1863
f 1863/1863 1859/1859 1862/1862
f 5586/5586 5583/5583 5585/5585
f 1873/1873 2111/2111 2113/2113
f 2111/2111 1960/1960 2113/2113
f 2111/2111 2090/2090 1960/1960
f 368/368 355/355 379/379
f 373/373 345/345 377/377
f 346/346 353/353 378/378
f 356/356 347/347 381/381
f 2875/2875 2887/2887 2893/2893
f 2879/2879 2834/2834 2884/2884
f 2834/2834 2874/2874 2884/2884
f 2874/2874 2885/2885 2884/2884
f 2880/2880 2837/2837 2883/2883
f 2712/2712 2705/2705 2707/2707
f 5369/5369 5370/5370 4506/4506
f 1933/1933 1932/1932 1928/1928
f 1933/1933 2431/2431 1932/1932
f 1932/1932 2431/2431 2480/2480
f 2431/2431 2432/2432 2480/2480
f 2432/2432 2434/2434 2435/2435
f 4473/4473 4490/4490 4476/4476
f 4473/4473 4476/4476 4475/4475
f 2085/2085 2436/2436 2054/2054
f 2048/2048 2081/2081 2084/2084
f 3947/3947 3946/3946 3944/3944
f 4102/4102 4073/4073 3931/3931
f 5129/5129 4117/4117 4116/4116
f 1862/1862 1865/1865 1869/1869
f 1869/1869 1865/1865 1871/1871
f 1857/1857 1871/1871 1865/1865
f 1857/1857 1873/1873 1871/1871
f 1873/1873 2113/2113 1871/1871
f 4179/4179 4126/4126 4127/4127
f 4137/4137 4135/4135 4138/4138
f 401/401 385/385 411/411
f 385/385 376/376 393/393
f 355/355 370/370 380/380
f 370/370 373/373 380/380
f 354/354 369/369 383/383
f 346/346 384/384 369/369
f 346/346 378/378 384/384
f 353/353 371/371 378/378
f 2885/2885 2875/2875 2886/2886
f 2883/2883 2879/2879 2888/2888
f 1982/1982 1973/1973 1912/1912
f 2880/2880 2717/2717 2876/2876
f 1973/1973 1930/1930 1912/1912
f 2707/2707 2705/2705 2716/2716
f 5428/5428 4507/4507 4506/4506
f 1915/1915 1928/1928 1932/1932
f 4502/4502 4506/4506 4503/4503
f 2480/2480 2432/2432 2435/2435
f 2058/2058 2056/2056 2057/2057
f 2049/2049 2056/2056 2050/2050
f 2056/2056 2060/2060 2050/2050
f 2060/2060 2061/2061 2013/2013
f 2061/2061 2067/2067 2013/2013
f 2084/2084 2081/2081 1903/1903
f 1900/1900 1897/1897 1868/1868
f 2090/2090 2092/2092 1960/1960
f 355/355 380/380 379/379
f 377/377 354/354 383/383
f 367/367 436/436 438/438
f 438/438 436/436 437/437
f 2886/2886 2875/2875 2893/2893
f 2888/2888 2879/2879 2884/2884
f 2717/2717 2880/2880 2719/2719
f 2716/2716 2876/2876 2717/2717
f 1930/1930 1928/1928 1912/1912
f 1912/1912 1928/1928 1915/1915
f 1915/1915 1932/1932 1916/1916
f 4503/4503 4504/4504 4498/4498
f 5208/5208 5210/5210 5409/5409
f 2434/2434 2085/2085 2435/2435
f 4475/4475 4477/4477 4478/4478
f 4478/4478 4480/4480 4479/4479
f 2085/2085 2054/2054 2077/2077
f 2054/2054 2057/2057 2049/2049
f 2057/2057 2056/2056 2049/2049
f 2060/2060 2013/2013 2050/2050
f 2013/2013 2067/2067 2014/2014
f 5627/5627 5640/5640 5625/5625
f 5522/5522 5523/5523 5343/5343
f 2067/2067 2048/2048 2025/2025
f 2048/2048 2026/2026 2025/2025
f 2048/2048 2084/2084 2026/2026
f 2084/2084 1903/1903 2026/2026
f 3942/3942 3941/3941 3943/3943
f 3943/3943 3941/3941 4072/4072
f 4072/4072 5504/5504 5439/5439
f 1903/1903 1900/1900 1902/1902
f 1897/1897 1863/1863 1868/1868
f 1871/1871 2113/2113 1959/1959
f 2113/2113 1960/1960 1959/1959
f 3138/3138 3135/3135 3121/3121
f 3135/3135 3110/3110 3121/3121
f 2092/2092 2107/2107 1960/1960
f 3104/3104 3100/3100 3064/3064
f 411/411 385/385 393/393
f 376/376 368/368 386/386
f 368/368 379/379 386/386
f 386/386 379/379 400/400
f 383/383 369/369 384/384
f 371/371 356/356 394/394
f 356/356 381/381 394/394
f 367/367 395/395 382/382
f 367/367 438/438 395/395
f 2886/2886 2893/2893 2900/2900
f 2885/2885 2886/2886 2891/2891
f 2889/2889 2884/2884 2885/2885
f 2880/2880 2883/2883 2719/2719
f 1912/1912 1914/1914 1982/1982
f 2707/2707 2716/2716 2715/2715
f 4505/4505 4507/4507 5393/5393
f 6147/6147 6148/6148 6145/6145
f 4498/4498 4504/4504 5255/5255
f 2086/2086 2435/2435 2085/2085
f 5339/5339 4445/4445 4436/4436
f 4436/4436 4445/4445 4438/4438
f 5625/5625 5626/5626 5627/5627
f 2014/2014 2067/2067 2025/2025
f 5343/5343 5523/5523 5524/5524
f 3944/3944 3946/3946 3942/3942
f 1903/1903 1902/1902 2020/2020
f 5439/5439 5504/5504 3935/3935
f 1900/1900 1868/1868 1902/1902
f 1869/1869 1871/1871 1901/1901
f 393/393 376/376 386/386
f 373/373 377/377 380/380
f 380/380 377/377 404/404
f 384/384 378/378 396/396
f 378/378 371/371 396/396
f 396/396 371/371 394/394
f 437/437 487/487 438/438
f 194/194 193/193 244/244
f 244/244 193/193 232/232
f 2888/2888 2884/2884 2889/2889
f 2719/2719 2883/2883 2720/2720
f 2888/2888 2890/2890 2883/2883
f 2707/2707 2715/2715 2710/2710
f 1912/1912 1915/1915 1913/1913
f 1912/1912 1913/1913 1914/1914
f 1916/1916 1932/1932 1918/1918
f 1918/1918 1932/1932 2489/2489
f 1932/1932 2480/2480 2489/2489
f 5209/5209 5211/5211 5210/5210
f 2480/2480 2435/2435 2086/2086
f 5675/5675 5674/5674 5673/5673
f 5673/5673 5674/5674 5672/5672
f 2085/2085 2077/2077 2055/2055
f 2077/2077 2054/2054 2047/2047
f 2054/2054 2049/2049 2047/2047
f 4438/4438 4441/4441 4440/4440
f 2013/2013 2014/2014 2015/2015
f 5630/5630 5631/5631 5632/5632
f 5635/5635 5633/5633 5631/5631
f 2026/2026 1903/1903 2021/2021
f 2021/2021 1903/1903 2020/2020
f 1868/1868 1863/1863 1867/1867
f 5489/5489 3932/3932 4100/4100
f 1863/1863 1866/1866 1867/1867
f 1863/1863 1862/1862 1866/1866
f 1862/1862 1869/1869 1866/1866
f 1870/1870 1871/1871 1959/1959
f 1960/1960 2107/2107 2108/2108
f 411/411 393/393 415/415
f 393/393 386/386 420/420
f 377/377 383/383 405/405
f 383/383 384/384 403/403
f 438/438 487/487 451/451
f 2886/2886 2901/2901 2891/2891
f 2889/2889 2885/2885 2892/2892
f 2885/2885 2891/2891 2892/2892
f 2888/2888 2889/2889 2890/2890
f 2720/2720 2883/2883 2890/2890
f 2717/2717 2719/2719 2718/2718
f 2715/2715 2716/2716 2717/2717
f 1915/1915 1916/1916 1913/1913
f 5241/5241 5393/5393 5236/5236
f 6143/6143 6144/6144 6141/6141
f 4477/4477 4486/4486 4487/4487
f 2077/2077 2047/2047 2055/2055
f 4438/4438 4440/4440 4439/4439
f 5627/5627 5626/5626 5628/5628
f 1902/1902 1868/1868 1867/1867
f 4075/4075 3932/3932 4074/4074
f 1867/1867 1866/1866 1879/1879
f 4118/4118 5054/5054 4121/4121
f 1901/1901 1871/1871 1870/1870
f 1959/1959 1960/1960 1958/1958
f 1960/1960 1961/1961 1958/1958
f 1960/1960 2108/2108 1961/1961
f 3123/3123 3108/3108 3111/3111
f 415/415 393/393 419/419
f 379/379 380/380 400/400
f 400/400 380/380 407/407
f 405/405 383/383 403/403
f 403/403 384/384 402/402
f 384/384 396/396 402/402
f 396/396 394/394 397/397
f 394/394 381/381 382/382
f 410/410 395/395 438/438
f 2886/2886 2900/2900 2901/2901
f 2718/2718 2719/2719 2720/2720
f 2715/2715 2717/2717 2718/2718
f 2710/2710 2715/2715 2713/2713
f 2710/2710 2713/2713 2711/2711
f 1916/1916 1918/1918 1913/1913
f 2480/2480 2086/2086 2489/2489
f 4487/4487 5433/5433 5194/5194
f 2086/2086 2085/2085 2082/2082
f 2085/2085 2055/2055 2082/2082
f 5650/5650 5649/5649 5648/5648
f 2049/2049 2038/2038 2047/2047
f 2049/2049 2033/2033 2038/2038
f 4439/4439 4440/4440 4442/4442
f 2049/2049 2050/2050 2033/2033
f 2033/2033 2050/2050 2013/2013
f 2014/2014 2025/2025 2015/2015
f 5315/5315 5313/5313 5314/5314
f 2025/2025 2026/2026 2021/2021
f 2020/2020 1902/1902 1867/1867
f 1866/1866 1869/1869 1870/1870
f 1869/1869 1901/1901 1870/1870
f 4129/4129 4176/4176 4177/4177
f 1870/1870 1959/1959 1956/1956
f 3137/3137 3135/3135 3138/3138
f 420/420 386/386 400/400
f 400/400 407/407 422/422
f 380/380 404/404 407/407
f 405/405 403/403 418/418
f 410/410 438/438 451/451
f 2892/2892 2891/2891 2898/2898
f 2889/2889 2892/2892 2894/2894
f 786/786 779/779 777/777
f 1914/1914 1917/1917 1937/1937
f 786/786 777/777 781/781
f 1913/1913 1918/1918 1917/1917
f 5194/5194 5433/5433 5301/5301
f 2013/2013 2015/2015 2034/2034
f 5314/5314 5313/5313 5311/5311
f 5460/5460 4069/4069 3958/3958
f 2021/2021 2020/2020 2019/2019
f 1866/1866 1870/1870 1874/1874
f 1959/1959 1958/1958 1956/1956
f 3136/3136 3133/3133 3135/3135
f 462/462 415/415 419/419
f 420/420 400/400 421/421
f 400/400 422/422 421/421
f 382/382 410/410 408/408
f 382/382 408/408 406/406
f 408/408 410/410 452/452
f 410/410 451/451 452/452
f 2900/2900 2902/2902 2901/2901
f 2890/2890 2889/2889 2894/2894
f 787/787 790/790 783/783
f 249/249 264/264 265/265
f 786/786 787/787 779/779
f 1914/1914 1913/1913 1917/1917
f 782/782 781/781 763/763
f 782/782 763/763 769/769
f 2714/2714 2711/2711 2713/2713
f 5236/5236 5237/5237 5234/5234
f 2489/2489 2086/2086 2490/2490
f 2082/2082 2055/2055 2046/2046
f 2055/2055 2047/2047 2046/2046
f 3473/3473 3474/3474 3475/3475
f 2033/2033 2013/2013 2034/2034
f 5499/5499 4059/4059 5498/5498
f 2034/2034 2015/2015 2024/2024
f 2015/2015 2025/2025 2024/2024
f 2025/2025 2021/2021 2024/2024
f 3958/3958 4069/4069 3957/3957
f 3937/3937 3956/3956 4071/4071
f 1879/1879 1866/1866 1877/1877
f 1866/1866 1874/1874 1877/1877
f 2517/2517 1870/1870 1956/1956
f 3123/3123 3130/3130 3108/3108
f 419/419 420/420 444/444
f 3130/3130 3132/3132 3113/3113
f 420/420 421/421 443/443
f 3116/3116 3131/3131 3117/3117
f 3114/3114 3122/3122 3107/3107
f 404/404 405/405 418/418
f 403/403 402/402 416/416
f 416/416 402/402 417/417
f 402/402 396/396 413/413
f 394/394 382/382 406/406
f 451/451 453/453 452/452
f 2901/2901 2902/2902 2906/2906
f 2898/2898 2901/2901 2906/2906
f 2894/2894 2892/2892 2899/2899
f 2892/2892 2898/2898 2899/2899
f 781/781 777/777 764/764
f 1918/1918 2489/2489 1919/1919
f 2489/2489 2490/2490 1919/1919
f 2086/2086 2073/2073 2490/2490
f 2086/2086 2082/2082 2073/2073
f 5171/5171 4058/4058 4052/4052
f 5312/5312 5482/5482 5498/5498
f 2023/2023 2021/2021 2022/2022
f 2021/2021 2019/2019 2022/2022
f 5844/5844 5845/5845 5842/5842
f 2020/2020 1867/1867 2019/2019
f 1867/1867 1878/1878 2019/2019
f 1874/1874 1870/1870 2517/2517
f 2517/2517 1956/1956 1911/1911
f 1956/1956 1958/1958 1957/1957
f 1957/1957 1961/1961 1972/1972
f 420/420 443/443 444/444
f 422/422 407/407 439/439
f 3127/3127 3114/3114 3115/3115
f 407/407 404/404 418/418
f 403/403 416/416 418/418
f 3143/3143 3145/3145 3144/3144
f 396/396 397/397 412/412
f 780/780 791/791 759/759
f 790/790 789/789 783/783
f 789/789 778/778 783/783
f 787/787 783/783 779/779
f 779/779 783/783 766/766
f 763/763 781/781 764/764
f 768/768 769/769 763/763
f 5234/5234 5237/5237 5242/5242
f 1917/1917 1918/1918 1919/1919
f 5232/5232 5242/5242 5306/5306
f 1934/1934 1919/1919 2490/2490
f 5506/5506 5337/5337 5480/5480
f 2082/2082 2046/2046 2073/2073
f 5200/5200 5198/5198 5199/5199
f 5651/5651 5649/5649 5654/5654
f 2046/2046 2047/2047 2038/2038
f 2046/2046 2038/2038 2040/2040
f 4056/4056 4054/4054 4053/4053
f 5309/5309 5308/5308 4060/4060
f 3968/3968 3967/3967 3966/3966
f 1867/1867 1879/1879 1878/1878
f 1879/1879 1877/1877 1878/1878
f 1911/1911 1956/1956 1954/1954
f 3139/3139 3140/3140 3136/3136
f 3142/3142 3148/3148 3130/3130
f 3146/3146 3145/3145 3143/3143
f 417/417 402/402 413/413
f 413/413 396/396 412/412
f 412/412 397/397 423/423
f 423/423 397/397 414/414
f 397/397 394/394 414/414
f 406/406 408/408 409/409
f 409/409 408/408 459/459
f 408/408 452/452 459/459
f 248/248 247/247 259/259
f 778/778 791/791 780/780
f 766/766 783/783 760/760
f 777/777 758/758 764/764
f 758/758 777/777 779/779
f 758/758 779/779 765/765
f 5306/5306 5242/5242 5244/5244
f 5202/5202 5337/5337 5203/5203
f 2038/2038 2033/2033 2037/2037
f 4047/4047 5498/5498 4061/4061
f 3968/3968 5395/5395 3970/3970
f 2021/2021 2023/2023 2024/2024
f 3960/3960 3961/3961 4067/4067
f 2022/2022 2019/2019 2018/2018
f 1956/1956 1957/1957 1954/1954
f 1957/1957 1972/1972 1971/1971
f 3148/3148 3147/3147 3130/3130
f 439/439 407/407 440/440
f 3128/3128 3129/3129 3122/3122
f 416/416 417/417 445/445
f 394/394 406/406 414/414
f 406/406 409/409 448/448
f 459/459 452/452 460/460
f 452/452 551/551 460/460
f 783/783 778/778 760/760
f 779/779 766/766 765/765
f 765/765 766/766 760/760
f 1937/1937 1917/1917 1938/1938
f 1938/1938 1917/1917 1920/1920
f 763/763 762/762 768/768
f 767/767 768/768 762/762
f 1917/1917 1919/1919 1920/1920
f 1934/1934 2490/2490 1936/1936
f 2046/2046 2072/2072 2073/2073
f 2046/2046 2040/2040 2042/2042
f 2038/2038 2037/2037 2040/2040
f 2037/2037 2033/2033 2032/2032
f 2033/2033 2034/2034 2032/2032
f 2034/2034 2024/2024 2032/2032
f 2019/2019 1878/1878 2018/2018
f 4003/4003 4000/4000 4001/4001
f 1874/1874 2517/2517 1875/1875
f 3141/3141 3140/3140 3139/3139
f 3140/3140 3153/3153 3134/3134
f 3134/3134 3156/3156 3142/3142
f 3156/3156 3148/3148 3142/3142
f 1575/1575 1574/1574 1551/1551
f 1574/1574 1569/1569 1551/1551
f 1568/1568 1578/1578 1556/1556
f 3127/3127 3150/3150 3128/3128
f 417/417 413/413 445/445
f 413/413 412/412 423/423
f 414/414 406/406 442/442
f 406/406 448/448 442/442
f 448/448 409/409 459/459
f 829/829 830/830 828/828
f 778/778 780/780 755/755
f 763/763 764/764 758/758
f 763/763 758/758 744/744
f 762/762 763/763 744/744
f 1919/1919 1921/1921 1920/1920
f 1919/1919 1934/1934 1921/1921
f 2490/2490 2073/2073 1936/1936
f 2073/2073 2072/2072 1936/1936
f 2046/2046 2042/2042 2072/2072
f 4051/4051 4055/4055 5485/5485
f 2018/2018 1878/1878 2016/2016
f 4078/4078 4080/4080 4090/4090
f 1877/1877 1874/1874 1876/1876
f 5060/5060 5061/5061 5059/5059
f 5059/5059 5061/5061 5063/5063
f 1957/1957 1964/1964 1954/1954
f 1957/1957 1971/1971 1964/1964
f 1551/1551 1569/1569 1548/1548
f 1569/1569 1568/1568 1548/1548
f 3147/3147 3152/3152 3132/3132
f 418/418 416/416 441/441
f 441/441 416/416 446/446
f 416/416 445/445 446/446
f 448/448 459/459 578/578
f 1597/1597 1599/1599 1598/1598
f 780/780 759/759 756/756
f 778/778 755/755 761/761
f 760/760 778/778 761/761
f 765/765 760/760 748/748
f 767/767 762/762 757/757
f 762/762 744/744 757/757
f 767/767 757/757 788/788
f 1934/1934 1923/1923 1921/1921
f 1934/1934 1936/1936 1923/1923
f 5220/5220 5225/5225 5224/5224
f 1923/1923 1936/1936 1925/1925
f 1936/1936 1935/1935 1925/1925
f 1936/1936 2072/2072 1935/1935
f 2072/2072 2042/2042 1929/1929
f 2040/2040 2037/2037 2041/2041
f 4049/4049 4063/4063 4062/4062
f 3990/3990 3991/3991 5330/5330
f 5330/5330 3991/3991 3993/3993
f 2022/2022 2018/2018 2028/2028
f 3995/3995 4181/4181 4002/4002
f 4079/4079 4081/4081 4080/4080
f 1874/1874 1875/1875 1876/1876
f 1875/1875 2517/2517 1911/1911
f 5060/5060 5062/5062 5061/5061
f 3149/3149 3155/3155 3140/3140
f 3156/3156 3159/3159 3148/3148
f 3151/3151 3157/3157 3131/3131
f 3157/3157 3127/3127 3131/3131
f 1556/1556 1566/1566 1550/1550
f 3150/3150 3129/3129 3128/3128
f 2686/2686 2660/2660 2658/2658
f 413/413 423/423 445/445
f 423/423 414/414 447/447
f 273/273 254/254 274/274
f 761/761 755/755 754/754
f 758/758 765/765 749/749
f 1920/1920 1922/1922 1938/1938
f 744/744 758/758 743/743
f 758/758 749/749 743/743
f 1920/1920 1921/1921 1922/1922
f 5224/5224 5225/5225 5231/5231
f 2041/2041 2037/2037 2078/2078
f 5931/5931 5932/5932 5933/5933
f 5931/5931 5933/5933 5935/5935
f 2024/2024 2031/2031 2032/2032
f 5936/5936 5935/5935 5933/5933
f 3974/3974 3975/3975 4065/4065
f 3994/3994 3993/3993 3992/3992
f 2018/2018 2087/2087 2028/2028
f 2018/2018 2016/2016 2087/2087
f 5014/5014 5413/5413 4002/4002
f 1878/1878 1877/1877 1876/1876
f 1875/1875 1911/1911 1908/1908
f 1911/1911 1946/1946 1908/1908
f 1911/1911 1954/1954 1946/1946
f 3162/3162 3155/3155 3149/3149
f 3153/3153 3158/3158 3154/3154
f 1572/1572 1576/1576 1542/1542
f 1576/1576 1551/1551 1542/1542
f 3159/3159 3160/3160 3147/3147
f 3159/3159 3147/3147 3148/3148
f 1551/1551 1548/1548 1541/1541
f 445/445 423/423 447/447
f 442/442 448/448 454/454
f 454/454 448/448 578/578
f 1597/1597 1598/1598 1596/1596
f 460/460 551/551 579/579
f 759/759 828/828 775/775
f 775/775 828/828 776/776
f 756/756 759/759 747/747
f 760/760 761/761 753/753
f 760/760 753/753 748/748
f 788/788 757/757 729/729
f 788/788 729/729 831/831
f 1921/1921 1923/1923 1922/1922
f 5231/5231 5225/5225 5229/5229
f 1935/1935 2072/2072 1929/1929
f 2042/2042 2040/2040 2041/2041
f 2037/2037 2039/2039 2078/2078
f 2037/2037 2032/2032 2031/2031
f 5936/5936 5933/5933 5943/5943
f 3974/3974 3972/3972 3973/3973
f 2024/2024 2023/2023 2027/2027
f 3974/3974 3973/3973 3975/3975
f 2023/2023 2022/2022 2027/2027
f 2016/2016 2017/2017 2087/2087
f 2016/2016 1878/1878 2017/2017
f 5570/5570 5571/5571 5572/5572
f 3162/3162 3161/3161 3155/3155
f 1946/1946 1954/1954 1962/1962
f 1954/1954 1964/1964 1962/1962
f 3154/3154 3159/3159 3156/3156
f 1551/1551 1541/1541 1542/1542
f 1556/1556 1550/1550 1538/1538
f 1550/1550 1564/1564 1543/1543
f 1564/1564 1562/1562 1543/1543
f 1563/1563 1549/1549 1544/1544
f 754/754 755/755 745/745
f 761/761 754/754 753/753
f 765/765 748/748 749/749
f 1938/1938 1922/1922 1941/1941
f 743/743 749/749 742/742
f 757/757 744/744 729/729
f 1922/1922 1923/1923 1924/1924
f 1923/1923 1925/1925 1924/1924
f 1925/1925 1935/1935 1926/1926
f 2037/2037 2031/2031 2039/2039
f 5943/5943 5933/5933 5937/5937
f 2031/2031 2024/2024 2030/2030
f 2024/2024 2027/2027 2030/2030
f 2027/2027 2022/2022 2028/2028
f 3994/3994 3992/3992 4005/4005
f 2017/2017 1878/1878 2088/2088
f 2088/2088 1878/1878 1876/1876
f 823/823 812/812 822/822
f 822/822 802/802 816/816
f 3161/3161 3158/3158 3155/3155
f 1572/1572 1542/1542 1521/1521
f 3151/3151 3164/3164 3157/3157
f 3165/3165 3150/3150 3157/3157
f 1554/1554 1552/1552 1539/1539
f 1561/1561 1597/1597 1595/1595
f 1597/1597 1596/1596 1595/1595
f 776/776 774/774 775/775
f 775/775 774/774 772/772
f 755/755 756/756 745/745
f 756/756 747/747 745/745
f 753/753 754/754 741/741
f 754/754 745/745 741/741
f 748/748 753/753 738/738
f 748/748 734/734 749/749
f 748/748 738/738 734/734
f 743/743 742/742 731/731
f 744/744 728/728 729/729
f 744/744 743/743 728/728
f 743/743 731/731 728/728
f 831/831 729/729 784/784
f 1925/1925 1926/1926 1924/1924
f 1935/1935 1929/1929 1926/1926
f 5465/5465 5467/5467 5472/5472
f 1929/1929 2042/2042 2083/2083
f 2083/2083 2042/2042 2063/2063
f 2042/2042 2041/2041 2063/2063
f 2041/2041 2078/2078 2039/2039
f 2039/2039 2031/2031 2051/2051
f 3976/3976 3977/3977 3978/3978
f 2087/2087 2017/2017 2088/2088
f 2088/2088 1876/1876 1953/1953
f 1876/1876 1908/1908 1910/1910
f 1876/1876 1875/1875 1908/1908
f 4099/4099 4097/4097 5162/5162
f 3158/3158 3167/3167 3154/3154
f 3154/3154 3167/3167 3159/3159
f 3159/3159 3168/3168 3160/3160
f 1522/1522 1541/1541 1523/1523
f 3160/3160 3169/3169 3152/3152
f 3152/3152 3164/3164 3151/3151
f 3164/3164 3165/3165 3157/3157
f 3150/3150 3165/3165 3166/3166
f 1536/1536 1550/1550 1531/1531
f 2692/2692 2691/2691 2688/2688
f 2688/2688 2691/2691 2661/2661
f 1549/1549 1554/1554 1540/1540
f 1552/1552 1557/1557 1561/1561
f 775/775 772/772 747/747
f 745/745 747/747 746/746
f 753/753 735/735 738/738
f 753/753 741/741 735/735
f 749/749 734/734 742/742
f 729/729 728/728 652/652
f 729/729 652/652 784/784
f 784/784 652/652 785/785
f 1924/1924 1926/1926 1927/1927
f 2041/2041 2064/2064 2063/2063
f 2039/2039 2051/2051 2064/2064
f 2031/2031 2030/2030 2044/2044
f 2028/2028 2052/2052 2029/2029
f 2028/2028 2087/2087 2052/2052
f 1876/1876 1910/1910 1953/1953
f 802/802 807/807 816/816
f 816/816 807/807 815/815
f 805/805 804/804 815/815
f 3168/3168 3169/3169 3160/3160
f 3169/3169 3164/3164 3152/3152
f 3166/3166 3171/3171 3170/3170
f 1550/1550 1530/1530 1531/1531
f 2692/2692 2693/2693 2691/2691
f 1553/1553 1561/1561 1595/1595
f 1706/1706 1693/1693 1701/1701
f 774/774 773/773 772/772
f 741/741 745/745 736/736
f 1941/1941 1922/1922 1939/1939
f 742/742 724/724 731/731
f 742/742 734/734 724/724
f 652/652 728/728 651/651
f 1926/1926 1929/1929 1927/1927
f 5465/5465 5437/5437 5450/5450
f 5465/5465 5450/5450 5467/5467
f 1927/1927 1929/1929 1931/1931
f 1929/1929 2083/2083 1931/1931
f 5495/5495 5472/5472 5468/5468
f 5491/5491 5479/5479 5474/5474
f 5474/5474 5479/5479 5478/5478
f 5593/5593 5594/5594 5592/5592
f 2041/2041 2039/2039 2064/2064
f 4036/4036 4033/4033 4035/4035
f 2031/2031 2044/2044 2051/2051
f 2030/2030 2027/2027 2035/2035
f 2035/2035 2027/2027 2029/2029
f 2027/2027 2028/2028 2029/2029
f 2087/2087 1955/1955 2052/2052
f 5789/5789 5809/5809 5792/5792
f 2087/2087 2088/2088 1955/1955
f 2088/2088 1953/1953 1955/1955
f 5019/5019 5022/5022 5162/5162
f 712/712 802/802 812/812
f 1908/1908 1947/1947 1910/1910
f 1908/1908 1946/1946 1947/1947
f 1946/1946 1970/1970 1947/1947
f 819/819 806/806 809/809
f 1540/1540 1539/1539 1535/1535
f 772/772 773/773 771/771
f 745/745 746/746 737/737
f 736/736 745/745 737/737
f 734/734 738/738 722/722
f 1688/1688 1666/1666 1659/1659
f 728/728 653/653 651/651
f 728/728 731/731 653/653
f 5593/5593 5592/5592 5591/5591
f 2044/2044 2030/2030 2035/2035
f 2035/2035 2029/2029 2036/2036
f 5790/5790 5792/5792 5797/5797
f 712/712 711/711 802/802
f 711/711 808/808 807/807
f 711/711 807/807 802/802
f 808/808 799/799 807/807
f 807/807 799/799 815/815
f 815/815 799/799 805/805
f 805/805 705/705 804/804
f 705/705 803/803 804/804
f 804/804 803/803 817/817
f 810/810 806/806 819/819
f 809/809 798/798 820/820
f 826/826 825/825 827/827
f 2666/2666 2664/2664 2691/2691
f 1553/1553 1595/1595 1593/1593
f 1595/1595 1594/1594 1593/1593
f 741/741 736/736 726/726
f 738/738 735/735 722/722
f 722/722 735/735 726/726
f 735/735 741/741 726/726
f 734/734 722/722 724/724
f 731/731 724/724 653/653
f 652/652 650/650 732/732
f 652/652 651/651 650/650
f 2064/2064 2053/2053 2065/2065
f 2064/2064 2051/2051 2053/2053
f 2051/2051 2044/2044 2053/2053
f 2029/2029 2052/2052 2076/2076
f 2052/2052 1955/1955 2076/2076
f 1955/1955 1953/1953 1949/1949
f 692/692 711/711 712/712
f 1953/1953 1910/1910 1949/1949
f 793/793 692/692 712/712
f 711/711 715/715 808/808
f 715/715 799/799 808/808
f 799/799 705/705 805/805
f 1555/1555 1520/1520 1503/1503
f 705/705 699/699 803/803
f 803/803 710/710 810/810
f 1523/1523 1524/1524 1508/1508
f 710/710 806/806 810/810
f 798/798 821/821 820/820
f 1512/1512 1531/1531 1517/1517
f 1539/1539 1527/1527 1535/1535
f 1553/1553 1593/1593 1591/1591
f 1701/1701 1699/1699 1700/1700
f 1693/1693 1675/1675 1699/1699
f 771/771 773/773 770/770
f 771/771 770/770 751/751
f 736/736 737/737 718/718
f 726/726 736/736 718/718
f 724/724 722/722 646/646
f 651/651 653/653 597/597
f 1927/1927 1931/1931 1924/1924
f 650/650 651/651 597/597
f 732/732 650/650 733/733
f 2083/2083 2063/2063 2065/2065
f 5588/5588 5587/5587 5590/5590
f 2063/2063 2064/2064 2065/2065
f 4038/4038 5392/5392 4039/4039
f 5451/5451 3980/3980 4025/4025
f 2035/2035 2036/2036 2043/2043
f 1949/1949 1910/1910 1948/1948
f 715/715 700/700 799/799
f 1910/1910 1947/1947 1948/1948
f 799/799 700/700 705/705
f 700/700 701/701 705/705
f 710/710 796/796 806/806
f 806/806 796/796 809/809
f 796/796 798/798 809/809
f 825/825 818/818 827/827
f 1593/1593 1592/1592 1591/1591
f 1699/1699 1675/1675 1695/1695
f 718/718 737/737 727/727
f 726/726 718/718 730/730
f 653/653 724/724 646/646
f 653/653 646/646 594/594
f 1939/1939 1924/1924 1940/1940
f 597/597 653/653 594/594
f 1924/1924 1931/1931 1940/1940
f 650/650 597/597 599/599
f 650/650 599/599 733/733
f 5476/5476 5471/5471 5477/5477
f 5598/5598 5590/5590 5599/5599
f 4039/4039 4034/4034 4032/4032
f 4032/4032 4034/4034 4031/4031
f 2053/2053 2044/2044 2045/2045
f 2036/2036 2029/2029 1965/1965
f 2029/2029 2076/2076 1965/1965
f 2076/2076 1952/1952 1965/1965
f 2076/2076 1955/1955 1952/1952
f 4013/4013 4012/4012 4014/4014
f 1955/1955 1949/1949 1952/1952
f 678/678 676/676 692/692
f 692/692 676/676 675/675
f 675/675 693/693 711/711
f 711/711 693/693 715/715
f 689/689 701/701 700/700
f 803/803 699/699 710/710
f 710/710 709/709 796/796
f 751/751 752/752 750/750
f 718/718 727/727 719/719
f 722/722 726/726 720/720
f 726/726 730/730 720/720
f 730/730 718/718 720/720
f 648/648 722/722 580/580
f 722/722 598/598 580/580
f 722/722 720/720 598/598
f 646/646 648/648 582/582
f 597/597 594/594 593/593
f 1940/1940 1931/1931 1942/1942
f 597/597 593/593 596/596
f 599/599 597/597 596/596
f 2083/2083 2065/2065 1931/1931
f 1931/1931 2065/2065 1944/1944
f 599/599 596/596 616/616
f 2045/2045 2044/2044 2043/2043
f 2044/2044 2035/2035 2043/2043
f 5451/5451 4025/4025 5251/5251
f 5451/5451 5251/5251 4007/4007
f 2043/2043 2036/2036 1965/1965
f 680/680 669/669 679/679
f 679/679 669/669 678/678
f 1952/1952 1949/1949 1951/1951
f 1951/1951 1949/1949 1950/1950
f 675/675 690/690 693/693
f 690/690 689/689 693/693
f 693/693 689/689 700/700
f 689/689 688/688 701/701
f 688/688 684/684 701/701
f 701/701 684/684 705/705
f 705/705 684/684 699/699
f 699/699 697/697 710/710
f 697/697 709/709 710/710
f 709/709 707/707 796/796
f 707/707 797/797 796/796
f 796/796 797/797 798/798
f 797/797 811/811 798/798
f 1504/1504 1517/1517 1500/1500
f 798/798 811/811 814/814
f 1527/1527 1591/1591 1588/1588
f 648/648 580/580 582/582
f 1639/1639 1638/1638 1634/1634
f 594/594 646/646 582/582
f 594/594 582/582 590/590
f 593/593 594/594 590/590
f 593/593 590/590 592/592
f 1931/1931 1944/1944 1943/1943
f 1931/1931 1943/1943 1942/1942
f 596/596 593/593 595/595
f 593/593 592/592 595/595
f 616/616 596/596 615/615
f 596/596 595/595 615/615
f 2065/2065 2053/2053 1944/1944
f 2053/2053 2045/2045 1944/1944
f 616/616 615/615 629/629
f 2045/2045 2043/2043 1968/1968
f 4018/4018 5251/5251 4009/4009
f 792/792 655/655 664/664
f 664/664 660/660 669/669
f 669/669 668/668 676/676
f 678/678 669/669 676/676
f 676/676 668/668 675/675
f 675/675 668/668 671/671
f 675/675 671/671 690/690
f 671/671 689/689 690/690
f 689/689 671/671 688/688
f 672/672 684/684 688/688
f 684/684 697/697 699/699
f 707/707 708/708 797/797
f 811/811 813/813 814/814
f 1519/1519 1518/1518 1502/1502
f 1591/1591 1590/1590 1588/1588
f 1695/1695 1683/1683 1696/1696
f 720/720 718/718 649/649
f 649/649 718/718 645/645
f 718/718 719/719 717/717
f 718/718 717/717 645/645
f 598/598 720/720 649/649
f 580/580 581/581 582/582
f 582/582 581/581 587/587
f 582/582 587/587 590/590
f 592/592 590/590 591/591
f 592/592 591/591 610/610
f 595/595 592/592 610/610
f 610/610 591/591 613/613
f 595/595 610/610 611/611
f 615/615 595/595 611/611
f 629/629 615/615 611/611
f 629/629 611/611 621/621
f 629/629 621/621 655/655
f 655/655 621/621 644/644
f 1967/1967 2043/2043 1965/1965
f 644/644 632/632 660/660
f 632/632 662/662 660/660
f 662/662 667/667 668/668
f 660/660 668/668 669/669
f 660/660 662/662 668/668
f 1965/1965 1952/1952 1963/1963
f 1952/1952 1951/1951 1963/1963
f 668/668 667/667 671/671
f 667/667 672/672 671/671
f 1533/1533 1532/1532 1466/1466
f 672/672 673/673 684/684
f 673/673 682/682 684/684
f 1532/1532 1478/1478 1466/1466
f 1478/1478 1479/1479 1468/1468
f 682/682 697/697 684/684
f 697/697 698/698 709/709
f 709/709 698/698 707/707
f 751/751 750/750 739/739
f 739/739 750/750 740/740
f 581/581 580/580 583/583
f 580/580 598/598 583/583
f 581/581 583/583 584/584
f 581/581 584/584 587/587
f 591/591 590/590 587/587
f 591/591 587/587 607/607
f 591/591 607/607 613/613
f 1616/1616 1662/1662 1617/1617
f 1944/1944 2045/2045 2089/2089
f 613/613 607/607 612/612
f 611/611 610/610 612/612
f 610/610 613/613 612/612
f 2045/2045 1968/1968 1969/1969
f 2045/2045 1969/1969 2089/2089
f 611/611 612/612 617/617
f 611/611 617/617 621/621
f 621/621 617/617 632/632
f 2043/2043 1967/1967 1968/1968
f 621/621 632/632 644/644
f 632/632 617/617 630/630
f 1967/1967 1965/1965 1966/1966
f 632/632 630/630 662/662
f 662/662 630/630 663/663
f 1966/1966 1965/1965 1963/1963
f 662/662 663/663 667/667
f 663/663 659/659 667/667
f 659/659 665/665 667/667
f 667/667 665/665 672/672
f 672/672 665/665 673/673
f 673/673 681/681 682/682
f 682/682 681/681 683/683
f 682/682 683/683 697/697
f 683/683 698/698 697/697
f 691/691 694/694 698/698
f 694/694 706/706 707/707
f 694/694 707/707 698/698
f 707/707 706/706 708/708
f 794/794 795/795 811/811
f 1500/1500 1493/1493 1483/1483
f 811/811 795/795 813/813
f 1683/1683 1670/1670 1682/1682
f 739/739 740/740 725/725
f 717/717 739/739 721/721
f 717/717 721/721 603/603
f 645/645 717/717 603/603
f 598/598 649/649 586/586
f 649/649 645/645 586/586
f 598/598 586/586 583/583
f 587/587 584/584 609/609
f 607/607 587/587 608/608
f 587/587 609/609 608/608
f 607/607 608/608 614/614
f 612/612 607/607 614/614
f 612/612 614/614 618/618
f 617/617 612/612 618/618
f 1968/1968 1966/1966 1969/1969
f 630/630 618/618 631/631
f 618/618 627/627 631/631
f 617/617 618/618 630/630
f 630/630 631/631 663/663
f 631/631 659/659 663/663
f 631/631 627/627 659/659
f 659/659 627/627 643/643
f 659/659 643/643 665/665
f 665/665 666/666 673/673
f 673/673 666/666 681/681
f 683/683 691/691 698/698
f 694/694 695/695 706/706
f 1483/1483 1493/1493 1464/1464
f 739/739 725/725 721/721
f 586/586 645/645 600/600
f 600/600 645/645 603/603
f 583/583 586/586 585/585
f 584/584 583/583 585/585
f 586/586 589/589 585/585
f 584/584 585/585 588/588
f 584/584 588/588 609/609
f 608/608 609/609 622/622
f 614/614 608/608 622/622
f 622/622 609/609 623/623
f 622/622 623/623 626/626
f 622/622 626/626 627/627
f 627/627 626/626 643/643
f 643/643 666/666 665/665
f 666/666 683/683 681/681
f 666/666 670/670 683/683
f 670/670 691/691 683/683
f 706/706 702/702 794/794
f 794/794 702/702 713/713
f 794/794 713/713 795/795
f 1650/1650 1651/1651 1636/1636
f 721/721 725/725 723/723
f 721/721 723/723 716/716
f 600/600 603/603 602/602
f 588/588 585/585 604/604
f 609/609 588/588 604/604
f 609/609 604/604 619/619
f 609/609 619/619 623/623
f 623/623 619/619 625/625
f 626/626 625/625 635/635
f 626/626 635/635 643/643
f 643/643 635/635 658/658
f 658/658 670/670 666/666
f 657/657 674/674 670/670
f 1447/1447 1470/1470 1463/1463
f 670/670 674/674 691/691
f 674/674 696/696 695/695
f 674/674 695/695 694/694
f 2672/2672 2671/2671 2670/2670
f 716/716 723/723 656/656
f 603/603 716/716 602/602
f 600/600 601/601 589/589
f 600/600 602/602 601/601
f 602/602 647/647 601/601
f 585/585 589/589 604/604
f 604/604 589/589 605/605
f 589/589 601/601 605/605
f 604/604 605/605 620/620
f 619/619 604/604 620/620
f 625/625 619/619 635/635
f 619/619 620/620 635/635
f 620/620 633/633 635/635
f 635/635 633/633 657/657
f 635/635 657/657 658/658
f 658/658 657/657 670/670
f 657/657 661/661 674/674
f 674/674 661/661 685/685
f 686/686 687/687 702/702
f 702/702 687/687 704/704
f 1515/1515 1516/1516 1583/1583
f 1664/1664 1648/1648 1681/1681
f 716/716 656/656 654/654
f 602/602 654/654 647/647
f 605/605 601/601 606/606
f 601/601 647/647 606/606
f 605/605 606/606 624/624
f 620/620 605/605 624/624
f 606/606 628/628 624/624
f 620/620 624/624 633/633
f 633/633 624/624 634/634
f 624/624 628/628 634/634
f 628/628 640/640 634/634
f 633/633 634/634 657/657
f 634/634 640/640 661/661
f 657/657 634/634 661/661
f 640/640 641/641 661/661
f 661/661 641/641 685/685
f 685/685 641/641 677/677
f 685/685 677/677 686/686
f 686/686 677/677 687/687
f 1497/1497 1558/1558 1570/1570
f 654/654 656/656 638/638
f 1736/1736 1780/1780 1781/1781
f 654/654 638/638 637/637
f 637/637 638/638 636/636
f 637/637 636/636 606/606
f 606/606 636/636 628/628
f 628/628 636/636 639/639
f 628/628 639/639 640/640
f 640/640 639/639 641/641
f 1451/1451 1481/1481 1445/1445
f 641/641 639/639 642/642
f 641/641 642/642 677/677
f 677/677 642/642 703/703
f 1499/1499 1480/1480 1546/1546
f 1480/1480 1545/1545 1546/1546
f 1581/1581 1515/1515 1583/1583
f 2682/2682 2681/2681 2680/2680
f 2674/2674 2679/2679 2678/2678
f 3429/3429 3430/3430 3423/3423
f 1581/1581 1583/1583 1586/1586
f 1577/1577 1499/1499 1547/1547
f 3373/3373 3428/3428 3424/3424
f 3428/3428 3429/3429 3424/3424
f 3429/3429 3423/3423 3424/3424
f 3423/3423 3430/3430 3425/3425
f 3430/3430 3434/3434 3425/3425
f 1801/1801 1797/1797 1806/1806
f 1797/1797 1795/1795 1806/1806
f 1621/1621 1600/1600 1663/1663
f 1806/1806 1795/1795 1808/1808
f 1663/1663 1579/1579 1547/1547
f 1579/1579 1577/1577 1547/1547
f 1795/1795 1804/1804 1808/1808
f 1804/1804 1811/1811 1808/1808
f 3369/3369 3370/3370 3356/3356
f 3370/3370 3371/3371 3352/3352
f 3370/3370 3372/3372 3371/3371
f 3423/3423 3425/3425 3419/3419
f 3234/3234 3232/3232 3231/3231
f 3385/3385 3377/3377 3376/3376
f 3366/3366 3368/3368 3362/3362
f 3368/3368 3369/3369 3348/3348
f 3369/3369 3356/3356 3348/3348
f 3370/3370 3352/3352 3356/3356
f 3371/3371 3372/3372 3361/3361
f 3361/3361 3373/3373 3364/3364
f 3373/3373 3418/3418 3364/3364
f 3424/3424 3423/3423 3418/3418
f 3419/3419 3425/3425 3421/3421
f 3425/3425 3433/3433 3421/3421
f 3377/3377 3366/3366 3376/3376
f 3418/3418 3423/3423 3419/3419
f 3371/3371 3361/3361 3352/3352
f 3361/3361 3364/3364 3351/3351
f 3614/3614 3633/3633 3624/3624
f 3348/3348 3356/3356 3337/3337
f 3356/3356 3352/3352 3337/3337
f 3352/3352 3361/3361 3343/3343
f 3361/3361 3351/3351 3343/3343
f 3419/3419 3417/3417 3418/3418
f 3419/3419 3421/3421 3417/3417
f 3421/3421 3433/3433 3432/3432
f 3231/3231 3230/3230 3227/3227
f 3376/3376 3366/3366 3365/3365
f 3337/3337 3352/3352 3336/3336
f 3352/3352 3343/3343 3336/3336
f 3351/3351 3364/3364 3418/3418
f 3365/3365 3366/3366 3353/3353
f 3366/3366 3362/3362 3353/3353
f 3362/3362 3348/3348 3335/3335
f 3335/3335 3348/3348 3337/3337
f 3351/3351 3418/3418 3417/3417
f 3421/3421 3432/3432 3431/3431
f 3343/3343 3351/3351 3341/3341
f 3351/3351 3417/3417 3341/3341
f 3226/3226 3227/3227 3228/3228
f 3336/3336 3343/3343 3325/3325
f 3343/3343 3341/3341 3325/3325
f 3417/3417 3421/3421 3416/3416
f 3421/3421 3431/3431 3416/3416
f 3365/3365 3353/3353 3360/3360
f 3337/3337 3336/3336 3324/3324
f 3374/3374 3365/3365 3360/3360
f 3336/3336 3325/3325 3324/3324
f 3417/3417 3415/3415 3341/3341
f 3226/3226 3228/3228 3229/3229
f 3353/3353 3335/3335 3342/3342
f 3415/3415 3417/3417 3416/3416
f 3416/3416 3431/3431 3426/3426
f 3228/3228 3233/3233 3229/3229
f 3360/3360 3353/3353 3342/3342
f 3342/3342 3335/3335 3316/3316
f 3335/3335 3324/3324 3316/3316
f 3325/3325 3341/3341 3315/3315
f 3341/3341 3415/3415 3340/3340
f 3229/3229 3233/3233 3236/3236
f 3324/3324 3325/3325 3315/3315
f 3416/3416 3426/3426 3413/3413
f 3229/3229 3236/3236 3237/3237
f 3324/3324 3314/3314 3316/3316
f 3315/3315 3341/3341 3340/3340
f 3374/3374 3360/3360 3375/3375
f 3375/3375 3360/3360 3359/3359
f 3360/3360 3342/3342 3359/3359
f 3324/3324 3315/3315 3314/3314
f 3415/3415 3416/3416 3411/3411
f 3416/3416 3413/3413 3411/3411
f 2612/2612 2613/2613 2611/2611
f 3359/3359 3342/3342 3322/3322
f 3342/3342 3316/3316 3322/3322
f 3340/3340 3415/3415 3414/3414
f 3415/3415 3411/3411 3414/3414
f 2611/2611 2613/2613 2619/2619
f 3411/3411 3413/3413 3412/3412
f 3375/3375 3359/3359 3380/3380
f 3316/3316 3314/3314 3313/3313
f 2612/2612 2611/2611 2610/2610
f 3315/3315 3340/3340 3333/3333
f 3322/3322 3316/3316 3313/3313
f 3315/3315 3333/3333 3308/3308
f 3333/3333 3340/3340 3414/3414
f 3314/3314 3315/3315 3286/3286
f 3286/3286 3315/3315 3308/3308
f 3359/3359 3322/3322 3358/3358
f 3411/3411 3412/3412 3409/3409
f 2610/2610 2611/2611 2608/2608
f 2611/2611 2619/2619 2608/2608
f 3379/3379 3380/3380 3358/3358
f 3313/3313 3314/3314 3286/3286
f 3414/3414 3411/3411 3410/3410
f 3410/3410 3411/3411 3409/3409
f 3358/3358 3322/3322 3354/3354
f 3322/3322 3313/3313 3287/3287
f 2610/2610 2608/2608 2607/2607
f 3313/3313 3286/3286 3287/3287
f 3379/3379 3358/3358 3354/3354
f 3308/3308 3333/3333 3332/3332
f 3333/3333 3414/3414 3410/3410
f 3354/3354 3322/3322 3321/3321
f 3322/3322 3287/3287 3321/3321
f 3286/3286 3308/3308 3285/3285
f 3333/3333 3410/3410 3332/3332
f 3410/3410 3409/3409 3407/3407
f 3409/3409 3408/3408 3407/3407
f 2607/2607 2608/2608 2609/2609
f 3285/3285 3308/3308 3304/3304
f 3308/3308 3332/3332 3304/3304
f 2609/2609 2608/2608 2614/2614
f 3287/3287 3286/3286 3284/3284
f 3410/3410 3407/3407 3332/3332
f 3321/3321 3287/3287 3284/3284
f 3286/3286 3285/3285 3284/3284
f 3332/3332 3407/3407 3331/3331
f 3407/3407 3408/3408 3406/3406
f 3354/3354 3344/3344 3264/3264
f 3284/3284 3299/3299 3321/3321
f 3304/3304 3332/3332 3331/3331
f 3331/3331 3407/3407 3404/3404
f 3264/3264 3344/3344 3357/3357
f 3344/3344 3321/3321 3299/3299
f 3264/3264 3357/3357 3262/3262
f 3285/3285 3304/3304 3268/3268
f 3304/3304 3331/3331 3306/3306
f 3407/3407 3406/3406 3404/3404
f 3344/3344 3299/3299 3323/3323
f 3323/3323 3299/3299 3276/3276
f 3299/3299 3284/3284 3276/3276
f 3284/3284 3285/3285 3268/3268
f 3268/3268 3304/3304 3306/3306
f 2616/2616 2609/2609 2615/2615
f 2609/2609 2614/2614 2615/2615
f 3344/3344 3323/3323 3357/3357
f 3276/3276 3284/3284 3267/3267
f 3404/3404 3406/3406 3405/3405
f 2616/2616 2615/2615 2617/2617
f 3563/3563 3596/3596 3501/3501
f 3284/3284 3268/3268 3267/3267
f 3268/3268 3306/3306 3307/3307
f 3306/3306 3331/3331 3330/3330
f 3331/3331 3404/3404 3330/3330
f 3554/3554 3637/3637 3660/3660
f 3357/3357 3323/3323 3262/3262
f 3330/3330 3404/3404 3355/3355
f 3404/3404 3405/3405 3403/3403
f 3306/3306 3330/3330 3307/3307
f 3404/3404 3403/3403 3355/3355
f 2617/2617 2615/2615 2618/2618
f 3355/3355 3403/3403 3402/3402
f 3262/3262 3323/3323 3260/3260
f 3323/3323 3276/3276 3271/3271
f 3276/3276 3267/3267 3271/3271
f 3307/3307 3330/3330 3329/3329
f 3263/3263 3262/3262 3261/3261
f 3261/3261 3262/3262 3260/3260
f 3260/3260 3323/3323 3338/3338
f 3323/3323 3271/3271 3338/3338
f 3307/3307 3329/3329 3305/3305
f 3330/3330 3355/3355 3329/3329
f 3268/3268 3307/3307 3305/3305
f 3329/3329 3355/3355 3345/3345
f 3355/3355 3402/3402 3345/3345
f 3676/3676 3668/3668 3669/3669
f 3271/3271 3267/3267 3270/3270
f 3305/3305 3329/3329 3328/3328
f 3329/3329 3345/3345 3328/3328
f 3345/3345 3402/3402 3401/3401
f 3261/3261 3260/3260 3258/3258
f 3338/3338 3271/3271 3270/3270
f 3268/3268 3305/3305 3269/3269
f 3267/3267 3268/3268 3269/3269
f 3526/3526 3527/3527 3508/3508
f 3328/3328 3345/3345 3327/3327
f 3258/3258 3260/3260 3259/3259
f 3260/3260 3338/3338 3259/3259
f 3338/3338 3270/3270 3339/3339
f 3327/3327 3345/3345 3350/3350
f 3259/3259 3338/3338 3339/3339
f 3267/3267 3269/3269 3270/3270
f 3305/3305 3302/3302 3269/3269
f 3328/3328 3327/3327 3311/3311
f 3345/3345 3401/3401 3350/3350
f 3350/3350 3401/3401 3400/3400
f 3339/3339 3270/3270 3320/3320
f 3305/3305 3328/3328 3311/3311
f 3669/3669 3664/3664 3665/3665
f 3259/3259 3339/3339 3255/3255
f 3270/3270 3269/3269 3272/3272
f 3258/3258 3255/3255 3257/3257
f 3339/3339 3320/3320 3255/3255
f 3272/3272 3269/3269 3273/3273
f 3305/3305 3311/3311 3302/3302
f 3269/3269 3302/3302 3273/3273
f 3302/3302 3311/3311 3303/3303
f 3303/3303 3311/3311 3327/3327
f 3350/3350 3400/3400 3399/3399
f 3257/3257 3255/3255 3256/3256
f 3320/3320 3270/3270 3272/3272
f 3327/3327 3350/3350 3310/3310
f 3666/3666 3621/3621 3620/3620
f 3320/3320 3319/3319 3255/3255
f 3320/3320 3272/3272 3319/3319
f 3272/3272 3273/3273 3274/3274
f 3303/3303 3327/3327 3310/3310
f 3273/3273 3275/3275 3274/3274
f 3310/3310 3350/3350 3349/3349
f 3350/3350 3399/3399 3398/3398
f 3350/3350 3398/3398 3349/3349
f 3255/3255 3319/3319 3253/3253
f 3275/3275 3273/3273 3302/3302
f 3319/3319 3272/3272 3274/3274
f 3620/3620 3652/3652 3667/3667
f 3319/3319 3318/3318 3253/3253
f 3318/3318 3319/3319 3274/3274
f 3302/3302 3303/3303 3300/3300
f 3303/3303 3310/3310 3300/3300
f 3253/3253 3318/3318 3251/3251
f 3349/3349 3398/3398 3395/3395
f 3757/3757 3758/3758 3759/3759
f 3318/3318 3274/3274 3277/3277
f 3275/3275 3302/3302 3278/3278
f 3302/3302 3300/3300 3278/3278
f 3310/3310 3349/3349 3309/3309
f 3274/3274 3275/3275 3277/3277
f 3300/3300 3310/3310 3301/3301
f 3309/3309 3349/3349 3347/3347
f 3349/3349 3395/3395 3347/3347
f 3301/3301 3310/3310 3309/3309
f 3278/3278 3300/3300 3295/3295
f 3277/3277 3275/3275 3278/3278
f 3295/3295 3300/3300 3301/3301
f 3295/3295 3301/3301 3294/3294
f 3301/3301 3309/3309 3294/3294
f 3251/3251 3318/3318 3248/3248
f 3318/3318 3277/3277 3248/3248
f 3497/3497 3496/3496 3494/3494
f 3277/3277 3278/3278 3279/3279
f 3278/3278 3295/3295 3280/3280
f 3250/3250 3248/3248 3249/3249
f 3294/3294 3309/3309 3298/3298
f 3309/3309 3347/3347 3298/3298
f 3248/3248 3277/3277 3312/3312
f 3312/3312 3277/3277 3279/3279
f 3295/3295 3293/3293 3280/3280
f 3293/3293 3295/3295 3294/3294
f 3496/3496 3495/3495 3494/3494
f 3279/3279 3278/3278 3280/3280
f 3294/3294 3298/3298 3291/3291
f 3347/3347 3395/3395 3392/3392
f 3347/3347 3392/3392 3346/3346
f 3395/3395 3393/3393 3392/3392
f 3293/3293 3294/3294 3292/3292
f 3298/3298 3347/3347 3346/3346
f 3494/3494 3495/3495 3491/3491
f 3248/3248 3312/3312 3247/3247
f 3491/3491 3495/3495 3625/3625
f 3392/3392 3393/3393 3394/3394
f 3249/3249 3248/3248 3246/3246
f 3248/3248 3247/3247 3246/3246
f 3280/3280 3293/3293 3283/3283
f 3294/3294 3291/3291 3292/3292
f 3247/3247 3312/3312 3279/3279
f 3283/3283 3293/3293 3292/3292
f 3493/3493 3494/3494 3491/3491
f 3346/3346 3392/3392 3396/3396
f 3392/3392 3394/3394 3396/3396
f 3247/3247 3279/3279 3281/3281
f 3292/3292 3291/3291 3283/3283
f 3279/3279 3280/3280 3281/3281
f 3281/3281 3280/3280 3282/3282
f 3280/3280 3283/3283 3282/3282
f 3298/3298 3346/3346 3296/3296
f 3346/3346 3396/3396 3296/3296
f 3288/3288 3283/3283 3291/3291
f 3396/3396 3394/3394 3397/3397
f 3246/3246 3247/3247 3245/3245
f 3247/3247 3281/3281 3245/3245
f 3282/3282 3283/3283 3288/3288
f 3246/3246 3245/3245 3244/3244
f 3281/3281 3282/3282 3289/3289
f 3491/3491 3625/3625 3490/3490
f 3282/3282 3288/3288 3289/3289
f 3291/3291 3296/3296 3288/3288
f 3291/3291 3298/3298 3296/3296
f 3296/3296 3396/3396 3397/3397
f 3397/3397 3394/3394 3427/3427
f 3493/3493 3491/3491 3489/3489
f 3288/3288 3296/3296 3297/3297
f 3245/3245 3281/3281 3243/3243
f 3281/3281 3289/3289 3243/3243
f 3491/3491 3490/3490 3489/3489
f 3245/3245 3243/3243 3244/3244
f 3288/3288 3297/3297 3290/3290
f 3296/3296 3397/3397 3317/3317
f 3317/3317 3397/3397 3420/3420
f 3490/3490 3492/3492 3487/3487
f 3397/3397 3427/3427 3420/3420
f 3244/3244 3243/3243 3242/3242
f 3289/3289 3288/3288 3290/3290
f 3489/3489 3487/3487 3486/3486
f 3297/3297 3296/3296 3317/3317
f 3486/3486 3487/3487 3488/3488
f 3243/3243 3241/3241 3242/3242
f 3334/3334 3317/3317 3420/3420
f 3241/3241 3243/3243 3238/3238
f 3243/3243 3289/3289 3238/3238
f 3297/3297 3317/3317 3334/3334
f 3334/3334 3420/3420 3422/3422
f 3242/3242 3241/3241 3240/3240
f 3238/3238 3289/3289 3290/3290
f 3422/3422 3420/3420 3435/3435
f 3240/3240 3241/3241 3238/3238
f 3238/3238 3290/3290 3326/3326
f 3290/3290 3297/3297 3326/3326
f 3297/3297 3334/3334 3326/3326
f 3238/3238 3326/3326 3363/3363
f 3326/3326 3334/3334 3367/3367
f 2580/2580 2581/2581 2582/2582
f 2581/2581 2583/2583 2582/2582
f 2583/2583 2584/2584 2585/2585
f 2585/2585 2584/2584 2586/2586
f 2586/2586 2587/2587 2588/2588
f 2587/2587 2589/2589 2588/2588
f 2588/2588 2589/2589 2590/2590
f 2591/2591 2590/2590 2589/2589
f 2591/2591 2592/2592 2590/2590
f 2590/2590 2592/2592 2601/2601
f 2592/2592 2600/2600 2601/2601
f 2600/2600 2592/2592 2599/2599
f 2599/2599 2592/2592 2598/2598
f 2592/2592 2594/2594 2598/2598
f 1120/1120 928/928 980/980
f 1076/1076 1077/1077 1034/1034
f 2577/2577 2579/2579 2578/2578
f 2579/2579 2580/2580 2578/2578
f 2579/2579 2581/2581 2580/2580
f 1322/1322 1324/1324 1323/1323
f 1328/1328 1324/1324 1322/1322
f 2583/2583 2581/2581 2584/2584
f 1294/1294 1340/1340 1328/1328
f 2587/2587 2586/2586 2584/2584
f 1294/1294 1329/1329 1340/1340
f 1305/1305 1330/1330 1329/1329
f 1305/1305 1329/1329 1294/1294
f 1310/1310 1330/1330 1305/1305
f 1342/1342 1330/1330 1310/1310
f 2591/2591 2593/2593 2592/2592
f 1343/1343 1330/1330 1342/1342
f 2593/2593 2594/2594 2592/2592
f 1120/1120 995/995 928/928
f 1031/1031 1065/1065 1075/1075
f 1027/1027 1031/1031 1034/1034
f 2574/2574 2577/2577 2576/2576
f 2574/2574 2576/2576 2575/2575
f 1321/1321 1323/1323 1320/1320
f 1322/1322 1323/1323 1321/1321
f 1259/1259 1322/1322 1321/1321
f 1259/1259 1328/1328 1322/1322
f 1255/1255 1261/1261 1258/1258
f 1261/1261 1262/1262 1259/1259
f 1262/1262 1294/1294 1259/1259
f 1259/1259 1294/1294 1328/1328
f 1292/1292 1261/1261 1255/1255
f 1255/1255 1290/1290 1292/1292
f 1312/1312 1262/1262 1261/1261
f 1262/1262 1305/1305 1294/1294
f 1290/1290 1306/1306 1292/1292
f 1306/1306 1312/1312 1292/1292
f 1292/1292 1312/1312 1261/1261
f 1312/1312 1333/1333 1262/1262
f 1262/1262 1310/1310 1305/1305
f 1333/1333 1310/1310 1262/1262
f 1336/1336 1342/1342 1310/1310
f 1336/1336 1310/1310 1333/1333
f 1336/1336 1343/1343 1342/1342
f 1351/1351 1343/1343 1336/1336
f 2593/2593 2595/2595 2594/2594
f 1351/1351 1352/1352 1343/1343
f 2594/2594 2595/2595 2596/2596
f 2597/2597 2596/2596 2595/2595
f 1031/1031 1064/1064 1065/1065
f 2568/2568 2573/2573 2571/2571
f 2568/2568 2571/2571 2569/2569
f 1239/1239 1315/1315 1289/1289
f 2573/2573 2574/2574 2571/2571
f 1250/1250 1315/1315 1239/1239
f 1315/1315 1313/1313 1320/1320
f 1250/1250 1313/1313 1315/1315
f 1313/1313 1260/1260 1320/1320
f 1260/1260 1313/1313 1250/1250
f 1260/1260 1321/1321 1320/1320
f 1010/1010 999/999 968/968
f 1246/1246 1258/1258 1249/1249
f 1249/1249 1259/1259 1260/1260
f 1259/1259 1321/1321 1260/1260
f 1255/1255 1246/1246 1245/1245
f 1258/1258 1259/1259 1249/1249
f 1254/1254 1255/1255 1245/1245
f 1255/1255 1258/1258 1246/1246
f 1290/1290 1255/1255 1254/1254
f 1261/1261 1259/1259 1258/1258
f 1264/1264 1296/1296 1254/1254
f 1296/1296 1290/1290 1254/1254
f 1264/1264 1307/1307 1296/1296
f 1296/1296 1306/1306 1290/1290
f 1327/1327 1306/1306 1307/1307
f 1306/1306 1296/1296 1307/1307
f 1306/1306 1331/1331 1312/1312
f 1331/1331 1333/1333 1312/1312
f 1327/1327 1337/1337 1306/1306
f 1337/1337 1331/1331 1306/1306
f 1331/1331 1335/1335 1333/1333
f 1335/1335 1336/1336 1333/1333
f 1337/1337 1334/1334 1331/1331
f 1334/1334 1335/1335 1331/1331
f 1338/1338 1336/1336 1335/1335
f 1338/1338 1346/1346 1336/1336
f 1346/1346 1351/1351 1336/1336
f 1351/1351 1366/1366 1352/1352
f 2602/2602 2596/2596 2597/2597
f 2529/2529 2519/2519 2528/2528
f 4/4 5/5 6/6
f 2572/2572 2570/2570 2566/2566
f 2566/2566 2568/2568 2569/2569
f 1289/1289 1288/1288 1287/1287
f 1287/1287 1239/1239 1289/1289
f 1024/1024 1023/1023 1010/1010
f 1238/1238 1249/1249 1239/1239
f 1249/1249 1250/1250 1239/1239
f 1249/1249 1260/1260 1250/1250
f 1245/1245 1235/1235 1234/1234
f 1235/1235 1246/1246 1238/1238
f 1246/1246 1249/1249 1238/1238
f 1234/1234 1247/1247 1245/1245
f 1245/1245 1246/1246 1235/1235
f 1254/1254 1245/1245 1247/1247
f 1252/1252 1254/1254 1247/1247
f 1257/1257 1252/1252 1241/1241
f 1257/1257 1264/1264 1252/1252
f 1264/1264 1254/1254 1252/1252
f 1293/1293 1264/1264 1256/1256
f 1264/1264 1257/1257 1256/1256
f 1293/1293 1302/1302 1264/1264
f 1302/1302 1307/1307 1264/1264
f 1319/1319 1325/1325 1302/1302
f 1302/1302 1325/1325 1307/1307
f 1326/1326 1327/1327 1307/1307
f 1325/1325 1326/1326 1307/1307
f 1325/1325 1332/1332 1326/1326
f 1326/1326 1332/1332 1327/1327
f 1341/1341 1337/1337 1327/1327
f 1332/1332 1341/1341 1327/1327
f 1341/1341 1334/1334 1337/1337
f 1348/1348 1334/1334 1341/1341
f 1338/1338 1347/1347 1346/1346
f 1346/1346 1347/1347 1351/1351
f 1348/1348 1347/1347 1338/1338
f 1347/1347 1366/1366 1351/1351
f 1363/1363 1390/1390 1366/1366
f 2597/2597 2603/2603 2602/2602
f 941/941 924/924 911/911
f 1053/1053 1080/1080 1066/1066
f 2570/2570 2567/2567 2566/2566
f 1285/1285 1286/1286 1284/1284
f 1219/1219 1287/1287 1285/1285
f 1287/1287 1286/1286 1285/1285
f 2566/2566 2567/2567 2568/2568
f 1222/1222 1287/1287 1219/1219
f 1235/1235 1227/1227 1226/1226
f 1239/1239 1287/1287 1222/1222
f 1227/1227 1239/1239 1222/1222
f 1238/1238 1239/1239 1227/1227
f 1225/1225 1235/1235 1226/1226
f 1234/1234 1235/1235 1225/1225
f 1230/1230 1241/1241 1234/1234
f 1240/1240 1241/1241 1230/1230
f 1234/1234 1252/1252 1247/1247
f 1241/1241 1252/1252 1234/1234
f 1240/1240 1257/1257 1241/1241
f 1256/1256 1240/1240 1253/1253
f 1240/1240 1256/1256 1257/1257
f 1291/1291 1256/1256 1253/1253
f 1291/1291 1293/1293 1256/1256
f 1304/1304 1293/1293 1291/1291
f 1304/1304 1319/1319 1293/1293
f 1319/1319 1302/1302 1293/1293
f 862/862 908/908 906/906
f 1345/1345 1344/1344 1319/1319
f 1319/1319 1344/1344 1325/1325
f 1344/1344 1350/1350 1325/1325
f 1350/1350 1332/1332 1325/1325
f 1350/1350 1341/1341 1332/1332
f 1350/1350 1358/1358 1341/1341
f 1360/1360 1348/1348 1341/1341
f 1348/1348 1338/1338 1334/1334
f 1358/1358 1360/1360 1341/1341
f 1348/1348 1362/1362 1347/1347
f 1360/1360 1361/1361 1348/1348
f 1361/1361 1362/1362 1348/1348
f 1347/1347 1363/1363 1366/1366
f 1362/1362 1363/1363 1347/1347
f 1389/1389 1390/1390 1363/1363
f 3443/3443 3440/3440 3442/3442
f 3440/3440 3441/3441 3442/3442
f 1223/1223 1284/1284 1283/1283
f 3440/3440 3445/3445 3441/3441
f 1039/1039 1033/1033 1029/1029
f 1227/1227 1222/1222 1215/1215
f 1215/1215 1222/1222 1219/1219
f 1226/1226 1215/1215 1216/1216
f 1226/1226 1227/1227 1215/1215
f 1225/1225 1226/1226 1216/1216
f 1225/1225 1216/1216 1224/1224
f 1230/1230 1234/1234 1225/1225
f 1236/1236 1240/1240 1237/1237
f 1240/1240 1230/1230 1237/1237
f 1236/1236 1253/1253 1240/1240
f 1244/1244 1253/1253 1236/1236
f 1243/1243 1263/1263 1244/1244
f 1263/1263 1253/1253 1244/1244
f 1263/1263 1291/1291 1253/1253
f 1295/1295 1291/1291 1263/1263
f 1308/1308 1303/1303 1295/1295
f 1303/1303 1291/1291 1295/1295
f 1291/1291 1303/1303 1304/1304
f 1308/1308 1317/1317 1303/1303
f 1317/1317 1318/1318 1303/1303
f 1318/1318 1304/1304 1303/1303
f 1318/1318 1319/1319 1304/1304
f 1339/1339 1319/1319 1318/1318
f 1339/1339 1345/1345 1319/1319
f 1345/1345 1353/1353 1344/1344
f 1353/1353 1350/1350 1344/1344
f 1365/1365 1358/1358 1350/1350
f 1365/1365 1360/1360 1358/1358
f 1360/1360 1373/1373 1361/1361
f 1376/1376 1362/1362 1361/1361
f 1376/1376 1363/1363 1362/1362
f 1376/1376 1389/1389 1363/1363
f 2603/2603 2604/2604 2602/2602
f 1389/1389 1391/1391 1390/1390
f 2604/2604 2605/2605 2602/2602
f 2519/2519 2520/2520 2521/2521
f 3447/3447 3446/3446 3443/3443
f 3446/3446 3444/3444 3443/3443
f 3444/3444 3440/3440 3443/3443
f 1044/1044 1049/1049 1033/1033
f 1223/1223 1219/1219 1285/1285
f 1216/1216 1215/1215 1214/1214
f 1225/1225 1221/1221 1228/1228
f 1225/1225 1224/1224 1221/1221
f 1230/1230 1225/1225 1228/1228
f 1237/1237 1230/1230 1228/1228
f 1229/1229 1237/1237 1228/1228
f 1233/1233 1236/1236 1229/1229
f 1248/1248 1243/1243 1242/1242
f 1242/1242 1243/1243 1233/1233
f 1243/1243 1244/1244 1233/1233
f 1244/1244 1236/1236 1233/1233
f 1309/1309 1243/1243 1248/1248
f 5879/5879 5877/5877 5884/5884
f 5878/5878 5876/5876 5875/5875
f 5875/5875 5876/5876 5877/5877
f 1/1 2/2 3/3
f 4979/4979 4975/4975 4976/4976
f 4976/4976 4975/4975 4974/4974
f 1355/1355 1317/1317 1308/1308
f 1355/1355 1318/1318 1317/1317
f 1354/1354 1318/1318 1355/1355
f 1349/1349 1339/1339 1318/1318
f 1354/1354 1349/1349 1318/1318
f 1339/1339 1357/1357 1345/1345
f 1357/1357 1353/1353 1345/1345
f 1353/1353 1368/1368 1350/1350
f 1368/1368 1365/1365 1350/1350
f 1367/1367 1368/1368 1353/1353
f 1368/1368 1369/1369 1365/1365
f 1369/1369 1360/1360 1365/1365
f 1369/1369 1373/1373 1360/1360
f 1374/1374 1361/1361 1373/1373
f 1374/1374 1376/1376 1361/1361
f 1376/1376 1377/1377 1389/1389
f 1392/1392 1391/1391 1389/1389
f 2520/2520 2522/2522 2521/2521
f 1088/1088 1087/1087 1078/1078
f 3449/3449 3448/3448 3447/3447
f 3448/3448 3446/3446 3447/3447
f 1073/1073 1067/1067 1047/1047
f 1201/1201 1283/1283 1265/1265
f 1201/1201 1223/1223 1283/1283
f 1175/1175 1219/1219 1181/1181
f 1219/1219 1223/1223 1181/1181
f 1214/1214 1215/1215 1184/1184
f 1184/1184 1215/1215 1175/1175
f 1215/1215 1219/1219 1175/1175
f 1216/1216 1214/1214 1180/1180
f 1188/1188 1224/1224 1180/1180
f 1224/1224 1216/1216 1180/1180
f 1221/1221 1224/1224 1188/1188
f 1228/1228 1221/1221 1220/1220
f 1229/1229 1228/1228 1220/1220
f 1251/1251 1248/1248 1242/1242
f 4963/4963 4964/4964 4965/4965
f 5879/5879 5875/5875 5877/5877
f 5050/5050 4979/4979 5051/5051
f 1404/1404 1354/1354 1355/1355
f 1382/1382 1354/1354 1404/1404
f 1382/1382 1356/1356 1354/1354
f 1356/1356 1349/1349 1354/1354
f 1349/1349 1357/1357 1339/1339
f 1370/1370 1357/1357 1349/1349
f 1357/1357 1367/1367 1353/1353
f 1367/1367 1379/1379 1368/1368
f 1374/1374 1377/1377 1376/1376
f 1377/1377 1392/1392 1389/1389
f 1388/1388 1392/1392 1377/1377
f 2604/2604 2606/2606 2605/2605
f 1392/1392 1397/1397 1391/1391
f 1088/1088 1114/1114 1087/1087
f 3448/3448 3469/3469 3446/3446
f 1200/1200 1265/1265 1266/1266
f 1265/1265 1268/1268 1266/1266
f 1200/1200 1201/1201 1265/1265
f 1181/1181 1201/1201 1200/1200
f 1201/1201 1181/1181 1223/1223
f 1180/1180 1214/1214 1184/1184
f 1188/1188 1180/1180 1122/1122
f 1187/1187 1221/1221 1188/1188
f 1213/1213 1229/1229 1220/1220
f 1231/1231 1233/1233 1213/1213
f 1233/1233 1229/1229 1213/1213
f 1251/1251 1242/1242 1231/1231
f 1231/1231 1242/1242 1233/1233
f 4956/4956 4963/4963 4960/4960
f 4956/4956 4964/4964 4963/4963
f 5883/5883 5881/5881 5882/5882
f 5882/5882 5881/5881 5879/5879
f 5881/5881 5880/5880 5879/5879
f 5879/5879 5880/5880 5875/5875
f 4969/4969 4979/4979 5050/5050
f 4944/4944 4943/4943 4979/4979
f 4979/4979 4943/4943 4975/4975
f 4975/4975 4943/4943 4974/4974
f 4943/4943 4973/4973 4974/4974
f 5912/5912 5913/5913 5914/5914
f 5915/5915 5918/5918 5913/5913
f 1364/1364 1356/1356 1382/1382
f 3786/3786 3795/3795 3790/3790
f 1359/1359 1356/1356 1364/1364
f 1359/1359 1349/1349 1356/1356
f 1359/1359 1370/1370 1349/1349
f 1370/1370 1375/1375 1357/1357
f 1375/1375 1367/1367 1357/1357
f 1375/1375 1379/1379 1367/1367
f 1381/1381 1368/1368 1379/1379
f 1378/1378 1369/1369 1368/1368
f 1381/1381 1378/1378 1368/1368
f 1378/1378 1380/1380 1369/1369
f 1380/1380 1373/1373 1369/1369
f 1380/1380 1374/1374 1373/1373
f 1380/1380 1386/1386 1374/1374
f 1386/1386 1387/1387 1374/1374
f 1387/1387 1377/1377 1374/1374
f 1387/1387 1388/1388 1377/1377
f 894/894 895/895 893/893
f 2523/2523 2520/2520 2553/2553
f 2520/2520 2523/2523 2522/2522
f 1267/1267 1266/1266 1269/1269
f 1200/1200 1266/1266 1267/1267
f 1127/1127 1184/1184 1185/1185
f 1185/1185 1184/1184 1176/1176
f 1184/1184 1175/1175 1176/1176
f 1180/1180 1126/1126 1122/1122
f 1180/1180 1127/1127 1126/1126
f 1187/1187 1188/1188 1124/1124
f 1188/1188 1122/1122 1124/1124
f 1213/1213 1220/1220 1186/1186
f 1220/1220 1187/1187 1186/1186
f 1217/1217 1213/1213 1183/1183
f 1183/1183 1213/1213 1186/1186
f 1231/1231 1213/1213 1217/1217
f 4961/4961 4959/4959 4960/4960
f 4959/4959 4956/4956 4960/4960
f 4956/4956 4970/4970 4964/4964
f 4943/4943 4941/4941 4973/4973
f 4942/4942 4941/4941 4943/4943
f 5912/5912 5915/5915 5913/5913
f 3793/3793 3790/3790 3795/3795
f 3786/3786 3785/3785 3784/3784
f 3781/3781 3784/3784 3785/3785
f 3783/3783 3784/3784 3781/3781
f 1372/1372 1371/1371 1359/1359
f 1359/1359 1371/1371 1370/1370
f 1384/1384 1379/1379 1375/1375
f 1381/1381 1393/1393 1378/1378
f 1394/1394 1380/1380 1378/1378
f 1388/1388 1397/1397 1392/1392
f 1402/1402 1397/1397 1388/1388
f 2552/2552 2523/2523 2553/2553
f 1402/1402 1405/1405 1397/1397
f 2523/2523 2524/2524 2522/2522
f 3452/3452 3451/3451 3450/3450
f 1073/1073 1093/1093 1090/1090
f 1267/1267 1269/1269 1270/1270
f 1085/1085 1089/1089 1061/1061
f 1181/1181 1200/1200 1150/1150
f 1176/1176 1175/1175 1151/1151
f 1151/1151 1175/1175 1150/1150
f 1175/1175 1181/1181 1150/1150
f 1127/1127 1185/1185 1128/1128
f 1124/1124 1122/1122 1121/1121
f 1129/1129 1187/1187 1124/1124
f 1131/1131 1187/1187 1129/1129
f 1186/1186 1187/1187 1131/1131
f 1218/1218 1217/1217 1183/1183
f 5358/5358 4962/4962 4961/4961
f 4962/4962 4959/4959 4961/4961
f 4954/4954 4951/4951 4970/4970
f 4954/4954 4970/4970 4956/4956
f 4970/4970 4951/4951 4952/4952
f 4951/4951 4948/4948 4952/4952
f 4952/4952 4948/4948 4969/4969
f 4946/4946 4944/4944 4979/4979
f 4944/4944 4942/4942 4943/4943
f 5912/5912 5916/5916 5915/5915
f 5917/5917 5915/5915 5916/5916
f 3793/3793 3794/3794 3792/3792
f 3792/3792 3788/3788 3790/3790
f 3788/3788 3786/3786 3790/3790
f 3781/3781 3778/3778 3783/3783
f 1385/1385 1371/1371 1372/1372
f 1383/1383 1370/1370 1371/1371
f 1370/1370 1383/1383 1375/1375
f 1383/1383 1384/1384 1375/1375
f 1384/1384 1381/1381 1379/1379
f 1384/1384 1393/1393 1381/1381
f 1393/1393 1394/1394 1378/1378
f 1394/1394 1399/1399 1380/1380
f 1399/1399 1386/1386 1380/1380
f 1386/1386 1398/1398 1387/1387
f 1398/1398 1388/1388 1387/1387
f 1398/1398 1402/1402 1388/1388
f 1089/1089 1093/1093 1074/1074
f 1267/1267 1270/1270 1271/1271
f 1267/1267 1271/1271 1272/1272
f 3471/3471 3451/3451 3452/3452
f 1150/1150 1200/1200 1267/1267
f 1127/1127 1128/1128 1123/1123
f 1185/1185 1151/1151 1128/1128
f 1121/1121 1122/1122 1123/1123
f 1122/1122 1126/1126 1123/1123
f 1151/1151 1185/1185 1176/1176
f 1124/1124 1121/1121 1125/1125
f 1132/1132 1186/1186 1131/1131
f 1183/1183 1186/1186 1132/1132
f 4726/4726 4727/4727 5358/5358
f 1847/1847 2339/2339 1848/1848
f 5885/5885 5887/5887 5889/5889
f 4962/4962 4966/4966 4959/4959
f 4966/4966 4958/4958 4959/4959
f 4958/4958 4955/4955 4956/4956
f 4958/4958 4956/4956 4959/4959
f 4948/4948 4946/4946 4969/4969
f 4945/4945 4942/4942 4944/4944
f 4937/4937 4941/4941 4942/4942
f 4937/4937 4938/4938 4941/4941
f 5418/5418 3794/3794 3793/3793
f 5537/5537 5538/5538 5539/5539
f 5537/5537 5536/5536 5538/5538
f 3794/3794 3788/3788 3792/3792
f 3787/3787 3785/3785 3786/3786
f 3785/3785 3789/3789 3781/3781
f 3789/3789 3797/3797 3781/3781
f 3797/3797 3771/3771 3781/3781
f 3781/3781 3771/3771 3778/3778
f 3771/3771 3776/3776 3778/3778
f 3776/3776 3791/3791 3778/3778
f 1396/1396 1371/1371 1385/1385
f 1396/1396 1383/1383 1371/1371
f 1395/1395 1384/1384 1383/1383
f 1395/1395 1400/1400 1384/1384
f 1400/1400 1401/1401 1384/1384
f 1401/1401 1393/1393 1384/1384
f 1401/1401 1394/1394 1393/1393
f 1401/1401 1399/1399 1394/1394
f 1399/1399 1406/1406 1386/1386
f 1406/1406 1398/1398 1386/1386
f 1425/1425 1402/1402 1398/1398
f 1402/1402 1409/1409 1405/1405
f 2552/2552 2548/2548 2523/2523
f 2548/2548 2525/2525 2523/2523
f 2523/2523 2525/2525 2524/2524
f 3455/3455 3454/3454 3450/3450
f 1093/1093 1098/1098 1090/1090
f 3454/3454 3453/3453 3450/3450
f 1272/1272 1271/1271 1273/1273
f 3453/3453 3452/3452 3450/3450
f 1272/1272 1150/1150 1267/1267
f 1174/1174 1150/1150 1272/1272
f 1136/1136 1128/1128 1138/1138
f 1138/1138 1128/1128 1142/1142
f 1057/1057 1082/1082 1058/1058
f 1129/1129 1124/1124 1125/1125
f 1131/1131 1129/1129 1130/1130
f 1182/1182 1183/1183 1132/1132
f 1218/1218 1183/1183 1182/1182
f 4721/4721 4726/4726 4724/4724
f 4721/4721 4727/4727 4726/4726
f 5885/5885 5886/5886 5887/5887
f 4962/4962 5286/5286 4966/4966
f 4955/4955 4953/4953 4954/4954
f 4957/4957 4953/4953 4955/4955
f 4954/4954 4953/4953 4951/4951
f 4953/4953 4950/4950 4951/4951
f 4951/4951 4950/4950 4948/4948
f 4949/4949 4948/4948 4950/4950
f 4948/4948 4947/4947 4946/4946
f 4949/4949 4947/4947 4948/4948
f 4947/4947 4945/4945 4946/4946
f 4946/4946 4945/4945 4944/4944
f 4945/4945 5441/5441 4942/4942
f 4942/4942 5441/5441 4937/4937
f 4937/4937 4936/4936 4938/4938
f 4936/4936 4939/4939 4938/4938
f 4938/4938 4939/4939 5418/5418
f 5535/5535 5536/5536 5537/5537
f 3788/3788 3789/3789 3787/3787
f 3798/3798 3789/3789 3788/3788
f 3770/3770 3791/3791 3776/3776
f 1396/1396 1403/1403 1383/1383
f 1403/1403 1395/1395 1383/1383
f 1407/1407 1406/1406 1399/1399
f 1413/1413 1402/1402 1425/1425
f 1413/1413 1409/1409 1402/1402
f 3456/3456 3454/3454 3455/3455
f 1142/1142 1150/1150 1148/1148
f 1148/1148 1150/1150 1174/1174
f 1082/1082 1086/1086 1063/1063
f 1123/1123 1137/1137 1121/1121
f 1123/1123 1136/1136 1137/1137
f 1092/1092 1072/1072 1063/1063
f 1125/1125 1139/1139 1140/1140
f 1125/1125 1121/1121 1139/1139
f 1072/1072 1091/1091 1070/1070
f 1133/1133 1132/1132 1130/1130
f 1132/1132 1131/1131 1130/1130
f 1177/1177 1182/1182 1132/1132
f 5345/5345 4958/4958 4966/4966
f 4971/4971 4955/4955 4958/4958
f 4967/4967 4972/4972 4950/4950
f 4950/4950 4972/4972 4949/4949
f 5464/5464 4947/4947 4949/4949
f 5464/5464 4945/4945 4947/4947
f 5441/5441 5410/5410 4937/4937
f 5410/5410 4934/4934 4937/4937
f 4934/4934 4936/4936 4937/4937
f 5540/5540 5537/5537 5539/5539
f 5513/5513 5512/5512 3798/3798
f 5525/5525 5526/5526 5527/5527
f 5526/5526 5528/5528 5527/5527
f 3797/3797 3780/3780 3771/3771
f 3771/3771 3770/3770 3776/3776
f 3770/3770 3772/3772 3791/3791
f 1408/1408 1403/1403 1396/1396
f 1403/1403 1400/1400 1395/1395
f 1403/1403 1410/1410 1400/1400
f 1411/1411 1401/1401 1400/1400
f 1416/1416 1398/1398 1406/1406
f 1413/1413 1418/1418 1409/1409
f 2544/2544 2525/2525 2548/2548
f 2525/2525 2526/2526 2524/2524
f 1112/1112 1119/1119 1113/1113
f 3457/3457 3456/3456 3455/3455
f 3472/3472 3454/3454 3456/3456
f 1274/1274 1275/1275 1276/1276
f 1174/1174 1272/1272 1274/1274
f 1097/1097 1094/1094 1071/1071
f 1137/1137 1136/1136 1138/1138
f 1115/1115 1086/1086 1082/1082
f 1139/1139 1121/1121 1137/1137
f 1134/1134 1130/1130 1125/1125
f 1177/1177 1132/1132 1133/1133
f 2342/2342 2300/2300 1843/1843
f 4724/4724 4722/4722 4721/4721
f 4721/4721 4719/4719 4727/4727
f 4719/4719 5298/5298 4727/4727
f 5888/5888 5886/5886 5885/5885
f 5287/5287 5286/5286 4962/4962
f 5908/5908 5911/5911 5910/5910
f 5908/5908 5910/5910 5909/5909
f 5497/5497 4971/4971 4958/4958
f 4978/4978 4953/4953 4971/4971
f 4968/4968 4967/4967 4953/4953
f 4972/4972 5464/5464 4949/4949
f 6363/6363 6364/6364 6365/6365
f 4931/4931 5410/5410 5441/5441
f 4936/4936 4940/4940 4939/4939
f 5541/5541 5537/5537 5540/5540
f 3796/3796 3798/3798 5512/5512
f 3796/3796 3780/3780 3798/3798
f 3780/3780 3766/3766 3771/3771
f 3766/3766 3770/3770 3771/3771
f 1408/1408 1420/1420 1403/1403
f 919/919 932/932 934/934
f 1401/1401 1412/1412 1399/1399
f 1412/1412 1407/1407 1399/1399
f 1414/1414 1406/1406 1407/1407
f 1416/1416 1417/1417 1398/1398
f 1398/1398 1417/1417 1425/1425
f 1425/1425 1417/1417 1413/1413
f 2527/2527 2526/2526 2525/2525
f 206/206 219/219 225/225
f 1173/1173 1174/1174 1274/1274
f 1143/1143 1142/1142 1148/1148
f 1148/1148 1174/1174 1173/1173
f 1138/1138 1142/1142 1143/1143
f 1125/1125 1140/1140 1135/1135
f 1141/1141 1130/1130 1134/1134
f 1134/1134 1125/1125 1135/1135
f 5893/5893 5892/5892 5894/5894
f 1843/1843 2300/2300 1833/1833
f 4725/4725 4722/4722 4724/4724
f 4722/4722 4720/4720 4721/4721
f 4720/4720 4719/4719 4721/4721
f 5298/5298 5288/5288 5287/5287
f 5288/5288 5286/5286 5287/5287
f 5286/5286 5288/5288 5345/5345
f 5905/5905 5908/5908 5909/5909
f 5497/5497 4978/4978 4971/4971
f 4978/4978 4968/4968 4953/4953
f 4967/4967 5184/5184 5182/5182
f 5184/5184 5183/5183 5182/5182
f 5464/5464 4932/4932 4927/4927
f 4930/4930 4933/4933 4934/4934
f 4930/4930 4934/4934 5410/5410
f 4935/4935 4936/4936 4934/4934
f 5541/5541 5542/5542 5537/5537
f 5542/5542 5543/5543 5537/5537
f 5521/5521 3796/3796 5512/5512
f 3796/3796 3769/3769 3780/3780
f 3780/3780 3769/3769 3766/3766
f 3766/3766 3768/3768 3770/3770
f 3768/3768 3772/3772 3770/3770
f 3768/3768 3777/3777 3772/3772
f 3777/3777 5384/5384 3772/3772
f 1433/1433 1420/1420 1408/1408
f 1410/1410 1411/1411 1400/1400
f 1411/1411 1412/1412 1401/1401
f 1414/1414 1416/1416 1406/1406
f 1434/1434 1413/1413 1417/1417
f 1434/1434 1418/1418 1413/1413
f 2541/2541 2525/2525 2544/2544
f 2541/2541 2527/2527 2525/2525
f 2527/2527 2530/2530 2526/2526
f 1103/1103 1111/1111 1098/1098
f 3458/3458 3456/3456 3457/3457
f 1276/1276 1278/1278 1277/1277
f 1173/1173 1274/1274 1277/1277
f 1107/1107 1102/1102 1101/1101
f 1137/1137 1138/1138 1143/1143
f 1116/1116 1117/1117 1086/1086
f 1139/1139 1145/1145 1140/1140
f 1139/1139 1137/1137 1145/1145
f 1149/1149 1141/1141 1134/1134
f 1133/1133 1141/1141 1149/1149
f 1178/1178 1133/1133 1153/1153
f 5890/5890 5892/5892 5893/5893
f 5890/5890 5891/5891 5892/5892
f 5440/5440 4729/4729 4725/4725
f 4729/4729 4722/4722 4725/4725
f 4720/4720 4716/4716 4719/4719
f 2340/2340 2297/2297 2293/2293
f 2341/2341 2297/2297 2340/2340
f 5903/5903 5905/5905 5904/5904
f 5903/5903 5908/5908 5905/5905
f 4986/4986 4988/4988 5497/5497
f 6375/6375 6371/6371 6373/6373
f 4978/4978 5443/5443 4968/4968
f 5443/5443 5184/5184 4967/4967
f 5183/5183 5448/5448 4972/4972
f 6368/6368 6367/6367 6370/6370
f 4926/4926 4932/4932 5464/5464
f 4926/4926 4927/4927 4932/4932
f 4927/4927 4928/4928 4931/4931
f 4928/4928 4930/4930 4931/4931
f 4936/4936 4935/4935 4940/4940
f 5542/5542 5544/5544 5543/5543
f 5365/5365 3769/3769 3796/3796
f 1433/1433 1432/1432 1420/1420
f 1432/1432 1421/1421 1420/1420
f 1421/1421 1403/1403 1420/1420
f 1421/1421 1410/1410 1403/1403
f 1412/1412 1414/1414 1407/1407
f 1416/1416 1427/1427 1417/1417
f 1427/1427 1436/1436 1417/1417
f 1436/1436 1434/1434 1417/1417
f 1434/1434 1435/1435 1418/1418
f 215/215 202/202 206/206
f 3459/3459 3460/3460 3458/3458
f 3459/3459 3458/3458 3457/3457
f 1173/1173 1277/1277 1167/1167
f 1148/1148 1173/1173 1166/1166
f 1144/1144 1137/1137 1143/1143
f 1145/1145 1137/1137 1144/1144
f 2377/2377 2420/2420 1849/1849
f 1117/1117 1109/1109 1110/1110
f 1134/1134 1135/1135 1147/1147
f 1149/1149 1134/1134 1156/1156
f 1153/1153 1152/1152 1154/1154
f 1316/1316 1178/1178 1153/1153
f 4744/4744 5354/5354 5355/5355
f 4729/4729 4723/4723 4722/4722
f 4720/4720 4723/4723 4729/4729
f 4716/4716 4718/4718 4719/4719
f 5902/5902 5903/5903 5904/5904
f 2341/2341 2296/2296 2297/2297
f 2337/2337 2296/2296 2341/2341
f 3718/3718 3719/3719 3720/3720
f 2284/2284 2296/2296 2337/2337
f 6371/6371 6372/6372 6373/6373
f 6377/6377 6379/6379 6380/6380
f 5184/5184 5448/5448 5183/5183
f 4927/4927 4924/4924 4928/4928
f 4924/4924 4929/4929 4928/4928
f 4928/4928 4929/4929 4930/4930
f 5521/5521 5365/5365 3796/3796
f 3779/3779 3767/3767 3769/3769
f 3779/3779 3769/3769 5365/5365
f 3769/3769 3767/3767 3766/3766
f 3766/3766 3767/3767 3768/3768
f 3767/3767 3773/3773 3768/3768
f 3768/3768 3773/3773 3777/3777
f 3773/3773 5271/5271 5384/5384
f 3773/3773 5384/5384 3777/3777
f 1410/1410 1422/1422 1411/1411
f 1419/1419 1412/1412 1411/1411
f 1415/1415 1414/1414 1412/1412
f 1426/1426 1416/1416 1414/1414
f 1426/1426 1427/1427 1416/1416
f 3462/3462 3459/3459 3457/3457
f 203/203 215/215 220/220
f 1164/1164 1148/1148 1166/1166
f 1105/1105 1108/1108 1100/1100
f 1147/1147 1135/1135 1146/1146
f 1135/1135 1140/1140 1146/1146
f 1140/1140 1145/1145 1146/1146
f 1155/1155 1134/1134 1147/1147
f 1152/1152 1149/1149 1157/1157
f 1155/1155 1156/1156 1134/1134
f 1316/1316 1153/1153 1232/1232
f 1232/1232 1153/1153 1154/1154
f 2372/2372 2351/2351 2360/2360
f 4731/4731 4708/4708 5440/5440
f 5440/5440 4708/4708 4729/4729
f 4708/4708 4709/4709 4729/4729
f 5897/5897 5898/5898 5899/5899
f 5898/5898 5900/5900 5899/5899
f 4984/4984 4986/4986 4985/4985
f 4984/4984 4988/4988 4986/4986
f 6374/6374 6372/6372 6371/6371
f 6377/6377 6378/6378 6379/6379
f 5176/5176 5448/5448 4993/4993
f 5176/5176 4926/4926 5448/5448
f 4925/4925 4924/4924 4926/4926
f 4923/4923 4924/4924 4925/4925
f 4926/4926 4924/4924 4927/4927
f 4924/4924 4992/4992 4929/4929
f 5542/5542 5546/5546 5544/5544
f 3779/3779 3775/3775 3767/3767
f 3775/3775 3774/3774 3767/3767
f 3773/3773 3767/3767 3774/3774
f 3799/3799 5271/5271 3773/3773
f 5270/5270 5384/5384 5271/5271
f 1433/1433 1431/1431 1432/1432
f 5532/5532 5533/5533 5531/5531
f 5531/5531 5533/5533 5534/5534
f 1432/1432 1429/1429 1421/1421
f 1421/1421 1422/1422 1410/1410
f 1422/1422 1423/1423 1411/1411
f 1423/1423 1419/1419 1411/1411
f 1412/1412 1419/1419 1415/1415
f 3194/3194 3195/3195 3199/3199
f 2540/2540 2527/2527 2541/2541
f 217/217 216/216 218/218
f 1277/1277 1280/1280 1281/1281
f 1166/1166 1173/1173 1167/1167
f 1159/1159 1164/1164 1165/1165
f 1106/1106 1108/1108 1105/1105
f 1149/1149 1156/1156 1157/1157
f 4739/4739 4732/4732 4744/4744
f 4744/4744 4732/4732 5354/5354
f 5895/5895 5896/5896 5890/5890
f 5895/5895 5890/5890 5893/5893
f 4733/4733 4730/4730 4731/4731
f 4706/4706 4730/4730 4733/4733
f 4706/4706 4707/4707 4708/4708
f 4707/4707 4709/4709 4708/4708
f 4707/4707 4710/4710 4709/4709
f 4710/4710 4728/4728 4709/4709
f 4710/4710 4714/4714 4716/4716
f 4716/4716 4714/4714 4717/4717
f 3751/3751 3752/3752 3753/3753
f 4920/4920 5443/5443 4991/4991
f 4920/4920 4918/4918 5443/5443
f 4992/4992 5382/5382 4929/4929
f 4929/4929 4977/4977 4933/4933
f 4933/4933 4977/4977 4935/4935
f 5549/5549 5541/5541 5550/5550
f 5188/5188 5141/5141 5365/5365
f 3782/3782 3773/3773 3774/3774
f 3782/3782 3799/3799 3773/3773
f 5270/5270 5271/5271 3799/3799
f 5530/5530 5532/5532 5531/5531
f 1431/1431 1429/1429 1432/1432
f 1422/1422 1421/1421 1429/1429
f 3188/3188 3201/3201 3200/3200
f 1415/1415 1428/1428 1414/1414
f 1428/1428 1426/1426 1414/1414
f 1427/1427 1434/1434 1436/1436
f 3173/3173 3194/3194 3196/3196
f 2540/2540 2532/2532 2527/2527
f 2527/2527 2531/2531 2530/2530
f 203/203 184/184 202/202
f 1281/1281 1280/1280 1282/1282
f 3459/3459 3461/3461 3460/3460
f 1167/1167 1277/1277 1281/1281
f 1164/1164 1166/1166 1167/1167
f 1143/1143 1159/1159 1158/1158
f 1144/1144 1143/1143 1158/1158
f 210/210 212/212 213/213
f 209/209 223/223 222/222
f 2375/2375 2418/2418 2377/2377
f 212/212 211/211 222/222
f 1147/1147 1146/1146 1172/1172
f 1156/1156 1155/1155 1157/1157
f 1154/1154 1152/1152 1160/1160
f 5429/5429 4743/4743 4744/4744
f 4743/4743 4739/4739 4744/4744
f 4704/4704 4733/4733 4732/4732
f 4733/4733 4704/4704 4706/4706
f 4707/4707 4711/4711 4710/4710
f 4711/4711 4714/4714 4710/4710
f 4714/4714 5125/5125 4717/4717
f 5125/5125 5407/5407 4717/4717
f 6337/6337 6338/6338 6339/6339
f 4989/4989 4983/4983 4985/4985
f 4983/4983 4980/4980 4984/4984
f 4980/4980 4988/4988 4984/4984
f 4988/4988 4980/4980 4991/4991
f 4980/4980 4920/4920 4991/4991
f 4918/4918 4921/4921 4993/4993
f 4921/4921 4917/4917 4993/4993
f 4993/4993 4917/4917 5176/5176
f 4917/4917 4925/4925 5176/5176
f 4917/4917 4922/4922 4923/4923
f 4922/4922 4992/4992 4924/4924
f 4922/4922 4924/4924 4923/4923
f 5549/5549 5547/5547 5541/5541
f 6161/6161 6163/6163 6164/6164
f 3775/3775 3782/3782 3774/3774
f 3782/3782 3800/3800 3799/3799
f 3800/3800 5270/5270 3799/3799
f 5529/5529 5530/5530 5531/5531
f 5278/5278 5282/5282 5284/5284
f 5278/5278 5281/5281 5282/5282
f 5282/5282 5281/5281 5283/5283
f 1430/1430 1429/1429 1431/1431
f 1423/1423 1424/1424 1419/1419
f 1424/1424 1415/1415 1419/1419
f 3187/3187 3174/3174 3196/3196
f 3173/3173 3186/3186 3194/3194
f 3194/3194 3186/3186 3195/3195
f 2549/2549 2532/2532 2540/2540
f 202/202 184/184 196/196
f 3464/3464 3463/3463 3459/3459
f 3464/3464 3459/3459 3462/3462
f 3463/3463 3461/3461 3459/3459
f 1167/1167 1281/1281 1196/1196
f 189/189 190/190 207/207
f 208/208 189/189 207/207
f 1165/1165 1164/1164 1179/1179
f 1171/1171 1144/1144 1158/1158
f 205/205 212/212 210/210
f 205/205 211/211 212/212
f 1146/1146 1144/1144 1171/1171
f 1172/1172 1146/1146 1171/1171
f 1160/1160 1157/1157 1162/1162
f 1154/1154 1160/1160 1161/1161
f 1232/1232 1154/1154 1161/1161
f 5422/5422 4743/4743 5429/5429
f 4739/4739 4703/4703 4732/4732
f 4704/4704 4705/4705 4706/4706
f 4736/4736 4712/4712 4707/4707
f 4712/4712 4711/4711 4707/4707
f 4987/4987 4982/4982 4983/4983
f 4982/4982 4980/4980 4983/4983
f 4917/4917 4921/4921 4918/4918
f 4916/4916 4992/4992 4922/4922
f 5206/5206 5382/5382 4992/4992
f 5382/5382 5028/5028 4929/4929
f 5028/5028 4977/4977 4929/4929
f 5553/5553 5549/5549 5552/5552
f 5552/5552 5549/5549 5550/5550
f 5547/5547 5545/5545 5541/5541
f 5541/5541 5545/5545 5542/5542
f 5187/5187 5141/5141 5188/5188
f 6161/6161 6162/6162 6163/6163
f 5396/5396 3775/3775 3779/3779
f 3801/3801 3800/3800 3782/3782
f 3800/3800 5399/5399 5270/5270
f 5267/5267 5284/5284 5399/5399
f 5267/5267 5278/5278 5284/5284
f 1429/1429 1430/1430 1422/1422
f 3189/3189 3188/3188 3200/3200
f 3174/3174 3173/3173 3196/3196
f 191/191 216/216 217/217
f 182/182 184/184 203/203
f 255/255 200/200 210/210
f 200/200 205/205 210/210
f 1161/1161 1162/1162 1163/1163
f 1161/1161 1160/1160 1162/1162
f 1311/1311 1232/1232 1161/1161
f 5422/5422 4741/4741 4743/4743
f 4740/4740 4703/4703 4739/4739
f 4703/4703 4700/4700 4704/4704
f 4703/4703 4704/4704 4732/4732
f 4700/4700 4705/4705 4704/4704
f 4736/4736 4705/4705 4700/4700
f 4712/4712 4713/4713 4711/4711
f 4713/4713 4715/4715 4711/4711
f 2265/2265 2271/2271 2344/2344
f 6340/6340 6341/6341 6338/6338
f 5320/5320 4990/4990 4987/4987
f 4990/4990 4982/4982 4987/4987
f 4981/4981 4980/4980 4982/4982
f 4981/4981 4919/4919 4980/4980
f 4980/4980 4919/4919 4920/4920
f 4919/4919 4918/4918 4920/4920
f 4918/4918 4915/4915 4917/4917
f 4916/4916 4922/4922 4917/4917
f 4916/4916 5206/5206 4992/4992
f 5553/5553 5554/5554 5549/5549
f 5396/5396 3801/3801 3782/3782
f 5396/5396 3782/3782 3775/3775
f 5279/5279 5281/5281 5278/5278
f 3192/3192 3193/3193 3198/3198
f 3198/3198 3191/3191 3197/3197
f 3188/3188 3187/3187 3201/3201
f 3187/3187 3074/3074 3174/3174
f 3174/3174 3074/3074 3173/3173
f 197/197 177/177 191/191
f 184/184 173/173 196/196
f 190/190 182/182 203/203
f 1298/1298 1196/1196 1281/1281
f 1179/1179 1191/1191 1158/1158
f 211/211 192/192 201/201
f 1168/1168 1162/1162 1157/1157
f 1311/1311 1161/1161 1169/1169
f 4872/4872 4668/4668 5429/5429
f 4668/4668 5422/5422 5429/5429
f 5422/5422 4746/4746 4741/4741
f 4746/4746 4742/4742 4741/4741
f 4741/4741 4742/4742 4740/4740
f 4703/4703 4702/4702 4700/4700
f 4700/4700 4698/4698 4736/4736
f 5463/5463 4715/4715 4713/4713
f 4915/4915 4916/4916 4917/4917
f 5556/5556 5555/5555 5553/5553
f 5554/5554 5553/5553 5555/5555
f 5323/5323 5114/5114 5322/5322
f 5140/5140 5396/5396 5141/5141
f 5269/5269 5266/5266 5267/5267
f 5269/5269 5267/5267 5399/5399
f 5268/5268 5278/5278 5267/5267
f 5268/5268 5279/5279 5278/5278
f 3175/3175 3193/3193 3192/3192
f 3193/3193 3191/3191 3198/3198
f 3191/3191 3096/3096 3197/3197
f 3197/3197 3096/3096 3189/3189
f 3189/3189 3071/3071 3188/3188
f 3188/3188 3073/3073 3187/3187
f 3073/3073 3074/3074 3187/3187
f 3173/3173 3172/3172 3186/3186
f 2550/2550 2532/2532 2549/2549
f 2532/2532 2533/2533 2531/2531
f 3467/3467 3464/3464 3462/3462
f 3464/3464 3465/3465 3463/3463
f 189/189 176/176 190/190
f 1190/1190 1171/1171 1191/1191
f 1172/1172 1168/1168 1155/1155
f 1169/1169 1161/1161 1163/1163
f 4668/4668 4673/4673 5422/5422
f 4673/4673 4746/4746 5422/5422
f 5927/5927 5925/5925 5926/5926
f 5925/5925 5924/5924 5926/5926
f 5923/5923 5924/5924 5925/5925
f 4734/4734 4702/4702 4703/4703
f 4702/4702 4701/4701 4700/4700
f 4701/4701 4697/4697 4700/4700
f 5920/5920 5922/5922 5921/5921
f 4712/4712 5463/5463 4713/4713
f 6343/6343 6342/6342 6340/6340
f 5463/5463 5190/5190 4715/4715
f 6342/6342 6341/6341 6340/6340
f 5002/5002 5320/5320 5003/5003
f 5003/5003 5320/5320 5056/5056
f 6354/6354 6352/6352 6351/6351
f 6351/6351 6352/6352 6353/6353
f 5305/5305 4981/4981 4990/4990
f 5305/5305 5401/5401 4981/4981
f 4981/4981 5329/5329 4919/4919
f 5329/5329 4981/4981 5401/5401
f 4994/4994 4915/4915 4919/4919
f 4912/4912 4913/4913 4915/4915
f 5114/5114 5116/5116 5322/5322
f 5548/5548 5545/5545 5547/5547
f 5187/5187 5169/5169 5141/5141
f 5169/5169 5078/5078 5141/5141
f 5078/5078 5140/5140 5141/5141
f 6157/6157 6159/6159 6160/6160
f 5396/5396 3803/3803 3801/3801
f 3803/3803 3802/3802 3801/3801
f 3801/3801 3802/3802 3800/3800
f 3802/3802 5399/5399 3800/3800
f 3802/3802 5269/5269 5399/5399
f 3190/3190 3175/3175 3192/3192
f 3096/3096 3077/3077 3189/3189
f 3077/3077 3071/3071 3189/3189
f 3067/3067 3173/3173 3074/3074
f 3067/3067 3163/3163 3173/3173
f 3163/3163 3172/3172 3173/3173
f 173/173 177/177 197/197
f 3466/3466 3465/3465 3464/3464
f 3466/3466 3464/3464 3467/3467
f 174/174 175/175 189/189
f 189/189 175/175 176/176
f 1202/1202 1196/1196 1298/1298
f 174/174 189/189 201/201
f 255/255 183/183 200/200
f 1189/1189 1172/1172 1190/1190
f 1168/1168 1172/1172 1189/1189
f 1169/1169 1163/1163 1170/1170
f 4871/4871 4668/4668 4872/4872
f 2336/2336 2317/2317 2375/2375
f 4667/4667 4673/4673 4668/4668
f 4673/4673 4674/4674 4746/4746
f 5928/5928 5925/5925 5927/5927
f 4698/4698 4699/4699 5463/5463
f 2294/2294 2259/2259 2265/2265
f 5002/5002 5000/5000 5305/5305
f 5329/5329 4994/4994 4919/4919
f 4994/4994 4912/4912 4915/4915
f 4913/4913 5206/5206 4916/4916
f 5558/5558 5555/5555 5556/5556
f 5113/5113 5110/5110 5114/5114
f 5110/5110 5116/5116 5114/5114
f 5548/5548 5551/5551 5545/5545
f 5360/5360 5169/5169 5187/5187
f 2356/2356 2229/2229 2224/2224
f 5268/5268 5280/5280 5279/5279
f 3184/3184 3175/3175 3190/3190
f 3071/3071 3073/3073 3188/3188
f 3073/3073 3066/3066 3074/3074
f 1202/1202 1298/1298 1300/1300
f 3470/3470 3465/3465 3466/3466
f 176/176 182/182 190/190
f 171/171 172/172 182/182
f 183/183 198/198 199/199
f 183/183 199/199 200/200
f 192/192 178/178 201/201
f 1189/1189 1190/1190 1193/1193
f 4672/4672 4668/4668 4871/4871
f 5925/5925 5930/5930 5929/5929
f 5925/5925 5929/5929 5923/5923
f 4745/4745 4697/4697 4701/4701
f 4697/4697 4695/4695 4698/4698
f 4695/4695 4699/4699 4698/4698
f 4699/4699 4735/4735 5463/5463
f 6270/6270 6269/6269 6271/6271
f 5463/5463 5055/5055 5056/5056
f 5055/5055 5003/5003 5056/5056
f 5001/5001 5000/5000 5002/5002
f 5000/5000 4905/4905 5305/5305
f 4905/4905 5401/5401 5305/5305
f 4905/4905 4904/4904 5329/5329
f 4905/4905 5329/5329 5401/5401
f 5250/5250 4910/4910 4994/4994
f 5250/5250 4994/4994 5329/5329
f 4910/4910 4911/4911 4912/4912
f 4910/4910 4912/4912 4994/4994
f 4911/4911 4914/4914 4913/4913
f 4911/4911 4913/4913 4912/4912
f 4913/4913 4914/4914 5206/5206
f 4914/4914 5430/5430 5206/5206
f 5112/5112 5110/5110 5113/5113
f 2165/2165 2240/2240 2241/2241
f 5075/5075 5078/5078 5169/5169
f 5078/5078 5077/5077 5140/5140
f 5140/5140 5077/5077 5396/5396
f 3802/3802 3805/3805 5269/5269
f 5266/5266 3807/3807 5267/5267
f 3807/3807 5268/5268 5267/5267
f 5289/5289 5280/5280 5268/5268
f 3184/3184 3176/3176 3175/3175
f 3076/3076 3193/3193 3175/3175
f 3076/3076 3191/3191 3193/3193
f 3069/3069 3071/3071 3077/3077
f 3068/3068 3073/3073 3071/3071
f 2550/2550 2534/2534 2532/2532
f 2534/2534 2533/2533 2532/2532
f 177/177 166/166 169/169
f 176/176 171/171 182/182
f 178/178 174/174 201/201
f 179/179 192/192 198/198
f 1168/1168 1189/1189 1199/1199
f 4661/4661 4662/4662 4672/4672
f 4672/4672 4662/4662 4668/4668
f 4662/4662 4667/4667 4668/4668
f 4666/4666 4673/4673 4667/4667
f 4666/4666 4674/4674 4673/4673
f 4674/4674 4676/4676 4745/4745
f 4676/4676 4693/4693 4745/4745
f 4695/4695 4735/4735 4699/4699
f 5055/5055 5004/5004 5003/5003
f 5004/5004 5001/5001 5003/5003
f 5003/5003 5001/5001 5002/5002
f 5327/5327 5430/5430 4914/4914
f 5111/5111 5112/5112 5115/5115
f 5110/5110 5112/5112 5111/5111
f 5110/5110 5079/5079 5116/5116
f 5079/5079 5360/5360 5116/5116
f 5360/5360 5317/5317 5169/5169
f 3805/3805 5266/5266 5269/5269
f 5265/5265 5289/5289 5268/5268
f 3076/3076 3072/3072 3191/3191
f 3191/3191 3072/3072 3096/3096
f 3068/3068 3066/3066 3073/3073
f 3163/3163 3095/3095 3172/3172
f 2551/2551 2534/2534 2550/2550
f 166/166 168/168 169/169
f 173/173 151/151 177/177
f 151/151 166/166 177/177
f 1772/1772 1773/1773 1774/1774
f 1208/1208 1202/1202 1300/1300
f 174/174 162/162 175/175
f 1193/1193 1192/1192 1203/1203
f 179/179 178/178 192/192
f 1198/1198 1168/1168 1199/1199
f 1170/1170 1197/1197 1206/1206
f 5081/5081 4661/4661 4672/4672
f 4675/4675 4676/4676 4674/4674
f 4677/4677 4693/4693 4676/4676
f 4677/4677 4694/4694 4693/4693
f 4693/4693 4694/4694 4695/4695
f 4696/4696 4735/4735 4695/4695
f 4696/4696 5447/5447 4735/4735
f 6268/6268 6269/6269 6270/6270
f 5004/5004 4906/4906 5001/5001
f 5001/5001 4906/4906 5000/5000
f 4905/4905 4902/4902 4904/4904
f 5250/5250 4903/4903 4910/4910
f 4910/4910 4909/4909 4911/4911
f 4909/4909 4995/4995 4911/4911
f 4911/4911 4995/4995 4914/4914
f 4995/4995 5327/5327 4914/4914
f 5327/5327 5115/5115 5430/5430
f 5111/5111 5115/5115 5327/5327
f 5079/5079 5317/5317 5360/5360
f 5317/5317 5011/5011 5075/5075
f 5317/5317 5075/5075 5169/5169
f 5075/5075 5076/5076 5078/5078
f 5076/5076 5077/5077 5078/5078
f 3804/3804 3805/3805 3802/3802
f 3805/3805 3807/3807 5266/5266
f 3807/3807 5265/5265 5268/5268
f 5289/5289 5388/5388 5280/5280
f 3181/3181 3176/3176 3184/3184
f 3176/3176 3075/3075 3175/3175
f 3075/3075 3076/3076 3175/3175
f 3022/3022 3069/3069 3077/3077
f 3022/3022 3077/3077 3096/3096
f 3069/3069 3068/3068 3071/3071
f 3066/3066 3067/3067 3074/3074
f 3094/3094 3163/3163 3067/3067
f 3094/3094 3095/3095 3163/3163
f 166/166 163/163 168/168
f 172/172 150/150 173/173
f 150/150 151/151 173/173
f 178/178 170/170 174/174
f 214/214 167/167 183/183
f 167/167 181/181 183/183
f 6080/6080 6081/6081 6082/6082
f 4662/4662 4666/4666 4667/4667
f 4666/4666 4675/4675 4674/4674
f 4675/4675 4677/4677 4676/4676
f 5447/5447 5004/5004 5055/5055
f 4906/4906 4902/4902 4905/4905
f 4902/4902 4903/4903 4904/4904
f 4903/4903 4909/4909 4910/4910
f 5109/5109 5110/5110 5111/5111
f 5109/5109 5079/5079 5110/5110
f 5079/5079 5072/5072 5317/5317
f 5009/5009 5011/5011 5317/5317
f 5011/5011 5010/5010 5075/5075
f 5010/5010 5076/5076 5075/5075
f 6157/6157 6158/6158 6159/6159
f 5318/5318 3804/3804 3803/3803
f 3803/3803 3804/3804 3802/3802
f 3806/3806 3807/3807 3805/3805
f 5265/5265 5417/5417 5289/5289
f 5417/5417 5388/5388 5289/5289
f 3177/3177 3176/3176 3181/3181
f 3176/3176 3177/3177 3075/3075
f 3075/3075 3072/3072 3076/3076
f 3072/3072 3022/3022 3096/3096
f 3066/3066 3065/3065 3067/3067
f 3067/3067 3065/3065 3094/3094
f 158/158 150/150 172/172
f 162/162 171/171 175/175
f 175/175 171/171 176/176
f 1209/1209 1207/1207 1212/1212
f 214/214 165/165 167/167
f 181/181 180/180 179/179
f 2382/2382 2379/2379 2316/2316
f 4757/4757 4661/4661 5081/5081
f 4662/4662 4663/4663 4666/4666
f 4663/4663 4747/4747 4666/4666
f 4747/4747 4675/4675 4666/4666
f 4675/4675 4678/4678 4677/4677
f 4678/4678 4738/4738 4677/4677
f 4738/4738 4737/4737 4694/4694
f 5031/5031 5004/5004 5447/5447
f 5033/5033 5036/5036 5030/5030
f 5030/5030 5036/5036 4906/4906
f 4906/4906 5005/5005 4902/4902
f 5128/5128 5327/5327 4995/4995
f 5122/5122 5117/5117 5111/5111
f 5122/5122 5111/5111 5327/5327
f 5117/5117 5109/5109 5111/5111
f 4318/4318 5079/5079 5109/5109
f 5072/5072 5009/5009 5317/5317
f 6153/6153 6155/6155 6156/6156
f 3804/3804 3806/3806 3805/3805
f 3807/3807 3809/3809 5265/5265
f 3809/3809 5417/5417 5265/5265
f 5417/5417 5263/5263 5388/5388
f 5263/5263 5097/5097 5388/5388
f 3180/3180 3177/3177 3181/3181
f 3178/3178 3075/3075 3177/3177
f 3075/3075 3026/3026 3072/3072
f 3021/3021 3068/3068 3069/3069
f 3070/3070 3066/3066 3068/3068
f 3065/3065 3092/3092 3094/3094
f 3094/3094 3093/3093 3095/3095
f 2542/2542 2534/2534 2551/2551
f 1769/1769 1772/1772 1778/1778
f 3468/3468 3466/3466 3467/3467
f 171/171 158/158 172/172
f 162/162 152/152 171/171
f 2815/2815 2870/2870 2857/2857
f 170/170 161/161 174/174
f 161/161 162/162 174/174
f 167/167 156/156 181/181
f 157/157 170/170 178/178
f 156/156 180/180 181/181
f 4757/4757 4749/4749 4661/4661
f 4660/4660 4662/4662 4661/4661
f 4660/4660 4663/4663 4662/4662
f 4747/4747 4679/4679 4675/4675
f 4679/4679 4678/4678 4675/4675
f 4678/4678 5121/5121 4738/4738
f 6349/6349 6348/6348 6350/6350
f 5405/5405 4737/4737 4738/4738
f 5363/5363 5031/5031 5447/5447
f 5031/5031 5032/5032 5030/5030
f 5302/5302 5036/5036 5394/5394
f 5302/5302 4906/4906 5036/5036
f 4902/4902 4901/4901 4903/4903
f 4901/4901 4908/4908 4903/4903
f 4908/4908 4909/4909 4903/4903
f 4908/4908 5070/5070 4995/4995
f 4908/4908 4995/4995 4909/4909
f 5070/5070 5128/5128 4995/4995
f 6266/6266 6265/6265 6267/6267
f 5117/5117 5040/5040 5109/5109
f 4318/4318 5072/5072 5079/5079
f 5009/5009 5008/5008 5011/5011
f 5275/5275 3806/3806 3804/3804
f 5096/5096 5097/5097 5263/5263
f 3180/3180 3179/3179 3177/3177
f 3179/3179 3178/3178 3177/3177
f 3027/3027 3026/3026 3075/3075
f 3072/3072 3026/3026 3022/3022
f 3022/3022 3021/3021 3069/3069
f 3070/3070 3007/3007 3066/3066
f 3007/3007 3065/3065 3066/3066
f 3010/3010 3092/3092 3065/3065
f 3092/3092 3093/3093 3094/3094
f 2542/2542 2535/2535 2534/2534
f 2534/2534 2535/2535 2533/2533
f 160/160 163/163 166/166
f 1772/1772 1771/1771 1773/1773
f 141/141 171/171 152/152
f 141/141 158/158 171/171
f 153/153 152/152 162/162
f 165/165 156/156 167/167
f 180/180 157/157 179/179
f 179/179 157/157 178/178
f 4751/4751 4749/4749 4757/4757
f 4660/4660 4664/4664 4663/4663
f 4664/4664 4669/4669 4663/4663
f 4669/4669 4670/4670 4663/4663
f 4670/4670 4747/4747 4663/4663
f 4679/4679 4680/4680 4678/4678
f 4680/4680 5195/5195 4678/4678
f 5195/5195 5121/5121 4678/4678
f 5121/5121 5405/5405 4738/4738
f 6332/6332 6335/6335 6334/6334
f 5363/5363 5362/5362 5031/5031
f 5037/5037 5032/5032 5031/5031
f 5034/5034 5035/5035 5033/5033
f 4899/4899 4902/4902 5005/5005
f 6263/6263 6265/6265 6266/6266
f 5130/5130 5117/5117 5122/5122
f 5130/5130 5040/5040 5117/5117
f 4318/4318 5071/5071 5072/5072
f 5071/5071 4354/4354 5009/5009
f 5071/5071 5009/5009 5072/5072
f 5010/5010 5134/5134 5077/5077
f 5010/5010 5077/5077 5076/5076
f 5077/5077 5134/5134 5318/5318
f 6153/6153 6154/6154 6155/6155
f 5275/5275 3808/3808 3806/3806
f 3806/3806 3808/3808 3807/3807
f 3808/3808 3809/3809 3807/3807
f 3809/3809 5263/5263 5417/5417
f 5096/5096 5095/5095 5097/5097
f 3182/3182 3179/3179 3180/3180
f 3182/3182 3183/3183 3179/3179
f 3183/3183 3178/3178 3179/3179
f 3178/3178 3027/3027 3075/3075
f 3028/3028 3027/3027 3178/3178
f 2984/2984 3012/3012 3026/3026
f 3026/3026 3012/3012 3022/3022
f 3021/3021 3007/3007 3068/3068
f 3068/3068 3007/3007 3070/3070
f 3008/3008 3065/3065 3007/3007
f 3009/3009 3010/3010 3065/3065
f 3092/3092 3089/3089 3093/3093
f 2543/2543 2535/2535 2542/2542
f 1769/1769 1771/1771 1772/1772
f 146/146 161/161 170/170
f 156/156 154/154 155/155
f 156/156 157/157 180/180
f 157/157 146/146 170/170
f 4749/4749 4748/4748 4661/4661
f 4748/4748 4659/4659 4661/4661
f 5335/5335 4665/4665 4660/4660
f 4664/4664 4665/4665 5335/5335
f 6083/6083 6084/6084 6085/6085
f 4682/4682 4679/4679 4747/4747
f 4681/4681 4680/4680 4679/4679
f 6333/6333 6335/6335 6336/6336
f 2354/2354 2330/2330 2309/2309
f 6333/6333 6334/6334 6335/6335
f 5405/5405 5362/5362 5363/5363
f 5034/5034 5032/5032 5037/5037
f 6287/6287 6289/6289 6288/6288
f 4907/4907 5302/5302 5394/5394
f 5302/5302 4899/4899 5005/5005
f 4899/4899 4901/4901 4902/4902
f 4908/4908 4997/4997 5070/5070
f 4997/4997 4999/4999 5070/5070
f 4999/4999 5181/5181 5070/5070
f 6263/6263 6264/6264 6265/6265
f 5181/5181 5130/5130 5122/5122
f 5040/5040 4317/4317 5109/5109
f 4317/4317 4318/4318 5109/5109
f 5009/5009 4354/4354 5008/5008
f 5008/5008 4341/4341 5010/5010
f 5134/5134 5137/5137 5318/5318
f 6169/6169 6170/6170 6171/6171
f 3183/3183 3185/3185 3178/3178
f 3185/3185 3028/3028 3178/3178
f 3012/3012 3002/3002 3022/3022
f 3002/3002 3021/3021 3022/3022
f 3008/3008 3009/3009 3065/3065
f 160/160 147/147 163/163
f 1767/1767 1769/1769 1778/1778
f 144/144 160/160 151/151
f 1769/1769 1770/1770 1771/1771
f 161/161 145/145 162/162
f 145/145 134/134 162/162
f 2809/2809 2861/2861 2804/2804
f 2803/2803 2861/2861 2809/2809
f 155/155 157/157 156/156
f 2382/2382 2328/2328 2393/2393
f 4752/4752 4750/4750 4751/4751
f 4751/4751 4750/4750 4749/4749
f 4750/4750 4748/4748 4749/4749
f 4748/4748 4657/4657 4659/4659
f 4657/4657 4658/4658 4659/4659
f 4659/4659 4658/4658 4660/4660
f 4658/4658 5335/5335 4660/4660
f 5335/5335 4671/4671 4664/4664
f 4664/4664 4671/4671 4669/4669
f 4671/4671 4670/4670 4669/4669
f 5872/5872 5873/5873 5874/5874
f 4682/4682 5167/5167 5166/5166
f 4682/4682 4681/4681 4679/4679
f 4681/4681 4688/4688 4680/4680
f 4680/4680 4688/4688 5195/5195
f 6332/6332 6329/6329 6331/6331
f 5106/5106 5104/5104 5362/5362
f 6291/6291 6293/6293 6294/6294
f 6291/6291 6292/6292 6293/6293
f 6286/6286 6287/6287 6288/6288
f 5245/5245 5034/5034 5037/5037
f 4907/4907 4900/4900 5302/5302
f 4900/4900 4897/4897 4899/4899
f 4900/4900 4899/4899 5302/5302
f 4996/4996 4997/4997 4908/4908
f 5181/5181 5389/5389 5130/5130
f 5389/5389 5039/5039 5040/5040
f 5389/5389 5040/5040 5130/5130
f 5039/5039 4317/4317 5040/5040
f 4317/4317 4316/4316 4318/4318
f 5071/5071 4344/4344 4354/4354
f 4354/4354 4341/4341 5008/5008
f 4341/4341 5134/5134 5010/5010
f 5134/5134 5135/5135 5137/5137
f 5135/5135 5275/5275 5137/5137
f 5262/5262 3808/3808 5275/5275
f 3809/3809 3811/3811 5263/5263
f 6169/6169 6172/6172 6170/6170
f 5094/5094 5095/5095 5096/5096
f 5094/5094 5093/5093 5095/5095
f 3760/3760 3761/3761 3762/3762
f 3202/3202 3185/3185 3182/3182
f 3028/3028 3003/3003 3027/3027
f 3003/3003 3026/3026 3027/3027
f 3009/3009 3004/3004 3010/3010
f 143/143 147/147 160/160
f 150/150 132/132 151/151
f 132/132 144/144 151/151
f 141/141 131/131 158/158
f 131/131 150/150 158/158
f 2802/2802 2815/2815 2857/2857
f 134/134 153/153 162/162
f 146/146 145/145 161/161
f 139/139 146/146 157/157
f 4754/4754 4752/4752 4751/4751
f 5080/5080 4657/4657 4748/4748
f 4682/4682 4683/4683 4681/4681
f 4683/4683 4684/4684 4681/4681
f 4684/4684 4688/4688 4681/4681
f 6329/6329 6330/6330 6331/6331
f 5245/5245 5101/5101 4907/4907
f 5101/5101 4896/4896 4907/4907
f 4897/4897 4898/4898 4899/4899
f 4898/4898 4901/4901 4899/4899
f 4901/4901 4996/4996 4908/4908
f 4996/4996 4998/4998 4997/4997
f 4998/4998 4999/4999 4997/4997
f 4999/4999 5419/5419 5181/5181
f 5419/5419 5389/5389 5181/5181
f 4316/4316 4315/4315 4318/4318
f 4315/4315 4344/4344 5071/5071
f 4315/4315 5071/5071 4318/4318
f 4319/4319 4341/4341 4354/4354
f 4890/4890 5135/5135 5134/5134
f 5135/5135 5136/5136 5275/5275
f 6149/6149 6151/6151 6152/6152
f 3808/3808 3810/3810 3809/3809
f 3810/3810 3811/3811 3809/3809
f 6173/6173 6172/6172 6169/6169
f 5098/5098 5094/5094 5099/5099
f 5092/5092 5093/5093 5094/5094
f 3202/3202 3005/3005 3185/3185
f 3185/3185 3005/3005 3028/3028
f 3005/3005 3003/3003 3028/3028
f 3003/3003 2984/2984 3026/3026
f 2984/2984 3002/3002 3012/3012
f 3002/3002 2973/2973 3021/3021
f 3021/3021 2973/2973 3007/3007
f 3004/3004 3088/3088 3092/3092
f 3004/3004 3092/3092 3010/3010
f 3088/3088 3089/3089 3092/3092
f 144/144 143/143 160/160
f 131/131 132/132 150/150
f 1769/1769 1768/1768 1770/1770
f 153/153 140/140 152/152
f 140/140 116/116 152/152
f 155/155 139/139 157/157
f 4752/4752 4753/4753 4750/4750
f 4753/4753 4756/4756 4750/4750
f 4750/4750 4756/4756 4748/4748
f 3715/3715 3716/3716 3717/3717
f 6068/6068 6069/6069 6067/6067
f 4657/4657 4656/4656 4658/4658
f 4658/4658 4656/4656 5335/5335
f 6086/6086 6087/6087 6088/6088
f 6086/6086 6089/6089 6087/6087
f 5494/5494 5173/5173 4671/4671
f 5166/5166 4692/4692 4682/4682
f 4692/4692 4683/4683 4682/4682
f 4684/4684 4686/4686 4688/4688
f 6193/6193 6197/6197 6198/6198
f 4686/4686 5277/5277 4688/4688
f 5105/5105 5102/5102 5104/5104
f 5105/5105 5104/5104 5106/5106
f 5102/5102 5103/5103 5104/5104
f 5101/5101 5103/5103 5102/5102
f 4896/4896 4897/4897 4907/4907
f 4907/4907 4897/4897 4900/4900
f 6199/6199 6201/6201 6202/6202
f 5029/5029 4998/4998 4996/4996
f 4998/4998 5029/5029 4999/4999
f 5029/5029 5419/5419 4999/4999
f 5419/5419 4279/4279 5389/5389
f 4279/4279 4337/4337 5389/5389
f 4337/4337 5039/5039 5389/5389
f 4337/4337 4317/4317 5039/5039
f 4317/4317 4313/4313 4316/4316
f 4344/4344 4319/4319 4354/4354
f 4322/4322 4323/4323 4341/4341
f 4341/4341 4323/4323 5134/5134
f 5262/5262 3810/3810 3808/3808
f 5098/5098 5092/5092 5094/5094
f 5090/5090 5093/5093 5092/5092
f 3024/3024 3005/3005 3202/3202
f 3005/3005 2979/2979 3003/3003
f 2981/2981 2973/2973 3002/3002
f 3008/3008 2968/2968 3009/3009
f 2968/2968 3004/3004 3009/3009
f 2978/2978 3025/3025 3004/3004
f 3004/3004 3025/3025 3088/3088
f 3088/3088 3087/3087 3089/3089
f 2545/2545 2535/2535 2543/2543
f 1766/1766 1768/1768 1767/1767
f 1767/1767 1768/1768 1769/1769
f 152/152 116/116 141/141
f 2854/2854 2802/2802 2857/2857
f 134/134 140/140 153/153
f 154/154 114/114 155/155
f 4755/4755 4753/4753 4752/4752
f 4755/4755 4752/4752 4754/4754
f 6067/6067 6066/6066 6068/6068
f 4655/4655 5080/5080 4761/4761
f 4655/4655 4656/4656 4657/4657
f 4760/4760 5494/5494 4656/4656
f 5494/5494 4692/4692 5173/5173
f 4692/4692 4685/4685 4683/4683
f 4683/4683 4685/4685 4684/4684
f 4685/4685 4686/4686 4684/4684
f 6192/6192 6197/6197 6193/6193
f 5006/5006 4894/4894 4896/4896
f 5006/5006 4896/4896 5101/5101
f 4895/4895 4898/4898 4897/4897
f 4898/4898 5015/5015 4901/4901
f 6199/6199 6200/6200 6201/6201
f 6201/6201 6203/6203 6202/6202
f 4314/4314 4313/4313 4337/4337
f 4337/4337 4313/4313 4317/4317
f 4313/4313 4315/4315 4316/4316
f 4319/4319 4322/4322 4341/4341
f 4890/4890 5136/5136 5135/5135
f 3024/3024 2980/2980 3005/3005
f 2980/2980 2979/2979 3005/3005
f 3003/3003 2977/2977 2984/2984
f 2976/2976 3002/3002 2984/2984
f 2976/2976 2981/2981 3002/3002
f 2973/2973 2968/2968 3007/3007
f 3007/3007 2968/2968 3008/3008
f 2968/2968 2978/2978 3004/3004
f 2545/2545 2537/2537 2535/2535
f 2535/2535 2537/2537 2536/2536
f 144/144 133/133 143/143
f 116/116 105/105 141/141
f 105/105 131/131 141/141
f 149/149 114/114 154/154
f 114/114 139/139 155/155
f 5016/5016 4755/4755 4754/4754
f 5442/5442 5027/5027 4753/4753
f 5027/5027 4756/4756 4753/4753
f 6065/6065 6066/6066 6067/6067
f 4761/4761 4654/4654 4655/4655
f 4653/4653 4656/4656 4655/4655
f 2322/2322 2313/2313 2318/2318
f 4760/4760 5348/5348 5494/5494
f 5105/5105 5108/5108 5102/5102
f 5102/5102 5006/5006 5101/5101
f 4894/4894 4895/4895 4896/4896
f 4895/4895 4897/4897 4896/4896
f 4895/4895 5179/5179 4898/4898
f 5179/5179 5015/5015 4898/4898
f 4295/4295 4279/4279 5029/5029
f 5029/5029 4279/4279 5419/5419
f 4280/4280 5252/5252 4337/4337
f 4280/4280 4337/4337 4279/4279
f 5252/5252 4314/4314 4337/4337
f 4315/4315 4319/4319 4344/4344
f 4323/4323 4333/4333 5134/5134
f 5134/5134 4333/4333 4890/4890
f 3813/3813 3810/3810 5262/5262
f 6169/6169 6174/6174 6173/6173
f 5264/5264 5100/5100 5099/5099
f 5099/5099 5100/5100 5098/5098
f 5100/5100 5091/5091 5092/5092
f 5100/5100 5092/5092 5098/5098
f 5091/5091 5090/5090 5092/5092
f 2983/2983 2980/2980 3024/3024
f 2979/2979 2977/2977 3003/3003
f 2977/2977 2976/2976 2984/2984
f 132/132 133/133 144/144
f 1766/1766 1776/1776 1768/1768
f 134/134 115/115 140/140
f 139/139 113/113 146/146
f 113/113 145/145 146/146
f 5385/5385 4755/4755 5016/5016
f 6072/6072 6073/6073 6074/6074
f 5442/5442 5462/5462 5027/5027
f 5462/5462 4762/4762 5027/5027
f 4762/4762 4654/4654 4761/4761
f 2313/2313 2314/2314 2312/2312
f 4654/4654 4653/4653 4655/4655
f 4653/4653 4649/4649 4760/4760
f 4758/4758 4760/4760 4649/4649
f 4760/4760 4758/4758 5348/5348
f 4650/4650 5348/5348 4758/4758
f 5348/5348 4650/4650 5494/5494
f 5988/5988 5990/5990 5991/5991
f 5988/5988 5989/5989 5990/5990
f 5293/5293 4687/4687 4685/4685
f 6196/6196 6189/6189 6193/6193
f 6189/6189 6192/6192 6193/6193
f 6189/6189 6188/6188 6192/6192
f 5247/5247 5006/5006 5108/5108
f 5108/5108 5006/5006 5102/5102
f 5179/5179 4290/4290 5015/5015
f 4290/4290 4278/4278 4295/4295
f 4290/4290 4295/4295 5015/5015
f 4278/4278 4279/4279 4295/4295
f 2352/2352 2267/2267 2260/2260
f 4314/4314 4311/4311 4313/4313
f 4312/4312 4319/4319 4315/4315
f 6149/6149 6150/6150 6151/6151
f 3812/3812 3811/3811 3810/3810
f 5091/5091 5084/5084 5090/5090
f 5084/5084 5089/5089 5090/5090
f 2975/2975 2972/2972 2976/2976
f 2976/2976 2972/2972 2981/2981
f 2981/2981 2972/2972 2973/2973
f 2537/2537 2538/2538 2536/2536
f 143/143 137/137 147/147
f 2851/2851 2793/2793 2854/2854
f 115/115 116/116 140/140
f 113/113 134/134 145/145
f 6070/6070 6071/6071 6072/6072
f 6071/6071 6073/6073 6072/6072
f 4859/4859 5353/5353 5442/5442
f 4859/4859 5442/5442 4860/4860
f 5353/5353 5462/5462 5442/5442
f 5462/5462 4763/4763 4762/4762
f 4763/4763 4654/4654 4762/4762
f 4647/4647 4653/4653 4654/4654
f 4690/4690 4687/4687 5293/5293
f 4689/4689 4687/4687 4690/4690
f 4689/4689 4691/4691 4686/4686
f 6186/6186 6187/6187 6188/6188
f 6185/6185 6187/6187 6186/6186
f 6187/6187 6185/6185 6195/6195
f 6185/6185 6177/6177 6195/6195
f 5007/5007 4894/4894 5006/5006
f 4894/4894 4891/4891 4895/4895
f 4891/4891 5179/5179 4895/4895
f 4278/4278 4274/4274 4279/4279
f 4274/4274 4339/4339 4280/4280
f 4274/4274 4280/4280 4279/4279
f 4280/4280 4339/4339 5252/5252
f 4339/4339 5157/5157 5252/5252
f 4313/4313 4312/4312 4315/4315
f 4319/4319 4320/4320 4322/4322
f 4320/4320 4323/4323 4322/4322
f 4333/4333 4329/4329 4890/4890
f 4329/4329 5276/5276 4890/4890
f 5276/5276 5136/5136 4890/4890
f 5276/5276 3813/3813 5262/5262
f 3813/3813 3812/3812 3810/3810
f 3812/3812 5264/5264 3811/3811
f 5264/5264 5381/5381 5100/5100
f 5381/5381 5091/5091 5100/5100
f 5091/5091 5156/5156 5084/5084
f 2982/2982 2980/2980 2983/2983
f 3025/3025 3087/3087 3088/3088
f 142/142 137/137 143/143
f 132/132 108/108 133/133
f 113/113 106/106 134/134
f 114/114 109/109 139/139
f 4863/4863 4856/4856 4860/4860
f 4856/4856 4859/4859 4860/4860
f 5353/5353 4763/4763 5462/5462
f 4759/4759 4647/4647 4654/4654
f 4647/4647 4649/4649 4653/4653
f 4647/4647 4648/4648 4649/4649
f 4648/4648 4650/4650 4649/4649
f 4651/4651 4650/4650 4648/4648
f 4650/4650 4651/4651 5293/5293
f 6189/6189 6186/6186 6188/6188
f 4294/4294 5179/5179 4891/4891
f 4294/4294 4290/4290 5179/5179
f 4339/4339 5052/5052 5157/5157
f 5052/5052 4311/4311 4314/4314
f 4313/4313 4311/4311 4312/4312
f 4312/4312 4320/4320 4319/4319
f 3813/3813 3814/3814 3812/3812
f 5381/5381 5156/5156 5091/5091
f 2944/2944 2968/2968 2973/2973
f 2978/2978 2953/2953 3025/3025
f 2546/2546 2537/2537 2545/2545
f 1779/1779 1763/1763 1767/1767
f 1763/1763 1766/1766 1767/1767
f 99/99 132/132 131/131
f 1766/1766 1765/1765 1776/1776
f 115/115 104/104 116/116
f 148/148 114/114 149/149
f 2796/2796 2781/2781 2780/2780
f 4861/4861 4863/4863 5385/5385
f 2389/2389 1991/1991 2392/2392
f 4856/4856 4858/4858 4859/4859
f 4859/4859 5351/5351 5353/5353
f 4759/4759 4767/4767 4647/4647
f 4690/4690 4691/4691 4689/4689
f 3724/3724 3725/3725 3726/3726
f 6274/6274 6277/6277 6276/6276
f 6186/6186 6175/6175 6185/6185
f 6175/6175 6177/6177 6185/6185
f 4293/4293 4285/4285 4294/4294
f 4293/4293 4294/4294 4891/4891
f 4294/4294 4283/4283 4290/4290
f 4283/4283 4278/4278 4290/4290
f 4339/4339 4271/4271 5052/5052
f 5052/5052 4271/4271 4311/4311
f 4312/4312 4321/4321 4320/4320
f 4320/4320 4324/4324 4323/4323
f 4324/4324 4325/4325 4323/4323
f 4323/4323 4325/4325 4333/4333
f 5276/5276 3814/3814 3813/3813
f 3812/3812 5381/5381 5264/5264
f 5084/5084 3842/3842 5089/5089
f 2982/2982 2971/2971 2980/2980
f 2971/2971 2979/2979 2980/2980
f 2979/2979 2969/2969 2977/2977
f 2969/2969 2976/2976 2977/2977
f 2974/2974 2972/2972 2975/2975
f 2972/2972 2944/2944 2973/2973
f 2947/2947 2978/2978 2968/2968
f 2953/2953 3011/3011 3025/3025
f 3025/3025 3085/3085 3087/3087
f 3085/3085 3086/3086 3087/3087
f 2537/2537 2539/2539 2538/2538
f 1763/1763 1765/1765 1766/1766
f 105/105 99/99 131/131
f 104/104 105/105 116/116
f 139/139 109/109 113/113
f 4861/4861 4854/4854 4863/4863
f 4854/4854 4856/4856 4863/4863
f 4862/4862 5351/5351 4859/4859
f 6139/6139 6138/6138 6140/6140
f 4852/4852 5248/5248 5353/5353
f 4645/4645 4648/4648 4647/4647
f 4652/4652 4651/4651 4648/4648
f 4652/4652 4764/4764 4651/4651
f 5975/5975 5968/5968 5973/5973
f 5367/5367 4691/4691 4690/4690
f 6275/6275 6274/6274 6276/6276
f 6189/6189 6190/6190 6186/6186
f 4834/4834 4832/4832 4835/4835
f 4278/4278 4276/4276 4274/4274
f 4274/4274 4271/4271 4339/4339
f 4325/4325 4327/4327 4333/4333
f 4327/4327 4329/4329 4333/4333
f 3815/3815 3817/3817 3812/3812
f 3817/3817 3820/3820 5381/5381
f 3817/3817 5381/5381 3812/3812
f 3820/3820 5156/5156 5381/5381
f 3826/3826 3842/3842 5084/5084
f 2971/2971 2969/2969 2979/2979
f 2969/2969 2975/2975 2976/2976
f 3011/3011 3085/3085 3025/3025
f 138/138 137/137 142/142
f 108/108 112/112 142/142
f 106/106 107/107 115/115
f 98/98 106/106 113/113
f 148/148 110/110 114/114
f 2786/2786 2814/2814 2787/2787
f 4854/4854 4855/4855 4856/4856
f 4855/4855 4857/4857 4856/4856
f 4857/4857 4858/4858 4856/4856
f 4857/4857 4862/4862 4858/4858
f 6136/6136 6138/6138 6139/6139
f 4852/4852 5185/5185 5248/5248
f 5248/5248 5185/5185 5438/5438
f 6113/6113 6114/6114 6115/6115
f 5438/5438 5423/5423 4767/4767
f 5423/5423 4644/4644 4767/4767
f 4644/4644 4646/4646 4767/4767
f 4645/4645 4646/4646 4644/4644
f 2367/2367 2324/2324 2322/2322
f 4645/4645 4765/4765 4648/4648
f 4765/4765 4652/4652 4648/4648
f 4652/4652 4766/4766 4764/4764
f 5968/5968 5972/5972 5973/5973
f 5972/5972 5974/5974 5973/5973
f 6272/6272 6274/6274 6275/6275
f 4838/4838 4833/4833 4837/4837
f 4832/4832 4836/4836 4835/4835
f 6175/6175 6176/6176 6177/6177
f 5007/5007 4893/4893 4894/4894
f 4893/4893 4892/4892 4891/4891
f 4893/4893 4891/4891 4894/4894
f 4892/4892 4293/4293 4891/4891
f 4285/4285 4283/4283 4294/4294
f 4276/4276 4275/4275 4274/4274
f 4273/4273 4271/4271 4274/4274
f 4269/4269 4270/4270 4271/4271
f 4271/4271 4272/4272 4311/4311
f 4272/4272 4312/4312 4311/4311
f 4272/4272 4338/4338 4312/4312
f 4338/4338 4321/4321 4312/4312
f 4321/4321 4334/4334 4320/4320
f 4334/4334 4324/4324 4320/4320
f 4325/4325 4326/4326 4327/4327
f 4327/4327 4328/4328 4329/4329
f 5867/5867 5868/5868 5870/5870
f 5870/5870 5868/5868 5871/5871
f 5276/5276 3816/3816 3814/3814
f 3816/3816 3815/3815 3814/3814
f 3814/3814 3815/3815 3812/3812
f 3820/3820 3826/3826 5156/5156
f 5156/5156 3826/3826 5084/5084
f 3826/3826 3827/3827 3842/3842
f 2985/2985 2971/2971 2982/2982
f 2969/2969 2974/2974 2975/2975
f 2944/2944 2947/2947 2968/2968
f 2947/2947 2953/2953 2978/2978
f 99/99 108/108 132/132
f 1763/1763 1764/1764 1765/1765
f 104/104 97/97 105/105
f 96/96 104/104 115/115
f 110/110 109/109 114/114
f 4857/4857 5459/5459 4862/4862
f 2368/2368 2324/2324 2367/2367
f 4765/4765 4645/4645 5290/5290
f 4814/4814 4816/4816 5367/5367
f 4833/4833 4832/4832 4834/4834
f 4832/4832 4831/4831 4836/4836
f 4831/4831 5349/5349 4836/4836
f 6178/6178 6176/6176 6175/6175
f 6180/6180 6194/6194 6176/6176
f 4282/4282 4278/4278 4283/4283
f 4282/4282 4276/4276 4278/4278
f 4275/4275 4273/4273 4274/4274
f 4273/4273 4269/4269 4271/4271
f 4270/4270 4272/4272 4271/4271
f 3821/3821 3826/3826 3820/3820
f 2969/2969 2951/2951 2974/2974
f 2948/2948 2946/2946 2974/2974
f 2946/2946 2972/2972 2974/2974
f 2946/2946 2944/2944 2972/2972
f 2944/2944 2945/2945 2947/2947
f 2546/2546 2539/2539 2537/2537
f 129/129 130/130 137/137
f 1786/1786 1761/1761 1779/1779
f 1761/1761 1763/1763 1779/1779
f 85/85 112/112 108/108
f 2851/2851 2838/2838 2793/2793
f 107/107 96/96 115/115
f 135/135 110/110 148/148
f 2780/2780 2781/2781 2760/2760
f 4853/4853 4624/4624 4854/4854
f 4853/4853 4854/4854 4861/4861
f 4624/4624 4855/4855 4854/4854
f 6133/6133 6132/6132 6134/6134
f 4851/4851 4635/4635 5459/5459
f 6132/6132 6135/6135 6134/6134
f 5459/5459 4635/4635 4852/4852
f 4635/4635 4636/4636 4852/4852
f 4636/4636 4849/4849 4852/4852
f 4852/4852 4849/4849 5185/5185
f 6117/6117 6116/6116 6113/6113
f 6113/6113 6116/6116 6114/6114
f 4642/4642 4644/4644 5423/5423
f 5978/5978 5977/5977 5970/5970
f 5965/5965 5968/5968 5969/5969
f 5968/5968 5971/5971 5972/5972
f 4814/4814 4813/4813 4816/4816
f 6272/6272 6273/6273 6274/6274
f 5132/5132 4833/4833 4838/4838
f 4830/4830 4833/4833 5132/5132
f 4830/4830 4831/4831 4832/4832
f 4840/4840 5349/5349 4831/4831
f 6178/6178 6179/6179 6176/6176
f 6179/6179 6180/6180 6176/6176
f 6180/6180 6184/6184 6194/6194
f 5168/5168 4293/4293 4892/4892
f 5168/5168 4287/4287 4293/4293
f 4287/4287 4285/4285 4293/4293
f 4284/4284 4283/4283 4285/4285
f 4284/4284 4282/4282 4283/4283
f 4282/4282 4277/4277 4276/4276
f 4277/4277 4275/4275 4276/4276
f 4281/4281 5154/5154 4273/4273
f 4281/4281 4273/4273 4275/4275
f 5154/5154 4345/4345 4273/4273
f 4345/4345 4269/4269 4273/4273
f 4272/4272 5047/5047 4338/4338
f 4338/4338 4358/4358 4321/4321
f 4324/4324 4326/4326 4325/4325
f 4326/4326 4328/4328 4327/4327
f 5260/5260 3815/3815 3816/3816
f 3823/3823 3825/3825 3826/3826
f 3825/3825 3827/3827 3826/3826
f 2951/2951 2948/2948 2974/2974
f 2945/2945 2953/2953 2947/2947
f 99/99 85/85 108/108
f 105/105 97/97 99/99
f 96/96 93/93 104/104
f 93/93 97/97 104/104
f 98/98 95/95 106/106
f 95/95 107/107 106/106
f 4851/4851 4634/4634 4635/4635
f 4637/4637 4850/4850 4849/4849
f 4642/4642 4850/4850 4640/4640
f 4642/4642 4643/4643 4644/4644
f 4643/4643 4645/4645 4644/4644
f 5290/5290 4783/4783 4785/4785
f 5965/5965 5966/5966 5968/5968
f 5966/5966 5971/5971 5968/5968
f 4812/4812 4813/4813 4814/4814
f 4816/4816 4813/4813 4810/4810
f 4292/4292 4287/4287 5168/5168
f 4286/4286 4285/4285 4287/4287
f 4286/4286 4284/4284 4285/4285
f 4358/4358 4334/4334 4321/4321
f 4326/4326 5139/5139 4328/4328
f 5867/5867 5866/5866 5868/5868
f 3818/3818 3817/3817 3815/3815
f 3817/3817 3819/3819 3820/3820
f 3819/3819 3821/3821 3820/3820
f 3821/3821 3823/3823 3826/3826
f 2985/2985 2970/2970 2971/2971
f 2970/2970 2969/2969 2971/2971
f 2970/2970 2952/2952 2969/2969
f 2952/2952 2951/2951 2969/2969
f 2946/2946 2940/2940 2944/2944
f 2940/2940 2941/2941 2944/2944
f 2539/2539 2555/2555 2554/2554
f 85/85 102/102 112/112
f 1761/1761 1762/1762 1763/1763
f 1762/1762 1764/1764 1763/1763
f 4623/4623 4624/4624 4853/4853
f 2364/2364 2385/2385 2388/2388
f 6131/6131 6132/6132 6133/6133
f 4633/4633 4636/4636 4635/4635
f 4637/4637 4640/4640 4850/4850
f 4812/4812 4810/4810 4813/4813
f 4810/4810 4812/4812 4811/4811
f 4810/4810 5505/5505 5132/5132
f 4810/4810 5132/5132 4816/4816
f 5505/5505 4829/4829 5132/5132
f 4829/4829 4830/4830 5132/5132
f 4829/4829 4828/4828 4830/4830
f 4830/4830 4828/4828 4831/4831
f 4828/4828 4840/4840 4831/4831
f 4828/4828 4827/4827 4840/4840
f 4840/4840 4827/4827 5349/5349
f 4827/4827 4842/4842 5349/5349
f 4841/4841 4842/4842 4827/4827
f 4841/4841 4844/4844 4842/4842
f 6181/6181 6180/6180 6179/6179
f 6180/6180 6182/6182 6184/6184
f 4288/4288 4286/4286 4287/4287
f 4277/4277 4281/4281 4275/4275
f 4281/4281 5336/5336 5154/5154
f 5336/5336 4308/4308 5154/5154
f 5154/5154 4308/4308 4345/4345
f 4308/4308 4269/4269 4345/4345
f 4268/4268 4272/4272 4270/4270
f 4343/4343 5047/5047 4272/4272
f 5047/5047 4358/4358 4338/4338
f 4358/4358 5017/5017 4334/4334
f 4334/4334 4330/4330 4324/4324
f 4330/4330 4331/4331 4326/4326
f 4330/4330 4326/4326 4324/4324
f 4331/4331 5139/5139 4326/4326
f 5866/5866 5869/5869 5868/5868
f 5260/5260 3818/3818 3815/3815
f 3818/3818 3819/3819 3817/3817
f 3819/3819 3822/3822 3821/3821
f 3822/3822 3824/3824 3823/3823
f 3822/3822 3823/3823 3821/3821
f 2155/2155 2154/2154 2150/2150
f 3824/3824 3825/3825 3823/3823
f 3825/3825 3828/3828 3827/3827
f 2953/2953 2956/2956 3011/3011
f 2956/2956 3085/3085 3011/3011
f 2546/2546 2547/2547 2539/2539
f 86/86 99/99 97/97
f 95/95 96/96 107/107
f 90/90 95/95 98/98
f 135/135 91/91 110/110
f 91/91 98/98 109/109
f 91/91 109/109 110/110
f 2781/2781 2782/2782 2760/2760
f 2364/2364 2361/2361 2385/2385
f 5297/5297 4632/4632 4851/4851
f 2326/2326 2361/2361 2364/2364
f 4632/4632 4634/4634 4851/4851
f 4632/4632 4633/4633 4634/4634
f 4634/4634 4633/4633 4635/4635
f 4633/4633 4637/4637 4636/4636
f 2325/2325 2361/2361 2326/2326
f 4639/4639 4640/4640 4637/4637
f 2325/2325 2353/2353 2361/2361
f 4641/4641 4768/4768 4643/4643
f 2325/2325 2324/2324 2353/2353
f 4769/4769 4783/4783 5290/5290
f 4783/4783 4781/4781 4785/4785
f 4809/4809 4810/4810 4811/4811
f 4826/4826 4829/4829 5505/5505
f 4826/4826 4828/4828 4829/4829
f 6181/6181 6182/6182 6180/6180
f 4292/4292 4288/4288 4287/4287
f 4286/4286 4291/4291 4284/4284
f 4291/4291 4282/4282 4284/4284
f 4277/4277 5336/5336 4281/4281
f 4269/4269 4268/4268 4270/4270
f 4268/4268 4343/4343 4272/4272
f 5771/5771 5772/5772 5773/5773
f 5017/5017 4330/4330 4334/4334
f 5865/5865 5866/5866 5867/5867
f 5735/5735 5732/5732 5734/5734
f 2950/2950 2951/2951 2952/2952
f 2950/2950 2948/2948 2951/2951
f 2948/2948 2940/2940 2946/2946
f 2941/2941 2945/2945 2944/2944
f 2945/2945 2956/2956 2953/2953
f 2956/2956 3083/3083 3085/3085
f 3083/3083 3084/3084 3085/3085
f 3085/3085 3084/3084 3086/3086
f 86/86 85/85 99/99
f 93/93 88/88 97/97
f 95/95 89/89 96/96
f 4623/4623 4621/4621 4624/4624
f 4621/4621 4625/4625 4624/4624
f 4625/4625 4626/4626 5297/5297
f 5297/5297 4626/4626 4632/4632
f 4626/4626 4631/4631 4632/4632
f 4631/4631 4633/4633 4632/4632
f 4631/4631 4865/4865 4633/4633
f 4865/4865 4638/4638 4633/4633
f 4638/4638 4637/4637 4633/4633
f 4638/4638 4639/4639 4637/4637
f 4786/4786 4768/4768 4641/4641
f 5965/5965 5964/5964 5966/5966
f 4815/4815 4809/4809 4811/4811
f 4810/4810 4817/4817 5505/5505
f 6244/6244 6246/6246 6247/6247
f 4839/4839 4841/4841 4827/4827
f 4291/4291 5045/5045 4282/4282
f 4282/4282 4873/4873 4277/4277
f 4277/4277 4873/4873 5336/5336
f 4340/4340 4308/4308 5336/5336
f 4297/4297 5047/5047 4343/4343
f 4297/4297 4307/4307 5047/5047
f 5772/5772 5771/5771 5774/5774
f 4330/4330 4332/4332 4331/4331
f 3858/3858 3856/3856 5260/5260
f 3856/3856 3855/3855 5260/5260
f 5321/5321 3822/3822 3819/3819
f 3822/3822 5261/5261 3824/3824
f 5261/5261 5086/5086 3825/3825
f 5261/5261 3825/3825 3824/3824
f 5086/5086 3829/3829 3825/3825
f 3829/3829 3828/3828 3825/3825
f 2970/2970 2960/2960 2952/2952
f 2939/2939 2941/2941 2940/2940
f 2941/2941 2943/2943 2945/2945
f 2847/2847 2751/2751 2838/2838
f 89/89 93/93 96/96
f 91/91 90/90 98/98
f 4622/4622 4621/4621 4623/4623
f 4628/4628 4631/4631 4626/4626
f 4638/4638 5391/5391 4639/4639
f 5258/5258 4809/4809 4815/4815
f 6244/6244 6245/6245 6246/6246
f 4823/4823 4824/4824 4826/4826
f 4824/4824 4827/4827 4826/4826
f 4824/4824 4839/4839 4827/4827
f 4839/4839 4843/4843 4841/4841
f 4843/4843 4844/4844 4841/4841
f 5490/5490 5045/5045 4291/4291
f 6259/6259 6260/6260 6261/6261
f 4340/4340 4309/4309 4308/4308
f 4308/4308 4265/4265 4269/4269
f 4265/4265 4268/4268 4269/4269
f 4296/4296 4343/4343 4268/4268
f 4307/4307 4300/4300 5017/5017
f 4332/4332 5178/5178 4331/4331
f 5861/5861 5862/5862 5863/5863
f 3901/3901 3858/3858 5139/5139
f 3857/3857 3856/3856 3858/3858
f 3854/3854 3855/3855 3856/3856
f 5787/5787 5786/5786 5788/5788
f 5321/5321 5261/5261 3822/3822
f 2950/2950 2952/2952 2960/2960
f 2948/2948 2938/2938 2940/2940
f 2954/2954 2956/2956 2945/2945
f 127/127 130/130 129/129
f 92/92 89/89 95/95
f 135/135 94/94 91/91
f 4621/4621 4627/4627 4626/4626
f 4621/4621 4626/4626 4625/4625
f 4627/4627 4628/4628 4626/4626
f 4628/4628 5508/5508 4865/4865
f 4628/4628 4865/4865 4631/4631
f 4630/4630 5508/5508 4628/4628
f 5508/5508 4847/4847 5391/5391
f 4847/4847 4771/4771 5391/5391
f 4771/4771 4768/4768 4786/4786
f 4769/4769 4780/4780 4781/4781
f 5962/5962 5963/5963 5964/5964
f 5962/5962 5964/5964 5965/5965
f 5258/5258 4807/4807 4809/4809
f 4807/4807 4808/4808 4809/4809
f 4808/4808 4806/4806 4817/4817
f 4289/4289 4288/4288 4292/4292
f 4289/4289 4286/4286 4288/4288
f 4286/4286 4289/4289 4291/4291
f 4282/4282 4874/4874 4873/4873
f 6262/6262 6260/6260 6259/6259
f 4309/4309 4265/4265 4308/4308
f 4298/4298 4300/4300 4307/4307
f 5700/5700 5698/5698 5697/5697
f 5698/5698 5694/5694 5697/5697
f 5694/5694 5696/5696 5697/5697
f 5861/5861 5864/5864 5862/5862
f 3901/3901 3857/3857 3858/3858
f 3857/3857 3854/3854 3856/3856
f 3854/3854 3853/3853 3855/3855
f 5732/5732 5733/5733 5734/5734
f 5259/5259 3819/3819 3818/3818
f 5785/5785 5786/5786 5787/5787
f 5086/5086 3831/3831 3829/3829
f 3829/3829 3830/3830 3828/3828
f 3831/3831 3830/3830 3829/3829
f 2961/2961 2950/2950 2960/2960
f 2950/2950 2949/2949 2948/2948
f 2949/2949 2938/2938 2948/2948
f 2943/2943 2954/2954 2945/2945
f 2967/2967 3083/3083 2956/2956
f 128/128 127/127 129/129
f 85/85 101/101 102/102
f 1758/1758 1762/1762 1761/1761
f 88/88 86/86 97/97
f 89/89 87/87 93/93
f 87/87 88/88 93/93
f 92/92 95/95 90/90
f 136/136 94/94 135/135
f 4627/4627 4629/4629 4628/4628
f 4630/4630 4629/4629 4627/4627
f 6100/6100 6101/6101 6102/6102
f 4777/4777 4847/4847 5508/5508
f 4847/4847 4772/4772 4771/4771
f 4770/4770 4771/4771 4772/4772
f 4771/4771 4770/4770 4768/4768
f 4770/4770 4769/4769 4768/4768
f 4779/4779 4780/4780 4769/4769
f 4784/4784 5258/5258 4782/4782
f 4806/4806 4818/4818 5333/5333
f 4806/4806 5333/5333 4817/4817
f 5333/5333 4818/4818 4823/4823
f 4818/4818 4822/4822 4823/4823
f 4822/4822 4824/4824 4823/4823
f 4824/4824 5356/5356 4839/4839
f 5356/5356 4843/4843 4839/4839
f 4843/4843 5300/5300 4844/4844
f 6181/6181 6183/6183 6182/6182
f 5300/5300 4289/4289 4292/4292
f 4289/4289 5490/5490 4291/4291
f 6235/6235 6236/6236 6234/6234
f 5045/5045 4874/4874 4282/4282
f 4874/4874 5026/5026 4873/4873
f 4266/4266 4268/4268 4265/4265
f 4268/4268 4266/4266 4296/4296
f 4296/4296 4297/4297 4343/4343
f 4298/4298 4307/4307 4297/4297
f 3853/3853 5259/5259 3855/3855
f 3845/3845 3843/3843 5321/5321
f 5321/5321 3843/3843 5261/5261
f 3843/3843 5086/5086 5261/5261
f 2938/2938 2939/2939 2940/2940
f 2954/2954 2955/2955 2956/2956
f 2955/2955 2967/2967 2956/2956
f 127/127 125/125 130/130
f 1759/1759 1761/1761 1786/1786
f 1758/1758 1775/1775 1762/1762
f 83/83 86/86 88/88
f 4620/4620 4621/4621 4622/4622
f 4864/4864 5177/5177 4627/4627
f 4864/4864 4627/4627 4621/4621
f 4627/4627 5172/5172 4630/4630
f 6098/6098 6097/6097 6100/6100
f 4775/4775 4777/4777 4776/4776
f 4775/4775 4772/4772 4847/4847
f 4773/4773 4770/4770 4772/4772
f 4770/4770 4779/4779 4769/4769
f 4779/4779 4784/4784 4780/4780
f 4784/4784 5352/5352 5258/5258
f 2481/2481 2483/2483 2469/2469
f 5258/5258 5352/5352 4807/4807
f 4821/4821 4822/4822 4818/4818
f 4822/4822 5356/5356 4824/4824
f 4377/4377 4376/4376 5045/5045
f 4377/4377 5045/5045 5490/5490
f 6204/6204 6205/6205 6206/6206
f 6207/6207 6208/6208 6205/6205
f 4874/4874 5307/5307 5026/5026
f 4310/4310 4340/4340 5026/5026
f 4310/4310 4265/4265 4309/4309
f 4299/4299 4300/4300 4298/4298
f 5692/5692 5694/5694 5698/5698
f 5694/5694 5695/5695 5696/5696
f 5696/5696 5695/5695 5699/5699
f 5178/5178 3874/3874 3901/3901
f 5249/5249 3857/3857 3901/3901
f 3845/3845 3844/3844 3843/3843
f 3843/3843 3831/3831 5086/5086
f 3831/3831 3832/3832 3830/3830
f 3046/3046 2961/2961 2960/2960
f 2943/2943 2955/2955 2954/2954
f 2675/2675 2640/2640 2641/2641
f 2640/2640 2637/2637 2641/2641
f 81/81 85/85 86/86
f 87/87 82/82 88/88
f 79/79 89/89 92/92
f 90/90 77/77 92/92
f 94/94 76/76 91/91
f 91/91 76/76 90/90
f 76/76 77/77 90/90
f 4776/4776 4777/4777 4778/4778
f 4776/4776 4774/4774 4775/4775
f 4774/4774 4773/4773 4772/4772
f 4773/4773 5068/5068 4770/4770
f 4779/4779 5456/5456 4784/4784
f 5456/5456 5408/5408 4784/4784
f 4784/4784 5408/5408 5352/5352
f 2481/2481 2482/2482 2483/2483
f 4806/4806 4804/4804 4818/4818
f 5356/5356 5511/5511 4843/4843
f 6231/6231 6229/6229 6228/6228
f 6228/6228 6229/6229 6230/6230
f 6232/6232 6233/6233 6234/6234
f 6233/6233 6235/6235 6234/6234
f 6204/6204 6207/6207 6205/6205
f 4263/4263 4266/4266 4265/4265
f 4266/4266 4267/4267 4296/4296
f 4267/4267 4297/4297 4296/4296
f 3874/3874 3873/3873 3901/3901
f 5249/5249 3854/3854 3857/3857
f 3847/3847 5259/5259 3853/3853
f 5259/5259 3847/3847 3845/3845
f 3843/3843 3833/3833 3831/3831
f 2941/2941 2942/2942 2943/2943
f 2957/2957 2955/2955 2943/2943
f 2640/2640 2633/2633 2637/2637
f 2633/2633 2636/2636 2637/2637
f 1759/1759 1758/1758 1761/1761
f 82/82 83/83 88/88
f 84/84 79/79 92/92
f 4620/4620 4619/4619 4621/4621
f 2394/2394 2413/2413 2387/2387
f 5516/5516 5177/5177 4864/4864
f 6099/6099 6096/6096 6098/6098
f 6098/6098 6096/6096 6097/6097
f 6094/6094 6090/6090 6093/6093
f 6090/6090 6091/6091 6092/6092
f 6090/6090 6092/6092 6093/6093
f 4770/4770 4787/4787 4779/4779
f 4787/4787 4788/4788 4779/4779
f 4779/4779 4788/4788 5456/5456
f 4848/4848 5456/5456 4788/4788
f 5408/5408 4845/4845 5352/5352
f 5352/5352 4845/4845 4807/4807
f 4845/4845 4805/4805 4807/4807
f 4802/4802 4805/4805 4845/4845
f 4802/4802 4804/4804 4805/4805
f 4805/4805 4804/4804 4806/4806
f 4804/4804 4819/4819 4818/4818
f 4818/4818 4819/4819 4821/4821
f 4819/4819 4825/4825 4821/4821
f 4825/4825 5356/5356 4821/4821
f 4350/4350 4376/4376 4377/4377
f 4349/4349 5256/5256 4376/4376
f 6207/6207 6209/6209 6208/6208
f 5307/5307 5421/5421 5026/5026
f 5421/5421 4310/4310 5026/5026
f 4336/4336 4265/4265 4310/4310
f 4263/4263 4267/4267 4266/4266
f 4267/4267 4299/4299 4298/4298
f 4267/4267 4298/4298 4297/4297
f 5688/5688 5690/5690 5692/5692
f 5692/5692 5690/5690 5694/5694
f 5694/5694 5690/5690 5695/5695
f 3905/3905 3869/3869 3874/3874
f 3869/3869 3873/3873 3874/3874
f 5249/5249 3852/3852 3854/3854
f 3852/3852 3853/3853 3854/3854
f 3847/3847 3846/3846 3845/3845
f 3844/3844 3835/3835 3843/3843
f 3835/3835 3833/3833 3843/3843
f 3833/3833 3832/3832 3831/3831
f 2950/2950 2958/2958 2949/2949
f 362/362 470/470 464/464
f 3082/3082 3084/3084 3083/3083
f 81/81 70/70 85/85
f 70/70 101/101 85/85
f 83/83 81/81 86/86
f 89/89 79/79 87/87
f 77/77 84/84 92/92
f 4617/4617 4864/4864 4619/4619
f 2394/2394 2412/2412 2413/2413
f 5295/5295 5516/5516 4864/4864
f 2395/2395 2412/2412 2394/2394
f 4574/4574 5145/5145 4571/4571
f 5068/5068 4787/4787 4770/4770
f 4848/4848 4793/4793 5456/5456
f 4793/4793 5408/5408 5456/5456
f 4870/4870 4825/4825 4819/4819
f 6241/6241 6242/6242 6243/6243
f 4359/4359 4350/4350 5300/5300
f 4349/4349 4351/4351 5256/5256
f 4351/4351 5421/5421 5256/5256
f 5421/5421 4336/4336 4310/4310
f 4336/4336 4261/4261 4265/4265
f 4265/4265 4261/4261 4263/4263
f 4267/4267 4301/4301 4299/4299
f 4299/4299 4302/4302 4300/4300
f 3852/3852 3847/3847 3853/3853
f 3846/3846 3835/3835 3845/3845
f 3845/3845 3835/3835 3844/3844
f 3046/3046 2964/2964 2961/2961
f 2958/2958 2950/2950 2961/2961
f 2959/2959 2938/2938 2949/2949
f 2939/2939 2942/2942 2941/2941
f 101/101 126/126 128/128
f 126/126 127/127 128/128
f 2846/2846 2735/2735 2847/2847
f 79/79 82/82 87/87
f 136/136 76/76 94/94
f 4618/4618 4619/4619 4620/4620
f 5295/5295 5296/5296 5516/5516
f 6119/6119 6120/6120 6121/6121
f 5516/5516 5411/5411 5146/5146
f 5411/5411 4571/4571 5146/5146
f 4571/4571 5145/5145 5146/5146
f 4571/4571 4570/4570 4574/4574
f 4570/4570 4572/4572 4574/4574
f 5960/5960 5959/5959 5958/5958
f 4572/4572 5068/5068 4574/4574
f 5959/5959 5955/5955 5958/5958
f 5958/5958 5955/5955 5957/5957
f 4789/4789 4788/4788 4787/4787
f 4791/4791 4848/4848 4788/4788
f 4791/4791 4793/4793 4848/4848
f 4793/4793 4796/4796 5408/5408
f 5408/5408 4796/4796 4845/4845
f 4796/4796 4802/4802 4845/4845
f 4804/4804 4820/4820 4819/4819
f 4820/4820 4870/4870 4819/4819
f 6240/6240 6237/6237 6239/6239
f 6237/6237 6238/6238 6239/6239
f 4371/4371 4375/4375 5356/5356
f 4375/4375 4360/4360 5511/5511
f 4347/4347 4350/4350 4359/4359
f 4347/4347 4348/4348 4350/4350
f 4348/4348 4349/4349 4350/4350
f 4350/4350 4349/4349 4376/4376
f 4260/4260 4261/4261 4336/4336
f 4301/4301 4306/4306 4299/4299
f 4303/4303 4305/4305 4302/4302
f 4303/4303 4302/4302 4299/4299
f 3869/3869 3868/3868 3873/3873
f 5710/5710 5711/5711 5712/5712
f 5710/5710 5713/5713 5711/5711
f 3847/3847 3848/3848 3846/3846
f 3846/3846 5085/5085 3835/3835
f 3835/3835 3834/3834 3833/3833
f 3834/3834 3832/3832 3833/3833
f 2959/2959 2949/2949 2958/2958
f 2959/2959 2962/2962 2938/2938
f 2962/2962 2939/2939 2938/2938
f 2942/2942 2957/2957 2943/2943
f 1758/1758 1756/1756 1775/1775
f 80/80 81/81 83/83
f 73/73 79/79 84/84
f 77/77 73/73 84/84
f 4617/4617 4619/4619 4618/4618
f 5411/5411 4573/4573 4571/4571
f 4568/4568 4570/4570 4571/4571
f 5955/5955 5956/5956 5957/5957
f 4789/4789 4790/4790 4788/4788
f 4792/4792 4794/4794 4793/4793
f 4794/4794 4796/4796 4793/4793
f 4796/4796 4797/4797 4802/4802
f 4797/4797 4803/4803 4802/4802
f 4869/4869 4820/4820 4804/4804
f 4360/4360 4347/4347 4359/4359
f 5421/5421 4260/4260 4336/4336
f 4263/4263 4386/4386 4267/4267
f 4386/4386 4301/4301 4267/4267
f 4306/4306 4304/4304 4299/4299
f 4304/4304 4303/4303 4299/4299
f 5688/5688 5689/5689 5690/5690
f 3867/3867 3866/3866 3868/3868
f 3867/3867 3868/3868 3869/3869
f 3851/3851 3850/3850 3847/3847
f 3851/3851 3847/3847 3852/3852
f 2964/2964 2958/2958 2961/2961
f 75/75 83/83 82/82
f 79/79 68/68 82/82
f 72/72 73/73 77/77
f 74/74 77/77 76/76
f 4617/4617 5294/5294 4864/4864
f 4864/4864 5294/5294 5295/5295
f 5294/5294 5296/5296 5295/5295
f 6125/6125 6124/6124 6122/6122
f 4568/4568 4563/4563 4570/4570
f 4570/4570 4563/4563 4572/4572
f 4563/4563 4575/4575 4572/4572
f 4564/4564 5197/5197 4575/4575
f 5955/5955 5961/5961 5956/5956
f 5197/5197 4790/4790 4789/4789
f 4868/4868 4803/4803 4797/4797
f 6278/6278 6279/6279 6280/6280
f 6251/6251 6249/6249 6248/6248
f 6248/6248 6249/6249 6250/6250
f 4372/4372 4369/4369 4371/4371
f 4372/4372 4371/4371 4870/4870
f 4369/4369 4365/4365 4371/4371
f 4365/4365 4362/4362 4375/4375
f 4365/4365 4375/4375 4371/4371
f 4362/4362 4361/4361 4360/4360
f 4362/4362 4360/4360 4375/4375
f 4361/4361 4347/4347 4360/4360
f 4349/4349 4252/4252 4351/4351
f 4351/4351 4253/4253 5421/5421
f 4253/4253 4342/4342 5421/5421
f 4342/4342 4260/4260 5421/5421
f 4260/4260 4259/4259 4261/4261
f 4262/4262 4263/4263 4261/4261
f 4304/4304 4305/4305 4303/4303
f 5133/5133 3872/3872 3905/3905
f 5713/5713 5714/5714 5711/5711
f 3850/3850 3849/3849 3847/3847
f 3849/3849 3848/3848 3847/3847
f 5085/5085 3834/3834 3835/3835
f 3834/3834 3836/3836 3832/3832
f 2124/2124 2106/2106 2149/2149
f 3023/3023 2964/2964 3046/3046
f 2964/2964 2966/2966 2958/2958
f 2966/2966 2965/2965 2958/2958
f 2965/2965 2959/2959 2958/2958
f 2962/2962 2963/2963 2939/2939
f 2939/2939 2963/2963 2942/2942
f 2955/2955 2986/2986 2967/2967
f 2967/2967 3079/3079 3083/3083
f 3083/3083 3079/3079 3082/3082
f 70/70 126/126 101/101
f 75/75 80/80 83/83
f 75/75 82/82 68/68
f 73/73 68/68 79/79
f 6123/6123 6122/6122 6119/6119
f 5458/5458 5457/5457 4573/4573
f 5457/5457 4569/4569 4573/4573
f 4568/4568 4567/4567 4563/4563
f 4794/4794 4797/4797 4796/4796
f 4365/4365 4364/4364 4362/4362
f 4346/4346 4252/4252 4347/4347
f 4252/4252 4348/4348 4347/4347
f 4348/4348 4252/4252 4349/4349
f 4252/4252 4253/4253 4351/4351
f 4342/4342 4257/4257 4260/4260
f 4257/4257 4259/4259 4260/4260
f 4259/4259 4262/4262 4261/4261
f 4264/4264 4386/4386 4263/4263
f 3867/3867 3863/3863 3866/3866
f 3863/3863 3865/3865 3866/3866
f 5714/5714 5715/5715 5711/5711
f 3902/3902 3851/3851 3852/3852
f 3838/3838 3834/3834 5085/5085
f 2965/2965 2962/2962 2959/2959
f 2963/2963 2957/2957 2942/2942
f 2957/2957 2986/2986 2955/2955
f 2986/2986 3001/3001 2967/2967
f 3001/3001 3079/3079 2967/2967
f 2642/2642 2633/2633 2640/2640
f 80/80 69/69 81/81
f 69/69 70/70 81/81
f 2732/2732 2735/2735 2846/2846
f 74/74 72/72 77/77
f 103/103 76/76 136/136
f 4604/4604 5294/5294 4617/4617
f 6123/6123 6126/6126 6122/6122
f 6126/6126 6127/6127 6125/6125
f 6126/6126 6125/6125 6122/6122
f 3484/3484 3482/3482 3481/3481
f 4562/4562 4563/4563 4567/4567
f 4564/4564 4566/4566 5197/5197
f 5979/5979 5980/5980 5981/5981
f 5982/5982 5980/5980 5979/5979
f 5402/5402 4795/4795 4790/4790
f 4790/4790 4795/4795 4792/4792
f 4846/4846 4794/4794 4792/4792
f 4798/4798 4799/4799 4797/4797
f 4798/4798 4797/4797 4794/4794
f 4799/4799 4867/4867 4797/4797
f 6278/6278 6281/6281 6279/6279
f 4387/4387 4370/4370 4372/4372
f 4387/4387 4372/4372 4869/4869
f 4370/4370 4369/4369 4372/4372
f 4366/4366 4364/4364 4365/4365
f 5083/5083 4355/4355 4347/4347
f 5083/5083 4347/4347 4361/4361
f 4252/4252 4249/4249 4253/4253
f 4249/4249 4254/4254 4253/4253
f 4254/4254 4255/4255 4253/4253
f 4253/4253 4255/4255 4342/4342
f 4255/4255 4257/4257 4342/4342
f 4262/4262 4264/4264 4263/4263
f 4386/4386 4306/4306 4301/4301
f 4306/4306 5013/5013 4304/4304
f 5688/5688 5691/5691 5689/5689
f 3906/3906 3872/3872 5133/5133
f 3906/3906 3871/3871 3872/3872
f 3871/3871 3870/3870 3872/3872
f 3871/3871 3867/3867 3870/3870
f 3850/3850 3904/3904 3849/3849
f 5778/5778 5776/5776 5775/5775
f 5775/5775 5776/5776 5777/5777
f 3838/3838 3837/3837 3834/3834
f 3834/3834 3837/3837 3836/3836
f 3837/3837 3839/3839 3836/3836
f 3023/3023 2991/2991 2964/2964
f 2964/2964 2991/2991 2966/2966
f 2966/2966 2994/2994 2965/2965
f 2989/2989 2963/2963 2962/2962
f 2987/2987 2957/2957 2963/2963
f 2988/2988 2986/2986 2957/2957
f 123/123 125/125 126/126
f 1759/1759 1755/1755 1758/1758
f 67/67 69/69 80/80
f 1755/1755 1754/1754 1756/1756
f 1755/1755 1756/1756 1758/1758
f 67/67 80/80 75/75
f 52/52 68/68 73/73
f 76/76 30/30 74/74
f 4604/4604 4578/4578 5294/5294
f 4578/4578 4607/4607 5294/5294
f 4578/4578 4605/4605 4607/4607
f 4607/4607 4605/4605 5457/5457
f 6128/6128 6129/6129 6130/6130
f 5514/5514 5457/5457 4605/4605
f 3483/3483 3482/3482 3485/3485
f 3709/3709 3710/3710 3711/3711
f 4563/4563 4560/4560 4564/4564
f 4560/4560 4566/4566 4564/4564
f 4800/4800 4799/4799 4798/4798
f 4389/4389 4387/4387 4868/4868
f 4370/4370 4368/4368 4369/4369
f 4368/4368 4367/4367 4365/4365
f 4368/4368 4365/4365 4369/4369
f 4367/4367 4366/4366 4365/4365
f 4364/4364 4363/4363 4362/4362
f 4363/4363 4361/4361 4362/4362
f 4355/4355 4346/4346 4347/4347
f 4250/4250 4249/4249 4252/4252
f 4256/4256 4257/4257 4255/4255
f 6165/6165 6166/6166 6167/6167
f 6165/6165 6168/6168 6166/6166
f 5013/5013 5044/5044 4305/4305
f 5013/5013 4305/4305 4304/4304
f 5693/5693 5691/5691 5688/5688
f 3871/3871 3875/3875 3867/3867
f 3875/3875 3863/3863 3867/3867
f 3863/3863 3864/3864 3865/3865
f 3860/3860 3859/3859 3851/3851
f 3860/3860 3851/3851 3902/3902
f 3851/3851 3859/3859 3850/3850
f 3859/3859 3904/3904 3850/3850
f 2996/2996 2966/2966 2991/2991
f 2990/2990 2962/2962 2965/2965
f 2989/2989 2987/2987 2963/2963
f 3079/3079 3080/3080 3082/3082
f 70/70 123/123 126/126
f 1760/1760 1755/1755 1759/1759
f 66/66 67/67 75/75
f 72/72 71/71 73/73
f 4579/4579 4578/4578 4604/4604
f 4606/4606 5514/5514 4605/4605
f 4561/4561 4560/4560 4562/4562
f 4539/4539 5324/5324 4560/4560
f 5324/5324 4566/4566 4560/4560
f 4566/4566 5324/5324 5402/5402
f 3739/3739 3740/3740 3741/3741
f 4801/4801 4798/4798 4846/4846
f 4389/4389 4388/4388 4387/4387
f 4388/4388 4370/4370 4387/4387
f 4367/4367 4374/4374 4366/4366
f 4366/4366 4374/4374 4364/4364
f 4374/4374 4363/4363 4364/4364
f 4355/4355 4250/4250 4346/4346
f 4346/4346 4250/4250 4252/4252
f 4250/4250 4248/4248 4249/4249
f 4254/4254 4256/4256 4255/4255
f 4256/4256 4258/4258 4257/4257
f 4258/4258 4259/4259 4257/4257
f 4335/4335 4262/4262 4259/4259
f 4262/4262 4335/4335 4264/4264
f 4264/4264 4379/4379 4386/4386
f 3862/3862 3860/3860 3863/3863
f 3863/3863 3860/3860 3864/3864
f 5379/5379 3849/3849 3904/3904
f 5778/5778 5779/5779 5776/5776
f 3839/3839 3840/3840 3836/3836
f 3019/3019 2991/2991 3023/3023
f 2996/2996 2994/2994 2966/2966
f 2987/2987 2988/2988 2957/2957
f 123/123 124/124 125/125
f 117/117 123/123 70/70
f 66/66 53/53 67/67
f 68/68 66/66 75/75
f 103/103 30/30 76/76
f 30/30 72/72 74/74
f 4581/4581 4579/4579 4604/4604
f 4581/4581 4604/4604 4616/4616
f 4579/4579 4558/4558 4578/4578
f 4558/4558 4559/4559 4578/4578
f 4559/4559 4605/4605 4578/4578
f 2403/2403 2408/2408 2414/2414
f 4606/4606 4609/4609 5514/5514
f 6109/6109 6111/6111 6112/6112
f 5517/5517 5403/5403 4561/4561
f 5514/5514 4561/4561 4565/4565
f 5403/5403 4536/4536 4561/4561
f 4536/4536 4560/4560 4561/4561
f 4536/4536 4539/4539 4560/4560
f 2404/2404 2488/2488 2513/2513
f 5334/5334 5402/5402 5324/5324
f 2513/2513 2495/2495 2404/2404
f 5983/5983 5984/5984 5985/5985
f 5402/5402 4801/4801 4846/4846
f 2485/2485 2495/2495 2513/2513
f 4867/4867 4390/4390 4389/4389
f 6017/6017 6019/6019 6018/6018
f 4390/4390 4388/4388 4389/4389
f 4370/4370 4373/4373 4368/4368
f 4367/4367 5152/5152 4374/4374
f 5338/5338 4363/4363 4374/4374
f 5338/5338 4355/4355 5083/5083
f 5153/5153 4250/4250 4355/4355
f 4249/4249 4357/4357 4254/4254
f 4357/4357 4256/4256 4254/4254
f 4378/4378 4379/4379 4264/4264
f 3908/3908 3906/3906 5044/5044
f 3908/3908 3907/3907 3906/3906
f 3906/3906 3907/3907 3871/3871
f 3875/3875 3862/3862 3863/3863
f 3903/3903 5379/5379 3859/3859
f 5780/5780 5779/5779 5778/5778
f 3019/3019 2997/2997 2991/2991
f 2997/2997 2996/2996 2991/2991
f 2994/2994 2990/2990 2965/2965
f 2990/2990 2989/2989 2962/2962
f 2642/2642 2634/2634 2633/2633
f 2633/2633 2634/2634 2635/2635
f 53/53 69/69 67/67
f 4557/4557 4609/4609 4559/4559
f 4559/4559 4609/4609 4606/4606
f 6109/6109 6110/6110 6111/6111
f 4536/4536 4535/4535 4539/4539
f 4555/4555 5324/5324 4535/4535
f 5986/5986 5984/5984 5983/5983
f 5326/5326 5510/5510 4800/4800
f 5326/5326 4800/4800 4801/4801
f 4800/4800 5510/5510 4799/4799
f 6214/6214 6215/6215 6216/6216
f 4888/4888 4373/4373 4370/4370
f 6215/6215 6217/6217 6216/6216
f 4373/4373 5152/5152 4367/4367
f 4251/4251 4248/4248 4250/4250
f 4248/4248 4246/4246 4249/4249
f 4246/4246 4244/4244 4357/4357
f 4246/4246 4357/4357 4249/4249
f 4357/4357 5246/5246 4256/4256
f 4256/4256 5246/5246 4258/4258
f 4258/4258 5246/5246 4259/4259
f 5246/5246 4335/4335 4259/4259
f 4378/4378 4264/4264 4335/4335
f 4382/4382 5013/5013 4379/4379
f 4382/4382 4383/4383 5013/5013
f 5013/5013 4383/4383 5044/5044
f 5701/5701 5702/5702 5703/5703
f 3910/3910 3908/3908 5044/5044
f 3907/3907 5082/5082 3871/3871
f 5082/5082 3875/3875 3871/3871
f 340/340 336/336 332/332
f 2987/2987 2999/2999 2988/2988
f 3000/3000 3001/3001 2986/2986
f 2643/2643 2634/2634 2642/2642
f 53/53 23/23 69/69
f 23/23 70/70 69/69
f 18/18 53/53 66/66
f 52/52 17/17 68/68
f 72/72 27/27 71/71
f 27/27 28/28 71/71
f 159/159 30/30 103/103
f 4581/4581 4580/4580 4579/4579
f 4580/4580 4558/4558 4579/4579
f 4558/4558 4557/4557 4559/4559
f 4557/4557 5517/5517 4609/4609
f 5517/5517 4538/4538 5403/5403
f 4538/4538 4536/4536 5403/5403
f 4555/4555 4542/4542 5334/5334
f 5986/5986 5987/5987 5984/5984
f 4390/4390 4391/4391 4388/4388
f 4388/4388 4888/4888 4370/4370
f 6220/6220 6222/6222 6223/6223
f 4407/4407 4406/4406 5338/5338
f 6213/6213 6210/6210 6212/6212
f 6210/6210 6211/6211 6212/6212
f 5153/5153 4352/4352 4250/4250
f 4352/4352 4251/4251 4250/4250
f 4244/4244 5246/5246 4357/4357
f 5769/5769 5766/5766 5768/5768
f 5766/5766 5767/5767 5768/5768
f 4380/4380 4379/4379 4378/4378
f 3862/3862 3861/3861 3860/3860
f 3876/3876 3903/3903 3861/3861
f 3887/3887 3888/3888 5088/5088
f 5815/5815 5816/5816 5817/5817
f 5087/5087 3839/3839 3837/3837
f 2993/2993 2992/2992 2989/2989
f 2999/2999 2986/2986 2988/2988
f 2999/2999 3000/3000 2986/2986
f 2634/2634 2638/2638 2635/2635
f 23/23 117/117 70/70
f 1755/1755 1752/1752 1754/1754
f 17/17 66/66 68/68
f 28/28 52/52 71/71
f 30/30 27/27 72/72
f 4582/4582 4580/4580 4581/4581
f 4580/4580 5412/5412 4558/4558
f 4558/4558 4556/4556 4557/4557
f 4556/4556 4533/4533 4557/4557
f 4534/4534 4538/4538 4533/4533
f 4537/4537 4540/4540 4535/4535
f 4540/4540 4542/4542 4555/4555
f 4553/4553 5326/5326 5292/5292
f 4547/4547 5510/5510 5326/5326
f 6016/6016 6017/6017 6018/6018
f 3703/3703 3704/3704 3705/3705
f 6217/6217 6219/6219 6220/6220
f 6219/6219 6221/6221 6220/6220
f 6221/6221 6222/6222 6220/6220
f 4352/4352 4353/4353 4251/4251
f 4356/4356 4247/4247 4248/4248
f 4356/4356 4248/4248 4251/4251
f 4247/4247 4245/4245 4246/4246
f 4247/4247 4246/4246 4248/4248
f 4246/4246 4245/4245 4244/4244
f 4245/4245 4233/4233 4244/4244
f 4244/4244 4239/4239 5246/5246
f 5766/5766 5765/5765 5767/5767
f 5065/5065 4385/4385 4378/4378
f 4380/4380 4381/4381 4379/4379
f 4381/4381 4382/4382 4379/4379
f 4381/4381 4383/4383 4382/4382
f 3910/3910 3909/3909 3908/3908
f 3909/3909 3907/3907 3908/3908
f 5042/5042 3907/3907 3909/3909
f 3875/3875 5069/5069 3862/3862
f 3862/3862 3876/3876 3861/3861
f 3903/3903 3887/3887 5379/5379
f 3886/3886 3888/3888 3887/3887
f 3888/3888 3890/3890 3891/3891
f 3890/3890 5087/5087 3891/3891
f 5087/5087 3841/3841 3839/3839
f 3839/3839 3841/3841 3840/3840
f 3019/3019 3049/3049 2997/2997
f 2997/2997 2998/2998 2996/2996
f 2996/2996 2998/2998 2994/2994
f 2995/2995 2990/2990 2994/2994
f 2990/2990 2993/2993 2989/2989
f 2992/2992 2987/2987 2989/2989
f 123/123 122/122 124/124
f 1752/1752 1753/1753 1754/1754
f 17/17 18/18 66/66
f 4583/4583 4580/4580 4582/4582
f 5412/5412 4556/4556 4558/4558
f 4532/4532 4530/4530 4533/4533
f 4533/4533 4530/4530 4534/4534
f 4534/4534 4530/4530 4535/4535
f 4530/4530 4537/4537 4535/4535
f 4541/4541 4542/4542 4540/4540
f 4542/4542 4543/4543 4553/4553
f 4541/4541 4543/4543 4542/4542
f 4553/4553 4547/4547 5326/5326
f 4547/4547 4551/4551 5510/5510
f 6013/6013 6014/6014 6015/6015
f 5285/5285 4392/4392 4390/4390
f 5285/5285 4390/4390 5510/5510
f 4392/4392 4391/4391 4390/4390
f 4888/4888 4401/4401 4404/4404
f 4404/4404 4401/4401 4403/4403
f 4402/4402 4406/4406 4407/4407
f 5153/5153 5454/5454 4353/4353
f 4356/4356 4353/4353 5454/5454
f 4353/4353 4356/4356 4251/4251
f 4247/4247 4875/4875 4245/4245
f 4239/4239 4242/4242 5246/5246
f 4385/4385 4380/4380 4378/4378
f 5042/5042 5043/5043 3907/3907
f 5043/5043 5082/5082 3907/3907
f 5082/5082 5069/5069 3875/3875
f 3862/3862 3877/3877 3876/3876
f 3876/3876 3879/3879 3903/3903
f 3903/3903 3882/3882 3887/3887
f 3882/3882 3886/3886 3887/3887
f 2998/2998 2995/2995 2994/2994
f 2995/2995 2993/2993 2990/2990
f 3014/3014 3000/3000 2999/2999
f 3001/3001 3078/3078 3079/3079
f 3078/3078 3081/3081 3080/3080
f 3078/3078 3080/3080 3079/3079
f 2644/2644 2643/2643 2642/2642
f 117/117 118/118 123/123
f 118/118 122/122 123/123
f 18/18 23/23 53/53
f 52/52 15/15 17/17
f 4584/4584 4608/4608 5412/5412
f 4584/4584 5412/5412 4580/4580
f 5412/5412 4532/4532 4556/4556
f 4531/4531 4528/4528 4530/4530
f 4531/4531 4530/4530 4532/4532
f 4528/4528 4529/4529 4530/4530
f 4537/4537 4541/4541 4540/4540
f 4548/4548 4551/4551 4547/4547
f 4391/4391 4888/4888 4388/4388
f 4888/4888 4395/4395 4401/4401
f 4401/4401 4402/4402 4403/4403
f 4405/4405 4410/4410 4406/4406
f 4405/4405 4406/4406 4402/4402
f 4410/4410 5153/5153 4406/4406
f 6256/6256 6258/6258 6257/6257
f 5347/5347 4247/4247 4356/4356
f 5347/5347 4875/4875 4247/4247
f 4875/4875 4233/4233 4245/4245
f 4233/4233 4234/4234 4244/4244
f 4234/4234 4238/4238 4244/4244
f 4244/4244 4238/4238 4239/4239
f 4240/4240 4242/4242 4239/4239
f 5764/5764 5765/5765 5766/5766
f 4385/4385 4384/4384 4380/4380
f 4384/4384 4381/4381 4380/4380
f 4384/4384 5180/5180 4381/4381
f 5180/5180 4383/4383 4381/4381
f 5704/5704 5702/5702 5701/5701
f 3910/3910 3911/3911 3909/3909
f 3911/3911 3912/3912 3909/3909
f 3912/3912 5042/5042 3909/3909
f 5043/5043 5515/5515 5082/5082
f 5515/5515 5069/5069 5082/5082
f 3877/3877 3878/3878 3876/3876
f 3879/3879 3882/3882 3903/3903
f 3886/3886 3889/3889 3888/3888
f 3889/3889 3892/3892 3890/3890
f 3889/3889 3890/3890 3888/3888
f 3892/3892 5087/5087 3890/3890
f 2997/2997 3018/3018 2998/2998
f 3006/3006 2999/2999 2987/2987
f 19/19 23/23 18/18
f 16/16 18/18 17/17
f 15/15 16/16 17/17
f 28/28 15/15 52/52
f 27/27 25/25 28/28
f 29/29 27/27 30/30
f 111/111 30/30 159/159
f 4583/4583 4584/4584 4580/4580
f 4608/4608 4532/4532 5412/5412
f 4608/4608 4577/4577 4532/4532
f 4577/4577 4576/4576 4532/4532
f 4610/4610 4528/4528 4531/4531
f 4530/4530 5299/5299 4537/4537
f 5299/5299 4544/4544 4537/4537
f 5285/5285 4393/4393 4392/4392
f 4393/4393 4391/4391 4392/4392
f 6255/6255 6256/6256 6257/6257
f 4232/4232 4233/4233 4875/4875
f 4238/4238 4237/4237 4239/4239
f 4237/4237 4240/4240 4239/4239
f 5705/5705 5704/5704 5701/5701
f 5012/5012 3914/3914 3910/3910
f 3914/3914 3911/3911 3910/3910
f 3881/3881 3862/3862 5069/5069
f 3879/3879 3880/3880 3882/3882
f 3898/3898 3889/3889 3886/3886
f 2934/2934 2997/2997 3049/3049
f 2934/2934 3018/3018 2997/2997
f 2998/2998 3017/3017 2995/2995
f 310/310 308/308 311/311
f 2992/2992 3013/3013 2987/2987
f 3013/3013 3006/3006 2987/2987
f 3014/3014 3015/3015 3000/3000
f 3015/3015 3020/3020 3000/3000
f 3020/3020 3001/3001 3000/3000
f 2643/2643 2639/2639 2634/2634
f 2639/2639 2638/2638 2634/2634
f 118/118 120/120 122/122
f 22/22 54/54 23/23
f 54/54 118/118 23/23
f 23/23 118/118 117/117
f 19/19 22/22 23/23
f 1752/1752 1751/1751 1753/1753
f 16/16 19/19 18/18
f 25/25 15/15 28/28
f 111/111 29/29 30/30
f 2409/2409 2399/2399 2401/2401
f 4610/4610 4576/4576 4577/4577
f 4529/4529 5299/5299 4530/4530
f 4554/4554 4544/4544 5299/5299
f 4541/4541 4545/4545 4543/4543
f 4546/4546 4543/4543 4545/4545
f 4546/4546 4549/4549 4548/4548
f 4546/4546 4548/4548 4547/4547
f 4548/4548 4549/4549 4551/4551
f 4549/4549 5285/5285 4551/4551
f 4866/4866 4393/4393 5285/5285
f 4393/4393 4394/4394 4391/4391
f 4391/4391 4395/4395 4888/4888
f 4401/4401 4400/4400 4402/4402
f 4400/4400 4408/4408 4405/4405
f 4400/4400 4405/4405 4402/4402
f 4405/4405 4408/4408 4410/4410
f 4408/4408 5520/5520 4410/4410
f 4410/4410 5520/5520 5153/5153
f 5520/5520 5454/5454 5153/5153
f 5025/5025 4231/4231 5347/5347
f 4231/4231 4229/4229 5347/5347
f 4229/4229 4232/4232 5347/5347
f 4229/4229 4230/4230 4232/4232
f 4233/4233 4230/4230 4234/4234
f 4234/4234 4237/4237 4238/4238
f 4237/4237 4241/4241 4240/4240
f 4240/4240 4241/4241 4242/4242
f 5760/5760 5758/5758 5764/5764
f 5760/5760 5764/5764 5766/5766
f 5758/5758 5757/5757 5764/5764
f 5065/5065 5066/5066 4385/4385
f 5160/5160 5180/5180 4384/4384
f 5160/5160 4384/4384 4385/4385
f 3911/3911 3913/3913 3912/3912
f 3913/3913 5042/5042 3912/3912
f 5042/5042 5124/5124 5043/5043
f 5124/5124 5515/5515 5043/5043
f 3881/3881 3877/3877 3862/3862
f 3878/3878 3879/3879 3876/3876
f 3884/3884 3885/3885 3882/3882
f 3898/3898 3893/3893 3889/3889
f 3889/3889 3893/3893 3892/3892
f 3893/3893 3894/3894 3892/3892
f 3894/3894 5087/5087 3892/3892
f 5826/5826 5827/5827 5828/5828
f 5827/5827 5829/5829 5828/5828
f 3018/3018 3017/3017 2998/2998
f 2995/2995 3016/3016 2993/2993
f 3013/3013 2992/2992 2993/2993
f 291/291 292/292 276/276
f 3006/3006 3014/3014 2999/2999
f 2840/2840 2767/2767 2839/2839
f 2400/2400 2399/2399 2397/2397
f 4584/4584 4586/4586 4608/4608
f 6020/6020 6021/6021 6022/6022
f 6020/6020 6022/6022 6024/6024
f 6022/6022 6021/6021 6023/6023
f 2410/2410 2399/2399 2409/2409
f 6021/6021 6025/6025 6023/6023
f 4528/4528 4525/4525 4529/4529
f 4525/4525 5299/5299 4529/4529
f 2455/2455 2477/2477 2511/2511
f 6011/6011 6010/6010 6012/6012
f 4394/4394 4395/4395 4391/4391
f 4395/4395 4400/4400 4401/4401
f 5520/5520 5024/5024 5454/5454
f 5024/5024 5025/5025 5454/5454
f 5024/5024 4231/4231 5025/5025
f 4230/4230 4235/4235 4234/4234
f 4237/4237 4243/4243 4241/4241
f 3914/3914 3913/3913 3911/3911
f 3913/3913 5124/5124 5042/5042
f 5253/5253 3881/3881 5069/5069
f 3900/3900 3878/3878 3877/3877
f 3878/3878 3880/3880 3879/3879
f 3884/3884 5303/5303 3885/3885
f 3020/3020 3078/3078 3001/3001
f 24/24 15/15 25/25
f 29/29 26/26 27/27
f 27/27 26/26 25/25
f 111/111 43/43 29/29
f 4586/4586 4588/4588 4589/4589
f 4525/4525 4523/4523 5299/5299
f 6000/6000 6002/6002 6003/6003
f 4545/4545 4552/4552 4546/4546
f 4552/4552 4550/4550 4546/4546
f 4546/4546 4550/4550 4549/4549
f 4866/4866 4394/4394 4393/4393
f 4396/4396 4395/4395 4394/4394
f 5273/5273 4877/4877 5024/5024
f 5024/5024 4877/4877 4231/4231
f 4877/4877 4228/4228 4231/4231
f 4228/4228 4229/4229 4231/4231
f 4235/4235 4236/4236 4234/4234
f 4236/4236 4237/4237 4234/4234
f 4236/4236 4243/4243 4237/4237
f 5761/5761 5759/5759 5760/5760
f 5759/5759 5758/5758 5760/5760
f 5758/5758 5752/5752 5757/5757
f 5120/5120 4180/4180 5180/5180
f 4180/4180 3916/3916 5180/5180
f 5180/5180 3916/3916 5012/5012
f 3916/3916 3914/3914 5012/5012
f 5728/5728 5731/5731 5730/5730
f 5515/5515 5253/5253 5069/5069
f 3881/3881 3900/3900 3877/3877
f 3900/3900 3883/3883 3878/3878
f 3883/3883 3880/3880 3878/3878
f 3880/3880 3884/3884 3882/3882
f 3895/3895 3894/3894 3893/3893
f 3897/3897 5344/5344 3894/3894
f 3017/3017 3016/3016 2995/2995
f 1784/1784 1752/1752 1755/1755
f 14/14 16/16 15/15
f 13/13 14/14 15/15
f 24/24 13/13 15/15
f 4585/4585 4584/4584 4583/4583
f 4585/4585 4586/4586 4584/4584
f 6021/6021 6026/6026 6025/6025
f 5404/5404 4526/4526 4527/4527
f 6000/6000 6001/6001 6002/6002
f 5383/5383 4552/4552 4545/4545
f 4550/4550 5398/5398 4549/4549
f 6009/6009 6010/6010 6011/6011
f 4396/4396 4399/4399 4395/4395
f 4399/4399 4400/4400 4395/4395
f 4411/4411 4408/4408 4400/4400
f 4228/4228 4227/4227 4229/4229
f 4229/4229 4227/4227 4230/4230
f 4227/4227 4885/4885 4230/4230
f 5325/5325 5161/5161 4236/4236
f 5759/5759 5752/5752 5758/5758
f 3916/3916 3915/3915 3914/3914
f 3915/3915 3913/3913 3914/3914
f 3920/3920 5155/5155 5124/5124
f 5155/5155 5515/5515 5124/5124
f 5729/5729 5728/5728 5730/5730
f 3899/3899 3884/3884 3880/3880
f 3896/3896 3895/3895 3893/3893
f 2933/2933 2932/2932 2934/2934
f 2934/2934 2932/2932 3018/3018
f 3029/3029 3017/3017 3018/3018
f 3032/3032 3013/3013 3016/3016
f 3034/3034 3014/3014 3006/3006
f 3034/3034 3035/3035 3014/3014
f 1752/1752 1749/1749 1751/1751
f 16/16 20/20 19/19
f 20/20 21/21 19/19
f 19/19 21/21 22/22
f 32/32 26/26 29/29
f 4585/4585 4587/4587 4586/4586
f 4587/4587 4588/4588 4586/4586
f 4587/4587 4590/4590 4588/4588
f 4590/4590 5404/5404 4588/4588
f 4588/4588 5404/5404 4589/4589
f 4524/4524 4526/4526 5404/5404
f 4524/4524 4521/4521 4523/4523
f 4524/4524 4523/4523 4525/4525
f 4521/4521 4522/4522 4523/4523
f 4522/4522 5383/5383 4523/4523
f 5996/5996 5997/5997 5998/5998
f 4552/4552 5359/5359 4550/4550
f 5992/5992 5993/5993 5994/5994
f 4398/4398 4394/4394 4866/4866
f 4398/4398 4397/4397 4394/4394
f 4399/4399 4411/4411 4400/4400
f 4411/4411 4427/4427 4408/4408
f 4427/4427 5520/5520 4408/4408
f 6224/6224 6225/6225 6226/6226
f 6224/6224 6226/6226 6227/6227
f 4877/4877 4225/4225 4228/4228
f 4225/4225 4227/4227 4228/4228
f 4885/4885 4876/4876 4235/4235
f 4885/4885 5325/5325 4876/4876
f 5770/5770 5763/5763 5762/5762
f 4209/4209 5048/5048 5325/5325
f 5763/5763 5759/5759 5762/5762
f 5756/5756 5753/5753 5752/5752
f 5752/5752 5753/5753 5750/5750
f 5754/5754 5750/5750 5753/5753
f 5432/5432 5119/5119 5120/5120
f 5120/5120 5119/5119 4180/4180
f 4180/4180 3921/3921 3916/3916
f 3915/3915 3920/3920 3913/3913
f 5123/5123 5041/5041 5253/5253
f 5716/5716 5717/5717 5718/5718
f 5718/5718 5719/5719 5721/5721
f 5719/5719 5722/5722 5721/5721
f 3883/3883 3899/3899 3880/3880
f 3899/3899 5127/5127 3884/3884
f 5736/5736 5737/5737 5738/5738
f 3896/3896 3897/3897 3895/3895
f 2931/2931 2932/2932 2933/2933
f 3029/3029 3030/3030 3017/3017
f 3030/3030 3031/3031 3017/3017
f 3031/3031 3016/3016 3017/3017
f 3013/3013 3033/3033 3006/3006
f 3035/3035 3015/3015 3014/3014
f 3035/3035 3036/3036 3015/3015
f 3036/3036 3020/3020 3015/3015
f 119/119 120/120 118/118
f 1749/1749 1750/1750 1751/1751
f 14/14 20/20 16/16
f 31/31 13/13 24/24
f 26/26 24/24 25/25
f 43/43 32/32 29/29
f 5398/5398 5023/5023 4866/4866
f 5023/5023 4398/4398 4866/4866
f 5046/5046 4225/4225 4877/4877
f 4225/4225 4226/4226 4227/4227
f 4226/4226 4885/4885 4227/4227
f 4226/4226 4211/4211 4885/4885
f 4203/4203 5325/5325 4885/4885
f 4203/4203 4209/4209 5325/5325
f 5763/5763 5752/5752 5759/5759
f 4196/4196 5049/5049 5048/5048
f 5366/5366 5049/5049 4196/4196
f 5755/5755 5753/5753 5756/5756
f 5754/5754 5753/5753 5755/5755
f 3921/3921 3917/3917 3916/3916
f 5041/5041 4174/4174 5253/5253
f 5717/5717 5719/5719 5718/5718
f 5741/5741 5740/5740 5737/5737
f 3896/3896 5170/5170 3897/3897
f 2932/2932 3043/3043 3018/3018
f 3043/3043 3029/3029 3018/3018
f 3033/3033 3034/3034 3006/3006
f 3036/3036 3090/3090 3020/3020
f 3020/3020 3090/3090 3078/3078
f 3090/3090 3081/3081 3078/3078
f 3090/3090 3091/3091 3081/3081
f 2645/2645 2643/2643 2644/2644
f 119/119 121/121 120/120
f 1785/1785 1749/1749 1752/1752
f 1785/1785 1752/1752 1784/1784
f 22/22 46/46 54/54
f 46/46 119/119 54/54
f 13/13 31/31 14/14
f 4590/4590 4602/4602 5404/5404
f 6005/6005 6007/6007 6008/6008
f 6005/6005 6006/6006 6007/6007
f 5274/5274 4519/4519 4521/4521
f 5274/5274 4521/4521 4524/4524
f 4521/4521 4520/4520 4522/4522
f 5999/5999 5997/5997 5996/5996
f 5196/5196 4513/4513 5359/5359
f 4513/4513 4458/4458 5398/5398
f 5995/5995 5993/5993 5992/5992
f 4458/4458 5023/5023 5398/5398
f 5023/5023 4397/4397 4398/4398
f 4397/4397 4396/4396 4394/4394
f 4396/4396 4409/4409 4399/4399
f 4412/4412 4414/4414 4427/4427
f 4412/4412 4427/4427 4411/4411
f 4414/4414 5273/5273 4427/4427
f 4414/4414 5496/5496 5273/5273
f 4211/4211 4203/4203 4885/4885
f 4203/4203 4201/4201 4209/4209
f 4201/4201 4196/4196 4209/4209
f 4196/4196 5048/5048 4209/4209
f 4196/4196 4200/4200 5366/5366
f 4199/4199 5432/5432 4200/4200
f 5432/5432 5257/5257 5119/5119
f 5257/5257 4107/4107 5119/5119
f 4107/4107 4104/4104 4180/4180
f 4107/4107 4180/4180 5119/5119
f 4104/4104 3921/3921 4180/4180
f 3917/3917 3918/3918 3915/3915
f 3918/3918 3920/3920 3915/3915
f 5726/5726 5728/5728 5729/5729
f 4164/4164 4174/4174 5041/5041
f 5719/5719 5724/5724 5722/5722
f 3883/3883 5127/5127 3899/3899
f 5741/5741 5742/5742 5740/5740
f 5743/5743 5740/5740 5742/5742
f 5743/5743 5744/5744 5740/5740
f 3031/3031 3039/3039 3016/3016
f 3016/3016 3039/3039 3032/3032
f 3033/3033 3037/3037 3034/3034
f 3034/3034 3037/3037 3035/3035
f 2643/2643 2662/2662 2639/2639
f 21/21 46/46 22/22
f 14/14 33/33 20/20
f 31/31 36/36 14/14
f 38/38 24/24 26/26
f 2696/2696 2699/2699 2700/2700
f 4603/4603 4587/4587 4585/4585
f 4587/4587 4591/4591 4590/4590
f 4591/4591 4592/4592 4590/4590
f 4592/4592 4602/4602 4590/4590
f 4519/4519 4520/4520 4521/4521
f 4518/4518 5196/5196 5383/5383
f 4453/4453 4397/4397 5023/5023
f 4451/4451 4396/4396 4397/4397
f 4399/4399 4412/4412 4411/4411
f 5496/5496 5350/5350 5046/5046
f 5046/5046 4217/4217 4225/4225
f 4225/4225 4211/4211 4226/4226
f 4211/4211 4210/4210 4203/4203
f 4205/4205 4202/4202 4204/4204
f 4201/4201 4194/4194 4196/4196
f 4197/4197 4198/4198 4196/4196
f 4199/4199 4198/4198 4197/4197
f 5830/5830 5831/5831 5832/5832
f 5831/5831 5833/5833 5832/5832
f 4115/4115 5257/5257 5509/5509
f 4107/4107 5257/5257 4115/4115
f 3918/3918 5073/5073 3920/3920
f 5720/5720 5719/5719 5717/5717
f 5719/5719 5725/5725 5724/5724
f 4150/4150 4152/4152 4151/4151
f 2931/2931 2930/2930 2932/2932
f 2930/2930 3043/3043 2932/2932
f 3043/3043 3048/3048 3029/3029
f 3030/3030 3038/3038 3031/3031
f 3037/3037 3041/3041 3035/3035
f 3041/3041 3036/3036 3035/3035
f 3042/3042 3090/3090 3036/3036
f 2645/2645 2646/2646 2643/2643
f 2646/2646 2662/2662 2643/2643
f 46/46 188/188 119/119
f 188/188 121/121 119/119
f 34/34 21/21 20/20
f 38/38 39/39 24/24
f 39/39 31/31 24/24
f 38/38 26/26 32/32
f 2696/2696 2698/2698 2699/2699
f 4603/4603 4591/4591 4587/4587
f 4593/4593 4592/4592 4591/4591
f 4592/4592 4593/4593 4602/4602
f 4593/4593 4600/4600 4602/4602
f 4602/4602 4600/4600 5274/5274
f 6055/6055 6053/6053 6056/6056
f 4518/4518 4520/4520 4519/4519
f 4518/4518 4516/4516 5196/5196
f 4458/4458 4455/4455 5023/5023
f 4455/4455 4453/4453 5023/5023
f 4453/4453 4452/4452 4397/4397
f 4452/4452 4451/4451 4397/4397
f 4396/4396 4451/4451 4409/4409
f 4409/4409 5147/5147 4399/4399
f 5147/5147 4413/4413 4399/4399
f 4413/4413 4412/4412 4399/4399
f 4413/4413 4414/4414 4412/4412
f 5350/5350 4217/4217 5046/5046
f 4217/4217 4212/4212 4225/4225
f 4212/4212 4211/4211 4225/4225
f 4212/4212 4210/4210 4211/4211
f 4210/4210 4206/4206 4203/4203
f 4206/4206 4204/4204 4203/4203
f 6324/6324 6318/6318 6328/6328
f 4192/4192 4196/4196 4194/4194
f 4192/4192 4197/4197 4196/4196
f 4115/4115 4106/4106 4107/4107
f 4106/4106 4104/4104 4107/4107
f 4104/4104 3922/3922 3921/3921
f 3921/3921 3919/3919 3917/3917
f 3919/3919 3918/3918 3917/3917
f 5073/5073 5488/5488 3920/3920
f 5726/5726 5727/5727 5728/5728
f 5488/5488 4173/4173 5123/5123
f 4173/4173 5041/5041 5123/5123
f 4164/4164 4161/4161 4174/4174
f 5720/5720 5723/5723 5719/5719
f 5723/5723 5725/5725 5719/5719
f 5127/5127 4144/4144 5064/5064
f 4144/4144 4154/4154 5064/5064
f 4154/4154 4148/4148 4151/4151
f 4148/4148 4150/4150 4151/4151
f 4152/4152 4153/4153 5170/5170
f 2925/2925 2930/2930 2931/2931
f 3048/3048 3044/3044 3029/3029
f 3044/3044 3030/3030 3029/3029
f 3039/3039 3040/3040 3032/3032
f 3032/3032 3040/3040 3033/3033
f 2877/2877 2830/2830 2823/2823
f 37/37 36/36 31/31
f 45/45 43/43 164/164
f 45/45 32/32 43/43
f 4603/4603 4594/4594 4591/4591
f 4594/4594 4593/4593 4591/4591
f 6052/6052 6053/6053 6055/6055
f 4519/4519 4517/4517 4518/4518
f 4517/4517 4516/4516 4518/4518
f 4516/4516 4461/4461 5196/5196
f 4461/4461 4513/4513 5196/5196
f 4461/4461 4457/4457 4513/4513
f 4457/4457 4458/4458 4513/4513
f 4457/4457 4455/4455 4458/4458
f 4454/4454 4453/4453 4455/4455
f 4615/4615 5147/5147 4409/4409
f 4415/4415 5332/5332 4414/4414
f 4414/4414 5332/5332 5496/5496
f 6303/6303 6301/6301 6304/6304
f 4882/4882 5350/5350 5496/5496
f 5350/5350 4882/4882 4217/4217
f 6325/6325 6327/6327 6318/6318
f 3922/3922 3919/3919 3921/3921
f 4163/4163 4164/4164 5041/5041
f 4144/4144 4146/4146 4154/4154
f 4146/4146 4148/4148 4154/4154
f 4148/4148 4149/4149 4150/4150
f 4149/4149 4153/4153 4150/4150
f 4150/4150 4153/4153 4152/4152
f 3044/3044 3047/3047 3030/3030
f 3047/3047 3038/3038 3030/3030
f 3039/3039 3031/3031 3038/3038
f 3040/3040 3037/3037 3033/3033
f 3041/3041 3042/3042 3036/3036
f 3042/3042 3060/3060 3090/3090
f 185/185 121/121 188/188
f 46/46 185/185 188/188
f 34/34 35/35 21/21
f 35/35 46/46 21/21
f 1749/1749 1748/1748 1750/1750
f 2878/2878 2877/2877 2841/2841
f 36/36 33/33 14/14
f 45/45 44/44 32/32
f 44/44 38/38 32/32
f 2696/2696 2697/2697 2698/2698
f 4595/4595 4593/4593 4594/4594
f 4595/4595 4596/4596 4593/4593
f 4593/4593 4596/4596 4600/4600
f 4596/4596 4601/4601 4600/4600
f 6052/6052 6050/6050 6053/6053
f 6050/6050 6054/6054 6053/6053
f 4517/4517 4515/4515 4516/4516
f 4515/4515 4461/4461 4516/4516
f 4460/4460 4457/4457 4461/4461
f 4457/4457 4454/4454 4455/4455
f 4454/4454 4452/4452 4453/4453
f 4615/4615 4409/4409 4451/4451
f 4615/4615 5158/5158 5147/5147
f 4413/4413 4415/4415 4414/4414
f 4417/4417 5332/5332 4415/4415
f 6303/6303 6302/6302 6301/6301
f 4214/4214 4212/4212 4217/4217
f 4214/4214 4213/4213 4212/4212
f 4213/4213 4881/4881 4210/4210
f 4213/4213 4210/4210 4212/4212
f 6317/6317 6318/6318 6319/6319
f 4195/4195 4193/4193 4194/4194
f 4190/4190 4208/4208 4192/4192
f 4208/4208 5509/5509 4199/4199
f 5509/5509 4109/4109 4115/4115
f 4109/4109 4106/4106 4115/4115
f 4106/4106 4105/4105 4104/4104
f 4105/4105 3922/3922 4104/4104
f 3922/3922 3923/3923 3919/3919
f 3919/3919 5073/5073 3918/3918
f 5073/5073 4168/4168 5488/5488
f 4168/4168 4173/4173 5488/5488
f 4173/4173 4163/4163 5041/5041
f 4163/4163 4161/4161 4164/4164
f 4160/4160 4155/4155 4175/4175
f 4155/4155 5127/5127 4175/4175
f 4155/4155 4144/4144 5127/5127
f 4146/4146 4147/4147 4148/4148
f 4147/4147 4149/4149 4148/4148
f 3045/3045 3041/3041 3037/3037
f 185/185 226/226 121/121
f 33/33 34/34 20/20
f 36/36 42/42 33/33
f 39/39 37/37 31/31
f 5304/5304 4594/4594 4603/4603
f 5304/5304 5420/5420 4594/4594
f 5420/5420 4595/4595 4594/4594
f 4595/4595 4597/4597 4596/4596
f 6051/6051 6050/6050 6052/6052
f 6058/6058 6054/6054 6050/6050
f 4612/4612 4611/4611 4517/4517
f 4611/4611 4515/4515 4517/4517
f 4454/4454 4456/4456 4452/4452
f 5158/5158 5149/5149 5147/5147
f 4417/4417 4424/4424 5332/5332
f 4424/4424 5390/5390 5332/5332
f 6302/6302 6300/6300 6301/6301
f 6300/6300 6297/6297 6301/6301
f 4216/4216 4215/4215 4214/4214
f 4215/4215 4213/4213 4214/4214
f 4215/4215 4881/4881 4213/4213
f 6322/6322 6320/6320 6317/6317
f 6320/6320 6321/6321 6318/6318
f 4193/4193 4191/4191 4192/4192
f 4191/4191 4190/4190 4192/4192
f 4112/4112 4110/4110 4113/4113
f 4114/4114 3923/3923 3922/3922
f 4159/4159 4160/4160 4161/4161
f 4147/4147 4886/4886 4149/4149
f 4886/4886 4153/4153 4149/4149
f 2924/2924 3048/3048 3043/3043
f 3048/3048 3047/3047 3044/3044
f 3047/3047 3052/3052 3038/3038
f 3038/3038 3052/3052 3039/3039
f 3052/3052 3053/3053 3039/3039
f 3045/3045 3037/3037 3040/3040
f 3050/3050 3051/3051 3042/3042
f 3050/3050 3042/3042 3041/3041
f 2645/2645 2647/2647 2646/2646
f 2647/2647 2662/2662 2646/2646
f 46/46 100/100 185/185
f 1747/1747 1748/1748 1749/1749
f 42/42 34/34 33/33
f 39/39 49/49 37/37
f 5452/5452 5420/5420 5304/5304
f 5420/5420 4599/4599 4595/4595
f 4597/4597 4598/4598 4596/4596
f 6049/6049 6048/6048 6050/6050
f 6049/6049 6050/6050 6051/6051
f 6048/6048 6036/6036 6058/6058
f 6048/6048 6058/6058 6050/6050
f 4611/4611 4614/4614 4515/4515
f 4613/4613 4614/4614 4611/4611
f 4512/4512 4461/4461 4515/4515
f 4512/4512 4460/4460 4461/4461
f 4462/4462 4459/4459 4460/4460
f 4460/4460 4459/4459 4457/4457
f 5364/5364 5397/5397 4615/4615
f 5364/5364 4615/4615 4451/4451
f 5397/5397 5158/5158 4615/4615
f 5149/5149 5148/5148 5147/5147
f 5148/5148 4426/4426 5147/5147
f 5147/5147 4426/4426 4413/4413
f 4413/4413 4416/4416 4415/4415
f 4416/4416 4417/4417 4415/4415
f 4418/4418 4424/4424 4417/4417
f 4418/4418 4422/4422 4424/4424
f 6299/6299 6297/6297 6300/6300
f 4215/4215 5138/5138 4881/4881
f 4219/4219 5138/5138 4215/4215
f 6323/6323 6320/6320 6322/6322
f 6321/6321 6326/6326 6325/6325
f 5435/5435 4207/4207 4195/4195
f 4195/4195 4207/4207 4193/4193
f 4207/4207 4191/4191 4193/4193
f 4189/4189 4190/4190 4191/4191
f 4108/4108 4105/4105 4106/4106
f 3923/3923 3924/3924 3919/3919
f 3924/3924 5073/5073 3919/3919
f 5073/5073 4170/4170 4168/4168
f 4168/4168 4166/4166 4173/4173
f 4166/4166 4163/4163 4173/4173
f 4159/4159 4155/4155 4160/4160
f 4145/4145 4147/4147 4146/4146
f 4886/4886 5205/5205 4153/4153
f 2919/2919 2924/2924 2925/2925
f 2924/2924 2930/2930 2925/2925
f 2930/2930 2924/2924 3043/3043
f 3057/3057 3047/3047 3048/3048
f 349/349 344/344 348/348
f 3040/3040 3054/3054 3045/3045
f 3042/3042 3051/3051 3060/3060
f 3118/3118 3091/3091 3060/3060
f 2648/2648 2647/2647 2645/2645
f 185/185 186/186 226/226
f 1777/1777 1747/1747 1749/1749
f 35/35 100/100 46/46
f 2877/2877 2882/2882 2830/2830
f 224/224 45/45 164/164
f 2702/2702 2703/2703 2697/2697
f 5452/5452 5431/5431 5420/5420
f 5431/5431 4599/4599 5420/5420
f 4599/4599 4598/4598 4597/4597
f 6036/6036 6031/6031 6058/6058
f 4612/4612 4613/4613 4611/4611
f 6029/6029 6032/6032 6031/6031
f 4512/4512 4614/4614 4514/4514
f 4459/4459 4454/4454 4457/4457
f 4459/4459 5400/5400 4454/4454
f 4454/4454 5400/5400 4456/4456
f 4456/4456 5400/5400 5364/5364
f 5397/5397 5150/5150 5158/5158
f 5150/5150 5149/5149 5158/5158
f 5150/5150 5148/5148 5149/5149
f 5151/5151 4426/4426 5148/5148
f 4426/4426 4416/4416 4413/4413
f 4416/4416 4418/4418 4417/4417
f 4419/4419 4418/4418 4416/4416
f 4418/4418 4421/4421 4422/4422
f 6299/6299 6298/6298 6297/6297
f 4216/4216 4218/4218 4215/4215
f 4218/4218 4219/4219 4215/4215
f 4221/4221 4879/4879 4224/4224
f 4879/4879 4883/4883 4224/4224
f 4880/4880 4883/4883 4879/4879
f 4880/4880 5435/5435 4883/4883
f 5838/5838 5840/5840 5841/5841
f 4189/4189 4187/4187 4190/4190
f 5853/5853 5852/5852 5854/5854
f 5853/5853 5851/5851 5852/5852
f 5851/5851 5849/5849 5852/5852
f 4112/4112 4111/4111 4110/4110
f 4111/4111 4108/4108 4110/4110
f 4108/4108 4887/4887 4105/4105
f 5745/5745 5746/5746 5747/5747
f 5747/5747 5746/5746 5748/5748
f 3926/3926 3923/3923 4114/4114
f 3925/3925 3924/3924 3923/3923
f 5706/5706 5707/5707 5708/5708
f 4168/4168 4167/4167 4166/4166
f 4166/4166 4165/4165 4163/4163
f 4163/4163 4162/4162 4161/4161
f 4161/4161 4162/4162 4159/4159
f 4158/4158 4155/4155 4159/4159
f 4144/4144 4145/4145 4146/4146
f 4145/4145 5205/5205 4886/4886
f 4145/4145 4886/4886 4147/4147
f 2924/2924 3057/3057 3048/3048
f 326/326 314/314 342/342
f 3052/3052 3055/3055 3053/3053
f 3053/3053 3054/3054 3040/3040
f 3045/3045 3050/3050 3041/3041
f 100/100 186/186 185/185
f 78/78 100/100 35/35
f 40/40 35/35 34/34
f 42/42 47/47 34/34
f 50/50 36/36 37/37
f 44/44 48/48 38/38
f 48/48 39/39 38/38
f 5427/5427 5425/5425 4599/4599
f 4599/4599 5425/5425 4598/4598
f 5425/5425 5426/5426 4598/4598
f 6049/6049 6037/6037 6048/6048
f 6037/6037 6036/6036 6048/6048
f 6036/6036 6033/6033 6031/6031
f 6033/6033 6030/6030 6031/6031
f 6030/6030 6029/6029 6031/6031
f 4514/4514 5074/5074 4460/4460
f 4514/4514 4460/4460 4512/4512
f 5074/5074 4462/4462 4460/4460
f 4462/4462 4463/4463 4459/4459
f 4463/4463 4464/4464 4459/4459
f 4459/4459 4464/4464 5400/5400
f 5150/5150 5151/5151 5148/5148
f 4419/4419 4420/4420 4418/4418
f 4418/4418 4420/4420 4421/4421
f 6298/6298 6295/6295 6297/6297
f 6295/6295 6296/6296 6297/6297
f 4216/4216 4878/4878 4218/4218
f 4219/4219 4221/4221 4224/4224
f 4219/4219 4224/4224 5138/5138
f 5131/5131 4188/4188 4207/4207
f 4207/4207 4188/4188 4189/4189
f 4189/4189 4188/4188 4187/4187
f 4188/4188 4185/4185 4187/4187
f 4185/4185 4184/4184 4187/4187
f 5851/5851 5850/5850 5849/5849
f 5850/5850 5846/5846 5849/5849
f 5849/5849 5846/5846 5848/5848
f 5846/5846 5847/5847 5848/5848
f 5519/5519 3928/3928 4887/4887
f 4887/4887 3928/3928 3926/3926
f 3926/3926 3925/3925 3923/3923
f 4169/4169 4168/4168 4170/4170
f 4169/4169 4172/4172 4167/4167
f 4169/4169 4167/4167 4168/4168
f 4167/4167 4165/4165 4166/4166
f 4165/4165 4162/4162 4163/4163
f 5579/5579 5578/5578 5580/5580
f 5578/5578 5581/5581 5580/5580
f 2918/2918 2919/2919 2920/2920
f 3057/3057 3061/3061 3047/3047
f 3061/3061 3052/3052 3047/3047
f 3055/3055 3054/3054 3053/3053
f 3056/3056 3045/3045 3054/3054
f 40/40 41/41 35/35
f 41/41 78/78 35/35
f 47/47 40/40 34/34
f 50/50 42/42 36/36
f 49/49 50/50 37/37
f 48/48 49/49 39/39
f 58/58 45/45 224/224
f 58/58 44/44 45/45
f 6046/6046 6041/6041 6064/6064
f 6041/6041 6063/6063 6064/6064
f 6037/6037 6035/6035 6036/6036
f 6035/6035 6033/6033 6036/6036
f 5074/5074 4510/4510 4462/4462
f 4510/4510 4463/4463 4462/4462
f 4464/4464 4509/4509 5400/5400
f 6075/6075 6076/6076 6077/6077
f 6075/6075 6078/6078 6076/6076
f 6075/6075 6079/6079 6078/6078
f 2562/2562 2557/2557 2559/2559
f 2558/2558 2560/2560 2556/2556
f 4426/4426 4419/4419 4416/4416
f 4420/4420 4425/4425 4421/4421
f 4425/4425 4430/4430 4884/4884
f 4218/4218 4220/4220 4219/4219
f 4219/4219 4220/4220 4221/4221
f 4221/4221 4880/4880 4879/4879
f 4221/4221 5484/5484 5131/5131
f 4221/4221 5131/5131 4880/4880
f 4183/4183 4184/4184 4185/4185
f 4183/4183 4182/4182 4184/4184
f 3954/3954 3953/3953 4887/4887
f 3953/3953 5519/5519 4887/4887
f 3928/3928 3927/3927 3926/3926
f 3926/3926 3927/3927 3925/3925
f 3925/3925 4103/4103 3924/3924
f 4103/4103 5129/5129 3924/3924
f 4165/4165 4167/4167 4172/4172
f 4158/4158 4156/4156 4155/4155
f 4156/4156 4143/4143 4155/4155
f 4155/4155 4143/4143 4144/4144
f 4143/4143 4142/4142 4144/4144
f 4142/4142 4145/4145 4144/4144
f 2923/2923 2921/2921 2920/2920
f 2921/2921 2918/2918 2920/2920
f 2918/2918 2922/2922 2919/2919
f 2922/2922 2924/2924 2919/2919
f 2922/2922 2928/2928 2924/2924
f 2928/2928 3098/3098 2924/2924
f 3098/3098 3057/3057 2924/2924
f 3056/3056 3058/3058 3045/3045
f 3051/3051 3059/3059 3060/3060
f 3059/3059 3119/3119 3060/3060
f 3119/3119 3120/3120 3118/3118
f 3119/3119 3118/3118 3060/3060
f 47/47 41/41 40/40
f 1747/1747 1746/1746 1748/1748
f 51/51 47/47 42/42
f 50/50 51/51 42/42
f 57/57 55/55 48/48
f 48/48 55/55 49/49
f 58/58 48/48 44/44
f 5452/5452 5455/5455 5431/5431
f 6042/6042 6041/6041 6046/6046
f 6041/6041 6038/6038 6057/6057
f 6041/6041 6057/6057 6063/6063
f 6038/6038 6037/6037 6057/6057
f 6038/6038 6035/6035 6037/6037
f 6035/6035 6034/6034 6033/6033
f 6034/6034 6027/6027 6033/6033
f 6033/6033 6027/6027 6030/6030
f 6027/6027 6028/6028 6029/6029
f 6027/6027 6029/6029 6030/6030
f 4514/4514 5483/5483 5074/5074
f 5483/5483 4492/4492 5074/5074
f 4492/4492 4510/4510 5074/5074
f 4463/4463 4465/4465 4464/4464
f 4464/4464 4465/4465 4509/4509
f 4465/4465 4469/4469 4509/4509
f 4469/4469 4471/4471 4509/4509
f 2914/2914 2912/2912 2913/2913
f 2914/2914 2913/2913 2915/2915
f 2912/2912 2909/2909 2913/2913
f 2908/2908 2909/2909 2910/2910
f 2558/2558 2561/2561 2560/2560
f 2560/2560 2561/2561 2564/2564
f 4423/4423 4420/4420 4419/4419
f 4423/4423 4425/4425 4420/4420
f 4425/4425 4429/4429 4430/4430
f 4429/4429 4878/4878 4430/4430
f 4878/4878 4222/4222 4218/4218
f 4222/4222 4220/4220 4218/4218
f 4220/4220 4223/4223 4221/4221
f 4223/4223 5386/5386 4221/4221
f 5386/5386 5484/5484 4221/4221
f 5484/5484 5361/5361 4188/4188
f 5484/5484 4188/4188 5131/5131
f 5361/5361 5357/5357 4188/4188
f 4188/4188 5357/5357 4185/4185
f 5357/5357 4183/4183 4185/4185
f 3950/3950 4183/4183 5357/5357
f 4183/4183 3950/3950 4182/4182
f 4182/4182 3950/3950 3954/3954
f 3950/3950 3951/3951 3954/3954
f 3951/3951 3953/3953 3954/3954
f 5784/5784 5781/5781 5783/5783
f 3929/3929 3927/3927 3928/3928
f 3927/3927 4103/4103 3925/3925
f 4170/4170 4171/4171 4169/4169
f 5038/5038 4162/4162 4165/4165
f 5577/5577 5578/5578 5579/5579
f 4141/4141 4142/4142 4143/4143
f 2927/2927 2926/2926 2921/2921
f 3062/3062 3063/3063 3055/3055
f 3063/3063 3054/3054 3055/3055
f 3045/3045 3058/3058 3050/3050
f 3058/3058 3051/3051 3050/3050
f 3058/3058 3059/3059 3051/3051
f 2650/2650 2649/2649 2648/2648
f 2648/2648 2649/2649 2647/2647
f 187/187 186/186 100/100
f 1777/1777 1745/1745 1747/1747
f 1745/1745 1746/1746 1747/1747
f 51/51 59/59 47/47
f 55/55 50/50 49/49
f 56/56 57/57 48/48
f 6044/6044 6042/6042 6046/6046
f 5368/5368 4508/4508 5373/5373
f 4492/4492 4466/4466 4510/4510
f 4466/4466 4463/4463 4510/4510
f 4466/4466 4465/4465 4463/4463
f 4470/4470 4472/4472 4471/4471
f 2912/2912 2910/2910 2909/2909
f 2910/2910 2911/2911 2908/2908
f 2911/2911 2916/2916 2908/2908
f 2916/2916 2917/2917 2908/2908
f 2561/2561 2565/2565 2564/2564
f 4431/4431 4428/4428 4423/4423
f 4428/4428 4425/4425 4423/4423
f 4428/4428 4429/4429 4425/4425
f 5686/5686 5680/5680 5687/5687
f 4222/4222 4223/4223 4220/4220
f 5823/5823 5824/5824 5825/5825
f 5357/5357 3955/3955 3950/3950
f 3952/3952 5387/5387 3953/3953
f 5781/5781 5782/5782 5783/5783
f 5387/5387 3929/3929 3928/3928
f 5129/5129 4171/4171 4170/4170
f 4171/4171 4172/4172 4169/4169
f 4172/4172 5038/5038 4165/4165
f 4179/4179 4156/4156 4158/4158
f 4179/4179 4143/4143 4156/4156
f 4141/4141 4143/4143 4179/4179
f 4141/4141 4140/4140 4142/4142
f 2929/2929 2921/2921 2923/2923
f 2929/2929 2927/2927 2921/2921
f 2937/2937 2927/2927 2929/2929
f 2928/2928 2926/2926 2927/2927
f 2926/2926 2928/2928 2922/2922
f 3098/3098 3099/3099 3057/3057
f 3099/3099 3061/3061 3057/3057
f 3064/3064 3062/3062 3052/3052
f 3062/3062 3055/3055 3052/3052
f 346/346 283/283 353/353
f 6042/6042 6040/6040 6041/6041
f 6041/6041 6040/6040 6038/6038
f 6040/6040 6039/6039 6038/6038
f 5371/5371 5369/5369 5372/5372
f 6039/6039 6035/6035 6038/6038
f 5372/5372 5369/5369 5368/5368
f 4508/4508 5453/5453 5373/5373
f 5373/5373 5453/5453 5483/5483
f 5453/5453 4500/4500 5483/5483
f 4500/4500 4492/4492 5483/5483
f 4466/4466 4467/4467 4465/4465
f 4465/4465 4467/4467 4469/4469
f 4467/4467 4470/4470 4469/4469
f 4469/4469 4470/4470 4471/4471
f 4474/4474 4472/4472 4473/4473
f 4473/4473 4472/4472 4470/4470
f 4474/4474 4489/4489 4472/4472
f 2911/2911 2917/2917 2916/2916
f 4435/4435 4423/4423 4447/4447
f 4435/4435 4432/4432 4423/4423
f 4432/4432 4431/4431 4423/4423
f 5686/5686 5681/5681 5680/5680
f 5681/5681 5679/5679 5680/5680
f 5679/5679 5677/5677 5680/5680
f 5386/5386 5342/5342 5484/5484
f 5823/5823 5822/5822 5824/5824
f 3950/3950 3948/3948 3951/3951
f 3951/3951 3948/3948 3952/3952
f 3948/3948 5387/5387 3952/3952
f 3929/3929 3930/3930 3927/3927
f 3930/3930 4103/4103 3927/3927
f 4171/4171 5380/5380 4172/4172
f 5573/5573 5574/5574 5575/5575
f 5574/5574 5576/5576 5575/5575
f 4124/4124 4125/4125 5038/5038
f 5578/5578 5582/5582 5581/5581
f 4136/4136 4140/4140 4141/4141
f 2937/2937 2935/2935 2927/2927
f 2927/2927 2935/2935 2928/2928
f 2928/2928 3110/3110 3098/3098
f 3061/3061 3064/3064 3052/3052
f 345/345 325/325 377/377
f 325/325 354/354 377/377
f 3063/3063 3056/3056 3054/3054
f 3058/3058 3101/3101 3059/3059
f 3059/3059 3125/3125 3119/3119
f 2690/2690 2647/2647 2649/2649
f 187/187 195/195 186/186
f 1777/1777 1757/1757 1745/1745
f 61/61 51/51 50/50
f 61/61 50/50 55/55
f 63/63 55/55 57/57
f 224/224 56/56 58/58
f 236/236 56/56 224/224
f 6044/6044 6043/6043 6042/6042
f 6043/6043 6040/6040 6042/6042
f 4508/4508 4501/4501 5453/5453
f 4493/4493 4491/4491 4492/4492
f 4492/4492 4491/4491 4466/4466
f 4491/4491 4468/4468 4466/4466
f 4468/4468 4467/4467 4466/4466
f 4467/4467 4490/4490 4470/4470
f 6312/6312 6313/6313 6310/6310
f 4447/4447 4450/4450 4435/4435
f 4450/4450 4448/4448 4435/4435
f 4448/4448 4432/4432 4435/4435
f 4428/4428 4444/4444 4429/4429
f 5678/5678 5677/5677 5679/5679
f 5386/5386 5341/5341 5342/5342
f 5823/5823 5819/5819 5822/5822
f 5819/5819 5821/5821 5822/5822
f 3955/3955 3944/3944 3950/3950
f 3944/3944 3948/3948 3950/3950
f 5836/5836 5835/5835 5837/5837
f 4102/4102 3931/3931 3929/3929
f 4102/4102 3929/3929 5387/5387
f 5489/5489 4103/4103 3930/3930
f 5583/5583 5584/5584 5585/5585
f 4120/4120 4124/4124 4128/4128
f 4124/4124 4123/4123 4125/4125
f 4123/4123 4126/4126 4125/4125
f 4179/4179 4136/4136 4141/4141
f 4136/4136 4137/4137 4140/4140
f 2937/2937 2936/2936 2935/2935
f 2936/2936 2928/2928 2935/2935
f 2936/2936 3110/3110 2928/2928
f 3099/3099 3104/3104 3061/3061
f 3104/3104 3064/3064 3061/3061
f 3064/3064 3100/3100 3062/3062
f 3063/3063 3097/3097 3056/3056
f 3056/3056 3097/3097 3058/3058
f 3101/3101 3102/3102 3059/3059
f 3102/3102 3125/3125 3059/3059
f 3125/3125 3124/3124 3119/3119
f 2651/2651 2649/2649 2650/2650
f 193/193 194/194 78/78
f 78/78 194/194 187/187
f 41/41 60/60 78/78
f 60/60 193/193 78/78
f 59/59 60/60 47/47
f 60/60 41/41 47/47
f 62/62 59/59 51/51
f 62/62 51/51 61/61
f 64/64 55/55 63/63
f 64/64 61/61 55/55
f 65/65 57/57 56/56
f 6043/6043 6045/6045 6040/6040
f 6045/6045 6047/6047 6040/6040
f 6040/6040 6047/6047 6039/6039
f 3478/3478 3479/3479 3480/3480
f 4506/4506 5370/5370 5428/5428
f 5369/5369 4506/4506 5368/5368
f 4506/4506 4502/4502 4508/4508
f 4506/4506 4508/4508 5368/5368
f 4502/4502 4501/4501 4508/4508
f 4501/4501 4495/4495 5453/5453
f 5453/5453 4495/4495 4500/4500
f 4495/4495 4494/4494 4493/4493
f 4495/4495 4493/4493 4500/4500
f 4493/4493 4494/4494 4491/4491
f 4473/4473 4475/4475 4474/4474
f 4475/4475 4489/4489 4474/4474
f 6310/6310 6311/6311 6312/6312
f 5424/5424 4448/4448 4450/4450
f 4448/4448 5186/5186 4432/4432
f 5186/5186 4449/4449 4432/4432
f 4449/4449 4431/4431 4432/4432
f 4431/4431 4433/4433 4428/4428
f 4433/4433 4434/4434 4428/4428
f 4428/4428 4434/4434 4444/4444
f 4434/4434 4889/4889 4444/4444
f 4889/4889 5142/5142 4444/4444
f 5142/5142 5143/5143 4444/4444
f 5681/5681 5678/5678 5679/5679
f 5678/5678 5647/5647 5677/5677
f 5647/5647 5640/5640 5677/5677
f 4223/4223 5415/5415 5386/5386
f 5415/5415 5343/5343 5386/5386
f 5343/5343 5341/5341 5386/5386
f 5341/5341 3947/3947 5342/5342
f 3733/3733 3734/3734 3735/3735
f 5819/5819 5820/5820 5821/5821
f 3947/3947 3944/3944 3955/3955
f 3944/3944 3945/3945 3948/3948
f 3945/3945 3949/3949 3948/3948
f 3931/3931 3932/3932 3930/3930
f 3931/3931 3930/3930 3929/3929
f 5489/5489 3930/3930 3932/3932
f 5489/5489 4117/4117 5129/5129
f 5489/5489 5129/5129 4103/4103
f 4116/4116 4119/4119 5380/5380
f 4119/4119 4128/4128 5380/5380
f 4120/4120 4123/4123 4124/4124
f 4127/4127 4132/4132 4179/4179
f 4179/4179 4132/4132 4136/4136
f 4132/4132 4135/4135 4136/4136
f 4135/4135 4137/4137 4136/4136
f 3110/3110 3109/3109 3098/3098
f 2109/2109 2107/2107 2092/2092
f 3109/3109 3099/3099 3098/3098
f 3097/3097 3105/3105 3058/3058
f 3105/3105 3101/3101 3058/3058
f 381/381 347/347 382/382
f 347/347 367/367 382/382
f 194/194 195/195 187/187
f 1745/1745 1744/1744 1746/1746
f 230/230 60/60 59/59
f 233/233 64/64 63/63
f 65/65 63/63 57/57
f 2707/2707 2709/2709 2712/2712
f 4503/4503 4498/4498 4502/4502
f 4502/4502 4498/4498 4501/4501
f 4498/4498 4495/4495 4501/4501
f 4511/4511 4491/4491 4494/4494
f 4511/4511 4468/4468 4491/4491
f 4468/4468 5409/5409 4467/4467
f 4467/4467 5409/5409 4490/4490
f 5409/5409 4476/4476 4490/4490
f 4475/4475 4479/4479 4489/4489
f 6308/6308 6309/6309 6310/6310
f 6309/6309 6311/6311 6310/6310
f 4449/4449 4433/4433 4431/4431
f 5142/5142 5144/5144 5143/5143
f 5522/5522 5343/5343 5415/5415
f 3943/3943 3945/3945 3944/3944
f 5439/5439 3949/3949 3945/3945
f 5834/5834 5835/5835 5836/5836
f 4119/4119 4120/4120 4128/4128
f 4123/4123 4127/4127 4126/4126
f 4135/4135 4139/4139 4138/4138
f 3121/3121 3110/3110 2936/2936
f 3109/3109 3104/3104 3099/3099
f 3100/3100 3103/3103 3062/3062
f 3103/3103 3063/3063 3062/3062
f 3103/3103 3097/3097 3063/3063
f 2653/2653 2690/2690 2649/2649
f 1757/1757 1742/1742 1745/1745
f 1745/1745 1742/1742 1744/1744
f 236/236 238/238 56/56
f 2707/2707 2708/2708 2709/2709
f 6045/6045 6059/6059 6047/6047
f 6059/6059 6060/6060 6047/6047
f 4507/4507 4503/4503 4506/4506
f 4503/4503 4507/4507 4505/4505
f 4498/4498 4497/4497 4495/4495
f 4497/4497 4496/4496 4495/4495
f 4495/4495 4496/4496 4494/4494
f 4496/4496 4511/4511 4494/4494
f 5518/5518 4511/4511 4496/4496
f 4511/4511 5207/5207 4468/4468
f 5207/5207 4511/4511 5518/5518
f 5207/5207 5208/5208 4468/4468
f 5208/5208 5409/5409 4468/4468
f 5409/5409 4486/4486 4476/4476
f 4486/4486 4477/4477 4476/4476
f 4476/4476 4477/4477 4475/4475
f 4478/4478 4479/4479 4475/4475
f 5424/5424 5186/5186 4448/4448
f 5186/5186 5346/5346 4449/4449
f 5346/5346 4436/4436 4449/4449
f 4449/4449 4436/4436 4433/4433
f 4436/4436 4437/4437 4434/4434
f 4436/4436 4434/4434 4433/4433
f 4437/4437 4889/4889 4434/4434
f 5652/5652 5622/5622 5624/5624
f 5624/5624 5622/5622 5623/5623
f 5623/5623 5625/5625 5647/5647
f 5625/5625 5640/5640 5647/5647
f 5343/5343 5340/5340 5341/5341
f 5341/5341 5340/5340 3947/3947
f 3959/3959 3946/3946 3947/3947
f 3942/3942 3943/3943 3944/3944
f 3943/3943 4072/4072 3945/3945
f 4072/4072 5439/5439 3945/3945
f 5439/5439 3933/3933 4073/4073
f 4073/4073 3933/3933 3931/3931
f 3933/3933 3932/3932 3931/3931
f 4100/4100 4117/4117 5489/5489
f 4118/4118 4119/4119 4116/4116
f 4118/4118 4120/4120 4119/4119
f 4122/4122 4123/4123 4120/4120
f 4127/4127 4131/4131 4132/4132
f 4132/4132 4133/4133 4135/4135
f 4157/4157 4139/4139 4135/4135
f 3109/3109 3111/3111 3104/3104
f 3102/3102 3126/3126 3125/3125
f 3126/3126 3124/3124 3125/3125
f 2651/2651 2653/2653 2649/2649
f 62/62 228/228 59/59
f 228/228 230/230 59/59
f 64/64 234/234 61/61
f 65/65 235/235 63/63
f 235/235 233/233 63/63
f 238/238 237/237 56/56
f 237/237 65/65 56/56
f 2707/2707 2710/2710 2708/2708
f 6059/6059 6061/6061 6060/6060
f 4505/4505 4504/4504 4503/4503
f 5255/5255 4504/4504 4505/4505
f 4499/4499 4497/4497 4498/4498
f 4496/4496 4497/4497 4499/4499
f 5409/5409 4487/4487 4486/4486
f 4477/4477 4488/4488 4478/4478
f 4480/4480 4481/4481 4479/4479
f 4481/4481 5424/5424 4479/4479
f 6305/6305 6306/6306 6307/6307
f 5449/5449 5346/5346 5186/5186
f 5339/5339 4436/4436 5346/5346
f 4438/4438 4437/4437 4436/4436
f 4439/4439 4446/4446 4437/4437
f 5620/5620 5622/5622 5652/5652
f 5621/5621 5625/5625 5623/5623
f 5634/5634 5632/5632 5633/5633
f 5340/5340 5189/5189 3947/3947
f 5189/5189 3959/3959 3947/3947
f 3959/3959 3942/3942 3946/3946
f 3935/3935 3933/3933 5439/5439
f 4117/4117 4100/4100 4116/4116
f 4122/4122 4129/4129 4123/4123
f 4129/4129 4127/4127 4123/4123
f 4127/4127 4130/4130 4131/4131
f 4131/4131 4133/4133 4132/4132
f 4133/4133 4157/4157 4135/4135
f 3135/3135 3133/3133 3110/3110
f 3133/3133 3109/3109 3110/3110
f 3106/3106 3105/3105 3097/3097
f 3101/3101 3112/3112 3102/3102
f 2652/2652 2653/2653 2651/2651
f 230/230 231/231 60/60
f 231/231 193/193 60/60
f 1742/1742 1743/1743 1744/1744
f 229/229 228/228 62/62
f 239/239 229/229 61/61
f 229/229 62/62 61/61
f 234/234 239/239 61/61
f 234/234 64/64 233/233
f 236/236 264/264 238/238
f 6145/6145 6146/6146 6147/6147
f 6145/6145 6143/6143 6146/6146
f 4499/4499 4498/4498 5255/5255
f 4499/4499 5319/5319 4496/4496
f 4496/4496 5319/5319 5518/5518
f 5319/5319 5209/5209 5518/5518
f 5518/5518 5209/5209 5207/5207
f 5209/5209 5208/5208 5207/5207
f 5209/5209 5210/5210 5208/5208
f 5194/5194 4488/4488 4477/4477
f 6314/6314 6315/6315 6316/6316
f 5507/5507 5339/5339 5346/5346
f 5339/5339 4441/4441 4445/4445
f 5507/5507 4441/4441 5339/5339
f 4441/4441 4438/4438 4445/4445
f 4438/4438 4439/4439 4437/4437
f 5621/5621 5622/5622 5620/5620
f 5622/5622 5621/5621 5623/5623
f 5621/5621 5626/5626 5625/5625
f 5629/5629 5630/5630 5627/5627
f 5632/5632 5631/5631 5633/5633
f 3940/3940 3942/3942 3959/3959
f 3940/3940 3959/3959 5189/5189
f 3940/3940 3941/3941 3942/3942
f 3941/3941 3938/3938 4072/4072
f 3935/3935 5504/5504 4072/4072
f 3934/3934 3932/3932 3933/3933
f 4118/4118 4121/4121 4120/4120
f 4121/4121 4122/4122 4120/4120
f 4129/4129 4130/4130 4127/4127
f 4130/4130 4134/4134 4131/4131
f 4134/4134 4133/4133 4131/4131
f 3123/3123 3111/3111 3109/3109
f 3111/3111 3108/3108 3104/3104
f 3108/3108 3100/3100 3104/3104
f 3113/3113 3103/3103 3100/3100
f 3116/3116 3097/3097 3103/3103
f 3105/3105 3107/3107 3101/3101
f 3107/3107 3112/3112 3101/3101
f 3112/3112 3126/3126 3102/3102
f 382/382 395/395 410/410
f 244/244 243/243 194/194
f 194/194 243/243 195/195
f 231/231 232/232 193/193
f 242/242 239/239 234/234
f 235/235 234/234 233/233
f 6145/6145 6144/6144 6143/6143
f 6141/6141 6142/6142 6143/6143
f 5222/5222 5209/5209 5319/5319
f 4487/4487 5194/5194 4477/4477
f 4483/4483 4480/4480 4478/4478
f 4483/4483 4478/4478 4488/4488
f 4482/4482 4481/4481 4480/4480
f 4482/4482 4485/4485 4481/4481
f 4481/4481 4485/4485 5424/5424
f 4485/4485 5449/5449 5424/5424
f 4485/4485 5507/5507 5449/5449
f 5618/5618 5620/5620 5619/5619
f 5618/5618 5621/5621 5620/5620
f 5621/5621 5641/5641 5626/5626
f 5641/5641 5628/5628 5626/5626
f 5628/5628 5629/5629 5627/5627
f 5629/5629 5631/5631 5630/5630
f 5461/5461 5460/5460 5189/5189
f 5189/5189 5460/5460 3940/3940
f 3940/3940 3938/3938 3941/3941
f 3938/3938 3935/3935 4072/4072
f 3935/3935 3934/3934 3933/3933
f 3934/3934 4074/4074 3932/3932
f 3932/3932 4075/4075 4100/4100
f 4100/4100 4095/4095 4116/4116
f 4095/4095 4118/4118 4116/4116
f 4176/4176 4129/4129 4122/4122
f 4129/4129 5118/5118 4130/4130
f 5118/5118 4134/4134 4130/4130
f 5406/5406 4157/4157 4133/4133
f 393/393 420/420 419/419
f 3108/3108 3113/3113 3100/3100
f 3113/3113 3116/3116 3103/3103
f 3143/3143 3126/3126 3112/3112
f 451/451 487/487 453/453
f 237/237 235/235 65/65
f 2710/2710 2711/2711 2708/2708
f 6062/6062 6061/6061 6059/6059
f 5236/5236 5235/5235 5241/5241
f 5233/5233 5222/5222 5319/5319
f 5212/5212 5211/5211 5209/5209
f 5672/5672 5668/5668 5673/5673
f 5194/5194 4483/4483 4488/4488
f 4483/4483 4484/4484 4480/4480
f 4484/4484 4482/4482 4480/4480
f 5191/5191 4485/4485 4482/4482
f 5650/5650 5648/5648 5653/5653
f 5648/5648 5613/5613 5653/5653
f 5507/5507 4443/4443 4441/4441
f 4443/4443 4440/4440 4441/4441
f 4442/4442 4440/4440 4443/4443
f 5615/5615 5618/5618 5619/5619
f 5500/5500 5503/5503 5502/5502
f 5500/5500 5502/5502 5501/5501
f 5642/5642 5641/5641 5643/5643
f 5642/5642 5628/5628 5641/5641
f 5636/5636 5631/5631 5629/5629
f 5636/5636 5638/5638 5637/5637
f 5636/5636 5637/5637 5631/5631
f 3958/3958 3939/3939 5460/5460
f 5460/5460 3939/3939 3940/3940
f 3939/3939 3938/3938 3940/3940
f 3937/3937 3936/3936 3935/3935
f 3935/3935 3936/3936 3934/3934
f 3936/3936 4074/4074 3934/3934
f 4095/4095 5054/5054 4118/4118
f 4177/4177 5118/5118 4129/4129
f 4134/4134 5406/5406 4133/4133
f 3133/3133 3134/3134 3109/3109
f 3134/3134 3123/3123 3109/3109
f 3116/3116 3117/3117 3097/3097
f 404/404 377/377 405/405
f 3097/3097 3117/3117 3106/3106
f 3115/3115 3105/3105 3106/3106
f 3143/3143 3144/3144 3126/3126
f 2655/2655 2654/2654 2652/2652
f 2654/2654 2653/2653 2652/2652
f 2654/2654 2687/2687 2653/2653
f 1742/1742 1740/1740 1743/1743
f 229/229 241/241 228/228
f 239/239 241/241 229/229
f 246/246 242/242 234/234
f 237/237 246/246 235/235
f 246/246 234/234 235/235
f 249/249 237/237 238/238
f 5239/5239 5236/5236 5393/5393
f 5236/5236 5234/5234 5235/5235
f 5234/5234 5233/5233 5235/5235
f 5232/5232 5222/5222 5233/5233
f 5222/5222 5213/5213 5209/5209
f 5213/5213 5212/5212 5209/5209
f 5671/5671 5668/5668 5672/5672
f 5434/5434 5433/5433 4487/4487
f 5194/5194 5301/5301 4483/4483
f 5301/5301 4484/4484 4483/4483
f 4484/4484 5198/5198 5191/5191
f 4484/4484 5191/5191 4482/4482
f 5191/5191 5192/5192 4485/4485
f 5192/5192 5193/5193 4485/4485
f 5613/5613 5614/5614 5615/5615
f 5615/5615 5617/5617 5618/5618
f 4059/4059 5500/5500 5501/5501
f 5644/5644 5642/5642 5643/5643
f 5482/5482 5313/5313 5315/5315
f 5646/5646 5636/5636 5629/5629
f 5646/5646 5639/5639 5636/5636
f 5636/5636 5639/5639 5638/5638
f 3939/3939 3937/3937 3938/3938
f 3937/3937 3935/3935 3938/3938
f 4075/4075 4076/4076 4100/4100
f 5058/5058 5118/5118 4177/4177
f 3108/3108 3130/3130 3113/3113
f 3132/3132 3116/3116 3113/3113
f 3115/3115 3114/3114 3105/3105
f 3107/3107 3143/3143 3112/3112
f 244/244 257/257 243/243
f 232/232 248/248 244/244
f 230/230 240/240 231/231
f 1740/1740 1741/1741 1743/1743
f 240/240 230/230 228/228
f 2901/2901 2898/2898 2891/2891
f 249/249 238/238 264/264
f 5238/5238 5236/5236 5239/5239
f 5238/5238 5237/5237 5236/5236
f 5234/5234 5232/5232 5233/5233
f 5232/5232 5213/5213 5222/5222
f 5215/5215 5214/5214 5213/5213
f 5213/5213 5214/5214 5212/5212
f 5670/5670 5668/5668 5671/5671
f 3476/3476 3475/3475 3474/3474
f 3475/3475 3477/3477 3473/3473
f 5649/5649 5612/5612 5648/5648
f 5612/5612 5613/5613 5648/5648
f 5611/5611 5614/5614 5613/5613
f 5614/5614 5616/5616 5615/5615
f 5615/5615 5616/5616 5617/5617
f 4059/4059 5499/5499 5500/5500
f 5644/5644 5645/5645 5642/5642
f 5309/5309 5313/5313 5482/5482
f 5309/5309 5311/5311 5313/5313
f 4068/4068 3962/3962 4069/4069
f 3962/3962 3957/3957 4069/4069
f 3957/3957 3939/3939 3958/3958
f 3957/3957 3956/3956 3939/3939
f 3956/3956 3937/3937 3939/3939
f 3937/3937 4070/4070 3936/3936
f 5805/5805 5804/5804 5806/5806
f 4074/4074 4076/4076 4075/4075
f 4076/4076 4095/4095 4100/4100
f 5564/5564 5559/5559 5562/5562
f 5559/5559 5561/5561 5562/5562
f 5559/5559 5560/5560 5561/5561
f 4178/4178 4177/4177 4176/4176
f 5058/5058 5063/5063 5118/5118
f 5566/5566 5567/5567 5568/5568
f 5566/5566 5569/5569 5567/5567
f 1961/1961 1957/1957 1958/1958
f 462/462 419/419 463/463
f 3134/3134 3142/3142 3123/3123
f 3117/3117 3115/3115 3106/3106
f 3114/3114 3107/3107 3105/3105
f 248/248 257/257 244/244
f 232/232 247/247 248/248
f 245/245 247/247 232/232
f 245/245 232/232 231/231
f 246/246 239/239 242/242
f 249/249 250/250 237/237
f 250/250 246/246 237/237
f 5215/5215 5213/5213 5232/5232
f 5669/5669 5668/5668 5670/5670
f 5669/5669 5666/5666 5668/5668
f 5666/5666 5664/5664 5667/5667
f 5666/5666 5667/5667 5668/5668
f 5506/5506 5480/5480 5433/5433
f 5480/5480 5301/5301 5433/5433
f 5480/5480 5202/5202 5301/5301
f 5202/5202 4484/4484 5301/5301
f 3745/3745 3746/3746 3747/3747
f 5651/5651 5612/5612 5649/5649
f 5612/5612 5611/5611 5613/5613
f 4056/4056 4058/4058 5067/5067
f 5171/5171 4052/4052 4059/4059
f 5312/5312 5309/5309 5482/5482
f 5310/5310 5311/5311 5309/5309
f 5310/5310 5395/5395 5311/5311
f 5682/5682 5639/5639 5646/5646
f 5395/5395 3966/3966 4068/4068
f 3966/3966 3962/3962 4068/4068
f 3961/3961 3957/3957 3962/3962
f 3961/3961 3960/3960 3957/3957
f 3960/3960 3956/3956 3957/3957
f 3960/3960 4071/4071 3956/3956
f 5842/5842 5843/5843 5844/5844
f 4076/4076 4078/4078 4095/4095
f 4078/4078 4092/4092 4095/4095
f 4092/4092 4101/4101 4095/4095
f 4095/4095 4101/4101 5054/5054
f 5563/5563 5560/5560 5559/5559
f 3139/3139 3136/3136 3137/3137
f 3137/3137 3136/3136 3135/3135
f 1573/1573 1574/1574 1575/1575
f 3142/3142 3130/3130 3123/3123
f 3122/3122 3143/3143 3107/3107
f 240/240 245/245 231/231
f 241/241 240/240 228/228
f 829/829 759/759 791/791
f 253/253 251/251 239/239
f 251/251 241/241 239/239
f 246/246 253/253 239/239
f 5240/5240 5237/5237 5238/5238
f 5240/5240 5242/5242 5237/5237
f 5242/5242 5232/5232 5234/5234
f 5306/5306 5215/5215 5232/5232
f 5217/5217 5216/5216 5215/5215
f 5215/5215 5216/5216 5214/5214
f 5337/5337 5202/5202 5480/5480
f 5202/5202 5199/5199 4484/4484
f 5199/5199 5198/5198 4484/4484
f 5200/5200 5204/5204 5198/5198
f 5655/5655 5654/5654 5649/5649
f 5376/5376 5375/5375 5377/5377
f 5610/5610 5611/5611 5612/5612
f 4056/4056 4053/4053 4058/4058
f 4053/4053 4052/4052 4058/4058
f 4061/4061 5498/5498 4059/4059
f 5312/5312 5498/5498 4047/4047
f 5312/5312 5308/5308 5309/5309
f 4060/4060 5310/5310 5309/5309
f 4060/4060 5395/5395 5310/5310
f 3968/3968 3966/3966 5395/5395
f 3967/3967 3964/3964 3966/3966
f 3964/3964 3963/3963 3962/3962
f 3964/3964 3962/3962 3966/3966
f 3963/3963 3961/3961 3962/3962
f 5949/5949 5950/5950 5947/5947
f 3997/3997 3999/3999 4071/4071
f 3999/3999 4000/4000 4070/4070
f 4000/4000 4004/4004 4070/4070
f 5802/5802 5804/5804 5805/5805
f 5802/5802 5803/5803 5804/5804
f 4074/4074 4077/4077 4076/4076
f 4077/4077 4078/4078 4076/4076
f 5057/5057 5058/5058 4177/4177
f 5057/5057 5059/5059 5058/5058
f 5059/5059 5063/5063 5058/5058
f 3141/3141 3139/3139 3137/3137
f 3140/3140 3133/3133 3136/3136
f 3140/3140 3134/3134 3133/3133
f 1578/1578 1566/1566 1556/1556
f 3130/3130 3147/3147 3132/3132
f 407/407 418/418 440/440
f 3132/3132 3131/3131 3116/3116
f 3131/3131 3115/3115 3117/3117
f 3127/3127 3128/3128 3114/3114
f 3114/3114 3128/3128 3122/3122
f 3146/3146 3143/3143 3122/3122
f 2656/2656 2654/2654 2655/2655
f 2657/2657 2687/2687 2654/2654
f 452/452 453/453 551/551
f 259/259 258/258 248/248
f 258/258 257/257 248/248
f 1740/1740 1739/1739 1741/1741
f 2907/2907 2906/2906 2902/2902
f 252/252 240/240 241/241
f 265/265 272/272 249/249
f 5306/5306 5221/5221 5215/5215
f 5221/5221 5217/5217 5215/5215
f 5217/5217 5218/5218 5216/5216
f 5666/5666 5663/5663 5664/5664
f 5660/5660 5665/5665 5664/5664
f 5203/5203 5199/5199 5202/5202
f 5204/5204 5375/5375 5376/5376
f 4054/4054 4051/4051 4053/4053
f 4051/4051 4048/4048 4052/4052
f 4051/4051 4052/4052 4053/4053
f 4048/4048 4061/4061 4059/4059
f 4048/4048 4059/4059 4052/4052
f 4047/4047 5308/5308 5312/5312
f 4047/4047 4060/4060 5308/5308
f 4060/4060 3970/3970 5395/5395
f 5947/5947 5948/5948 5949/5949
f 3999/3999 3998/3998 4000/4000
f 4000/4000 4003/4003 4004/4004
f 4079/4079 4078/4078 4077/4077
f 5559/5559 5565/5565 5563/5563
f 3151/3151 3131/3131 3132/3132
f 418/418 441/441 440/440
f 3131/3131 3127/3127 3115/3115
f 2656/2656 2657/2657 2654/2654
f 1790/1790 1738/1738 1740/1740
f 1738/1738 1739/1739 1740/1740
f 254/254 245/245 240/240
f 251/251 252/252 241/241
f 263/263 253/253 246/246
f 250/250 263/263 246/246
f 267/267 250/250 249/249
f 272/272 267/267 249/249
f 265/265 275/275 272/272
f 5240/5240 5243/5243 5242/5242
f 5243/5243 5244/5244 5242/5242
f 6105/6105 6106/6106 6107/6107
f 5221/5221 5219/5219 5217/5217
f 5219/5219 5218/5218 5217/5217
f 5218/5218 5223/5223 5216/5216
f 5676/5676 5666/5666 5669/5669
f 5676/5676 5663/5663 5666/5666
f 5663/5663 5660/5660 5664/5664
f 5203/5203 5201/5201 5199/5199
f 5199/5199 5201/5201 5200/5200
f 5201/5201 5374/5374 5204/5204
f 5201/5201 5204/5204 5200/5200
f 5204/5204 5374/5374 5375/5375
f 5609/5609 5604/5604 5610/5610
f 5610/5610 5604/5604 5611/5611
f 5126/5126 4057/4057 5067/5067
f 5067/5067 4057/4057 4056/4056
f 4057/4057 4054/4054 4056/4056
f 4057/4057 4055/4055 4054/4054
f 4055/4055 4051/4051 4054/4054
f 4051/4051 4050/4050 4048/4048
f 4048/4048 4047/4047 4061/4061
f 4047/4047 4044/4044 4060/4060
f 4044/4044 3970/3970 4060/4060
f 3969/3969 3967/3967 3968/3968
f 3969/3969 5316/5316 3967/3967
f 3967/3967 5316/5316 3964/3964
f 5316/5316 3965/3965 3964/3964
f 3964/3964 3965/3965 3963/3963
f 3963/3963 3965/3965 3961/3961
f 3965/3965 5330/5330 3961/3961
f 5951/5951 5952/5952 5953/5953
f 5952/5952 5954/5954 5953/5953
f 3996/3996 3997/3997 4067/4067
f 3997/3997 3998/3998 3999/3999
f 3998/3998 4001/4001 4000/4000
f 3706/3706 3707/3707 3708/3708
f 5807/5807 5799/5799 5802/5802
f 5799/5799 5801/5801 5802/5802
f 5801/5801 5803/5803 5802/5802
f 4091/4091 4092/4092 4078/4078
f 4096/4096 4101/4101 4092/4092
f 4096/4096 5053/5053 4101/4101
f 5053/5053 5057/5057 4177/4177
f 5053/5053 4177/4177 4178/4178
f 5060/5060 5059/5059 5057/5057
f 1575/1575 1551/1551 1576/1576
f 3129/3129 3146/3146 3122/3122
f 1790/1790 1787/1787 1738/1738
f 259/259 271/271 258/258
f 254/254 259/259 247/247
f 245/245 254/254 247/247
f 261/261 254/254 240/240
f 252/252 260/260 240/240
f 260/260 261/261 240/240
f 253/253 266/266 251/251
f 267/267 268/268 250/250
f 5221/5221 5220/5220 5219/5219
f 5220/5220 5218/5218 5219/5219
f 5220/5220 5223/5223 5218/5218
f 5659/5659 5656/5656 5660/5660
f 5485/5485 4050/4050 4051/4051
f 4050/4050 4049/4049 4048/4048
f 4049/4049 4046/4046 4048/4048
f 4048/4048 4046/4046 4047/4047
f 4046/4046 4044/4044 4047/4047
f 4044/4044 3971/3971 3970/3970
f 3971/3971 3969/3969 3970/3970
f 3970/3970 3969/3969 3968/3968
f 3996/3996 3995/3995 3997/3997
f 3995/3995 4002/4002 3998/3998
f 3995/3995 3998/3998 3997/3997
f 4089/4089 4079/4079 4077/4077
f 4079/4079 4080/4080 4078/4078
f 4090/4090 4091/4091 4078/4078
f 5053/5053 5254/5254 5057/5057
f 5254/5254 5060/5060 5057/5057
f 3149/3149 3140/3140 3141/3141
f 3153/3153 3154/3154 3134/3134
f 3154/3154 3156/3156 3134/3134
f 1568/1568 1556/1556 1548/1548
f 2686/2686 2658/2658 2694/2694
f 414/414 442/442 447/447
f 2658/2658 2657/2657 2656/2656
f 273/273 271/271 259/259
f 254/254 273/273 259/259
f 1738/1738 1737/1737 1739/1739
f 251/251 270/270 252/252
f 756/756 755/755 780/780
f 263/263 266/266 253/253
f 268/268 263/263 250/250
f 1704/1704 1692/1692 1711/1711
f 6103/6103 6104/6104 6105/6105
f 6105/6105 6104/6104 6106/6106
f 6104/6104 6108/6108 6106/6106
f 5272/5272 5220/5220 5221/5221
f 5220/5220 5224/5224 5223/5223
f 5224/5224 5228/5228 5223/5223
f 5676/5676 5661/5661 5663/5663
f 5661/5661 5660/5660 5663/5663
f 5661/5661 5659/5659 5660/5660
f 5658/5658 5659/5659 5661/5661
f 5659/5659 5658/5658 5656/5656
f 5658/5658 5657/5657 5656/5656
f 5657/5657 5605/5605 5656/5656
f 5605/5605 5609/5609 5656/5656
f 5605/5605 5604/5604 5609/5609
f 5601/5601 5602/5602 5603/5603
f 5601/5601 5603/5603 5604/5604
f 5165/5165 5164/5164 4057/4057
f 5164/5164 4055/4055 4057/4057
f 5164/5164 5485/5485 4055/4055
f 5485/5485 4049/4049 4050/4050
f 4062/4062 4046/4046 4049/4049
f 4046/4046 4045/4045 4044/4044
f 4045/4045 3971/3971 4044/4044
f 3971/3971 3972/3972 3969/3969
f 3972/3972 4065/4065 5316/5316
f 3972/3972 5316/5316 3969/3969
f 6355/6355 6356/6356 6357/6357
f 6359/6359 6360/6360 6356/6356
f 5330/5330 3993/3993 3996/3996
f 3993/3993 3995/3995 3996/3996
f 4002/4002 4001/4001 3998/3998
f 5808/5808 5799/5799 5807/5807
f 5799/5799 5800/5800 5801/5801
f 4086/4086 4083/4083 4089/4089
f 4083/4083 4079/4079 4089/4089
f 4093/4093 4094/4094 4092/4092
f 4093/4093 4092/4092 4091/4091
f 4096/4096 5254/5254 5053/5053
f 1566/1566 1567/1567 1550/1550
f 3152/3152 3151/3151 3132/3132
f 2659/2659 2657/2657 2658/2658
f 261/261 262/262 254/254
f 828/828 759/759 829/829
f 270/270 269/269 252/252
f 1702/1702 1694/1694 1713/1713
f 266/266 269/269 251/251
f 269/269 270/270 251/251
f 1692/1692 1703/1703 1711/1711
f 1689/1689 1704/1704 1705/1705
f 1710/1710 1690/1690 1705/1705
f 1690/1690 1689/1689 1705/1705
f 5227/5227 5220/5220 5272/5272
f 5224/5224 5231/5231 5228/5228
f 5466/5466 5486/5486 5475/5475
f 5605/5605 5601/5601 5604/5604
f 4063/4063 4049/4049 5485/5485
f 3972/3972 3974/3974 4065/4065
f 6355/6355 6358/6358 6356/6356
f 6358/6358 6359/6359 6356/6356
f 3991/3991 3992/3992 3993/3993
f 3993/3993 3994/3994 3995/3995
f 3994/3994 4181/4181 3995/3995
f 4181/4181 5014/5014 4002/4002
f 4083/4083 4086/4086 4085/4085
f 4090/4090 4098/4098 4091/4091
f 4098/4098 4093/4093 4091/4091
f 4094/4094 4096/4096 4092/4092
f 3155/3155 3153/3153 3140/3140
f 1548/1548 1556/1556 1538/1538
f 3160/3160 3152/3152 3147/3147
f 1567/1567 1564/1564 1550/1550
f 3157/3157 3150/3150 3127/3127
f 1562/1562 1563/1563 1544/1544
f 1563/1563 1554/1554 1549/1549
f 2688/2688 2686/2686 2694/2694
f 1554/1554 1557/1557 1552/1552
f 2660/2660 2659/2659 2658/2658
f 2695/2695 2657/2657 2659/2659
f 274/274 271/271 273/273
f 262/262 274/274 254/254
f 1787/1787 1733/1733 1738/1738
f 1738/1738 1733/1733 1737/1737
f 775/775 747/747 759/759
f 1689/1689 1692/1692 1704/1704
f 1709/1709 1690/1690 1710/1710
f 5227/5227 5226/5226 5220/5220
f 5226/5226 5225/5225 5220/5220
f 5229/5229 5225/5225 5226/5226
f 5231/5231 5436/5436 5228/5228
f 5436/5436 5437/5437 5228/5228
f 5661/5661 5662/5662 5658/5658
f 5437/5437 5466/5466 5475/5475
f 5486/5486 5472/5472 5487/5487
f 5606/5606 5607/5607 5601/5601
f 5606/5606 5601/5601 5605/5605
f 5601/5601 5597/5597 5602/5602
f 5602/5602 5597/5597 5608/5608
f 5597/5597 5596/5596 5685/5685
f 5597/5597 5685/5685 5608/5608
f 4063/4063 4064/4064 4062/4062
f 5934/5934 5933/5933 5932/5932
f 3973/3973 3972/3972 3971/3971
f 6361/6361 6358/6358 6355/6355
f 3990/3990 3988/3988 3991/3991
f 3994/3994 5014/5014 4181/4181
f 5798/5798 5796/5796 5799/5799
f 5413/5413 5414/5414 4002/4002
f 5795/5795 5796/5796 5798/5798
f 5796/5796 5800/5800 5799/5799
f 4083/4083 4082/4082 4079/4079
f 4082/4082 4081/4081 4079/4079
f 4081/4081 4087/4087 4080/4080
f 4087/4087 5159/5159 4080/4080
f 5159/5159 4090/4090 4080/4080
f 5159/5159 4098/4098 4090/4090
f 4099/4099 4096/4096 4094/4094
f 4096/4096 4099/4099 5254/5254
f 5254/5254 5062/5062 5060/5060
f 1548/1548 1538/1538 1537/1537
f 3150/3150 3170/3170 3129/3129
f 2692/2692 2688/2688 2694/2694
f 2688/2688 2660/2660 2686/2686
f 1565/1565 1597/1597 1561/1561
f 1707/1707 1708/1708 1717/1717
f 1787/1787 1788/1788 1733/1733
f 1714/1714 1691/1691 1706/1706
f 1733/1733 1734/1734 1737/1737
f 1712/1712 1691/1691 1714/1714
f 1713/1713 1694/1694 1712/1712
f 1690/1690 1676/1676 1689/1689
f 1676/1676 1677/1677 1689/1689
f 5226/5226 5230/5230 5229/5229
f 5231/5231 5229/5229 5230/5230
f 5437/5437 5465/5465 5466/5466
f 5466/5466 5472/5472 5486/5486
f 5607/5607 5594/5594 5601/5601
f 5601/5601 5594/5594 5597/5597
f 5593/5593 5596/5596 5597/5597
f 4037/4037 4040/4040 5485/5485
f 5944/5944 5945/5945 5946/5946
f 5944/5944 5939/5939 5945/5945
f 4066/4066 4064/4064 4063/4063
f 5934/5934 5937/5937 5933/5933
f 4022/4022 3977/3977 3973/3973
f 3977/3977 3976/3976 3973/3973
f 3976/3976 3975/3975 3973/3973
f 4043/4043 3975/3975 3976/3976
f 6358/6358 6361/6361 6362/6362
f 3989/3989 3988/3988 3990/3990
f 3988/3988 3992/3992 3991/3991
f 4005/4005 3992/3992 3988/3988
f 4005/4005 5328/5328 3994/3994
f 5328/5328 5014/5014 3994/3994
f 5328/5328 5416/5416 5014/5014
f 5416/5416 5413/5413 5014/5014
f 4084/4084 4082/4082 4083/4083
f 4084/4084 4083/4083 4085/4085
f 4082/4082 4087/4087 4081/4081
f 4098/4098 4097/4097 4093/4093
f 4097/4097 4094/4094 4093/4093
f 4097/4097 4099/4099 4094/4094
f 4099/4099 5163/5163 5254/5254
f 3155/3155 3158/3158 3153/3153
f 1572/1572 1521/1521 1571/1571
f 1521/1521 1542/1542 1522/1522
f 1542/1542 1541/1541 1522/1522
f 1541/1541 1548/1548 1537/1537
f 1550/1550 1543/1543 1530/1530
f 3166/3166 3170/3170 3150/3150
f 1562/1562 1544/1544 1543/1543
f 1557/1557 1565/1565 1561/1561
f 2661/2661 2660/2660 2688/2688
f 2661/2661 2659/2659 2660/2660
f 1594/1594 1596/1596 1719/1719
f 1702/1702 1684/1684 1694/1694
f 1703/1703 1685/1685 1702/1702
f 1689/1689 1677/1677 1692/1692
f 1688/1688 1690/1690 1709/1709
f 1688/1688 1676/1676 1690/1690
f 5231/5231 5437/5437 5436/5436
f 5446/5446 5437/5437 5231/5231
f 5465/5465 5472/5472 5466/5466
f 5683/5683 5607/5607 5606/5606
f 5594/5594 5593/5593 5597/5597
f 5593/5593 5595/5595 5596/5596
f 4037/4037 4035/4035 4040/4040
f 5939/5939 5938/5938 5934/5934
f 5938/5938 5937/5937 5934/5934
f 5940/5940 5937/5937 5938/5938
f 4021/4021 3977/3977 4022/4022
f 4043/4043 3976/3976 3978/3978
f 4043/4043 3986/3986 3989/3989
f 3989/3989 3986/3986 3988/3988
f 3986/3986 3987/3987 3988/3988
f 3987/3987 4005/4005 3988/3988
f 5811/5811 5812/5812 5813/5813
f 5794/5794 5791/5791 5795/5795
f 5795/5795 5791/5791 5796/5796
f 4088/4088 4082/4082 4084/4084
f 4082/4082 5331/5331 4087/4087
f 4087/4087 5331/5331 5159/5159
f 5331/5331 4098/4098 5159/5159
f 5018/5018 4097/4097 4098/4098
f 5162/5162 5163/5163 4099/4099
f 1541/1541 1537/1537 1523/1523
f 1538/1538 1550/1550 1536/1536
f 1540/1540 1554/1554 1539/1539
f 1595/1595 1596/1596 1594/1594
f 1707/1707 1701/1701 1708/1708
f 1701/1701 1707/1707 1706/1706
f 1691/1691 1693/1693 1706/1706
f 1734/1734 1733/1733 1732/1732
f 1694/1694 1691/1691 1712/1712
f 1685/1685 1684/1684 1702/1702
f 1685/1685 1703/1703 1692/1692
f 1686/1686 1685/1685 1692/1692
f 1677/1677 1671/1671 1692/1692
f 1671/1671 1686/1686 1692/1692
f 5445/5445 5446/5446 5231/5231
f 5445/5445 5231/5231 5230/5230
f 5446/5446 5450/5450 5437/5437
f 5606/5606 5684/5684 5683/5683
f 5492/5492 5493/5493 5491/5491
f 4041/4041 4036/4036 4037/4037
f 4036/4036 4035/4035 4037/4037
f 5944/5944 5938/5938 5939/5939
f 3978/3978 3981/3981 4043/4043
f 3987/3987 5291/5291 4005/4005
f 5814/5814 5811/5811 5813/5813
f 5175/5175 5174/5174 5328/5328
f 5793/5793 5791/5791 5794/5794
f 5020/5020 4098/4098 5331/5331
f 5020/5020 5018/5018 4098/4098
f 5018/5018 5019/5019 4097/4097
f 1962/1962 1970/1970 1946/1946
f 1571/1571 1521/1521 1520/1520
f 1537/1537 1538/1538 1524/1524
f 1538/1538 1536/1536 1524/1524
f 819/819 809/809 824/824
f 1543/1543 1529/1529 1530/1530
f 1543/1543 1544/1544 1529/1529
f 1544/1544 1549/1549 1528/1528
f 1528/1528 1549/1549 1540/1540
f 2691/2691 2664/2664 2661/2661
f 1552/1552 1561/1561 1553/1553
f 1687/1687 1694/1694 1684/1684
f 1687/1687 1691/1691 1694/1694
f 1671/1671 1685/1685 1686/1686
f 1659/1659 1665/1665 1676/1676
f 1665/1665 1677/1677 1676/1676
f 1688/1688 1659/1659 1676/1676
f 1924/1924 1939/1939 1922/1922
f 5445/5445 5450/5450 5446/5446
f 5467/5467 5468/5468 5472/5472
f 5495/5495 5468/5468 5479/5479
f 5468/5468 5478/5478 5479/5479
f 5474/5474 5492/5492 5491/5491
f 4041/4041 4033/4033 4036/4036
f 4035/4035 4030/4030 4040/4040
f 4030/4030 4028/4028 4040/4040
f 5942/5942 5938/5938 5944/5944
f 5942/5942 5941/5941 5938/5938
f 5938/5938 5941/5941 5940/5940
f 4023/4023 3980/3980 4021/4021
f 4021/4021 3980/3980 3977/3977
f 3980/3980 3979/3979 3977/3977
f 3977/3977 3979/3979 3978/3978
f 3979/3979 3981/3981 3978/3978
f 3981/3981 3983/3983 4043/4043
f 3983/3983 3986/3986 4043/4043
f 3983/3983 3985/3985 3986/3986
f 3986/3986 3985/3985 3987/3987
f 3987/3987 3985/3985 5291/5291
f 3985/3985 5175/5175 5291/5291
f 5175/5175 4017/4017 5174/5174
f 5789/5789 5792/5792 5790/5790
f 5789/5789 5790/5790 5791/5791
f 4088/4088 5444/5444 4082/4082
f 4082/4082 5444/5444 5331/5331
f 5444/5444 5020/5020 5331/5331
f 5020/5020 5019/5019 5018/5018
f 5019/5019 5162/5162 4097/4097
f 812/812 802/802 822/822
f 1521/1521 1522/1522 1496/1496
f 1496/1496 1522/1522 1510/1510
f 1522/1522 1523/1523 1510/1510
f 3168/3168 3159/3159 3167/3167
f 1537/1537 1524/1524 1523/1523
f 1529/1529 1544/1544 1528/1528
f 2663/2663 2661/2661 2664/2664
f 2663/2663 2689/2689 2659/2659
f 2663/2663 2659/2659 2661/2661
f 1788/1788 1793/1793 1733/1733
f 1700/1700 1708/1708 1701/1701
f 1793/1793 1726/1726 1733/1733
f 1733/1733 1726/1726 1732/1732
f 1674/1674 1693/1693 1691/1691
f 1732/1732 1726/1726 1731/1731
f 1687/1687 1674/1674 1691/1691
f 1679/1679 1687/1687 1684/1684
f 1685/1685 1672/1672 1684/1684
f 1661/1661 1679/1679 1684/1684
f 772/772 771/771 746/746
f 772/772 746/746 747/747
f 1672/1672 1661/1661 1684/1684
f 1677/1677 1665/1665 1671/1671
f 5481/5481 5450/5450 5445/5445
f 5450/5450 5468/5468 5467/5467
f 5469/5469 5468/5468 5450/5450
f 5469/5469 5478/5478 5468/5468
f 5474/5474 5478/5478 5469/5469
f 5591/5591 5592/5592 5589/5589
f 5593/5593 5591/5591 5595/5595
f 4038/4038 4033/4033 4041/4041
f 4033/4033 4030/4030 4035/4035
f 3979/3979 3982/3982 3981/3981
f 3982/3982 3983/3983 3981/3981
f 3985/3985 3984/3984 5175/5175
f 3984/3984 4017/4017 5175/5175
f 4017/4017 4015/4015 5174/5174
f 5793/5793 5789/5789 5791/5791
f 5797/5797 5792/5792 5809/5809
f 5797/5797 5810/5810 5790/5790
f 5020/5020 5021/5021 5019/5019
f 5021/5021 5022/5022 5019/5019
f 1496/1496 1510/1510 1509/1509
f 1520/1520 1521/1521 1496/1496
f 1524/1524 1536/1536 1512/1512
f 1536/1536 1531/1531 1512/1512
f 809/809 820/820 824/824
f 1530/1530 1529/1529 1519/1519
f 825/825 826/826 821/821
f 1528/1528 1540/1540 1526/1526
f 1540/1540 1535/1535 1526/1526
f 1539/1539 1552/1552 1527/1527
f 1552/1552 1553/1553 1527/1527
f 2684/2684 2689/2689 2663/2663
f 1693/1693 1699/1699 1701/1701
f 1674/1674 1675/1675 1693/1693
f 1673/1673 1674/1674 1687/1687
f 771/771 737/737 746/746
f 1671/1671 1672/1672 1685/1685
f 1665/1665 1658/1658 1671/1671
f 1659/1659 1645/1645 1665/1665
f 1666/1666 1639/1639 1659/1659
f 5481/5481 5470/5470 5450/5450
f 5470/5470 5469/5469 5450/5450
f 5469/5469 5473/5473 5474/5474
f 5587/5587 5588/5588 5589/5589
f 5588/5588 5591/5591 5589/5589
f 4038/4038 4032/4032 4033/4033
f 4032/4032 4030/4030 4033/4033
f 4030/4030 4029/4029 4028/4028
f 4029/4029 4027/4027 4028/4028
f 4028/4028 4027/4027 4023/4023
f 3980/3980 5451/5451 3979/3979
f 5451/5451 4019/4019 3979/3979
f 4019/4019 3982/3982 3979/3979
f 3983/3983 3984/3984 3985/3985
f 3700/3700 3701/3701 3702/3702
f 5444/5444 5021/5021 5020/5020
f 1555/1555 1503/1503 1534/1534
f 1520/1520 1496/1496 1503/1503
f 1510/1510 1523/1523 1508/1508
f 1510/1510 1508/1508 1509/1509
f 1524/1524 1512/1512 1508/1508
f 803/803 810/810 817/817
f 1531/1531 1530/1530 1517/1517
f 1530/1530 1519/1519 1517/1517
f 2666/2666 2665/2665 2664/2664
f 2665/2665 2663/2663 2664/2664
f 2665/2665 2684/2684 2663/2663
f 1593/1593 1594/1594 1592/1592
f 1793/1793 1725/1725 1726/1726
f 1726/1726 1724/1724 1731/1731
f 1679/1679 1673/1673 1687/1687
f 771/771 751/751 737/737
f 1657/1657 1661/1661 1672/1672
f 1671/1671 1657/1657 1672/1672
f 1658/1658 1657/1657 1671/1671
f 1645/1645 1658/1658 1665/1665
f 1639/1639 1645/1645 1659/1659
f 5470/5470 5471/5471 5469/5469
f 5471/5471 5473/5473 5469/5469
f 5598/5598 5588/5588 5590/5590
f 4039/4039 4032/4032 4038/4038
f 4032/4032 4031/4031 4030/4030
f 4030/4030 4031/4031 4029/4029
f 4042/4042 4029/4029 4031/4031
f 4042/4042 4027/4027 4029/4029
f 4023/4023 4024/4024 3980/3980
f 4024/4024 4025/4025 3980/3980
f 4007/4007 4019/4019 5451/5451
f 4019/4019 4007/4007 3982/3982
f 3982/3982 3984/3984 3983/3983
f 4008/4008 4017/4017 3984/3984
f 4008/4008 4010/4010 4017/4017
f 4010/4010 4015/4015 4017/4017
f 4010/4010 4013/4013 4015/4015
f 4015/4015 4013/4013 4016/4016
f 4013/4013 4014/4014 4016/4016
f 4016/4016 4014/4014 5444/5444
f 5858/5858 5859/5859 5860/5860
f 714/714 692/692 793/793
f 1503/1503 1489/1489 1534/1534
f 1517/1517 1519/1519 1501/1501
f 1529/1529 1518/1518 1519/1519
f 1529/1529 1528/1528 1518/1518
f 1528/1528 1526/1526 1518/1518
f 1526/1526 1513/1513 1511/1511
f 1526/1526 1535/1535 1513/1513
f 1553/1553 1591/1591 1527/1527
f 1699/1699 1698/1698 1700/1700
f 1675/1675 1678/1678 1695/1695
f 1725/1725 1724/1724 1726/1726
f 1674/1674 1669/1669 1675/1675
f 1669/1669 1678/1678 1675/1675
f 1661/1661 1667/1667 1679/1679
f 770/770 752/752 751/751
f 1658/1658 1644/1644 1657/1657
f 1645/1645 1644/1644 1658/1658
f 722/722 648/648 646/646
f 1666/1666 1643/1643 1639/1639
f 5471/5471 5476/5476 5473/5473
f 4027/4027 4024/4024 4023/4023
f 4007/4007 4006/4006 3982/3982
f 4006/4006 4008/4008 3984/3984
f 4006/4006 3984/3984 3982/3982
f 4009/4009 4010/4010 4008/4008
f 4012/4012 4013/4013 4010/4010
f 678/678 692/692 714/714
f 692/692 675/675 711/711
f 1948/1948 1950/1950 1949/1949
f 1534/1534 1489/1489 1532/1532
f 693/693 700/700 715/715
f 1495/1495 1496/1496 1477/1477
f 1489/1489 1503/1503 1495/1495
f 1503/1503 1496/1496 1495/1495
f 1509/1509 1494/1494 1496/1496
f 1509/1509 1508/1508 1494/1494
f 1494/1494 1508/1508 1486/1486
f 1508/1508 1512/1512 1486/1486
f 1512/1512 1504/1504 1486/1486
f 1512/1512 1517/1517 1504/1504
f 1517/1517 1501/1501 1500/1500
f 798/798 814/814 821/821
f 814/814 825/825 821/821
f 1518/1518 1526/1526 1511/1511
f 1535/1535 1527/1527 1513/1513
f 2665/2665 2666/2666 2667/2667
f 1591/1591 1592/1592 1590/1590
f 2665/2665 2685/2685 2684/2684
f 1695/1695 1698/1698 1699/1699
f 1725/1725 1720/1720 1724/1724
f 1724/1724 1720/1720 1722/1722
f 1667/1667 1673/1673 1679/1679
f 1673/1673 1668/1668 1674/1674
f 1668/1668 1669/1669 1674/1674
f 1654/1654 1667/1667 1661/1661
f 1657/1657 1653/1653 1661/1661
f 751/751 727/727 737/737
f 1639/1639 1640/1640 1645/1645
f 1643/1643 1638/1638 1639/1639
f 5600/5600 5599/5599 5590/5590
f 4034/4034 4042/4042 4031/4031
f 4042/4042 4024/4024 4027/4027
f 4018/4018 4006/4006 4007/4007
f 4006/4006 4009/4009 4008/4008
f 4009/4009 4011/4011 4010/4010
f 4010/4010 4011/4011 4012/4012
f 679/679 678/678 714/714
f 1532/1532 1489/1489 1478/1478
f 1489/1489 1479/1479 1478/1478
f 1489/1489 1495/1495 1479/1479
f 1495/1495 1477/1477 1479/1479
f 1496/1496 1494/1494 1477/1477
f 1504/1504 1500/1500 1488/1488
f 814/814 818/818 825/825
f 1513/1513 1527/1527 1514/1514
f 1514/1514 1527/1527 1560/1560
f 1527/1527 1588/1588 1560/1560
f 1695/1695 1696/1696 1698/1698
f 1678/1678 1683/1683 1695/1695
f 1696/1696 1697/1697 1698/1698
f 1669/1669 1670/1670 1678/1678
f 1656/1656 1670/1670 1669/1669
f 1668/1668 1656/1656 1669/1669
f 1667/1667 1668/1668 1673/1673
f 1661/1661 1653/1653 1654/1654
f 1657/1657 1641/1641 1653/1653
f 1644/1644 1641/1641 1657/1657
f 1645/1645 1632/1632 1644/1644
f 1640/1640 1632/1632 1645/1645
f 1630/1630 1640/1640 1639/1639
f 1634/1634 1630/1630 1639/1639
f 6344/6344 6345/6345 6346/6346
f 4026/4026 4024/4024 4042/4042
f 4026/4026 5251/5251 4025/4025
f 4026/4026 4025/4025 4024/4024
f 5251/5251 4018/4018 4007/4007
f 4018/4018 4009/4009 4006/4006
f 4009/4009 4020/4020 4011/4011
f 664/664 669/669 680/680
f 1477/1477 1494/1494 1476/1476
f 1486/1486 1504/1504 1488/1488
f 1488/1488 1500/1500 1487/1487
f 1501/1501 1519/1519 1502/1502
f 1518/1518 1511/1511 1502/1502
f 1513/1513 1514/1514 1507/1507
f 814/814 813/813 818/818
f 2668/2668 2665/2665 2667/2667
f 1588/1588 1590/1590 1589/1589
f 2685/2685 2665/2665 2676/2676
f 1670/1670 1683/1683 1678/1678
f 1667/1667 1652/1652 1668/1668
f 1652/1652 1656/1656 1668/1668
f 1720/1720 1721/1721 1722/1722
f 1654/1654 1652/1652 1667/1667
f 751/751 739/739 719/719
f 751/751 719/719 727/727
f 1642/1642 1641/1641 1644/1644
f 1632/1632 1642/1642 1644/1644
f 1627/1627 1642/1642 1632/1632
f 1630/1630 1632/1632 1640/1640
f 1628/1628 1627/1627 1632/1632
f 1630/1630 1629/1629 1632/1632
f 1638/1638 1614/1614 1634/1634
f 1614/1614 1630/1630 1634/1634
f 1633/1633 1614/1614 1638/1638
f 1944/1944 1945/1945 1943/1943
f 655/655 644/644 664/664
f 644/644 660/660 664/664
f 1533/1533 1466/1466 1490/1490
f 1466/1466 1478/1478 1468/1468
f 672/672 688/688 671/671
f 1479/1479 1477/1477 1468/1468
f 1468/1468 1477/1477 1467/1467
f 1477/1477 1476/1476 1467/1467
f 1494/1494 1486/1486 1476/1476
f 1476/1476 1486/1486 1473/1473
f 1486/1486 1488/1488 1473/1473
f 1487/1487 1500/1500 1483/1483
f 708/708 811/811 797/797
f 1500/1500 1501/1501 1493/1493
f 1502/1502 1492/1492 1501/1501
f 1502/1502 1511/1511 1498/1498
f 1498/1498 1511/1511 1506/1506
f 1511/1511 1513/1513 1506/1506
f 1513/1513 1507/1507 1506/1506
f 1514/1514 1525/1525 1507/1507
f 1560/1560 1525/1525 1514/1514
f 2669/2669 2665/2665 2668/2668
f 2669/2669 2676/2676 2665/2665
f 1683/1683 1697/1697 1696/1696
f 1720/1720 1723/1723 1721/1721
f 1653/1653 1651/1651 1654/1654
f 1651/1651 1652/1652 1654/1654
f 739/739 717/717 719/719
f 1631/1631 1641/1641 1642/1642
f 1627/1627 1631/1631 1642/1642
f 1629/1629 1628/1628 1632/1632
f 1613/1613 1628/1628 1629/1629
f 1614/1614 1613/1613 1629/1629
f 1614/1614 1629/1629 1630/1630
f 1633/1633 1616/1616 1614/1614
f 1967/1967 1966/1966 1968/1968
f 1490/1490 1459/1459 1559/1559
f 1459/1459 1466/1466 1460/1460
f 1466/1466 1468/1468 1460/1460
f 1466/1466 1459/1459 1490/1490
f 1468/1468 1452/1452 1460/1460
f 1468/1468 1467/1467 1452/1452
f 1476/1476 1469/1469 1467/1467
f 1476/1476 1473/1473 1469/1469
f 1488/1488 1487/1487 1473/1473
f 1487/1487 1483/1483 1473/1473
f 1473/1473 1483/1483 1472/1472
f 794/794 811/811 708/708
f 1501/1501 1492/1492 1493/1493
f 1492/1492 1502/1502 1498/1498
f 1506/1506 1505/1505 1498/1498
f 1506/1506 1507/1507 1505/1505
f 1525/1525 1560/1560 1580/1580
f 1580/1580 1589/1589 1660/1660
f 1560/1560 1588/1588 1580/1580
f 1588/1588 1589/1589 1580/1580
f 1827/1827 1826/1826 1828/1828
f 1827/1827 1828/1828 1829/1829
f 1727/1727 1723/1723 1720/1720
f 1656/1656 1680/1680 1670/1670
f 1670/1670 1680/1680 1682/1682
f 1652/1652 1655/1655 1656/1656
f 1651/1651 1650/1650 1652/1652
f 1650/1650 1649/1649 1652/1652
f 1649/1649 1655/1655 1652/1652
f 1637/1637 1651/1651 1653/1653
f 1641/1641 1625/1625 1653/1653
f 1625/1625 1637/1637 1653/1653
f 1626/1626 1625/1625 1641/1641
f 1631/1631 1626/1626 1641/1641
f 1627/1627 1620/1620 1631/1631
f 1620/1620 1626/1626 1631/1631
f 1628/1628 1612/1612 1627/1627
f 1612/1612 1620/1620 1627/1627
f 1612/1612 1628/1628 1613/1613
f 1608/1608 1613/1613 1614/1614
f 1613/1613 1609/1609 1612/1612
f 1608/1608 1605/1605 1613/1613
f 1605/1605 1609/1609 1613/1613
f 1485/1485 1608/1608 1616/1616
f 1616/1616 1608/1608 1614/1614
f 1617/1617 1485/1485 1616/1616
f 1484/1484 1485/1485 1617/1617
f 1559/1559 1458/1458 1484/1484
f 1458/1458 1459/1459 1456/1456
f 1559/1559 1459/1459 1458/1458
f 1459/1459 1455/1455 1456/1456
f 1459/1459 1460/1460 1455/1455
f 1455/1455 1460/1460 1452/1452
f 1467/1467 1454/1454 1452/1452
f 1467/1467 1469/1469 1454/1454
f 1454/1454 1469/1469 1448/1448
f 1469/1469 1470/1470 1448/1448
f 1469/1469 1471/1471 1470/1470
f 1469/1469 1473/1473 1471/1471
f 1473/1473 1472/1472 1471/1471
f 1483/1483 1464/1464 1472/1472
f 706/706 794/794 708/708
f 1493/1493 1492/1492 1474/1474
f 1505/1505 1507/1507 1516/1516
f 1507/1507 1525/1525 1516/1516
f 2670/2670 2669/2669 2668/2668
f 1525/1525 1580/1580 1582/1582
f 1727/1727 1728/1728 1723/1723
f 1655/1655 1664/1664 1656/1656
f 1664/1664 1680/1680 1656/1656
f 1728/1728 1729/1729 1723/1723
f 1626/1626 1618/1618 1625/1625
f 1620/1620 1615/1615 1626/1626
f 1615/1615 1618/1618 1626/1626
f 1612/1612 1611/1611 1620/1620
f 1611/1611 1615/1615 1620/1620
f 1611/1611 1610/1610 1615/1615
f 1612/1612 1609/1609 1611/1611
f 1609/1609 1610/1610 1611/1611
f 1605/1605 1604/1604 1609/1609
f 1485/1485 1457/1457 1608/1608
f 1608/1608 1457/1457 1605/1605
f 1457/1457 1437/1437 1605/1605
f 1605/1605 1437/1437 1604/1604
f 614/614 622/622 618/618
f 1484/1484 1457/1457 1485/1485
f 1458/1458 1457/1457 1484/1484
f 1457/1457 1440/1440 1437/1437
f 618/618 622/622 627/627
f 1458/1458 1456/1456 1457/1457
f 1456/1456 1440/1440 1457/1457
f 1455/1455 1440/1440 1456/1456
f 1452/1452 1446/1446 1440/1440
f 1455/1455 1452/1452 1440/1440
f 1452/1452 1454/1454 1446/1446
f 1454/1454 1448/1448 1446/1446
f 1448/1448 1447/1447 1446/1446
f 1448/1448 1470/1470 1447/1447
f 1471/1471 1461/1461 1470/1470
f 1471/1471 1472/1472 1461/1461
f 1472/1472 1464/1464 1461/1461
f 1493/1493 1474/1474 1464/1464
f 1474/1474 1492/1492 1475/1475
f 1492/1492 1498/1498 1491/1491
f 1498/1498 1497/1497 1491/1491
f 1498/1498 1505/1505 1497/1497
f 1505/1505 1515/1515 1497/1497
f 1505/1505 1516/1516 1515/1515
f 1525/1525 1582/1582 1516/1516
f 1580/1580 1585/1585 1582/1582
f 1585/1585 1580/1580 1660/1660
f 1825/1825 1826/1826 1827/1827
f 1825/1825 1822/1822 1826/1826
f 1792/1792 1728/1728 1727/1727
f 1648/1648 1664/1664 1655/1655
f 1728/1728 1730/1730 1729/1729
f 1649/1649 1648/1648 1655/1655
f 1636/1636 1649/1649 1650/1650
f 1637/1637 1636/1636 1651/1651
f 1623/1623 1637/1637 1625/1625
f 1623/1623 1636/1636 1637/1637
f 721/721 716/716 603/603
f 1618/1618 1623/1623 1625/1625
f 600/600 589/589 586/586
f 1615/1615 1610/1610 1618/1618
f 1610/1610 1607/1607 1618/1618
f 1609/1609 1603/1603 1610/1610
f 1604/1604 1603/1603 1609/1609
f 1604/1604 1439/1439 1603/1603
f 623/623 625/625 626/626
f 1437/1437 1439/1439 1604/1604
f 1437/1437 1438/1438 1439/1439
f 1440/1440 1438/1438 1437/1437
f 1440/1440 1446/1446 1438/1438
f 1446/1446 1441/1441 1438/1438
f 1446/1446 1447/1447 1441/1441
f 1447/1447 1449/1449 1441/1441
f 643/643 658/658 666/666
f 1463/1463 1449/1449 1447/1447
f 1463/1463 1461/1461 1449/1449
f 1470/1470 1461/1461 1463/1463
f 674/674 694/694 691/691
f 1474/1474 1465/1465 1462/1462
f 1464/1464 1462/1462 1461/1461
f 695/695 702/702 706/706
f 1464/1464 1474/1474 1462/1462
f 1474/1474 1475/1475 1465/1465
f 1492/1492 1491/1491 1475/1475
f 1497/1497 1515/1515 1558/1558
f 2671/2671 2669/2669 2670/2670
f 1516/1516 1582/1582 1583/1583
f 1584/1584 1585/1585 1660/1660
f 1582/1582 1585/1585 1584/1584
f 1664/1664 1681/1681 1680/1680
f 1824/1824 1822/1822 1825/1825
f 1730/1730 1735/1735 1729/1729
f 1636/1636 1648/1648 1649/1649
f 1623/1623 1624/1624 1636/1636
f 1618/1618 1622/1622 1623/1623
f 1622/1622 1624/1624 1623/1623
f 1606/1606 1622/1622 1618/1618
f 1607/1607 1606/1606 1618/1618
f 1610/1610 1603/1603 1607/1607
f 1603/1603 1601/1601 1607/1607
f 1603/1603 1442/1442 1601/1601
f 1439/1439 1442/1442 1603/1603
f 1439/1439 1441/1441 1442/1442
f 1438/1438 1441/1441 1439/1439
f 1441/1441 1443/1443 1442/1442
f 1441/1441 1449/1449 1443/1443
f 1449/1449 1450/1450 1443/1443
f 1449/1449 1453/1453 1451/1451
f 1461/1461 1453/1453 1449/1449
f 674/674 685/685 696/696
f 1462/1462 1453/1453 1461/1461
f 1462/1462 1465/1465 1453/1453
f 686/686 702/702 696/696
f 696/696 702/702 695/695
f 1475/1475 1480/1480 1465/1465
f 1475/1475 1491/1491 1480/1480
f 1491/1491 1497/1497 1480/1480
f 704/704 713/713 702/702
f 2673/2673 2671/2671 2672/2672
f 1582/1582 1584/1584 1583/1583
f 1792/1792 1730/1730 1728/1728
f 1636/1636 1647/1647 1648/1648
f 1730/1730 1736/1736 1735/1735
f 1624/1624 1646/1646 1636/1636
f 1646/1646 1647/1647 1636/1636
f 716/716 654/654 602/602
f 1622/1622 1606/1606 1624/1624
f 1601/1601 1606/1606 1607/1607
f 1601/1601 1602/1602 1606/1606
f 1444/1444 1602/1602 1601/1601
f 1442/1442 1444/1444 1601/1601
f 1443/1443 1444/1444 1442/1442
f 1450/1450 1445/1445 1443/1443
f 1443/1443 1445/1445 1444/1444
f 1450/1450 1451/1451 1445/1445
f 1449/1449 1451/1451 1450/1450
f 1453/1453 1481/1481 1451/1451
f 1453/1453 1499/1499 1481/1481
f 1465/1465 1499/1499 1453/1453
f 685/685 686/686 696/696
f 1465/1465 1480/1480 1499/1499
f 687/687 703/703 704/704
f 1480/1480 1497/1497 1545/1545
f 1497/1497 1570/1570 1545/1545
f 2674/2674 2671/2671 2673/2673
f 1558/1558 1515/1515 1581/1581
f 1558/1558 1581/1581 1570/1570
f 1583/1583 1584/1584 1587/1587
f 2677/2677 2683/2683 2671/2671
f 2671/2671 2683/2683 2669/2669
f 1824/1824 1814/1814 1822/1822
f 1647/1647 1681/1681 1648/1648
f 1792/1792 1789/1789 1730/1730
f 1814/1814 1810/1810 1822/1822
f 1647/1647 1715/1715 1681/1681
f 1718/1718 1715/1715 1647/1647
f 1730/1730 1780/1780 1736/1736
f 1646/1646 1718/1718 1647/1647
f 1624/1624 1635/1635 1646/1646
f 1619/1619 1635/1635 1624/1624
f 1606/1606 1619/1619 1624/1624
f 654/654 637/637 647/647
f 1602/1602 1482/1482 1606/1606
f 1482/1482 1619/1619 1606/1606
f 637/637 606/606 647/647
f 1444/1444 1482/1482 1602/1602
f 1444/1444 1445/1445 1482/1482
f 1445/1445 1600/1600 1482/1482
f 1445/1445 1579/1579 1600/1600
f 1481/1481 1579/1579 1445/1445
f 1481/1481 1577/1577 1579/1579
f 1499/1499 1577/1577 1481/1481
f 677/677 703/703 687/687
f 2674/2674 2677/2677 2671/2671
f 1583/1583 1587/1587 1586/1586
f 1715/1715 1716/1716 1681/1681
f 1803/1803 1814/1814 1824/1824
f 3212/3212 3217/3217 3216/3216
f 1730/1730 1789/1789 1780/1780
f 1780/1780 1782/1782 1781/1781
f 3382/3382 3368/3368 3381/3381
f 1782/1782 1783/1783 1781/1781
f 1781/1781 1783/1783 1791/1791
f 3382/3382 3369/3369 3368/3368
f 3370/3370 3369/3369 3382/3382
f 1482/1482 1621/1621 1619/1619
f 1600/1600 1621/1621 1482/1482
f 801/801 800/800 636/636
f 636/636 800/800 639/639
f 800/800 642/642 639/639
f 2681/2681 2679/2679 2680/2680
f 1546/1546 1547/1547 1499/1499
f 2679/2679 2674/2674 2680/2680
f 2678/2678 2677/2677 2674/2674
f 1813/1813 1812/1812 1805/1805
f 1805/1805 1812/1812 1809/1809
f 1812/1812 1817/1817 1809/1809
f 3385/3385 3389/3389 3386/3386
f 3215/3215 3212/3212 3216/3216
f 1803/1803 1810/1810 1814/1814
f 1801/1801 1810/1810 1803/1803
f 3378/3378 3385/3385 3386/3386
f 1802/1802 1803/1803 1815/1815
f 1802/1802 1801/1801 1803/1803
f 1789/1789 1782/1782 1780/1780
f 1801/1801 1821/1821 1810/1810
f 3378/3378 3386/3386 3383/3383
f 3381/3381 3378/3378 3383/3383
f 1799/1799 1801/1801 1802/1802
f 1797/1797 1801/1801 1799/1799
f 1798/1798 1797/1797 1799/1799
f 1796/1796 1797/1797 1798/1798
f 1796/1796 1795/1795 1797/1797
f 1794/1794 1795/1795 1796/1796
f 1600/1600 1579/1579 1663/1663
f 1794/1794 1800/1800 1795/1795
f 1800/1800 1804/1804 1795/1795
f 1816/1816 1800/1800 1794/1794
f 1816/1816 1805/1805 1800/1800
f 1805/1805 1804/1804 1800/1800
f 1804/1804 1809/1809 1811/1811
f 1805/1805 1809/1809 1804/1804
f 1820/1820 1813/1813 1805/1805
f 3234/3234 3235/3235 3232/3232
f 3215/3215 3210/3210 3212/3212
f 3377/3377 3385/3385 3378/3378
f 3368/3368 3378/3378 3381/3381
f 3654/3654 3614/3614 3670/3670
f 3613/3613 3670/3670 3614/3614
f 1821/1821 1801/1801 1818/1818
f 3613/3613 3671/3671 3670/3670
f 1801/1801 1807/1807 1818/1818
f 1806/1806 1807/1807 1801/1801
f 3619/3619 3671/3671 3613/3613
f 3619/3619 3672/3672 3671/3671
f 1807/1807 1823/1823 1818/1818
f 3619/3619 3661/3661 3672/3672
f 1808/1808 1807/1807 1806/1806
f 1823/1823 1807/1807 1819/1819
f 1807/1807 1808/1808 1819/1819
f 1819/1819 1808/1808 1811/1811
f 3615/3615 3645/3645 3661/3661
f 3645/3645 3650/3650 3674/3674
f 3210/3210 3211/3211 3212/3212
f 3635/3635 3654/3654 3655/3655
f 3366/3366 3377/3377 3378/3378
f 3635/3635 3633/3633 3654/3654
f 3366/3366 3378/3378 3368/3368
f 3654/3654 3633/3633 3614/3614
f 3619/3619 3608/3608 3661/3661
f 3373/3373 3361/3361 3372/3372
f 3608/3608 3615/3615 3661/3661
f 3424/3424 3418/3418 3373/3373
f 3628/3628 3645/3645 3615/3615
f 3628/3628 3646/3646 3645/3645
f 3646/3646 3650/3650 3645/3645
f 3213/3213 3210/3210 3215/3215
f 3634/3634 3633/3633 3635/3635
f 3348/3348 3362/3362 3368/3368
f 3614/3614 3612/3612 3613/3613
f 3609/3609 3628/3628 3615/3615
f 3646/3646 3649/3649 3650/3650
f 3230/3230 3231/3231 3232/3232
f 3213/3213 3208/3208 3210/3210
f 3611/3611 3618/3618 3613/3613
f 3618/3618 3619/3619 3613/3613
f 3605/3605 3619/3619 3618/3618
f 3605/3605 3606/3606 3619/3619
f 3619/3619 3606/3606 3608/3608
f 3607/3607 3615/3615 3608/3608
f 3214/3214 3208/3208 3213/3213
f 3210/3210 3209/3209 3211/3211
f 3612/3612 3611/3611 3613/3613
f 3606/3606 3607/3607 3608/3608
f 3607/3607 3609/3609 3615/3615
f 3628/3628 3647/3647 3646/3646
f 3647/3647 3649/3649 3646/3646
f 3208/3208 3209/3209 3210/3210
f 3634/3634 3624/3624 3633/3633
f 3611/3611 3622/3622 3618/3618
f 3603/3603 3616/3616 3609/3609
f 3616/3616 3628/3628 3609/3609
f 3208/3208 3207/3207 3209/3209
f 3365/3365 3384/3384 3376/3376
f 3624/3624 3612/3612 3614/3614
f 3607/3607 3603/3603 3609/3609
f 3628/3628 3617/3617 3647/3647
f 3617/3617 3648/3648 3647/3647
f 3647/3647 3648/3648 3649/3649
f 3228/3228 3227/3227 3230/3230
f 3205/3205 3207/3207 3208/3208
f 3636/3636 3624/3624 3634/3634
f 3624/3624 3610/3610 3612/3612
f 3362/3362 3335/3335 3353/3353
f 3612/3612 3610/3610 3611/3611
f 3622/3622 3605/3605 3618/3618
f 3602/3602 3606/3606 3605/3605
f 3602/3602 3607/3607 3606/3606
f 3616/3616 3617/3617 3628/3628
f 3205/3205 3208/3208 3214/3214
f 3365/3365 3387/3387 3384/3384
f 3622/3622 3604/3604 3605/3605
f 3602/3602 3603/3603 3607/3607
f 3611/3611 3604/3604 3622/3622
f 3604/3604 3602/3602 3605/3605
f 3602/3602 3601/3601 3603/3603
f 3604/3604 3611/3611 3610/3610
f 3374/3374 3387/3387 3365/3365
f 3205/3205 3204/3204 3207/3207
f 3636/3636 3597/3597 3624/3624
f 3624/3624 3597/3597 3610/3610
f 3337/3337 3324/3324 3335/3335
f 3604/3604 3600/3600 3602/3602
f 3603/3603 3601/3601 3616/3616
f 3592/3592 3643/3643 3617/3617
f 3592/3592 3617/3617 3616/3616
f 3643/3643 3648/3648 3617/3617
f 3374/3374 3388/3388 3387/3387
f 3578/3578 3610/3610 3597/3597
f 3578/3578 3604/3604 3610/3610
f 3600/3600 3601/3601 3602/3602
f 3601/3601 3592/3592 3616/3616
f 3203/3203 3204/3204 3205/3205
f 3204/3204 3206/3206 3207/3207
f 3653/3653 3597/3597 3636/3636
f 3578/3578 3576/3576 3604/3604
f 3572/3572 3600/3600 3604/3604
f 3653/3653 3575/3575 3597/3597
f 3575/3575 3578/3578 3597/3597
f 3604/3604 3576/3576 3572/3572
f 3600/3600 3573/3573 3601/3601
f 3573/3573 3592/3592 3601/3601
f 3572/3572 3570/3570 3600/3600
f 3375/3375 3388/3388 3374/3374
f 3574/3574 3578/3578 3575/3575
f 3577/3577 3576/3576 3578/3578
f 3570/3570 3573/3573 3600/3600
f 3592/3592 3644/3644 3643/3643
f 3203/3203 3206/3206 3204/3204
f 3574/3574 3577/3577 3578/3578
f 3587/3587 3592/3592 3573/3573
f 3375/3375 3390/3390 3388/3388
f 3577/3577 3566/3566 3576/3576
f 3566/3566 3572/3572 3576/3576
f 3566/3566 3570/3570 3572/3572
f 3570/3570 3571/3571 3573/3573
f 3683/3683 3653/3653 3684/3684
f 3566/3566 3569/3569 3570/3570
f 3569/3569 3571/3571 3570/3570
f 3587/3587 3588/3588 3592/3592
f 3588/3588 3644/3644 3592/3592
f 3375/3375 3380/3380 3390/3390
f 3574/3574 3589/3589 3577/3577
f 3569/3569 3568/3568 3571/3571
f 3588/3588 3659/3659 3644/3644
f 3571/3571 3587/3587 3573/3573
f 3589/3589 3566/3566 3577/3577
f 3568/3568 3581/3581 3587/3587
f 3568/3568 3587/3587 3571/3571
f 3583/3583 3659/3659 3588/3588
f 3587/3587 3583/3583 3588/3588
f 3560/3560 3574/3574 3575/3575
f 3565/3565 3589/3589 3574/3574
f 3565/3565 3566/3566 3589/3589
f 3754/3754 3755/3755 3756/3756
f 3680/3680 3653/3653 3683/3683
f 3653/3653 3639/3639 3575/3575
f 3639/3639 3560/3560 3575/3575
f 3565/3565 3553/3553 3566/3566
f 3569/3569 3580/3580 3568/3568
f 3379/3379 3391/3391 3380/3380
f 3680/3680 3639/3639 3653/3653
f 3574/3574 3560/3560 3565/3565
f 3553/3553 3567/3567 3566/3566
f 3566/3566 3567/3567 3569/3569
f 3567/3567 3580/3580 3569/3569
f 3567/3567 3568/3568 3580/3580
f 3581/3581 3583/3583 3587/3587
f 3358/3358 3380/3380 3359/3359
f 3557/3557 3565/3565 3560/3560
f 3567/3567 3564/3564 3568/3568
f 3564/3564 3581/3581 3568/3568
f 3583/3583 3662/3662 3659/3659
f 3557/3557 3553/3553 3565/3565
f 3553/3553 3551/3551 3567/3567
f 3551/3551 3564/3564 3567/3567
f 3564/3564 3550/3550 3581/3581
f 3550/3550 3582/3582 3581/3581
f 3582/3582 3583/3583 3581/3581
f 3585/3585 3662/3662 3583/3583
f 3559/3559 3557/3557 3560/3560
f 3582/3582 3585/3585 3583/3583
f 3639/3639 3559/3559 3560/3560
f 3552/3552 3551/3551 3553/3553
f 3550/3550 3548/3548 3582/3582
f 3379/3379 3266/3266 3391/3391
f 3679/3679 3678/3678 3680/3680
f 3680/3680 3678/3678 3639/3639
f 3354/3354 3266/3266 3379/3379
f 3549/3549 3550/3550 3564/3564
f 3678/3678 3559/3559 3639/3639
f 3559/3559 3558/3558 3557/3557
f 3558/3558 3552/3552 3557/3557
f 3557/3557 3552/3552 3553/3553
f 3551/3551 3549/3549 3564/3564
f 3549/3549 3548/3548 3550/3550
f 3585/3585 3663/3663 3662/3662
f 3677/3677 3678/3678 3679/3679
f 3552/3552 3544/3544 3551/3551
f 3544/3544 3549/3549 3551/3551
f 3582/3582 3586/3586 3585/3585
f 3354/3354 3264/3264 3266/3266
f 3321/3321 3344/3344 3354/3354
f 3548/3548 3584/3584 3582/3582
f 3586/3586 3663/3663 3585/3585
f 3264/3264 3265/3265 3266/3266
f 3559/3559 3561/3561 3558/3558
f 3561/3561 3552/3552 3558/3558
f 3544/3544 3546/3546 3549/3549
f 3546/3546 3548/3548 3549/3549
f 3584/3584 3586/3586 3582/3582
f 3678/3678 3681/3681 3559/3559
f 3681/3681 3561/3561 3559/3559
f 3677/3677 3681/3681 3678/3678
f 3563/3563 3562/3562 3561/3561
f 3561/3561 3562/3562 3552/3552
f 3539/3539 3544/3544 3552/3552
f 3546/3546 3547/3547 3548/3548
f 3547/3547 3584/3584 3548/3548
f 3562/3562 3539/3539 3552/3552
f 3596/3596 3561/3561 3681/3681
f 3596/3596 3563/3563 3561/3561
f 3537/3537 3544/3544 3539/3539
f 3528/3528 3546/3546 3544/3544
f 3677/3677 3682/3682 3681/3681
f 3682/3682 3596/3596 3681/3681
f 3537/3537 3528/3528 3544/3544
f 3528/3528 3545/3545 3546/3546
f 3546/3546 3545/3545 3547/3547
f 3586/3586 3660/3660 3663/3663
f 3538/3538 3537/3537 3539/3539
f 3547/3547 3554/3554 3584/3584
f 3501/3501 3562/3562 3563/3563
f 3501/3501 3539/3539 3562/3562
f 3554/3554 3586/3586 3584/3584
f 3264/3264 3263/3263 3265/3265
f 3685/3685 3682/3682 3677/3677
f 3682/3682 3593/3593 3596/3596
f 3262/3262 3263/3263 3264/3264
f 3501/3501 3538/3538 3539/3539
f 3554/3554 3660/3660 3586/3586
f 3500/3500 3538/3538 3501/3501
f 3536/3536 3537/3537 3538/3538
f 3547/3547 3534/3534 3554/3554
f 3593/3593 3501/3501 3596/3596
f 3528/3528 3534/3534 3545/3545
f 3534/3534 3547/3547 3545/3545
f 3685/3685 3593/3593 3682/3682
f 3500/3500 3536/3536 3538/3538
f 3536/3536 3528/3528 3537/3537
f 3637/3637 3675/3675 3660/3660
f 3686/3686 3593/3593 3685/3685
f 3593/3593 3498/3498 3501/3501
f 3501/3501 3498/3498 3500/3500
f 3528/3528 3540/3540 3534/3534
f 3637/3637 3676/3676 3675/3675
f 3499/3499 3536/3536 3500/3500
f 3542/3542 3554/3554 3534/3534
f 3542/3542 3637/3637 3554/3554
f 3668/3668 3676/3676 3637/3637
f 3686/3686 3594/3594 3593/3593
f 3594/3594 3498/3498 3593/3593
f 3498/3498 3499/3499 3500/3500
f 3536/3536 3527/3527 3528/3528
f 3540/3540 3532/3532 3534/3534
f 3527/3527 3526/3526 3528/3528
f 3528/3528 3526/3526 3540/3540
f 3532/3532 3540/3540 3526/3526
f 3533/3533 3542/3542 3534/3534
f 3542/3542 3668/3668 3637/3637
f 3503/3503 3536/3536 3499/3499
f 3532/3532 3533/3533 3534/3534
f 3542/3542 3669/3669 3668/3668
f 3686/3686 3626/3626 3594/3594
f 3498/3498 3503/3503 3499/3499
f 3503/3503 3508/3508 3536/3536
f 3508/3508 3527/3527 3536/3536
f 3533/3533 3543/3543 3542/3542
f 3436/3436 3437/3437 3438/3438
f 3687/3687 3626/3626 3686/3686
f 3543/3543 3664/3664 3542/3542
f 3664/3664 3669/3669 3542/3542
f 3525/3525 3532/3532 3526/3526
f 3626/3626 3502/3502 3594/3594
f 3502/3502 3498/3498 3594/3594
f 3502/3502 3503/3503 3498/3498
f 3525/3525 3526/3526 3508/3508
f 3525/3525 3529/3529 3532/3532
f 3532/3532 3529/3529 3533/3533
f 3529/3529 3530/3530 3533/3533
f 3530/3530 3543/3543 3533/3533
f 3503/3503 3504/3504 3508/3508
f 3530/3530 3621/3621 3543/3543
f 3621/3621 3665/3665 3543/3543
f 3543/3543 3665/3665 3664/3664
f 3255/3255 3258/3258 3259/3259
f 3506/3506 3525/3525 3508/3508
f 3439/3439 3437/3437 3436/3436
f 3688/3688 3626/3626 3687/3687
f 3502/3502 3504/3504 3503/3503
f 3504/3504 3506/3506 3508/3508
f 3626/3626 3510/3510 3502/3502
f 3505/3505 3504/3504 3502/3502
f 3530/3530 3620/3620 3621/3621
f 3688/3688 3640/3640 3626/3626
f 3640/3640 3510/3510 3626/3626
f 3510/3510 3505/3505 3502/3502
f 3506/3506 3524/3524 3525/3525
f 3524/3524 3529/3529 3525/3525
f 2627/2627 2626/2626 2628/2628
f 3689/3689 3640/3640 3688/3688
f 3505/3505 3506/3506 3504/3504
f 3524/3524 3530/3530 3529/3529
f 3666/3666 3665/3665 3621/3621
f 3535/3535 3620/3620 3530/3530
f 2625/2625 2626/2626 2627/2627
f 3255/3255 3254/3254 3256/3256
f 3620/3620 3667/3667 3666/3666
f 3253/3253 3254/3254 3255/3255
f 3689/3689 3641/3641 3640/3640
f 3641/3641 3510/3510 3640/3640
f 3511/3511 3524/3524 3506/3506
f 3535/3535 3652/3652 3620/3620
f 2625/2625 2623/2623 2626/2626
f 3690/3690 3641/3641 3689/3689
f 3641/3641 3509/3509 3510/3510
f 3509/3509 3505/3505 3510/3510
f 3507/3507 3506/3506 3505/3505
f 3523/3523 3530/3530 3524/3524
f 3523/3523 3531/3531 3530/3530
f 3652/3652 3496/3496 3667/3667
f 3253/3253 3252/3252 3254/3254
f 3507/3507 3511/3511 3506/3506
f 3531/3531 3535/3535 3530/3530
f 3690/3690 3642/3642 3641/3641
f 3642/3642 3509/3509 3641/3641
f 3511/3511 3523/3523 3524/3524
f 3509/3509 3507/3507 3505/3505
f 2624/2624 2623/2623 2625/2625
f 3251/3251 3252/3252 3253/3253
f 3512/3512 3511/3511 3507/3507
f 3535/3535 3556/3556 3652/3652
f 3515/3515 3507/3507 3509/3509
f 3522/3522 3535/3535 3531/3531
f 3251/3251 3250/3250 3252/3252
f 3642/3642 3627/3627 3509/3509
f 3627/3627 3515/3515 3509/3509
f 2620/2620 2623/2623 2624/2624
f 3248/3248 3250/3250 3251/3251
f 3522/3522 3556/3556 3535/3535
f 3495/3495 3496/3496 3652/3652
f 2620/2620 2622/2622 2623/2623
f 3691/3691 3627/3627 3690/3690
f 3690/3690 3627/3627 3642/3642
f 3599/3599 3515/3515 3627/3627
f 3515/3515 3512/3512 3507/3507
f 3513/3513 3523/3523 3511/3511
f 3556/3556 3495/3495 3652/3652
f 3512/3512 3513/3513 3511/3511
f 3523/3523 3522/3522 3531/3531
f 3515/3515 3514/3514 3512/3512
f 3513/3513 3519/3519 3523/3523
f 3519/3519 3522/3522 3523/3523
f 3522/3522 3555/3555 3556/3556
f 3514/3514 3513/3513 3512/3512
f 3691/3691 3630/3630 3627/3627
f 3599/3599 3514/3514 3515/3515
f 3555/3555 3625/3625 3556/3556
f 3556/3556 3625/3625 3495/3495
f 3692/3692 3630/3630 3691/3691
f 3630/3630 3599/3599 3627/3627
f 3514/3514 3516/3516 3513/3513
f 3516/3516 3519/3519 3513/3513
f 3521/3521 3555/3555 3522/3522
f 3630/3630 3598/3598 3599/3599
f 3519/3519 3521/3521 3522/3522
f 3246/3246 3250/3250 3249/3249
f 2629/2629 2621/2621 2620/2620
f 2620/2620 2621/2621 2622/2622
f 3599/3599 3598/3598 3514/3514
f 3598/3598 3517/3517 3514/3514
f 3514/3514 3517/3517 3516/3516
f 3518/3518 3519/3519 3516/3516
f 3519/3519 3520/3520 3521/3521
f 3520/3520 3555/3555 3521/3521
f 3595/3595 3625/3625 3555/3555
f 3517/3517 3518/3518 3516/3516
f 3520/3520 3595/3595 3555/3555
f 2630/2630 2621/2621 2629/2629
f 3518/3518 3520/3520 3519/3519
f 3692/3692 3629/3629 3630/3630
f 3541/3541 3520/3520 3518/3518
f 3595/3595 3490/3490 3625/3625
f 2630/2630 2631/2631 2621/2621
f 3693/3693 3629/3629 3692/3692
f 3630/3630 3629/3629 3598/3598
f 3598/3598 3590/3590 3517/3517
f 3590/3590 3518/3518 3517/3517
f 3629/3629 3590/3590 3598/3598
f 3541/3541 3579/3579 3520/3520
f 3492/3492 3490/3490 3595/3595
f 3638/3638 3590/3590 3629/3629
f 3579/3579 3595/3595 3520/3520
f 3693/3693 3694/3694 3629/3629
f 3694/3694 3638/3638 3629/3629
f 3590/3590 3591/3591 3518/3518
f 3591/3591 3541/3541 3518/3518
f 3579/3579 3492/3492 3595/3595
f 3490/3490 3487/3487 3489/3489
f 2630/2630 2632/2632 2631/2631
f 3698/3698 3697/3697 3699/3699
f 3590/3590 3632/3632 3591/3591
f 3591/3591 3579/3579 3541/3541
f 3638/3638 3632/3632 3590/3590
f 3591/3591 3623/3623 3579/3579
f 3631/3631 3492/3492 3579/3579
f 3492/3492 3488/3488 3487/3487
f 3651/3651 3488/3488 3492/3492
f 3694/3694 3632/3632 3638/3638
f 3631/3631 3651/3651 3492/3492
f 3696/3696 3697/3697 3698/3698
f 3632/3632 3623/3623 3591/3591
f 3623/3623 3631/3631 3579/3579
f 3694/3694 3657/3657 3632/3632
f 3695/3695 3657/3657 3694/3694
f 3651/3651 3673/3673 3488/3488
f 3238/3238 3239/3239 3240/3240
f 3657/3657 3656/3656 3623/3623
f 3657/3657 3623/3623 3632/3632
f 3623/3623 3656/3656 3631/3631
f 3656/3656 3658/3658 3631/3631
f 3631/3631 3658/3658 3651/3651
f 3422/3422 3367/3367 3334/3334
f 3658/3658 3673/3673 3651/3651
f 3219/3219 3225/3225 3223/3223
f 3763/3763 3764/3764 3765/3765
f 3221/3221 3220/3220 3222/3222
f 3218/3218 3220/3220 3221/3221
f 3220/3220 3224/3224 3222/3222
f 3220/3220 3223/3223 3224/3224
f 3218/3218 3219/3219 3220/3220
f 3219/3219 3223/3223 3220/3220

